group,term,count,document_frequency,title_share_pct,per_1000_tokens
ALL,индия,190,184,13.29,23.46
ALL,текст,113,111,8.01,13.95
ALL,буддизм,97,96,6.93,11.98
ALL,традиция,81,81,5.85,10.0
ALL,санскрит,68,67,4.84,8.4
ALL,язык,65,63,4.55,8.02
ALL,философия,57,54,3.9,7.04
ALL,история,51,51,3.68,6.3
ALL,литература,50,49,3.54,6.17
ALL,образ,50,50,3.61,6.17
ALL,поэзия,46,46,3.32,5.68
ALL,тибет,42,41,2.96,5.19
ALL,тамильский,36,36,2.6,4.44
ALL,перевод,32,32,2.31,3.95
ALL,древнеиндийский,32,32,2.31,3.95
ALL,ведийский,31,31,2.24,3.83
ALL,средневековый,30,30,2.17,3.7
ALL,источник,30,30,2.17,3.7
ALL,современный,30,29,2.09,3.7
ALL,контекст,29,29,2.09,3.58
ALL,древний,29,29,2.09,3.58
ALL,ритуал,29,29,2.09,3.58
ALL,юрий_рерих,28,28,2.02,3.46
ALL,будда,28,27,1.95,3.46
ALL,сюжет,27,27,1.95,3.33
ALL,культура,27,27,1.95,3.33
ALL,новый,26,26,1.88,3.21
ALL,религия,25,25,1.81,3.09
ALL,концепция,24,24,1.73,2.96
ALL,бенгальский,24,24,1.73,2.96
ALL,миф,23,23,1.66,2.84
ALL,ранний,23,23,1.66,2.84
ALL,пали,22,22,1.59,2.72
ALL,традиционный,22,22,1.59,2.72
ALL,коллекция,22,22,1.59,2.72
ALL,рамаяна,22,19,1.37,2.72
ALL,учение,21,21,1.52,2.59
ALL,термин,20,20,1.44,2.47
ALL,слово,20,20,1.44,2.47
ALL,канон,20,20,1.44,2.47
ALL,представление,19,19,1.37,2.35
ALL,ритуальный,19,19,1.37,2.35
ALL,тантра,19,18,1.3,2.35
ALL,век,18,18,1.3,2.22
ALL,драма,18,16,1.16,2.22
ALL,пураны,18,18,1.3,2.22
ALL,исток,18,18,1.3,2.22
ALL,культ,18,18,1.3,2.22
ALL,собрание,18,18,1.3,2.22
ALL,трактат,17,17,1.23,2.1
ALL,практика,17,17,1.23,2.1
ALL,ивр_ран,17,17,1.23,2.1
ALL,хинди,16,16,1.16,1.98
ALL,махабхарат,16,16,1.16,1.98
ALL,ригведа,16,16,1.16,1.98
ALL,понятие,16,16,1.16,1.98
ALL,китайский,16,16,1.16,1.98
ALL,этимология,16,16,1.16,1.98
ALL,два,16,16,1.16,1.98
ALL,индуистский,15,15,1.08,1.85
ALL,центральный,15,15,1.08,1.85
ALL,поэма,15,15,1.08,1.85
ALL,культурный,15,15,1.08,1.85
ALL,бог,15,13,0.94,1.85
ALL,семантика,15,15,1.08,1.85
ALL,классический,15,15,1.08,1.85
ALL,первый,15,15,1.08,1.85
ALL,теория,14,14,1.01,1.73
ALL,индуизм,14,14,1.01,1.73
ALL,минаев,14,14,1.01,1.73
ALL,мотив,14,14,1.01,1.73
ALL,абхинавагупта,14,14,1.01,1.73
ALL,мир,14,14,1.01,1.73
ALL,бхакти,14,14,1.01,1.73
ALL,васубандх,13,13,0.94,1.6
ALL,классификация,13,13,0.94,1.6
ALL,начало,13,13,0.94,1.6
ALL,книга,13,13,0.94,1.6
ALL,азия,13,13,0.94,1.6
ALL,непал,13,13,0.94,1.6
ALL,комментарий,13,12,0.87,1.6
ALL,роман,13,13,0.94,1.6
ALL,рерих,13,13,0.94,1.6
ALL,параллель,13,13,0.94,1.6
ALL,храм,13,13,0.94,1.6
ALL,изображение,12,12,0.87,1.48
ALL,школа,12,12,0.87,1.48
ALL,рукопись,12,12,0.87,1.48
ALL,система,12,12,0.87,1.48
ALL,жизнь,12,12,0.87,1.48
ALL,сказание,12,12,0.87,1.48
ALL,эпос,12,12,0.87,1.48
ALL,надпись,12,12,0.87,1.48
ALL,искусство,12,12,0.87,1.48
ALL,театр,12,12,0.87,1.48
ALL,формирование,12,12,0.87,1.48
ALL,русский,12,12,0.87,1.48
ALL,сутра,12,12,0.87,1.48
ALL,обряд,12,12,0.87,1.48
ALL,время,11,11,0.79,1.36
ALL,речь,11,11,0.79,1.36
ALL,поэтический,11,11,0.79,1.36
ALL,открытие,11,11,0.79,1.36
ALL,непальский,11,11,0.79,1.36
ALL,иконография,11,11,0.79,1.36
ALL,тагор,11,11,0.79,1.36
ALL,эпический,11,11,0.79,1.36
ALL,описание,11,11,0.79,1.36
ALL,стиль,11,11,0.79,1.36
ALL,кашмирский,11,11,0.79,1.36
ALL,лалитавистара,11,11,0.79,1.36
ALL,шива,11,11,0.79,1.36
ALL,знание,10,10,0.72,1.23
ALL,терминология,10,10,0.72,1.23
ALL,царь,10,10,0.72,1.23
ALL,священный,10,10,0.72,1.23
ALL,панини,10,10,0.72,1.23
ALL,версия,10,10,0.72,1.23
ALL,восприятие,10,10,0.72,1.23
ALL,западный,10,10,0.72,1.23
ALL,происхождение,10,10,0.72,1.23
ALL,глава,10,10,0.72,1.23
ALL,прием,10,10,0.72,1.23
ALL,понимание,10,10,0.72,1.23
ALL,реконструкция,10,10,0.72,1.23
ALL,неварский,10,10,0.72,1.23
ALL,директор,10,10,0.72,1.23
ALL,сознание,9,9,0.65,1.11
ALL,тантрический,9,9,0.65,1.11
ALL,богиня,9,9,0.65,1.11
ALL,жанр,9,9,0.65,1.11
ALL,лексика,9,9,0.65,1.11
ALL,творчество,9,9,0.65,1.11
ALL,сакральный,9,9,0.65,1.11
ALL,отражение,9,8,0.58,1.11
ALL,европейский,9,9,0.65,1.11
ALL,идея,9,9,0.65,1.11
ALL,бхартрихари,9,9,0.65,1.11
ALL,три,9,9,0.65,1.11
ALL,композиция,9,9,0.65,1.11
ALL,народный,9,9,0.65,1.11
ALL,бенгалия,9,9,0.65,1.11
ALL,развитие,9,9,0.65,1.11
ALL,человек,9,9,0.65,1.11
ALL,южная_индия,9,9,0.65,1.11
ALL,что,9,9,0.65,1.11
ALL,наука,9,9,0.65,1.11
ALL,шиваизм,9,9,0.65,1.11
ALL,веданта,9,9,0.65,1.11
ALL,индоевропейский,9,9,0.65,1.11
ALL,южный,9,9,0.65,1.11
ALL,танец,9,8,0.58,1.11
ALL,игра,9,9,0.65,1.11
ALL,маэ_ран,9,9,0.65,1.11
ALL,форма,9,9,0.65,1.11
ALL,бхагавадгита,8,7,0.51,0.99
ALL,шанкара,8,8,0.58,0.99
ALL,дискурс,8,8,0.58,0.99
ALL,упанишад,8,8,0.58,0.99
ALL,дхарма,8,8,0.58,0.99
ALL,восточный,8,8,0.58,0.99
ALL,символика,8,8,0.58,0.99
ALL,возможный,8,8,0.58,0.99
ALL,гимн,8,8,0.58,0.99
ALL,диалект,8,7,0.51,0.99
ALL,возрождение,8,8,0.58,0.99
ALL,принцип,8,8,0.58,0.99
ALL,натьяшастр,8,8,0.58,0.99
ALL,ланка,8,8,0.58,0.99
ALL,грамматика,8,8,0.58,0.99
ALL,конференция,8,8,0.58,0.99
ALL,пространство,8,8,0.58,0.99
ALL,джатака,8,8,0.58,0.99
ALL,джайнский,8,8,0.58,0.99
ALL,взгляд,8,8,0.58,0.99
ALL,вишну,8,8,0.58,0.99
ALL,фольклор,8,8,0.58,0.99
ALL,предмет,8,8,0.58,0.99
ALL,категория,7,7,0.51,0.86
ALL,реальность,7,7,0.51,0.86
ALL,письмо,7,7,0.51,0.86
ALL,брахман,7,7,0.51,0.86
ALL,способ,7,7,0.51,0.86
ALL,эволюция,7,7,0.51,0.86
ALL,программа,7,7,0.51,0.86
ALL,изменение,7,7,0.51,0.86
ALL,часть,7,7,0.51,0.86
ALL,рождение,7,6,0.43,0.86
ALL,цикл,7,7,0.51,0.86
ALL,памятник,7,7,0.51,0.86
ALL,сравнительный,7,7,0.51,0.86
ALL,формула,7,7,0.51,0.86
ALL,храмовый,7,7,0.51,0.86
ALL,москва,7,7,0.51,0.86
ALL,социальный,7,7,0.51,0.86
ALL,йога,7,7,0.51,0.86
ALL,музей,7,6,0.43,0.86
ALL,архитектура,7,7,0.51,0.86
ALL,концепт,7,7,0.51,0.86
ALL,народ,7,6,0.43,0.86
ALL,раннебуддийский,7,7,0.51,0.86
ALL,война,7,6,0.43,0.86
ALL,между,7,7,0.51,0.86
ALL,вода,7,6,0.43,0.86
ALL,проповедь,7,7,0.51,0.86
ALL,текстовый,7,7,0.51,0.86
ALL,функция,7,7,0.51,0.86
ALL,дискуссия,7,7,0.51,0.86
ALL,метафора,7,6,0.43,0.86
ALL,божество,7,7,0.51,0.86
ALL,скульптура,7,7,0.51,0.86
ALL,калачакр-тантра,7,7,0.51,0.86
ALL,монгольский,7,7,0.51,0.86
ALL,след,7,7,0.51,0.86
ALL,родство,7,6,0.43,0.86
ALL,познание,6,6,0.43,0.74
ALL,лебедев,6,6,0.43,0.74
ALL,антология,6,6,0.43,0.74
ALL,модель,6,6,0.43,0.74
ALL,передача,6,6,0.43,0.74
ALL,общество,6,6,0.43,0.74
ALL,абхидхарма,6,6,0.43,0.74
ALL,произведение,6,6,0.43,0.74
ALL,фольклорный,6,6,0.43,0.74
ALL,поэтика,6,6,0.43,0.74
ALL,средство,6,6,0.43,0.74
ALL,существование,6,5,0.36,0.74
ALL,артхашастр,6,6,0.43,0.74
ALL,зеркало,6,6,0.43,0.74
ALL,путь,6,6,0.43,0.74
ALL,символический,6,6,0.43,0.74
ALL,лингвистика,6,6,0.43,0.74
ALL,диаспора,6,6,0.43,0.74
ALL,иконографический,6,6,0.43,0.74
ALL,смысл,6,6,0.43,0.74
ALL,несколько,6,6,0.43,0.74
ALL,толкование,6,6,0.43,0.74
ALL,стихотворный,6,6,0.43,0.74
ALL,племя,6,6,0.43,0.74
ALL,мифология,6,6,0.43,0.74
ALL,мунда,6,6,0.43,0.74
ALL,рушдить,6,6,0.43,0.74
ALL,область,6,6,0.43,0.74
ALL,танка,6,5,0.36,0.74
ALL,элемент,6,6,0.43,0.74
ALL,картина,6,6,0.43,0.74
ALL,парадигма,6,6,0.43,0.74
ALL,легенда,6,6,0.43,0.74
ALL,ладакх,6,5,0.36,0.74
ALL,фонд,6,6,0.43,0.74
ALL,песня,6,5,0.36,0.74
ALL,кабинет,6,6,0.43,0.74
ALL,дравидология,6,6,0.43,0.74
ALL,вивекананда,6,6,0.43,0.74
ALL,куллуи,6,6,0.43,0.74
ALL,основа,5,5,0.36,0.62
ALL,фигура,5,5,0.36,0.62
ALL,предварительный,5,5,0.36,0.62
ALL,женский,5,5,0.36,0.62
ALL,эпизод,5,5,0.36,0.62
ALL,шиваитский,5,5,0.36,0.62
ALL,чтение,5,5,0.36,0.62
ALL,востоковед,5,5,0.36,0.62
ALL,христианский,5,5,0.36,0.62
ALL,корень,5,5,0.36,0.62
ALL,герой,5,5,0.36,0.62
ALL,содержание,5,5,0.36,0.62
ALL,соотношение,5,5,0.36,0.62
ALL,строфа,5,5,0.36,0.62
ALL,мыслитель,5,5,0.36,0.62
ALL,персонаж,5,5,0.36,0.62
ALL,согласно,5,5,0.36,0.62
ALL,типология,5,5,0.36,0.62
ALL,предание,5,4,0.29,0.62
ALL,ордалия,5,5,0.36,0.62
ALL,поздний,5,5,0.36,0.62
ALL,вакьяпадий,5,5,0.36,0.62
ALL,другой,5,5,0.36,0.62
ALL,влияние,5,5,0.36,0.62
ALL,религиозно-философский,5,5,0.36,0.62
ALL,доктрина,5,5,0.36,0.62
ALL,протоиндийский,5,5,0.36,0.62
ALL,царство,5,5,0.36,0.62
ALL,конец,5,5,0.36,0.62
ALL,японский,5,5,0.36,0.62
ALL,восток,5,5,0.36,0.62
ALL,натарадж,5,5,0.36,0.62
ALL,сборник,5,5,0.36,0.62
ALL,определение,5,5,0.36,0.62
ALL,ассам,5,5,0.36,0.62
ALL,живопись,5,5,0.36,0.62
ALL,япония,5,5,0.36,0.62
ALL,духовный,5,5,0.36,0.62
ALL,размер,5,5,0.36,0.62
ALL,глаз,5,5,0.36,0.62
ALL,освобождение,5,5,0.36,0.62
ALL,эпоха,5,5,0.36,0.62
ALL,британский,5,5,0.36,0.62
ALL,субъект,5,4,0.29,0.62
ALL,последний,5,5,0.36,0.62
ALL,раманудж,5,5,0.36,0.62
ALL,оберхаммер,5,5,0.36,0.62
ALL,живой,5,5,0.36,0.62
ALL,авалокитешвара,5,4,0.29,0.62
ALL,схема,5,5,0.36,0.62
ALL,ведды,5,5,0.36,0.62
ALL,пещерный,5,5,0.36,0.62
ALL,датировка,5,5,0.36,0.62
ALL,могольский,5,5,0.36,0.62
ALL,вастувидья,5,5,0.36,0.62
ALL,фрагмент,5,5,0.36,0.62
ALL,свет,5,5,0.36,0.62
ALL,стих,5,5,0.36,0.62
ALL,вариант,5,5,0.36,0.62
ALL,город,5,5,0.36,0.62
ALL,научный,5,5,0.36,0.62
ALL,труд,5,5,0.36,0.62
ALL,североиндийский,5,5,0.36,0.62
ALL,письменность,5,5,0.36,0.62
ALL,наследие,5,5,0.36,0.62
ALL,путешествие,5,5,0.36,0.62
ALL,свами,5,5,0.36,0.62
ALL,ганди,5,5,0.36,0.62
ALL,мантра,5,5,0.36,0.62
ALL,приветственный,5,5,0.36,0.62
ALL,тантризм,5,5,0.36,0.62
ALL,экспедиция,5,4,0.29,0.62
ALL,герменевтика,4,4,0.29,0.49
ALL,проза,4,4,0.29,0.49
ALL,опровержение,4,4,0.29,0.49
ALL,атомизм,4,4,0.29,0.49
ALL,взаимоотношение,4,4,0.29,0.49
ALL,замечание,4,4,0.29,0.49
ALL,сообщение,4,4,0.29,0.49
ALL,комплекс,4,4,0.29,0.49
ALL,вид,4,4,0.29,0.49
ALL,идеологический,4,4,0.29,0.49
ALL,средний,4,4,0.29,0.49
ALL,повод,4,4,0.29,0.49
ALL,дхармакиртеть,4,4,0.29,0.49
ALL,царский,4,4,0.29,0.49
ALL,рельеф,4,4,0.29,0.49
ALL,почитание,4,4,0.29,0.49
ALL,представитель,4,4,0.29,0.49
ALL,дополнение,4,4,0.29,0.49
ALL,деревня,4,4,0.29,0.49
ALL,рассказ,4,4,0.29,0.49
ALL,состав,4,4,0.29,0.49
ALL,махакавие,4,4,0.29,0.49
ALL,абхидхармакош,4,4,0.29,0.49
ALL,непосредственный,4,4,0.29,0.49
ALL,эпистемология,4,4,0.29,0.49
ALL,старый,4,4,0.29,0.49
ALL,кочевник,4,4,0.29,0.49
ALL,парс,4,4,0.29,0.49
ALL,воинский,4,4,0.29,0.49
ALL,сингал,4,4,0.29,0.49
ALL,животное,4,4,0.29,0.49
ALL,кабир,4,4,0.29,0.49
ALL,создание,4,4,0.29,0.49
ALL,методология,4,4,0.29,0.49
ALL,построение,4,4,0.29,0.49
ALL,каутилья,4,4,0.29,0.49
ALL,шастр,4,4,0.29,0.49
ALL,посвящение,4,4,0.29,0.49
ALL,раджастхан,4,4,0.29,0.49
ALL,кали,4,4,0.29,0.49
ALL,герасим,4,4,0.29,0.49
ALL,когнитивный,4,4,0.29,0.49
ALL,археология,4,4,0.29,0.49
ALL,явление,4,4,0.29,0.49
ALL,обращение,4,4,0.29,0.49
ALL,ирландский,4,4,0.29,0.49
ALL,почетный,4,4,0.29,0.49
ALL,внутренний,4,4,0.29,0.49
ALL,действие,4,4,0.29,0.49
ALL,сказка,4,4,0.29,0.49
ALL,воплощение,4,4,0.29,0.49
ALL,глагольный,4,4,0.29,0.49
ALL,природа,4,4,0.29,0.49
ALL,символ,4,4,0.29,0.49
ALL,политика,4,4,0.29,0.49
ALL,колониальный,4,4,0.29,0.49
ALL,рабиндранат,4,4,0.29,0.49
ALL,через,4,4,0.29,0.49
ALL,россия,4,4,0.29,0.49
ALL,мира_баи,4,4,0.29,0.49
ALL,катманду,4,4,0.29,0.49
ALL,третий,4,4,0.29,0.49
ALL,сотериологический,4,4,0.29,0.49
ALL,выступление,4,4,0.29,0.49
ALL,буддология,4,4,0.29,0.49
ALL,сосуд,4,4,0.29,0.49
ALL,найти,4,4,0.29,0.49
ALL,загадка,4,4,0.29,0.49
ALL,майя,4,4,0.29,0.49
ALL,сотериология,4,4,0.29,0.49
ALL,варна,4,4,0.29,0.49
ALL,фон,4,4,0.29,0.49
ALL,буддист,4,4,0.29,0.49
ALL,этнографический,4,4,0.29,0.49
ALL,синтез,4,4,0.29,0.49
ALL,призма,4,4,0.29,0.49
ALL,кришна,4,4,0.29,0.49
ALL,адивась,4,4,0.29,0.49
ALL,художественный,4,4,0.29,0.49
ALL,инструмент,4,4,0.29,0.49
ALL,биография,4,3,0.22,0.49
ALL,изобразительный,4,4,0.29,0.49
ALL,мерварт,4,4,0.29,0.49
ALL,ив_ран,4,4,0.29,0.49
ALL,музыкальный,4,4,0.29,0.49
ALL,заимствование,4,4,0.29,0.49
ALL,орисса,4,4,0.29,0.49
ALL,современность,4,4,0.29,0.49
ALL,катхаваттх,4,4,0.29,0.49
ALL,намбить,4,2,0.14,0.49
ALL,канонический,4,4,0.29,0.49
ALL,кинематограф,4,4,0.29,0.49
ALL,основной,4,4,0.29,0.49
ALL,монастырь,4,4,0.29,0.49
ALL,парибхаша,4,4,0.29,0.49
ALL,словарь,4,4,0.29,0.49
ALL,судьба,4,4,0.29,0.49
ALL,таттвасанграха,4,4,0.29,0.49
ALL,код,4,4,0.29,0.49
ALL,день,4,3,0.22,0.49
ALL,дигнагой,4,4,0.29,0.49
ALL,смена,4,4,0.29,0.49
ALL,шраута-ритуал,4,4,0.29,0.49
ALL,мать,4,3,0.22,0.49
ALL,имперский,4,4,0.29,0.49
ALL,дипанкара,4,4,0.29,0.49
ALL,маэ,4,4,0.29,0.49
ALL,миниатюра,4,4,0.29,0.49
ALL,жизненный,4,4,0.29,0.49
ALL,вальмик,4,4,0.29,0.49
ALL,сит,4,4,0.29,0.49
ALL,тело,4,3,0.22,0.49
ALL,сериал,4,3,0.22,0.49
ALL,поворот,4,4,0.29,0.49
ALL,огонь,4,4,0.29,0.49
ALL,актуальный,3,3,0.22,0.37
ALL,телугу,3,3,0.22,0.37
ALL,астрологический,3,3,0.22,0.37
ALL,акт,3,3,0.22,0.37
ALL,дерево,3,3,0.22,0.37
ALL,гималаи,3,3,0.22,0.37
ALL,вайшешик,3,3,0.22,0.37
ALL,синоним,3,3,0.22,0.37
ALL,завершать,3,3,0.22,0.37
ALL,доктринальный,3,3,0.22,0.37
ALL,паломнический,3,3,0.22,0.37
ALL,уровень,3,3,0.22,0.37
ALL,российский,3,3,0.22,0.37
ALL,вступительный,3,3,0.22,0.37
ALL,возвращение,3,3,0.22,0.37
ALL,павел,3,3,0.22,0.37
ALL,строительный,3,3,0.22,0.37
ALL,дать,3,3,0.22,0.37
ALL,калькутта,3,3,0.22,0.37
ALL,вербальный,3,3,0.22,0.37
ALL,видеоматериал,3,3,0.22,0.37
ALL,каста,3,3,0.22,0.37
ALL,группа,3,3,0.22,0.37
ALL,индоиранский,3,3,0.22,0.37
ALL,жизнеописание,3,3,0.22,0.37
ALL,механизм,3,3,0.22,0.37
ALL,власть,3,3,0.22,0.37
ALL,специфический,3,3,0.22,0.37
ALL,характеристика,3,3,0.22,0.37
ALL,смерть,3,3,0.22,0.37
ALL,сочинение,3,3,0.22,0.37
ALL,вастувидие,3,3,0.22,0.37
ALL,дхармашастр,3,3,0.22,0.37
ALL,адвайта,3,3,0.22,0.37
ALL,семья,3,3,0.22,0.37
ALL,институт,3,3,0.22,0.37
ALL,так,3,3,0.22,0.37
ALL,такой,3,3,0.22,0.37
ALL,птица,3,3,0.22,0.37
ALL,результат,3,3,0.22,0.37
ALL,компаративный,3,3,0.22,0.37
ALL,калика-пурана,3,3,0.22,0.37
ALL,записка,3,3,0.22,0.37
ALL,монета,3,3,0.22,0.37
ALL,четвертый,3,3,0.22,0.37
ALL,иллюзия,3,3,0.22,0.37
ALL,абсолютный,3,3,0.22,0.37
ALL,мудрость,3,3,0.22,0.37
ALL,называть,3,3,0.22,0.37
ALL,джаясь,3,3,0.22,0.37
ALL,гость,3,3,0.22,0.37
ALL,телесность,3,3,0.22,0.37
ALL,обозначение,3,3,0.22,0.37
ALL,число,3,3,0.22,0.37
ALL,строительство,3,3,0.22,0.37
ALL,махаваста,3,3,0.22,0.37
ALL,античный,3,3,0.22,0.37
ALL,автор,3,3,0.22,0.37
ALL,житийный,3,3,0.22,0.37
ALL,серия,3,3,0.22,0.37
ALL,штрих,3,3,0.22,0.37
ALL,исследователь,3,3,0.22,0.37
ALL,баул,3,3,0.22,0.37
ALL,речевой,3,3,0.22,0.37
ALL,генезис,3,3,0.22,0.37
ALL,визуальный,3,3,0.22,0.37
ALL,свитка,3,3,0.22,0.37
ALL,обучение,3,3,0.22,0.37
ALL,далджито,3,3,0.22,0.37
ALL,награ,3,3,0.22,0.37
ALL,поле,3,3,0.22,0.37
ALL,четыре,3,3,0.22,0.37
ALL,аватар,3,3,0.22,0.37
ALL,языковой,3,3,0.22,0.37
ALL,элита,3,3,0.22,0.37
ALL,архив,3,3,0.22,0.37
ALL,песенный,3,3,0.22,0.37
ALL,медитация,3,3,0.22,0.37
ALL,нарратив,3,3,0.22,0.37
ALL,долина,3,3,0.22,0.37
ALL,ишварапратьябхиджень-вимаршиня,3,3,0.22,0.37
ALL,игровой,3,3,0.22,0.37
ALL,бодхисаттва,3,3,0.22,0.37
ALL,большой,3,3,0.22,0.37
ALL,праджняпарамит,3,3,0.22,0.37
ALL,сикхский,3,3,0.22,0.37
ALL,рама,3,3,0.22,0.37
ALL,перспектива,3,3,0.22,0.37
ALL,взаимодействие,3,3,0.22,0.37
ALL,повествовательный,3,3,0.22,0.37
ALL,вишишта-адвайта-ведант,3,3,0.22,0.37
ALL,мысль,3,3,0.22,0.37
ALL,ренессанс,3,3,0.22,0.37
ALL,гуджарат,3,3,0.22,0.37
ALL,полевой,3,3,0.22,0.37
ALL,заметка,3,3,0.22,0.37
ALL,алфавит,3,3,0.22,0.37
ALL,специфика,3,3,0.22,0.37
ALL,утпаладев,3,3,0.22,0.37
ALL,аурангабад,3,3,0.22,0.37
ALL,сквозь,3,3,0.22,0.37
ALL,айодхие,3,3,0.22,0.37
ALL,размышление,3,3,0.22,0.37
ALL,садхана,3,3,0.22,0.37
ALL,карнатака,3,3,0.22,0.37
ALL,рациональность,3,3,0.22,0.37
ALL,ксилограф,3,3,0.22,0.37
ALL,конструкция,3,3,0.22,0.37
ALL,письменный,3,3,0.22,0.37
ALL,данные,3,3,0.22,0.37
ALL,тулунаду,3,3,0.22,0.37
ALL,пословица,3,3,0.22,0.37
ALL,основный,3,3,0.22,0.37
ALL,воспоминание,3,3,0.22,0.37
ALL,основание,3,3,0.22,0.37
ALL,жрец,3,2,0.14,0.37
ALL,дурга,3,3,0.22,0.37
ALL,сом,3,3,0.22,0.37
ALL,ашвагхошить,3,3,0.22,0.37
ALL,сон,3,3,0.22,0.37
ALL,манускрипт,3,3,0.22,0.37
ALL,чудо,3,3,0.22,0.37
ALL,пудгала,3,2,0.14,0.37
ALL,библиотека,3,3,0.22,0.37
ALL,потоп,3,3,0.22,0.37
ALL,семь,3,3,0.22,0.37
ALL,список,3,3,0.22,0.37
ALL,просветление,3,3,0.22,0.37
ALL,мессершмидт,3,3,0.22,0.37
ALL,стилистика,3,3,0.22,0.37
ALL,сундарара,3,3,0.22,0.37
ALL,полемика,3,3,0.22,0.37
ALL,брат,3,3,0.22,0.37
ALL,лирика,3,3,0.22,0.37
ALL,шайв-бхакть,3,3,0.22,0.37
ALL,индология,3,3,0.22,0.37
ALL,тень,3,3,0.22,0.37
ALL,ракурс,3,3,0.22,0.37
ALL,дешик,3,3,0.22,0.37
ALL,критика,3,3,0.22,0.37
ALL,историография,3,3,0.22,0.37
ALL,шантаракшит,3,3,0.22,0.37
ALL,трактовка,3,3,0.22,0.37
ALL,почему,3,3,0.22,0.37
ALL,диалог,3,3,0.22,0.37
ALL,благо,3,3,0.22,0.37
ALL,атрибуция,3,3,0.22,0.37
ALL,мистический,3,3,0.22,0.37
ALL,течение,3,3,0.22,0.37
ALL,зачем,3,3,0.22,0.37
ALL,йогини-тантра,3,3,0.22,0.37
ALL,отношение,3,3,0.22,0.37
ALL,государственный,3,3,0.22,0.37
ALL,субъект-пудгала,3,3,0.22,0.37
ALL,гималайский,3,3,0.22,0.37
ALL,регион,3,3,0.22,0.37
ALL,художник,3,3,0.22,0.37
ALL,умапати,3,3,0.22,0.37
ALL,шивачарья,3,3,0.22,0.37
ALL,ошо,3,3,0.22,0.37
ALL,функциональный,3,3,0.22,0.37
ALL,асанга,3,3,0.22,0.37
ALL,пьеса,3,3,0.22,0.37
ALL,встреча,3,3,0.22,0.37
ALL,летопись,3,3,0.22,0.37
ALL,князь,3,3,0.22,0.37
ALL,парадокс,3,3,0.22,0.37
ALL,жена,3,3,0.22,0.37
ALL,скрябин,3,3,0.22,0.37
ALL,инклюзивизм,3,3,0.22,0.37
ALL,мифологический,3,3,0.22,0.37
ALL,онтология,3,3,0.22,0.37
ALL,топоним,3,3,0.22,0.37
ALL,период,3,3,0.22,0.37
ALL,зороастрийский,3,2,0.14,0.37
ALL,махаяна,3,3,0.22,0.37
ALL,доклад,3,3,0.22,0.37
ALL,камалашила,3,3,0.22,0.37
ALL,индоарийский,3,3,0.22,0.37
ALL,йогический,3,3,0.22,0.37
ALL,цыган,3,2,0.14,0.37
ALL,этап,3,3,0.22,0.37
ALL,жертвоприношение,3,3,0.22,0.37
ALL,рыба,3,3,0.22,0.37
ALL,салман,3,3,0.22,0.37
ALL,керала,3,3,0.22,0.37
ALL,сикх,3,3,0.22,0.37
ALL,сурешвара,3,3,0.22,0.37
ALL,аюрведа,2,2,0.14,0.25
ALL,реминисценция,2,2,0.14,0.25
ALL,психология,2,2,0.14,0.25
ALL,самопожертвование,2,2,0.14,0.25
ALL,спхота,2,2,0.14,0.25
ALL,бхагавата-пурана,2,2,0.14,0.25
ALL,лук,2,2,0.14,0.25
ALL,нигхант,2,2,0.14,0.25
ALL,тамилнад,2,2,0.14,0.25
ALL,сторона,2,2,0.14,0.25
ALL,рай,2,2,0.14,0.25
ALL,девибхагават-пурана,2,2,0.14,0.25
ALL,география,2,2,0.14,0.25
ALL,девар,2,2,0.14,0.25
ALL,прасад,2,2,0.14,0.25
ALL,образный,2,2,0.14,0.25
ALL,идентичность,2,2,0.14,0.25
ALL,адвайта-веданта,2,2,0.14,0.25
ALL,преподавание,2,2,0.14,0.25
ALL,империя,2,2,0.14,0.25
ALL,щербатский,2,2,0.14,0.25
ALL,забытый,2,2,0.14,0.25
ALL,имя,2,2,0.14,0.25
ALL,установитель,2,2,0.14,0.25
ALL,практический,2,2,0.14,0.25
ALL,двиведи,2,2,0.14,0.25
ALL,правитель,2,2,0.14,0.25
ALL,тайный,2,2,0.14,0.25
ALL,фронт,2,2,0.14,0.25
ALL,пролог,2,2,0.14,0.25
ALL,глиняный,2,2,0.14,0.25
ALL,повозка,2,2,0.14,0.25
ALL,гадание,2,2,0.14,0.25
ALL,хронология,2,2,0.14,0.25
ALL,технический,2,2,0.14,0.25
ALL,тара,2,2,0.14,0.25
ALL,демонстрация,2,2,0.14,0.25
ALL,согласный,2,1,0.07,0.25
ALL,ашок,2,2,0.14,0.25
ALL,постановка,2,2,0.14,0.25
ALL,сюжетный,2,2,0.14,0.25
ALL,энциклопедия,2,2,0.14,0.25
ALL,фонетический,2,2,0.14,0.25
ALL,северный,2,2,0.14,0.25
ALL,урду,2,2,0.14,0.25
ALL,плач,2,2,0.14,0.25
ALL,становление,2,2,0.14,0.25
ALL,вишишт-адвайта,2,2,0.14,0.25
ALL,нагарджун,2,2,0.14,0.25
ALL,пракритский,2,2,0.14,0.25
ALL,материальный,2,2,0.14,0.25
ALL,техника,2,2,0.14,0.25
ALL,калачакра,2,2,0.14,0.25
ALL,радж,2,2,0.14,0.25
ALL,бык,2,2,0.14,0.25
ALL,скотоводческий,2,2,0.14,0.25
ALL,кула,2,2,0.14,0.25
ALL,цейлон,2,2,0.14,0.25
ALL,чайтанья,2,2,0.14,0.25
ALL,сооружение,2,2,0.14,0.25
ALL,великий,2,2,0.14,0.25
ALL,малый,2,2,0.14,0.25
ALL,иранец,2,2,0.14,0.25
ALL,тыс,2,1,0.07,0.25
ALL,варанася,2,2,0.14,0.25
ALL,одесский,2,2,0.14,0.25
ALL,гутхи,2,2,0.14,0.25
ALL,личчхав,2,2,0.14,0.25
ALL,стоить,2,2,0.14,0.25
ALL,дандин,2,2,0.14,0.25
ALL,рудрый-шивый,2,2,0.14,0.25
ALL,шрутить,2,2,0.14,0.25
ALL,махатмие,2,2,0.14,0.25
ALL,братство,2,2,0.14,0.25
ALL,карма,2,2,0.14,0.25
ALL,сат-чит-ананд,2,2,0.14,0.25
ALL,савитереть,2,1,0.07,0.25
ALL,джатр,2,2,0.14,0.25
ALL,бытование,2,2,0.14,0.25
ALL,ишвара,2,2,0.14,0.25
ALL,чистый,2,1,0.07,0.25
ALL,земля,2,1,0.07,0.25
ALL,нечистый,2,1,0.07,0.25
ALL,эпиграфика,2,2,0.14,0.25
ALL,декрет,2,2,0.14,0.25
ALL,раскалить,2,2,0.14,0.25
ALL,шастрический,2,2,0.14,0.25
ALL,свидетельство,2,2,0.14,0.25
ALL,нирукт,2,2,0.14,0.25
ALL,абхисамаяланкар,2,2,0.14,0.25
ALL,методологический,2,2,0.14,0.25
ALL,христианство,2,2,0.14,0.25
ALL,сказитель,2,2,0.14,0.25
ALL,кастовый,2,2,0.14,0.25
ALL,запад,2,2,0.14,0.25
ALL,тип,2,2,0.14,0.25
ALL,бронзовый,2,2,0.14,0.25
ALL,сложение,2,2,0.14,0.25
ALL,побоище,2,2,0.14,0.25
ALL,палица,2,2,0.14,0.25
ALL,паломничество,2,2,0.14,0.25
ALL,муж,2,2,0.14,0.25
ALL,скот,2,2,0.14,0.25
ALL,рукописный,2,2,0.14,0.25
ALL,суфийский,2,2,0.14,0.25
ALL,падмават,2,2,0.14,0.25
ALL,малика,2,2,0.14,0.25
ALL,мухаммад,2,2,0.14,0.25
ALL,этика,2,2,0.14,0.25
ALL,скифский,2,2,0.14,0.25
ALL,буддхакшетр,2,2,0.14,0.25
ALL,учить,2,2,0.14,0.25
ALL,саттрия,2,2,0.14,0.25
ALL,нарративный,2,2,0.14,0.25
ALL,свой,2,2,0.14,0.25
ALL,гость-атитхи,2,2,0.14,0.25
ALL,дхармасутра,2,2,0.14,0.25
ALL,апастамб,2,2,0.14,0.25
ALL,монголия,2,2,0.14,0.25
ALL,композиционный,2,2,0.14,0.25
ALL,намтара,2,2,0.14,0.25
ALL,деяние,2,2,0.14,0.25
ALL,шакьямунь,2,2,0.14,0.25
ALL,тангка,2,2,0.14,0.25
ALL,украина,2,2,0.14,0.25
ALL,дард,2,1,0.07,0.25
ALL,кто,2,2,0.14,0.25
ALL,ситуация,2,2,0.14,0.25
ALL,сновидение,2,2,0.14,0.25
ALL,натака,2,2,0.14,0.25
ALL,приложение,2,2,0.14,0.25
ALL,читта,2,2,0.14,0.25
ALL,виджнян,2,2,0.14,0.25
ALL,неизвестный,2,2,0.14,0.25
ALL,бхайрава,2,2,0.14,0.25
ALL,пушкин,2,2,0.14,0.25
ALL,калидас,2,2,0.14,0.25
ALL,уникальность,2,2,0.14,0.25
ALL,человеческий,2,2,0.14,0.25
ALL,дворцовый,2,2,0.14,0.25
ALL,блаженство,2,2,0.14,0.25
ALL,стратегия,2,2,0.14,0.25
ALL,хеваджр-тантра,2,2,0.14,0.25
ALL,высказывание,2,2,0.14,0.25
ALL,девибхагавата-пурана,2,2,0.14,0.25
ALL,население,2,2,0.14,0.25
ALL,степь,2,2,0.14,0.25
ALL,сиддхам,2,2,0.14,0.25
ALL,санскритизация,2,2,0.14,0.25
ALL,полемический,2,2,0.14,0.25
ALL,идеология,2,2,0.14,0.25
ALL,бодхичитта,2,2,0.14,0.25
ALL,второй,2,2,0.14,0.25
ALL,ярость,2,2,0.14,0.25
ALL,стратификация,2,2,0.14,0.25
ALL,предсказание,2,2,0.14,0.25
ALL,зал,2,2,0.14,0.25
ALL,петербург,2,2,0.14,0.25
ALL,юный,2,2,0.14,0.25
ALL,сопоставление,2,2,0.14,0.25
ALL,гупт,2,2,0.14,0.25
ALL,веданта-парибхаш,2,2,0.14,0.25
ALL,дхармарадж,2,2,0.14,0.25
ALL,пекин,2,2,0.14,0.25
ALL,ранневедийский,2,2,0.14,0.25
ALL,спать,2,2,0.14,0.25
ALL,тюрк,2,2,0.14,0.25
ALL,преемственность,2,2,0.14,0.25
ALL,формульность,2,2,0.14,0.25
ALL,зодчество,2,2,0.14,0.25
ALL,защита,2,2,0.14,0.25
ALL,символизм,2,2,0.14,0.25
ALL,десять,2,2,0.14,0.25
ALL,калачакра-тантра,2,2,0.14,0.25
ALL,тангутский,2,2,0.14,0.25
ALL,государство,2,2,0.14,0.25
ALL,двор,2,2,0.14,0.25
ALL,гуру,2,2,0.14,0.25
ALL,бхавабхути,2,2,0.14,0.25
ALL,животный,2,2,0.14,0.25
ALL,измерение,2,2,0.14,0.25
ALL,персоязычный,2,2,0.14,0.25
ALL,состояние,2,2,0.14,0.25
ALL,кадамбари,2,2,0.14,0.25
ALL,разлука,2,2,0.14,0.25
ALL,восемь,2,2,0.14,0.25
ALL,ведический,2,2,0.14,0.25
ALL,монизм,2,2,0.14,0.25
ALL,непалец,2,2,0.14,0.25
ALL,личный,2,2,0.14,0.25
ALL,свиток,2,2,0.14,0.25
ALL,календарный,2,2,0.14,0.25
ALL,роспись,2,2,0.14,0.25
ALL,политический,2,2,0.14,0.25
ALL,все,2,2,0.14,0.25
ALL,автобиографический,2,2,0.14,0.25
ALL,найполый,2,2,0.14,0.25
ALL,употребление,2,2,0.14,0.25
ALL,парк,2,2,0.14,0.25
ALL,могол,2,2,0.14,0.25
ALL,брахй,2,2,0.14,0.25
ALL,вратья,2,2,0.14,0.25
ALL,фонема,2,2,0.14,0.25
ALL,магический,2,2,0.14,0.25
ALL,спор,2,2,0.14,0.25
ALL,аджанта,2,2,0.14,0.25
ALL,эллор,2,2,0.14,0.25
ALL,лексема,2,2,0.14,0.25
ALL,истолкование,2,2,0.14,0.25
ALL,момент,2,2,0.14,0.25
ALL,после,2,2,0.14,0.25
ALL,конфликт,2,2,0.14,0.25
ALL,проявление,2,2,0.14,0.25
ALL,странствие,2,2,0.14,0.25
ALL,индологический,2,2,0.14,0.25
ALL,музейный,2,2,0.14,0.25
ALL,репрезентация,2,2,0.14,0.25
ALL,атрибут,2,2,0.14,0.25
ALL,этнический,2,2,0.14,0.25
ALL,гаруда,2,2,0.14,0.25
ALL,эпитет,2,2,0.14,0.25
ALL,звук,2,2,0.14,0.25
ALL,хить,2,2,0.14,0.25
ALL,дхара,2,2,0.14,0.25
ALL,смысловой,2,2,0.14,0.25
ALL,гендерный,2,2,0.14,0.25
ALL,ответ,2,2,0.14,0.25
ALL,мультикультурный,2,2,0.14,0.25
ALL,бомбей,2,2,0.14,0.25
ALL,собиратель,2,2,0.14,0.25
ALL,подношение,2,2,0.14,0.25
ALL,риторика,2,2,0.14,0.25
ALL,тригата,2,2,0.14,0.25
ALL,дух,2,2,0.14,0.25
ALL,популярный,2,2,0.14,0.25
ALL,лирический,2,2,0.14,0.25
ALL,фиксация,2,2,0.14,0.25
ALL,неоиндуизм,2,2,0.14,0.25
ALL,тирумулар,2,2,0.14,0.25
ALL,чидамбарам,2,2,0.14,0.25
ALL,поговорка,2,2,0.14,0.25
ALL,приписывать,2,2,0.14,0.25
ALL,махабхагавата-пурана,2,2,0.14,0.25
ALL,рог,2,2,0.14,0.25
ALL,тысяча,2,2,0.14,0.25
ALL,космология,2,2,0.14,0.25
ALL,ирландия,2,2,0.14,0.25
ALL,эпиграфический,2,2,0.14,0.25
ALL,поэт,2,2,0.14,0.25
ALL,кашмир,2,2,0.14,0.25
ALL,белый,2,2,0.14,0.25
ALL,старец,2,2,0.14,0.25
ALL,юрий,2,2,0.14,0.25
ALL,решение,2,2,0.14,0.25
ALL,кавие,2,2,0.14,0.25
ALL,название,2,2,0.14,0.25
ALL,племенной,2,2,0.14,0.25
ALL,перформанс,2,2,0.14,0.25
ALL,преобразование,2,2,0.14,0.25
ALL,статуя,2,2,0.14,0.25
ALL,адхивасана,2,2,0.14,0.25
ALL,позиция,2,2,0.14,0.25
ALL,мадхьямак,2,2,0.14,0.25
ALL,миссионерский,2,2,0.14,0.25
ALL,шрибхаший,2,2,0.14,0.25
ALL,древность,2,2,0.14,0.25
ALL,участник,2,2,0.14,0.25
ALL,генетический,2,2,0.14,0.25
ALL,вьякаран,2,2,0.14,0.25
ALL,брахманистский,2,2,0.14,0.25
ALL,абхидхармасамуччай,2,2,0.14,0.25
ALL,тируттондар,2,2,0.14,0.25
ALL,тирувандасть,2,2,0.14,0.25
ALL,андар,2,2,0.14,0.25
ALL,трансформация,2,2,0.14,0.25
ALL,сурдас,2,2,0.14,0.25
ALL,ведда,2,2,0.14,0.25
ALL,прошлый,2,2,0.14,0.25
ALL,настоящий,2,2,0.14,0.25
ALL,полисемия,2,2,0.14,0.25
ALL,видьякара,2,2,0.14,0.25
ALL,катх,2,2,0.14,0.25
ALL,частица,2,2,0.14,0.25
ALL,ойрат,2,2,0.14,0.25
ALL,детство,2,2,0.14,0.25
ALL,ваджраяна,2,2,0.14,0.25
ALL,монарший,2,2,0.14,0.25
ALL,портрет,2,2,0.14,0.25
ALL,всадник,2,2,0.14,0.25
ALL,феноменология,2,2,0.14,0.25
ALL,пратьябхиджний,2,2,0.14,0.25
ALL,санскара,2,1,0.07,0.25
ALL,восхождение,2,2,0.14,0.25
ALL,кушанский,2,2,0.14,0.25
ALL,амдый,2,2,0.14,0.25
ALL,чувство,2,2,0.14,0.25
ALL,джаянкондар,2,2,0.14,0.25
ALL,парань,2,2,0.14,0.25
ALL,калинга,2,2,0.14,0.25
ALL,вселенная,2,2,0.14,0.25
ALL,нарасинх,2,2,0.14,0.25
ALL,непасть,2,2,0.14,0.25
ALL,ортодокс,2,2,0.14,0.25
ALL,моравский,2,1,0.07,0.25
ALL,миссия,2,2,0.14,0.25
ALL,ценность,2,2,0.14,0.25
ALL,чже,2,2,0.14,0.25
ALL,цонкап,2,2,0.14,0.25
ALL,сингальский,2,2,0.14,0.25
ALL,госвами,2,2,0.14,0.25
ALL,первобытный,2,2,0.14,0.25
ALL,атиратр,2,2,0.14,0.25
ALL,замещение,2,2,0.14,0.25
ALL,жертвенный,2,2,0.14,0.25
ALL,компаративистика,2,2,0.14,0.25
ALL,историографический,2,2,0.14,0.25
ALL,обзор,2,2,0.14,0.25
ALL,лес,2,2,0.14,0.25
ALL,текстология,2,2,0.14,0.25
ALL,дотибетский,2,2,0.14,0.25
ALL,балтистан,2,2,0.14,0.25
ALL,сегодня,2,2,0.14,0.25
ALL,интерпретационный,2,2,0.14,0.25
ALL,веда,2,2,0.14,0.25
ALL,известный,2,2,0.14,0.25
ALL,чой-йон,2,2,0.14,0.25
ALL,появление,2,2,0.14,0.25
ALL,интертекстуальный,2,2,0.14,0.25
ALL,использование,2,2,0.14,0.25
ALL,ведение,2,2,0.14,0.25
ALL,паннир,2,2,0.14,0.25
ALL,тирумурья,2,2,0.14,0.25
ALL,архат,2,2,0.14,0.25
ALL,божественный,2,2,0.14,0.25
ALL,риторический,2,2,0.14,0.25
ALL,метод,2,2,0.14,0.25
ALL,борьба,2,2,0.14,0.25
ALL,собственный,2,2,0.14,0.25
ALL,древнегреческий,2,2,0.14,0.25
ALL,абхидхармакошабхаший,2,2,0.14,0.25
ALL,чиновничество,2,2,0.14,0.25
ALL,цель,2,2,0.14,0.25
ALL,дефиниция,2,1,0.07,0.25
ALL,графика,2,2,0.14,0.25
ALL,явный,2,2,0.14,0.25
ALL,сера,2,2,0.14,0.25
ALL,раздел,2,2,0.14,0.25
ALL,реалия,2,2,0.14,0.25
ALL,модернизм,2,2,0.14,0.25
ALL,залог,2,2,0.14,0.25
ALL,этимологический,2,2,0.14,0.25
ALL,чакравартина,2,2,0.14,0.25
ALL,стереотип,2,2,0.14,0.25
ALL,монгол,2,2,0.14,0.25
ALL,половина,2,2,0.14,0.25
ALL,лотос,2,2,0.14,0.25
ALL,предельный,2,2,0.14,0.25
ALL,ирония,2,2,0.14,0.25
ALL,образец,2,2,0.14,0.25
ALL,равить,2,1,0.07,0.25
ALL,варма,2,1,0.07,0.25
ALL,основатель,2,2,0.14,0.25
ALL,театральный,2,2,0.14,0.25
ALL,суфизм,2,2,0.14,0.25
ALL,индо-иранский,2,2,0.14,0.25
ALL,локальный,2,2,0.14,0.25
ALL,обоснование,2,2,0.14,0.25
ALL,джатакастав,2,2,0.14,0.25
ALL,разновидность,2,2,0.14,0.25
ALL,установление,2,2,0.14,0.25
ALL,логика,2,2,0.14,0.25
ALL,участие,2,2,0.14,0.25
ALL,творение,2,2,0.14,0.25
ALL,томас,2,2,0.14,0.25
ALL,харибхатт,2,2,0.14,0.25
ALL,колонна,2,2,0.14,0.25
ALL,переводческий,2,2,0.14,0.25
ALL,династия,2,2,0.14,0.25
ALL,беседа,2,2,0.14,0.25
ALL,пять,2,2,0.14,0.25
ALL,математический,2,2,0.14,0.25
ALL,невозможность,2,2,0.14,0.25
ALL,бытие,2,1,0.07,0.25
ALL,стенопись,2,2,0.14,0.25
ALL,проведение,2,2,0.14,0.25
ALL,лексикография,2,2,0.14,0.25
ALL,атхарвавед,2,2,0.14,0.25
ALL,бходжпури,2,2,0.14,0.25
ALL,индр,2,2,0.14,0.25
ALL,женщина,2,2,0.14,0.25
ALL,правило,2,2,0.14,0.25
ALL,каталог,2,2,0.14,0.25
ALL,знак,2,2,0.14,0.25
ALL,ступа,2,2,0.14,0.25
ALL,санча,2,2,0.14,0.25
ALL,кукольный,2,2,0.14,0.25
ALL,сиддх,2,2,0.14,0.25
ALL,философствование,2,2,0.14,0.25
ALL,артист,2,2,0.14,0.25
ALL,пещера,2,2,0.14,0.25
ALL,эстетика,2,2,0.14,0.25
ALL,край,2,2,0.14,0.25
ALL,вера,2,2,0.14,0.25
ALL,числовой,2,2,0.14,0.25
ALL,вимшик,2,2,0.14,0.25
ALL,небывальщина,2,2,0.14,0.25
ALL,телесный,2,2,0.14,0.25
ALL,мирской,2,2,0.14,0.25
ALL,сбой,2,2,0.14,0.25
ALL,композитор,2,2,0.14,0.25
ALL,тханк,2,2,0.14,0.25
ALL,пакистан,2,1,0.07,0.25
ALL,комментатор,2,2,0.14,0.25
ALL,руднев,2,2,0.14,0.25
ALL,бхакт,2,2,0.14,0.25
ALL,территория,2,2,0.14,0.25
ALL,пропаганда,2,2,0.14,0.25
ALL,комический,2,2,0.14,0.25
ALL,дживой,2,2,0.14,0.25
ALL,госвамин,2,2,0.14,0.25
ALL,задача,2,2,0.14,0.25
ALL,экзегетический,2,2,0.14,0.25
ALL,китай,2,2,0.14,0.25
ALL,кумаон,2,2,0.14,0.25
ALL,панчатантра,2,2,0.14,0.25
ALL,сура,2,2,0.14,0.25
ALL,ваджапея,2,2,0.14,0.25
ALL,саутрамань,2,2,0.14,0.25
ALL,сам,2,2,0.14,0.25
ALL,химачал-прадеш,2,2,0.14,0.25
ALL,александр,2,2,0.14,0.25
ALL,деятельность,2,2,0.14,0.25
ALL,отечественный,2,2,0.14,0.25
ALL,рагамаленький,2,2,0.14,0.25
ALL,характерный,2,2,0.14,0.25
ALL,черта,2,2,0.14,0.25
ALL,архетип,2,2,0.14,0.25
ALL,грамматический,2,2,0.14,0.25
ALL,метрика,2,2,0.14,0.25
ALL,патанджали,2,2,0.14,0.25
ALL,санкт-петербург,2,2,0.14,0.25
ALL,сериндийский,2,2,0.14,0.25
ALL,контакт,2,2,0.14,0.25
ALL,карьера,2,2,0.14,0.25
ALL,поиск,2,2,0.14,0.25
ALL,переписка,2,2,0.14,0.25
ALL,рецепция,2,2,0.14,0.25
ALL,кришнаитский,2,2,0.14,0.25
ALL,коренной,2,2,0.14,0.25
ALL,летие,2,2,0.14,0.25
ALL,пурва-миманс,2,2,0.14,0.25
ALL,многообразие,2,2,0.14,0.25
ALL,ключевой,2,2,0.14,0.25
ALL,любовь,2,2,0.14,0.25
ALL,императив,2,2,0.14,0.25
ALL,корзина,2,2,0.14,0.25
ALL,цветообозначение,2,2,0.14,0.25
ALL,исполнительский,2,2,0.14,0.25
ALL,евгений,2,1,0.07,0.25
ALL,парья,2,2,0.14,0.25
ALL,вишнусахасранама,2,2,0.14,0.25
ALL,дворец,2,1,0.07,0.25
ALL,небесный,2,2,0.14,0.25
ALL,переводчик,2,2,0.14,0.25
ALL,есть,2,2,0.14,0.25
ALL,существо,2,2,0.14,0.25
ALL,ватсарадж,2,2,0.14,0.25
ALL,украшение,2,2,0.14,0.25
ALL,аланкара,2,2,0.14,0.25
ALL,бодхисаттво,2,2,0.14,0.25
ALL,махараштра,2,2,0.14,0.25
ALL,скальный,2,2,0.14,0.25
ALL,теизм,2,2,0.14,0.25
ALL,память,2,2,0.14,0.25
ALL,чандракиртеть,2,2,0.14,0.25
ALL,универсалия,2,2,0.14,0.25
ALL,джнян,2,2,0.14,0.25
ALL,чаупад,2,2,0.14,0.25
ALL,точка,2,2,0.14,0.25
ALL,зрение,2,2,0.14,0.25
ALL,латакамелак,2,2,0.14,0.25
ALL,бхаванакрам,2,2,0.14,0.25
ALL,яджний,2,1,0.07,0.25
ALL,сутта,2,1,0.07,0.25
ALL,агнуть,2,2,0.14,0.25
ALL,урмила,2,2,0.14,0.25
ALL,тыква,2,2,0.14,0.25
ALL,виджнянабхикша,2,2,0.14,0.25
ALL,завет,2,2,0.14,0.25
ALL,санкхие,2,2,0.14,0.25
ALL,шипивишта,2,1,0.07,0.25
ALL,внешний,2,2,0.14,0.25
ALL,урок,2,2,0.14,0.25
ALL,учебник,1,1,0.07,0.12
ALL,тереть,1,1,0.07,0.12
ALL,этноисторический,1,1,0.07,0.12
ALL,агастие,1,1,0.07,0.12
ALL,медицинский,1,1,0.07,0.12
ALL,повесть,1,1,0.07,0.12
ALL,насикета,1,1,0.07,0.12
ALL,садать,1,1,0.07,0.12
ALL,мишра,1,1,0.07,0.12
ALL,гаудавахо,1,1,0.07,0.12
ALL,вакпатирадж,1,1,0.07,0.12
ALL,драматург,1,1,0.07,0.12
ALL,виджняптиматратасиддх,1,1,0.07,0.12
ALL,доказательство,1,1,0.07,0.12
ALL,единственность,1,1,0.07,0.12
ALL,спхотасиддх,1,1,0.07,0.12
ALL,манданамишра,1,1,0.07,0.12
ALL,желание,1,1,0.07,0.12
ALL,специальный,1,1,0.07,0.12
ALL,адхьякша,1,1,0.07,0.12
ALL,критик,1,1,0.07,0.12
ALL,вьяйог,1,1,0.07,0.12
ALL,мокша,1,1,0.07,0.12
ALL,оружие,1,1,0.07,0.12
ALL,конфессия,1,1,0.07,0.12
ALL,формальный,1,1,0.07,0.12
ALL,рикпратишакхие,1,1,0.07,0.12
ALL,бхарат,1,1,0.07,0.12
ALL,чондро,1,1,0.07,0.12
ALL,биддешундор,1,1,0.07,0.12
ALL,храниться,1,1,0.07,0.12
ALL,ргиа,1,1,0.07,0.12
ALL,эротика,1,1,0.07,0.12
ALL,мужской,1,1,0.07,0.12
ALL,деви-гит,1,1,0.07,0.12
ALL,тирунянасамбандар,1,1,0.07,0.12
ALL,джаяшанкара,1,1,0.07,0.12
ALL,постижение,1,1,0.07,0.12
ALL,личностный,1,1,0.07,0.12
ALL,новоиндийский,1,1,0.07,0.12
ALL,неоценимый,1,1,0.07,0.12
ALL,лексикология,1,1,0.07,0.12
ALL,маска,1,1,0.07,0.12
ALL,ольденбург,1,1,0.07,0.12
ALL,портнягин,1,1,0.07,0.12
ALL,педагог,1,1,0.07,0.12
ALL,священник,1,1,0.07,0.12
ALL,волк,1,1,0.07,0.12
ALL,шрамана,1,1,0.07,0.12
ALL,стихотворение,1,1,0.07,0.12
ALL,пурананур,1,1,0.07,0.12
ALL,мироздание,1,1,0.07,0.12
ALL,архитектурный,1,1,0.07,0.12
ALL,наборный,1,1,0.07,0.12
ALL,шрифт,1,1,0.07,0.12
ALL,нагарь,1,1,0.07,0.12
ALL,колесничий,1,1,0.07,0.12
ALL,древнеирландский,1,1,0.07,0.12
ALL,хазари,1,1,0.07,0.12
ALL,цянь-луна,1,1,0.07,0.12
ALL,масон,1,1,0.07,0.12
ALL,свен,1,1,0.07,0.12
ALL,гединый,1,1,0.07,0.12
ALL,германский,1,1,0.07,0.12
ALL,геополитика,1,1,0.07,0.12
ALL,статья,1,1,0.07,0.12
ALL,соображение,1,1,0.07,0.12
ALL,уточняться,1,1,0.07,0.12
ALL,индо-буддийский,1,1,0.07,0.12
ALL,слышать,1,1,0.07,0.12
ALL,вслушиваться,1,1,0.07,0.12
ALL,раммохон,1,1,0.07,0.12
ALL,рой,1,1,0.07,0.12
ALL,дебендронатх,1,1,0.07,0.12
ALL,рефлексивный,1,1,0.07,0.12
ALL,орфоэпический,1,1,0.07,0.12
ALL,фонетика,1,1,0.07,0.12
ALL,титулатура,1,1,0.07,0.12
ALL,индо-греков,1,1,0.07,0.12
ALL,приспособление,1,1,0.07,0.12
ALL,рубрикация,1,1,0.07,0.12
ALL,дхатупатх,1,1,0.07,0.12
ALL,безымянный,1,1,0.07,0.12
ALL,хазарипрасад,1,1,0.07,0.12
ALL,процесс,1,1,0.07,0.12
ALL,шактизм,1,1,0.07,0.12
ALL,самосознание,1,1,0.07,0.12
ALL,низкий,1,1,0.07,0.12
ALL,условие,1,1,0.07,0.12
ALL,вытеснение,1,1,0.07,0.12
ALL,избежание,1,1,0.07,0.12
ALL,возникновение,1,1,0.07,0.12
ALL,тяжелый,1,1,0.07,0.12
ALL,шумный,1,1,0.07,0.12
ALL,библия,1,1,0.07,0.12
ALL,праведный,1,1,0.07,0.12
ALL,тайский,1,1,0.07,0.12
ALL,саттасаи,1,1,0.07,0.12
ALL,превосходящий,1,1,0.07,0.12
ALL,шанкарасвамин,1,1,0.07,0.12
ALL,стилистический,1,1,0.07,0.12
ALL,приключенческий,1,1,0.07,0.12
ALL,отряхиваться,1,1,0.07,0.12
ALL,ныряльщик,1,1,0.07,0.12
ALL,пуранический,1,1,0.07,0.12
ALL,вепрь,1,1,0.07,0.12
ALL,сарваджнямитра,1,1,0.07,0.12
ALL,мадхан-ка,1,1,0.07,0.12
ALL,рань,1,1,0.07,0.12
ALL,кетаки,1,1,0.07,0.12
ALL,инш-алла,1,1,0.07,0.12
ALL,хан,1,1,0.07,0.12
ALL,кинематографический,1,1,0.07,0.12
ALL,статус,1,1,0.07,0.12
ALL,естественный,1,1,0.07,0.12
ALL,передвижение,1,1,0.07,0.12
ALL,дидактический,1,1,0.07,0.12
ALL,шатака,1,1,0.07,0.12
ALL,жанровый,1,1,0.07,0.12
ALL,скороходов,1,1,0.07,0.12
ALL,пенза,1,1,0.07,0.12
ALL,либеральный,1,1,0.07,0.12
ALL,промежуточный,1,1,0.07,0.12
ALL,сезонный,1,1,0.07,0.12
ALL,суточный,1,1,0.07,0.12
ALL,философ,1,1,0.07,0.12
ALL,лилавай,1,1,0.07,0.12
ALL,освещение,1,1,0.07,0.12
ALL,соответствие,1,1,0.07,0.12
ALL,непреходящий,1,1,0.07,0.12
ALL,слава,1,1,0.07,0.12
ALL,военный,1,1,0.07,0.12
ALL,стадо,1,1,0.07,0.12
ALL,теоретический,1,1,0.07,0.12
ALL,куларнава-тантра,1,1,0.07,0.12
ALL,махишасурамардань,1,1,0.07,0.12
ALL,девибхагават,1,1,0.07,0.12
ALL,калика-пуран,1,1,0.07,0.12
ALL,последовательный,1,1,0.07,0.12
ALL,транскрипция,1,1,0.07,0.12
ALL,очерк,1,1,0.07,0.12
ALL,лингвофилософский,1,1,0.07,0.12
ALL,пара-тримшика-виварать,1,1,0.07,0.12
ALL,брихатсамхит,1,1,0.07,0.12
ALL,аргументация,1,1,0.07,0.12
ALL,рассуждение,1,1,0.07,0.12
ALL,самбандха,1,1,0.07,0.12
ALL,эндогамия,1,1,0.07,0.12
ALL,чем,1,1,0.07,0.12
ALL,непосредственность,1,1,0.07,0.12
ALL,джьотиша,1,1,0.07,0.12
ALL,медицина,1,1,0.07,0.12
ALL,маруда,1,1,0.07,0.12
ALL,альтернативный,1,1,0.07,0.12
ALL,кыргыз,1,1,0.07,0.12
ALL,самоназвание,1,1,0.07,0.12
ALL,махасангхик-локоттаравадин,1,1,0.07,0.12
ALL,двойной,1,1,0.07,0.12
ALL,мандать,1,1,0.07,0.12
ALL,вайдурья-карпо,1,1,0.07,0.12
ALL,степной,1,1,0.07,0.12
ALL,теистический,1,1,0.07,0.12
ALL,установка,1,1,0.07,0.12
ALL,шветашватара-упанишад,1,1,0.07,0.12
ALL,очищение,1,1,0.07,0.12
ALL,терний,1,1,0.07,0.12
ALL,агама,1,1,0.07,0.12
ALL,радикальный,1,1,0.07,0.12
ALL,синцзян,1,1,0.07,0.12
ALL,мандалы,1,1,0.07,0.12
ALL,ваджрачхедик,1,1,0.07,0.12
ALL,трава,1,1,0.07,0.12
ALL,дарбх,1,1,0.07,0.12
ALL,самбодх,1,1,0.07,0.12
ALL,тривадрумский,1,1,0.07,0.12
ALL,гоштхи,1,1,0.07,0.12
ALL,наджиня,1,1,0.07,0.12
ALL,сахар,1,1,0.07,0.12
ALL,молоко,1,1,0.07,0.12
ALL,ауто-представление,1,1,0.07,0.12
ALL,персидский,1,1,0.07,0.12
ALL,бхагаватапуран,1,1,0.07,0.12
ALL,архаизм,1,1,0.07,0.12
ALL,слой,1,1,0.07,0.12
ALL,атманепад,1,1,0.07,0.12
ALL,грамматик,1,1,0.07,0.12
ALL,атхарвавед-паришишт,1,1,0.07,0.12
ALL,масочный,1,1,0.07,0.12
ALL,фантастический,1,1,0.07,0.12
ALL,вес,1,1,0.07,0.12
ALL,взвешивание,1,1,0.07,0.12
ALL,андхрамахабхарат,1,1,0.07,0.12
ALL,закрытие,1,1,0.07,0.12
ALL,зооморфный,1,1,0.07,0.12
ALL,риш,1,1,0.07,0.12
ALL,сравнивать,1,1,0.07,0.12
ALL,ладья,1,1,0.07,0.12
ALL,неодолимый,1,1,0.07,0.12
ALL,поклонение,1,1,0.07,0.12
ALL,множество,1,1,0.07,0.12
ALL,тулси,1,1,0.07,0.12
ALL,дас,1,1,0.07,0.12
ALL,рамачаритаманас,1,1,0.07,0.12
ALL,святыня,1,1,0.07,0.12
ALL,сюань-цзана,1,1,0.07,0.12
ALL,манусмрити,1,1,0.07,0.12
ALL,алтайский,1,1,0.07,0.12
ALL,маллик,1,1,0.07,0.12
ALL,бхавачакра,1,1,0.07,0.12
ALL,бактрия,1,1,0.07,0.12
ALL,многоязычный,1,1,0.07,0.12
ALL,социоскрипторик,1,1,0.07,0.12
ALL,фисамат,1,1,0.07,0.12
ALL,ольвийский,1,1,0.07,0.12
ALL,честь,1,1,0.07,0.12
ALL,протоген,1,1,0.07,0.12
ALL,испытание,1,1,0.07,0.12
ALL,качество,1,1,0.07,0.12
ALL,герменевтический,1,1,0.07,0.12
ALL,творить,1,1,0.07,0.12
ALL,намаруп,1,1,0.07,0.12
ALL,тхеравадинский,1,1,0.07,0.12
ALL,комментаторский,1,1,0.07,0.12
ALL,помазание,1,1,0.07,0.12
ALL,яджнявалкие-смрити,1,1,0.07,0.12
ALL,бхактамара-стотр,1,1,0.07,0.12
ALL,монахиня,1,1,0.07,0.12
ALL,агиографический,1,1,0.07,0.12
ALL,историко-культурный,1,1,0.07,0.12
ALL,национальный,1,1,0.07,0.12
ALL,флаг,1,1,0.07,0.12
ALL,новозаветный,1,1,0.07,0.12
ALL,пассаж,1,1,0.07,0.12
ALL,религиозно-мистический,1,1,0.07,0.12
ALL,абхивиный,1,1,0.07,0.12
ALL,гипотеза,1,1,0.07,0.12
ALL,индейский,1,1,0.07,0.12
ALL,русь,1,1,0.07,0.12
ALL,коровий,1,1,0.07,0.12
ALL,декан,1,1,0.07,0.12
ALL,мост,1,1,0.07,0.12
ALL,гухьясамаджатантра,1,1,0.07,0.12
ALL,вишнудхармоттара-пурана,1,1,0.07,0.12
ALL,шакунталый,1,1,0.07,0.12
ALL,музыкант,1,1,0.07,0.12
ALL,танцор,1,1,0.07,0.12
ALL,катхак,1,1,0.07,0.12
ALL,ранневишнуитский,1,1,0.07,0.12
ALL,широкий,1,1,0.07,0.12
ALL,водный,1,1,0.07,0.12
ALL,самхит,1,1,0.07,0.12
ALL,освятить,1,1,0.07,0.12
ALL,махишасурамардинить,1,1,0.07,0.12
ALL,девы-воительница,1,1,0.07,0.12
ALL,хранить,1,1,0.07,0.12
ALL,постведийский,1,1,0.07,0.12
ALL,поход,1,1,0.07,0.12
ALL,криттибас,1,1,0.07,0.12
ALL,оджха,1,1,0.07,0.12
ALL,махакал,1,1,0.07,0.12
ALL,гонур-тепа,1,1,0.07,0.12
ALL,авест,1,1,0.07,0.12
ALL,сцена,1,1,0.07,0.12
ALL,отелесненный,1,1,0.07,0.12
ALL,южнобуддийский,1,1,0.07,0.12
ALL,мера,1,1,0.07,0.12
ALL,дасья,1,1,0.07,0.12
ALL,генеалогия,1,1,0.07,0.12
ALL,наложница,1,1,0.07,0.12
ALL,веротерпимость,1,1,0.07,0.12
ALL,универсализм,1,1,0.07,0.12
ALL,казаклык,1,1,0.07,0.12
ALL,великобритания,1,1,0.07,0.12
ALL,гора,1,1,0.07,0.12
ALL,мэр,1,1,0.07,0.12
ALL,обет,1,1,0.07,0.12
ALL,кача,1,1,0.07,0.12
ALL,оппозиция,1,1,0.07,0.12
ALL,чужой,1,1,0.07,0.12
ALL,землепользование,1,1,0.07,0.12
ALL,монография,1,1,0.07,0.12
ALL,киев,1,1,0.07,0.12
ALL,страна,1,1,0.07,0.12
ALL,раджатарангиня,1,1,0.07,0.12
ALL,калхан,1,1,0.07,0.12
ALL,говорить,1,1,0.07,0.12
ALL,уход,1,1,0.07,0.12
ALL,дакиня,1,1,0.07,0.12
ALL,ошибочный,1,1,0.07,0.12
ALL,бхас,1,1,0.07,0.12
ALL,свапнавасавадатт,1,1,0.07,0.12
ALL,конфессиональный,1,1,0.07,0.12
ALL,компромисс,1,1,0.07,0.12
ALL,секуляризм,1,1,0.07,0.12
ALL,шикша,1,1,0.07,0.12
ALL,совершенный,1,1,0.07,0.12
ALL,певец,1,1,0.07,0.12
ALL,психика,1,1,0.07,0.12
ALL,квантитативный,1,1,0.07,0.12
ALL,маусалапарва,1,1,0.07,0.12
ALL,гхата-пандит,1,1,0.07,0.12
ALL,ветала,1,1,0.07,0.12
ALL,дхола-мара,1,1,0.07,0.12
ALL,салтана,1,1,0.07,0.12
ALL,матсьяватар,1,1,0.07,0.12
ALL,рагхуванша,1,1,0.07,0.12
ALL,тамилистый,1,1,0.07,0.12
ALL,рефлексия,1,1,0.07,0.12
ALL,детерминант,1,1,0.07,0.12
ALL,вишну-нарасимха,1,1,0.07,0.12
ALL,проблематика,1,1,0.07,0.12
ALL,типовой,1,1,0.07,0.12
ALL,мотив-ситуация,1,1,0.07,0.12
ALL,потенциальный,1,1,0.07,0.12
ALL,пангху,1,1,0.07,0.12
ALL,ратхв,1,1,0.07,0.12
ALL,душа,1,1,0.07,0.12
ALL,ямуначарья,1,1,0.07,0.12
ALL,царица,1,1,0.07,0.12
ALL,парка,1,1,0.07,0.12
ALL,истинный,1,1,0.07,0.12
ALL,кридаяник,1,1,0.07,0.12
ALL,васильков,1,1,0.07,0.12
ALL,только,1,1,0.07,0.12
ALL,словесный,1,1,0.07,0.12
ALL,непрямой,1,1,0.07,0.12
ALL,вакрокть,1,1,0.07,0.12
ALL,евразийский,1,1,0.07,0.12
ALL,бронза,1,1,0.07,0.12
ALL,весна,1,1,0.07,0.12
ALL,шакунтала,1,1,0.07,0.12
ALL,пригород,1,1,0.07,0.12
ALL,ханиф,1,1,0.07,0.12
ALL,курейша,1,1,0.07,0.12
ALL,иммигрантский,1,1,0.07,0.12
ALL,индо-британский,1,1,0.07,0.12
ALL,мангала-шлокаха,1,1,0.07,0.12
ALL,йафиит,1,1,0.07,0.12
ALL,аравия,1,1,0.07,0.12
ALL,существовать,1,1,0.07,0.12
ALL,психофизический,1,1,0.07,0.12
ALL,миссионер,1,1,0.07,0.12
ALL,юнгианство,1,1,0.07,0.12
ALL,абхисамай-аланкара,1,1,0.07,0.12
ALL,абхишека-патале,1,1,0.07,0.12
ALL,муктавалихеваджрапаньджик,1,1,0.07,0.12
ALL,ратнакарашанти,1,1,0.07,0.12
ALL,гухьясамадж,1,1,0.07,0.12
ALL,энергийный,1,1,0.07,0.12
ALL,прагматизм,1,1,0.07,0.12
ALL,половозрастной,1,1,0.07,0.12
ALL,следовать,1,1,0.07,0.12
ALL,воля,1,1,0.07,0.12
ALL,звезда,1,1,0.07,0.12
ALL,астрология,1,1,0.07,0.12
ALL,стихийный,1,1,0.07,0.12
ALL,бедствие,1,1,0.07,0.12
ALL,драупасть,1,1,0.07,0.12
ALL,энергия,1,1,0.07,0.12
ALL,ригведапратишакхья,1,1,0.07,0.12
ALL,лаборатория,1,1,0.07,0.12
ALL,театрик,1,1,0.07,0.12
ALL,чхоу,1,1,0.07,0.12
ALL,окружение,1,1,0.07,0.12
ALL,раджасинх,1,1,0.07,0.12
ALL,надзиратель,1,1,0.07,0.12
ALL,информация,1,1,0.07,0.12
ALL,иша-упанишад,1,1,0.07,0.12
ALL,летописный,1,1,0.07,0.12
ALL,танцовщица,1,1,0.07,0.12
ALL,покровитель,1,1,0.07,0.12
ALL,начать,1,1,0.07,0.12
ALL,расик,1,1,0.07,0.12
ALL,актуализация,1,1,0.07,0.12
ALL,информативный,1,1,0.07,0.12
ALL,тарих-и,1,1,0.07,0.12
ALL,рашидти,1,1,0.07,0.12
ALL,мирза,1,1,0.07,0.12
ALL,хайдар,1,1,0.07,0.12
ALL,дуглата,1,1,0.07,0.12
ALL,подступ,1,1,0.07,0.12
ALL,единство,1,1,0.07,0.12
ALL,выдающийся,1,1,0.07,0.12
ALL,лингвист-тибетолог,1,1,0.07,0.12
ALL,смех,1,1,0.07,0.12
ALL,снатака,1,1,0.07,0.12
ALL,дом-музей,1,1,0.07,0.12
ALL,улан-батор,1,1,0.07,0.12
ALL,осознанность,1,1,0.07,0.12
ALL,сатипаттхан,1,1,0.07,0.12
ALL,возрастной,1,1,0.07,0.12
ALL,сангока,1,1,0.07,0.12
ALL,маппо,1,1,0.07,0.12
ALL,дарственный,1,1,0.07,0.12
ALL,геология,1,1,0.07,0.12
ALL,природопользование,1,1,0.07,0.12
ALL,пекинский,1,1,0.07,0.12
ALL,киевский,1,1,0.07,0.12
ALL,махаянский,1,1,0.07,0.12
ALL,ступень,1,1,0.07,0.12
ALL,складывание,1,1,0.07,0.12
ALL,придворный,1,1,0.07,0.12
ALL,шесть,1,1,0.07,0.12
ALL,ядро,1,1,0.07,0.12
ALL,синтаксис,1,1,0.07,0.12
ALL,каламбах,1,1,0.07,0.12
ALL,приключение,1,1,0.07,0.12
ALL,арьяварт,1,1,0.07,0.12
ALL,летний,1,1,0.07,0.12
ALL,шахрашуба,1,1,0.07,0.12
ALL,изменить,1,1,0.07,0.12
ALL,бхукть,1,1,0.07,0.12
ALL,мукть,1,1,0.07,0.12
ALL,антиномизм,1,1,0.07,0.12
ALL,вритр,1,1,0.07,0.12
ALL,девибхагаватапуран,1,1,0.07,0.12
ALL,осесть,1,1,0.07,0.12
ALL,анатмавад,1,1,0.07,0.12
ALL,ваджрапань,1,1,0.07,0.12
ALL,наг,1,1,0.07,0.12
ALL,ананга,1,1,0.07,0.12
ALL,движение,1,1,0.07,0.12
ALL,прана,1,1,0.07,0.12
ALL,агамический,1,1,0.07,0.12
ALL,самоопределение,1,1,0.07,0.12
ALL,взаимовлияние,1,1,0.07,0.12
ALL,обрядность,1,1,0.07,0.12
ALL,раджпутов,1,1,0.07,0.12
ALL,апастамб-дхармасутра,1,1,0.07,0.12
ALL,питхоро,1,1,0.07,0.12
ALL,креативный,1,1,0.07,0.12
ALL,приглашаться,1,1,0.07,0.12
ALL,желать,1,1,0.07,0.12
ALL,матрик,1,1,0.07,0.12
ALL,вне,1,1,0.07,0.12
ALL,индиец,1,1,0.07,0.12
ALL,расположение,1,1,0.07,0.12
ALL,скульптурный,1,1,0.07,0.12
ALL,агни-пурана,1,1,0.07,0.12
ALL,чудесный,1,1,0.07,0.12
ALL,манимехаль,1,1,0.07,0.12
ALL,потоцкий,1,1,0.07,0.12
ALL,калмыкия,1,1,0.07,0.12
ALL,пратитие-самутпад,1,1,0.07,0.12
ALL,нарад,1,1,0.07,0.12
ALL,али-кали,1,1,0.07,0.12
ALL,раскопка,1,1,0.07,0.12
ALL,тилля-тепа,1,1,0.07,0.12
ALL,изречение,1,1,0.07,0.12
ALL,дхаммапад,1,1,0.07,0.12
ALL,именование,1,1,0.07,0.12
ALL,множественность,1,1,0.07,0.12
ALL,махасангхик,1,1,0.07,0.12
ALL,звукотип,1,1,0.07,0.12
ALL,воздействие,1,1,0.07,0.12
ALL,погода,1,1,0.07,0.12
ALL,дигамбарский,1,1,0.07,0.12
ALL,прояснение,1,1,0.07,0.12
ALL,карлик,1,1,0.07,0.12
ALL,раннекитайский,1,1,0.07,0.12
ALL,паттуппатт,1,1,0.07,0.12
ALL,муллейппатт,1,1,0.07,0.12
ALL,недунальвадь,1,1,0.07,0.12
ALL,вещь,1,1,0.07,0.12
ALL,наблюдатель,1,1,0.07,0.12
ALL,вишишта-адвайте,1,1,0.07,0.12
ALL,старинный,1,1,0.07,0.12
ALL,португальский,1,1,0.07,0.12
ALL,частушка,1,1,0.07,0.12
ALL,разрыв,1,1,0.07,0.12
ALL,работа,1,1,0.07,0.12
ALL,ленца,1,1,0.07,0.12
ALL,западноевропейский,1,1,0.07,0.12
ALL,хранилище,1,1,0.07,0.12
ALL,реальный,1,1,0.07,0.12
ALL,ирреальный,1,1,0.07,0.12
ALL,раздумье,1,1,0.07,0.12
ALL,фундаментализм,1,1,0.07,0.12
ALL,немного,1,1,0.07,0.12
ALL,агададатт,1,1,0.07,0.12
ALL,сангхадас,1,1,0.07,0.12
ALL,васудева,1,1,0.07,0.12
ALL,жемчужный,1,1,0.07,0.12
ALL,остров,1,1,0.07,0.12
ALL,страсть,1,1,0.07,0.12
ALL,бесстрастие,1,1,0.07,0.12
ALL,бхартирихари,1,1,0.07,0.12
ALL,сходство,1,1,0.07,0.12
ALL,различие,1,1,0.07,0.12
ALL,романтизм,1,1,0.07,0.12
ALL,европа,1,1,0.07,0.12
ALL,стрела,1,1,0.07,0.12
ALL,топорик,1,1,0.07,0.12
ALL,автохтон,1,1,0.07,0.12
ALL,концертный,1,1,0.07,0.12
ALL,причастие-герундий,1,1,0.07,0.12
ALL,махендра,1,1,0.07,0.12
ALL,махинд,1,1,0.07,0.12
ALL,паломник,1,1,0.07,0.12
ALL,харихарихаривахан-авалокитешвара,1,1,0.07,0.12
ALL,восседать,1,1,0.07,0.12
ALL,лев,1,1,0.07,0.12
ALL,якшея,1,1,0.07,0.12
ALL,якшаган,1,1,0.07,0.12
ALL,аджатасен-вьякарана,1,1,0.07,0.12
ALL,восьмиугольный,1,1,0.07,0.12
ALL,понятийный,1,1,0.07,0.12
ALL,буква,1,1,0.07,0.12
ALL,локешвара,1,1,0.07,0.12
ALL,звуковой,1,1,0.07,0.12
ALL,авторство,1,1,0.07,0.12
ALL,магха,1,1,0.07,0.12
ALL,шишупалавадх,1,1,0.07,0.12
ALL,неиссякаемый,1,1,0.07,0.12
ALL,глагол,1,1,0.07,0.12
ALL,модальный,1,1,0.07,0.12
ALL,способность,1,1,0.07,0.12
ALL,мандала-классификация,1,1,0.07,0.12
ALL,нечестный,1,1,0.07,0.12
ALL,трансакция,1,1,0.07,0.12
ALL,упрек,1,1,0.07,0.12
ALL,ангуттар-никай,1,1,0.07,0.12
ALL,аттаканипат,1,1,0.07,0.12
ALL,ассаколанкасутта,1,1,0.07,0.12
ALL,якоб,1,1,0.07,0.12
ALL,бема,1,1,0.07,0.12
ALL,намбудиря,1,1,0.07,0.12
ALL,община,1,1,0.07,0.12
ALL,рохинтон,1,1,0.07,0.12
ALL,мистереть,1,1,0.07,0.12
ALL,кодирование,1,1,0.07,0.12
ALL,джатить,1,1,0.07,0.12
ALL,пашьянти,1,1,0.07,0.12
ALL,пратибх,1,1,0.07,0.12
ALL,разграничение,1,1,0.07,0.12
ALL,рисовый,1,1,0.07,0.12
ALL,каша,1,1,0.07,0.12
ALL,умерший,1,1,0.07,0.12
ALL,обрядовый,1,1,0.07,0.12
ALL,одомашнивание,1,1,0.07,0.12
ALL,стереотипизация,1,1,0.07,0.12
ALL,героиня,1,1,0.07,0.12
ALL,марьяд,1,1,0.07,0.12
ALL,южноазиатско-африканский,1,1,0.07,0.12
ALL,рамакришна,1,1,0.07,0.12
ALL,парамахамса,1,1,0.07,0.12
ALL,одержимость,1,1,0.07,0.12
ALL,служение,1,1,0.07,0.12
ALL,лицедейство,1,1,0.07,0.12
ALL,гимн-падигам,1,1,0.07,0.12
ALL,шиваит,1,1,0.07,0.12
ALL,дравидский,1,1,0.07,0.12
ALL,ампитие,1,1,0.07,0.12
ALL,людмила,1,1,0.07,0.12
ALL,сонгцэн-гампо,1,1,0.07,0.12
ALL,апофатический,1,1,0.07,0.12
ALL,стотра-ратный,1,1,0.07,0.12
ALL,ямун,1,1,0.07,0.12
ALL,тождество,1,1,0.07,0.12
ALL,дидактик,1,1,0.07,0.12
ALL,сто,1,1,0.07,0.12
ALL,миларепа,1,1,0.07,0.12
ALL,вайрочан,1,1,0.07,0.12
ALL,аватамсак,1,1,0.07,0.12
ALL,охота,1,1,0.07,0.12
ALL,катхаватх,1,1,0.07,0.12
ALL,кара-тепа,1,1,0.07,0.12
ALL,социально-философский,1,1,0.07,0.12
ALL,калачакратантра,1,1,0.07,0.12
ALL,брахманический,1,1,0.07,0.12
ALL,сакральность,1,1,0.07,0.12
ALL,межкастовый,1,1,0.07,0.12
ALL,домусульманский,1,1,0.07,0.12
ALL,нагой,1,1,0.07,0.12
ALL,тюркский,1,1,0.07,0.12
ALL,каган,1,1,0.07,0.12
ALL,сасанидский,1,1,0.07,0.12
ALL,шаханша,1,1,0.07,0.12
ALL,бхамах,1,1,0.07,0.12
ALL,гарем,1,1,0.07,0.12
ALL,нуль,1,1,0.07,0.12
ALL,богоизбранность,1,1,0.07,0.12
ALL,светоносность,1,1,0.07,0.12
ALL,санкт,1,1,0.07,0.12
ALL,татхагат,1,1,0.07,0.12
ALL,гана,1,1,0.07,0.12
ALL,гуа,1,1,0.07,0.12
ALL,торговец,1,1,0.07,0.12
ALL,богач,1,1,0.07,0.12
ALL,подразделение,1,1,0.07,0.12
ALL,байат,1,1,0.07,0.12
ALL,бодхгай,1,1,0.07,0.12
ALL,освящение,1,1,0.07,0.12
ALL,поток,1,1,0.07,0.12
ALL,метафония,1,1,0.07,0.12
ALL,иллюстрировать,1,1,0.07,0.12
ALL,институт_востоковедения_ран,1,1,0.07,0.12
ALL,пить,1,1,0.07,0.12
ALL,питие,1,1,0.07,0.12
ALL,многомировой,1,1,0.07,0.12
ALL,эверетта-менский,1,1,0.07,0.12
ALL,атомистический,1,1,0.07,0.12
ALL,расширение,1,1,0.07,0.12
ALL,распространение,1,1,0.07,0.12
ALL,далитскай,1,1,0.07,0.12
ALL,автобиография,1,1,0.07,0.12
ALL,франциск,1,1,0.07,0.12
ALL,ксавье,1,1,0.07,0.12
ALL,отшельнический,1,1,0.07,0.12
ALL,полоннарув,1,1,0.07,0.12
ALL,мастерство,1,1,0.07,0.12
ALL,городской,1,1,0.07,0.12
ALL,внеязыковой,1,1,0.07,0.12
ALL,действительность,1,1,0.07,0.12
ALL,научно-фантастический,1,1,0.07,0.12
ALL,хумаюна,1,1,0.07,0.12
ALL,ахмед,1,1,0.07,0.12
ALL,брахмаракшас,1,1,0.07,0.12
ALL,саутрантик,1,1,0.07,0.12
ALL,скандх,1,1,0.07,0.12
ALL,лунный,1,1,0.07,0.12
ALL,созвездие,1,1,0.07,0.12
ALL,имянаречение,1,1,0.07,0.12
ALL,спбгу,1,1,0.07,0.12
ALL,поэт-ребенок,1,1,0.07,0.12
ALL,самбандар,1,1,0.07,0.12
ALL,месопотамский,1,1,0.07,0.12
ALL,познавать,1,1,0.07,0.12
ALL,рекогнитивный,1,1,0.07,0.12
ALL,самопознание,1,1,0.07,0.12
ALL,киннары,1,1,0.07,0.12
ALL,редактор,1,1,0.07,0.12
ALL,бхакт-наянар,1,1,0.07,0.12
ALL,бхрамара-гита,1,1,0.07,0.12
ALL,воробьев-десятовский,1,1,0.07,0.12
ALL,российско-индийский,1,1,0.07,0.12
ALL,лад,1,1,0.07,0.12
ALL,девдас,1,1,0.07,0.12
ALL,бонкимчондро,1,1,0.07,0.12
ALL,чоттопаддхать,1,1,0.07,0.12
ALL,продолжение,1,1,0.07,0.12
ALL,обитатель,1,1,0.07,0.12
ALL,первопечатный,1,1,0.07,0.12
ALL,манипури,1,1,0.07,0.12
ALL,манипур,1,1,0.07,0.12
ALL,ратнакалика,1,1,0.07,0.12
ALL,лор,1,1,0.07,0.12
ALL,чандрань,1,1,0.07,0.12
ALL,субхашитаратнакош,1,1,0.07,0.12
ALL,катама,1,1,0.07,0.12
ALL,раджа,1,1,0.07,0.12
ALL,нале,1,1,0.07,0.12
ALL,осакотхи,1,1,0.07,0.12
ALL,штат,1,1,0.07,0.12
ALL,яма,1,1,0.07,0.12
ALL,пессимист,1,1,0.07,0.12
ALL,вновь,1,1,0.07,0.12
ALL,графический,1,1,0.07,0.12
ALL,привезти,1,1,0.07,0.12
ALL,сибирь,1,1,0.07,0.12
ALL,онега,1,1,0.07,0.12
ALL,калиттохей,1,1,0.07,0.12
ALL,классификационный,1,1,0.07,0.12
ALL,матик,1,1,0.07,0.12
ALL,шамбал,1,1,0.07,0.12
ALL,мемориальный,1,1,0.07,0.12
ALL,бхаджан-проповедь,1,1,0.07,0.12
ALL,рахула,1,1,0.07,0.12
ALL,косик,1,1,0.07,0.12
ALL,тохар,1,1,0.07,0.12
ALL,дар,1,1,0.07,0.12
ALL,небо,1,1,0.07,0.12
ALL,винадхара,1,1,0.07,0.12
ALL,ардханаришвара,1,1,0.07,0.12
ALL,переходной,1,1,0.07,0.12
ALL,ученик,1,1,0.07,0.12
ALL,упанаян,1,1,0.07,0.12
ALL,ряд,1,1,0.07,0.12
ALL,разработка,1,1,0.07,0.12
ALL,прогулка,1,1,0.07,0.12
ALL,хануман,1,1,0.07,0.12
ALL,кайласа,1,1,0.07,0.12
ALL,шайва-бхакт,1,1,0.07,0.12
ALL,черамана,1,1,0.07,0.12
ALL,перумалить,1,1,0.07,0.12
ALL,рассказать,1,1,0.07,0.12
ALL,перияпуран,1,1,0.07,0.12
ALL,секкижара,1,1,0.07,0.12
ALL,фреска,1,1,0.07,0.12
ALL,брихадишвара,1,1,0.07,0.12
ALL,танджор,1,1,0.07,0.12
ALL,сожжение,1,1,0.07,0.12
ALL,трипура,1,1,0.07,0.12
ALL,перекресток,1,1,0.07,0.12
ALL,связанный,1,1,0.07,0.12
ALL,патал,1,1,0.07,0.12
ALL,ашрамный,1,1,0.07,0.12
ALL,термез,1,1,0.07,0.12
ALL,взаимопроникновение,1,1,0.07,0.12
ALL,интертекст,1,1,0.07,0.12
ALL,нетоновый,1,1,0.07,0.12
ALL,настольный,1,1,0.07,0.12
ALL,венок,1,1,0.07,0.12
ALL,сонет,1,1,0.07,0.12
ALL,инновация,1,1,0.07,0.12
ALL,пудгалавинишчай,1,1,0.07,0.12
ALL,еретик,1,1,0.07,0.12
ALL,локаятик,1,1,0.07,0.12
ALL,каутс,1,1,0.07,0.12
ALL,распутница,1,1,0.07,0.12
ALL,этномузыколог,1,1,0.07,0.12
ALL,лондонский,1,1,0.07,0.12
ALL,концерт,1,1,0.07,0.12
ALL,спб,1,1,0.07,0.12
ALL,мастер-потуа,1,1,0.07,0.12
ALL,исполнение,1,1,0.07,0.12
ALL,диалогический,1,1,0.07,0.12
ALL,субконтинент,1,1,0.07,0.12
ALL,катхпутля,1,1,0.07,0.12
ALL,марионетка,1,1,0.07,0.12
ALL,снова,1,1,0.07,0.12
ALL,перевести,1,1,0.07,0.12
ALL,панкратов,1,1,0.07,0.12
ALL,высокий,1,1,0.07,0.12
ALL,истина,1,1,0.07,0.12
ALL,парамартх,1,1,0.07,0.12
ALL,амаракош,1,1,0.07,0.12
ALL,перспективизм,1,1,0.07,0.12
ALL,мастер,1,1,0.07,0.12
ALL,осень,1,1,0.07,0.12
ALL,бхактамал,1,1,0.07,0.12
ALL,набхадас,1,1,0.07,0.12
ALL,бхактотсава,1,1,0.07,0.12
ALL,тируттондаттохей,1,1,0.07,0.12
ALL,махотсававидхи,1,1,0.07,0.12
ALL,агхорашив,1,1,0.07,0.12
ALL,роберто,1,1,0.07,0.12
ALL,нобиль,1,1,0.07,0.12
ALL,фундаментальность,1,1,0.07,0.12
ALL,бхрамар-гит,1,1,0.07,0.12
ALL,кронос,1,1,0.07,0.12
ALL,сатие-юг,1,1,0.07,0.12
ALL,коммунизм,1,1,0.07,0.12
ALL,социогенез,1,1,0.07,0.12
ALL,агничаять,1,1,0.07,0.12
ALL,толпава,1,1,0.07,0.12
ALL,кутх,1,1,0.07,0.12
ALL,пауль,1,1,0.07,0.12
ALL,дойссный,1,1,0.07,0.12
ALL,квалий,1,1,0.07,0.12
ALL,метафизика,1,1,0.07,0.12
ALL,повседневный,1,1,0.07,0.12
ALL,философско-поэтический,1,1,0.07,0.12
ALL,ведантачарья,1,1,0.07,0.12
ALL,морализаторство,1,1,0.07,0.12
ALL,спхотавад,1,1,0.07,0.12
ALL,урувилев,1,1,0.07,0.12
ALL,последователь,1,1,0.07,0.12
ALL,шатакатрай,1,1,0.07,0.12
ALL,шрингарашатака,1,1,0.07,0.12
ALL,дохады,1,1,0.07,0.12
ALL,исчезновение,1,1,0.07,0.12
ALL,фактор,1,1,0.07,0.12
ALL,зарождение,1,1,0.07,0.12
ALL,рыбак,1,1,0.07,0.12
ALL,мифологема,1,1,0.07,0.12
ALL,шрикалачакр-тантра,1,1,0.07,0.12
ALL,синтаксический,1,1,0.07,0.12
ALL,дардскома,1,1,0.07,0.12
ALL,анкхья-нат,1,1,0.07,0.12
ALL,мультилингвизм,1,1,0.07,0.12
ALL,экстравертность,1,1,0.07,0.12
ALL,ньяя-вайшешик,1,1,0.07,0.12
ALL,раг,1,1,0.07,0.12
ALL,баллада,1,1,0.07,0.12
ALL,кусалаван,1,1,0.07,0.12
ALL,наставник-покровитель,1,1,0.07,0.12
ALL,каменный,1,1,0.07,0.12
ALL,изваяние,1,1,0.07,0.12
ALL,евразия,1,1,0.07,0.12
ALL,идиом,1,1,0.07,0.12
ALL,наш,1,1,0.07,0.12
ALL,типичный,1,1,0.07,0.12
ALL,сонм,1,1,0.07,0.12
ALL,буддист-ойрат,1,1,0.07,0.12
ALL,асар,1,1,0.07,0.12
ALL,лишенный,1,1,0.07,0.12
ALL,суть,1,1,0.07,0.12
ALL,медленный,1,1,0.07,0.12
ALL,прамана-самуччая-вритти,1,1,0.07,0.12
ALL,мотивировка,1,1,0.07,0.12
ALL,вторичный,1,1,0.07,0.12
ALL,цитирование,1,1,0.07,0.12
ALL,лхасскома,1,1,0.07,0.12
ALL,выход,1,1,0.07,0.12
ALL,индо-ирландский,1,1,0.07,0.12
ALL,канакавастый,1,1,0.07,0.12
ALL,полиптих,1,1,0.07,0.12
ALL,отдельный,1,1,0.07,0.12
ALL,ученичество,1,1,0.07,0.12
ALL,дивьядхвань,1,1,0.07,0.12
ALL,девадундубха,1,1,0.07,0.12
ALL,музыка,1,1,0.07,0.12
ALL,яджаман,1,1,0.07,0.12
ALL,божественность,1,1,0.07,0.12
ALL,индусский,1,1,0.07,0.12
ALL,кришномохать,1,1,0.07,0.12
ALL,банерджи,1,1,0.07,0.12
ALL,христианин,1,1,0.07,0.12
ALL,мертвый,1,1,0.07,0.12
ALL,сын,1,1,0.07,0.12
ALL,анекдот,1,1,0.07,0.12
ALL,брак,1,1,0.07,0.12
ALL,медиация,1,1,0.07,0.12
ALL,лингам,1,1,0.07,0.12
ALL,вирашайвовый,1,1,0.07,0.12
ALL,ратня,1,1,0.07,0.12
ALL,карибский,1,1,0.07,0.12
ALL,родственник,1,1,0.07,0.12
ALL,послание,1,1,0.07,0.12
ALL,периодизация,1,1,0.07,0.12
ALL,абхинишкраман,1,1,0.07,0.12
ALL,ишвара-пратьябхиджня-вимаршинить,1,1,0.07,0.12
ALL,костыль,1,1,0.07,0.12
ALL,факир,1,1,0.07,0.12
ALL,празднование,1,1,0.07,0.12
ALL,холя,1,1,0.07,0.12
ALL,незапятнанный,1,1,0.07,0.12
ALL,окружить,1,1,0.07,0.12
ALL,свита,1,1,0.07,0.12
ALL,горакха,1,1,0.07,0.12
ALL,сила,1,1,0.07,0.12
ALL,меряться,1,1,0.07,0.12
ALL,столкновение,1,1,0.07,0.12
ALL,разный,1,1,0.07,0.12
ALL,индивидуальный,1,1,0.07,0.12
ALL,субъективный,1,1,0.07,0.12
ALL,ретроспективный,1,1,0.07,0.12
ALL,библиографический,1,1,0.07,0.12
ALL,указатель,1,1,0.07,0.12
ALL,писатель,1,1,0.07,0.12
ALL,поколение,1,1,0.07,0.12
ALL,прислать,1,1,0.07,0.12
ALL,дифференциация,1,1,0.07,0.12
ALL,извне,1,1,0.07,0.12
ALL,изнутри,1,1,0.07,0.12
ALL,повседневность,1,1,0.07,0.12
ALL,капилаваст,1,1,0.07,0.12
ALL,саундарананд,1,1,0.07,0.12
ALL,лакшана,1,1,0.07,0.12
ALL,кхандана-кханда-кхадьяа,1,1,0.07,0.12
ALL,харши,1,1,0.07,0.12
ALL,бессамостность,1,1,0.07,0.12
ALL,просто-я,1,1,0.07,0.12
ALL,агон,1,1,0.07,0.12
ALL,бхакатов,1,1,0.07,0.12
ALL,танцевальный,1,1,0.07,0.12
ALL,прекращение,1,1,0.07,0.12
ALL,тальварный,1,1,0.07,0.12
ALL,рукоять,1,1,0.07,0.12
ALL,рудрый,1,1,0.07,0.12
ALL,шатарудрие,1,1,0.07,0.12
ALL,германо-скандинавский,1,1,0.07,0.12
ALL,шричандра,1,1,0.07,0.12
ALL,раджастханский,1,1,0.07,0.12
ALL,обработка,1,1,0.07,0.12
ALL,первоисточник,1,1,0.07,0.12
ALL,буквальный,1,1,0.07,0.12
ALL,дериват,1,1,0.07,0.12
ALL,идеал,1,1,0.07,0.12
ALL,гуптский,1,1,0.07,0.12
ALL,ратнавалить,1,1,0.07,0.12
ALL,дашабхумика-сутра,1,1,0.07,0.12
ALL,неявный,1,1,0.07,0.12
ALL,видимый,1,1,0.07,0.12
ALL,невидимый,1,1,0.07,0.12
ALL,теоретико-культурный,1,1,0.07,0.12
ALL,тибето-цинский,1,1,0.07,0.12
ALL,водоем,1,1,0.07,0.12
ALL,нумерационный,1,1,0.07,0.12
ALL,махавирачарья,1,1,0.07,0.12
ALL,положение,1,1,0.07,0.12
ALL,вычисление,1,1,0.07,0.12
ALL,сандаловый,1,1,0.07,0.12
ALL,триграмм,1,1,0.07,0.12
ALL,перемена,1,1,0.07,0.12
ALL,санкхьяик,1,1,0.07,0.12
ALL,атмана,1,1,0.07,0.12
ALL,атмапарикша,1,1,0.07,0.12
ALL,шанатаракшит,1,1,0.07,0.12
ALL,идеальный,1,1,0.07,0.12
ALL,кодекс,1,1,0.07,0.12
ALL,переть,1,1,0.07,0.12
ALL,сумарага,1,1,0.07,0.12
ALL,позднесредневековый,1,1,0.07,0.12
ALL,панджабский,1,1,0.07,0.12
ALL,неясный,1,1,0.07,0.12
ALL,императорский,1,1,0.07,0.12
ALL,апастамба-яджна-парибхашасутро,1,1,0.07,0.12
ALL,чидамбар,1,1,0.07,0.12
ALL,дикшитара,1,1,0.07,0.12
ALL,деепричастие,1,1,0.07,0.12
ALL,пассивный,1,1,0.07,0.12
ALL,поталак,1,1,0.07,0.12
ALL,местопребывание,1,1,0.07,0.12
ALL,нетибетский,1,1,0.07,0.12
ALL,каргил,1,1,0.07,0.12
ALL,ночь,1,1,0.07,0.12
ALL,миродержец,1,1,0.07,0.12
ALL,гхантой,1,1,0.07,0.12
ALL,гхатом,1,1,0.07,0.12
ALL,брахмадев,1,1,0.07,0.12
ALL,дравья-санграха-вритти,1,1,0.07,0.12
ALL,мадаль,1,1,0.07,0.12
ALL,самоистязание,1,1,0.07,0.12
ALL,дискретность,1,1,0.07,0.12
ALL,мышление-читта,1,1,0.07,0.12
ALL,устойчивость,1,1,0.07,0.12
ALL,личность,1,1,0.07,0.12
ALL,майтхуна,1,1,0.07,0.12
ALL,слияние,1,1,0.07,0.12
ALL,ваджра,1,1,0.07,0.12
ALL,сандхие-бхаш,1,1,0.07,0.12
ALL,йусуфа,1,1,0.07,0.12
ALL,адвайте,1,1,0.07,0.12
ALL,узнавание,1,1,0.07,0.12
ALL,себя,1,1,0.07,0.12
ALL,обладать,1,1,0.07,0.12
ALL,ишварапратьябхиджня-карика,1,1,0.07,0.12
ALL,лхаса,1,1,0.07,0.12
ALL,кумарь,1,1,0.07,0.12
ALL,этнокультурный,1,1,0.07,0.12
ALL,тибетско-русско-английский,1,1,0.07,0.12
ALL,опись,1,1,0.07,0.12
ALL,документ,1,1,0.07,0.12
ALL,пресс,1,1,0.07,0.12
ALL,обстоятельство,1,1,0.07,0.12
ALL,исполнять,1,1,0.07,0.12
ALL,зикра,1,1,0.07,0.12
ALL,чиштийя,1,1,0.07,0.12
ALL,рука,1,1,0.07,0.12
ALL,телеология,1,1,0.07,0.12
ALL,демонический,1,1,0.07,0.12
ALL,сексуальность,1,1,0.07,0.12
ALL,инцест,1,1,0.07,0.12
ALL,ями,1,1,0.07,0.12
ALL,словацкий,1,1,0.07,0.12
ALL,кумаонский,1,1,0.07,0.12
ALL,голудева,1,1,0.07,0.12
ALL,норма,1,1,0.07,0.12
ALL,идти,1,1,0.07,0.12
ALL,дорога,1,1,0.07,0.12
ALL,пророчество,1,1,0.07,0.12
ALL,содержательный,1,1,0.07,0.12
ALL,порядок,1,1,0.07,0.12
ALL,перечень,1,1,0.07,0.12
ALL,прамей,1,1,0.07,0.12
ALL,ньяя-сутра,1,1,0.07,0.12
ALL,ньий-бхаший,1,1,0.07,0.12
ALL,экологический,1,1,0.07,0.12
ALL,махуа,1,1,0.07,0.12
ALL,маджи,1,1,0.07,0.12
ALL,кровь,1,1,0.07,0.12
ALL,отказ,1,1,0.07,0.12
ALL,арджун,1,1,0.07,0.12
ALL,сражение,1,1,0.07,0.12
ALL,кино,1,1,0.07,0.12
ALL,тирумурейканда-пуран,1,1,0.07,0.12
ALL,звено,1,1,0.07,0.12
ALL,причинность,1,1,0.07,0.12
ALL,абхидхамма-питаки,1,1,0.07,0.12
ALL,сабля-шамшир,1,1,0.07,0.12
ALL,мысленный,1,1,0.07,0.12
ALL,эксперимент,1,1,0.07,0.12
ALL,вьявахара,1,1,0.07,0.12
ALL,универсум,1,1,0.07,0.12
ALL,достоверность,1,1,0.07,0.12
ALL,праманавад,1,1,0.07,0.12
ALL,чариягить,1,1,0.07,0.12
ALL,рудра-кхандоба,1,1,0.07,0.12
ALL,зонтхаймер,1,1,0.07,0.12
ALL,шри-вишнуизм,1,1,0.07,0.12
ALL,самашраян,1,1,0.07,0.12
ALL,панчасамскара,1,1,0.07,0.12
ALL,артхакрия,1,1,0.07,0.12
ALL,пчела,1,1,0.07,0.12
ALL,уклад,1,1,0.07,0.12
ALL,сказ,1,1,0.07,0.12
ALL,бажов,1,1,0.07,0.12
ALL,компонент,1,1,0.07,0.12
ALL,познавательный,1,1,0.07,0.12
ALL,абхидхарма-самуччай,1,1,0.07,0.12
ALL,оговорка,1,1,0.07,0.12
ALL,меч-посох,1,1,0.07,0.12
ALL,д-р,1,1,0.07,0.12
ALL,маханамбрат,1,1,0.07,0.12
ALL,брахмачарь,1,1,0.07,0.12
ALL,квинтэссенция,1,1,0.07,0.12
ALL,мертон,1,1,0.07,0.12
ALL,карне,1,1,0.07,0.12
ALL,вселение,1,1,0.07,0.12
ALL,шлока,1,1,0.07,0.12
ALL,тхакурить,1,1,0.07,0.12
ALL,тхакуджуджа,1,1,0.07,0.12
ALL,недосказать,1,1,0.07,0.12
ALL,ардхокть,1,1,0.07,0.12
ALL,всеведущий,1,1,0.07,0.12
ALL,синкретический,1,1,0.07,0.12
ALL,уложить,1,1,0.07,0.12
ALL,архивировать,1,1,0.07,0.12
ALL,панегирик,1,1,0.07,0.12
ALL,тибето-китайский,1,1,0.07,0.12
ALL,наименование,1,1,0.07,0.12
ALL,титул,1,1,0.07,0.12
ALL,регент,1,1,0.07,0.12
ALL,далай-лама,1,1,0.07,0.12
ALL,назначение,1,1,0.07,0.12
ALL,сангие,1,1,0.07,0.12
ALL,гьяцо,1,1,0.07,0.12
ALL,дэсрид,1,1,0.07,0.12
ALL,парамаартхасар,1,1,0.07,0.12
ALL,руководство,1,1,0.07,0.12
ALL,обретение,1,1,0.07,0.12
ALL,сингулярность,1,1,0.07,0.12
ALL,цветомыслие,1,1,0.07,0.12
ALL,дайва-арадхана,1,1,0.07,0.12
ALL,сценарий,1,1,0.07,0.12
ALL,пушпакарандак,1,1,0.07,0.12
ALL,восхваление,1,1,0.07,0.12
ALL,табак,1,1,0.07,0.12
ALL,пухейиль,1,1,0.07,0.12
ALL,видутуд,1,1,0.07,0.12
ALL,синь,1,1,0.07,0.12
ALL,саккарий,1,1,0.07,0.12
ALL,пулавар,1,1,0.07,0.12
ALL,сокровище,1,1,0.07,0.12
ALL,пространственный,1,1,0.07,0.12
ALL,локализация,1,1,0.07,0.12
ALL,дхарань,1,1,0.07,0.12
ALL,дхаранипитак,1,1,0.07,0.12
ALL,ганеша,1,1,0.07,0.12
ALL,амитабх,1,1,0.07,0.12
ALL,ньигма,1,1,0.07,0.12
ALL,фронтальный,1,1,0.07,0.12
ALL,трехчетвертной,1,1,0.07,0.12
ALL,лицо,1,1,0.07,0.12
ALL,западно-индийский,1,1,0.07,0.12
ALL,унмый,1,1,0.07,0.12
ALL,вилакк,1,1,0.07,0.12
ALL,иконология,1,1,0.07,0.12
ALL,написание,1,1,0.07,0.12
ALL,белые,1,1,0.07,0.12
ALL,шапка,1,1,0.07,0.12
ALL,эндемичность,1,1,0.07,0.12
ALL,санграха,1,1,0.07,0.12
ALL,народность,1,1,0.07,0.12
ALL,лимб,1,1,0.07,0.12
ALL,хардоле,1,1,0.07,0.12
ALL,принц,1,1,0.07,0.12
ALL,орччха,1,1,0.07,0.12
ALL,очки,1,1,0.07,0.12
ALL,жест,1,1,0.07,0.12
ALL,бытовой,1,1,0.07,0.12
ALL,этикет,1,1,0.07,0.12
ALL,двести,1,1,0.07,0.12
ALL,атман,1,1,0.07,0.12
ALL,дравие,1,1,0.07,0.12
ALL,шаунака,1,1,0.07,0.12
ALL,социовозрастной,1,1,0.07,0.12
ALL,инициация,1,1,0.07,0.12
ALL,монашеский,1,1,0.07,0.12
ALL,киплинг,1,1,0.07,0.12
ALL,шаманский,1,1,0.07,0.12
ALL,маврикий,1,1,0.07,0.12
ALL,рам-катх,1,1,0.07,0.12
ALL,чарья-гить,1,1,0.07,0.12
ALL,архаика,1,1,0.07,0.12
ALL,зачин,1,1,0.07,0.12
ALL,гадьяа,1,1,0.07,0.12
ALL,венец,1,1,0.07,0.12
ALL,крест,1,1,0.07,0.12
ALL,делийский,1,1,0.07,0.12
ALL,даргах,1,1,0.07,0.12
ALL,адбхуть,1,1,0.07,0.12
ALL,адхьятм,1,1,0.07,0.12
ALL,вождь,1,1,0.07,0.12
ALL,разряд,1,1,0.07,0.12
ALL,синий,1,1,0.07,0.12
ALL,дарение,1,1,0.07,0.12
ALL,чаша,1,1,0.07,0.12
ALL,вал,1,1,0.07,0.12
ALL,припамирский,1,1,0.07,0.12
ALL,хараппский,1,1,0.07,0.12
ALL,оруэлл,1,1,0.07,0.12
ALL,греза,1,1,0.07,0.12
ALL,наяву,1,1,0.07,0.12
ALL,джайнизм,1,1,0.07,0.12
ALL,конь,1,1,0.07,0.12
ALL,джамб,1,1,0.07,0.12
ALL,ворота,1,1,0.07,0.12
ALL,этико-интуитивистский,1,1,0.07,0.12
ALL,серайкел,1,1,0.07,0.12
ALL,майюрбхандж,1,1,0.07,0.12
ALL,пурулиа,1,1,0.07,0.12
ALL,чхау,1,1,0.07,0.12
ALL,плато,1,1,0.07,0.12
ALL,чхота,1,1,0.07,0.12
ALL,нагпур,1,1,0.07,0.12
ALL,сумеречный,1,1,0.07,0.12
ALL,штудия,1,1,0.07,0.12
ALL,лейтмотив,1,1,0.07,0.12
ALL,окончательный,1,1,0.07,0.12
ALL,редакция,1,1,0.07,0.12
ALL,шайва-сиддхант,1,1,0.07,0.12
ALL,унмада,1,1,0.07,0.12
ALL,безумный,1,1,0.07,0.12
ALL,мангал-шлока,1,1,0.07,0.12
ALL,тантралок,1,1,0.07,0.12
ALL,свобода,1,1,0.07,0.12
ALL,ананда,1,1,0.07,0.12
ALL,брахуй,1,1,0.07,0.12
ALL,мистика,1,1,0.07,0.12
ALL,возродить,1,1,0.07,0.12
ALL,яджный,1,1,0.07,0.12
ALL,асся,1,1,0.07,0.12
ALL,гхата,1,1,0.07,0.12
ALL,девочка,1,1,0.07,0.12
ALL,канья,1,1,0.07,0.12
ALL,махавидьялый,1,1,0.07,0.12
ALL,заточить,1,1,0.07,0.12
ALL,вайшнавизм,1,1,0.07,0.12
ALL,сокрытие,1,1,0.07,0.12
ALL,отличать,1,1,0.07,0.12
ALL,эпистемический,1,1,0.07,0.12
ALL,отдалить,1,1,0.07,0.12
ALL,граница,1,1,0.07,0.12
ALL,пребывать,1,1,0.07,0.12
ALL,исповедать,1,1,0.07,0.12
ALL,манджушринов,1,1,0.07,0.12
ALL,калмыцкий,1,1,0.07,0.12
ALL,император,1,1,0.07,0.12
ALL,юнчжэн,1,1,0.07,0.12
ALL,массовый,1,1,0.07,0.12
ALL,саптасварамуртеть,1,1,0.07,0.12
ALL,парель,1,1,0.07,0.12
ALL,хроника,1,1,0.07,0.12
ALL,энг,1,1,0.07,0.12
ALL,средневековье,1,1,0.07,0.12
ALL,кабилара,1,1,0.07,0.12
ALL,пари,1,1,0.07,0.12
ALL,аламбана-парикша,1,1,0.07,0.12
ALL,антропоморфный,1,1,0.07,0.12
ALL,образность,1,1,0.07,0.12
ALL,применение,1,1,0.07,0.12
ALL,праздник,1,1,0.07,0.12
ALL,селение,1,1,0.07,0.12
ALL,юго-западный,1,1,0.07,0.12
ALL,автомобиль,1,1,0.07,0.12
ALL,мотивный,1,1,0.07,0.12
ALL,павлин,1,1,0.07,0.12
ALL,мотивация,1,1,0.07,0.12
ALL,иероглиф,1,1,0.07,0.12
ALL,выразительность,1,1,0.07,0.12
ALL,кангдзь,1,1,0.07,0.12
ALL,гневный,1,1,0.07,0.12
ALL,тво,1,1,0.07,0.12
ALL,рериховский,1,1,0.07,0.12
ALL,прошлое,1,1,0.07,0.12
ALL,буддист-паломник,1,1,0.07,0.12
ALL,эдук,1,1,0.07,0.12
ALL,монумент,1,1,0.07,0.12
ALL,опрокинуть,1,1,0.07,0.12
ALL,странствовать,1,1,0.07,0.12
ALL,рассказчик,1,1,0.07,0.12
ALL,лама,1,1,0.07,0.12
ALL,манип,1,1,0.07,0.12
ALL,поэт-мистик,1,1,0.07,0.12
ALL,релевантность,1,1,0.07,0.12
ALL,галлюцинация,1,1,0.07,0.12
ALL,кровавый,1,1,0.07,0.12
ALL,событие,1,1,0.07,0.12
ALL,кхушванта,1,1,0.07,0.12
ALL,сингха,1,1,0.07,0.12
ALL,поезд,1,1,0.07,0.12
ALL,тантрийский,1,1,0.07,0.12
ALL,потенциал,1,1,0.07,0.12
ALL,прочтение,1,1,0.07,0.12
ALL,аштанг-хридая,1,1,0.07,0.12
ALL,арунадатт,1,1,0.07,0.12
ALL,хемадри,1,1,0.07,0.12
ALL,инд,1,1,0.07,0.12
ALL,пища,1,1,0.07,0.12
ALL,концептуальный,1,1,0.07,0.12
ALL,дискурсивный,1,1,0.07,0.12
ALL,нейдаль,1,1,0.07,0.12
ALL,радетель,1,1,0.07,0.12
ALL,пополнение,1,1,0.07,0.12
ALL,фоносемантический,1,1,0.07,0.12
ALL,неортодоксальный,1,1,0.07,0.12
ALL,очаг,1,1,0.07,0.12
ALL,обнаружение,1,1,0.07,0.12
ALL,гондванский,1,1,0.07,0.12
ALL,пудгалавад,1,1,0.07,0.12
ALL,трансфер,1,1,0.07,0.12
ALL,параллельный,1,1,0.07,0.12
ALL,санскритско-русский,1,1,0.07,0.12
ALL,корпус,1,1,0.07,0.12
ALL,наречие,1,1,0.07,0.12
ALL,грамматист,1,1,0.07,0.12
ALL,баларам,1,1,0.07,0.12
ALL,панчанан,1,1,0.07,0.12
ALL,старость,1,1,0.07,0.12
ALL,беллетристика,1,1,0.07,0.12
ALL,подсказка,1,1,0.07,0.12
ALL,бессмертие,1,1,0.07,0.12
ALL,мини-бхагавадгит,1,1,0.07,0.12
ALL,хакер,1,1,0.07,0.12
ALL,значимость,1,1,0.07,0.12
ALL,онлайн-корпус,1,1,0.07,0.12
ALL,иванов,1,1,0.07,0.12
ALL,текущий,1,1,0.07,0.12
ALL,проект,1,1,0.07,0.12
ALL,сохранить,1,1,0.07,0.12
ALL,изд-во,1,1,0.07,0.12
ALL,нартанга,1,1,0.07,0.12
ALL,посмертный,1,1,0.07,0.12
ALL,издание,1,1,0.07,0.12
ALL,полный,1,1,0.07,0.12
ALL,семенцов,1,1,0.07,0.12
ALL,гитабхаший,1,1,0.07,0.12
ALL,вокруг,1,1,0.07,0.12
ALL,гарба,1,1,0.07,0.12
ALL,сходный,1,1,0.07,0.12
ALL,удрученность,1,1,0.07,0.12
ALL,умопомешательство,1,1,0.07,0.12
ALL,писание,1,1,0.07,0.12
ALL,шайва,1,1,0.07,0.12
ALL,разразить,1,1,0.07,0.12
ALL,гром,1,1,0.07,0.12
ALL,метеорологический,1,1,0.07,0.12
ALL,трансцендентальный,1,1,0.07,0.12
ALL,панчашихка,1,1,0.07,0.12
ALL,материалист,1,1,0.07,0.12
ALL,манер,1,1,0.07,0.12
ALL,вритти,1,1,0.07,0.12
ALL,удовлетворить,1,1,0.07,0.12
ALL,тайно,1,1,0.07,0.12
ALL,влюбить,1,1,0.07,0.12
ALL,касаться,1,1,0.07,0.12
ALL,кувшин,1,1,0.07,0.12
ALL,грудь,1,1,0.07,0.12
ALL,возлюбить,1,1,0.07,0.12
ALL,тантра-алок,1,1,0.07,0.12
ALL,пятнистый,1,1,0.07,0.12
ALL,охотничий,1,1,0.07,0.12
ALL,зверь,1,1,0.07,0.12
ALL,индоевропеец,1,1,0.07,0.12
ALL,лингвокультурный,1,1,0.07,0.12
ALL,змея,1,1,0.07,0.12
ALL,вайшнавский,1,1,0.07,0.12
ALL,песнях-ньоля,1,1,0.07,0.12
ALL,рисунок,1,1,0.07,0.12
ALL,каллиграфия,1,1,0.07,0.12
ALL,фигура-лампа,1,1,0.07,0.12
ALL,культурологический,1,1,0.07,0.12
ALL,гумилев,1,1,0.07,0.12
ALL,монголо-тибетский,1,1,0.07,0.12
ALL,волос,1,1,0.07,0.12
ALL,прагматика,1,1,0.07,0.12
ALL,перечный,1,1,0.07,0.12
ALL,любовный,1,1,0.07,0.12
ALL,тирукковейар,1,1,0.07,0.12
ALL,маниккавасахар,1,1,0.07,0.12
ALL,дервишейволчок,1,1,0.07,0.12
ALL,вихрь,1,1,0.07,0.12
ALL,мистерия,1,1,0.07,0.12
ALL,транскультурный,1,1,0.07,0.12
ALL,калимпонг,1,1,0.07,0.12
ALL,языкознание,1,1,0.07,0.12
ALL,захват,1,1,0.07,0.12
ALL,джунгар,1,1,0.07,0.12
ALL,танкри,1,1,0.07,0.12
ALL,кхубрам,1,1,0.07,0.12
ALL,кхушдиля,1,1,0.07,0.12
ALL,струнный,1,1,0.07,0.12
ALL,вина,1,1,0.07,0.12
ALL,скифия,1,1,0.07,0.12
ALL,понт,1,1,0.07,0.12
ALL,эвксинский,1,1,0.07,0.12
ALL,диковина,1,1,0.07,0.12
ALL,тиб,1,1,0.07,0.12
ALL,мотивационный,1,1,0.07,0.12
ALL,доминанта,1,1,0.07,0.12
ALL,ожидание,1,1,0.07,0.12
ALL,повествование,1,1,0.07,0.12
ALL,податель,1,1,0.07,0.12
ALL,прозрение,1,1,0.07,0.12
ALL,продолжатель,1,1,0.07,0.12
ALL,тибетология,1,1,0.07,0.12
ALL,совместный,1,1,0.07,0.12
ALL,дылыковый,1,1,0.07,0.12
ALL,григорьев,1,1,0.07,0.12
ALL,будущее,1,1,0.07,0.12
ALL,гирлянда,1,1,0.07,0.12
ALL,компендиум,1,1,0.07,0.12
ALL,давать,1,1,0.07,0.12
ALL,пожениться,1,1,0.07,0.12
ALL,свадебный,1,1,0.07,0.12
ALL,нандикешваракашик,1,1,0.07,0.12
ALL,мимансак,1,1,0.07,0.12
ALL,атмане,1,1,0.07,0.12
ALL,неопознанный,1,1,0.07,0.12
ALL,протест,1,1,0.07,0.12
ALL,структурный,1,1,0.07,0.12
ALL,двойничество,1,1,0.07,0.12
ALL,субстрат,1,1,0.07,0.12
ALL,шив-бхакть,1,1,0.07,0.12
ALL,шив-йог,1,1,0.07,0.12
ALL,родственный,1,1,0.07,0.12
ALL,раштрапалапариприччха-сутра,1,1,0.07,0.12
ALL,нагесать,1,1,0.07,0.12
ALL,бхатт,1,1,0.07,0.12
ALL,голубой,1,1,0.07,0.12
ALL,кофейный,1,1,0.07,0.12
ALL,одиссея,1,1,0.07,0.12
ALL,непереть,1,1,0.07,0.12
ALL,нать,1,1,0.07,0.12
ALL,нак,1,1,0.07,0.12
ALL,модернизация,1,1,0.07,0.12
ALL,медиапространство,1,1,0.07,0.12
ALL,вишишта-адвайта,1,1,0.07,0.12
ALL,раса,1,1,0.07,0.12
ALL,сок,1,1,0.07,0.12
ALL,интеллектуальный,1,1,0.07,0.12
ALL,стелла,1,1,0.07,0.12
ALL,крамриш,1,1,0.07,0.12
ALL,авангард,1,1,0.07,0.12
ALL,высмеивание,1,1,0.07,0.12
ALL,порок,1,1,0.07,0.12
ALL,врач,1,1,0.07,0.12
ALL,кали-видамбхан,1,1,0.07,0.12
ALL,нилакантхи,1,1,0.07,0.12
ALL,дикшитый,1,1,0.07,0.12
ALL,шри-вайшнавизм,1,1,0.07,0.12
ALL,пиллей,1,1,0.07,0.12
ALL,локачарья,1,1,0.07,0.12
ALL,мумукшупасть,1,1,0.07,0.12
ALL,камень-трава,1,1,0.07,0.12
ALL,плод,1,1,0.07,0.12
ALL,синтра,1,1,0.07,0.12
ALL,фитоним,1,1,0.07,0.12
ALL,удвоение,1,1,0.07,0.12
ALL,пушп-ватика,1,1,0.07,0.12
ALL,цветущий,1,1,0.07,0.12
ALL,сад,1,1,0.07,0.12
ALL,фейковый,1,1,0.07,0.12
ALL,соранг-сомпенг,1,1,0.07,0.12
ALL,ключ,1,1,0.07,0.12
ALL,матар,1,1,0.07,0.12
ALL,бан,1,1,0.07,0.12
ALL,сор,1,1,0.07,0.12
ALL,бодхисатва-заяц,1,1,0.07,0.12
ALL,махишамардань,1,1,0.07,0.12
ALL,тубянский,1,1,0.07,0.12
ALL,словарь-тезаурус,1,1,0.07,0.12
ALL,рабочий,1,1,0.07,0.12
ALL,востоковедение,1,1,0.07,0.12
ALL,йог-сутра,1,1,0.07,0.12
ALL,арабский,1,1,0.07,0.12
ALL,ал-бируни,1,1,0.07,0.12
ALL,типитака,1,1,0.07,0.12
ALL,народно-разговорный,1,1,0.07,0.12
ALL,стилизация,1,1,0.07,0.12
ALL,панинийский,1,1,0.07,0.12
ALL,артхавинишчай-сутра,1,1,0.07,0.12
ALL,гхор,1,1,0.07,0.12
ALL,связка,1,1,0.07,0.12
ALL,текст-смысл-мышление,1,1,0.07,0.12
ALL,стандартность,1,1,0.07,0.12
ALL,цвет,1,1,0.07,0.12
ALL,ксенократ,1,1,0.07,0.12
ALL,сикионский,1,1,0.07,0.12
ALL,цвето-культурный,1,1,0.07,0.12
ALL,компетенция,1,1,0.07,0.12
ALL,чхавить,1,1,0.07,0.12
ALL,сикким,1,1,0.07,0.12
ALL,парамартхасар,1,1,0.07,0.12
ALL,мимансакапарикальпита-атма-парикша,1,1,0.07,0.12
ALL,таттво-санграха,1,1,0.07,0.12
ALL,панджик,1,1,0.07,0.12
ALL,апастамб-шраутасутра,1,1,0.07,0.12
ALL,базовый,1,1,0.07,0.12
ALL,модификация,1,1,0.07,0.12
ALL,шангшунг,1,1,0.07,0.12
ALL,тирумантирам,1,1,0.07,0.12
ALL,марко,1,1,0.07,0.12
ALL,паллиса,1,1,0.07,0.12
ALL,предостерегать,1,1,0.07,0.12
ALL,последствие,1,1,0.07,0.12
ALL,кали-юг,1,1,0.07,0.12
ALL,атрибутирование,1,1,0.07,0.12
ALL,филиал,1,1,0.07,0.12
ALL,чингис-хана,1,1,0.07,0.12
ALL,прета-канда,1,1,0.07,0.12
ALL,гаруд-пурана,1,1,0.07,0.12
ALL,дарджилингский,1,1,0.07,0.12
ALL,памятный,1,1,0.07,0.12
ALL,дата,1,1,0.07,0.12
ALL,стимул,1,1,0.07,0.12
ALL,риттер,1,1,0.07,0.12
ALL,серебряный,1,1,0.07,0.12
ALL,немногие,1,1,0.07,0.12
ALL,сведение,1,1,0.07,0.12
ALL,нилакантхадикшит-грамматист,1,1,0.07,0.12
ALL,недосказанность,1,1,0.07,0.12
ALL,прерванность,1,1,0.07,0.12
ALL,парсийский,1,1,0.07,0.12
ALL,иран,1,1,0.07,0.12
ALL,лексикализация,1,1,0.07,0.12
ALL,дезидератив,1,1,0.07,0.12
ALL,стела,1,1,0.07,0.12
ALL,шакие,1,1,0.07,0.12
ALL,совеременный,1,1,0.07,0.12
ALL,случай,1,1,0.07,0.12
ALL,аллен,1,1,0.07,0.12
ALL,гинзберг,1,1,0.07,0.12
ALL,самоповреждать,1,1,0.07,0.12
ALL,поведение,1,1,0.07,0.12
ALL,амаравати,1,1,0.07,0.12
ALL,фахверковый,1,1,0.07,0.12
ALL,рамаитский,1,1,0.07,0.12
ALL,глупец,1,1,0.07,0.12
ALL,незнакомец,1,1,0.07,0.12
ALL,человек-эпоха,1,1,0.07,0.12
ALL,ипостась,1,1,0.07,0.12
ALL,мышкин,1,1,0.07,0.12
ALL,зло,1,1,0.07,0.12
ALL,лилавад,1,1,0.07,0.12
ALL,барышня,1,1,0.07,0.12
ALL,северо-индийский,1,1,0.07,0.12
ALL,мангал,1,1,0.07,0.12
ALL,раджниша,1,1,0.07,0.12
ALL,древо,1,1,0.07,0.12
ALL,махаджанак,1,1,0.07,0.12
ALL,теоморфный,1,1,0.07,0.12
ALL,ваджракилаи,1,1,0.07,0.12
ALL,рома,1,1,0.07,0.12
ALL,отличительный,1,1,0.07,0.12
ALL,похоронный,1,1,0.07,0.12
ALL,пуризм,1,1,0.07,0.12
ALL,сома,1,1,0.07,0.12
ALL,диалектологический,1,1,0.07,0.12
ALL,химачали,1,1,0.07,0.12
ALL,методика,1,1,0.07,0.12
ALL,чатака,1,1,0.07,0.12
ALL,вайшнав,1,1,0.07,0.12
ALL,рупа,1,1,0.07,0.12
ALL,кнорозовый,1,1,0.07,0.12
ALL,бхаван,1,1,0.07,0.12
ALL,бхагават,1,1,0.07,0.12
ALL,мел,1,1,0.07,0.12
ALL,мелаттур,1,1,0.07,0.12
ALL,устройство,1,1,0.07,0.12
ALL,неатрибутировать,1,1,0.07,0.12
ALL,бахиранг-парибхаш,1,1,0.07,0.12
ALL,нагоджибхатта,1,1,0.07,0.12
ALL,бронкхорстый,1,1,0.07,0.12
ALL,авестийско-ведийский,1,1,0.07,0.12
ALL,собака,1,1,0.07,0.12
ALL,нисхождение,1,1,0.07,0.12
ALL,пастухов-голл,1,1,0.07,0.12
ALL,кишота,1,1,0.07,0.12
ALL,составлять,1,1,0.07,0.12
ALL,аскетизм,1,1,0.07,0.12
ALL,коммуникативный,1,1,0.07,0.12
ALL,женщина-гуру,1,1,0.07,0.12
ALL,процессия,1,1,0.07,0.12
ALL,пустота,1,1,0.07,0.12
ALL,рис-дэвидс,1,1,0.07,0.12
ALL,учитель,1,1,0.07,0.12
ALL,саммелан-янтра,1,1,0.07,0.12
ALL,куньджитангхристав,1,1,0.07,0.12
ALL,барахмах,1,1,0.07,0.12
ALL,нанака,1,1,0.07,0.12
ALL,реформа,1,1,0.07,0.12
ALL,календарь,1,1,0.07,0.12
ALL,чайтие,1,1,0.07,0.12
ALL,словослияние,1,1,0.07,0.12
ALL,словообразование,1,1,0.07,0.12
ALL,обсценный,1,1,0.07,0.12
ALL,брань,1,1,0.07,0.12
ALL,направление,1,1,0.07,0.12
ALL,ойратский,1,1,0.07,0.12
ALL,законоположение,1,1,0.07,0.12
ALL,всеобъемлющий,1,1,0.07,0.12
ALL,освобождать,1,1,0.07,0.12
ALL,страдание,1,1,0.07,0.12
ALL,сансар,1,1,0.07,0.12
ALL,гелиодор,1,1,0.07,0.12
ALL,вьетнамский,1,1,0.07,0.12
ALL,сущий,1,1,0.07,0.12
ALL,улан-баторский,1,1,0.07,0.12
ALL,вкус,1,1,0.07,0.12
ALL,журнал,1,1,0.07,0.12
ALL,перенниализм,1,1,0.07,0.12
ALL,одень,1,1,0.07,0.12
ALL,грандиозный,1,1,0.07,0.12
ALL,прелесть,1,1,0.07,0.12
ALL,итог,1,1,0.07,0.12
ALL,красный,1,1,0.07,0.12
ALL,социоскрипторный,1,1,0.07,0.12
ALL,вспомнить,1,1,0.07,0.12
ALL,ганджиф,1,1,0.07,0.12
ALL,карточный,1,1,0.07,0.12
ALL,сидаста,1,1,0.07,0.12
ALL,склонность,1,1,0.07,0.12
ALL,махакашьяпа,1,1,0.07,0.12
ALL,медный,1,1,0.07,0.12
ALL,джаландхар,1,1,0.07,0.12
ALL,падма-пурана,1,1,0.07,0.12
ALL,падаянуть,1,1,0.07,0.12
ALL,мудиетта,1,1,0.07,0.12
ALL,тиятта,1,1,0.07,0.12
ALL,переосмыслять,1,1,0.07,0.12
ALL,долг,1,1,0.07,0.12
ALL,премчанда,1,1,0.07,0.12
ALL,коровин,1,1,0.07,0.12
ALL,ренковскай,1,1,0.07,0.12
ALL,цивилизация,1,1,0.07,0.12
ALL,не-волшебный,1,1,0.07,0.12
ALL,помощница,1,1,0.07,0.12
ALL,хальбфасса,1,1,0.07,0.12
ALL,суицид,1,1,0.07,0.12
ALL,южноазиатский,1,1,0.07,0.12
ALL,политик,1,1,0.07,0.12
ALL,читать,1,1,0.07,0.12
ALL,пересказывать,1,1,0.07,0.12
ALL,переложение,1,1,0.07,0.12
ALL,чакраварти,1,1,0.07,0.12
ALL,раджагопалачарь,1,1,0.07,0.12
ALL,надельный,1,1,0.07,0.12
ALL,шабда-таттво,1,1,0.07,0.12
ALL,нормативный,1,1,0.07,0.12
ALL,сверхзадача,1,1,0.07,0.12
ALL,переоценка,1,1,0.07,0.12
ALL,различный,1,1,0.07,0.12
ALL,адлурить,1,1,0.07,0.12
ALL,багчить,1,1,0.07,0.12
ALL,андреев,1,1,0.07,0.12
ALL,эфзк,1,1,0.07,0.12
ALL,угон,1,1,0.07,0.12
ALL,древнетамильский,1,1,0.07,0.12
ALL,родильный,1,1,0.07,0.12
ALL,ономастика,1,1,0.07,0.12
ALL,юга-пурана,1,1,0.07,0.12
ALL,аморальный,1,1,0.07,0.12
ALL,поступок,1,1,0.07,0.12
ALL,брахма-стуть,1,1,0.07,0.12
ALL,бхушунди,1,1,0.07,0.12
ALL,антропология,1,1,0.07,0.12
ALL,кукла,1,1,0.07,0.12
ALL,истинность,1,1,0.07,0.12
ALL,аскет,1,1,0.07,0.12
ALL,функционирование,1,1,0.07,0.12
ALL,земной,1,1,0.07,0.12
ALL,схожий,1,1,0.07,0.12
ALL,общий,1,1,0.07,0.12
ALL,трудность,1,1,0.07,0.12
ALL,историк,1,1,0.07,0.12
ALL,нритие,1,1,0.07,0.12
ALL,мандапешвара,1,1,0.07,0.12
ALL,мумбай,1,1,0.07,0.12
ALL,аналогия,1,1,0.07,0.12
ALL,некий,1,1,0.07,0.12
ALL,который,1,1,0.07,0.12
ALL,чюдовидный,1,1,0.07,0.12
ALL,имать,1,1,0.07,0.12
ALL,неочевидный,1,1,0.07,0.12
ALL,композитный,1,1,0.07,0.12
ALL,сбор,1,1,0.07,0.12
ALL,липский,1,1,0.07,0.12
ALL,мой,1,1,0.07,0.12
ALL,твой,1,1,0.07,0.12
ALL,какой,1,1,0.07,0.12
ALL,родня,1,1,0.07,0.12
ALL,сестра,1,1,0.07,0.12
ALL,прадравидийский,1,1,0.07,0.12
ALL,безличный,1,1,0.07,0.12
ALL,вереница,1,1,0.07,0.12
ALL,похищение,1,1,0.07,0.12
ALL,планиметрический,1,1,0.07,0.12
ALL,киратарджуния,1,1,0.07,0.12
ALL,тхангка,1,1,0.07,0.12
ALL,гонд,1,1,0.07,0.12
ALL,икона,1,1,0.07,0.12
ALL,аягапатта,1,1,0.07,0.12
ALL,алтарь,1,1,0.07,0.12
ALL,черный,1,1,0.07,0.12
ALL,различение,1,1,0.07,0.12
ALL,кшатрий,1,1,0.07,0.12
ALL,петроглифика,1,1,0.07,0.12
ALL,шраут,1,1,0.07,0.12
ALL,сагничить,1,1,0.07,0.12
ALL,трисахаср,1,1,0.07,0.12
ALL,сомаяга,1,1,0.07,0.12
ALL,фигурка,1,1,0.07,0.12
ALL,танцующий,1,1,0.07,0.12
ALL,бал-кришна,1,1,0.07,0.12
ALL,посох,1,1,0.07,0.12
ALL,чанакие,1,1,0.07,0.12
ALL,образцовый,1,1,0.07,0.12
ALL,удобный,1,1,0.07,0.12
ALL,проблематичный,1,1,0.07,0.12
ALL,туркестан,1,1,0.07,0.12
ALL,тарчин,1,1,0.07,0.12
ALL,колумбийский,1,1,0.07,0.12
ALL,университет,1,1,0.07,0.12
ALL,нью-йорк,1,1,0.07,0.12
ALL,сша,1,1,0.07,0.12
ALL,идентификация,1,1,0.07,0.12
ALL,ямантаки,1,1,0.07,0.12
ALL,юнъань-с,1,1,0.07,0.12
ALL,провинция,1,1,0.07,0.12
ALL,шаньсить,1,1,0.07,0.12
ALL,ведантийско-буддийский,1,1,0.07,0.12
ALL,брахмасутрабхаший,1,1,0.07,0.12
ALL,организатор,1,1,0.07,0.12
ALL,кашьяп,1,1,0.07,0.12
ALL,неожиданный,1,1,0.07,0.12
ALL,бактро-скифский,1,1,0.07,0.12
ALL,интересный,1,1,0.07,0.12
ALL,индо-парфянский,1,1,0.07,0.12
ALL,нумизматика,1,1,0.07,0.12
ALL,синкретизм,1,1,0.07,0.12
ALL,шаманизм,1,1,0.07,0.12
ALL,тува,1,1,0.07,0.12
ALL,шоя,1,1,0.07,0.12
ALL,чурука,1,1,0.07,0.12
ALL,угроза,1,1,0.07,0.12
ALL,вторжение,1,1,0.07,0.12
ALL,нитирэна,1,1,0.07,0.12
ALL,покаяние,1,1,0.07,0.12
ALL,наказание,1,1,0.07,0.12
ALL,кавьяшастр,1,1,0.07,0.12
ALL,аланкарик,1,1,0.07,0.12
ALL,морфология,1,1,0.07,0.12
ALL,деревянный,1,1,0.07,0.12
ALL,космогонический,1,1,0.07,0.12
ALL,поведенческий,1,1,0.07,0.12
ALL,обратно,1,1,0.07,0.12
ALL,шьям,1,1,0.07,0.12
ALL,капля,1,1,0.07,0.12
ALL,стрелка,1,1,0.07,0.12
ALL,лука,1,1,0.07,0.12
ALL,аналог,1,1,0.07,0.12
ALL,пуджа,1,1,0.07,0.12
ALL,колкат,1,1,0.07,0.12
ALL,суженый,1,1,0.07,0.12
ALL,бетлингка,1,1,0.07,0.12
ALL,петербургский,1,1,0.07,0.12
ALL,лексикограф,1,1,0.07,0.12
ALL,стихосложение,1,1,0.07,0.12
ALL,телеологический,1,1,0.07,0.12
ALL,аргумент,1,1,0.07,0.12
ALL,польза,1,1,0.07,0.12
ALL,стадия,1,1,0.07,0.12
ALL,найшкармие-сиддх,1,1,0.07,0.12
ALL,монистический,1,1,0.07,0.12
ALL,адвайт-ишваравад,1,1,0.07,0.12
ALL,ишваравада,1,1,0.07,0.12
ALL,копаный,1,1,0.07,0.12
ALL,неваров,1,1,0.07,0.12
ALL,голос,1,1,0.07,0.12
ALL,каввалить,1,1,0.07,0.12
ALL,гендер,1,1,0.07,0.12
ALL,эвтаназия,1,1,0.07,0.12
ALL,путеводитель,1,1,0.07,0.12
ALL,айодхья,1,1,0.07,0.12
ALL,карта,1,1,0.07,0.12
ALL,мадхупарка,1,1,0.07,0.12
ALL,атитхьешти,1,1,0.07,0.12
ALL,школьный,1,1,0.07,0.12
ALL,куррикулум,1,1,0.07,0.12
ALL,чувственный,1,1,0.07,0.12
ALL,прасаннапад,1,1,0.07,0.12
ALL,панчамакар,1,1,0.07,0.12
ALL,каулический,1,1,0.07,0.12
ALL,парадигмальный,1,1,0.07,0.12
ALL,мышление,1,1,0.07,0.12
ALL,варно-кастовый,1,1,0.07,0.12
ALL,вредный,1,1,0.07,0.12
ALL,авестийский,1,1,0.07,0.12
ALL,хороший,1,1,0.07,0.12
ALL,представить,1,1,0.07,0.12
ALL,читатель,1,1,0.07,0.12
ALL,эльтшингер,1,1,0.07,0.12
ALL,ратья,1,1,0.07,0.12
ALL,верещагин,1,1,0.07,0.12
ALL,путешественник,1,1,0.07,0.12
ALL,воссоздавать,1,1,0.07,0.12
ALL,исследовательский,1,1,0.07,0.12
ALL,раджендролать,1,1,0.07,0.12
ALL,митро,1,1,0.07,0.12
ALL,космологический,1,1,0.07,0.12
ALL,вишнуитский,1,1,0.07,0.12
ALL,ананда-сутра,1,1,0.07,0.12
ALL,саркара,1,1,0.07,0.12
ALL,образование,1,1,0.07,0.12
ALL,корреспондент,1,1,0.07,0.12
ALL,обермиллер,1,1,0.07,0.12
ALL,адвайт-веданта,1,1,0.07,0.12
ALL,призрак,1,1,0.07,0.12
ALL,елена,1,1,0.07,0.12
ALL,похитить,1,1,0.07,0.12
ALL,победа,1,1,0.07,0.12
ALL,скандальный,1,1,0.07,0.12
ALL,столетие,1,1,0.07,0.12
ALL,преображение,1,1,0.07,0.12
ALL,маханирван-тантра,1,1,0.07,0.12
ALL,ребенок,1,1,0.07,0.12
ALL,тигр,1,1,0.07,0.12
ALL,фразеология,1,1,0.07,0.12
ALL,кауладхарма,1,1,0.07,0.12
ALL,сторонник,1,1,0.07,0.12
ALL,шабда-адвайта,1,1,0.07,0.12
ALL,наянар,1,1,0.07,0.12
ALL,бхер-джи,1,1,0.07,0.12
ALL,деревенский,1,1,0.07,0.12
ALL,хатха-йога,1,1,0.07,0.12
ALL,пенпавакутх,1,1,0.07,0.12
ALL,плоский,1,1,0.07,0.12
ALL,чорджапод,1,1,0.07,0.12
ALL,пишач,1,1,0.07,0.12
ALL,аскеза,1,1,0.07,0.12
ALL,гаутама,1,1,0.07,0.12
ALL,арготический,1,1,0.07,0.12
ALL,среднеазиатский,1,1,0.07,0.12
ALL,полвека,1,1,0.07,0.12
ALL,развертка,1,1,0.07,0.12
ALL,свертка,1,1,0.07,0.12
ALL,мангус,1,1,0.07,0.12
ALL,очеловечивание,1,1,0.07,0.12
ALL,самудраматхан,1,1,0.07,0.12
ALL,хобуксаркий,1,1,0.07,0.12
ALL,аримпилить,1,1,0.07,0.12
ALL,анаттавад,1,1,0.07,0.12
ALL,координата,1,1,0.07,0.12
ALL,центрально-азиатский,1,1,0.07,0.12
ALL,кора,1,1,0.07,0.12
ALL,юань,1,1,0.07,0.12
ALL,агиография,1,1,0.07,0.12
ALL,признак,1,1,0.07,0.12
ALL,чанпинский,1,1,0.07,0.12
ALL,битва,1,1,0.07,0.12
ALL,когда,1,1,0.07,0.12
ALL,встречаться,1,1,0.07,0.12
ALL,гомбоджаб,1,1,0.07,0.12
ALL,ганг,1,1,0.07,0.12
ALL,цивилизационный,1,1,0.07,0.12
ALL,демаркация,1,1,0.07,0.12
ALL,восток-запад,1,1,0.07,0.12
ALL,монах-дигамбар,1,1,0.07,0.12
ALL,голова,1,1,0.07,0.12
ALL,диспут,1,1,0.07,0.12
ALL,прахасан,1,1,0.07,0.12
ALL,треугольник,1,1,0.07,0.12
ALL,паскаль,1,1,0.07,0.12
ALL,пингала,1,1,0.07,0.12
ALL,выкуп,1,1,0.07,0.12
ALL,невеста,1,1,0.07,0.12
ALL,гелука,1,1,0.07,0.12
ALL,этнорелигиозный,1,1,0.07,0.12
ALL,уйгур,1,1,0.07,0.12
ALL,просветительство,1,1,0.07,0.12
ALL,ахамади,1,1,0.07,0.12
ALL,дониша,1,1,0.07,0.12
ALL,таджикистан,1,1,0.07,0.12
ALL,ожерелие,1,1,0.07,0.12
ALL,величание,1,1,0.07,0.12
ALL,шивастотравать,1,1,0.07,0.12
ALL,прошедшее,1,1,0.07,0.12
ALL,тюркоязычный,1,1,0.07,0.12
ALL,кавказ,1,1,0.07,0.12
ALL,калить,1,1,0.07,0.12
ALL,димный,1,1,0.07,0.12
ALL,метафорический,1,1,0.07,0.12
ALL,просодия,1,1,0.07,0.12
ALL,этический,1,1,0.07,0.12
ALL,метта,1,1,0.07,0.12
ALL,тевидждж,1,1,0.07,0.12
ALL,бартоломеус,1,1,0.07,0.12
ALL,цигенбальга,1,1,0.07,0.12
ALL,книжный,1,1,0.07,0.12
ALL,хождение,1,1,0.07,0.12
ALL,мучилинда,1,1,0.07,0.12
ALL,кхмерский,1,1,0.07,0.12
ALL,бодх,1,1,0.07,0.12
ALL,калмаки,1,1,0.07,0.12
ALL,маджджхима-никай,1,1,0.07,0.12
ALL,гуссерлить,1,1,0.07,0.12
ALL,культовый,1,1,0.07,0.12
ALL,матричета,1,1,0.07,0.12
ALL,тохарский,1,1,0.07,0.12
ALL,девить,1,1,0.07,0.12
ALL,младенец,1,1,0.07,0.12
ALL,богиня-мать,1,1,0.07,0.12
ALL,маччхендранатх,1,1,0.07,0.12
ALL,ритуально-мифологический,1,1,0.07,0.12
ALL,демоница,1,1,0.07,0.12
ALL,мстительница,1,1,0.07,0.12
ALL,переосмысление,1,1,0.07,0.12
ALL,ведьма,1,1,0.07,0.12
ALL,сало,1,1,0.07,0.12
ALL,намшак,1,1,0.07,0.12
ALL,социально-политический,1,1,0.07,0.12
ALL,даймонд,1,1,0.07,0.12
ALL,шамшер,1,1,0.07,0.12
ALL,рана,1,1,0.07,0.12
ALL,абхисамай-аланкар,1,1,0.07,0.12
ALL,ментальный,1,1,0.07,0.12
ALL,нисходящий,1,1,0.07,0.12
ALL,самбхара,1,1,0.07,0.12
ALL,майтхилишарать,1,1,0.07,0.12
ALL,сакета,1,1,0.07,0.12
ALL,словоформа,1,1,0.07,0.12
ALL,дравид,1,1,0.07,0.12
ALL,семантический,1,1,0.07,0.12
ALL,переход,1,1,0.07,0.12
ALL,вишаканье,1,1,0.07,0.12
ALL,прем,1,1,0.07,0.12
ALL,ситарама-чаритра-дарпать,1,1,0.07,0.12
ALL,майтхиль,1,1,0.07,0.12
ALL,зощенко,1,1,0.07,0.12
ALL,помощь,1,1,0.07,0.12
ALL,крам,1,1,0.07,0.12
ALL,пояр,1,1,0.07,0.12
ALL,объяснение,1,1,0.07,0.12
ALL,тантрология,1,1,0.07,0.12
ALL,колесо,1,1,0.07,0.12
ALL,оппонент,1,1,0.07,0.12
ALL,сесила,1,1,0.07,0.12
ALL,бендалл,1,1,0.07,0.12
ALL,публикатор,1,1,0.07,0.12
ALL,квадрат,1,1,0.07,0.12
ALL,арьядэв,1,1,0.07,0.12
ALL,сюжетообразующий,1,1,0.07,0.12
ALL,абрахам,1,1,0.07,0.12
ALL,вергеза,1,1,0.07,0.12
ALL,скрытый,1,1,0.07,0.12
ALL,начальный,1,1,0.07,0.12
ALL,вариативность,1,1,0.07,0.12
ALL,наполнение,1,1,0.07,0.12
ALL,формульный,1,1,0.07,0.12
ALL,выражение,1,1,0.07,0.12
ALL,наишкармие-сиддх,1,1,0.07,0.12
ALL,психо-неврологический,1,1,0.07,0.12
ALL,ауробиндо,1,1,0.07,0.12
ALL,гхош,1,1,0.07,0.12
ALL,разум,1,1,0.07,0.12
ALL,интуиция,1,1,0.07,0.12
ALL,дивов,1,1,0.07,0.12
ALL,корневой,1,1,0.07,0.12
ALL,йога-сутра,1,1,0.07,0.12
ALL,бходжа,1,1,0.07,0.12
ALL,брихадараньяка-упанишад,1,1,0.07,0.12
ALL,есьма,1,1,0.07,0.12
ALL,березкин,1,1,0.07,0.12
ALL,дувакин,1,1,0.07,0.12
ALL,пандит,1,1,0.07,0.12
ALL,шивасутра,1,1,0.07,0.12
ALL,трик,1,1,0.07,0.12
ALL,индианизация,1,1,0.07,0.12
ALL,армия,1,1,0.07,0.12
ALL,страница,1,1,0.07,0.12
ALL,пресса,1,1,0.07,0.12
ALL,праформа,1,1,0.07,0.12
ALL,классика,1,1,0.07,0.12
ALL,квази-трансцендентальный,1,1,0.07,0.12
ALL,разоблачение,1,1,0.07,0.12
ALL,объектный,1,1,0.07,0.12
ALL,индрия,1,1,0.07,0.12
ALL,чарьягить,1,1,0.07,0.12
ALL,сатьяграха,1,1,0.07,0.12
ALL,инородный,1,1,0.07,0.12
ALL,ухо,1,1,0.07,0.12
ALL,благословенный,1,1,0.07,0.12
ALL,редкий,1,1,0.07,0.12
ALL,гапакс,1,1,0.07,0.12
ALL,возвращаться,1,1,0.07,0.12
ALL,павакутх,1,1,0.07,0.12
ALL,мифо-ритуальный,1,1,0.07,0.12
ALL,абхисамаяаланкар,1,1,0.07,0.12
ALL,вводный,1,1,0.07,0.12
ALL,сложный,1,1,0.07,0.12
ALL,прамана-вад,1,1,0.07,0.12
ALL,таттво-сандарбха,1,1,0.07,0.12
ALL,оптика,1,1,0.07,0.12
ALL,неклассический,1,1,0.07,0.12
ALL,агхорь,1,1,0.07,0.12
ALL,визуальность,1,1,0.07,0.12
ALL,производство,1,1,0.07,0.12
ALL,авторитет,1,1,0.07,0.12
ALL,мадхьямак-сватантрик,1,1,0.07,0.12
ALL,бхававивека,1,1,0.07,0.12
ALL,мадхьямака-хридая,1,1,0.07,0.12
ALL,южноандаманский,1,1,0.07,0.12
ALL,массон-урсель,1,1,0.07,0.12
ALL,фарс,1,1,0.07,0.12
ALL,шанкхадхар,1,1,0.07,0.12
ALL,кешара,1,1,0.07,0.12
ALL,праваргие,1,1,0.07,0.12
ALL,отличный,1,1,0.07,0.12
ALL,клише,1,1,0.07,0.12
ALL,герхард,1,1,0.07,0.12
ALL,йоговский,1,1,0.07,0.12
ALL,ученый,1,1,0.07,0.12
ALL,погребальный,1,1,0.07,0.12
ALL,среда,1,1,0.07,0.12
ALL,петров,1,1,0.07,0.12
ALL,санньяса,1,1,0.07,0.12
ALL,брахмалок,1,1,0.07,0.12
ALL,физический,1,1,0.07,0.12
ALL,опосредовать,1,1,0.07,0.12
ALL,коннотативный,1,1,0.07,0.12
ALL,башня,1,1,0.07,0.12
ALL,ниша,1,1,0.07,0.12
ALL,шикхара,1,1,0.07,0.12
ALL,чалукьев,1,1,0.07,0.12
ALL,спорить,1,1,0.07,0.12
ALL,хэшана,1,1,0.07,0.12
ALL,камалашить,1,1,0.07,0.12
ALL,новиков,1,1,0.07,0.12
ALL,послевоенный,1,1,0.07,0.12
ALL,бенгалистик,1,1,0.07,0.12
ALL,ленинград,1,1,0.07,0.12
ALL,поступление,1,1,0.07,0.12
ALL,эрмитаж,1,1,0.07,0.12
ALL,особый,1,1,0.07,0.12
ALL,гулабрао,1,1,0.07,0.12
ALL,махарадж,1,1,0.07,0.12
ALL,местный,1,1,0.07,0.12
ALL,колорит,1,1,0.07,0.12
ALL,рамананда-чарит,1,1,0.07,0.12
ALL,рамбхадрачарья,1,1,0.07,0.12
ALL,фраза,1,1,0.07,0.12
ALL,диафильм,1,1,0.07,0.12
ALL,чатопадаев,1,1,0.07,0.12
ALL,камень,1,1,0.07,0.12
ALL,нидать,1,1,0.07,0.12
ALL,панчавимшатика-праджняпарамит,1,1,0.07,0.12
ALL,сталь-гольштейн,1,1,0.07,0.12
ALL,научно-издательский,1,1,0.07,0.12
ALL,златоликий,1,1,0.07,0.12
ALL,фестиваль,1,1,0.07,0.12
ALL,самьяк,1,1,0.07,0.12
ALL,мах,1,1,0.07,0.12
ALL,патан,1,1,0.07,0.12
ALL,шишов-маретина,1,1,0.07,0.12
ALL,ксения,1,1,0.07,0.12
ALL,опасный,1,1,0.07,0.12
ALL,женственность,1,1,0.07,0.12
ALL,паришишта,1,1,0.07,0.12
ALL,поздневедийский,1,1,0.07,0.12
ALL,окно,1,1,0.07,0.12
ALL,иной,1,1,0.07,0.12
ALL,линия,1,1,0.07,0.12
ALL,художница-парси,1,1,0.07,0.12
ALL,катаюна,1,1,0.07,0.12
ALL,саклата,1,1,0.07,0.12
ALL,антропологический,1,1,0.07,0.12
ALL,кодировка,1,1,0.07,0.12
ALL,математик,1,1,0.07,0.12
ALL,арьябхата,1,1,0.07,0.12
ALL,джанака,1,1,0.07,0.12
ALL,отшельница,1,1,0.07,0.12
ALL,сулабха,1,1,0.07,0.12
ALL,мбх,1,1,0.07,0.12
ALL,йогачар,1,1,0.07,0.12
ALL,абхидхармасамуччая,1,1,0.07,0.12
ALL,яйцо,1,1,0.07,0.12
ALL,курица,1,1,0.07,0.12
ALL,тримуртеть,1,1,0.07,0.12
ALL,шакть,1,1,0.07,0.12
ALL,мадиго,1,1,0.07,0.12
ALL,имперфект,1,1,0.07,0.12
ALL,секта,1,1,0.07,0.12
ALL,пифагор,1,1,0.07,0.12
ALL,итальянский,1,1,0.07,0.12
ALL,купец,1,1,0.07,0.12
ALL,петербуржец,1,1,0.07,0.12
ALL,салтыков,1,1,0.07,0.12
ALL,загадочный,1,1,0.07,0.12
ALL,тода,1,1,0.07,0.12
ALL,голод,1,1,0.07,0.12
ALL,можно,1,1,0.07,0.12
ALL,считать,1,1,0.07,0.12
ALL,нигилизм,1,1,0.07,0.12
ALL,лила,1,1,0.07,0.12
ALL,йог,1,1,0.07,0.12
ALL,васиштх,1,1,0.07,0.12
ALL,межкультурный,1,1,0.07,0.12
ALL,коммуникация,1,1,0.07,0.12
ALL,проектный,1,1,0.07,0.12
Roerich Readings,индия,55,54,10.91,18.13
Roerich Readings,текст,48,47,9.49,15.83
Roerich Readings,традиция,45,45,9.09,14.84
Roerich Readings,буддизм,39,38,7.68,12.86
Roerich Readings,санскрит,29,29,5.86,9.56
Roerich Readings,язык,28,26,5.25,9.23
Roerich Readings,юрий_рерих,28,28,5.66,9.23
Roerich Readings,тибет,25,24,4.85,8.24
Roerich Readings,древний,20,20,4.04,6.59
Roerich Readings,история,20,20,4.04,6.59
Roerich Readings,литература,19,19,3.84,6.26
Roerich Readings,пали,19,19,3.84,6.26
Roerich Readings,образ,18,18,3.64,5.93
Roerich Readings,средневековый,18,18,3.64,5.93
Roerich Readings,пураны,17,17,3.43,5.61
Roerich Readings,источник,16,16,3.23,5.28
Roerich Readings,тамильский,16,16,3.23,5.28
Roerich Readings,древнеиндийский,16,16,3.23,5.28
Roerich Readings,культура,16,16,3.23,5.28
Roerich Readings,поэзия,16,16,3.23,5.28
Roerich Readings,ритуал,13,13,2.63,4.29
Roerich Readings,рерих,13,13,2.63,4.29
Roerich Readings,будда,13,13,2.63,4.29
Roerich Readings,перевод,13,13,2.63,4.29
Roerich Readings,китайский,12,12,2.42,3.96
Roerich Readings,канон,12,12,2.42,3.96
Roerich Readings,трактат,11,11,2.22,3.63
Roerich Readings,философия,11,11,2.22,3.63
Roerich Readings,культ,11,11,2.22,3.63
Roerich Readings,ранний,10,10,2.02,3.3
Roerich Readings,азия,10,10,2.02,3.3
Roerich Readings,центральный,10,10,2.02,3.3
Roerich Readings,концепция,9,9,1.82,2.97
Roerich Readings,религия,9,9,1.82,2.97
Roerich Readings,коллекция,9,9,1.82,2.97
Roerich Readings,изображение,9,9,1.82,2.97
Roerich Readings,контекст,9,9,1.82,2.97
Roerich Readings,храм,9,9,1.82,2.97
Roerich Readings,представление,8,8,1.62,2.64
Roerich Readings,непал,8,8,1.62,2.64
Roerich Readings,первый,8,8,1.62,2.64
Roerich Readings,собрание,8,8,1.62,2.64
Roerich Readings,бхакти,8,8,1.62,2.64
Roerich Readings,сакральный,7,7,1.41,2.31
Roerich Readings,начало,7,7,1.41,2.31
Roerich Readings,слово,7,7,1.41,2.31
Roerich Readings,надпись,7,7,1.41,2.31
Roerich Readings,пространство,7,7,1.41,2.31
Roerich Readings,этимология,7,7,1.41,2.31
Roerich Readings,термин,7,7,1.41,2.31
Roerich Readings,параллель,7,7,1.41,2.31
Roerich Readings,ведийский,7,7,1.41,2.31
Roerich Readings,сюжет,7,7,1.41,2.31
Roerich Readings,абхинавагупта,7,7,1.41,2.31
Roerich Readings,драма,7,7,1.41,2.31
Roerich Readings,монгольский,7,7,1.41,2.31
Roerich Readings,понятие,6,6,1.21,1.98
Roerich Readings,отражение,6,5,1.01,1.98
Roerich Readings,время,6,6,1.21,1.98
Roerich Readings,классический,6,6,1.21,1.98
Roerich Readings,музей,6,5,1.01,1.98
Roerich Readings,описание,6,6,1.21,1.98
Roerich Readings,джайнский,6,6,1.21,1.98
Roerich Readings,новый,6,6,1.21,1.98
Roerich Readings,текстовый,6,6,1.21,1.98
Roerich Readings,мир,6,6,1.21,1.98
Roerich Readings,танка,6,5,1.01,1.98
Roerich Readings,поэтический,6,6,1.21,1.98
Roerich Readings,рамаяна,6,6,1.21,1.98
Roerich Readings,сутра,6,6,1.21,1.98
Roerich Readings,кабинет,6,6,1.21,1.98
Roerich Readings,калачакр-тантра,6,6,1.21,1.98
Roerich Readings,диалект,6,5,1.01,1.98
Roerich Readings,ритуальный,5,5,1.01,1.65
Roerich Readings,антология,5,5,1.01,1.65
Roerich Readings,иконография,5,5,1.01,1.65
Roerich Readings,классификация,5,5,1.01,1.65
Roerich Readings,школа,5,5,1.01,1.65
Roerich Readings,артхашастр,5,5,1.01,1.65
Roerich Readings,искусство,5,5,1.01,1.65
Roerich Readings,принцип,5,5,1.01,1.65
Roerich Readings,джатака,5,5,1.01,1.65
Roerich Readings,исток,5,5,1.01,1.65
Roerich Readings,наука,5,5,1.01,1.65
Roerich Readings,кашмирский,5,5,1.01,1.65
Roerich Readings,японский,5,5,1.01,1.65
Roerich Readings,современный,5,5,1.01,1.65
Roerich Readings,раннебуддийский,5,5,1.01,1.65
Roerich Readings,традиционный,5,5,1.01,1.65
Roerich Readings,япония,5,5,1.01,1.65
Roerich Readings,бог,5,4,0.81,1.65
Roerich Readings,область,5,5,1.01,1.65
Roerich Readings,культурный,5,5,1.01,1.65
Roerich Readings,теория,5,5,1.01,1.65
Roerich Readings,мотив,5,5,1.01,1.65
Roerich Readings,субъект,5,4,0.81,1.65
Roerich Readings,комментарий,5,5,1.01,1.65
Roerich Readings,эпический,5,5,1.01,1.65
Roerich Readings,два,5,5,1.01,1.65
Roerich Readings,поэма,5,5,1.01,1.65
Roerich Readings,могольский,5,5,1.01,1.65
Roerich Readings,обряд,5,5,1.01,1.65
Roerich Readings,вастувидья,5,5,1.01,1.65
Roerich Readings,семантика,5,5,1.01,1.65
Roerich Readings,шива,5,5,1.01,1.65
Roerich Readings,происхождение,5,5,1.01,1.65
Roerich Readings,священный,5,5,1.01,1.65
Roerich Readings,русский,5,5,1.01,1.65
Roerich Readings,дискурс,4,4,0.81,1.32
Roerich Readings,система,4,4,0.81,1.32
Roerich Readings,чтение,4,4,0.81,1.32
Roerich Readings,непальский,4,4,0.81,1.32
Roerich Readings,письмо,4,4,0.81,1.32
Roerich Readings,европейский,4,4,0.81,1.32
Roerich Readings,восточный,4,4,0.81,1.32
Roerich Readings,минаев,4,4,0.81,1.32
Roerich Readings,кочевник,4,4,0.81,1.32
Roerich Readings,западный,4,4,0.81,1.32
Roerich Readings,цикл,4,4,0.81,1.32
Roerich Readings,шиваизм,4,4,0.81,1.32
Roerich Readings,царство,4,4,0.81,1.32
Roerich Readings,зеркало,4,4,0.81,1.32
Roerich Readings,путь,4,4,0.81,1.32
Roerich Readings,символика,4,4,0.81,1.32
Roerich Readings,прием,4,4,0.81,1.32
Roerich Readings,восприятие,4,4,0.81,1.32
Roerich Readings,ирландский,4,4,0.81,1.32
Roerich Readings,живопись,4,4,0.81,1.32
Roerich Readings,несколько,4,4,0.81,1.32
Roerich Readings,речь,4,4,0.81,1.32
Roerich Readings,лалитавистара,4,4,0.81,1.32
Roerich Readings,натьяшастр,4,4,0.81,1.32
Roerich Readings,буддист,4,4,0.81,1.32
Roerich Readings,часть,4,4,0.81,1.32
Roerich Readings,песня,4,3,0.61,1.32
Roerich Readings,ив_ран,4,4,0.81,1.32
Roerich Readings,москва,4,4,0.81,1.32
Roerich Readings,практика,4,4,0.81,1.32
Roerich Readings,между,4,4,0.81,1.32
Roerich Readings,смена,4,4,0.81,1.32
Roerich Readings,скульптура,4,4,0.81,1.32
Roerich Readings,эпоха,4,4,0.81,1.32
Roerich Readings,имперский,4,4,0.81,1.32
Roerich Readings,идея,4,4,0.81,1.32
Roerich Readings,формирование,4,4,0.81,1.32
Roerich Readings,реальность,3,3,0.61,0.99
Roerich Readings,открытие,3,3,0.61,0.99
Roerich Readings,ригведа,3,3,0.61,0.99
Roerich Readings,строительный,3,3,0.61,0.99
Roerich Readings,социальный,3,3,0.61,0.99
Roerich Readings,век,3,3,0.61,0.99
Roerich Readings,вастувидие,3,3,0.61,0.99
Roerich Readings,персонаж,3,3,0.61,0.99
Roerich Readings,поэтика,3,3,0.61,0.99
Roerich Readings,что,3,3,0.61,0.99
Roerich Readings,стиль,3,3,0.61,0.99
Roerich Readings,соотношение,3,3,0.61,0.99
Roerich Readings,народ,3,2,0.4,0.99
Roerich Readings,каутилья,3,3,0.61,0.99
Roerich Readings,миф,3,3,0.61,0.99
Roerich Readings,махабхарат,3,3,0.61,0.99
Roerich Readings,шастр,3,3,0.61,0.99
Roerich Readings,глава,3,3,0.61,0.99
Roerich Readings,конец,3,3,0.61,0.99
Roerich Readings,гость,3,3,0.61,0.99
Roerich Readings,понимание,3,3,0.61,0.99
Roerich Readings,строительство,3,3,0.61,0.99
Roerich Readings,археология,3,3,0.61,0.99
Roerich Readings,человек,3,3,0.61,0.99
Roerich Readings,танец,3,2,0.4,0.99
Roerich Readings,обращение,3,3,0.61,0.99
Roerich Readings,почетный,3,3,0.61,0.99
Roerich Readings,передача,3,3,0.61,0.99
Roerich Readings,тантра,3,3,0.61,0.99
Roerich Readings,ишварапратьябхиджень-вимаршиня,3,3,0.61,0.99
Roerich Readings,воплощение,3,3,0.61,0.99
Roerich Readings,элемент,3,3,0.61,0.99
Roerich Readings,праджняпарамит,3,3,0.61,0.99
Roerich Readings,жанр,3,3,0.61,0.99
Roerich Readings,утпаладев,3,3,0.61,0.99
Roerich Readings,иконографический,3,3,0.61,0.99
Roerich Readings,аурангабад,3,3,0.61,0.99
Roerich Readings,памятник,3,3,0.61,0.99
Roerich Readings,жрец,3,2,0.4,0.99
Roerich Readings,изменение,3,3,0.61,0.99
Roerich Readings,музыкальный,3,3,0.61,0.99
Roerich Readings,пещерный,3,3,0.61,0.99
Roerich Readings,легенда,3,3,0.61,0.99
Roerich Readings,заимствование,3,3,0.61,0.99
Roerich Readings,датировка,3,3,0.61,0.99
Roerich Readings,жизнь,3,3,0.61,0.99
Roerich Readings,рождение,3,2,0.4,0.99
Roerich Readings,символический,3,3,0.61,0.99
Roerich Readings,стилистика,3,3,0.61,0.99
Roerich Readings,реконструкция,3,3,0.61,0.99
Roerich Readings,монастырь,3,3,0.61,0.99
Roerich Readings,игра,3,3,0.61,0.99
Roerich Readings,война,3,3,0.61,0.99
Roerich Readings,существование,3,2,0.4,0.99
Roerich Readings,васубандх,3,3,0.61,0.99
Roerich Readings,код,3,3,0.61,0.99
Roerich Readings,версия,3,3,0.61,0.99
Roerich Readings,день,3,2,0.4,0.99
Roerich Readings,божество,3,3,0.61,0.99
Roerich Readings,стих,3,3,0.61,0.99
Roerich Readings,средство,3,3,0.61,0.99
Roerich Readings,шраута-ритуал,3,3,0.61,0.99
Roerich Readings,эпос,3,3,0.61,0.99
Roerich Readings,тантрический,3,3,0.61,0.99
Roerich Readings,авалокитешвара,3,2,0.4,0.99
Roerich Readings,путешествие,3,3,0.61,0.99
Roerich Readings,гималайский,3,3,0.61,0.99
Roerich Readings,южная_индия,3,3,0.61,0.99
Roerich Readings,летопись,3,3,0.61,0.99
Roerich Readings,парадигма,3,3,0.61,0.99
Roerich Readings,картина,3,3,0.61,0.99
Roerich Readings,период,3,3,0.61,0.99
Roerich Readings,поворот,3,3,0.61,0.99
Roerich Readings,зороастрийский,3,2,0.4,0.99
Roerich Readings,замечание,3,3,0.61,0.99
Roerich Readings,эволюция,3,3,0.61,0.99
Roerich Readings,буддология,3,3,0.61,0.99
Roerich Readings,доклад,3,3,0.61,0.99
Roerich Readings,архитектура,3,3,0.61,0.99
Roerich Readings,доктринальный,2,2,0.4,0.66
Roerich Readings,паломнический,2,2,0.4,0.66
Roerich Readings,российский,2,2,0.4,0.66
Roerich Readings,империя,2,2,0.4,0.66
Roerich Readings,вступительный,2,2,0.4,0.66
Roerich Readings,возвращение,2,2,0.4,0.66
Roerich Readings,имя,2,2,0.4,0.66
Roerich Readings,павел,2,2,0.4,0.66
Roerich Readings,востоковед,2,2,0.4,0.66
Roerich Readings,царь,2,2,0.4,0.66
Roerich Readings,дхарма,2,2,0.4,0.66
Roerich Readings,идеологический,2,2,0.4,0.66
Roerich Readings,брахман,2,2,0.4,0.66
Roerich Readings,средний,2,2,0.4,0.66
Roerich Readings,правитель,2,2,0.4,0.66
Roerich Readings,фронт,2,2,0.4,0.66
Roerich Readings,глиняный,2,2,0.4,0.66
Roerich Readings,повозка,2,2,0.4,0.66
Roerich Readings,иранец,2,2,0.4,0.66
Roerich Readings,тыс,2,1,0.2,0.66
Roerich Readings,дхармашастр,2,2,0.4,0.66
Roerich Readings,семья,2,2,0.4,0.66
Roerich Readings,одесский,2,2,0.4,0.66
Roerich Readings,институт,2,2,0.4,0.66
Roerich Readings,гутхи,2,2,0.4,0.66
Roerich Readings,ордалия,2,2,0.4,0.66
Roerich Readings,махакавие,2,2,0.4,0.66
Roerich Readings,построение,2,2,0.4,0.66
Roerich Readings,чистый,2,1,0.2,0.66
Roerich Readings,земля,2,1,0.2,0.66
Roerich Readings,нечистый,2,1,0.2,0.66
Roerich Readings,эпиграфика,2,2,0.4,0.66
Roerich Readings,декрет,2,2,0.4,0.66
Roerich Readings,монета,2,2,0.4,0.66
Roerich Readings,шастрический,2,2,0.4,0.66
Roerich Readings,свидетельство,2,2,0.4,0.66
Roerich Readings,три,2,2,0.4,0.66
Roerich Readings,сознание,2,2,0.4,0.66
Roerich Readings,иллюзия,2,2,0.4,0.66
Roerich Readings,возможный,2,2,0.4,0.66
Roerich Readings,скифский,2,2,0.4,0.66
Roerich Readings,обозначение,2,2,0.4,0.66
Roerich Readings,число,2,2,0.4,0.66
Roerich Readings,махаваста,2,2,0.4,0.66
Roerich Readings,царский,2,2,0.4,0.66
Roerich Readings,античный,2,2,0.4,0.66
Roerich Readings,ассам,2,2,0.4,0.66
Roerich Readings,явление,2,2,0.4,0.66
Roerich Readings,нарративный,2,2,0.4,0.66
Roerich Readings,дхармасутра,2,2,0.4,0.66
Roerich Readings,апастамб,2,2,0.4,0.66
Roerich Readings,внутренний,2,2,0.4,0.66
Roerich Readings,монголия,2,2,0.4,0.66
Roerich Readings,намтара,2,2,0.4,0.66
Roerich Readings,шакьямунь,2,2,0.4,0.66
Roerich Readings,тангка,2,2,0.4,0.66
Roerich Readings,житийный,2,2,0.4,0.66
Roerich Readings,серия,2,2,0.4,0.66
Roerich Readings,украина,2,2,0.4,0.66
Roerich Readings,дард,2,1,0.2,0.66
Roerich Readings,толкование,2,2,0.4,0.66
Roerich Readings,ситуация,2,2,0.4,0.66
Roerich Readings,герой,2,2,0.4,0.66
Roerich Readings,сновидение,2,2,0.4,0.66
Roerich Readings,штрих,2,2,0.4,0.66
Roerich Readings,исследователь,2,2,0.4,0.66
Roerich Readings,через,2,2,0.4,0.66
Roerich Readings,тагор,2,2,0.4,0.66
Roerich Readings,россия,2,2,0.4,0.66
Roerich Readings,взаимоотношение,2,2,0.4,0.66
Roerich Readings,песенный,2,2,0.4,0.66
Roerich Readings,проповедь,2,2,0.4,0.66
Roerich Readings,мира_баи,2,2,0.4,0.66
Roerich Readings,ранневедийский,2,2,0.4,0.66
Roerich Readings,спать,2,2,0.4,0.66
Roerich Readings,категория,2,2,0.4,0.66
Roerich Readings,тюрк,2,2,0.4,0.66
Roerich Readings,знание,2,2,0.4,0.66
Roerich Readings,зодчество,2,2,0.4,0.66
Roerich Readings,нарратив,2,2,0.4,0.66
Roerich Readings,долина,2,2,0.4,0.66
Roerich Readings,катманду,2,2,0.4,0.66
Roerich Readings,символизм,2,2,0.4,0.66
Roerich Readings,десять,2,2,0.4,0.66
Roerich Readings,калачакра-тантра,2,2,0.4,0.66
Roerich Readings,государство,2,2,0.4,0.66
Roerich Readings,бодхисаттва,2,2,0.4,0.66
Roerich Readings,сикхский,2,2,0.4,0.66
Roerich Readings,двор,2,2,0.4,0.66
Roerich Readings,последний,2,2,0.4,0.66
Roerich Readings,майя,2,2,0.4,0.66
Roerich Readings,парк,2,2,0.4,0.66
Roerich Readings,могол,2,2,0.4,0.66
Roerich Readings,брахй,2,2,0.4,0.66
Roerich Readings,сотериология,2,2,0.4,0.66
Roerich Readings,вратья,2,2,0.4,0.66
Roerich Readings,варна,2,2,0.4,0.66
Roerich Readings,магический,2,2,0.4,0.66
Roerich Readings,спор,2,2,0.4,0.66
Roerich Readings,программа,2,2,0.4,0.66
Roerich Readings,аджанта,2,2,0.4,0.66
Roerich Readings,эллор,2,2,0.4,0.66
Roerich Readings,символ,2,2,0.4,0.66
Roerich Readings,ладакх,2,2,0.4,0.66
Roerich Readings,воспоминание,2,2,0.4,0.66
Roerich Readings,рог,2,2,0.4,0.66
Roerich Readings,тысяча,2,2,0.4,0.66
Roerich Readings,ирландия,2,2,0.4,0.66
Roerich Readings,опровержение,2,2,0.4,0.66
Roerich Readings,эпиграфический,2,2,0.4,0.66
Roerich Readings,поэт,2,2,0.4,0.66
Roerich Readings,форма,2,2,0.4,0.66
Roerich Readings,кашмир,2,2,0.4,0.66
Roerich Readings,белый,2,2,0.4,0.66
Roerich Readings,старец,2,2,0.4,0.66
Roerich Readings,юрий,2,2,0.4,0.66
Roerich Readings,дурга,2,2,0.4,0.66
Roerich Readings,инструмент,2,2,0.4,0.66
Roerich Readings,сом,2,2,0.4,0.66
Roerich Readings,ашвагхошить,2,2,0.4,0.66
Roerich Readings,визуальный,2,2,0.4,0.66
Roerich Readings,кабир,2,2,0.4,0.66
Roerich Readings,тулунаду,2,2,0.4,0.66
Roerich Readings,статуя,2,2,0.4,0.66
Roerich Readings,адхивасана,2,2,0.4,0.66
Roerich Readings,композиция,2,2,0.4,0.66
Roerich Readings,манускрипт,2,2,0.4,0.66
Roerich Readings,воинский,2,2,0.4,0.66
Roerich Readings,ойрат,2,2,0.4,0.66
Roerich Readings,художественный,2,2,0.4,0.66
Roerich Readings,ваджраяна,2,2,0.4,0.66
Roerich Readings,список,2,2,0.4,0.66
Roerich Readings,монарший,2,2,0.4,0.66
Roerich Readings,портрет,2,2,0.4,0.66
Roerich Readings,власть,2,2,0.4,0.66
Roerich Readings,свет,2,2,0.4,0.66
Roerich Readings,представитель,2,2,0.4,0.66
Roerich Readings,пратьябхиджний,2,2,0.4,0.66
Roerich Readings,санскара,2,1,0.2,0.66
Roerich Readings,другой,2,2,0.4,0.66
Roerich Readings,город,2,2,0.4,0.66
Roerich Readings,сундарара,2,2,0.4,0.66
Roerich Readings,кушанский,2,2,0.4,0.66
Roerich Readings,индуизм,2,2,0.4,0.66
Roerich Readings,амдый,2,2,0.4,0.66
Roerich Readings,чувство,2,2,0.4,0.66
Roerich Readings,вселенная,2,2,0.4,0.66
Roerich Readings,полемика,2,2,0.4,0.66
Roerich Readings,нарасинх,2,2,0.4,0.66
Roerich Readings,непасть,2,2,0.4,0.66
Roerich Readings,содержание,2,2,0.4,0.66
Roerich Readings,согласно,2,2,0.4,0.66
Roerich Readings,дотибетский,2,2,0.4,0.66
Roerich Readings,балтистан,2,2,0.4,0.66
Roerich Readings,изобразительный,2,2,0.4,0.66
Roerich Readings,таттвасанграха,2,2,0.4,0.66
Roerich Readings,шантаракшит,2,2,0.4,0.66
Roerich Readings,известный,2,2,0.4,0.66
Roerich Readings,фрагмент,2,2,0.4,0.66
Roerich Readings,поздний,2,2,0.4,0.66
Roerich Readings,чой-йон,2,2,0.4,0.66
Roerich Readings,появление,2,2,0.4,0.66
Roerich Readings,методология,2,2,0.4,0.66
Roerich Readings,интертекстуальный,2,2,0.4,0.66
Roerich Readings,почему,2,2,0.4,0.66
Roerich Readings,дигнагой,2,2,0.4,0.66
Roerich Readings,ведение,2,2,0.4,0.66
Roerich Readings,дискуссия,2,2,0.4,0.66
Roerich Readings,катхаваттх,2,2,0.4,0.66
Roerich Readings,шиваитский,2,2,0.4,0.66
Roerich Readings,паннир,2,2,0.4,0.66
Roerich Readings,тирумурья,2,2,0.4,0.66
Roerich Readings,риторический,2,2,0.4,0.66
Roerich Readings,отношение,2,2,0.4,0.66
Roerich Readings,основный,2,2,0.4,0.66
Roerich Readings,государственный,2,2,0.4,0.66
Roerich Readings,восток,2,2,0.4,0.66
Roerich Readings,реалия,2,2,0.4,0.66
Roerich Readings,лексика,2,2,0.4,0.66
Roerich Readings,этимологический,2,2,0.4,0.66
Roerich Readings,чакравартина,2,2,0.4,0.66
Roerich Readings,богиня,2,2,0.4,0.66
Roerich Readings,монгол,2,2,0.4,0.66
Roerich Readings,субъект-пудгала,2,2,0.4,0.66
Roerich Readings,атрибуция,2,2,0.4,0.66
Roerich Readings,предельный,2,2,0.4,0.66
Roerich Readings,ирония,2,2,0.4,0.66
Roerich Readings,североиндийский,2,2,0.4,0.66
Roerich Readings,регион,2,2,0.4,0.66
Roerich Readings,маэ_ран,2,2,0.4,0.66
Roerich Readings,харибхатт,2,2,0.4,0.66
Roerich Readings,колонна,2,2,0.4,0.66
Roerich Readings,династия,2,2,0.4,0.66
Roerich Readings,бхартрихари,2,2,0.4,0.66
Roerich Readings,пять,2,2,0.4,0.66
Roerich Readings,строфа,2,2,0.4,0.66
Roerich Readings,математический,2,2,0.4,0.66
Roerich Readings,сочинение,2,2,0.4,0.66
Roerich Readings,вербальный,2,2,0.4,0.66
Roerich Readings,бытие,2,1,0.2,0.66
Roerich Readings,стенопись,2,2,0.4,0.66
Roerich Readings,загадка,2,2,0.4,0.66
Roerich Readings,семь,2,2,0.4,0.66
Roerich Readings,миниатюра,2,2,0.4,0.66
Roerich Readings,край,2,2,0.4,0.66
Roerich Readings,храмовый,2,2,0.4,0.66
Roerich Readings,небывальщина,2,2,0.4,0.66
Roerich Readings,парадокс,2,2,0.4,0.66
Roerich Readings,метафора,2,1,0.2,0.66
Roerich Readings,предварительный,2,2,0.4,0.66
Roerich Readings,способ,2,2,0.4,0.66
Roerich Readings,модель,2,2,0.4,0.66
Roerich Readings,жена,2,2,0.4,0.66
Roerich Readings,дравидология,2,2,0.4,0.66
Roerich Readings,речевой,2,2,0.4,0.66
Roerich Readings,сбой,2,2,0.4,0.66
Roerich Readings,скрябин,2,2,0.4,0.66
Roerich Readings,намбить,2,1,0.2,0.66
Roerich Readings,след,2,2,0.4,0.66
Roerich Readings,учение,2,2,0.4,0.66
Roerich Readings,топоним,2,2,0.4,0.66
Roerich Readings,китай,2,2,0.4,0.66
Roerich Readings,кумаон,2,2,0.4,0.66
Roerich Readings,огонь,2,2,0.4,0.66
Roerich Readings,развитие,2,2,0.4,0.66
Roerich Readings,химачал-прадеш,2,2,0.4,0.66
Roerich Readings,рукопись,2,2,0.4,0.66
Roerich Readings,биография,2,1,0.2,0.66
Roerich Readings,жизненный,2,2,0.4,0.66
Roerich Readings,предмет,2,2,0.4,0.66
Roerich Readings,куллуи,2,2,0.4,0.66
Roerich Readings,камалашила,2,2,0.4,0.66
Roerich Readings,научный,2,2,0.4,0.66
Roerich Readings,карьера,2,2,0.4,0.66
Roerich Readings,рецепция,2,2,0.4,0.66
Roerich Readings,индоарийский,2,2,0.4,0.66
Roerich Readings,любовь,2,2,0.4,0.66
Roerich Readings,императив,2,2,0.4,0.66
Roerich Readings,корзина,2,2,0.4,0.66
Roerich Readings,призма,2,2,0.4,0.66
Roerich Readings,цветообозначение,2,2,0.4,0.66
Roerich Readings,пьеса,2,2,0.4,0.66
Roerich Readings,ватсарадж,2,2,0.4,0.66
Roerich Readings,аланкара,2,2,0.4,0.66
Roerich Readings,бенгалия,2,2,0.4,0.66
Roerich Readings,познание,2,2,0.4,0.66
Roerich Readings,экспедиция,2,1,0.2,0.66
Roerich Readings,яджний,2,1,0.2,0.66
Roerich Readings,сутта,2,1,0.2,0.66
Roerich Readings,вид,1,1,0.2,0.33
Roerich Readings,образный,1,1,0.2,0.33
Roerich Readings,уровень,1,1,0.2,0.33
Roerich Readings,постижение,1,1,0.2,0.33
Roerich Readings,личностный,1,1,0.2,0.33
Roerich Readings,идентичность,1,1,0.2,0.33
Roerich Readings,упанишад,1,1,0.2,0.33
Roerich Readings,адвайта-веданта,1,1,0.2,0.33
Roerich Readings,преподавание,1,1,0.2,0.33
Roerich Readings,новоиндийский,1,1,0.2,0.33
Roerich Readings,неоценимый,1,1,0.2,0.33
Roerich Readings,лексикология,1,1,0.2,0.33
Roerich Readings,маска,1,1,0.2,0.33
Roerich Readings,щербатский,1,1,0.2,0.33
Roerich Readings,ольденбург,1,1,0.2,0.33
Roerich Readings,забытый,1,1,0.2,0.33
Roerich Readings,портнягин,1,1,0.2,0.33
Roerich Readings,педагог,1,1,0.2,0.33
Roerich Readings,священник,1,1,0.2,0.33
Roerich Readings,установитель,1,1,0.2,0.33
Roerich Readings,практический,1,1,0.2,0.33
Roerich Readings,волк,1,1,0.2,0.33
Roerich Readings,шрамана,1,1,0.2,0.33
Roerich Readings,стихотворение,1,1,0.2,0.33
Roerich Readings,пурананур,1,1,0.2,0.33
Roerich Readings,мироздание,1,1,0.2,0.33
Roerich Readings,архитектурный,1,1,0.2,0.33
Roerich Readings,наборный,1,1,0.2,0.33
Roerich Readings,шрифт,1,1,0.2,0.33
Roerich Readings,нагарь,1,1,0.2,0.33
Roerich Readings,колесничий,1,1,0.2,0.33
Roerich Readings,древнеирландский,1,1,0.2,0.33
Roerich Readings,хазари,1,1,0.2,0.33
Roerich Readings,прасад,1,1,0.2,0.33
Roerich Readings,двиведи,1,1,0.2,0.33
Roerich Readings,цянь-луна,1,1,0.2,0.33
Roerich Readings,масон,1,1,0.2,0.33
Roerich Readings,тайный,1,1,0.2,0.33
Roerich Readings,свен,1,1,0.2,0.33
Roerich Readings,гединый,1,1,0.2,0.33
Roerich Readings,дать,1,1,0.2,0.33
Roerich Readings,германский,1,1,0.2,0.33
Roerich Readings,геополитика,1,1,0.2,0.33
Roerich Readings,статья,1,1,0.2,0.33
Roerich Readings,соображение,1,1,0.2,0.33
Roerich Readings,повод,1,1,0.2,0.33
Roerich Readings,пролог,1,1,0.2,0.33
Roerich Readings,альтернативный,1,1,0.2,0.33
Roerich Readings,кыргыз,1,1,0.2,0.33
Roerich Readings,самоназвание,1,1,0.2,0.33
Roerich Readings,махасангхик-локоттаравадин,1,1,0.2,0.33
Roerich Readings,двойной,1,1,0.2,0.33
Roerich Readings,мандать,1,1,0.2,0.33
Roerich Readings,вайдурья-карпо,1,1,0.2,0.33
Roerich Readings,степной,1,1,0.2,0.33
Roerich Readings,предание,1,1,0.2,0.33
Roerich Readings,варанася,1,1,0.2,0.33
Roerich Readings,теистический,1,1,0.2,0.33
Roerich Readings,установка,1,1,0.2,0.33
Roerich Readings,йога,1,1,0.2,0.33
Roerich Readings,шветашватара-упанишад,1,1,0.2,0.33
Roerich Readings,очищение,1,1,0.2,0.33
Roerich Readings,терний,1,1,0.2,0.33
Roerich Readings,агама,1,1,0.2,0.33
Roerich Readings,радикальный,1,1,0.2,0.33
Roerich Readings,адвайта,1,1,0.2,0.33
Roerich Readings,синцзян,1,1,0.2,0.33
Roerich Readings,мандалы,1,1,0.2,0.33
Roerich Readings,ваджрачхедик,1,1,0.2,0.33
Roerich Readings,трава,1,1,0.2,0.33
Roerich Readings,дарбх,1,1,0.2,0.33
Roerich Readings,самбодх,1,1,0.2,0.33
Roerich Readings,тривадрумский,1,1,0.2,0.33
Roerich Readings,гоштхи,1,1,0.2,0.33
Roerich Readings,личчхав,1,1,0.2,0.33
Roerich Readings,наджиня,1,1,0.2,0.33
Roerich Readings,стоить,1,1,0.2,0.33
Roerich Readings,дандин,1,1,0.2,0.33
Roerich Readings,святыня,1,1,0.2,0.33
Roerich Readings,записка,1,1,0.2,0.33
Roerich Readings,сюань-цзана,1,1,0.2,0.33
Roerich Readings,манусмрити,1,1,0.2,0.33
Roerich Readings,алтайский,1,1,0.2,0.33
Roerich Readings,маллик,1,1,0.2,0.33
Roerich Readings,бхавачакра,1,1,0.2,0.33
Roerich Readings,бактрия,1,1,0.2,0.33
Roerich Readings,многоязычный,1,1,0.2,0.33
Roerich Readings,социоскрипторик,1,1,0.2,0.33
Roerich Readings,фисамат,1,1,0.2,0.33
Roerich Readings,ольвийский,1,1,0.2,0.33
Roerich Readings,честь,1,1,0.2,0.33
Roerich Readings,протоген,1,1,0.2,0.33
Roerich Readings,раскалить,1,1,0.2,0.33
Roerich Readings,испытание,1,1,0.2,0.33
Roerich Readings,нирукт,1,1,0.2,0.33
Roerich Readings,качество,1,1,0.2,0.33
Roerich Readings,герменевтический,1,1,0.2,0.33
Roerich Readings,абхисамаяланкар,1,1,0.2,0.33
Roerich Readings,четвертый,1,1,0.2,0.33
Roerich Readings,творить,1,1,0.2,0.33
Roerich Readings,намаруп,1,1,0.2,0.33
Roerich Readings,тхеравадинский,1,1,0.2,0.33
Roerich Readings,комментаторский,1,1,0.2,0.33
Roerich Readings,помазание,1,1,0.2,0.33
Roerich Readings,яджнявалкие-смрити,1,1,0.2,0.33
Roerich Readings,бхактамара-стотр,1,1,0.2,0.33
Roerich Readings,сравнительный,1,1,0.2,0.33
Roerich Readings,монахиня,1,1,0.2,0.33
Roerich Readings,агиографический,1,1,0.2,0.33
Roerich Readings,историко-культурный,1,1,0.2,0.33
Roerich Readings,национальный,1,1,0.2,0.33
Roerich Readings,флаг,1,1,0.2,0.33
Roerich Readings,новозаветный,1,1,0.2,0.33
Roerich Readings,пассаж,1,1,0.2,0.33
Roerich Readings,авест,1,1,0.2,0.33
Roerich Readings,герасим,1,1,0.2,0.33
Roerich Readings,лебедев,1,1,0.2,0.33
Roerich Readings,сцена,1,1,0.2,0.33
Roerich Readings,телесность,1,1,0.2,0.33
Roerich Readings,когнитивный,1,1,0.2,0.33
Roerich Readings,отелесненный,1,1,0.2,0.33
Roerich Readings,южнобуддийский,1,1,0.2,0.33
Roerich Readings,мера,1,1,0.2,0.33
Roerich Readings,буддхакшетр,1,1,0.2,0.33
Roerich Readings,учить,1,1,0.2,0.33
Roerich Readings,дасья,1,1,0.2,0.33
Roerich Readings,хронология,1,1,0.2,0.33
Roerich Readings,генеалогия,1,1,0.2,0.33
Roerich Readings,наложница,1,1,0.2,0.33
Roerich Readings,саттрия,1,1,0.2,0.33
Roerich Readings,создание,1,1,0.2,0.33
Roerich Readings,веротерпимость,1,1,0.2,0.33
Roerich Readings,универсализм,1,1,0.2,0.33
Roerich Readings,казаклык,1,1,0.2,0.33
Roerich Readings,великобритания,1,1,0.2,0.33
Roerich Readings,гора,1,1,0.2,0.33
Roerich Readings,мэр,1,1,0.2,0.33
Roerich Readings,обет,1,1,0.2,0.33
Roerich Readings,кача,1,1,0.2,0.33
Roerich Readings,оппозиция,1,1,0.2,0.33
Roerich Readings,свой,1,1,0.2,0.33
Roerich Readings,чужой,1,1,0.2,0.33
Roerich Readings,землепользование,1,1,0.2,0.33
Roerich Readings,монография,1,1,0.2,0.33
Roerich Readings,гость-атитхи,1,1,0.2,0.33
Roerich Readings,автор,1,1,0.2,0.33
Roerich Readings,киев,1,1,0.2,0.33
Roerich Readings,композиционный,1,1,0.2,0.33
Roerich Readings,деяние,1,1,0.2,0.33
Roerich Readings,страна,1,1,0.2,0.33
Roerich Readings,раджатарангиня,1,1,0.2,0.33
Roerich Readings,калхан,1,1,0.2,0.33
Roerich Readings,кто,1,1,0.2,0.33
Roerich Readings,говорить,1,1,0.2,0.33
Roerich Readings,индуистский,1,1,0.2,0.33
Roerich Readings,уход,1,1,0.2,0.33
Roerich Readings,дакиня,1,1,0.2,0.33
Roerich Readings,ошибочный,1,1,0.2,0.33
Roerich Readings,действие,1,1,0.2,0.33
Roerich Readings,натака,1,1,0.2,0.33
Roerich Readings,бхас,1,1,0.2,0.33
Roerich Readings,свапнавасавадатт,1,1,0.2,0.33
Roerich Readings,конфессиональный,1,1,0.2,0.33
Roerich Readings,компромисс,1,1,0.2,0.33
Roerich Readings,секуляризм,1,1,0.2,0.33
Roerich Readings,духовный,1,1,0.2,0.33
Roerich Readings,приложение,1,1,0.2,0.33
Roerich Readings,шикша,1,1,0.2,0.33
Roerich Readings,непосредственный,1,1,0.2,0.33
Roerich Readings,веданта-парибхаш,1,1,0.2,0.33
Roerich Readings,дхармарадж,1,1,0.2,0.33
Roerich Readings,пекин,1,1,0.2,0.33
Roerich Readings,иша-упанишад,1,1,0.2,0.33
Roerich Readings,летописный,1,1,0.2,0.33
Roerich Readings,танцовщица,1,1,0.2,0.33
Roerich Readings,покровитель,1,1,0.2,0.33
Roerich Readings,начать,1,1,0.2,0.33
Roerich Readings,расик,1,1,0.2,0.33
Roerich Readings,актуализация,1,1,0.2,0.33
Roerich Readings,информативный,1,1,0.2,0.33
Roerich Readings,основа,1,1,0.2,0.33
Roerich Readings,тарих-и,1,1,0.2,0.33
Roerich Readings,рашидти,1,1,0.2,0.33
Roerich Readings,мирза,1,1,0.2,0.33
Roerich Readings,хайдар,1,1,0.2,0.33
Roerich Readings,дуглата,1,1,0.2,0.33
Roerich Readings,техника,1,1,0.2,0.33
Roerich Readings,подступ,1,1,0.2,0.33
Roerich Readings,единство,1,1,0.2,0.33
Roerich Readings,выдающийся,1,1,0.2,0.33
Roerich Readings,лингвист-тибетолог,1,1,0.2,0.33
Roerich Readings,смех,1,1,0.2,0.33
Roerich Readings,театр,1,1,0.2,0.33
Roerich Readings,снатака,1,1,0.2,0.33
Roerich Readings,дом-музей,1,1,0.2,0.33
Roerich Readings,улан-батор,1,1,0.2,0.33
Roerich Readings,медитация,1,1,0.2,0.33
Roerich Readings,осознанность,1,1,0.2,0.33
Roerich Readings,сатипаттхан,1,1,0.2,0.33
Roerich Readings,возрастной,1,1,0.2,0.33
Roerich Readings,преемственность,1,1,0.2,0.33
Roerich Readings,доктрина,1,1,0.2,0.33
Roerich Readings,сангока,1,1,0.2,0.33
Roerich Readings,маппо,1,1,0.2,0.33
Roerich Readings,формульность,1,1,0.2,0.33
Roerich Readings,дарственный,1,1,0.2,0.33
Roerich Readings,геология,1,1,0.2,0.33
Roerich Readings,защита,1,1,0.2,0.33
Roerich Readings,вишну,1,1,0.2,0.33
Roerich Readings,природопользование,1,1,0.2,0.33
Roerich Readings,тангутский,1,1,0.2,0.33
Roerich Readings,пекинский,1,1,0.2,0.33
Roerich Readings,киевский,1,1,0.2,0.33
Roerich Readings,игровой,1,1,0.2,0.33
Roerich Readings,махаянский,1,1,0.2,0.33
Roerich Readings,ступень,1,1,0.2,0.33
Roerich Readings,большой,1,1,0.2,0.33
Roerich Readings,складывание,1,1,0.2,0.33
Roerich Readings,придворный,1,1,0.2,0.33
Roerich Readings,шесть,1,1,0.2,0.33
Roerich Readings,гуру,1,1,0.2,0.33
Roerich Readings,стихотворный,1,1,0.2,0.33
Roerich Readings,ядро,1,1,0.2,0.33
Roerich Readings,синтаксис,1,1,0.2,0.33
Roerich Readings,каламбах,1,1,0.2,0.33
Roerich Readings,бхавабхути,1,1,0.2,0.33
Roerich Readings,приключение,1,1,0.2,0.33
Roerich Readings,рама,1,1,0.2,0.33
Roerich Readings,арьяварт,1,1,0.2,0.33
Roerich Readings,перспектива,1,1,0.2,0.33
Roerich Readings,летний,1,1,0.2,0.33
Roerich Readings,животный,1,1,0.2,0.33
Roerich Readings,пратитие-самутпад,1,1,0.2,0.33
Roerich Readings,нарад,1,1,0.2,0.33
Roerich Readings,алфавит,1,1,0.2,0.33
Roerich Readings,али-кали,1,1,0.2,0.33
Roerich Readings,найти,1,1,0.2,0.33
Roerich Readings,раскопка,1,1,0.2,0.33
Roerich Readings,тилля-тепа,1,1,0.2,0.33
Roerich Readings,дворцовый,1,1,0.2,0.33
Roerich Readings,изречение,1,1,0.2,0.33
Roerich Readings,дхаммапад,1,1,0.2,0.33
Roerich Readings,специфика,1,1,0.2,0.33
Roerich Readings,именование,1,1,0.2,0.33
Roerich Readings,множественность,1,1,0.2,0.33
Roerich Readings,махасангхик,1,1,0.2,0.33
Roerich Readings,фон,1,1,0.2,0.33
Roerich Readings,фонема,1,1,0.2,0.33
Roerich Readings,звукотип,1,1,0.2,0.33
Roerich Readings,воздействие,1,1,0.2,0.33
Roerich Readings,погода,1,1,0.2,0.33
Roerich Readings,дигамбарский,1,1,0.2,0.33
Roerich Readings,прояснение,1,1,0.2,0.33
Roerich Readings,карлик,1,1,0.2,0.33
Roerich Readings,лексема,1,1,0.2,0.33
Roerich Readings,истолкование,1,1,0.2,0.33
Roerich Readings,раннекитайский,1,1,0.2,0.33
Roerich Readings,разлука,1,1,0.2,0.33
Roerich Readings,сборник,1,1,0.2,0.33
Roerich Readings,паттуппатт,1,1,0.2,0.33
Roerich Readings,муллейппатт,1,1,0.2,0.33
Roerich Readings,недунальвадь,1,1,0.2,0.33
Roerich Readings,основание,1,1,0.2,0.33
Roerich Readings,тождество,1,1,0.2,0.33
Roerich Readings,дидактик,1,1,0.2,0.33
Roerich Readings,сто,1,1,0.2,0.33
Roerich Readings,миларепа,1,1,0.2,0.33
Roerich Readings,вайрочан,1,1,0.2,0.33
Roerich Readings,космология,1,1,0.2,0.33
Roerich Readings,аватамсак,1,1,0.2,0.33
Roerich Readings,охота,1,1,0.2,0.33
Roerich Readings,письменный,1,1,0.2,0.33
Roerich Readings,восемь,1,1,0.2,0.33
Roerich Readings,катхаватх,1,1,0.2,0.33
Roerich Readings,кара-тепа,1,1,0.2,0.33
Roerich Readings,типология,1,1,0.2,0.33
Roerich Readings,социально-философский,1,1,0.2,0.33
Roerich Readings,калачакратантра,1,1,0.2,0.33
Roerich Readings,брахманический,1,1,0.2,0.33
Roerich Readings,сакральность,1,1,0.2,0.33
Roerich Readings,межкастовый,1,1,0.2,0.33
Roerich Readings,домусульманский,1,1,0.2,0.33
Roerich Readings,рельеф,1,1,0.2,0.33
Roerich Readings,нагой,1,1,0.2,0.33
Roerich Readings,тюркский,1,1,0.2,0.33
Roerich Readings,каган,1,1,0.2,0.33
Roerich Readings,сасанидский,1,1,0.2,0.33
Roerich Readings,шаханша,1,1,0.2,0.33
Roerich Readings,бхамах,1,1,0.2,0.33
Roerich Readings,решение,1,1,0.2,0.33
Roerich Readings,кавие,1,1,0.2,0.33
Roerich Readings,гарем,1,1,0.2,0.33
Roerich Readings,название,1,1,0.2,0.33
Roerich Readings,нуль,1,1,0.2,0.33
Roerich Readings,богоизбранность,1,1,0.2,0.33
Roerich Readings,светоносность,1,1,0.2,0.33
Roerich Readings,санкт,1,1,0.2,0.33
Roerich Readings,петербург,1,1,0.2,0.33
Roerich Readings,татхагат,1,1,0.2,0.33
Roerich Readings,гана,1,1,0.2,0.33
Roerich Readings,гуа,1,1,0.2,0.33
Roerich Readings,торговец,1,1,0.2,0.33
Roerich Readings,богач,1,1,0.2,0.33
Roerich Readings,племенной,1,1,0.2,0.33
Roerich Readings,подразделение,1,1,0.2,0.33
Roerich Readings,байат,1,1,0.2,0.33
Roerich Readings,география,1,1,0.2,0.33
Roerich Readings,бодхгай,1,1,0.2,0.33
Roerich Readings,санскритизация,1,1,0.2,0.33
Roerich Readings,перформанс,1,1,0.2,0.33
Roerich Readings,преобразование,1,1,0.2,0.33
Roerich Readings,орисса,1,1,0.2,0.33
Roerich Readings,освящение,1,1,0.2,0.33
Roerich Readings,повествовательный,1,1,0.2,0.33
Roerich Readings,сон,1,1,0.2,0.33
Roerich Readings,поток,1,1,0.2,0.33
Roerich Readings,метафония,1,1,0.2,0.33
Roerich Readings,неизвестный,1,1,0.2,0.33
Roerich Readings,иллюстрировать,1,1,0.2,0.33
Roerich Readings,институт_востоковедения_ран,1,1,0.2,0.33
Roerich Readings,взаимодействие,1,1,0.2,0.33
Roerich Readings,детство,1,1,0.2,0.33
Roerich Readings,онега,1,1,0.2,0.33
Roerich Readings,калиттохей,1,1,0.2,0.33
Roerich Readings,калачакра,1,1,0.2,0.33
Roerich Readings,классификационный,1,1,0.2,0.33
Roerich Readings,матик,1,1,0.2,0.33
Roerich Readings,генезис,1,1,0.2,0.33
Roerich Readings,всадник,1,1,0.2,0.33
Roerich Readings,шамбал,1,1,0.2,0.33
Roerich Readings,мемориальный,1,1,0.2,0.33
Roerich Readings,бхаджан-проповедь,1,1,0.2,0.33
Roerich Readings,рахула,1,1,0.2,0.33
Roerich Readings,косик,1,1,0.2,0.33
Roerich Readings,тохар,1,1,0.2,0.33
Roerich Readings,дар,1,1,0.2,0.33
Roerich Readings,небо,1,1,0.2,0.33
Roerich Readings,винадхара,1,1,0.2,0.33
Roerich Readings,ардханаришвара,1,1,0.2,0.33
Roerich Readings,переходной,1,1,0.2,0.33
Roerich Readings,феноменология,1,1,0.2,0.33
Roerich Readings,посвящение,1,1,0.2,0.33
Roerich Readings,ученик,1,1,0.2,0.33
Roerich Readings,упанаян,1,1,0.2,0.33
Roerich Readings,ряд,1,1,0.2,0.33
Roerich Readings,разработка,1,1,0.2,0.33
Roerich Readings,стратификация,1,1,0.2,0.33
Roerich Readings,общество,1,1,0.2,0.33
Roerich Readings,прогулка,1,1,0.2,0.33
Roerich Readings,хануман,1,1,0.2,0.33
Roerich Readings,эпизод,1,1,0.2,0.33
Roerich Readings,восхождение,1,1,0.2,0.33
Roerich Readings,кайласа,1,1,0.2,0.33
Roerich Readings,шайва-бхакт,1,1,0.2,0.33
Roerich Readings,черамана,1,1,0.2,0.33
Roerich Readings,перумалить,1,1,0.2,0.33
Roerich Readings,рассказать,1,1,0.2,0.33
Roerich Readings,перияпуран,1,1,0.2,0.33
Roerich Readings,секкижара,1,1,0.2,0.33
Roerich Readings,фреска,1,1,0.2,0.33
Roerich Readings,брихадишвара,1,1,0.2,0.33
Roerich Readings,танджор,1,1,0.2,0.33
Roerich Readings,сожжение,1,1,0.2,0.33
Roerich Readings,трипура,1,1,0.2,0.33
Roerich Readings,перекресток,1,1,0.2,0.33
Roerich Readings,карма,1,1,0.2,0.33
Roerich Readings,связанный,1,1,0.2,0.33
Roerich Readings,патал,1,1,0.2,0.33
Roerich Readings,ашрамный,1,1,0.2,0.33
Roerich Readings,произведение,1,1,0.2,0.33
Roerich Readings,калидас,1,1,0.2,0.33
Roerich Readings,термез,1,1,0.2,0.33
Roerich Readings,взаимопроникновение,1,1,0.2,0.33
Roerich Readings,механизм,1,1,0.2,0.33
Roerich Readings,интертекст,1,1,0.2,0.33
Roerich Readings,нетоновый,1,1,0.2,0.33
Roerich Readings,настольный,1,1,0.2,0.33
Roerich Readings,венок,1,1,0.2,0.33
Roerich Readings,сонет,1,1,0.2,0.33
Roerich Readings,инновация,1,1,0.2,0.33
Roerich Readings,джаянкондар,1,1,0.2,0.33
Roerich Readings,парань,1,1,0.2,0.33
Roerich Readings,калинга,1,1,0.2,0.33
Roerich Readings,вайшешик,1,1,0.2,0.33
Roerich Readings,пудгалавинишчай,1,1,0.2,0.33
Roerich Readings,пушкин,1,1,0.2,0.33
Roerich Readings,еретик,1,1,0.2,0.33
Roerich Readings,локаятик,1,1,0.2,0.33
Roerich Readings,ортодокс,1,1,0.2,0.33
Roerich Readings,каутс,1,1,0.2,0.33
Roerich Readings,парибхаша,1,1,0.2,0.33
Roerich Readings,рыбак,1,1,0.2,0.33
Roerich Readings,становление,1,1,0.2,0.33
Roerich Readings,рудрый-шивый,1,1,0.2,0.33
Roerich Readings,шрутить,1,1,0.2,0.33
Roerich Readings,мифологема,1,1,0.2,0.33
Roerich Readings,шрикалачакр-тантра,1,1,0.2,0.33
Roerich Readings,синтаксический,1,1,0.2,0.33
Roerich Readings,конструкция,1,1,0.2,0.33
Roerich Readings,дардскома,1,1,0.2,0.33
Roerich Readings,население,1,1,0.2,0.33
Roerich Readings,лингвистика,1,1,0.2,0.33
Roerich Readings,анкхья-нат,1,1,0.2,0.33
Roerich Readings,возрождение,1,1,0.2,0.33
Roerich Readings,сегодня,1,1,0.2,0.33
Roerich Readings,мультилингвизм,1,1,0.2,0.33
Roerich Readings,экстравертность,1,1,0.2,0.33
Roerich Readings,ньяя-вайшешик,1,1,0.2,0.33
Roerich Readings,интерпретационный,1,1,0.2,0.33
Roerich Readings,веда,1,1,0.2,0.33
Roerich Readings,раг,1,1,0.2,0.33
Roerich Readings,баллада,1,1,0.2,0.33
Roerich Readings,сказание,1,1,0.2,0.33
Roerich Readings,кусалаван,1,1,0.2,0.33
Roerich Readings,трактовка,1,1,0.2,0.33
Roerich Readings,наставник-покровитель,1,1,0.2,0.33
Roerich Readings,птица,1,1,0.2,0.33
Roerich Readings,каменный,1,1,0.2,0.33
Roerich Readings,изваяние,1,1,0.2,0.33
Roerich Readings,степь,1,1,0.2,0.33
Roerich Readings,евразия,1,1,0.2,0.33
Roerich Readings,идиом,1,1,0.2,0.33
Roerich Readings,наш,1,1,0.2,0.33
Roerich Readings,типичный,1,1,0.2,0.33
Roerich Readings,момент,1,1,0.2,0.33
Roerich Readings,сонм,1,1,0.2,0.33
Roerich Readings,буддист-ойрат,1,1,0.2,0.33
Roerich Readings,называть,1,1,0.2,0.33
Roerich Readings,определение,1,1,0.2,0.33
Roerich Readings,асар,1,1,0.2,0.33
Roerich Readings,лишенный,1,1,0.2,0.33
Roerich Readings,суть,1,1,0.2,0.33
Roerich Readings,медленный,1,1,0.2,0.33
Roerich Readings,прамана-самуччая-вритти,1,1,0.2,0.33
Roerich Readings,мотивировка,1,1,0.2,0.33
Roerich Readings,использование,1,1,0.2,0.33
Roerich Readings,вторичный,1,1,0.2,0.33
Roerich Readings,цитирование,1,1,0.2,0.33
Roerich Readings,пудгала,1,1,0.2,0.33
Roerich Readings,лхасскома,1,1,0.2,0.33
Roerich Readings,выход,1,1,0.2,0.33
Roerich Readings,индо-ирландский,1,1,0.2,0.33
Roerich Readings,канакавастый,1,1,0.2,0.33
Roerich Readings,архат,1,1,0.2,0.33
Roerich Readings,полиптих,1,1,0.2,0.33
Roerich Readings,отдельный,1,1,0.2,0.33
Roerich Readings,ученичество,1,1,0.2,0.33
Roerich Readings,дивьядхвань,1,1,0.2,0.33
Roerich Readings,девадундубха,1,1,0.2,0.33
Roerich Readings,божественный,1,1,0.2,0.33
Roerich Readings,музыка,1,1,0.2,0.33
Roerich Readings,яджаман,1,1,0.2,0.33
Roerich Readings,современность,1,1,0.2,0.33
Roerich Readings,функция,1,1,0.2,0.33
Roerich Readings,обработка,1,1,0.2,0.33
Roerich Readings,первоисточник,1,1,0.2,0.33
Roerich Readings,буквальный,1,1,0.2,0.33
Roerich Readings,третий,1,1,0.2,0.33
Roerich Readings,глагольный,1,1,0.2,0.33
Roerich Readings,корень,1,1,0.2,0.33
Roerich Readings,дериват,1,1,0.2,0.33
Roerich Readings,идеал,1,1,0.2,0.33
Roerich Readings,гуптский,1,1,0.2,0.33
Roerich Readings,ратнавалить,1,1,0.2,0.33
Roerich Readings,нагарджун,1,1,0.2,0.33
Roerich Readings,дашабхумика-сутра,1,1,0.2,0.33
Roerich Readings,явный,1,1,0.2,0.33
Roerich Readings,неявный,1,1,0.2,0.33
Roerich Readings,видимый,1,1,0.2,0.33
Roerich Readings,невидимый,1,1,0.2,0.33
Roerich Readings,теоретико-культурный,1,1,0.2,0.33
Roerich Readings,тибето-цинский,1,1,0.2,0.33
Roerich Readings,вода,1,1,0.2,0.33
Roerich Readings,водоем,1,1,0.2,0.33
Roerich Readings,нумерационный,1,1,0.2,0.33
Roerich Readings,махавирачарья,1,1,0.2,0.33
Roerich Readings,положение,1,1,0.2,0.33
Roerich Readings,вычисление,1,1,0.2,0.33
Roerich Readings,сера,1,1,0.2,0.33
Roerich Readings,сандаловый,1,1,0.2,0.33
Roerich Readings,триграмм,1,1,0.2,0.33
Roerich Readings,книга,1,1,0.2,0.33
Roerich Readings,перемена,1,1,0.2,0.33
Roerich Readings,свитка,1,1,0.2,0.33
Roerich Readings,санкхьяик,1,1,0.2,0.33
Roerich Readings,природа,1,1,0.2,0.33
Roerich Readings,атмана,1,1,0.2,0.33
Roerich Readings,раздел,1,1,0.2,0.33
Roerich Readings,атмапарикша,1,1,0.2,0.33
Roerich Readings,шанатаракшит,1,1,0.2,0.33
Roerich Readings,идеальный,1,1,0.2,0.33
Roerich Readings,кодекс,1,1,0.2,0.33
Roerich Readings,переть,1,1,0.2,0.33
Roerich Readings,сумарага,1,1,0.2,0.33
Roerich Readings,позднесредневековый,1,1,0.2,0.33
Roerich Readings,панджабский,1,1,0.2,0.33
Roerich Readings,неясный,1,1,0.2,0.33
Roerich Readings,императорский,1,1,0.2,0.33
Roerich Readings,апастамба-яджна-парибхашасутро,1,1,0.2,0.33
Roerich Readings,модернизм,1,1,0.2,0.33
Roerich Readings,чидамбар,1,1,0.2,0.33
Roerich Readings,дикшитара,1,1,0.2,0.33
Roerich Readings,деепричастие,1,1,0.2,0.33
Roerich Readings,пассивный,1,1,0.2,0.33
Roerich Readings,залог,1,1,0.2,0.33
Roerich Readings,поталак,1,1,0.2,0.33
Roerich Readings,местопребывание,1,1,0.2,0.33
Roerich Readings,нетибетский,1,1,0.2,0.33
Roerich Readings,каргил,1,1,0.2,0.33
Roerich Readings,ночь,1,1,0.2,0.33
Roerich Readings,миродержец,1,1,0.2,0.33
Roerich Readings,гхантой,1,1,0.2,0.33
Roerich Readings,гхатом,1,1,0.2,0.33
Roerich Readings,этнический,1,1,0.2,0.33
Roerich Readings,стереотип,1,1,0.2,0.33
Roerich Readings,концепт,1,1,0.2,0.33
Roerich Readings,половина,1,1,0.2,0.33
Roerich Readings,брахмадев,1,1,0.2,0.33
Roerich Readings,дравья-санграха-вритти,1,1,0.2,0.33
Roerich Readings,мадаль,1,1,0.2,0.33
Roerich Readings,самоистязание,1,1,0.2,0.33
Roerich Readings,дискретность,1,1,0.2,0.33
Roerich Readings,мышление-читта,1,1,0.2,0.33
Roerich Readings,устойчивость,1,1,0.2,0.33
Roerich Readings,характеристика,1,1,0.2,0.33
Roerich Readings,личность,1,1,0.2,0.33
Roerich Readings,майтхуна,1,1,0.2,0.33
Roerich Readings,слияние,1,1,0.2,0.33
Roerich Readings,лотос,1,1,0.2,0.33
Roerich Readings,ваджра,1,1,0.2,0.33
Roerich Readings,сандхие-бхаш,1,1,0.2,0.33
Roerich Readings,йусуфа,1,1,0.2,0.33
Roerich Readings,адвайте,1,1,0.2,0.33
Roerich Readings,узнавание,1,1,0.2,0.33
Roerich Readings,себя,1,1,0.2,0.33
Roerich Readings,обладать,1,1,0.2,0.33
Roerich Readings,ишварапратьябхиджня-карика,1,1,0.2,0.33
Roerich Readings,фигура,1,1,0.2,0.33
Roerich Readings,графика,1,1,0.2,0.33
Roerich Readings,миссия,1,1,0.2,0.33
Roerich Readings,лхаса,1,1,0.2,0.33
Roerich Readings,живой,1,1,0.2,0.33
Roerich Readings,кумарь,1,1,0.2,0.33
Roerich Readings,этнокультурный,1,1,0.2,0.33
Roerich Readings,тибетско-русско-английский,1,1,0.2,0.33
Roerich Readings,словарь,1,1,0.2,0.33
Roerich Readings,сюжетный,1,1,0.2,0.33
Roerich Readings,схема,1,1,0.2,0.33
Roerich Readings,вселение,1,1,0.2,0.33
Roerich Readings,шлока,1,1,0.2,0.33
Roerich Readings,переводческий,1,1,0.2,0.33
Roerich Readings,тхакурить,1,1,0.2,0.33
Roerich Readings,тхакуджуджа,1,1,0.2,0.33
Roerich Readings,беседа,1,1,0.2,0.33
Roerich Readings,индология,1,1,0.2,0.33
Roerich Readings,недосказать,1,1,0.2,0.33
Roerich Readings,ардхокть,1,1,0.2,0.33
Roerich Readings,всеведущий,1,1,0.2,0.33
Roerich Readings,синкретический,1,1,0.2,0.33
Roerich Readings,приписывать,1,1,0.2,0.33
Roerich Readings,уложить,1,1,0.2,0.33
Roerich Readings,формула,1,1,0.2,0.33
Roerich Readings,архивировать,1,1,0.2,0.33
Roerich Readings,встреча,1,1,0.2,0.33
Roerich Readings,дипанкара,1,1,0.2,0.33
Roerich Readings,функциональный,1,1,0.2,0.33
Roerich Readings,генетический,1,1,0.2,0.33
Roerich Readings,панегирик,1,1,0.2,0.33
Roerich Readings,тибето-китайский,1,1,0.2,0.33
Roerich Readings,наименование,1,1,0.2,0.33
Roerich Readings,титул,1,1,0.2,0.33
Roerich Readings,регент,1,1,0.2,0.33
Roerich Readings,далай-лама,1,1,0.2,0.33
Roerich Readings,назначение,1,1,0.2,0.33
Roerich Readings,сангие,1,1,0.2,0.33
Roerich Readings,гьяцо,1,1,0.2,0.33
Roerich Readings,дэсрид,1,1,0.2,0.33
Roerich Readings,парамаартхасар,1,1,0.2,0.33
Roerich Readings,руководство,1,1,0.2,0.33
Roerich Readings,обретение,1,1,0.2,0.33
Roerich Readings,сингулярность,1,1,0.2,0.33
Roerich Readings,невозможность,1,1,0.2,0.33
Roerich Readings,цветомыслие,1,1,0.2,0.33
Roerich Readings,дайва-арадхана,1,1,0.2,0.33
Roerich Readings,сценарий,1,1,0.2,0.33
Roerich Readings,замещение,1,1,0.2,0.33
Roerich Readings,проведение,1,1,0.2,0.33
Roerich Readings,старый,1,1,0.2,0.33
Roerich Readings,пушпакарандак,1,1,0.2,0.33
Roerich Readings,восхваление,1,1,0.2,0.33
Roerich Readings,табак,1,1,0.2,0.33
Roerich Readings,пухейиль,1,1,0.2,0.33
Roerich Readings,видутуд,1,1,0.2,0.33
Roerich Readings,синь,1,1,0.2,0.33
Roerich Readings,саккарий,1,1,0.2,0.33
Roerich Readings,пулавар,1,1,0.2,0.33
Roerich Readings,сокровище,1,1,0.2,0.33
Roerich Readings,пространственный,1,1,0.2,0.33
Roerich Readings,локализация,1,1,0.2,0.33
Roerich Readings,дхарань,1,1,0.2,0.33
Roerich Readings,дхаранипитак,1,1,0.2,0.33
Roerich Readings,ганеша,1,1,0.2,0.33
Roerich Readings,рай,1,1,0.2,0.33
Roerich Readings,амитабх,1,1,0.2,0.33
Roerich Readings,ньигма,1,1,0.2,0.33
Roerich Readings,фронтальный,1,1,0.2,0.33
Roerich Readings,трехчетвертной,1,1,0.2,0.33
Roerich Readings,лицо,1,1,0.2,0.33
Roerich Readings,западно-индийский,1,1,0.2,0.33
Roerich Readings,унмый,1,1,0.2,0.33
Roerich Readings,вилакк,1,1,0.2,0.33
Roerich Readings,иконология,1,1,0.2,0.33
Roerich Readings,натарадж,1,1,0.2,0.33
Roerich Readings,написание,1,1,0.2,0.33
Roerich Readings,белые,1,1,0.2,0.33
Roerich Readings,шапка,1,1,0.2,0.33
Roerich Readings,эндемичность,1,1,0.2,0.33
Roerich Readings,отличать,1,1,0.2,0.33
Roerich Readings,эпистемический,1,1,0.2,0.33
Roerich Readings,отдалить,1,1,0.2,0.33
Roerich Readings,граница,1,1,0.2,0.33
Roerich Readings,пребывать,1,1,0.2,0.33
Roerich Readings,исповедать,1,1,0.2,0.33
Roerich Readings,вера,1,1,0.2,0.33
Roerich Readings,манджушринов,1,1,0.2,0.33
Roerich Readings,калмыцкий,1,1,0.2,0.33
Roerich Readings,политика,1,1,0.2,0.33
Roerich Readings,император,1,1,0.2,0.33
Roerich Readings,юнчжэн,1,1,0.2,0.33
Roerich Readings,массовый,1,1,0.2,0.33
Roerich Readings,саптасварамуртеть,1,1,0.2,0.33
Roerich Readings,парель,1,1,0.2,0.33
Roerich Readings,хроника,1,1,0.2,0.33
Roerich Readings,энг,1,1,0.2,0.33
Roerich Readings,числовой,1,1,0.2,0.33
Roerich Readings,древность,1,1,0.2,0.33
Roerich Readings,средневековье,1,1,0.2,0.33
Roerich Readings,кабилара,1,1,0.2,0.33
Roerich Readings,князь,1,1,0.2,0.33
Roerich Readings,пари,1,1,0.2,0.33
Roerich Readings,атомизм,1,1,0.2,0.33
Roerich Readings,вимшик,1,1,0.2,0.33
Roerich Readings,аламбана-парикша,1,1,0.2,0.33
Roerich Readings,антропоморфный,1,1,0.2,0.33
Roerich Readings,образность,1,1,0.2,0.33
Roerich Readings,телесный,1,1,0.2,0.33
Roerich Readings,применение,1,1,0.2,0.33
Roerich Readings,праздник,1,1,0.2,0.33
Roerich Readings,неварский,1,1,0.2,0.33
Roerich Readings,селение,1,1,0.2,0.33
Roerich Readings,юго-западный,1,1,0.2,0.33
Roerich Readings,заметка,1,1,0.2,0.33
Roerich Readings,автомобиль,1,1,0.2,0.33
Roerich Readings,мотивный,1,1,0.2,0.33
Roerich Readings,павлин,1,1,0.2,0.33
Roerich Readings,грамматика,1,1,0.2,0.33
Roerich Readings,мирской,1,1,0.2,0.33
Roerich Readings,мудрость,1,1,0.2,0.33
Roerich Readings,животное,1,1,0.2,0.33
Roerich Readings,мотивация,1,1,0.2,0.33
Roerich Readings,муж,1,1,0.2,0.33
Roerich Readings,иероглиф,1,1,0.2,0.33
Roerich Readings,выразительность,1,1,0.2,0.33
Roerich Readings,творчество,1,1,0.2,0.33
Roerich Readings,композитор,1,1,0.2,0.33
Roerich Readings,кангдзь,1,1,0.2,0.33
Roerich Readings,подношение,1,1,0.2,0.33
Roerich Readings,гневный,1,1,0.2,0.33
Roerich Readings,тво,1,1,0.2,0.33
Roerich Readings,тируттондар,1,1,0.2,0.33
Roerich Readings,тирувандасть,1,1,0.2,0.33
Roerich Readings,андар,1,1,0.2,0.33
Roerich Readings,историография,1,1,0.2,0.33
Roerich Readings,рериховский,1,1,0.2,0.33
Roerich Readings,прошлое,1,1,0.2,0.33
Roerich Readings,чудо,1,1,0.2,0.33
Roerich Readings,буддист-паломник,1,1,0.2,0.33
Roerich Readings,эдук,1,1,0.2,0.33
Roerich Readings,монумент,1,1,0.2,0.33
Roerich Readings,опрокинуть,1,1,0.2,0.33
Roerich Readings,тханк,1,1,0.2,0.33
Roerich Readings,странствовать,1,1,0.2,0.33
Roerich Readings,рассказчик,1,1,0.2,0.33
Roerich Readings,лама,1,1,0.2,0.33
Roerich Readings,манип,1,1,0.2,0.33
Roerich Readings,панчашихка,1,1,0.2,0.33
Roerich Readings,материалист,1,1,0.2,0.33
Roerich Readings,манер,1,1,0.2,0.33
Roerich Readings,театральный,1,1,0.2,0.33
Roerich Readings,вритти,1,1,0.2,0.33
Roerich Readings,удовлетворить,1,1,0.2,0.33
Roerich Readings,тайно,1,1,0.2,0.33
Roerich Readings,влюбить,1,1,0.2,0.33
Roerich Readings,касаться,1,1,0.2,0.33
Roerich Readings,кувшин,1,1,0.2,0.33
Roerich Readings,грудь,1,1,0.2,0.33
Roerich Readings,возлюбить,1,1,0.2,0.33
Roerich Readings,тантра-алок,1,1,0.2,0.33
Roerich Readings,пятнистый,1,1,0.2,0.33
Roerich Readings,охотничий,1,1,0.2,0.33
Roerich Readings,зверь,1,1,0.2,0.33
Roerich Readings,индоевропеец,1,1,0.2,0.33
Roerich Readings,атхарвавед,1,1,0.2,0.33
Roerich Readings,лингвокультурный,1,1,0.2,0.33
Roerich Readings,змея,1,1,0.2,0.33
Roerich Readings,вайшнавский,1,1,0.2,0.33
Roerich Readings,народный,1,1,0.2,0.33
Roerich Readings,песнях-ньоля,1,1,0.2,0.33
Roerich Readings,рисунок,1,1,0.2,0.33
Roerich Readings,рабиндранат,1,1,0.2,0.33
Roerich Readings,каллиграфия,1,1,0.2,0.33
Roerich Readings,фигура-лампа,1,1,0.2,0.33
Roerich Readings,панчатантра,1,1,0.2,0.33
Roerich Readings,культурологический,1,1,0.2,0.33
Roerich Readings,гумилев,1,1,0.2,0.33
Roerich Readings,монголо-тибетский,1,1,0.2,0.33
Roerich Readings,волос,1,1,0.2,0.33
Roerich Readings,эпитет,1,1,0.2,0.33
Roerich Readings,прагматика,1,1,0.2,0.33
Roerich Readings,перечный,1,1,0.2,0.33
Roerich Readings,сура,1,1,0.2,0.33
Roerich Readings,ваджапея,1,1,0.2,0.33
Roerich Readings,саутрамань,1,1,0.2,0.33
Roerich Readings,творение,1,1,0.2,0.33
Roerich Readings,любовный,1,1,0.2,0.33
Roerich Readings,тирукковейар,1,1,0.2,0.33
Roerich Readings,маниккавасахар,1,1,0.2,0.33
Roerich Readings,парс,1,1,0.2,0.33
Roerich Readings,суфийский,1,1,0.2,0.33
Roerich Readings,дервишейволчок,1,1,0.2,0.33
Roerich Readings,сам,1,1,0.2,0.33
Roerich Readings,вихрь,1,1,0.2,0.33
Roerich Readings,мистерия,1,1,0.2,0.33
Roerich Readings,транскультурный,1,1,0.2,0.33
Roerich Readings,калимпонг,1,1,0.2,0.33
Roerich Readings,языкознание,1,1,0.2,0.33
Roerich Readings,захват,1,1,0.2,0.33
Roerich Readings,джунгар,1,1,0.2,0.33
Roerich Readings,астрологический,1,1,0.2,0.33
Roerich Readings,танкри,1,1,0.2,0.33
Roerich Readings,кхубрам,1,1,0.2,0.33
Roerich Readings,кхушдиля,1,1,0.2,0.33
Roerich Readings,струнный,1,1,0.2,0.33
Roerich Readings,вина,1,1,0.2,0.33
Roerich Readings,скифия,1,1,0.2,0.33
Roerich Readings,индоевропейский,1,1,0.2,0.33
Roerich Readings,понт,1,1,0.2,0.33
Roerich Readings,эвксинский,1,1,0.2,0.33
Roerich Readings,диковина,1,1,0.2,0.33
Roerich Readings,роман,1,1,0.2,0.33
Roerich Readings,александр,1,1,0.2,0.33
Roerich Readings,тиб,1,1,0.2,0.33
Roerich Readings,мотивационный,1,1,0.2,0.33
Roerich Readings,доминанта,1,1,0.2,0.33
Roerich Readings,ожидание,1,1,0.2,0.33
Roerich Readings,повествование,1,1,0.2,0.33
Roerich Readings,тирумулар,1,1,0.2,0.33
Roerich Readings,бхакт,1,1,0.2,0.33
Roerich Readings,сиддх,1,1,0.2,0.33
Roerich Readings,податель,1,1,0.2,0.33
Roerich Readings,прозрение,1,1,0.2,0.33
Roerich Readings,продолжатель,1,1,0.2,0.33
Roerich Readings,тибетология,1,1,0.2,0.33
Roerich Readings,совместный,1,1,0.2,0.33
Roerich Readings,деятельность,1,1,0.2,0.33
Roerich Readings,дылыковый,1,1,0.2,0.33
Roerich Readings,григорьев,1,1,0.2,0.33
Roerich Readings,будущее,1,1,0.2,0.33
Roerich Readings,отечественный,1,1,0.2,0.33
Roerich Readings,гирлянда,1,1,0.2,0.33
Roerich Readings,рагамаленький,1,1,0.2,0.33
Roerich Readings,связка,1,1,0.2,0.33
Roerich Readings,текст-смысл-мышление,1,1,0.2,0.33
Roerich Readings,уникальность,1,1,0.2,0.33
Roerich Readings,стандартность,1,1,0.2,0.33
Roerich Readings,цвет,1,1,0.2,0.33
Roerich Readings,ксенократ,1,1,0.2,0.33
Roerich Readings,сикионский,1,1,0.2,0.33
Roerich Readings,цвето-культурный,1,1,0.2,0.33
Roerich Readings,компетенция,1,1,0.2,0.33
Roerich Readings,чхавить,1,1,0.2,0.33
Roerich Readings,сикким,1,1,0.2,0.33
Roerich Readings,парамартхасар,1,1,0.2,0.33
Roerich Readings,грамматический,1,1,0.2,0.33
Roerich Readings,мимансакапарикальпита-атма-парикша,1,1,0.2,0.33
Roerich Readings,таттво-санграха,1,1,0.2,0.33
Roerich Readings,панджик,1,1,0.2,0.33
Roerich Readings,апастамб-шраутасутра,1,1,0.2,0.33
Roerich Readings,базовый,1,1,0.2,0.33
Roerich Readings,модификация,1,1,0.2,0.33
Roerich Readings,языковой,1,1,0.2,0.33
Roerich Readings,контакт,1,1,0.2,0.33
Roerich Readings,шангшунг,1,1,0.2,0.33
Roerich Readings,тирумантирам,1,1,0.2,0.33
Roerich Readings,марко,1,1,0.2,0.33
Roerich Readings,паллиса,1,1,0.2,0.33
Roerich Readings,предостерегать,1,1,0.2,0.33
Roerich Readings,последствие,1,1,0.2,0.33
Roerich Readings,кали-юг,1,1,0.2,0.33
Roerich Readings,атрибутирование,1,1,0.2,0.33
Roerich Readings,ксилограф,1,1,0.2,0.33
Roerich Readings,архив,1,1,0.2,0.33
Roerich Readings,филиал,1,1,0.2,0.33
Roerich Readings,тригата,1,1,0.2,0.33
Roerich Readings,сообщение,1,1,0.2,0.33
Roerich Readings,смерть,1,1,0.2,0.33
Roerich Readings,чингис-хана,1,1,0.2,0.33
Roerich Readings,прета-канда,1,1,0.2,0.33
Roerich Readings,гаруд-пурана,1,1,0.2,0.33
Roerich Readings,дарджилингский,1,1,0.2,0.33
Roerich Readings,памятный,1,1,0.2,0.33
Roerich Readings,дата,1,1,0.2,0.33
Roerich Readings,стимул,1,1,0.2,0.33
Roerich Readings,поиск,1,1,0.2,0.33
Roerich Readings,риттер,1,1,0.2,0.33
Roerich Readings,серебряный,1,1,0.2,0.33
Roerich Readings,немногие,1,1,0.2,0.33
Roerich Readings,сведение,1,1,0.2,0.33
Roerich Readings,нилакантхадикшит-грамматист,1,1,0.2,0.33
Roerich Readings,недосказанность,1,1,0.2,0.33
Roerich Readings,прерванность,1,1,0.2,0.33
Roerich Readings,переписка,1,1,0.2,0.33
Roerich Readings,парсийский,1,1,0.2,0.33
Roerich Readings,иран,1,1,0.2,0.33
Roerich Readings,лексикализация,1,1,0.2,0.33
Roerich Readings,дезидератив,1,1,0.2,0.33
Roerich Readings,стела,1,1,0.2,0.33
Roerich Readings,шакие,1,1,0.2,0.33
Roerich Readings,совеременный,1,1,0.2,0.33
Roerich Readings,случай,1,1,0.2,0.33
Roerich Readings,аллен,1,1,0.2,0.33
Roerich Readings,гинзберг,1,1,0.2,0.33
Roerich Readings,самоповреждать,1,1,0.2,0.33
Roerich Readings,поведение,1,1,0.2,0.33
Roerich Readings,амаравати,1,1,0.2,0.33
Roerich Readings,проявление,1,1,0.2,0.33
Roerich Readings,лирика,1,1,0.2,0.33
Roerich Readings,кришнаитский,1,1,0.2,0.33
Roerich Readings,полисемия,1,1,0.2,0.33
Roerich Readings,терминология,1,1,0.2,0.33
Roerich Readings,родство,1,1,0.2,0.33
Roerich Readings,словослияние,1,1,0.2,0.33
Roerich Readings,словообразование,1,1,0.2,0.33
Roerich Readings,обсценный,1,1,0.2,0.33
Roerich Readings,брань,1,1,0.2,0.33
Roerich Readings,ключевой,1,1,0.2,0.33
Roerich Readings,направление,1,1,0.2,0.33
Roerich Readings,ойратский,1,1,0.2,0.33
Roerich Readings,законоположение,1,1,0.2,0.33
Roerich Readings,всеобъемлющий,1,1,0.2,0.33
Roerich Readings,освобождать,1,1,0.2,0.33
Roerich Readings,страдание,1,1,0.2,0.33
Roerich Readings,сансар,1,1,0.2,0.33
Roerich Readings,гелиодор,1,1,0.2,0.33
Roerich Readings,вьетнамский,1,1,0.2,0.33
Roerich Readings,сущий,1,1,0.2,0.33
Roerich Readings,жертвоприношение,1,1,0.2,0.33
Roerich Readings,улан-баторский,1,1,0.2,0.33
Roerich Readings,вкус,1,1,0.2,0.33
Roerich Readings,журнал,1,1,0.2,0.33
Roerich Readings,перенниализм,1,1,0.2,0.33
Roerich Readings,сквозь,1,1,0.2,0.33
Roerich Readings,взгляд,1,1,0.2,0.33
Roerich Readings,одень,1,1,0.2,0.33
Roerich Readings,грандиозный,1,1,0.2,0.33
Roerich Readings,прелесть,1,1,0.2,0.33
Roerich Readings,гималаи,1,1,0.2,0.33
Roerich Readings,итог,1,1,0.2,0.33
Roerich Readings,красный,1,1,0.2,0.33
Roerich Readings,социоскрипторный,1,1,0.2,0.33
Roerich Readings,вереница,1,1,0.2,0.33
Roerich Readings,вишнусахасранама,1,1,0.2,0.33
Roerich Readings,похищение,1,1,0.2,0.33
Roerich Readings,древнегреческий,1,1,0.2,0.33
Roerich Readings,планиметрический,1,1,0.2,0.33
Roerich Readings,тело,1,1,0.2,0.33
Roerich Readings,киратарджуния,1,1,0.2,0.33
Roerich Readings,тхангка,1,1,0.2,0.33
Roerich Readings,письменность,1,1,0.2,0.33
Roerich Readings,гонд,1,1,0.2,0.33
Roerich Readings,икона,1,1,0.2,0.33
Roerich Readings,аягапатта,1,1,0.2,0.33
Roerich Readings,алтарь,1,1,0.2,0.33
Roerich Readings,черный,1,1,0.2,0.33
Roerich Readings,различение,1,1,0.2,0.33
Roerich Readings,украшение,1,1,0.2,0.33
Roerich Readings,кшатрий,1,1,0.2,0.33
Roerich Readings,элита,1,1,0.2,0.33
Roerich Readings,данные,1,1,0.2,0.33
Roerich Readings,петроглифика,1,1,0.2,0.33
Roerich Readings,многообразие,1,1,0.2,0.33
Roerich Readings,влияние,1,1,0.2,0.33
Roerich Readings,шраут,1,1,0.2,0.33
Roerich Readings,сагничить,1,1,0.2,0.33
Roerich Readings,трисахаср,1,1,0.2,0.33
Roerich Readings,атиратр,1,1,0.2,0.33
Roerich Readings,сомаяга,1,1,0.2,0.33
Roerich Readings,бронзовый,1,1,0.2,0.33
Roerich Readings,фигурка,1,1,0.2,0.33
Roerich Readings,танцующий,1,1,0.2,0.33
Roerich Readings,бал-кришна,1,1,0.2,0.33
Roerich Readings,посох,1,1,0.2,0.33
Roerich Readings,чанакие,1,1,0.2,0.33
Roerich Readings,образцовый,1,1,0.2,0.33
Roerich Readings,удобный,1,1,0.2,0.33
Roerich Readings,проблематичный,1,1,0.2,0.33
Roerich Readings,туркестан,1,1,0.2,0.33
Roerich Readings,лес,1,1,0.2,0.33
Roerich Readings,видьякара,1,1,0.2,0.33
Roerich Readings,тарчин,1,1,0.2,0.33
Roerich Readings,колумбийский,1,1,0.2,0.33
Roerich Readings,университет,1,1,0.2,0.33
Roerich Readings,нью-йорк,1,1,0.2,0.33
Roerich Readings,сша,1,1,0.2,0.33
Roerich Readings,идентификация,1,1,0.2,0.33
Roerich Readings,ямантаки,1,1,0.2,0.33
Roerich Readings,юнъань-с,1,1,0.2,0.33
Roerich Readings,провинция,1,1,0.2,0.33
Roerich Readings,шаньсить,1,1,0.2,0.33
Roerich Readings,ведантийско-буддийский,1,1,0.2,0.33
Roerich Readings,полемический,1,1,0.2,0.33
Roerich Readings,диалог,1,1,0.2,0.33
Roerich Readings,брахмасутрабхаший,1,1,0.2,0.33
Roerich Readings,карнатака,1,1,0.2,0.33
Roerich Readings,организатор,1,1,0.2,0.33
Roerich Readings,конференция,1,1,0.2,0.33
Roerich Readings,брат,1,1,0.2,0.33
Roerich Readings,кашьяп,1,1,0.2,0.33
Roerich Readings,благо,1,1,0.2,0.33
Roerich Readings,неожиданный,1,1,0.2,0.33
Roerich Readings,бактро-скифский,1,1,0.2,0.33
Roerich Readings,интересный,1,1,0.2,0.33
Roerich Readings,индо-парфянский,1,1,0.2,0.33
Roerich Readings,нумизматика,1,1,0.2,0.33
Roerich Readings,синкретизм,1,1,0.2,0.33
Roerich Readings,шаманизм,1,1,0.2,0.33
Roerich Readings,тува,1,1,0.2,0.33
Roerich Readings,шоя,1,1,0.2,0.33
Roerich Readings,чурука,1,1,0.2,0.33
Roerich Readings,угроза,1,1,0.2,0.33
Roerich Readings,вторжение,1,1,0.2,0.33
Roerich Readings,глаз,1,1,0.2,0.33
Roerich Readings,нитирэна,1,1,0.2,0.33
Roerich Readings,переводчик,1,1,0.2,0.33
Roerich Readings,покаяние,1,1,0.2,0.33
Roerich Readings,наказание,1,1,0.2,0.33
Roerich Readings,кавьяшастр,1,1,0.2,0.33
Roerich Readings,труд,1,1,0.2,0.33
Roerich Readings,аланкарик,1,1,0.2,0.33
Roerich Readings,морфология,1,1,0.2,0.33
Roerich Readings,деревянный,1,1,0.2,0.33
Roerich Readings,мангус,1,1,0.2,0.33
Roerich Readings,очеловечивание,1,1,0.2,0.33
Roerich Readings,самудраматхан,1,1,0.2,0.33
Roerich Readings,точка,1,1,0.2,0.33
Roerich Readings,зрение,1,1,0.2,0.33
Roerich Readings,фиксация,1,1,0.2,0.33
Roerich Readings,сказитель,1,1,0.2,0.33
Roerich Readings,хобуксаркий,1,1,0.2,0.33
Roerich Readings,аримпилить,1,1,0.2,0.33
Roerich Readings,анаттавад,1,1,0.2,0.33
Roerich Readings,сотериологический,1,1,0.2,0.33
Roerich Readings,координата,1,1,0.2,0.33
Roerich Readings,летие,1,1,0.2,0.33
Roerich Readings,центрально-азиатский,1,1,0.2,0.33
Roerich Readings,махараштра,1,1,0.2,0.33
Roerich Readings,скальный,1,1,0.2,0.33
Roerich Readings,кора,1,1,0.2,0.33
Roerich Readings,юань,1,1,0.2,0.33
Roerich Readings,небесный,1,1,0.2,0.33
Roerich Readings,агиография,1,1,0.2,0.33
Roerich Readings,признак,1,1,0.2,0.33
Roerich Readings,чанпинский,1,1,0.2,0.33
Roerich Readings,битва,1,1,0.2,0.33
Roerich Readings,когда,1,1,0.2,0.33
Roerich Readings,встречаться,1,1,0.2,0.33
Roerich Readings,историографический,1,1,0.2,0.33
Roerich Readings,гомбоджаб,1,1,0.2,0.33
Roerich Readings,течение,1,1,0.2,0.33
Roerich Readings,ганг,1,1,0.2,0.33
Roerich Readings,цивилизационный,1,1,0.2,0.33
Roerich Readings,демаркация,1,1,0.2,0.33
Roerich Readings,восток-запад,1,1,0.2,0.33
Roerich Readings,монах-дигамбар,1,1,0.2,0.33
Roerich Readings,голова,1,1,0.2,0.33
Roerich Readings,диспут,1,1,0.2,0.33
Roerich Readings,прахасан,1,1,0.2,0.33
Roerich Readings,латакамелак,1,1,0.2,0.33
Roerich Readings,треугольник,1,1,0.2,0.33
Roerich Readings,паскаль,1,1,0.2,0.33
Roerich Readings,пингала,1,1,0.2,0.33
Roerich Readings,выкуп,1,1,0.2,0.33
Roerich Readings,невеста,1,1,0.2,0.33
Roerich Readings,абсолютный,1,1,0.2,0.33
Roerich Readings,гелука,1,1,0.2,0.33
Roerich Readings,этнорелигиозный,1,1,0.2,0.33
Roerich Readings,уйгур,1,1,0.2,0.33
Roerich Readings,просветительство,1,1,0.2,0.33
Roerich Readings,ахамади,1,1,0.2,0.33
Roerich Readings,дониша,1,1,0.2,0.33
Roerich Readings,таджикистан,1,1,0.2,0.33
Roerich Readings,ожерелие,1,1,0.2,0.33
Roerich Readings,величание,1,1,0.2,0.33
Roerich Readings,шивастотравать,1,1,0.2,0.33
Roerich Readings,зачем,1,1,0.2,0.33
Roerich Readings,прошедшее,1,1,0.2,0.33
Roerich Readings,персоязычный,1,1,0.2,0.33
Roerich Readings,тюркоязычный,1,1,0.2,0.33
Roerich Readings,южный,1,1,0.2,0.33
Roerich Readings,кавказ,1,1,0.2,0.33
Roerich Readings,калить,1,1,0.2,0.33
Roerich Readings,димный,1,1,0.2,0.33
Roerich Readings,метафорический,1,1,0.2,0.33
Roerich Readings,бхаванакрам,1,1,0.2,0.33
Roerich Readings,просодия,1,1,0.2,0.33
Roerich Readings,этический,1,1,0.2,0.33
Roerich Readings,метта,1,1,0.2,0.33
Roerich Readings,тевидждж,1,1,0.2,0.33
Roerich Readings,сит,1,1,0.2,0.33
Roerich Readings,агнуть,1,1,0.2,0.33
Roerich Readings,вальмик,1,1,0.2,0.33
Roerich Readings,каста,1,1,0.2,0.33
Roerich Readings,бартоломеус,1,1,0.2,0.33
Roerich Readings,цигенбальга,1,1,0.2,0.33
Roerich Readings,книжный,1,1,0.2,0.33
Roerich Readings,хождение,1,1,0.2,0.33
Roerich Readings,этап,1,1,0.2,0.33
Roerich Readings,сложение,1,1,0.2,0.33
Roerich Readings,идеология,1,1,0.2,0.33
Roerich Readings,мучилинда,1,1,0.2,0.33
Roerich Readings,кхмерский,1,1,0.2,0.33
Roerich Readings,бодх,1,1,0.2,0.33
Roerich Readings,калмаки,1,1,0.2,0.33
Roerich Readings,маджджхима-никай,1,1,0.2,0.33
Roerich Readings,гуссерлить,1,1,0.2,0.33
Roerich Readings,культовый,1,1,0.2,0.33
Roerich Readings,матричета,1,1,0.2,0.33
Roerich Readings,тохарский,1,1,0.2,0.33
Roerich Readings,девить,1,1,0.2,0.33
Roerich Readings,младенец,1,1,0.2,0.33
Roerich Readings,богиня-мать,1,1,0.2,0.33
Zograf Readings,индия,135,130,14.61,26.64
Zograf Readings,текст,65,64,7.19,12.83
Zograf Readings,буддизм,58,58,6.52,11.45
Zograf Readings,философия,46,43,4.83,9.08
Zograf Readings,санскрит,39,38,4.27,7.7
Zograf Readings,язык,37,37,4.16,7.3
Zograf Readings,традиция,36,36,4.04,7.1
Zograf Readings,образ,32,32,3.6,6.32
Zograf Readings,литература,31,30,3.37,6.12
Zograf Readings,история,31,31,3.48,6.12
Zograf Readings,поэзия,30,30,3.37,5.92
Zograf Readings,современный,25,24,2.7,4.93
Zograf Readings,бенгальский,24,24,2.7,4.74
Zograf Readings,ведийский,24,24,2.7,4.74
Zograf Readings,сюжет,20,20,2.25,3.95
Zograf Readings,миф,20,20,2.25,3.95
Zograf Readings,контекст,20,20,2.25,3.95
Zograf Readings,новый,20,20,2.25,3.95
Zograf Readings,тамильский,20,20,2.25,3.95
Zograf Readings,перевод,19,19,2.13,3.75
Zograf Readings,учение,19,19,2.13,3.75
Zograf Readings,тибет,17,17,1.91,3.36
Zograf Readings,традиционный,17,17,1.91,3.36
Zograf Readings,ивр_ран,17,17,1.91,3.36
Zograf Readings,хинди,16,16,1.8,3.16
Zograf Readings,религия,16,16,1.8,3.16
Zograf Readings,древнеиндийский,16,16,1.8,3.16
Zograf Readings,тантра,16,15,1.69,3.16
Zograf Readings,ритуал,16,16,1.8,3.16
Zograf Readings,рамаяна,16,13,1.46,3.16
Zograf Readings,век,15,15,1.69,2.96
Zograf Readings,концепция,15,15,1.69,2.96
Zograf Readings,будда,15,14,1.57,2.96
Zograf Readings,индуистский,14,14,1.57,2.76
Zograf Readings,источник,14,14,1.57,2.76
Zograf Readings,ритуальный,14,14,1.57,2.76
Zograf Readings,термин,13,13,1.46,2.57
Zograf Readings,махабхарат,13,13,1.46,2.57
Zograf Readings,ригведа,13,13,1.46,2.57
Zograf Readings,слово,13,13,1.46,2.57
Zograf Readings,практика,13,13,1.46,2.57
Zograf Readings,ранний,13,13,1.46,2.57
Zograf Readings,исток,13,13,1.46,2.57
Zograf Readings,коллекция,13,13,1.46,2.57
Zograf Readings,средневековый,12,12,1.35,2.37
Zograf Readings,индуизм,12,12,1.35,2.37
Zograf Readings,книга,12,12,1.35,2.37
Zograf Readings,роман,12,12,1.35,2.37
Zograf Readings,драма,11,9,1.01,2.17
Zograf Readings,представление,11,11,1.24,2.17
Zograf Readings,сказание,11,11,1.24,2.17
Zograf Readings,культура,11,11,1.24,2.17
Zograf Readings,театр,11,11,1.24,2.17
Zograf Readings,два,11,11,1.24,2.17
Zograf Readings,васубандх,10,10,1.12,1.97
Zograf Readings,поэма,10,10,1.12,1.97
Zograf Readings,рукопись,10,10,1.12,1.97
Zograf Readings,культурный,10,10,1.12,1.97
Zograf Readings,панини,10,10,1.12,1.97
Zograf Readings,бог,10,9,1.01,1.97
Zograf Readings,семантика,10,10,1.12,1.97
Zograf Readings,минаев,10,10,1.12,1.97
Zograf Readings,понятие,10,10,1.12,1.97
Zograf Readings,собрание,10,10,1.12,1.97
Zograf Readings,директор,10,10,1.12,1.97
Zograf Readings,теория,9,9,1.01,1.78
Zograf Readings,терминология,9,9,1.01,1.78
Zograf Readings,тагор,9,9,1.01,1.78
Zograf Readings,жизнь,9,9,1.01,1.78
Zograf Readings,мотив,9,9,1.01,1.78
Zograf Readings,древний,9,9,1.01,1.78
Zograf Readings,эпос,9,9,1.01,1.78
Zograf Readings,классический,9,9,1.01,1.78
Zograf Readings,веданта,9,9,1.01,1.78
Zograf Readings,неварский,9,9,1.01,1.78
Zograf Readings,этимология,9,9,1.01,1.78
Zograf Readings,бхагавадгита,8,7,0.79,1.58
Zograf Readings,знание,8,8,0.9,1.58
Zograf Readings,классификация,8,8,0.9,1.58
Zograf Readings,шанкара,8,8,0.9,1.58
Zograf Readings,царь,8,8,0.9,1.58
Zograf Readings,творчество,8,8,0.9,1.58
Zograf Readings,комментарий,8,7,0.79,1.58
Zograf Readings,гимн,8,8,0.9,1.58
Zograf Readings,народный,8,8,0.9,1.58
Zograf Readings,ланка,8,8,0.9,1.58
Zograf Readings,стиль,8,8,0.9,1.58
Zograf Readings,формирование,8,8,0.9,1.58
Zograf Readings,индоевропейский,8,8,0.9,1.58
Zograf Readings,южный,8,8,0.9,1.58
Zograf Readings,открытие,8,8,0.9,1.58
Zograf Readings,канон,8,8,0.9,1.58
Zograf Readings,система,8,8,0.9,1.58
Zograf Readings,мир,8,8,0.9,1.58
Zograf Readings,фольклор,8,8,0.9,1.58
Zograf Readings,сознание,7,7,0.79,1.38
Zograf Readings,школа,7,7,0.79,1.38
Zograf Readings,богиня,7,7,0.79,1.38
Zograf Readings,речь,7,7,0.79,1.38
Zograf Readings,лексика,7,7,0.79,1.38
Zograf Readings,упанишад,7,7,0.79,1.38
Zograf Readings,бхартрихари,7,7,0.79,1.38
Zograf Readings,три,7,7,0.79,1.38
Zograf Readings,композиция,7,7,0.79,1.38
Zograf Readings,версия,7,7,0.79,1.38
Zograf Readings,бенгалия,7,7,0.79,1.38
Zograf Readings,развитие,7,7,0.79,1.38
Zograf Readings,возрождение,7,7,0.79,1.38
Zograf Readings,абхинавагупта,7,7,0.79,1.38
Zograf Readings,грамматика,7,7,0.79,1.38
Zograf Readings,конференция,7,7,0.79,1.38
Zograf Readings,взгляд,7,7,0.79,1.38
Zograf Readings,русский,7,7,0.79,1.38
Zograf Readings,культ,7,7,0.79,1.38
Zograf Readings,вишну,7,7,0.79,1.38
Zograf Readings,реконструкция,7,7,0.79,1.38
Zograf Readings,глава,7,7,0.79,1.38
Zograf Readings,первый,7,7,0.79,1.38
Zograf Readings,непальский,7,7,0.79,1.38
Zograf Readings,маэ_ран,7,7,0.79,1.38
Zograf Readings,искусство,7,7,0.79,1.38
Zograf Readings,обряд,7,7,0.79,1.38
Zograf Readings,форма,7,7,0.79,1.38
Zograf Readings,лалитавистара,7,7,0.79,1.38
Zograf Readings,понимание,7,7,0.79,1.38
Zograf Readings,трактат,6,6,0.67,1.18
Zograf Readings,тантрический,6,6,0.67,1.18
Zograf Readings,жанр,6,6,0.67,1.18
Zograf Readings,начало,6,6,0.67,1.18
Zograf Readings,дхарма,6,6,0.67,1.18
Zograf Readings,возможный,6,6,0.67,1.18
Zograf Readings,абхидхарма,6,6,0.67,1.18
Zograf Readings,фольклорный,6,6,0.67,1.18
Zograf Readings,эпический,6,6,0.67,1.18
Zograf Readings,сравнительный,6,6,0.67,1.18
Zograf Readings,формула,6,6,0.67,1.18
Zograf Readings,человек,6,6,0.67,1.18
Zograf Readings,южная_индия,6,6,0.67,1.18
Zograf Readings,восприятие,6,6,0.67,1.18
Zograf Readings,что,6,6,0.67,1.18
Zograf Readings,западный,6,6,0.67,1.18
Zograf Readings,концепт,6,6,0.67,1.18
Zograf Readings,кашмирский,6,6,0.67,1.18
Zograf Readings,йога,6,6,0.67,1.18
Zograf Readings,диаспора,6,6,0.67,1.18
Zograf Readings,вода,6,5,0.56,1.18
Zograf Readings,смысл,6,6,0.67,1.18
Zograf Readings,танец,6,6,0.67,1.18
Zograf Readings,функция,6,6,0.67,1.18
Zograf Readings,племя,6,6,0.67,1.18
Zograf Readings,игра,6,6,0.67,1.18
Zograf Readings,мифология,6,6,0.67,1.18
Zograf Readings,мунда,6,6,0.67,1.18
Zograf Readings,прием,6,6,0.67,1.18
Zograf Readings,рушдить,6,6,0.67,1.18
Zograf Readings,шива,6,6,0.67,1.18
Zograf Readings,сутра,6,6,0.67,1.18
Zograf Readings,иконография,6,6,0.67,1.18
Zograf Readings,фонд,6,6,0.67,1.18
Zograf Readings,параллель,6,6,0.67,1.18
Zograf Readings,вивекананда,6,6,0.67,1.18
Zograf Readings,бхакти,6,6,0.67,1.18
Zograf Readings,родство,6,5,0.56,1.18
Zograf Readings,предмет,6,6,0.67,1.18
Zograf Readings,центральный,5,5,0.56,0.99
Zograf Readings,категория,5,5,0.56,0.99
Zograf Readings,время,5,5,0.56,0.99
Zograf Readings,лебедев,5,5,0.56,0.99
Zograf Readings,женский,5,5,0.56,0.99
Zograf Readings,священный,5,5,0.56,0.99
Zograf Readings,поэтический,5,5,0.56,0.99
Zograf Readings,христианский,5,5,0.56,0.99
Zograf Readings,способ,5,5,0.56,0.99
Zograf Readings,идея,5,5,0.56,0.99
Zograf Readings,программа,5,5,0.56,0.99
Zograf Readings,общество,5,5,0.56,0.99
Zograf Readings,произведение,5,5,0.56,0.99
Zograf Readings,описание,5,5,0.56,0.99
Zograf Readings,мыслитель,5,5,0.56,0.99
Zograf Readings,храмовый,5,5,0.56,0.99
Zograf Readings,надпись,5,5,0.56,0.99
Zograf Readings,происхождение,5,5,0.56,0.99
Zograf Readings,вакьяпадий,5,5,0.56,0.99
Zograf Readings,религиозно-философский,5,5,0.56,0.99
Zograf Readings,протоиндийский,5,5,0.56,0.99
Zograf Readings,шиваизм,5,5,0.56,0.99
Zograf Readings,лингвистика,5,5,0.56,0.99
Zograf Readings,проповедь,5,5,0.56,0.99
Zograf Readings,стихотворный,5,5,0.56,0.99
Zograf Readings,размер,5,5,0.56,0.99
Zograf Readings,европейский,5,5,0.56,0.99
Zograf Readings,освобождение,5,5,0.56,0.99
Zograf Readings,дискуссия,5,5,0.56,0.99
Zograf Readings,метафора,5,5,0.56,0.99
Zograf Readings,британский,5,5,0.56,0.99
Zograf Readings,раманудж,5,5,0.56,0.99
Zograf Readings,оберхаммер,5,5,0.56,0.99
Zograf Readings,брахман,5,5,0.56,0.99
Zograf Readings,непал,5,5,0.56,0.99
Zograf Readings,ведды,5,5,0.56,0.99
Zograf Readings,вариант,5,5,0.56,0.99
Zograf Readings,наследие,5,5,0.56,0.99
Zograf Readings,свами,5,5,0.56,0.99
Zograf Readings,след,5,5,0.56,0.99
Zograf Readings,ганди,5,5,0.56,0.99
Zograf Readings,мантра,5,5,0.56,0.99
Zograf Readings,приветственный,5,5,0.56,0.99
Zograf Readings,тантризм,5,5,0.56,0.99
Zograf Readings,познание,4,4,0.45,0.79
Zograf Readings,основа,4,4,0.45,0.79
Zograf Readings,герменевтика,4,4,0.45,0.79
Zograf Readings,проза,4,4,0.45,0.79
Zograf Readings,фигура,4,4,0.45,0.79
Zograf Readings,эпизод,4,4,0.45,0.79
Zograf Readings,комплекс,4,4,0.45,0.79
Zograf Readings,модель,4,4,0.45,0.79
Zograf Readings,дхармакиртеть,4,4,0.45,0.79
Zograf Readings,корень,4,4,0.45,0.79
Zograf Readings,эволюция,4,4,0.45,0.79
Zograf Readings,символика,4,4,0.45,0.79
Zograf Readings,почитание,4,4,0.45,0.79
Zograf Readings,изменение,4,4,0.45,0.79
Zograf Readings,дополнение,4,4,0.45,0.79
Zograf Readings,деревня,4,4,0.45,0.79
Zograf Readings,рассказ,4,4,0.45,0.79
Zograf Readings,состав,4,4,0.45,0.79
Zograf Readings,рождение,4,4,0.45,0.79
Zograf Readings,абхидхармакош,4,4,0.45,0.79
Zograf Readings,памятник,4,4,0.45,0.79
Zograf Readings,типология,4,4,0.45,0.79
Zograf Readings,эпистемология,4,4,0.45,0.79
Zograf Readings,натьяшастр,4,4,0.45,0.79
Zograf Readings,сингал,4,4,0.45,0.79
Zograf Readings,архитектура,4,4,0.45,0.79
Zograf Readings,влияние,4,4,0.45,0.79
Zograf Readings,доктрина,4,4,0.45,0.79
Zograf Readings,война,4,3,0.34,0.79
Zograf Readings,народ,4,4,0.45,0.79
Zograf Readings,раджастхан,4,4,0.45,0.79
Zograf Readings,натарадж,4,4,0.45,0.79
Zograf Readings,кали,4,4,0.45,0.79
Zograf Readings,сборник,4,4,0.45,0.79
Zograf Readings,определение,4,4,0.45,0.79
Zograf Readings,сказка,4,4,0.45,0.79
Zograf Readings,глаз,4,4,0.45,0.79
Zograf Readings,реальность,4,4,0.45,0.79
Zograf Readings,духовный,4,4,0.45,0.79
Zograf Readings,дискурс,4,4,0.45,0.79
Zograf Readings,колониальный,4,4,0.45,0.79
Zograf Readings,выступление,4,4,0.45,0.79
Zograf Readings,живой,4,4,0.45,0.79
Zograf Readings,сосуд,4,4,0.45,0.79
Zograf Readings,этнографический,4,4,0.45,0.79
Zograf Readings,синтез,4,4,0.45,0.79
Zograf Readings,восточный,4,4,0.45,0.79
Zograf Readings,кришна,4,4,0.45,0.79
Zograf Readings,наука,4,4,0.45,0.79
Zograf Readings,адивась,4,4,0.45,0.79
Zograf Readings,китайский,4,4,0.45,0.79
Zograf Readings,социальный,4,4,0.45,0.79
Zograf Readings,схема,4,4,0.45,0.79
Zograf Readings,божество,4,4,0.45,0.79
Zograf Readings,мерварт,4,4,0.45,0.79
Zograf Readings,канонический,4,4,0.45,0.79
Zograf Readings,кинематограф,4,4,0.45,0.79
Zograf Readings,основной,4,4,0.45,0.79
Zograf Readings,ладакх,4,3,0.34,0.79
Zograf Readings,труд,4,4,0.45,0.79
Zograf Readings,письменность,4,4,0.45,0.79
Zograf Readings,судьба,4,4,0.45,0.79
Zograf Readings,мать,4,3,0.34,0.79
Zograf Readings,дравидология,4,4,0.45,0.79
Zograf Readings,маэ,4,4,0.45,0.79
Zograf Readings,предание,4,3,0.34,0.79
Zograf Readings,толкование,4,4,0.45,0.79
Zograf Readings,сериал,4,3,0.34,0.79
Zograf Readings,куллуи,4,4,0.45,0.79
Zograf Readings,храм,4,4,0.45,0.79
Zograf Readings,актуальный,3,3,0.34,0.59
Zograf Readings,телугу,3,3,0.34,0.59
Zograf Readings,акт,3,3,0.34,0.59
Zograf Readings,изображение,3,3,0.34,0.59
Zograf Readings,атомизм,3,3,0.34,0.59
Zograf Readings,дерево,3,3,0.34,0.59
Zograf Readings,синоним,3,3,0.34,0.59
Zograf Readings,предварительный,3,3,0.34,0.59
Zograf Readings,сообщение,3,3,0.34,0.59
Zograf Readings,завершать,3,3,0.34,0.59
Zograf Readings,шиваитский,3,3,0.34,0.59
Zograf Readings,калькутта,3,3,0.34,0.59
Zograf Readings,герой,3,3,0.34,0.59
Zograf Readings,рельеф,3,3,0.34,0.59
Zograf Readings,видеоматериал,3,3,0.34,0.59
Zograf Readings,группа,3,3,0.34,0.59
Zograf Readings,индоиранский,3,3,0.34,0.59
Zograf Readings,жизнеописание,3,3,0.34,0.59
Zograf Readings,часть,3,3,0.34,0.59
Zograf Readings,содержание,3,3,0.34,0.59
Zograf Readings,передача,3,3,0.34,0.59
Zograf Readings,строфа,3,3,0.34,0.59
Zograf Readings,специфический,3,3,0.34,0.59
Zograf Readings,поэтика,3,3,0.34,0.59
Zograf Readings,средство,3,3,0.34,0.59
Zograf Readings,существование,3,3,0.34,0.59
Zograf Readings,цикл,3,3,0.34,0.59
Zograf Readings,согласно,3,3,0.34,0.59
Zograf Readings,письмо,3,3,0.34,0.59
Zograf Readings,непосредственный,3,3,0.34,0.59
Zograf Readings,москва,3,3,0.34,0.59
Zograf Readings,старый,3,3,0.34,0.59
Zograf Readings,парс,3,3,0.34,0.59
Zograf Readings,поздний,3,3,0.34,0.59
Zograf Readings,так,3,3,0.34,0.59
Zograf Readings,такой,3,3,0.34,0.59
Zograf Readings,животное,3,3,0.34,0.59
Zograf Readings,ордалия,3,3,0.34,0.59
Zograf Readings,результат,3,3,0.34,0.59
Zograf Readings,другой,3,3,0.34,0.59
Zograf Readings,создание,3,3,0.34,0.59
Zograf Readings,компаративный,3,3,0.34,0.59
Zograf Readings,калика-пурана,3,3,0.34,0.59
Zograf Readings,символический,3,3,0.34,0.59
Zograf Readings,между,3,3,0.34,0.59
Zograf Readings,посвящение,3,3,0.34,0.59
Zograf Readings,восток,3,3,0.34,0.59
Zograf Readings,иконографический,3,3,0.34,0.59
Zograf Readings,джаясь,3,3,0.34,0.59
Zograf Readings,джатака,3,3,0.34,0.59
Zograf Readings,пали,3,3,0.34,0.59
Zograf Readings,баул,3,3,0.34,0.59
Zograf Readings,обучение,3,3,0.34,0.59
Zograf Readings,далджито,3,3,0.34,0.59
Zograf Readings,награ,3,3,0.34,0.59
Zograf Readings,глагольный,3,3,0.34,0.59
Zograf Readings,природа,3,3,0.34,0.59
Zograf Readings,поле,3,3,0.34,0.59
Zograf Readings,четыре,3,3,0.34,0.59
Zograf Readings,принцип,3,3,0.34,0.59
Zograf Readings,аватар,3,3,0.34,0.59
Zograf Readings,политика,3,3,0.34,0.59
Zograf Readings,герасим,3,3,0.34,0.59
Zograf Readings,рабиндранат,3,3,0.34,0.59
Zograf Readings,ассам,3,3,0.34,0.59
Zograf Readings,третий,3,3,0.34,0.59
Zograf Readings,сотериологический,3,3,0.34,0.59
Zograf Readings,картина,3,3,0.34,0.59
Zograf Readings,последний,3,3,0.34,0.59
Zograf Readings,парадигма,3,3,0.34,0.59
Zograf Readings,легенда,3,3,0.34,0.59
Zograf Readings,вишишта-адвайта-ведант,3,3,0.34,0.59
Zograf Readings,мысль,3,3,0.34,0.59
Zograf Readings,ренессанс,3,3,0.34,0.59
Zograf Readings,гуджарат,3,3,0.34,0.59
Zograf Readings,полевой,3,3,0.34,0.59
Zograf Readings,найти,3,3,0.34,0.59
Zograf Readings,азия,3,3,0.34,0.59
Zograf Readings,элемент,3,3,0.34,0.59
Zograf Readings,айодхие,3,3,0.34,0.59
Zograf Readings,размышление,3,3,0.34,0.59
Zograf Readings,садхана,3,3,0.34,0.59
Zograf Readings,рациональность,3,3,0.34,0.59
Zograf Readings,пословица,3,3,0.34,0.59
Zograf Readings,современность,3,3,0.34,0.59
Zograf Readings,фрагмент,3,3,0.34,0.59
Zograf Readings,библиотека,3,3,0.34,0.59
Zograf Readings,потоп,3,3,0.34,0.59
Zograf Readings,скульптура,3,3,0.34,0.59
Zograf Readings,просветление,3,3,0.34,0.59
Zograf Readings,свет,3,3,0.34,0.59
Zograf Readings,орисса,3,3,0.34,0.59
Zograf Readings,мессершмидт,3,3,0.34,0.59
Zograf Readings,научный,3,3,0.34,0.59
Zograf Readings,словарь,3,3,0.34,0.59
Zograf Readings,отражение,3,3,0.34,0.59
Zograf Readings,североиндийский,3,3,0.34,0.59
Zograf Readings,шайв-бхакть,3,3,0.34,0.59
Zograf Readings,вид,3,3,0.34,0.59
Zograf Readings,тень,3,3,0.34,0.59
Zograf Readings,ракурс,3,3,0.34,0.59
Zograf Readings,дешик,3,3,0.34,0.59
Zograf Readings,критика,3,3,0.34,0.59
Zograf Readings,повод,3,3,0.34,0.59
Zograf Readings,мистический,3,3,0.34,0.59
Zograf Readings,йогини-тантра,3,3,0.34,0.59
Zograf Readings,художник,3,3,0.34,0.59
Zograf Readings,фон,3,3,0.34,0.59
Zograf Readings,дипанкара,3,3,0.34,0.59
Zograf Readings,умапати,3,3,0.34,0.59
Zograf Readings,шивачарья,3,3,0.34,0.59
Zograf Readings,ошо,3,3,0.34,0.59
Zograf Readings,когнитивный,3,3,0.34,0.59
Zograf Readings,асанга,3,3,0.34,0.59
Zograf Readings,вальмик,3,3,0.34,0.59
Zograf Readings,парибхаша,3,3,0.34,0.59
Zograf Readings,сит,3,3,0.34,0.59
Zograf Readings,инклюзивизм,3,3,0.34,0.59
Zograf Readings,тело,3,2,0.22,0.59
Zograf Readings,мифологический,3,3,0.34,0.59
Zograf Readings,онтология,3,3,0.34,0.59
Zograf Readings,востоковед,3,3,0.34,0.59
Zograf Readings,махаяна,3,3,0.34,0.59
Zograf Readings,действие,3,3,0.34,0.59
Zograf Readings,город,3,3,0.34,0.59
Zograf Readings,йогический,3,3,0.34,0.59
Zograf Readings,цыган,3,2,0.22,0.59
Zograf Readings,рыба,3,3,0.34,0.59
Zograf Readings,салман,3,3,0.34,0.59
Zograf Readings,керала,3,3,0.34,0.59
Zograf Readings,экспедиция,3,3,0.34,0.59
Zograf Readings,сикх,3,3,0.34,0.59
Zograf Readings,сурешвара,3,3,0.34,0.59
Zograf Readings,астрологический,2,2,0.22,0.39
Zograf Readings,аюрведа,2,2,0.22,0.39
Zograf Readings,реминисценция,2,2,0.22,0.39
Zograf Readings,психология,2,2,0.22,0.39
Zograf Readings,самопожертвование,2,2,0.22,0.39
Zograf Readings,опровержение,2,2,0.22,0.39
Zograf Readings,спхота,2,2,0.22,0.39
Zograf Readings,гималаи,2,2,0.22,0.39
Zograf Readings,вайшешик,2,2,0.22,0.39
Zograf Readings,бхагавата-пурана,2,2,0.22,0.39
Zograf Readings,лук,2,2,0.22,0.39
Zograf Readings,нигхант,2,2,0.22,0.39
Zograf Readings,взаимоотношение,2,2,0.22,0.39
Zograf Readings,тамилнад,2,2,0.22,0.39
Zograf Readings,сторона,2,2,0.22,0.39
Zograf Readings,девибхагават-пурана,2,2,0.22,0.39
Zograf Readings,девар,2,2,0.22,0.39
Zograf Readings,гадание,2,2,0.22,0.39
Zograf Readings,царский,2,2,0.22,0.39
Zograf Readings,технический,2,2,0.22,0.39
Zograf Readings,идеологический,2,2,0.22,0.39
Zograf Readings,тара,2,2,0.22,0.39
Zograf Readings,демонстрация,2,2,0.22,0.39
Zograf Readings,представитель,2,2,0.22,0.39
Zograf Readings,каста,2,2,0.22,0.39
Zograf Readings,согласный,2,1,0.11,0.39
Zograf Readings,ашок,2,2,0.22,0.39
Zograf Readings,соотношение,2,2,0.22,0.39
Zograf Readings,механизм,2,2,0.22,0.39
Zograf Readings,сакральный,2,2,0.22,0.39
Zograf Readings,постановка,2,2,0.22,0.39
Zograf Readings,энциклопедия,2,2,0.22,0.39
Zograf Readings,диалект,2,2,0.22,0.39
Zograf Readings,фонетический,2,2,0.22,0.39
Zograf Readings,северный,2,2,0.22,0.39
Zograf Readings,урду,2,2,0.22,0.39
Zograf Readings,плач,2,2,0.22,0.39
Zograf Readings,махакавие,2,2,0.22,0.39
Zograf Readings,вишишт-адвайта,2,2,0.22,0.39
Zograf Readings,характеристика,2,2,0.22,0.39
Zograf Readings,смерть,2,2,0.22,0.39
Zograf Readings,персонаж,2,2,0.22,0.39
Zograf Readings,пракритский,2,2,0.22,0.39
Zograf Readings,материальный,2,2,0.22,0.39
Zograf Readings,радж,2,2,0.22,0.39
Zograf Readings,бык,2,2,0.22,0.39
Zograf Readings,скотоводческий,2,2,0.22,0.39
Zograf Readings,кула,2,2,0.22,0.39
Zograf Readings,цейлон,2,2,0.22,0.39
Zograf Readings,чайтанья,2,2,0.22,0.39
Zograf Readings,сооружение,2,2,0.22,0.39
Zograf Readings,великий,2,2,0.22,0.39
Zograf Readings,малый,2,2,0.22,0.39
Zograf Readings,махатмие,2,2,0.22,0.39
Zograf Readings,воинский,2,2,0.22,0.39
Zograf Readings,братство,2,2,0.22,0.39
Zograf Readings,сат-чит-ананд,2,2,0.22,0.39
Zograf Readings,птица,2,2,0.22,0.39
Zograf Readings,савитереть,2,1,0.11,0.39
Zograf Readings,кабир,2,2,0.22,0.39
Zograf Readings,джатр,2,2,0.22,0.39
Zograf Readings,методология,2,2,0.22,0.39
Zograf Readings,бытование,2,2,0.22,0.39
Zograf Readings,ишвара,2,2,0.22,0.39
Zograf Readings,абсолютный,2,2,0.22,0.39
Zograf Readings,методологический,2,2,0.22,0.39
Zograf Readings,раннебуддийский,2,2,0.22,0.39
Zograf Readings,христианство,2,2,0.22,0.39
Zograf Readings,мудрость,2,2,0.22,0.39
Zograf Readings,кастовый,2,2,0.22,0.39
Zograf Readings,называть,2,2,0.22,0.39
Zograf Readings,запад,2,2,0.22,0.39
Zograf Readings,тип,2,2,0.22,0.39
Zograf Readings,побоище,2,2,0.22,0.39
Zograf Readings,палица,2,2,0.22,0.39
Zograf Readings,паломничество,2,2,0.22,0.39
Zograf Readings,скот,2,2,0.22,0.39
Zograf Readings,рукописный,2,2,0.22,0.39
Zograf Readings,падмават,2,2,0.22,0.39
Zograf Readings,малика,2,2,0.22,0.39
Zograf Readings,мухаммад,2,2,0.22,0.39
Zograf Readings,этика,2,2,0.22,0.39
Zograf Readings,уровень,2,2,0.22,0.39
Zograf Readings,читта,2,2,0.22,0.39
Zograf Readings,виджнян,2,2,0.22,0.39
Zograf Readings,бхайрава,2,2,0.22,0.39
Zograf Readings,генезис,2,2,0.22,0.39
Zograf Readings,свитка,2,2,0.22,0.39
Zograf Readings,человеческий,2,2,0.22,0.39
Zograf Readings,блаженство,2,2,0.22,0.39
Zograf Readings,стратегия,2,2,0.22,0.39
Zograf Readings,хеваджр-тантра,2,2,0.22,0.39
Zograf Readings,высказывание,2,2,0.22,0.39
Zograf Readings,девибхагавата-пурана,2,2,0.22,0.39
Zograf Readings,символ,2,2,0.22,0.39
Zograf Readings,сиддхам,2,2,0.22,0.39
Zograf Readings,языковой,2,2,0.22,0.39
Zograf Readings,четвертый,2,2,0.22,0.39
Zograf Readings,бодхичитта,2,2,0.22,0.39
Zograf Readings,второй,2,2,0.22,0.39
Zograf Readings,ярость,2,2,0.22,0.39
Zograf Readings,элита,2,2,0.22,0.39
Zograf Readings,предсказание,2,2,0.22,0.39
Zograf Readings,зал,2,2,0.22,0.39
Zograf Readings,юный,2,2,0.22,0.39
Zograf Readings,сопоставление,2,2,0.22,0.39
Zograf Readings,архив,2,2,0.22,0.39
Zograf Readings,гупт,2,2,0.22,0.39
Zograf Readings,измерение,2,2,0.22,0.39
Zograf Readings,взаимодействие,2,2,0.22,0.39
Zograf Readings,состояние,2,2,0.22,0.39
Zograf Readings,кадамбари,2,2,0.22,0.39
Zograf Readings,автор,2,2,0.22,0.39
Zograf Readings,рама,2,2,0.22,0.39
Zograf Readings,ведический,2,2,0.22,0.39
Zograf Readings,монизм,2,2,0.22,0.39
Zograf Readings,непалец,2,2,0.22,0.39
Zograf Readings,личный,2,2,0.22,0.39
Zograf Readings,повествовательный,2,2,0.22,0.39
Zograf Readings,свиток,2,2,0.22,0.39
Zograf Readings,календарный,2,2,0.22,0.39
Zograf Readings,роспись,2,2,0.22,0.39
Zograf Readings,дать,2,2,0.22,0.39
Zograf Readings,политический,2,2,0.22,0.39
Zograf Readings,все,2,2,0.22,0.39
Zograf Readings,автобиографический,2,2,0.22,0.39
Zograf Readings,найполый,2,2,0.22,0.39
Zograf Readings,заметка,2,2,0.22,0.39
Zograf Readings,загадка,2,2,0.22,0.39
Zograf Readings,употребление,2,2,0.22,0.39
Zograf Readings,сквозь,2,2,0.22,0.39
Zograf Readings,призма,2,2,0.22,0.39
Zograf Readings,через,2,2,0.22,0.39
Zograf Readings,после,2,2,0.22,0.39
Zograf Readings,конфликт,2,2,0.22,0.39
Zograf Readings,странствие,2,2,0.22,0.39
Zograf Readings,индологический,2,2,0.22,0.39
Zograf Readings,мира_баи,2,2,0.22,0.39
Zograf Readings,майя,2,2,0.22,0.39
Zograf Readings,музейный,2,2,0.22,0.39
Zograf Readings,репрезентация,2,2,0.22,0.39
Zograf Readings,атрибут,2,2,0.22,0.39
Zograf Readings,записка,2,2,0.22,0.39
Zograf Readings,авалокитешвара,2,2,0.22,0.39
Zograf Readings,гаруда,2,2,0.22,0.39
Zograf Readings,песня,2,2,0.22,0.39
Zograf Readings,художественный,2,2,0.22,0.39
Zograf Readings,карнатака,2,2,0.22,0.39
Zograf Readings,варна,2,2,0.22,0.39
Zograf Readings,звук,2,2,0.22,0.39
Zograf Readings,хить,2,2,0.22,0.39
Zograf Readings,дхара,2,2,0.22,0.39
Zograf Readings,ксилограф,2,2,0.22,0.39
Zograf Readings,инструмент,2,2,0.22,0.39
Zograf Readings,внутренний,2,2,0.22,0.39
Zograf Readings,смысловой,2,2,0.22,0.39
Zograf Readings,конструкция,2,2,0.22,0.39
Zograf Readings,гендерный,2,2,0.22,0.39
Zograf Readings,ответ,2,2,0.22,0.39
Zograf Readings,мультикультурный,2,2,0.22,0.39
Zograf Readings,бомбей,2,2,0.22,0.39
Zograf Readings,собиратель,2,2,0.22,0.39
Zograf Readings,биография,2,2,0.22,0.39
Zograf Readings,риторика,2,2,0.22,0.39
Zograf Readings,дух,2,2,0.22,0.39
Zograf Readings,популярный,2,2,0.22,0.39
Zograf Readings,лирический,2,2,0.22,0.39
Zograf Readings,письменный,2,2,0.22,0.39
Zograf Readings,данные,2,2,0.22,0.39
Zograf Readings,неоиндуизм,2,2,0.22,0.39
Zograf Readings,изобразительный,2,2,0.22,0.39
Zograf Readings,чидамбарам,2,2,0.22,0.39
Zograf Readings,поговорка,2,2,0.22,0.39
Zograf Readings,махабхагавата-пурана,2,2,0.22,0.39
Zograf Readings,позиция,2,2,0.22,0.39
Zograf Readings,мадхьямак,2,2,0.22,0.39
Zograf Readings,миссионерский,2,2,0.22,0.39
Zograf Readings,чудо,2,2,0.22,0.39
Zograf Readings,шрибхаший,2,2,0.22,0.39
Zograf Readings,пудгала,2,1,0.11,0.39
Zograf Readings,катхаваттх,2,2,0.22,0.39
Zograf Readings,участник,2,2,0.22,0.39
Zograf Readings,вьякаран,2,2,0.22,0.39
Zograf Readings,брахманистский,2,2,0.22,0.39
Zograf Readings,абхидхармасамуччай,2,2,0.22,0.39
Zograf Readings,намбить,2,1,0.11,0.39
Zograf Readings,трансформация,2,2,0.22,0.39
Zograf Readings,сурдас,2,2,0.22,0.39
Zograf Readings,ведда,2,2,0.22,0.39
Zograf Readings,прошлый,2,2,0.22,0.39
Zograf Readings,настоящий,2,2,0.22,0.39
Zograf Readings,стих,2,2,0.22,0.39
Zograf Readings,катх,2,2,0.22,0.39
Zograf Readings,несколько,2,2,0.22,0.39
Zograf Readings,частица,2,2,0.22,0.39
Zograf Readings,алфавит,2,2,0.22,0.39
Zograf Readings,моравский,2,1,0.11,0.39
Zograf Readings,брат,2,2,0.22,0.39
Zograf Readings,лирика,2,2,0.22,0.39
Zograf Readings,ценность,2,2,0.22,0.39
Zograf Readings,чже,2,2,0.22,0.39
Zograf Readings,цонкап,2,2,0.22,0.39
Zograf Readings,сингальский,2,2,0.22,0.39
Zograf Readings,основание,2,2,0.22,0.39
Zograf Readings,госвами,2,2,0.22,0.39
Zograf Readings,индология,2,2,0.22,0.39
Zograf Readings,первобытный,2,2,0.22,0.39
Zograf Readings,жертвенный,2,2,0.22,0.39
Zograf Readings,компаративистика,2,2,0.22,0.39
Zograf Readings,обзор,2,2,0.22,0.39
Zograf Readings,текстология,2,2,0.22,0.39
Zograf Readings,историография,2,2,0.22,0.39
Zograf Readings,диалог,2,2,0.22,0.39
Zograf Readings,специфика,2,2,0.22,0.39
Zograf Readings,метод,2,2,0.22,0.39
Zograf Readings,борьба,2,2,0.22,0.39
Zograf Readings,собственный,2,2,0.22,0.39
Zograf Readings,благо,2,2,0.22,0.39
Zograf Readings,явление,2,2,0.22,0.39
Zograf Readings,абхидхармакошабхаший,2,2,0.22,0.39
Zograf Readings,течение,2,2,0.22,0.39
Zograf Readings,зачем,2,2,0.22,0.39
Zograf Readings,чиновничество,2,2,0.22,0.39
Zograf Readings,цель,2,2,0.22,0.39
Zograf Readings,дефиниция,2,1,0.11,0.39
Zograf Readings,образец,2,2,0.22,0.39
Zograf Readings,равить,2,1,0.11,0.39
Zograf Readings,варма,2,1,0.11,0.39
Zograf Readings,основатель,2,2,0.22,0.39
Zograf Readings,путешествие,2,2,0.22,0.39
Zograf Readings,суфизм,2,2,0.22,0.39
Zograf Readings,индо-иранский,2,2,0.22,0.39
Zograf Readings,локальный,2,2,0.22,0.39
Zograf Readings,обоснование,2,2,0.22,0.39
Zograf Readings,джатакастав,2,2,0.22,0.39
Zograf Readings,разновидность,2,2,0.22,0.39
Zograf Readings,установление,2,2,0.22,0.39
Zograf Readings,логика,2,2,0.22,0.39
Zograf Readings,участие,2,2,0.22,0.39
Zograf Readings,функциональный,2,2,0.22,0.39
Zograf Readings,построение,2,2,0.22,0.39
Zograf Readings,томас,2,2,0.22,0.39
Zograf Readings,жизненный,2,2,0.22,0.39
Zograf Readings,лексикография,2,2,0.22,0.39
Zograf Readings,бходжпури,2,2,0.22,0.39
Zograf Readings,индр,2,2,0.22,0.39
Zograf Readings,женщина,2,2,0.22,0.39
Zograf Readings,правило,2,2,0.22,0.39
Zograf Readings,каталог,2,2,0.22,0.39
Zograf Readings,знак,2,2,0.22,0.39
Zograf Readings,сон,2,2,0.22,0.39
Zograf Readings,большой,2,2,0.22,0.39
Zograf Readings,ступа,2,2,0.22,0.39
Zograf Readings,санча,2,2,0.22,0.39
Zograf Readings,кукольный,2,2,0.22,0.39
Zograf Readings,философствование,2,2,0.22,0.39
Zograf Readings,артист,2,2,0.22,0.39
Zograf Readings,пещера,2,2,0.22,0.39
Zograf Readings,эстетика,2,2,0.22,0.39
Zograf Readings,пакистан,2,1,0.11,0.39
Zograf Readings,комментатор,2,2,0.22,0.39
Zograf Readings,руднев,2,2,0.22,0.39
Zograf Readings,телесность,2,2,0.22,0.39
Zograf Readings,территория,2,2,0.22,0.39
Zograf Readings,пропаганда,2,2,0.22,0.39
Zograf Readings,комический,2,2,0.22,0.39
Zograf Readings,дживой,2,2,0.22,0.39
Zograf Readings,госвамин,2,2,0.22,0.39
Zograf Readings,задача,2,2,0.22,0.39
Zograf Readings,трактовка,2,2,0.22,0.39
Zograf Readings,экзегетический,2,2,0.22,0.39
Zograf Readings,встреча,2,2,0.22,0.39
Zograf Readings,характерный,2,2,0.22,0.39
Zograf Readings,черта,2,2,0.22,0.39
Zograf Readings,датировка,2,2,0.22,0.39
Zograf Readings,миниатюра,2,2,0.22,0.39
Zograf Readings,таттвасанграха,2,2,0.22,0.39
Zograf Readings,архетип,2,2,0.22,0.39
Zograf Readings,метрика,2,2,0.22,0.39
Zograf Readings,патанджали,2,2,0.22,0.39
Zograf Readings,санкт-петербург,2,2,0.22,0.39
Zograf Readings,сериндийский,2,2,0.22,0.39
Zograf Readings,князь,2,2,0.22,0.39
Zograf Readings,медитация,2,2,0.22,0.39
Zograf Readings,конец,2,2,0.22,0.39
Zograf Readings,перспектива,2,2,0.22,0.39
Zograf Readings,коренной,2,2,0.22,0.39
Zograf Readings,этап,2,2,0.22,0.39
Zograf Readings,жертвоприношение,2,2,0.22,0.39
Zograf Readings,пурва-миманс,2,2,0.22,0.39
Zograf Readings,исполнительский,2,2,0.22,0.39
Zograf Readings,евгений,2,1,0.11,0.39
Zograf Readings,парья,2,2,0.22,0.39
Zograf Readings,средний,2,2,0.22,0.39
Zograf Readings,россия,2,2,0.22,0.39
Zograf Readings,дворец,2,1,0.11,0.39
Zograf Readings,дигнагой,2,2,0.22,0.39
Zograf Readings,есть,2,2,0.22,0.39
Zograf Readings,существо,2,2,0.22,0.39
Zograf Readings,бодхисаттво,2,2,0.22,0.39
Zograf Readings,джайнский,2,2,0.22,0.39
Zograf Readings,пещерный,2,2,0.22,0.39
Zograf Readings,зеркало,2,2,0.22,0.39
Zograf Readings,путь,2,2,0.22,0.39
Zograf Readings,теизм,2,2,0.22,0.39
Zograf Readings,адвайта,2,2,0.22,0.39
Zograf Readings,память,2,2,0.22,0.39
Zograf Readings,чандракиртеть,2,2,0.22,0.39
Zograf Readings,универсалия,2,2,0.22,0.39
Zograf Readings,джнян,2,2,0.22,0.39
Zograf Readings,чаупад,2,2,0.22,0.39
Zograf Readings,сотериология,2,2,0.22,0.39
Zograf Readings,игровой,2,2,0.22,0.39
Zograf Readings,огонь,2,2,0.22,0.39
Zograf Readings,урмила,2,2,0.22,0.39
Zograf Readings,тыква,2,2,0.22,0.39
Zograf Readings,виджнянабхикша,2,2,0.22,0.39
Zograf Readings,завет,2,2,0.22,0.39
Zograf Readings,катманду,2,2,0.22,0.39
Zograf Readings,санкхие,2,2,0.22,0.39
Zograf Readings,шипивишта,2,1,0.11,0.39
Zograf Readings,внешний,2,2,0.22,0.39
Zograf Readings,урок,2,2,0.22,0.39
Zograf Readings,учебник,1,1,0.11,0.2
Zograf Readings,тереть,1,1,0.11,0.2
Zograf Readings,этноисторический,1,1,0.11,0.2
Zograf Readings,агастие,1,1,0.11,0.2
Zograf Readings,медицинский,1,1,0.11,0.2
Zograf Readings,повесть,1,1,0.11,0.2
Zograf Readings,насикета,1,1,0.11,0.2
Zograf Readings,садать,1,1,0.11,0.2
Zograf Readings,мишра,1,1,0.11,0.2
Zograf Readings,гаудавахо,1,1,0.11,0.2
Zograf Readings,вакпатирадж,1,1,0.11,0.2
Zograf Readings,драматург,1,1,0.11,0.2
Zograf Readings,виджняптиматратасиддх,1,1,0.11,0.2
Zograf Readings,доказательство,1,1,0.11,0.2
Zograf Readings,единственность,1,1,0.11,0.2
Zograf Readings,спхотасиддх,1,1,0.11,0.2
Zograf Readings,манданамишра,1,1,0.11,0.2
Zograf Readings,желание,1,1,0.11,0.2
Zograf Readings,специальный,1,1,0.11,0.2
Zograf Readings,адхьякша,1,1,0.11,0.2
Zograf Readings,критик,1,1,0.11,0.2
Zograf Readings,вьяйог,1,1,0.11,0.2
Zograf Readings,мокша,1,1,0.11,0.2
Zograf Readings,оружие,1,1,0.11,0.2
Zograf Readings,конфессия,1,1,0.11,0.2
Zograf Readings,замечание,1,1,0.11,0.2
Zograf Readings,формальный,1,1,0.11,0.2
Zograf Readings,рикпратишакхие,1,1,0.11,0.2
Zograf Readings,бхарат,1,1,0.11,0.2
Zograf Readings,чондро,1,1,0.11,0.2
Zograf Readings,рай,1,1,0.11,0.2
Zograf Readings,биддешундор,1,1,0.11,0.2
Zograf Readings,храниться,1,1,0.11,0.2
Zograf Readings,ргиа,1,1,0.11,0.2
Zograf Readings,эротика,1,1,0.11,0.2
Zograf Readings,мужской,1,1,0.11,0.2
Zograf Readings,деви-гит,1,1,0.11,0.2
Zograf Readings,география,1,1,0.11,0.2
Zograf Readings,тирунянасамбандар,1,1,0.11,0.2
Zograf Readings,джаяшанкара,1,1,0.11,0.2
Zograf Readings,прасад,1,1,0.11,0.2
Zograf Readings,уточняться,1,1,0.11,0.2
Zograf Readings,индо-буддийский,1,1,0.11,0.2
Zograf Readings,слышать,1,1,0.11,0.2
Zograf Readings,вслушиваться,1,1,0.11,0.2
Zograf Readings,хронология,1,1,0.11,0.2
Zograf Readings,раммохон,1,1,0.11,0.2
Zograf Readings,рой,1,1,0.11,0.2
Zograf Readings,дебендронатх,1,1,0.11,0.2
Zograf Readings,рефлексивный,1,1,0.11,0.2
Zograf Readings,орфоэпический,1,1,0.11,0.2
Zograf Readings,фонетика,1,1,0.11,0.2
Zograf Readings,титулатура,1,1,0.11,0.2
Zograf Readings,индо-греков,1,1,0.11,0.2
Zograf Readings,приспособление,1,1,0.11,0.2
Zograf Readings,рубрикация,1,1,0.11,0.2
Zograf Readings,дхатупатх,1,1,0.11,0.2
Zograf Readings,безымянный,1,1,0.11,0.2
Zograf Readings,хазарипрасад,1,1,0.11,0.2
Zograf Readings,двиведи,1,1,0.11,0.2
Zograf Readings,процесс,1,1,0.11,0.2
Zograf Readings,шактизм,1,1,0.11,0.2
Zograf Readings,установитель,1,1,0.11,0.2
Zograf Readings,практический,1,1,0.11,0.2
Zograf Readings,вербальный,1,1,0.11,0.2
Zograf Readings,самосознание,1,1,0.11,0.2
Zograf Readings,низкий,1,1,0.11,0.2
Zograf Readings,условие,1,1,0.11,0.2
Zograf Readings,вытеснение,1,1,0.11,0.2
Zograf Readings,избежание,1,1,0.11,0.2
Zograf Readings,возникновение,1,1,0.11,0.2
Zograf Readings,тяжелый,1,1,0.11,0.2
Zograf Readings,шумный,1,1,0.11,0.2
Zograf Readings,библия,1,1,0.11,0.2
Zograf Readings,праведный,1,1,0.11,0.2
Zograf Readings,тайский,1,1,0.11,0.2
Zograf Readings,саттасаи,1,1,0.11,0.2
Zograf Readings,превосходящий,1,1,0.11,0.2
Zograf Readings,шанкарасвамин,1,1,0.11,0.2
Zograf Readings,сюжетный,1,1,0.11,0.2
Zograf Readings,стилистический,1,1,0.11,0.2
Zograf Readings,приключенческий,1,1,0.11,0.2
Zograf Readings,власть,1,1,0.11,0.2
Zograf Readings,отряхиваться,1,1,0.11,0.2
Zograf Readings,ныряльщик,1,1,0.11,0.2
Zograf Readings,пуранический,1,1,0.11,0.2
Zograf Readings,вепрь,1,1,0.11,0.2
Zograf Readings,сарваджнямитра,1,1,0.11,0.2
Zograf Readings,мадхан-ка,1,1,0.11,0.2
Zograf Readings,рань,1,1,0.11,0.2
Zograf Readings,кетаки,1,1,0.11,0.2
Zograf Readings,инш-алла,1,1,0.11,0.2
Zograf Readings,хан,1,1,0.11,0.2
Zograf Readings,кинематографический,1,1,0.11,0.2
Zograf Readings,статус,1,1,0.11,0.2
Zograf Readings,естественный,1,1,0.11,0.2
Zograf Readings,передвижение,1,1,0.11,0.2
Zograf Readings,становление,1,1,0.11,0.2
Zograf Readings,дидактический,1,1,0.11,0.2
Zograf Readings,шатака,1,1,0.11,0.2
Zograf Readings,жанровый,1,1,0.11,0.2
Zograf Readings,скороходов,1,1,0.11,0.2
Zograf Readings,пенза,1,1,0.11,0.2
Zograf Readings,либеральный,1,1,0.11,0.2
Zograf Readings,промежуточный,1,1,0.11,0.2
Zograf Readings,сезонный,1,1,0.11,0.2
Zograf Readings,суточный,1,1,0.11,0.2
Zograf Readings,философ,1,1,0.11,0.2
Zograf Readings,нагарджун,1,1,0.11,0.2
Zograf Readings,лилавай,1,1,0.11,0.2
Zograf Readings,освещение,1,1,0.11,0.2
Zograf Readings,соответствие,1,1,0.11,0.2
Zograf Readings,непреходящий,1,1,0.11,0.2
Zograf Readings,слава,1,1,0.11,0.2
Zograf Readings,военный,1,1,0.11,0.2
Zograf Readings,техника,1,1,0.11,0.2
Zograf Readings,сочинение,1,1,0.11,0.2
Zograf Readings,калачакра,1,1,0.11,0.2
Zograf Readings,стадо,1,1,0.11,0.2
Zograf Readings,теоретический,1,1,0.11,0.2
Zograf Readings,куларнава-тантра,1,1,0.11,0.2
Zograf Readings,махишасурамардань,1,1,0.11,0.2
Zograf Readings,девибхагават,1,1,0.11,0.2
Zograf Readings,калика-пуран,1,1,0.11,0.2
Zograf Readings,последовательный,1,1,0.11,0.2
Zograf Readings,транскрипция,1,1,0.11,0.2
Zograf Readings,очерк,1,1,0.11,0.2
Zograf Readings,лингвофилософский,1,1,0.11,0.2
Zograf Readings,пара-тримшика-виварать,1,1,0.11,0.2
Zograf Readings,пураны,1,1,0.11,0.2
Zograf Readings,брихатсамхит,1,1,0.11,0.2
Zograf Readings,аргументация,1,1,0.11,0.2
Zograf Readings,рассуждение,1,1,0.11,0.2
Zograf Readings,самбандха,1,1,0.11,0.2
Zograf Readings,эндогамия,1,1,0.11,0.2
Zograf Readings,чем,1,1,0.11,0.2
Zograf Readings,непосредственность,1,1,0.11,0.2
Zograf Readings,джьотиша,1,1,0.11,0.2
Zograf Readings,медицина,1,1,0.11,0.2
Zograf Readings,маруда,1,1,0.11,0.2
Zograf Readings,сахар,1,1,0.11,0.2
Zograf Readings,молоко,1,1,0.11,0.2
Zograf Readings,ауто-представление,1,1,0.11,0.2
Zograf Readings,персидский,1,1,0.11,0.2
Zograf Readings,рудрый-шивый,1,1,0.11,0.2
Zograf Readings,шрутить,1,1,0.11,0.2
Zograf Readings,бхагаватапуран,1,1,0.11,0.2
Zograf Readings,архаизм,1,1,0.11,0.2
Zograf Readings,слой,1,1,0.11,0.2
Zograf Readings,карма,1,1,0.11,0.2
Zograf Readings,атманепад,1,1,0.11,0.2
Zograf Readings,грамматик,1,1,0.11,0.2
Zograf Readings,атхарвавед-паришишт,1,1,0.11,0.2
Zograf Readings,масочный,1,1,0.11,0.2
Zograf Readings,фантастический,1,1,0.11,0.2
Zograf Readings,вес,1,1,0.11,0.2
Zograf Readings,взвешивание,1,1,0.11,0.2
Zograf Readings,стоить,1,1,0.11,0.2
Zograf Readings,дандин,1,1,0.11,0.2
Zograf Readings,андхрамахабхарат,1,1,0.11,0.2
Zograf Readings,закрытие,1,1,0.11,0.2
Zograf Readings,зооморфный,1,1,0.11,0.2
Zograf Readings,риш,1,1,0.11,0.2
Zograf Readings,сравнивать,1,1,0.11,0.2
Zograf Readings,ладья,1,1,0.11,0.2
Zograf Readings,неодолимый,1,1,0.11,0.2
Zograf Readings,поклонение,1,1,0.11,0.2
Zograf Readings,множество,1,1,0.11,0.2
Zograf Readings,тулси,1,1,0.11,0.2
Zograf Readings,дас,1,1,0.11,0.2
Zograf Readings,рамачаритаманас,1,1,0.11,0.2
Zograf Readings,религиозно-мистический,1,1,0.11,0.2
Zograf Readings,абхивиный,1,1,0.11,0.2
Zograf Readings,гипотеза,1,1,0.11,0.2
Zograf Readings,индейский,1,1,0.11,0.2
Zograf Readings,царство,1,1,0.11,0.2
Zograf Readings,русь,1,1,0.11,0.2
Zograf Readings,коровий,1,1,0.11,0.2
Zograf Readings,декан,1,1,0.11,0.2
Zograf Readings,мост,1,1,0.11,0.2
Zograf Readings,гухьясамаджатантра,1,1,0.11,0.2
Zograf Readings,вишнудхармоттара-пурана,1,1,0.11,0.2
Zograf Readings,шакунталый,1,1,0.11,0.2
Zograf Readings,сказитель,1,1,0.11,0.2
Zograf Readings,музыкант,1,1,0.11,0.2
Zograf Readings,танцор,1,1,0.11,0.2
Zograf Readings,катхак,1,1,0.11,0.2
Zograf Readings,ранневишнуитский,1,1,0.11,0.2
Zograf Readings,бронзовый,1,1,0.11,0.2
Zograf Readings,сложение,1,1,0.11,0.2
Zograf Readings,широкий,1,1,0.11,0.2
Zograf Readings,водный,1,1,0.11,0.2
Zograf Readings,пространство,1,1,0.11,0.2
Zograf Readings,самхит,1,1,0.11,0.2
Zograf Readings,освятить,1,1,0.11,0.2
Zograf Readings,махишасурамардинить,1,1,0.11,0.2
Zograf Readings,девы-воительница,1,1,0.11,0.2
Zograf Readings,хранить,1,1,0.11,0.2
Zograf Readings,муж,1,1,0.11,0.2
Zograf Readings,постведийский,1,1,0.11,0.2
Zograf Readings,поход,1,1,0.11,0.2
Zograf Readings,личчхав,1,1,0.11,0.2
Zograf Readings,криттибас,1,1,0.11,0.2
Zograf Readings,оджха,1,1,0.11,0.2
Zograf Readings,махакал,1,1,0.11,0.2
Zograf Readings,суфийский,1,1,0.11,0.2
Zograf Readings,гонур-тепа,1,1,0.11,0.2
Zograf Readings,шастр,1,1,0.11,0.2
Zograf Readings,совершенный,1,1,0.11,0.2
Zograf Readings,певец,1,1,0.11,0.2
Zograf Readings,психика,1,1,0.11,0.2
Zograf Readings,квантитативный,1,1,0.11,0.2
Zograf Readings,чтение,1,1,0.11,0.2
Zograf Readings,маусалапарва,1,1,0.11,0.2
Zograf Readings,гхата-пандит,1,1,0.11,0.2
Zograf Readings,неизвестный,1,1,0.11,0.2
Zograf Readings,речевой,1,1,0.11,0.2
Zograf Readings,ветала,1,1,0.11,0.2
Zograf Readings,возвращение,1,1,0.11,0.2
Zograf Readings,дхола-мара,1,1,0.11,0.2
Zograf Readings,салтана,1,1,0.11,0.2
Zograf Readings,пушкин,1,1,0.11,0.2
Zograf Readings,воплощение,1,1,0.11,0.2
Zograf Readings,матсьяватар,1,1,0.11,0.2
Zograf Readings,рагхуванша,1,1,0.11,0.2
Zograf Readings,калидас,1,1,0.11,0.2
Zograf Readings,тамилистый,1,1,0.11,0.2
Zograf Readings,рефлексия,1,1,0.11,0.2
Zograf Readings,визуальный,1,1,0.11,0.2
Zograf Readings,детерминант,1,1,0.11,0.2
Zograf Readings,вишну-нарасимха,1,1,0.11,0.2
Zograf Readings,раскалить,1,1,0.11,0.2
Zograf Readings,монета,1,1,0.11,0.2
Zograf Readings,проблематика,1,1,0.11,0.2
Zograf Readings,типовой,1,1,0.11,0.2
Zograf Readings,мотив-ситуация,1,1,0.11,0.2
Zograf Readings,потенциальный,1,1,0.11,0.2
Zograf Readings,пангху,1,1,0.11,0.2
Zograf Readings,ратхв,1,1,0.11,0.2
Zograf Readings,уникальность,1,1,0.11,0.2
Zograf Readings,душа,1,1,0.11,0.2
Zograf Readings,ямуначарья,1,1,0.11,0.2
Zograf Readings,археология,1,1,0.11,0.2
Zograf Readings,доктринальный,1,1,0.11,0.2
Zograf Readings,буддхакшетр,1,1,0.11,0.2
Zograf Readings,махаваста,1,1,0.11,0.2
Zograf Readings,царица,1,1,0.11,0.2
Zograf Readings,дворцовый,1,1,0.11,0.2
Zograf Readings,парка,1,1,0.11,0.2
Zograf Readings,истинный,1,1,0.11,0.2
Zograf Readings,кридаяник,1,1,0.11,0.2
Zograf Readings,васильков,1,1,0.11,0.2
Zograf Readings,только,1,1,0.11,0.2
Zograf Readings,словесный,1,1,0.11,0.2
Zograf Readings,непрямой,1,1,0.11,0.2
Zograf Readings,вакрокть,1,1,0.11,0.2
Zograf Readings,население,1,1,0.11,0.2
Zograf Readings,евразийский,1,1,0.11,0.2
Zograf Readings,степь,1,1,0.11,0.2
Zograf Readings,эпоха,1,1,0.11,0.2
Zograf Readings,бронза,1,1,0.11,0.2
Zograf Readings,весна,1,1,0.11,0.2
Zograf Readings,вступительный,1,1,0.11,0.2
Zograf Readings,шакунтала,1,1,0.11,0.2
Zograf Readings,пригород,1,1,0.11,0.2
Zograf Readings,ханиф,1,1,0.11,0.2
Zograf Readings,курейша,1,1,0.11,0.2
Zograf Readings,иммигрантский,1,1,0.11,0.2
Zograf Readings,индо-британский,1,1,0.11,0.2
Zograf Readings,почетный,1,1,0.11,0.2
Zograf Readings,гость-атитхи,1,1,0.11,0.2
Zograf Readings,мангала-шлокаха,1,1,0.11,0.2
Zograf Readings,йафиит,1,1,0.11,0.2
Zograf Readings,аравия,1,1,0.11,0.2
Zograf Readings,санскритизация,1,1,0.11,0.2
Zograf Readings,полемический,1,1,0.11,0.2
Zograf Readings,существовать,1,1,0.11,0.2
Zograf Readings,психофизический,1,1,0.11,0.2
Zograf Readings,миссионер,1,1,0.11,0.2
Zograf Readings,идеология,1,1,0.11,0.2
Zograf Readings,юнгианство,1,1,0.11,0.2
Zograf Readings,абхисамай-аланкара,1,1,0.11,0.2
Zograf Readings,абхишека-патале,1,1,0.11,0.2
Zograf Readings,муктавалихеваджрапаньджик,1,1,0.11,0.2
Zograf Readings,ратнакарашанти,1,1,0.11,0.2
Zograf Readings,гухьясамадж,1,1,0.11,0.2
Zograf Readings,энергийный,1,1,0.11,0.2
Zograf Readings,прагматизм,1,1,0.11,0.2
Zograf Readings,половозрастной,1,1,0.11,0.2
Zograf Readings,стратификация,1,1,0.11,0.2
Zograf Readings,следовать,1,1,0.11,0.2
Zograf Readings,воля,1,1,0.11,0.2
Zograf Readings,звезда,1,1,0.11,0.2
Zograf Readings,астрология,1,1,0.11,0.2
Zograf Readings,стихийный,1,1,0.11,0.2
Zograf Readings,бедствие,1,1,0.11,0.2
Zograf Readings,драупасть,1,1,0.11,0.2
Zograf Readings,энергия,1,1,0.11,0.2
Zograf Readings,ригведапратишакхья,1,1,0.11,0.2
Zograf Readings,саттрия,1,1,0.11,0.2
Zograf Readings,лаборатория,1,1,0.11,0.2
Zograf Readings,театрик,1,1,0.11,0.2
Zograf Readings,петербург,1,1,0.11,0.2
Zograf Readings,чхоу,1,1,0.11,0.2
Zograf Readings,окружение,1,1,0.11,0.2
Zograf Readings,раджасинх,1,1,0.11,0.2
Zograf Readings,надзиратель,1,1,0.11,0.2
Zograf Readings,артхашастр,1,1,0.11,0.2
Zograf Readings,каутилья,1,1,0.11,0.2
Zograf Readings,информация,1,1,0.11,0.2
Zograf Readings,веданта-парибхаш,1,1,0.11,0.2
Zograf Readings,дхармарадж,1,1,0.11,0.2
Zograf Readings,шахрашуба,1,1,0.11,0.2
Zograf Readings,персоязычный,1,1,0.11,0.2
Zograf Readings,изменить,1,1,0.11,0.2
Zograf Readings,бхукть,1,1,0.11,0.2
Zograf Readings,мукть,1,1,0.11,0.2
Zograf Readings,антиномизм,1,1,0.11,0.2
Zograf Readings,вритр,1,1,0.11,0.2
Zograf Readings,девибхагаватапуран,1,1,0.11,0.2
Zograf Readings,осесть,1,1,0.11,0.2
Zograf Readings,анатмавад,1,1,0.11,0.2
Zograf Readings,разлука,1,1,0.11,0.2
Zograf Readings,ваджрапань,1,1,0.11,0.2
Zograf Readings,восемь,1,1,0.11,0.2
Zograf Readings,наг,1,1,0.11,0.2
Zograf Readings,ананга,1,1,0.11,0.2
Zograf Readings,движение,1,1,0.11,0.2
Zograf Readings,прана,1,1,0.11,0.2
Zograf Readings,бхавабхути,1,1,0.11,0.2
Zograf Readings,деяние,1,1,0.11,0.2
Zograf Readings,агамический,1,1,0.11,0.2
Zograf Readings,самоопределение,1,1,0.11,0.2
Zograf Readings,взаимовлияние,1,1,0.11,0.2
Zograf Readings,обрядность,1,1,0.11,0.2
Zograf Readings,раджпутов,1,1,0.11,0.2
Zograf Readings,апастамб-дхармасутра,1,1,0.11,0.2
Zograf Readings,питхоро,1,1,0.11,0.2
Zograf Readings,креативный,1,1,0.11,0.2
Zograf Readings,приглашаться,1,1,0.11,0.2
Zograf Readings,желать,1,1,0.11,0.2
Zograf Readings,буддология,1,1,0.11,0.2
Zograf Readings,матрик,1,1,0.11,0.2
Zograf Readings,вне,1,1,0.11,0.2
Zograf Readings,индиец,1,1,0.11,0.2
Zograf Readings,расположение,1,1,0.11,0.2
Zograf Readings,скульптурный,1,1,0.11,0.2
Zograf Readings,агни-пурана,1,1,0.11,0.2
Zograf Readings,чудесный,1,1,0.11,0.2
Zograf Readings,манимехаль,1,1,0.11,0.2
Zograf Readings,потоцкий,1,1,0.11,0.2
Zograf Readings,калмыкия,1,1,0.11,0.2
Zograf Readings,вещь,1,1,0.11,0.2
Zograf Readings,наблюдатель,1,1,0.11,0.2
Zograf Readings,вишишта-адвайте,1,1,0.11,0.2
Zograf Readings,старинный,1,1,0.11,0.2
Zograf Readings,португальский,1,1,0.11,0.2
Zograf Readings,частушка,1,1,0.11,0.2
Zograf Readings,момент,1,1,0.11,0.2
Zograf Readings,разрыв,1,1,0.11,0.2
Zograf Readings,работа,1,1,0.11,0.2
Zograf Readings,ленца,1,1,0.11,0.2
Zograf Readings,западноевропейский,1,1,0.11,0.2
Zograf Readings,хранилище,1,1,0.11,0.2
Zograf Readings,реальный,1,1,0.11,0.2
Zograf Readings,ирреальный,1,1,0.11,0.2
Zograf Readings,раздумье,1,1,0.11,0.2
Zograf Readings,проявление,1,1,0.11,0.2
Zograf Readings,фундаментализм,1,1,0.11,0.2
Zograf Readings,немного,1,1,0.11,0.2
Zograf Readings,агададатт,1,1,0.11,0.2
Zograf Readings,сангхадас,1,1,0.11,0.2
Zograf Readings,васудева,1,1,0.11,0.2
Zograf Readings,жемчужный,1,1,0.11,0.2
Zograf Readings,остров,1,1,0.11,0.2
Zograf Readings,страсть,1,1,0.11,0.2
Zograf Readings,бесстрастие,1,1,0.11,0.2
Zograf Readings,бхартирихари,1,1,0.11,0.2
Zograf Readings,сходство,1,1,0.11,0.2
Zograf Readings,различие,1,1,0.11,0.2
Zograf Readings,романтизм,1,1,0.11,0.2
Zograf Readings,европа,1,1,0.11,0.2
Zograf Readings,стрела,1,1,0.11,0.2
Zograf Readings,топорик,1,1,0.11,0.2
Zograf Readings,этнический,1,1,0.11,0.2
Zograf Readings,автохтон,1,1,0.11,0.2
Zograf Readings,формульность,1,1,0.11,0.2
Zograf Readings,концертный,1,1,0.11,0.2
Zograf Readings,причастие-герундий,1,1,0.11,0.2
Zograf Readings,махендра,1,1,0.11,0.2
Zograf Readings,махинд,1,1,0.11,0.2
Zograf Readings,паломник,1,1,0.11,0.2
Zograf Readings,харихарихаривахан-авалокитешвара,1,1,0.11,0.2
Zograf Readings,восседать,1,1,0.11,0.2
Zograf Readings,лев,1,1,0.11,0.2
Zograf Readings,якшея,1,1,0.11,0.2
Zograf Readings,якшаган,1,1,0.11,0.2
Zograf Readings,эпитет,1,1,0.11,0.2
Zograf Readings,аджатасен-вьякарана,1,1,0.11,0.2
Zograf Readings,восьмиугольный,1,1,0.11,0.2
Zograf Readings,понятийный,1,1,0.11,0.2
Zograf Readings,фонема,1,1,0.11,0.2
Zograf Readings,буква,1,1,0.11,0.2
Zograf Readings,локешвара,1,1,0.11,0.2
Zograf Readings,звуковой,1,1,0.11,0.2
Zograf Readings,авторство,1,1,0.11,0.2
Zograf Readings,магха,1,1,0.11,0.2
Zograf Readings,шишупалавадх,1,1,0.11,0.2
Zograf Readings,неиссякаемый,1,1,0.11,0.2
Zograf Readings,тангутский,1,1,0.11,0.2
Zograf Readings,глагол,1,1,0.11,0.2
Zograf Readings,модальный,1,1,0.11,0.2
Zograf Readings,способность,1,1,0.11,0.2
Zograf Readings,мандала-классификация,1,1,0.11,0.2
Zograf Readings,нечестный,1,1,0.11,0.2
Zograf Readings,трансакция,1,1,0.11,0.2
Zograf Readings,упрек,1,1,0.11,0.2
Zograf Readings,ангуттар-никай,1,1,0.11,0.2
Zograf Readings,аттаканипат,1,1,0.11,0.2
Zograf Readings,ассаколанкасутта,1,1,0.11,0.2
Zograf Readings,якоб,1,1,0.11,0.2
Zograf Readings,бема,1,1,0.11,0.2
Zograf Readings,намбудиря,1,1,0.11,0.2
Zograf Readings,община,1,1,0.11,0.2
Zograf Readings,рохинтон,1,1,0.11,0.2
Zograf Readings,мистереть,1,1,0.11,0.2
Zograf Readings,кодирование,1,1,0.11,0.2
Zograf Readings,джатить,1,1,0.11,0.2
Zograf Readings,пашьянти,1,1,0.11,0.2
Zograf Readings,пратибх,1,1,0.11,0.2
Zograf Readings,разграничение,1,1,0.11,0.2
Zograf Readings,подношение,1,1,0.11,0.2
Zograf Readings,рисовый,1,1,0.11,0.2
Zograf Readings,каша,1,1,0.11,0.2
Zograf Readings,тригата,1,1,0.11,0.2
Zograf Readings,умерший,1,1,0.11,0.2
Zograf Readings,обрядовый,1,1,0.11,0.2
Zograf Readings,одомашнивание,1,1,0.11,0.2
Zograf Readings,стереотипизация,1,1,0.11,0.2
Zograf Readings,героиня,1,1,0.11,0.2
Zograf Readings,фиксация,1,1,0.11,0.2
Zograf Readings,марьяд,1,1,0.11,0.2
Zograf Readings,южноазиатско-африканский,1,1,0.11,0.2
Zograf Readings,рамакришна,1,1,0.11,0.2
Zograf Readings,парамахамса,1,1,0.11,0.2
Zograf Readings,одержимость,1,1,0.11,0.2
Zograf Readings,служение,1,1,0.11,0.2
Zograf Readings,лицедейство,1,1,0.11,0.2
Zograf Readings,тулунаду,1,1,0.11,0.2
Zograf Readings,тирумулар,1,1,0.11,0.2
Zograf Readings,животный,1,1,0.11,0.2
Zograf Readings,гимн-падигам,1,1,0.11,0.2
Zograf Readings,основный,1,1,0.11,0.2
Zograf Readings,шиваит,1,1,0.11,0.2
Zograf Readings,дравидский,1,1,0.11,0.2
Zograf Readings,ампитие,1,1,0.11,0.2
Zograf Readings,людмила,1,1,0.11,0.2
Zograf Readings,приписывать,1,1,0.11,0.2
Zograf Readings,сонгцэн-гампо,1,1,0.11,0.2
Zograf Readings,апофатический,1,1,0.11,0.2
Zograf Readings,стотра-ратный,1,1,0.11,0.2
Zograf Readings,ямун,1,1,0.11,0.2
Zograf Readings,пить,1,1,0.11,0.2
Zograf Readings,питие,1,1,0.11,0.2
Zograf Readings,многомировой,1,1,0.11,0.2
Zograf Readings,эверетта-менский,1,1,0.11,0.2
Zograf Readings,атомистический,1,1,0.11,0.2
Zograf Readings,расширение,1,1,0.11,0.2
Zograf Readings,распространение,1,1,0.11,0.2
Zograf Readings,далитскай,1,1,0.11,0.2
Zograf Readings,автобиография,1,1,0.11,0.2
Zograf Readings,франциск,1,1,0.11,0.2
Zograf Readings,ксавье,1,1,0.11,0.2
Zograf Readings,образный,1,1,0.11,0.2
Zograf Readings,отшельнический,1,1,0.11,0.2
Zograf Readings,полоннарув,1,1,0.11,0.2
Zograf Readings,мастерство,1,1,0.11,0.2
Zograf Readings,городской,1,1,0.11,0.2
Zograf Readings,внеязыковой,1,1,0.11,0.2
Zograf Readings,действительность,1,1,0.11,0.2
Zograf Readings,научно-фантастический,1,1,0.11,0.2
Zograf Readings,хумаюна,1,1,0.11,0.2
Zograf Readings,ахмед,1,1,0.11,0.2
Zograf Readings,брахмаракшас,1,1,0.11,0.2
Zograf Readings,древность,1,1,0.11,0.2
Zograf Readings,саутрантик,1,1,0.11,0.2
Zograf Readings,скандх,1,1,0.11,0.2
Zograf Readings,лунный,1,1,0.11,0.2
Zograf Readings,созвездие,1,1,0.11,0.2
Zograf Readings,имянаречение,1,1,0.11,0.2
Zograf Readings,спбгу,1,1,0.11,0.2
Zograf Readings,обращение,1,1,0.11,0.2
Zograf Readings,поэт-ребенок,1,1,0.11,0.2
Zograf Readings,самбандар,1,1,0.11,0.2
Zograf Readings,генетический,1,1,0.11,0.2
Zograf Readings,месопотамский,1,1,0.11,0.2
Zograf Readings,семь,1,1,0.11,0.2
Zograf Readings,познавать,1,1,0.11,0.2
Zograf Readings,рекогнитивный,1,1,0.11,0.2
Zograf Readings,самопознание,1,1,0.11,0.2
Zograf Readings,киннары,1,1,0.11,0.2
Zograf Readings,тируттондар,1,1,0.11,0.2
Zograf Readings,тирувандасть,1,1,0.11,0.2
Zograf Readings,андар,1,1,0.11,0.2
Zograf Readings,редактор,1,1,0.11,0.2
Zograf Readings,список,1,1,0.11,0.2
Zograf Readings,бхакт-наянар,1,1,0.11,0.2
Zograf Readings,бхрамара-гита,1,1,0.11,0.2
Zograf Readings,воробьев-десятовский,1,1,0.11,0.2
Zograf Readings,российско-индийский,1,1,0.11,0.2
Zograf Readings,лад,1,1,0.11,0.2
Zograf Readings,девдас,1,1,0.11,0.2
Zograf Readings,бонкимчондро,1,1,0.11,0.2
Zograf Readings,чоттопаддхать,1,1,0.11,0.2
Zograf Readings,продолжение,1,1,0.11,0.2
Zograf Readings,обитатель,1,1,0.11,0.2
Zograf Readings,полисемия,1,1,0.11,0.2
Zograf Readings,первопечатный,1,1,0.11,0.2
Zograf Readings,манипури,1,1,0.11,0.2
Zograf Readings,манипур,1,1,0.11,0.2
Zograf Readings,ратнакалика,1,1,0.11,0.2
Zograf Readings,лор,1,1,0.11,0.2
Zograf Readings,чандрань,1,1,0.11,0.2
Zograf Readings,кавие,1,1,0.11,0.2
Zograf Readings,антология,1,1,0.11,0.2
Zograf Readings,видьякара,1,1,0.11,0.2
Zograf Readings,субхашитаратнакош,1,1,0.11,0.2
Zograf Readings,катама,1,1,0.11,0.2
Zograf Readings,раджа,1,1,0.11,0.2
Zograf Readings,штрих,1,1,0.11,0.2
Zograf Readings,нале,1,1,0.11,0.2
Zograf Readings,осакотхи,1,1,0.11,0.2
Zograf Readings,штат,1,1,0.11,0.2
Zograf Readings,яма,1,1,0.11,0.2
Zograf Readings,пессимист,1,1,0.11,0.2
Zograf Readings,вновь,1,1,0.11,0.2
Zograf Readings,графический,1,1,0.11,0.2
Zograf Readings,привезти,1,1,0.11,0.2
Zograf Readings,сибирь,1,1,0.11,0.2
Zograf Readings,миссия,1,1,0.11,0.2
Zograf Readings,распутница,1,1,0.11,0.2
Zograf Readings,этномузыколог,1,1,0.11,0.2
Zograf Readings,лондонский,1,1,0.11,0.2
Zograf Readings,концерт,1,1,0.11,0.2
Zograf Readings,спб,1,1,0.11,0.2
Zograf Readings,мастер-потуа,1,1,0.11,0.2
Zograf Readings,исполнение,1,1,0.11,0.2
Zograf Readings,диалогический,1,1,0.11,0.2
Zograf Readings,субконтинент,1,1,0.11,0.2
Zograf Readings,катхпутля,1,1,0.11,0.2
Zograf Readings,марионетка,1,1,0.11,0.2
Zograf Readings,снова,1,1,0.11,0.2
Zograf Readings,перевести,1,1,0.11,0.2
Zograf Readings,панкратов,1,1,0.11,0.2
Zograf Readings,пекин,1,1,0.11,0.2
Zograf Readings,высокий,1,1,0.11,0.2
Zograf Readings,истина,1,1,0.11,0.2
Zograf Readings,парамартх,1,1,0.11,0.2
Zograf Readings,амаракош,1,1,0.11,0.2
Zograf Readings,перспективизм,1,1,0.11,0.2
Zograf Readings,мастер,1,1,0.11,0.2
Zograf Readings,осень,1,1,0.11,0.2
Zograf Readings,бхактамал,1,1,0.11,0.2
Zograf Readings,набхадас,1,1,0.11,0.2
Zograf Readings,бхактотсава,1,1,0.11,0.2
Zograf Readings,тируттондаттохей,1,1,0.11,0.2
Zograf Readings,сундарара,1,1,0.11,0.2
Zograf Readings,махотсававидхи,1,1,0.11,0.2
Zograf Readings,агхорашив,1,1,0.11,0.2
Zograf Readings,роберто,1,1,0.11,0.2
Zograf Readings,нобиль,1,1,0.11,0.2
Zograf Readings,фундаментальность,1,1,0.11,0.2
Zograf Readings,бхрамар-гит,1,1,0.11,0.2
Zograf Readings,кронос,1,1,0.11,0.2
Zograf Readings,сатие-юг,1,1,0.11,0.2
Zograf Readings,коммунизм,1,1,0.11,0.2
Zograf Readings,античный,1,1,0.11,0.2
Zograf Readings,социогенез,1,1,0.11,0.2
Zograf Readings,атиратр,1,1,0.11,0.2
Zograf Readings,агничаять,1,1,0.11,0.2
Zograf Readings,замещение,1,1,0.11,0.2
Zograf Readings,толпава,1,1,0.11,0.2
Zograf Readings,кутх,1,1,0.11,0.2
Zograf Readings,пауль,1,1,0.11,0.2
Zograf Readings,дойссный,1,1,0.11,0.2
Zograf Readings,квалий,1,1,0.11,0.2
Zograf Readings,метафизика,1,1,0.11,0.2
Zograf Readings,повседневный,1,1,0.11,0.2
Zograf Readings,историографический,1,1,0.11,0.2
Zograf Readings,философско-поэтический,1,1,0.11,0.2
Zograf Readings,ведантачарья,1,1,0.11,0.2
Zograf Readings,морализаторство,1,1,0.11,0.2
Zograf Readings,спхотавад,1,1,0.11,0.2
Zograf Readings,лес,1,1,0.11,0.2
Zograf Readings,урувилев,1,1,0.11,0.2
Zograf Readings,последователь,1,1,0.11,0.2
Zograf Readings,шатакатрай,1,1,0.11,0.2
Zograf Readings,шрингарашатака,1,1,0.11,0.2
Zograf Readings,дохады,1,1,0.11,0.2
Zograf Readings,исчезновение,1,1,0.11,0.2
Zograf Readings,фактор,1,1,0.11,0.2
Zograf Readings,зарождение,1,1,0.11,0.2
Zograf Readings,божественность,1,1,0.11,0.2
Zograf Readings,индусский,1,1,0.11,0.2
Zograf Readings,кришномохать,1,1,0.11,0.2
Zograf Readings,банерджи,1,1,0.11,0.2
Zograf Readings,христианин,1,1,0.11,0.2
Zograf Readings,мертвый,1,1,0.11,0.2
Zograf Readings,сын,1,1,0.11,0.2
Zograf Readings,анекдот,1,1,0.11,0.2
Zograf Readings,брак,1,1,0.11,0.2
Zograf Readings,медиация,1,1,0.11,0.2
Zograf Readings,лингам,1,1,0.11,0.2
Zograf Readings,вирашайвовый,1,1,0.11,0.2
Zograf Readings,ратня,1,1,0.11,0.2
Zograf Readings,карибский,1,1,0.11,0.2
Zograf Readings,родственник,1,1,0.11,0.2
Zograf Readings,послание,1,1,0.11,0.2
Zograf Readings,периодизация,1,1,0.11,0.2
Zograf Readings,абхинишкраман,1,1,0.11,0.2
Zograf Readings,ишвара-пратьябхиджня-вимаршинить,1,1,0.11,0.2
Zograf Readings,гуру,1,1,0.11,0.2
Zograf Readings,иллюзия,1,1,0.11,0.2
Zograf Readings,костыль,1,1,0.11,0.2
Zograf Readings,факир,1,1,0.11,0.2
Zograf Readings,атрибуция,1,1,0.11,0.2
Zograf Readings,празднование,1,1,0.11,0.2
Zograf Readings,холя,1,1,0.11,0.2
Zograf Readings,древнегреческий,1,1,0.11,0.2
Zograf Readings,незапятнанный,1,1,0.11,0.2
Zograf Readings,окружить,1,1,0.11,0.2
Zograf Readings,свита,1,1,0.11,0.2
Zograf Readings,горакха,1,1,0.11,0.2
Zograf Readings,сила,1,1,0.11,0.2
Zograf Readings,меряться,1,1,0.11,0.2
Zograf Readings,столкновение,1,1,0.11,0.2
Zograf Readings,разный,1,1,0.11,0.2
Zograf Readings,индивидуальный,1,1,0.11,0.2
Zograf Readings,субъективный,1,1,0.11,0.2
Zograf Readings,ретроспективный,1,1,0.11,0.2
Zograf Readings,библиографический,1,1,0.11,0.2
Zograf Readings,указатель,1,1,0.11,0.2
Zograf Readings,писатель,1,1,0.11,0.2
Zograf Readings,поколение,1,1,0.11,0.2
Zograf Readings,кто,1,1,0.11,0.2
Zograf Readings,прислать,1,1,0.11,0.2
Zograf Readings,дифференциация,1,1,0.11,0.2
Zograf Readings,извне,1,1,0.11,0.2
Zograf Readings,изнутри,1,1,0.11,0.2
Zograf Readings,повседневность,1,1,0.11,0.2
Zograf Readings,капилаваст,1,1,0.11,0.2
Zograf Readings,ашвагхошить,1,1,0.11,0.2
Zograf Readings,саундарананд,1,1,0.11,0.2
Zograf Readings,лакшана,1,1,0.11,0.2
Zograf Readings,кхандана-кханда-кхадьяа,1,1,0.11,0.2
Zograf Readings,харши,1,1,0.11,0.2
Zograf Readings,феноменология,1,1,0.11,0.2
Zograf Readings,бессамостность,1,1,0.11,0.2
Zograf Readings,просто-я,1,1,0.11,0.2
Zograf Readings,агон,1,1,0.11,0.2
Zograf Readings,приложение,1,1,0.11,0.2
Zograf Readings,преобразование,1,1,0.11,0.2
Zograf Readings,бхакатов,1,1,0.11,0.2
Zograf Readings,танцевальный,1,1,0.11,0.2
Zograf Readings,прекращение,1,1,0.11,0.2
Zograf Readings,веда,1,1,0.11,0.2
Zograf Readings,тальварный,1,1,0.11,0.2
Zograf Readings,рукоять,1,1,0.11,0.2
Zograf Readings,живопись,1,1,0.11,0.2
Zograf Readings,графика,1,1,0.11,0.2
Zograf Readings,рудрый,1,1,0.11,0.2
Zograf Readings,шатарудрие,1,1,0.11,0.2
Zograf Readings,германо-скандинавский,1,1,0.11,0.2
Zograf Readings,шричандра,1,1,0.11,0.2
Zograf Readings,раджастханский,1,1,0.11,0.2
Zograf Readings,опись,1,1,0.11,0.2
Zograf Readings,документ,1,1,0.11,0.2
Zograf Readings,пресс,1,1,0.11,0.2
Zograf Readings,театральный,1,1,0.11,0.2
Zograf Readings,сегодня,1,1,0.11,0.2
Zograf Readings,обстоятельство,1,1,0.11,0.2
Zograf Readings,исполнять,1,1,0.11,0.2
Zograf Readings,зикра,1,1,0.11,0.2
Zograf Readings,чиштийя,1,1,0.11,0.2
Zograf Readings,музыкальный,1,1,0.11,0.2
Zograf Readings,рука,1,1,0.11,0.2
Zograf Readings,телеология,1,1,0.11,0.2
Zograf Readings,демонический,1,1,0.11,0.2
Zograf Readings,сексуальность,1,1,0.11,0.2
Zograf Readings,инцест,1,1,0.11,0.2
Zograf Readings,ями,1,1,0.11,0.2
Zograf Readings,словацкий,1,1,0.11,0.2
Zograf Readings,кумаонский,1,1,0.11,0.2
Zograf Readings,голудева,1,1,0.11,0.2
Zograf Readings,норма,1,1,0.11,0.2
Zograf Readings,дхармашастр,1,1,0.11,0.2
Zograf Readings,идти,1,1,0.11,0.2
Zograf Readings,дорога,1,1,0.11,0.2
Zograf Readings,пророчество,1,1,0.11,0.2
Zograf Readings,содержательный,1,1,0.11,0.2
Zograf Readings,порядок,1,1,0.11,0.2
Zograf Readings,перечень,1,1,0.11,0.2
Zograf Readings,прамей,1,1,0.11,0.2
Zograf Readings,ньяя-сутра,1,1,0.11,0.2
Zograf Readings,ньий-бхаший,1,1,0.11,0.2
Zograf Readings,экологический,1,1,0.11,0.2
Zograf Readings,махуа,1,1,0.11,0.2
Zograf Readings,маджи,1,1,0.11,0.2
Zograf Readings,кровь,1,1,0.11,0.2
Zograf Readings,отказ,1,1,0.11,0.2
Zograf Readings,арджун,1,1,0.11,0.2
Zograf Readings,сражение,1,1,0.11,0.2
Zograf Readings,кино,1,1,0.11,0.2
Zograf Readings,тирумурейканда-пуран,1,1,0.11,0.2
Zograf Readings,звено,1,1,0.11,0.2
Zograf Readings,причинность,1,1,0.11,0.2
Zograf Readings,абхидхамма-питаки,1,1,0.11,0.2
Zograf Readings,сабля-шамшир,1,1,0.11,0.2
Zograf Readings,мысленный,1,1,0.11,0.2
Zograf Readings,эксперимент,1,1,0.11,0.2
Zograf Readings,вьявахара,1,1,0.11,0.2
Zograf Readings,универсум,1,1,0.11,0.2
Zograf Readings,достоверность,1,1,0.11,0.2
Zograf Readings,праманавад,1,1,0.11,0.2
Zograf Readings,творение,1,1,0.11,0.2
Zograf Readings,чариягить,1,1,0.11,0.2
Zograf Readings,рудра-кхандоба,1,1,0.11,0.2
Zograf Readings,зонтхаймер,1,1,0.11,0.2
Zograf Readings,бодхисаттва,1,1,0.11,0.2
Zograf Readings,шри-вишнуизм,1,1,0.11,0.2
Zograf Readings,самашраян,1,1,0.11,0.2
Zograf Readings,панчасамскара,1,1,0.11,0.2
Zograf Readings,артхакрия,1,1,0.11,0.2
Zograf Readings,название,1,1,0.11,0.2
Zograf Readings,пчела,1,1,0.11,0.2
Zograf Readings,уклад,1,1,0.11,0.2
Zograf Readings,сказ,1,1,0.11,0.2
Zograf Readings,бажов,1,1,0.11,0.2
Zograf Readings,компонент,1,1,0.11,0.2
Zograf Readings,познавательный,1,1,0.11,0.2
Zograf Readings,абхидхарма-самуччай,1,1,0.11,0.2
Zograf Readings,оговорка,1,1,0.11,0.2
Zograf Readings,композиционный,1,1,0.11,0.2
Zograf Readings,меч-посох,1,1,0.11,0.2
Zograf Readings,д-р,1,1,0.11,0.2
Zograf Readings,маханамбрат,1,1,0.11,0.2
Zograf Readings,брахмачарь,1,1,0.11,0.2
Zograf Readings,квинтэссенция,1,1,0.11,0.2
Zograf Readings,мертон,1,1,0.11,0.2
Zograf Readings,пьеса,1,1,0.11,0.2
Zograf Readings,карне,1,1,0.11,0.2
Zograf Readings,заимствование,1,1,0.11,0.2
Zograf Readings,санграха,1,1,0.11,0.2
Zograf Readings,народность,1,1,0.11,0.2
Zograf Readings,лимб,1,1,0.11,0.2
Zograf Readings,хардоле,1,1,0.11,0.2
Zograf Readings,принц,1,1,0.11,0.2
Zograf Readings,орччха,1,1,0.11,0.2
Zograf Readings,очки,1,1,0.11,0.2
Zograf Readings,жест,1,1,0.11,0.2
Zograf Readings,бытовой,1,1,0.11,0.2
Zograf Readings,этикет,1,1,0.11,0.2
Zograf Readings,двести,1,1,0.11,0.2
Zograf Readings,атман,1,1,0.11,0.2
Zograf Readings,дравие,1,1,0.11,0.2
Zograf Readings,атхарвавед,1,1,0.11,0.2
Zograf Readings,шаунака,1,1,0.11,0.2
Zograf Readings,социовозрастной,1,1,0.11,0.2
Zograf Readings,инициация,1,1,0.11,0.2
Zograf Readings,монашеский,1,1,0.11,0.2
Zograf Readings,киплинг,1,1,0.11,0.2
Zograf Readings,шаманский,1,1,0.11,0.2
Zograf Readings,нарратив,1,1,0.11,0.2
Zograf Readings,маврикий,1,1,0.11,0.2
Zograf Readings,рам-катх,1,1,0.11,0.2
Zograf Readings,чарья-гить,1,1,0.11,0.2
Zograf Readings,архаика,1,1,0.11,0.2
Zograf Readings,зачин,1,1,0.11,0.2
Zograf Readings,гадьяа,1,1,0.11,0.2
Zograf Readings,венец,1,1,0.11,0.2
Zograf Readings,крест,1,1,0.11,0.2
Zograf Readings,исследователь,1,1,0.11,0.2
Zograf Readings,делийский,1,1,0.11,0.2
Zograf Readings,даргах,1,1,0.11,0.2
Zograf Readings,отношение,1,1,0.11,0.2
Zograf Readings,адбхуть,1,1,0.11,0.2
Zograf Readings,адхьятм,1,1,0.11,0.2
Zograf Readings,вождь,1,1,0.11,0.2
Zograf Readings,разряд,1,1,0.11,0.2
Zograf Readings,синий,1,1,0.11,0.2
Zograf Readings,дарение,1,1,0.11,0.2
Zograf Readings,чаша,1,1,0.11,0.2
Zograf Readings,интерпретационный,1,1,0.11,0.2
Zograf Readings,вал,1,1,0.11,0.2
Zograf Readings,припамирский,1,1,0.11,0.2
Zograf Readings,регион,1,1,0.11,0.2
Zograf Readings,хараппский,1,1,0.11,0.2
Zograf Readings,оруэлл,1,1,0.11,0.2
Zograf Readings,греза,1,1,0.11,0.2
Zograf Readings,наяву,1,1,0.11,0.2
Zograf Readings,джайнизм,1,1,0.11,0.2
Zograf Readings,конь,1,1,0.11,0.2
Zograf Readings,всадник,1,1,0.11,0.2
Zograf Readings,джамб,1,1,0.11,0.2
Zograf Readings,ворота,1,1,0.11,0.2
Zograf Readings,этико-интуитивистский,1,1,0.11,0.2
Zograf Readings,серайкел,1,1,0.11,0.2
Zograf Readings,майюрбхандж,1,1,0.11,0.2
Zograf Readings,пурулиа,1,1,0.11,0.2
Zograf Readings,чхау,1,1,0.11,0.2
Zograf Readings,плато,1,1,0.11,0.2
Zograf Readings,чхота,1,1,0.11,0.2
Zograf Readings,нагпур,1,1,0.11,0.2
Zograf Readings,сумеречный,1,1,0.11,0.2
Zograf Readings,сиддх,1,1,0.11,0.2
Zograf Readings,штудия,1,1,0.11,0.2
Zograf Readings,лейтмотив,1,1,0.11,0.2
Zograf Readings,окончательный,1,1,0.11,0.2
Zograf Readings,редакция,1,1,0.11,0.2
Zograf Readings,шайва-сиддхант,1,1,0.11,0.2
Zograf Readings,унмада,1,1,0.11,0.2
Zograf Readings,нирукт,1,1,0.11,0.2
Zograf Readings,безумный,1,1,0.11,0.2
Zograf Readings,мангал-шлока,1,1,0.11,0.2
Zograf Readings,тантралок,1,1,0.11,0.2
Zograf Readings,идентичность,1,1,0.11,0.2
Zograf Readings,свобода,1,1,0.11,0.2
Zograf Readings,ананда,1,1,0.11,0.2
Zograf Readings,брахуй,1,1,0.11,0.2
Zograf Readings,мистика,1,1,0.11,0.2
Zograf Readings,возродить,1,1,0.11,0.2
Zograf Readings,яджный,1,1,0.11,0.2
Zograf Readings,асся,1,1,0.11,0.2
Zograf Readings,гхата,1,1,0.11,0.2
Zograf Readings,девочка,1,1,0.11,0.2
Zograf Readings,канья,1,1,0.11,0.2
Zograf Readings,махавидьялый,1,1,0.11,0.2
Zograf Readings,варанася,1,1,0.11,0.2
Zograf Readings,заточить,1,1,0.11,0.2
Zograf Readings,вайшнавизм,1,1,0.11,0.2
Zograf Readings,сокрытие,1,1,0.11,0.2
Zograf Readings,поэт-мистик,1,1,0.11,0.2
Zograf Readings,релевантность,1,1,0.11,0.2
Zograf Readings,галлюцинация,1,1,0.11,0.2
Zograf Readings,вимшик,1,1,0.11,0.2
Zograf Readings,кровавый,1,1,0.11,0.2
Zograf Readings,событие,1,1,0.11,0.2
Zograf Readings,раздел,1,1,0.11,0.2
Zograf Readings,кхушванта,1,1,0.11,0.2
Zograf Readings,сингха,1,1,0.11,0.2
Zograf Readings,поезд,1,1,0.11,0.2
Zograf Readings,тантрийский,1,1,0.11,0.2
Zograf Readings,потенциал,1,1,0.11,0.2
Zograf Readings,использование,1,1,0.11,0.2
Zograf Readings,прочтение,1,1,0.11,0.2
Zograf Readings,аштанг-хридая,1,1,0.11,0.2
Zograf Readings,арунадатт,1,1,0.11,0.2
Zograf Readings,хемадри,1,1,0.11,0.2
Zograf Readings,инд,1,1,0.11,0.2
Zograf Readings,пища,1,1,0.11,0.2
Zograf Readings,концептуальный,1,1,0.11,0.2
Zograf Readings,дискурсивный,1,1,0.11,0.2
Zograf Readings,нейдаль,1,1,0.11,0.2
Zograf Readings,калачакр-тантра,1,1,0.11,0.2
Zograf Readings,радетель,1,1,0.11,0.2
Zograf Readings,пополнение,1,1,0.11,0.2
Zograf Readings,фоносемантический,1,1,0.11,0.2
Zograf Readings,неортодоксальный,1,1,0.11,0.2
Zograf Readings,ортодокс,1,1,0.11,0.2
Zograf Readings,бхакт,1,1,0.11,0.2
Zograf Readings,очаг,1,1,0.11,0.2
Zograf Readings,обнаружение,1,1,0.11,0.2
Zograf Readings,гондванский,1,1,0.11,0.2
Zograf Readings,пудгалавад,1,1,0.11,0.2
Zograf Readings,субъект-пудгала,1,1,0.11,0.2
Zograf Readings,тханк,1,1,0.11,0.2
Zograf Readings,трансфер,1,1,0.11,0.2
Zograf Readings,параллельный,1,1,0.11,0.2
Zograf Readings,санскритско-русский,1,1,0.11,0.2
Zograf Readings,корпус,1,1,0.11,0.2
Zograf Readings,наречие,1,1,0.11,0.2
Zograf Readings,грамматист,1,1,0.11,0.2
Zograf Readings,баларам,1,1,0.11,0.2
Zograf Readings,панчанан,1,1,0.11,0.2
Zograf Readings,божественный,1,1,0.11,0.2
Zograf Readings,старость,1,1,0.11,0.2
Zograf Readings,парадокс,1,1,0.11,0.2
Zograf Readings,беллетристика,1,1,0.11,0.2
Zograf Readings,подсказка,1,1,0.11,0.2
Zograf Readings,телесный,1,1,0.11,0.2
Zograf Readings,бессмертие,1,1,0.11,0.2
Zograf Readings,мини-бхагавадгит,1,1,0.11,0.2
Zograf Readings,хакер,1,1,0.11,0.2
Zograf Readings,значимость,1,1,0.11,0.2
Zograf Readings,онлайн-корпус,1,1,0.11,0.2
Zograf Readings,воспоминание,1,1,0.11,0.2
Zograf Readings,иванов,1,1,0.11,0.2
Zograf Readings,текущий,1,1,0.11,0.2
Zograf Readings,переводческий,1,1,0.11,0.2
Zograf Readings,проект,1,1,0.11,0.2
Zograf Readings,сохранить,1,1,0.11,0.2
Zograf Readings,изд-во,1,1,0.11,0.2
Zograf Readings,нартанга,1,1,0.11,0.2
Zograf Readings,посмертный,1,1,0.11,0.2
Zograf Readings,издание,1,1,0.11,0.2
Zograf Readings,полный,1,1,0.11,0.2
Zograf Readings,семенцов,1,1,0.11,0.2
Zograf Readings,гитабхаший,1,1,0.11,0.2
Zograf Readings,вокруг,1,1,0.11,0.2
Zograf Readings,гарба,1,1,0.11,0.2
Zograf Readings,сходный,1,1,0.11,0.2
Zograf Readings,удрученность,1,1,0.11,0.2
Zograf Readings,умопомешательство,1,1,0.11,0.2
Zograf Readings,манускрипт,1,1,0.11,0.2
Zograf Readings,писание,1,1,0.11,0.2
Zograf Readings,шайва,1,1,0.11,0.2
Zograf Readings,разразить,1,1,0.11,0.2
Zograf Readings,гром,1,1,0.11,0.2
Zograf Readings,метеорологический,1,1,0.11,0.2
Zograf Readings,песенный,1,1,0.11,0.2
Zograf Readings,трансцендентальный,1,1,0.11,0.2
Zograf Readings,композитор,1,1,0.11,0.2
Zograf Readings,скрябин,1,1,0.11,0.2
Zograf Readings,ваджапея,1,1,0.11,0.2
Zograf Readings,компендиум,1,1,0.11,0.2
Zograf Readings,давать,1,1,0.11,0.2
Zograf Readings,пожениться,1,1,0.11,0.2
Zograf Readings,свадебный,1,1,0.11,0.2
Zograf Readings,нандикешваракашик,1,1,0.11,0.2
Zograf Readings,архат,1,1,0.11,0.2
Zograf Readings,рагамаленький,1,1,0.11,0.2
Zograf Readings,отечественный,1,1,0.11,0.2
Zograf Readings,полемика,1,1,0.11,0.2
Zograf Readings,мимансак,1,1,0.11,0.2
Zograf Readings,атмане,1,1,0.11,0.2
Zograf Readings,шантаракшит,1,1,0.11,0.2
Zograf Readings,неопознанный,1,1,0.11,0.2
Zograf Readings,протест,1,1,0.11,0.2
Zograf Readings,структурный,1,1,0.11,0.2
Zograf Readings,пролог,1,1,0.11,0.2
Zograf Readings,двойничество,1,1,0.11,0.2
Zograf Readings,субстрат,1,1,0.11,0.2
Zograf Readings,шив-бхакть,1,1,0.11,0.2
Zograf Readings,шив-йог,1,1,0.11,0.2
Zograf Readings,родственный,1,1,0.11,0.2
Zograf Readings,раштрапалапариприччха-сутра,1,1,0.11,0.2
Zograf Readings,грамматический,1,1,0.11,0.2
Zograf Readings,нагесать,1,1,0.11,0.2
Zograf Readings,бхатт,1,1,0.11,0.2
Zograf Readings,голубой,1,1,0.11,0.2
Zograf Readings,лотос,1,1,0.11,0.2
Zograf Readings,кофейный,1,1,0.11,0.2
Zograf Readings,одиссея,1,1,0.11,0.2
Zograf Readings,непереть,1,1,0.11,0.2
Zograf Readings,нать,1,1,0.11,0.2
Zograf Readings,нак,1,1,0.11,0.2
Zograf Readings,модернизация,1,1,0.11,0.2
Zograf Readings,медиапространство,1,1,0.11,0.2
Zograf Readings,вишишта-адвайта,1,1,0.11,0.2
Zograf Readings,раса,1,1,0.11,0.2
Zograf Readings,сок,1,1,0.11,0.2
Zograf Readings,интеллектуальный,1,1,0.11,0.2
Zograf Readings,модернизм,1,1,0.11,0.2
Zograf Readings,стелла,1,1,0.11,0.2
Zograf Readings,крамриш,1,1,0.11,0.2
Zograf Readings,авангард,1,1,0.11,0.2
Zograf Readings,высмеивание,1,1,0.11,0.2
Zograf Readings,порок,1,1,0.11,0.2
Zograf Readings,врач,1,1,0.11,0.2
Zograf Readings,кали-видамбхан,1,1,0.11,0.2
Zograf Readings,нилакантхи,1,1,0.11,0.2
Zograf Readings,дикшитый,1,1,0.11,0.2
Zograf Readings,шри-вайшнавизм,1,1,0.11,0.2
Zograf Readings,пиллей,1,1,0.11,0.2
Zograf Readings,локачарья,1,1,0.11,0.2
Zograf Readings,мумукшупасть,1,1,0.11,0.2
Zograf Readings,камень-трава,1,1,0.11,0.2
Zograf Readings,плод,1,1,0.11,0.2
Zograf Readings,синтра,1,1,0.11,0.2
Zograf Readings,фитоним,1,1,0.11,0.2
Zograf Readings,удвоение,1,1,0.11,0.2
Zograf Readings,пушп-ватика,1,1,0.11,0.2
Zograf Readings,цветущий,1,1,0.11,0.2
Zograf Readings,сад,1,1,0.11,0.2
Zograf Readings,фейковый,1,1,0.11,0.2
Zograf Readings,соранг-сомпенг,1,1,0.11,0.2
Zograf Readings,ключ,1,1,0.11,0.2
Zograf Readings,матар,1,1,0.11,0.2
Zograf Readings,бан,1,1,0.11,0.2
Zograf Readings,сор,1,1,0.11,0.2
Zograf Readings,бодхисатва-заяц,1,1,0.11,0.2
Zograf Readings,истолкование,1,1,0.11,0.2
Zograf Readings,махишамардань,1,1,0.11,0.2
Zograf Readings,тубянский,1,1,0.11,0.2
Zograf Readings,словарь-тезаурус,1,1,0.11,0.2
Zograf Readings,рабочий,1,1,0.11,0.2
Zograf Readings,востоковедение,1,1,0.11,0.2
Zograf Readings,йог-сутра,1,1,0.11,0.2
Zograf Readings,арабский,1,1,0.11,0.2
Zograf Readings,ал-бируни,1,1,0.11,0.2
Zograf Readings,типитака,1,1,0.11,0.2
Zograf Readings,народно-разговорный,1,1,0.11,0.2
Zograf Readings,стилизация,1,1,0.11,0.2
Zograf Readings,семья,1,1,0.11,0.2
Zograf Readings,панинийский,1,1,0.11,0.2
Zograf Readings,артхавинишчай-сутра,1,1,0.11,0.2
Zograf Readings,гхор,1,1,0.11,0.2
Zograf Readings,фахверковый,1,1,0.11,0.2
Zograf Readings,рамаитский,1,1,0.11,0.2
Zograf Readings,глупец,1,1,0.11,0.2
Zograf Readings,незнакомец,1,1,0.11,0.2
Zograf Readings,человек-эпоха,1,1,0.11,0.2
Zograf Readings,ипостась,1,1,0.11,0.2
Zograf Readings,мышкин,1,1,0.11,0.2
Zograf Readings,зло,1,1,0.11,0.2
Zograf Readings,лилавад,1,1,0.11,0.2
Zograf Readings,барышня,1,1,0.11,0.2
Zograf Readings,кришнаитский,1,1,0.11,0.2
Zograf Readings,код,1,1,0.11,0.2
Zograf Readings,северо-индийский,1,1,0.11,0.2
Zograf Readings,мангал,1,1,0.11,0.2
Zograf Readings,раджниша,1,1,0.11,0.2
Zograf Readings,древо,1,1,0.11,0.2
Zograf Readings,сера,1,1,0.11,0.2
Zograf Readings,махаджанак,1,1,0.11,0.2
Zograf Readings,теоморфный,1,1,0.11,0.2
Zograf Readings,ваджракилаи,1,1,0.11,0.2
Zograf Readings,рома,1,1,0.11,0.2
Zograf Readings,отличительный,1,1,0.11,0.2
Zograf Readings,похоронный,1,1,0.11,0.2
Zograf Readings,пуризм,1,1,0.11,0.2
Zograf Readings,сура,1,1,0.11,0.2
Zograf Readings,сома,1,1,0.11,0.2
Zograf Readings,саутрамань,1,1,0.11,0.2
Zograf Readings,диалектологический,1,1,0.11,0.2
Zograf Readings,химачали,1,1,0.11,0.2
Zograf Readings,методика,1,1,0.11,0.2
Zograf Readings,чатака,1,1,0.11,0.2
Zograf Readings,вайшнав,1,1,0.11,0.2
Zograf Readings,рупа,1,1,0.11,0.2
Zograf Readings,кнорозовый,1,1,0.11,0.2
Zograf Readings,летие,1,1,0.11,0.2
Zograf Readings,день,1,1,0.11,0.2
Zograf Readings,бхаван,1,1,0.11,0.2
Zograf Readings,бхагават,1,1,0.11,0.2
Zograf Readings,мел,1,1,0.11,0.2
Zograf Readings,натака,1,1,0.11,0.2
Zograf Readings,мелаттур,1,1,0.11,0.2
Zograf Readings,устройство,1,1,0.11,0.2
Zograf Readings,джаянкондар,1,1,0.11,0.2
Zograf Readings,парань,1,1,0.11,0.2
Zograf Readings,калинга,1,1,0.11,0.2
Zograf Readings,неатрибутировать,1,1,0.11,0.2
Zograf Readings,бахиранг-парибхаш,1,1,0.11,0.2
Zograf Readings,нагоджибхатта,1,1,0.11,0.2
Zograf Readings,бронкхорстый,1,1,0.11,0.2
Zograf Readings,авестийско-ведийский,1,1,0.11,0.2
Zograf Readings,собака,1,1,0.11,0.2
Zograf Readings,нисхождение,1,1,0.11,0.2
Zograf Readings,пастухов-голл,1,1,0.11,0.2
Zograf Readings,кишота,1,1,0.11,0.2
Zograf Readings,составлять,1,1,0.11,0.2
Zograf Readings,аскетизм,1,1,0.11,0.2
Zograf Readings,коммуникативный,1,1,0.11,0.2
Zograf Readings,женщина-гуру,1,1,0.11,0.2
Zograf Readings,процессия,1,1,0.11,0.2
Zograf Readings,пустота,1,1,0.11,0.2
Zograf Readings,рис-дэвидс,1,1,0.11,0.2
Zograf Readings,учитель,1,1,0.11,0.2
Zograf Readings,преемственность,1,1,0.11,0.2
Zograf Readings,саммелан-янтра,1,1,0.11,0.2
Zograf Readings,куньджитангхристав,1,1,0.11,0.2
Zograf Readings,барахмах,1,1,0.11,0.2
Zograf Readings,нанака,1,1,0.11,0.2
Zograf Readings,реформа,1,1,0.11,0.2
Zograf Readings,сикхский,1,1,0.11,0.2
Zograf Readings,календарь,1,1,0.11,0.2
Zograf Readings,многообразие,1,1,0.11,0.2
Zograf Readings,государственный,1,1,0.11,0.2
Zograf Readings,музей,1,1,0.11,0.2
Zograf Readings,чайтие,1,1,0.11,0.2
Zograf Readings,паломнический,1,1,0.11,0.2
Zograf Readings,вспомнить,1,1,0.11,0.2
Zograf Readings,ганджиф,1,1,0.11,0.2
Zograf Readings,забытый,1,1,0.11,0.2
Zograf Readings,карточный,1,1,0.11,0.2
Zograf Readings,сидаста,1,1,0.11,0.2
Zograf Readings,склонность,1,1,0.11,0.2
Zograf Readings,махакашьяпа,1,1,0.11,0.2
Zograf Readings,медный,1,1,0.11,0.2
Zograf Readings,джаландхар,1,1,0.11,0.2
Zograf Readings,падма-пурана,1,1,0.11,0.2
Zograf Readings,падаянуть,1,1,0.11,0.2
Zograf Readings,мудиетта,1,1,0.11,0.2
Zograf Readings,тиятта,1,1,0.11,0.2
Zograf Readings,переосмыслять,1,1,0.11,0.2
Zograf Readings,долг,1,1,0.11,0.2
Zograf Readings,поиск,1,1,0.11,0.2
Zograf Readings,премчанда,1,1,0.11,0.2
Zograf Readings,коровин,1,1,0.11,0.2
Zograf Readings,ренковскай,1,1,0.11,0.2
Zograf Readings,цивилизация,1,1,0.11,0.2
Zograf Readings,щербатский,1,1,0.11,0.2
Zograf Readings,не-волшебный,1,1,0.11,0.2
Zograf Readings,помощница,1,1,0.11,0.2
Zograf Readings,хальбфасса,1,1,0.11,0.2
Zograf Readings,суицид,1,1,0.11,0.2
Zograf Readings,южноазиатский,1,1,0.11,0.2
Zograf Readings,политик,1,1,0.11,0.2
Zograf Readings,читать,1,1,0.11,0.2
Zograf Readings,пересказывать,1,1,0.11,0.2
Zograf Readings,переложение,1,1,0.11,0.2
Zograf Readings,чакраварти,1,1,0.11,0.2
Zograf Readings,раджагопалачарь,1,1,0.11,0.2
Zograf Readings,почему,1,1,0.11,0.2
Zograf Readings,надельный,1,1,0.11,0.2
Zograf Readings,шабда-таттво,1,1,0.11,0.2
Zograf Readings,шраута-ритуал,1,1,0.11,0.2
Zograf Readings,залог,1,1,0.11,0.2
Zograf Readings,нормативный,1,1,0.11,0.2
Zograf Readings,сверхзадача,1,1,0.11,0.2
Zograf Readings,решение,1,1,0.11,0.2
Zograf Readings,переоценка,1,1,0.11,0.2
Zograf Readings,различный,1,1,0.11,0.2
Zograf Readings,адлурить,1,1,0.11,0.2
Zograf Readings,багчить,1,1,0.11,0.2
Zograf Readings,андреев,1,1,0.11,0.2
Zograf Readings,эфзк,1,1,0.11,0.2
Zograf Readings,угон,1,1,0.11,0.2
Zograf Readings,древнетамильский,1,1,0.11,0.2
Zograf Readings,родильный,1,1,0.11,0.2
Zograf Readings,ономастика,1,1,0.11,0.2
Zograf Readings,вишнусахасранама,1,1,0.11,0.2
Zograf Readings,юга-пурана,1,1,0.11,0.2
Zograf Readings,аморальный,1,1,0.11,0.2
Zograf Readings,поступок,1,1,0.11,0.2
Zograf Readings,брахма-стуть,1,1,0.11,0.2
Zograf Readings,бхушунди,1,1,0.11,0.2
Zograf Readings,антропология,1,1,0.11,0.2
Zograf Readings,кукла,1,1,0.11,0.2
Zograf Readings,истинность,1,1,0.11,0.2
Zograf Readings,аскет,1,1,0.11,0.2
Zograf Readings,функционирование,1,1,0.11,0.2
Zograf Readings,лексема,1,1,0.11,0.2
Zograf Readings,небесный,1,1,0.11,0.2
Zograf Readings,земной,1,1,0.11,0.2
Zograf Readings,схожий,1,1,0.11,0.2
Zograf Readings,общий,1,1,0.11,0.2
Zograf Readings,трудность,1,1,0.11,0.2
Zograf Readings,переводчик,1,1,0.11,0.2
Zograf Readings,историк,1,1,0.11,0.2
Zograf Readings,нритие,1,1,0.11,0.2
Zograf Readings,мандапешвара,1,1,0.11,0.2
Zograf Readings,мумбай,1,1,0.11,0.2
Zograf Readings,аналогия,1,1,0.11,0.2
Zograf Readings,некий,1,1,0.11,0.2
Zograf Readings,который,1,1,0.11,0.2
Zograf Readings,чюдовидный,1,1,0.11,0.2
Zograf Readings,имать,1,1,0.11,0.2
Zograf Readings,неочевидный,1,1,0.11,0.2
Zograf Readings,композитный,1,1,0.11,0.2
Zograf Readings,сбор,1,1,0.11,0.2
Zograf Readings,липский,1,1,0.11,0.2
Zograf Readings,мой,1,1,0.11,0.2
Zograf Readings,твой,1,1,0.11,0.2
Zograf Readings,какой,1,1,0.11,0.2
Zograf Readings,родня,1,1,0.11,0.2
Zograf Readings,обозначение,1,1,0.11,0.2
Zograf Readings,сестра,1,1,0.11,0.2
Zograf Readings,прадравидийский,1,1,0.11,0.2
Zograf Readings,безличный,1,1,0.11,0.2
Zograf Readings,космогонический,1,1,0.11,0.2
Zograf Readings,поведенческий,1,1,0.11,0.2
Zograf Readings,стереотип,1,1,0.11,0.2
Zograf Readings,обратно,1,1,0.11,0.2
Zograf Readings,шьям,1,1,0.11,0.2
Zograf Readings,капля,1,1,0.11,0.2
Zograf Readings,стрелка,1,1,0.11,0.2
Zograf Readings,лука,1,1,0.11,0.2
Zograf Readings,аналог,1,1,0.11,0.2
Zograf Readings,махараштра,1,1,0.11,0.2
Zograf Readings,скальный,1,1,0.11,0.2
Zograf Readings,дурга,1,1,0.11,0.2
Zograf Readings,пуджа,1,1,0.11,0.2
Zograf Readings,колкат,1,1,0.11,0.2
Zograf Readings,суженый,1,1,0.11,0.2
Zograf Readings,переписка,1,1,0.11,0.2
Zograf Readings,бетлингка,1,1,0.11,0.2
Zograf Readings,петербургский,1,1,0.11,0.2
Zograf Readings,лексикограф,1,1,0.11,0.2
Zograf Readings,стихосложение,1,1,0.11,0.2
Zograf Readings,телеологический,1,1,0.11,0.2
Zograf Readings,аргумент,1,1,0.11,0.2
Zograf Readings,польза,1,1,0.11,0.2
Zograf Readings,стадия,1,1,0.11,0.2
Zograf Readings,найшкармие-сиддх,1,1,0.11,0.2
Zograf Readings,монистический,1,1,0.11,0.2
Zograf Readings,адвайт-ишваравад,1,1,0.11,0.2
Zograf Readings,ишваравада,1,1,0.11,0.2
Zograf Readings,монастырь,1,1,0.11,0.2
Zograf Readings,копаный,1,1,0.11,0.2
Zograf Readings,украшение,1,1,0.11,0.2
Zograf Readings,неваров,1,1,0.11,0.2
Zograf Readings,голос,1,1,0.11,0.2
Zograf Readings,каввалить,1,1,0.11,0.2
Zograf Readings,гендер,1,1,0.11,0.2
Zograf Readings,эвтаназия,1,1,0.11,0.2
Zograf Readings,путеводитель,1,1,0.11,0.2
Zograf Readings,айодхья,1,1,0.11,0.2
Zograf Readings,топоним,1,1,0.11,0.2
Zograf Readings,карта,1,1,0.11,0.2
Zograf Readings,мадхупарка,1,1,0.11,0.2
Zograf Readings,сом,1,1,0.11,0.2
Zograf Readings,атитхьешти,1,1,0.11,0.2
Zograf Readings,школьный,1,1,0.11,0.2
Zograf Readings,куррикулум,1,1,0.11,0.2
Zograf Readings,невозможность,1,1,0.11,0.2
Zograf Readings,чувственный,1,1,0.11,0.2
Zograf Readings,прасаннапад,1,1,0.11,0.2
Zograf Readings,панчамакар,1,1,0.11,0.2
Zograf Readings,каулический,1,1,0.11,0.2
Zograf Readings,парадигмальный,1,1,0.11,0.2
Zograf Readings,мышление,1,1,0.11,0.2
Zograf Readings,варно-кастовый,1,1,0.11,0.2
Zograf Readings,вредный,1,1,0.11,0.2
Zograf Readings,авестийский,1,1,0.11,0.2
Zograf Readings,хороший,1,1,0.11,0.2
Zograf Readings,представить,1,1,0.11,0.2
Zograf Readings,читатель,1,1,0.11,0.2
Zograf Readings,эльтшингер,1,1,0.11,0.2
Zograf Readings,ратья,1,1,0.11,0.2
Zograf Readings,верещагин,1,1,0.11,0.2
Zograf Readings,путешественник,1,1,0.11,0.2
Zograf Readings,воссоздавать,1,1,0.11,0.2
Zograf Readings,исследовательский,1,1,0.11,0.2
Zograf Readings,раджендролать,1,1,0.11,0.2
Zograf Readings,митро,1,1,0.11,0.2
Zograf Readings,космологический,1,1,0.11,0.2
Zograf Readings,вишнуитский,1,1,0.11,0.2
Zograf Readings,российский,1,1,0.11,0.2
Zograf Readings,ананда-сутра,1,1,0.11,0.2
Zograf Readings,саркара,1,1,0.11,0.2
Zograf Readings,абхисамаяланкар,1,1,0.11,0.2
Zograf Readings,образование,1,1,0.11,0.2
Zograf Readings,корреспондент,1,1,0.11,0.2
Zograf Readings,обермиллер,1,1,0.11,0.2
Zograf Readings,адвайт-веданта,1,1,0.11,0.2
Zograf Readings,призрак,1,1,0.11,0.2
Zograf Readings,елена,1,1,0.11,0.2
Zograf Readings,похитить,1,1,0.11,0.2
Zograf Readings,жена,1,1,0.11,0.2
Zograf Readings,победа,1,1,0.11,0.2
Zograf Readings,сам,1,1,0.11,0.2
Zograf Readings,скандальный,1,1,0.11,0.2
Zograf Readings,столетие,1,1,0.11,0.2
Zograf Readings,преображение,1,1,0.11,0.2
Zograf Readings,точка,1,1,0.11,0.2
Zograf Readings,зрение,1,1,0.11,0.2
Zograf Readings,маханирван-тантра,1,1,0.11,0.2
Zograf Readings,ребенок,1,1,0.11,0.2
Zograf Readings,индоарийский,1,1,0.11,0.2
Zograf Readings,тигр,1,1,0.11,0.2
Zograf Readings,фразеология,1,1,0.11,0.2
Zograf Readings,кауладхарма,1,1,0.11,0.2
Zograf Readings,сторонник,1,1,0.11,0.2
Zograf Readings,шабда-адвайта,1,1,0.11,0.2
Zograf Readings,мирской,1,1,0.11,0.2
Zograf Readings,наянар,1,1,0.11,0.2
Zograf Readings,бхер-джи,1,1,0.11,0.2
Zograf Readings,деревенский,1,1,0.11,0.2
Zograf Readings,хатха-йога,1,1,0.11,0.2
Zograf Readings,пенпавакутх,1,1,0.11,0.2
Zograf Readings,плоский,1,1,0.11,0.2
Zograf Readings,чорджапод,1,1,0.11,0.2
Zograf Readings,пишач,1,1,0.11,0.2
Zograf Readings,аскеза,1,1,0.11,0.2
Zograf Readings,гаутама,1,1,0.11,0.2
Zograf Readings,арготический,1,1,0.11,0.2
Zograf Readings,среднеазиатский,1,1,0.11,0.2
Zograf Readings,полвека,1,1,0.11,0.2
Zograf Readings,развертка,1,1,0.11,0.2
Zograf Readings,свертка,1,1,0.11,0.2
Zograf Readings,маччхендранатх,1,1,0.11,0.2
Zograf Readings,ритуально-мифологический,1,1,0.11,0.2
Zograf Readings,демоница,1,1,0.11,0.2
Zograf Readings,мстительница,1,1,0.11,0.2
Zograf Readings,переосмысление,1,1,0.11,0.2
Zograf Readings,ведьма,1,1,0.11,0.2
Zograf Readings,сало,1,1,0.11,0.2
Zograf Readings,намшак,1,1,0.11,0.2
Zograf Readings,социально-политический,1,1,0.11,0.2
Zograf Readings,даймонд,1,1,0.11,0.2
Zograf Readings,шамшер,1,1,0.11,0.2
Zograf Readings,рана,1,1,0.11,0.2
Zograf Readings,абхисамай-аланкар,1,1,0.11,0.2
Zograf Readings,ментальный,1,1,0.11,0.2
Zograf Readings,нисходящий,1,1,0.11,0.2
Zograf Readings,самбхара,1,1,0.11,0.2
Zograf Readings,восхождение,1,1,0.11,0.2
Zograf Readings,майтхилишарать,1,1,0.11,0.2
Zograf Readings,сакета,1,1,0.11,0.2
Zograf Readings,словоформа,1,1,0.11,0.2
Zograf Readings,контакт,1,1,0.11,0.2
Zograf Readings,дравид,1,1,0.11,0.2
Zograf Readings,бхаванакрам,1,1,0.11,0.2
Zograf Readings,камалашила,1,1,0.11,0.2
Zograf Readings,семантический,1,1,0.11,0.2
Zograf Readings,переход,1,1,0.11,0.2
Zograf Readings,вишаканье,1,1,0.11,0.2
Zograf Readings,прем,1,1,0.11,0.2
Zograf Readings,ситарама-чаритра-дарпать,1,1,0.11,0.2
Zograf Readings,майтхиль,1,1,0.11,0.2
Zograf Readings,зощенко,1,1,0.11,0.2
Zograf Readings,помощь,1,1,0.11,0.2
Zograf Readings,крам,1,1,0.11,0.2
Zograf Readings,пояр,1,1,0.11,0.2
Zograf Readings,объяснение,1,1,0.11,0.2
Zograf Readings,свой,1,1,0.11,0.2
Zograf Readings,тантрология,1,1,0.11,0.2
Zograf Readings,поворот,1,1,0.11,0.2
Zograf Readings,колесо,1,1,0.11,0.2
Zograf Readings,оппонент,1,1,0.11,0.2
Zograf Readings,сесила,1,1,0.11,0.2
Zograf Readings,бендалл,1,1,0.11,0.2
Zograf Readings,публикатор,1,1,0.11,0.2
Zograf Readings,числовой,1,1,0.11,0.2
Zograf Readings,квадрат,1,1,0.11,0.2
Zograf Readings,детство,1,1,0.11,0.2
Zograf Readings,арьядэв,1,1,0.11,0.2
Zograf Readings,сюжетообразующий,1,1,0.11,0.2
Zograf Readings,абрахам,1,1,0.11,0.2
Zograf Readings,вергеза,1,1,0.11,0.2
Zograf Readings,скрытый,1,1,0.11,0.2
Zograf Readings,явный,1,1,0.11,0.2
Zograf Readings,племенной,1,1,0.11,0.2
Zograf Readings,начальный,1,1,0.11,0.2
Zograf Readings,житийный,1,1,0.11,0.2
Zograf Readings,вариативность,1,1,0.11,0.2
Zograf Readings,наполнение,1,1,0.11,0.2
Zograf Readings,формульный,1,1,0.11,0.2
Zograf Readings,выражение,1,1,0.11,0.2
Zograf Readings,наишкармие-сиддх,1,1,0.11,0.2
Zograf Readings,долина,1,1,0.11,0.2
Zograf Readings,психо-неврологический,1,1,0.11,0.2
Zograf Readings,институт,1,1,0.11,0.2
Zograf Readings,ауробиндо,1,1,0.11,0.2
Zograf Readings,гхош,1,1,0.11,0.2
Zograf Readings,разум,1,1,0.11,0.2
Zograf Readings,интуиция,1,1,0.11,0.2
Zograf Readings,дивов,1,1,0.11,0.2
Zograf Readings,корневой,1,1,0.11,0.2
Zograf Readings,йога-сутра,1,1,0.11,0.2
Zograf Readings,бходжа,1,1,0.11,0.2
Zograf Readings,брихадараньяка-упанишад,1,1,0.11,0.2
Zograf Readings,защита,1,1,0.11,0.2
Zograf Readings,есьма,1,1,0.11,0.2
Zograf Readings,березкин,1,1,0.11,0.2
Zograf Readings,дувакин,1,1,0.11,0.2
Zograf Readings,пандит,1,1,0.11,0.2
Zograf Readings,шивасутра,1,1,0.11,0.2
Zograf Readings,трик,1,1,0.11,0.2
Zograf Readings,индианизация,1,1,0.11,0.2
Zograf Readings,армия,1,1,0.11,0.2
Zograf Readings,страница,1,1,0.11,0.2
Zograf Readings,пресса,1,1,0.11,0.2
Zograf Readings,праформа,1,1,0.11,0.2
Zograf Readings,классика,1,1,0.11,0.2
Zograf Readings,квази-трансцендентальный,1,1,0.11,0.2
Zograf Readings,разоблачение,1,1,0.11,0.2
Zograf Readings,объектный,1,1,0.11,0.2
Zograf Readings,область,1,1,0.11,0.2
Zograf Readings,индрия,1,1,0.11,0.2
Zograf Readings,чарьягить,1,1,0.11,0.2
Zograf Readings,сатьяграха,1,1,0.11,0.2
Zograf Readings,инородный,1,1,0.11,0.2
Zograf Readings,ухо,1,1,0.11,0.2
Zograf Readings,благословенный,1,1,0.11,0.2
Zograf Readings,редкий,1,1,0.11,0.2
Zograf Readings,гапакс,1,1,0.11,0.2
Zograf Readings,возвращаться,1,1,0.11,0.2
Zograf Readings,павакутх,1,1,0.11,0.2
Zograf Readings,мифо-ритуальный,1,1,0.11,0.2
Zograf Readings,абхисамаяаланкар,1,1,0.11,0.2
Zograf Readings,вводный,1,1,0.11,0.2
Zograf Readings,сложный,1,1,0.11,0.2
Zograf Readings,прамана-вад,1,1,0.11,0.2
Zograf Readings,таттво-сандарбха,1,1,0.11,0.2
Zograf Readings,оптика,1,1,0.11,0.2
Zograf Readings,неклассический,1,1,0.11,0.2
Zograf Readings,агхорь,1,1,0.11,0.2
Zograf Readings,визуальность,1,1,0.11,0.2
Zograf Readings,перформанс,1,1,0.11,0.2
Zograf Readings,производство,1,1,0.11,0.2
Zograf Readings,авторитет,1,1,0.11,0.2
Zograf Readings,мадхьямак-сватантрик,1,1,0.11,0.2
Zograf Readings,бхававивека,1,1,0.11,0.2
Zograf Readings,мадхьямака-хридая,1,1,0.11,0.2
Zograf Readings,южноандаманский,1,1,0.11,0.2
Zograf Readings,массон-урсель,1,1,0.11,0.2
Zograf Readings,тайный,1,1,0.11,0.2
Zograf Readings,фарс,1,1,0.11,0.2
Zograf Readings,шанкхадхар,1,1,0.11,0.2
Zograf Readings,латакамелак,1,1,0.11,0.2
Zograf Readings,кешара,1,1,0.11,0.2
Zograf Readings,преподавание,1,1,0.11,0.2
Zograf Readings,праваргие,1,1,0.11,0.2
Zograf Readings,текстовый,1,1,0.11,0.2
Zograf Readings,отличный,1,1,0.11,0.2
Zograf Readings,агнуть,1,1,0.11,0.2
Zograf Readings,клише,1,1,0.11,0.2
Zograf Readings,герхард,1,1,0.11,0.2
Zograf Readings,йоговский,1,1,0.11,0.2
Zograf Readings,александр,1,1,0.11,0.2
Zograf Readings,ученый,1,1,0.11,0.2
Zograf Readings,погребальный,1,1,0.11,0.2
Zograf Readings,среда,1,1,0.11,0.2
Zograf Readings,павел,1,1,0.11,0.2
Zograf Readings,петров,1,1,0.11,0.2
Zograf Readings,санньяса,1,1,0.11,0.2
Zograf Readings,брахмалок,1,1,0.11,0.2
Zograf Readings,физический,1,1,0.11,0.2
Zograf Readings,опосредовать,1,1,0.11,0.2
Zograf Readings,адвайта-веданта,1,1,0.11,0.2
Zograf Readings,коннотативный,1,1,0.11,0.2
Zograf Readings,башня,1,1,0.11,0.2
Zograf Readings,ниша,1,1,0.11,0.2
Zograf Readings,шикхара,1,1,0.11,0.2
Zograf Readings,чалукьев,1,1,0.11,0.2
Zograf Readings,спорить,1,1,0.11,0.2
Zograf Readings,хэшана,1,1,0.11,0.2
Zograf Readings,камалашить,1,1,0.11,0.2
Zograf Readings,вера,1,1,0.11,0.2
Zograf Readings,новиков,1,1,0.11,0.2
Zograf Readings,послевоенный,1,1,0.11,0.2
Zograf Readings,бенгалистик,1,1,0.11,0.2
Zograf Readings,ленинград,1,1,0.11,0.2
Zograf Readings,поступление,1,1,0.11,0.2
Zograf Readings,эрмитаж,1,1,0.11,0.2
Zograf Readings,особый,1,1,0.11,0.2
Zograf Readings,гулабрао,1,1,0.11,0.2
Zograf Readings,махарадж,1,1,0.11,0.2
Zograf Readings,космология,1,1,0.11,0.2
Zograf Readings,местный,1,1,0.11,0.2
Zograf Readings,колорит,1,1,0.11,0.2
Zograf Readings,рамананда-чарит,1,1,0.11,0.2
Zograf Readings,рамбхадрачарья,1,1,0.11,0.2
Zograf Readings,ключевой,1,1,0.11,0.2
Zograf Readings,фраза,1,1,0.11,0.2
Zograf Readings,диафильм,1,1,0.11,0.2
Zograf Readings,чатопадаев,1,1,0.11,0.2
Zograf Readings,камень,1,1,0.11,0.2
Zograf Readings,нидать,1,1,0.11,0.2
Zograf Readings,панчавимшатика-праджняпарамит,1,1,0.11,0.2
Zograf Readings,учить,1,1,0.11,0.2
Zograf Readings,панчатантра,1,1,0.11,0.2
Zograf Readings,сталь-гольштейн,1,1,0.11,0.2
Zograf Readings,научно-издательский,1,1,0.11,0.2
Zograf Readings,серия,1,1,0.11,0.2
Zograf Readings,златоликий,1,1,0.11,0.2
Zograf Readings,проведение,1,1,0.11,0.2
Zograf Readings,фестиваль,1,1,0.11,0.2
Zograf Readings,самьяк,1,1,0.11,0.2
Zograf Readings,мах,1,1,0.11,0.2
Zograf Readings,патан,1,1,0.11,0.2
Zograf Readings,шишов-маретина,1,1,0.11,0.2
Zograf Readings,ксения,1,1,0.11,0.2
Zograf Readings,опасный,1,1,0.11,0.2
Zograf Readings,женственность,1,1,0.11,0.2
Zograf Readings,паришишта,1,1,0.11,0.2
Zograf Readings,поздневедийский,1,1,0.11,0.2
Zograf Readings,окно,1,1,0.11,0.2
Zograf Readings,иной,1,1,0.11,0.2
Zograf Readings,линия,1,1,0.11,0.2
Zograf Readings,художница-парси,1,1,0.11,0.2
Zograf Readings,катаюна,1,1,0.11,0.2
Zograf Readings,саклата,1,1,0.11,0.2
Zograf Readings,антропологический,1,1,0.11,0.2
Zograf Readings,кодировка,1,1,0.11,0.2
Zograf Readings,число,1,1,0.11,0.2
Zograf Readings,математик,1,1,0.11,0.2
Zograf Readings,арьябхата,1,1,0.11,0.2
Zograf Readings,беседа,1,1,0.11,0.2
Zograf Readings,джанака,1,1,0.11,0.2
Zograf Readings,отшельница,1,1,0.11,0.2
Zograf Readings,сулабха,1,1,0.11,0.2
Zograf Readings,мбх,1,1,0.11,0.2
Zograf Readings,йогачар,1,1,0.11,0.2
Zograf Readings,абхидхармасамуччая,1,1,0.11,0.2
Zograf Readings,яйцо,1,1,0.11,0.2
Zograf Readings,курица,1,1,0.11,0.2
Zograf Readings,тримуртеть,1,1,0.11,0.2
Zograf Readings,шакть,1,1,0.11,0.2
Zograf Readings,мадиго,1,1,0.11,0.2
Zograf Readings,имперфект,1,1,0.11,0.2
Zograf Readings,секта,1,1,0.11,0.2
Zograf Readings,пифагор,1,1,0.11,0.2
Zograf Readings,итальянский,1,1,0.11,0.2
Zograf Readings,купец,1,1,0.11,0.2
Zograf Readings,половина,1,1,0.11,0.2
Zograf Readings,петербуржец,1,1,0.11,0.2
Zograf Readings,салтыков,1,1,0.11,0.2
Zograf Readings,загадочный,1,1,0.11,0.2
Zograf Readings,тода,1,1,0.11,0.2
Zograf Readings,голод,1,1,0.11,0.2
Zograf Readings,можно,1,1,0.11,0.2
Zograf Readings,считать,1,1,0.11,0.2
Zograf Readings,нигилизм,1,1,0.11,0.2
Zograf Readings,лила,1,1,0.11,0.2
Zograf Readings,йог,1,1,0.11,0.2
Zograf Readings,васиштх,1,1,0.11,0.2
Zograf Readings,межкультурный,1,1,0.11,0.2
Zograf Readings,коммуникация,1,1,0.11,0.2
Zograf Readings,проектный,1,1,0.11,0.2
Zograf Readings,деятельность,1,1,0.11,0.2
