id,url,date,year,excerpt,likes,views
14290,https://vk.com/wall-88831040_14290,2022-05-22T14:08:32,2022,"🔥 Первый полный русский перевод ""Книги тысячи и одной ночи"" 🔥

Книга тысячи и одной ночи. 1: Ночи 1-38; Москва; Ленинград; Academia; 1929; Художественная литература; Арабская литература; Фольклор; Ска",371,16723
16758,https://vk.com/wall-88831040_16758,2022-11-26T12:00:00,2022,"📕ТРИ ВЕЛИКИХ СКАЗАНИЯ📕

Эта книга — популярное изложение трех великих индийских эпических циклов по текстам «Рамаяны», «Махабхараты» и «Бхагавата-пураны». 

О скитаниях и подвигах Рамы, о битве его со",324,3212
13093,https://vk.com/wall-88831040_13093,2022-01-18T06:36:27,2022,"👨‍💼ОБ УЧИТЕЛЕ В. А. КОЧЕРГИНОЙ - МИХАИЛЕ НИКОЛАЕВИЧЕ ПЕТЕРСОНЕ...

Скоро, 24 января - дата ухода уважаемого лингвиста и санскритолога, автора словаря и учебника по санскриту В. А. Кочергиной.

Мы подг",219,1754
19621,https://vk.com/wall-88831040_19621,2023-08-16T17:36:18,2023,"Снесарев,А.Е. Этнографическая Индия. - Москва : Наука, 1981. - 275 с., табл., портр. - В надзаг.: АН СССР. Ин-т востоковедения. Указ. в конце книги. 
 
История Индии • Культура / Религии мира • Этноло",193,4297
20547,https://vk.com/wall-88831040_20547,2023-11-25T16:00:00,2023,"📖 Артхашастра или Наука политики: Перевод с санскрита. 1993 📖

﻿ 
Артхашастра, или «Наука политики» («Наука о государственном устройстве») - замечательный политико-экономический трактат Древней Индии.",178,2072
12689,https://vk.com/wall-88831040_12689,2021-12-11T12:31:19,2021,Edgerton Franklin; Buddhist hybrid sanskrit grammar and dictionary. Vol. 1: Grammar; London; New Haven; Oxford University press; Yale university press; 1953; Языкознание; Грамматика; Санскрит язык; Сл,176,1272
19620,https://vk.com/wall-88831040_19620,2023-08-16T17:00:00,2023,"📖 Бхагавадгита в традиции и в современной научной критике. Семенцов В.С. 1985. 📖

Исследование содержит обзор существующих: точек зрения на происхождение, формирование и смысл одного из важнейших памя",163,2186
12880,https://vk.com/wall-88831040_12880,2021-12-28T14:59:18,2021,Monier-Williams Monier; A dictionary English and Sanscrit; Англо-санскритский словарь; Delhi /a.o./; Motilal Banarsidass; 1964; Языкознание; Словари двуязычные; Англо-санскрит,161,1669
20372,https://vk.com/wall-88831040_20372,2023-10-29T16:00:00,2023,"📖 Музыкальная культура Индии. Гороховик Е.М. 2005 📖

В монографии рассматриваются культурологические аспекты мукальной культуры Индии в совокупности ее базовых, системообразующих принципов: философии ",161,2054
19536,https://vk.com/wall-88831040_19536,2023-08-09T10:00:00,2023,"📖 Боги, брахманы, люди. Четыре тысячи лет индуизма: Перевод с чешского. 1969. 📖

Книга чешских индологов рассказывает о возникновении и развитии одной из самых древних религий на земле — индуизма, его",159,4716
18784,https://vk.com/wall-88831040_18784,2023-06-14T06:58:53,2023,"Огибенин,Б.Л. Структура мифологических текстов Ригведы: (Ведийская космогония). - Москва : Наука, 1968. - 112 с. - (АН СССР. Институт народов Азии). - Рез. на англ. яз.- Парал. тит. л. на англ. яз. 
 ",155,2659
18086,https://vk.com/wall-88831040_18086,2023-04-09T20:03:47,2023,"Кочергина, В.А. Начальный курс санскрита: Учебник для государственных университетов. - Москва : Издательство Академии наук СССР, 1956. - 195 c.",148,3131
18814,https://vk.com/wall-88831040_18814,2023-06-17T17:20:35,2023,"Бхагавадгита / Пер. с санскрита, исслед. и примеч. В.С.Семенцова. - 2. изд., испр. и доп. - Москва : Восточная литература, 1999. - 254 с. - Библиогр. с. 238-242. - ISBN 5-02-017506-4. 
 
Бхагавадгита;",147,4945
19283,https://vk.com/wall-88831040_19283,2023-07-26T10:00:00,2023,"📖 Панчатантра. Пер. с санскрита и примеч. А. Я. Сыркина. 1958 📖

Созданная свыше полутора тысяч лет назад, «Панчатантра» является 
выдающимся памятником не только индийской, но и мировой литературы. 
",142,3442
16460,https://vk.com/wall-88831040_16460,2022-11-05T12:00:00,2022,Подборка индийских книг (1/3),141,3121
20611,https://vk.com/wall-88831040_20611,2023-12-02T15:08:00,2023,"📖 Buddhistische Stotras aus ostturkischen Sanskrit exten. Schlingloff Dieter. 1955 📖

Schlingloff; Dieter; Buddhistische Stotras aus ostturkischen Sanskrit exten; Издание текстов древних буддийских ги",135,971
12977,https://vk.com/wall-88831040_12977,2022-01-05T13:38:03,2022,Böhtlingk Otto; Sanscrit-Chrestomathie; Petersburg; 1877; Литературоведение; Индийское литературоведение; История литературы; Древний период; Поэзия; Книги для чтения; Санскрит язык; Средняя школа,132,889
20453,https://vk.com/wall-88831040_20453,2023-11-11T16:08:00,2023,"📖 Атхарваведа (Шаунака): Перевод с ведийского языка, вступительная статья, комментарий и приложения Т.Я. Елизаренковой: В 3 томах. 
Т.3: Кн. 13-19: Перевод с ведийского языка, комментарий и приложения",127,2964
20837,https://vk.com/wall-88831040_20837,2024-01-04T15:05:00,2024,"📖 Похождения десяти юношей. Дандин. 1928 📖

Дандин; Похождения десяти юношей: (Древне-индийский роман); Место издания; Харьков; Дата издания; 1928; Язык; Русский; Тематика; Художественная литература; ",127,1303
17594,https://vk.com/wall-88831040_17594,2023-02-23T07:00:01,2023,"🕉 Кришна возвещает тайну своего рождения 🕉

Кришна Арджуне:  

«Уже много раз рождались я и ты; 
Известны мне мои существованья,
Но для тебя твои покрыты мраком. 
Хотя по существу и не подвержен 
Ни с",126,3664
12833,https://vk.com/wall-88831040_12833,2021-12-24T21:33:33,2021,"Пашпаша целиком выходила в переводе Захарьина.

Впервые будет опубликован фрагмент рукописи Щербатского.

Здесь же два издания для сверки русского текста:

http://laghusiddhanta.vedicsociety.org/4-1-7",124,855
20661,https://vk.com/wall-88831040_20661,2023-12-13T15:00:01,2023,"📖Ein buddhistisches Yogalehrbuch. [1]: Textband. Schlingloff Dieter. 1964 📖

Schlingloff; Dieter; Ein buddhistisches Yogalehrbuch. [1]: Textband; Религиозно-философский трактат; посвященный теории и п",124,998
12785,https://vk.com/wall-88831040_12785,2021-12-22T12:37:37,2021,Stchoupak Nadine; Chrestomathie sanskrite; Paris; Maisonneuve; 1948; Языкознание; Книги для чтения; Санскрит язык; Средняя школа,123,855
14603,https://vk.com/wall-88831040_14603,2022-06-22T05:07:53,2022,"📔 О сходстве санскритскаго языка с русскимъ. Аделунг Ф., 1811 г.

Санскритъ - языкъ украшенный, образованный, обработанный: (polished). Изыскатели языковъ въ Индіи обыкновенно употребляютъ сіе слово, ",122,5079
20446,https://vk.com/wall-88831040_20446,2023-11-08T15:08:00,2023,"📖 Tibetan-Sanscrit dictionary. Based on a close comparative study of Sanskrit originals and Tibetan transl. of several texts. Vol.2. Chandra Lokesh. 1959. 📖

Chandra; Lokesh; Tibetan-Sanscrit dictiona",122,1428
20454,https://vk.com/wall-88831040_20454,2023-11-12T15:03:00,2023,Критическое издание субкомментария к части Йога-сутр Патанджали,122,1246
13008,https://vk.com/wall-88831040_13008,2022-01-10T13:08:27,2022,Ellipsis; brachylogy and other forms of brevity in speech in the Rgveda; Эллипсис и некоторые другие риторические фигуры в языке Ригведы. Автор - Gonda Jan; Место издания; Amsterdam; Издательство; Noo,118,831
17554,https://vk.com/wall-88831040_17554,2023-02-19T14:42:00,2023,Тюлина; Е.В.; Гаруда-пурана: Человек и мир: Перевод с санскрита; исследование; комментарий; Место издания; Москва; Издательство; Восточная литература; РАН; Дата издания; 2003; Язык; Русский; Тематика;,118,2204
17358,https://vk.com/wall-88831040_17358,2023-01-29T11:00:00,2023,"Восточная поэтика: Тексты, исследования, комментарии.

В книге представлены переводы тридцати литературно-эстетических памятников древнего и средневекового Китая, Японии, 
Индии, Арабского Востока, Ир",117,1801
16711,https://vk.com/wall-88831040_16711,2022-11-22T07:08:00,2022,"Эта книга — популярное изложение трех великих индийских 
эпических циклов по текстам «Рамаяны», «Махабхараты» и «Бхагавата-пураны». О скитаниях и подвигах Рамы, о битве его со свирепым Раваной, о нежн",116,1802
17969,https://vk.com/wall-88831040_17969,2023-03-27T06:55:59,2023,Минаев; И.П.; Дневники путешествий в Индию и Бирму. 1880 и 1885-1886; Место издания; <нет данных>; Дата издания; 1955; Язык; Русский; Тематика; География; Предметная рубрика; География • Экспедиции и ,110,2069
16352,https://vk.com/wall-88831040_16352,2022-10-28T13:53:34,2022,Шатакатраям: пер. с санскрита; Место издания; Москва; Издательство; Наука; Дата издания; 1979; Язык; Русский; Тематика; Художественная литература; Предметная рубрика; Индийская литература; Индийское л,106,2124
16278,https://vk.com/wall-88831040_16278,2022-10-24T07:08:00,2022,"Азбука санскрита. Авдеев Ф.Ф.

Предлагаемое учебно-методическое пособие предназначено, прежде всего, для студентов-филологов, изучающих классические языки в соответствии с учебным планом факультета ру",104,2443
15927,https://vk.com/wall-88831040_15927,2022-09-27T07:08:00,2022,"Великий эпос Индии: Рамаяна. Махабхарата. Гусева Н.Р.

Настоящее издание является адаптированным пересказом двух величайших эпических поем древней Индии ""Рамяны"" и ""Махабхараты"" . Это не только замеча",102,2785
17939,https://vk.com/wall-88831040_17939,2023-03-25T07:00:03,2023,"🕉 «Я есмь любовь чистейшая вселенной» ❤️ Красивейшие строфы из Бхагавад-Гиты 🕉

Кришна Арджуне:

«Я проявляюсь в пяти стихиях: 
В воде, земле, эфире и огне, 
И в воздухе, а также в жизни мира, 
В уме ",101,2781
18151,https://vk.com/wall-88831040_18151,2023-04-15T12:00:00,2023,"О русских именах [1991]. Суперанская А.В.

Суперанская; А.В.; О русских именах [1991]; Другой автор; Суслова; А.В.; Место издания; Ленинград; Издательство; Лениздат; Дата издания; 1991; Язык; Русский;",100,5836
17375,https://vk.com/wall-88831040_17375,2023-02-01T07:00:00,2023,"Т. Я. Елизаренкова - Слова и вещи в Ригведе

В монографии обсуждаются вопросы методологии, позволяющей правильно установить связь между лексическим значением слова и обозначаемым им предметом или поня",99,2176
16732,https://vk.com/wall-88831040_16732,2022-11-23T12:08:00,2022,Подборка индийских книг (2/3),98,1716
18703,https://vk.com/wall-88831040_18703,2023-06-05T11:00:00,2023,"📖 Культура Индии. Ольденбург С.Ф. 1991 📖

Собрание непубликовавшихся работ крупнейшего индолога академика С. Ф. Ольденбурга (1863—1934) было составлено, полвека назад его другом ин единомышленником ак",98,3722
25667,https://vk.com/wall-88831040_25667,2026-06-16T14:30:00,2026,"🇮🇳📖 Тихомиров,В. Да услышат меня земля и небо: Из ведийск. поэзии / Стихотворное переложение В. Тихомирова; Сост., пер. с ведийск., вступ. статья, коммент. и словарь Т. Я. Елизаренковой; Худож. Ю. Кон",97,4976
10940,https://vk.com/wall-88831040_10940,2021-01-08T18:32:00,2021,"Введение в науку о языке / А. Е. Кибрик и др.; под ред. О. В. Федоровой и С. Г. Татевосова – М.: Буки Веди, 2019. – 672 с. – ISBN 978-5-4465-2188-3. 

Издание представляет собой учебник для студентов,",96,4707
18890,https://vk.com/wall-88831040_18890,2023-06-21T12:00:00,2023,"📖 Литература и культура древней и средневековой Индии. 1979 📖

В сборнике освещаются вопросы истории древнеиндийской эстетики и этики, мифологии вед и философского учения Нагарджуны, развития древнета",92,3542
13033,https://vk.com/wall-88831040_13033,2022-01-14T05:30:00,2022,"📘 Слово, творящее мир. От ранней веданты к кашмирскому шиваизму: Гаудапада, Бхартрихари, Абхинавагупта

Автор: Исаева Н.В.(пер.)

Описание: Книга Н. В. Исаевой включает в себя комментированный перевод",90,1846
17173,https://vk.com/wall-88831040_17173,2023-01-08T14:16:28,2023,Короцкая; А.А.; Архитектура Индии раннего средневековья; Место издания; Москва; Издательство; Издательство литературы по строительству; Дата издания; 1964; Язык; Русский; Тематика; Искусство; Предметн,88,1841
14375,https://vk.com/wall-88831040_14375,2022-05-28T20:10:59,2022,Санскрит: Учебное пособие для студентов вузов; обучающихся по философским и культурологическим специальностям; С.-Петербург; Лань; 1999; Языкознание; Книги для чтения; Санскрит язык; Самоучители; Спра,87,1444
16874,https://vk.com/wall-88831040_16874,2022-12-05T07:00:01,2022,"Шукасаптати. Семьдесят рассказов попугая / Пер. с санскрита М. А. Ширяева. Предисл. и примеч. В. И. Кальянова. Отв. ред. В. И. Кальянов. - Москва : Издательство восточной литературы, 1960. - 171 с. - ",87,1449
22289,https://vk.com/wall-88831040_22289,2024-08-13T13:00:01,2024,"🇮🇳📖 Гусева,Н.Р. Индуизм. История формирования. Культовая практика. - Москва : Наука, 1977. - 325 с., илл. - (АН СССР. Институт этнографии им. Н. Н. Миклухо-Маклая). - Библиогр. с.290-316.-Указ. в конц",83,3476
12496,https://vk.com/wall-88831040_12496,2021-11-02T15:45:22,2021,Восемь книг о натье: на санскрите и в переводе,82,1588
14349,https://vk.com/wall-88831040_14349,2022-05-27T04:30:00,2022,"Сборник избранных произведений виднейшего индийского индолога XX в. Рамчандры Нараяна Дандекара (1909-2001) включает 10 статей, написанных в разные годы и вошедших в 4-томное собрание его избранных тр",80,1482
17117,https://vk.com/wall-88831040_17117,2023-01-02T07:00:00,2023,"Храмы Индии: Превращение камня. Маратхе Каумуди.

Огромное количество индийских храмов служит залогом того что публикация книг по их истории врятли будет исчерпана. Эта книга попытка познакомить читат",80,1536
17215,https://vk.com/wall-88831040_17215,2023-01-13T20:53:09,2023,"Щербатской; Ф.И.; Теория познания и логика по учению позднейших буддистов. Ч.1. Учебник логики Дармакирти с толкованием на него Дармоттары; Место издания; С.-Петербург; Издательство; Типо-литография """,80,2237
19059,https://vk.com/wall-88831040_19059,2023-07-05T16:00:00,2023,"Шатапатха-брахмана = Satapatha-brahmana. Кн.11. Пер. В.Н. Романова. 2014 
 
Вниманию читателя предлагается перевод одиннадцатой книги «Шатапатха-брахманы» — выдающегося памятника древнеиндийской религ",80,2369
18331,https://vk.com/wall-88831040_18331,2023-05-05T12:00:00,2023,"📖 Самозванцев А.М. Правовой текст дхармашастры. 📖 

Книга содержит перевод правовых разделов древнеиндийских этических сочинений — дхармасутр и обширный исследовательский комментарий. На материале пра",79,1929
17913,https://vk.com/wall-88831040_17913,2023-03-24T07:08:00,2023,"Восток и Запад. Религия, мифология, символика, искусство. Кумарасвами Ананда Кентиш.

В книге индийского учёного и философа А. К. Кумарасвами (1877-1947) подробно и очень глубоко освещены различные ас",78,1775
13696,https://vk.com/wall-88831040_13696,2022-03-17T20:30:49,2022,"Самый тиражный учебник санскрита на русском языке 🔥
(продано больше 10 000 экземпляров с 1994 по 2022 год) 

Кочергина В.А.; Учебник санскрита; Москва; Добросвет; МЦНМО; 2015; Языкознание; Учебники и ",77,1034
15912,https://vk.com/wall-88831040_15912,2022-09-24T15:08:00,2022,"Древняя Индия. Вигасин А.А.

В книгу избранных трудов российского индолога Вигасина А.А. вошли работы по источниковедению и истории Древней Индии, тематически разделенные на три раздела: ""Эдикты Ашоки",77,1781
16399,https://vk.com/wall-88831040_16399,2022-10-31T07:08:00,2022,"Древнеиндийская драма Шудраки Глиняная повозка.
Приглашение к медленному чтению, Топоров В.Н.

Книга — первое в России монографическое исследование знаменитой 
драмы древнеиндийского автора Шудраки, ж",76,2163
17708,https://vk.com/wall-88831040_17708,2023-03-05T11:00:00,2023,"В данную книгу вошли три произведения выдающегося советского буддолога академика Ф.И. Щербатского - ""Буддийская логика. Введение"". ""Центральная концепция буддизма и значение термина ""дхарма"" и ""Концеп",76,1761
18977,https://vk.com/wall-88831040_18977,2023-07-01T12:00:00,2023,"📚Эпическое сказительство. Путилов Б.Н. 1997📚

Монография Б.Н. Путилова представляет собой обобщающее 
теоретическое исследование комплекса проблем, связанных с 
искусством мастеров устного эпоса. В кн",76,2874
14174,https://vk.com/wall-88831040_14174,2022-05-11T07:55:53,2022,"Хинди-русский словарь: В 2-х томах: Около 75000 слов. Т. 1: От...до...; Москва; Советская энциклопедия; 1972; Языкознание; Словари двуязычные; Хинди-русские 
 
Хинди-русский словарь: В 2-х томах: Окол",74,1948
17123,https://vk.com/wall-88831040_17123,2023-01-03T07:08:58,2023,Тюляев; С.И.; Искусство Индии. Архитектура; изобразительное искусство; художественное ремесло; Место издания; Москва; Издательство; Наука; Дата издания; 1968; Язык; Русский; Тематика; Искусство; Предм,74,1599
17896,https://vk.com/wall-88831040_17896,2023-03-23T07:00:03,2023,Древняя Индия: язык; культура; текст; Место издания; Москва; Издательство; Наука; Дата издания; 1985; Язык; Русский; Тематика; История; Предметная рубрика; История Древней Индии • Культура; История Ин,74,1314
20499,https://vk.com/wall-88831040_20499,2023-11-19T15:08:00,2023,"📖 Художественные ремесла Индии. Гусева Н.Р. 1982 📖

﻿
В книге дается исторический обзор развития индийского художественного ремесла, рассказывается об основных типах традиционной одежды и тканях, из к",72,1506
17103,https://vk.com/wall-88831040_17103,2022-12-30T08:00:33,2022,Тюляев; С.И.; Архитектура Индии; Место издания; Москва; Издательство; Всесоюзная академия архитектуры; Дата издания; 1939; Язык; Русский; Тематика; Искусство; Предметная рубрика; Индийское искусство •,71,1549
17667,https://vk.com/wall-88831040_17667,2023-02-28T07:00:28,2023,Журавлев; В.К.; Язык - языкознание - языковеды; Место издания; Москва; Издательство; Наука; Дата издания; 1991; Язык; Русский; Тематика; Языкознание; Предметная рубрика; Языкознание • Лингвистика и те,71,1317
18923,https://vk.com/wall-88831040_18923,2023-06-26T12:00:00,2023,"📖 История буддизма: (Индия и Тибет). Будон Ринчендуб. 1999. 📖

«История буддизма» написана в 1322 г. выдающимся тибетским историком и кодификатором Будоном Ринчендубом (1290—1364). В книге дан в хроно",71,2090
19275,https://vk.com/wall-88831040_19275,2023-07-24T10:00:00,2023,"📖 Проблемы истории языков и культуры народов Индии. Сборник статей. Памяти В. С. Воробьева-Десятовского. 1974 📖

Сборник посвящен памяти безвременно скончавшегося талантливого индолога В.С. Воробъева-",71,3396
16844,https://vk.com/wall-88831040_16844,2022-12-02T12:30:00,2022,Подборка индийских книг (3/3),70,1481
18763,https://vk.com/wall-88831040_18763,2023-06-11T14:30:44,2023,"Маковский,М.М. Язык - миф - культура: Символы жизни и жизнь символов / Ин-т русского языка им. В.В.Виноградова РАН. - Москва, 1996. - 329 с. : ил. - Библиогр. с. 290-329. - ISBN 5-89216-012-2. 
 
Мако",70,2462
20681,https://vk.com/wall-88831040_20681,2023-12-17T07:00:01,2023,"📖 Мифологии древнего мира. Отв. ред. : В.А. Якобсон. 1977 📖
﻿
Книга представляет собой очерки мифологии различных народов древнего мира - египтян, шумеров и вавилонян, индийцев, китайцев и др. Написан",70,1289
24524,https://vk.com/wall-88831040_24524,2025-08-07T14:30:00,2025,"🇮🇳📖 Хинди. Начальный курс : [Учебник] / [Е.А. Костина, Ю.Г. Кокова, С.Г. Рудин и др.; Под общ. ред. Е.А. Костиной]. - С.-Петербург : КАРО, 2016. - 379 с. : ил. - Авт. указ. в надвып. дан. - Данные тит",70,1878
6912,https://vk.com/wall-88831040_6912,2019-07-05T09:13:22,2019,"Лингвистический энциклопедический словарь / Гл. ред. В. Н. Ярцева. — М.: Сов. энциклопедия, 1990. — 683 с.",69,18258
20290,https://vk.com/wall-88831040_20290,2023-10-22T16:00:00,2023,"📖 Литература и культура Древней и Средневековой Индии. 1987 📖

«Индийская литература» — что вмещает в себя это понятие?.. 
Историко-культурный комментарий к гимну «Тело Человека» 
в «Атхарваведе». Мик",69,1187
17872,https://vk.com/wall-88831040_17872,2023-03-20T07:08:00,2023,"Из блокнота индолога. Серебряков И.Д.

ОТ РЕДАКТОРА. 
 
«Из блокнота индолога» — книга-воспоминание Игоря Дмитриевича Серебрякова — доктора филологических наук, лауреата премии им. Дж. Неру, удостоенн",68,1717
17891,https://vk.com/wall-88831040_17891,2023-03-22T12:05:52,2023,"📖 Самая полная санскритская грамматика на английском языке 📖

Whitney; William Dwight; A Sanskrit grammar; including both the classical language; and the elder dialects; of Veda and Brahmana; Место из",68,1436
23817,https://vk.com/wall-88831040_23817,2025-03-03T15:30:00,2025,"Кочергина, В.А. Санскритско-русский словарь : Около 28 000 слов / Под ред. В.И. Кальянова; С прил. Грамматического очерка санскрита А.А. Зализняка. - Москва : Русский язык, 1978. - 895 с., табл. - Пар",68,3042
25571,https://vk.com/wall-88831040_25571,2026-05-11T14:30:00,2026,"🇮🇳📖 Маламуд, Шарль. Испечь мир = Cuire le monde : ритуал и мысль в древней Индии / Шарль Маламуд; Российская Академия наук, Отделение историко-филологических наук; пер. с фр. и вступ. ст. В. Г. Лысенк",68,2303
17758,https://vk.com/wall-88831040_17758,2023-03-08T11:50:01,2023,Сыркин; А.Я.; Избранные труды: В 2 томах. Т.1; Место издания; Москва; Издательство; Наука; Восточная литература; Дата издания; 2020; Язык; Русский; Тематика; Науковедение; Предметная рубрика; Сыркин; ,67,1599
21695,https://vk.com/wall-88831040_21695,2024-05-21T15:00:02,2024,"Алаев,Л.Б. Индуизм. Джайнизм. Сикхизм: Словарь / Алаев Л.Б., Алиханова Ю.М., Альбедиль М.Ф. и др.; Под общ. ред. Альбедиль М.Ф. и Дубянского А.М. - Москва, 1996. - 574 с. - Указ. в конце кн. - ISBN 5-",67,1823
13238,https://vk.com/wall-88831040_13238,2022-01-28T06:38:52,2022,"📜 КОГДА САНСКРИТ УШЕЛ С УЛИЦ?

К концу первого тысячелетия склоняется к упадку так называемая «классическая» культура Индии, пережившая свой «золотой век» в эпоху правления императоров династии Гупта.",65,1083
14163,https://vk.com/wall-88831040_14163,2022-05-10T07:59:53,2022,"Пословицы и поговорки Северной Индии, Бархударова А.С., Зограф Г.А., 1998. 
 
 Предлагаемое издание — результат многолетней работы выдающихся отечественных индологов, безвременно ушедших В. М. Бескров",65,1923
17205,https://vk.com/wall-88831040_17205,2023-01-11T18:11:20,2023,Motwani; Kewal; Manu Dharma Sastra: A sociological and historical study; Законы Ману. Историко-социологическое исследование. Законы Ману как источник для изучения общественных отношений. государственн,65,1527
15473,https://vk.com/wall-88831040_15473,2022-08-23T22:15:04,2022,Ульциферов О.Г.; Язык хинди; Москва; АСТ-пресс; 2010; Языкознание; Самоучители; Хинди язык; Аудиовизуальные учебные пособия,64,2232
19382,https://vk.com/wall-88831040_19382,2023-08-02T10:00:00,2023,"📖 Избранные статьи по индологии и буддологии 1960-1970-е годы. Пятигорский А.М.2018. 📖

В кииге собраны востоковедческие статьи русского философа и мыслителя Александра Моисеевича Пятигорского (1929-2",64,1763
18254,https://vk.com/wall-88831040_18254,2023-04-29T20:34:31,2023,"Хитопадеша или Полезные наставления / Пер. с хинди и обработ. Вл. Быкова и Р. Червяковой. Рис. Мурли Р. Ачарекара. - Москва : Детгиз, 1958. - 158 с., илл. 
 
Хитопадеша или Полезные наставления; Место",63,1161
20750,https://vk.com/wall-88831040_20750,2023-12-24T19:25:25,2023,"Эрман,В.Г. Очерк истории ведийской литературы. - Москва : Наука, 1980. - 230 с. - В надзаг.: Ленингр. гос. ун-т им. А. А. Жданова.- Библиогр. с.191-218.-Указ. в конце книги. 
 
Индийское литературовед",63,1268
10658,https://vk.com/wall-88831040_10658,2020-12-08T11:45:47,2020,Двухтомный санскритско-санскритский толковый аюрведический словарь Джоши 1968 г. (ранее не выкладывался в публичный доступ),62,1197
17448,https://vk.com/wall-88831040_17448,2023-02-09T20:43:35,2023,Индия — Тибет: текст и интертекст в культуре; Место издания; Москва; Издательство; ЯСК; Дата издания; 2017; Язык; Русский; Тематика; Культура; Предметная рубрика; Культурология историческая • Индия • ,62,1270
16140,https://vk.com/wall-88831040_16140,2022-10-10T07:08:00,2022,"Избранные труды русских индологов-филологов.

Издание состоит из сборника работ русских индологов. Цель которого ознакомить читателя с культурой народов Индии, с тем вкладом, который внесли русские уч",61,1441
18444,https://vk.com/wall-88831040_18444,2023-05-20T12:00:00,2023,"📖 Язык до Индии доведет. Памяти А.Т. Аксёнова. 2008 📖

Книга рассказывает о профессоре, докторе филологических наук А.Т. Аксёнов (1923-1990), заведующем кафедрой индийской филологии ИВЯ/САА при МГУ и ",61,1908
19088,https://vk.com/wall-88831040_19088,2023-07-09T12:00:00,2023,"Шатапатха-брахмана. Кн. I, кн. 10 (фрагмент). Пер. В.Н. Романова. 2009

В книге представлен перевод первой и фрагмента десятой книги 
«Шатапатха-брахманы» — важнейшего памятника древнеиндийской релити",61,1936
12770,https://vk.com/wall-88831040_12770,2021-12-21T20:52:15,2021,"Мифология: Статьи для мифологических энциклопедий. Т.1: А - О; Топоров В.Н.; Москва; Языки славянской культуры; 2014; Культура; Мифология; Справочные издания

Топоров В.Н.; Мифология: Статьи для мифол",60,1003
20691,https://vk.com/wall-88831040_20691,2023-12-20T15:08:00,2023,"📖 Siva in dance myth and iconography. Gaston Anne-Marie. 1985 📖

Gaston; Anne-Marie; Siva in dance myth and iconography; Скульптурные изображения бога Шивы в виде многорукого Натараджана - бога танца.",60,1195
25236,https://vk.com/wall-88831040_25236,2026-02-14T14:30:00,2026,"🇮🇳📖 Шохин,В.К. Индийская философия. Шраманский период (середина I тысячелетия до н.э.) : Учебное пособие / В.К. Шохин; С.-Петербургск. гос. ун-т, Ин-т философии РАН. - С.-Петербург : Издательство С. -",60,1798
4743,https://vk.com/wall-88831040_4743,2019-02-05T13:17:35,2019,Рерих Ю.Н. Тибетско-русско-английский словарь с санскритскими параллелями. Под общей редакцией Ю. Парфионовича и В. Дылыковой. Художник В.В. Петров. Тираж 6000 экз. М. Главная редакция восточной литер,59,1466
10525,https://vk.com/wall-88831040_10525,2020-11-13T07:26:48,2020,"Индуизм. Джайнизм. Сикхизм: Словарь / Под общ. ред. М.Ф. Альбедиль и А. М. Дубянского. М.: Республика, 1996. — 576 с. 
 
Настоящее издание является первым в нашей стране словарём, посвящённым трём наи",59,1121
19677,https://vk.com/wall-88831040_19677,2023-08-22T10:00:00,2023,"📖 Пракриты. Вертоградова В.В. 1978 📖

Очерк посвящен описанию литературных средненндийских языков — пракритов, употреблявшихся в первые века нашей эры и сыгравших важную роль в истории индийской культ",59,1921
20585,https://vk.com/wall-88831040_20585,2023-11-29T07:00:06,2023,"📖 Abhinavagupta on Indian aesthetics. Walimbe Y.S. 1980 📖

Walimbe; Y.S.; Abhinavagupta on Indian aesthetics; Место издания; Delhi; Издательство; Ajanta; Дата издания; 1980; Язык; Английский; Тематика",59,1410
20904,https://vk.com/wall-88831040_20904,2024-01-15T17:05:00,2024,"📖 Двадцать пять рассказов Веталы. Пер. с санскрита И. Серебрякова. 1958 📖

«Океан из потоков сказаний» — так называется один из древнейших памятников индийской повествовательной литературы, но это наз",59,1678
13872,https://vk.com/wall-88831040_13872,2022-04-14T16:33:30,2022,Несколько случайных книг об индийской архитектуре,58,1382
18346,https://vk.com/wall-88831040_18346,2023-05-08T12:00:00,2023,"История Индий. Лас Касас Бартоломе де. 2007

Место издания; С.-Петербург; Издательство; Наука; Дата издания; 2007; Язык; Русский; Тематика; История; Предметная рубрика; Лас Касас; Бартоломе де (1474-1",58,1707
18352,https://vk.com/wall-88831040_18352,2023-05-09T18:29:28,2023,"🐅 Природа Индии 🐅

Рябчиков, А.М. Природа Индии. - Москва : Географгиз, 1950. - 290 с., илл., 5 карт. - (Записки Всесоюзного географического Общества. Новая серия; Т.12). - Библиогр. в конце книги.",58,1216
19937,https://vk.com/wall-88831040_19937,2023-09-15T08:08:00,2023,"📖 История буддизма в Индии. Тараната. 1868. 📖

Тараната; История буддизма в Индии; Место издания; С.-Петербург; Дата издания; 1868; Язык; Русский; Тибетский; Тематика; Религия; Предметная рубрика; Буд",58,1899
22057,https://vk.com/wall-88831040_22057,2024-07-02T14:30:00,2024,"🇮🇳📖🕉Глушко,А.А. География Индии: Природа, население, хозяйство: Учебное пособие / А.А.Глушко; Отв. ред. А.Я.Соколовский; Дальневосточн. гос. ун-т. - Владивосток : Издательство Дальневосточного универс",58,1954
25685,https://vk.com/wall-88831040_25685,2026-06-22T15:30:51,2026,"🇮🇳📖 Памятники индийской письменности из Центральной Азии. Вып.1 / Изд. текстов, исслед. и коммент. Г. М. Бенгард-Левина и М. И. Воробьевой-Десятовской. - Москва : Наука, 1985. - 285 с., табл., факс. -",58,1893
18281,https://vk.com/wall-88831040_18281,2023-05-01T10:00:00,2023,"📖 На земле сингалов и тамилов 📖

Предлагаемая книга составлена из двух произведений современных писателей Шри-Ланки. Это «Южная река Кеннет М. де Ланеролла и «Люди зеленого царства» К. Велупиллаи, В ж",57,1642
19232,https://vk.com/wall-88831040_19232,2023-07-20T12:00:00,2023,"📖 Хотаносакский язык. Герценберг Л.Г. 1965 📖

Предлагаемая читателю работа Л. Г. Герценберга «Хотаносакский (индоскифский) язык» входит в серию очерков по языкам народов Азии и Африки, публикуемую Инс",57,1563
22443,https://vk.com/wall-88831040_22443,2024-09-06T13:00:00,2024,"🇮🇳📖 Краткая история литератур Индии / Авт. : В.И. Балин, Е.К. Бросалина, Н.В. Гуров и др.; Отв. ред. : В.И. Балин и В.А. Новикова. - Ленинград : Издательство Ленинградского университета, 1974. - 146 с",57,1775
13138,https://vk.com/wall-88831040_13138,2022-01-20T20:19:49,2022,"🐚 РОД РАГХУ (Рагхуванша) 🐚

Описание: ""Имя Калидасы — знаменитого драматурга и стихотворца Древней Индии — знаменует собой период высшего расцвета индийской классической культуры. Его поэзия и драмати",56,1003
19077,https://vk.com/wall-88831040_19077,2023-07-07T22:10:49,2023,"Сообщение об исследовании протоиндийских текстов. Proto indica. 1973 / Отв. ред.: Ю. В. Кнозоров. - Москва : Наука, 1975. - 72 с., табл. - (АН СССР. Институт этнографии им. Н. Н. Миклухо-Маклая). - Би",56,1635
9969,https://vk.com/wall-88831040_9969,2020-06-23T10:18:30,2020,"🔥 Двухтомник Фриша впервые можно скачать бесплатно 🔥

Фриш О. Санскритская хрестоматия. В 2 т. Т. 1 Тексты / авт. предисл., биографии и сост. библиографии М. Ю. Гасунс, — Москва : Книгоиздательство «А",55,1642
15754,https://vk.com/wall-88831040_15754,2022-09-10T19:45:39,2022,"Кнауэр Ф. И. Учебник санскритскаго языка. Грамматика, хрестоматия, словарь. 3-е изд., испр. и доп. Редакция и приложения М. Ю. Гасунса, предисловие И. А. Святополк-Четвертынского. – Москва : Книгоизда",55,2434
16135,https://vk.com/wall-88831040_16135,2022-10-09T20:01:26,2022,"Джатаки: Из первой книги ""Джатак""; Москва; Художественная литература; 1979; Художественная литература; Индийская литература; Антологии; Индийское литературоведение; История литературы; Древний период;",54,1182
17820,https://vk.com/wall-88831040_17820,2023-03-15T06:31:20,2023,"Трехтомный ""Восточнославянские языковеды: Биобиблиографический словарь"" впервые отсканирован целиком в отличном качестве 📖 Спасибо ревнителям

Булахов; Михаил Гапеевич; Восточнославянские языковеды: Б",54,1273
17142,https://vk.com/wall-88831040_17142,2023-01-04T08:26:17,2023,Indian art and the art of Ceylon; Central and South-East Asia; Изобразительное искусство Индии; Шри-Ланке и стран Центральной и Юго-3ападной Азии (живопись; скульптура; архитектура). Альбом цветных фо,53,1049
20209,https://vk.com/wall-88831040_20209,2023-10-14T13:00:00,2023,"📖 Атхарваведа как источник по истории древнеиндийской культуры: Автореферат диссертации на соискание ученой степени кандидата филологических наук. Герасимов А.В. 1965. 📖

Изучение истории культуры дре",53,1122
17115,https://vk.com/wall-88831040_17115,2023-01-01T19:24:17,2023,Фортунатов; Ф.Ф.; Sâmaveda - Âranyaka - Samhitâ; Место издания; Москва; Издательство; URSS; Дата издания; cop.2015; Язык; Русский; Тематика; Языкознание; Предметная рубрика; Грамматика сопоставительна,52,1412
17415,https://vk.com/wall-88831040_17415,2023-02-06T11:00:00,2023,"Искусство Индии. Ганевская Э.В.

Настоящее издание представляет собой краткий научно-популярный очерк индийского искусства.",52,1036
18239,https://vk.com/wall-88831040_18239,2023-04-27T12:00:00,2023,"📖Александр Тер-Григорян - Когда улыбается Ганеш Будни и бури южноазиатского субконтинента.📖

Прочитав эту книгу, мы вместе с автором — журналистом, проработавшим в странах Южноазнатского субконтинента",52,1577
6375,https://vk.com/wall-88831040_6375,2019-05-28T18:35:47,2019,Двухтомный санскритский толковый словарь по аюрведе.,51,1160
10854,https://vk.com/wall-88831040_10854,2021-01-02T04:00:01,2021,"Книга представляет собой первое в советской индологии синхронное описание языка ведийских текстов. 
Работа базируется на богатейшем языковом материале, особенно широко представлены тексты самого древн",51,1236
13611,https://vk.com/wall-88831040_13611,2022-03-08T05:49:51,2022,"📖 Санскритско-английский словарь Вильсона 1832 📖

Второе, существенно переработанное издание первого крупного (1816) санскритского словаря в мире - такой фолиант в руке не удержать! В нем последовател",51,1881
18055,https://vk.com/wall-88831040_18055,2023-04-05T17:27:17,2023,"Почему Жарникова 👺 бредит, рассуждая про названия рек 
из Махабхараты? Полистайте Суперанскую и узрите сами. 
 
Суперанская; А.В.; Что такое топонимика?; Место издания; Москва; Издательство; Наука; Да",51,1361
11281,https://vk.com/wall-88831040_11281,2021-02-11T07:18:34,2021,"Тамаз Валерианович Гамкрелидзе (23 октября 1929 — 10 февраля 2021)

Индоевропейский язык и индоевропейцы. В 2-х томах. 
Т.В. Гамкрелидзе, В.В. Иванов. 
Эта книга будет интересна и полезна филологам, и",50,1043
17293,https://vk.com/wall-88831040_17293,2023-01-21T19:15:27,2023,Киплинг; Редиард; Сказки и легенды; Место издания; Петроград; Издательство; Сойкин; Дата издания; б. г.; Язык; Русский; Тематика; Художественная литература; Предметная рубрика; Английская детская лите,50,1115
20539,https://vk.com/wall-88831040_20539,2023-11-24T17:05:05,2023,"Садовник; Гитанджали : Полн. перевод в стихах с присоединением избр. стихотв. из других книг Тагора Издательство: Изд-ние М. и С. Сабашниковых, 1919",50,1054
24414,https://vk.com/wall-88831040_24414,2025-07-02T14:30:00,2025,"🇮🇳📖 Канаева, Н.А. Индийская философия древности и средневековья : Учебное пособие / Н.А. Канаева; РАН. Ин-т философии, Гос. ун-т гуманит. наук. - Москва, 2008. - 255 с. : таб. - Библиогр. с.240-250. -",50,1281
9767,https://vk.com/wall-88831040_9767,2020-05-27T07:00:07,2020,"О пуранах 🕉

Название: Мифологическое повествование в санскритских пуранах
Автор: Сахаров Пётр Дмитриевич
Жанр: монография
Описание: Книга посвящена пуранам, священным книгам индуизма, представляющим ",49,923
14390,https://vk.com/wall-88831040_14390,2022-05-30T18:40:56,2022,Авдеев Ф.Ф.; Азбука санскрита; Воронеж; ВГПУ; 2010; Языкознание; Учебники и пособия для вузов; Санскрит язык,49,1059
19236,https://vk.com/wall-88831040_19236,2023-07-21T06:42:40,2023,"Этимологический словарь протоиндоевропейского языка 
 
Carnoy,Albert Dictionnaire etymologique du proto-indo-europeen / Par Albert Carnoy. - Louvain, 1955. - XII, 223 p. - (Universite de Louvain. Inst",49,1716
20420,https://vk.com/wall-88831040_20420,2023-11-04T16:00:00,2023,"📖 Атхарваведа как источник по истории древнеиндийской культуры: Автореферат диссертации на соискание ученой степени кандидата филологических наук. Герасимов А.В. 1965. 📖

Герасимов; А.В.; Атхарваведа ",49,841
20476,https://vk.com/wall-88831040_20476,2023-11-15T15:08:00,2023,"📖 Dhatu-Patha: The roots of language: The foundations of the Indo-European verbal system. Hill Stephen R. 1991 📖

Hill; Stephen R.; Dhatu-Patha: The roots of language: The foundations of the Indo-Euro",49,1369
20565,https://vk.com/wall-88831040_20565,2023-11-27T12:16:39,2023,"📖 Московско-тартуская семиотическая школа: История, воспоминания, размышления. Сост. и ред. С.Ю.Неклюдова. 1998 📖

﻿Предлагаемая книга ставит своей целью описание этого яркого феномена нашей научной ж",49,1086
24529,https://vk.com/wall-88831040_24529,2025-08-10T14:30:00,2025,"🇮🇳📖 Ковалев, И.М. Судьбы индийских племен. - Москва : Наука, 1982. - 326 с. : ил. - Библиогр. в конце книги.-Экз. инв. № 1936092 деф.: с.65-96 вплетены неправильно. 
 
Предметная рубрика: История Инди",49,1796
25499,https://vk.com/wall-88831040_25499,2026-04-23T14:30:00,2026,"🇮🇳📖 Солнцева, Н.И. Русско-хинди учебный словарь : Около 12 000 слов / Н.И. Солнцева; Под ред. Йогендры Кумара. - Изд. 2-е, испр. и доп. - Москва : Русский язык, 1985. - 812 с. - Доп. тит. л. на хинди.",49,1592
14244,https://vk.com/wall-88831040_14244,2022-05-16T19:40:24,2022,"Дымшиц З.М.; Учебник языка хинди. Ч.1; Ульциферов О.Г.; Горюнов В.И.; Москва; Наука; 1969; Языкознание; Учебники и пособия для вузов; Хинди язык 
 
Дымшиц З.М.; Учебник языка хинди. Ч.2; Ульциферов О.",48,1320
20800,https://vk.com/wall-88831040_20800,2023-12-30T15:08:00,2023,"📖 Yoga philosophy of Patanjali: Cont. his yoga aphorisms with comment., of Vyasa in original Sanskrit, and annotations thereon with copious hints on the practice of yoga. Patañjali. 1963 📖

Patañjali;",48,1011
536,https://vk.com/wall-88831040_536,2015-10-16T17:53:05,2015,"Хотите доказать, что русский древней санскрита? Для начала проштудируйте Краткий санскритско-немецкий этимологический словарь М. Майрхофера - равных ему по глубине охвата нет, потом побеседуем и про а",47,0
12217,https://vk.com/wall-88831040_12217,2021-09-09T05:46:23,2021,Структурная типология языков; Место издания; Москва; Издательство; Наука; Дата издания; 1966; Язык; Русский; Тематика; Языкознание; Предметная рубрика; Лексикология,47,1450
17196,https://vk.com/wall-88831040_17196,2023-01-10T07:56:21,2023,Бируни; Абурейхан; Избранные произведения [Бируни; Абурейхан]. 2: [Индия]; Место издания; Ташкент; Дата издания; 1963; Язык; Русский; Тематика; История; Предметная рубрика; История Индии; Источник; Ос,47,1158
17300,https://vk.com/wall-88831040_17300,2023-01-22T13:44:58,2023,Snead; Stella; Ruins in jungles; Развалины древних городов; храмов и башен в джунглях Индии; Юго-Восточной Азии и Центральной Америки. Альбом с пояснительным текстом; Место издания; Издательство; Hami,47,819
23542,https://vk.com/wall-88831040_23542,2025-02-17T15:10:56,2025,"🇮🇳📖 Самозванцев,А.М. Книга мудреца Яджнавалкьи / РАН. Ин-т востоковедения. - Москва : Восточная литература, 1994. - 375 с. - Библиогр. с.360-365.- Указ. в конце кн. - ISBN 5-02-017696-6. 
 
Право • На",47,1835
941,https://vk.com/wall-88831040_941,2016-02-05T10:45:34,2016,"В сети в основном гуляет перенабранный Н.П. Лихушиной учебник Кочергиной. Скан же старого ""белого"" издания - редкость. Качество файла после сжатия (увы, надо было сразу в чернобелом режиме) не очень, ",46,0
13435,https://vk.com/wall-88831040_13435,2022-02-10T08:20:00,2022,"Sanskrit Manual: A Quick Reference Guide to Phonology and Grammar of Classical Sanskrit: Roderick S. Bucknell излюбленный справочник по спряжению (реже склонению), с ценными указателями. Включает в се",46,861
16637,https://vk.com/wall-88831040_16637,2022-11-18T07:08:00,2022,"Литературный пересказ Махабхарата знакомит читателя 
с основными героями и сюжетами всемирно известного древнеиндийского эпоса. В издание включены статья и словарь 
имен, названий и терминов.",46,708
23878,https://vk.com/wall-88831040_23878,2025-03-11T14:30:00,2025,"🇮🇳📖 Сутры философии Санкхьи: Таттва-Самаса. Крама-дипика. Санкхья-сутры. Санкхья-сутра-вритти / РАН. Ин-т философии; Издание подгот. В.К.Шохин. - Москва : Ладомир, Янус-К, 1997. - 362 с. - (Серия Ex О",46,1171
12038,https://vk.com/wall-88831040_12038,2021-07-08T06:50:52,2021,Избранные произведения: В 2 томах. Т.1: Древнеиндийская литература. Автор - Гринцер П.А.; Место издания; Москва; Издательство; Российский государственный гуманитарный университет; Дата издания; 2008; ,45,1070
17695,https://vk.com/wall-88831040_17695,2023-03-03T17:32:33,2023,Ванина; Е.Ю.; Индия: история в истории; Место издания; Москва; Издательство; Наука; Восточная литература; Дата издания; 2014; Язык; Русский; Тематика; История; Предметная рубрика; Историография • Инди,45,1130
17776,https://vk.com/wall-88831040_17776,2023-03-11T20:49:37,2023,Источниковедение истории Древнего Востока; Место издания; Москва; Издательство; Высшая школа; Дата издания; 1984; Язык; Русский; Тематика; История; Предметная рубрика; История древнего мира • Историче,45,881
18631,https://vk.com/wall-88831040_18631,2023-05-28T12:00:00,2023,"📖 Теоретические основы практической транскрипции. Суперанская А.В. 1978 📖

Монография посвящена одной из важнейших проблем прикладной лингвистики — передаче иноязычных текстов на русский язык. 
Анализ",45,1779
10168,https://vk.com/wall-88831040_10168,2020-08-05T16:50:57,2020,Книги по средне- и новоиндийским языкам (хинди),44,959
14611,https://vk.com/wall-88831040_14611,2022-06-23T20:15:38,2022,Газиева И.А.; Хинди от А до Я; Москва; Издательский центр Российского государственного гуманитарного университета; 2011; Языкознание; Учебники и пособия общего характера; Хинди язык,44,877
17839,https://vk.com/wall-88831040_17839,2023-03-16T17:00:00,2023,"В учебнике рассматриваются общие проблемы источниковедения — его. 
Цели и задачи, место в ряду других дисциплин, типы и виды источников. 
Обзор источников дается по региональному принципу: источники п",44,844
17090,https://vk.com/wall-88831040_17090,2022-12-28T15:12:38,2022,Buddhist shrines in India; Буддийские храмы в Индии; Место издания; Delhi; Издательство; The Public division Min.of information and broadcasting; Дата издания; 1956; Язык; Английский; Тематика; Искусс,43,1020
17575,https://vk.com/wall-88831040_17575,2023-02-22T07:00:00,2023,"Проблемы отражения ларингалов в ведийском языке. Герасимов И.А.

Книга И. А. Герасимова — первая в мировой науке, целиком посвященная проблемам ларингалов в древнеиндийском языке. 
 
В своих реконстру",42,1259
18144,https://vk.com/wall-88831040_18144,2023-04-14T07:00:01,2023,Böhtlingk Otto; Sanscrit-Chrestomathie; Petersburg; 1877; Литературоведение; Индийское литературоведение; История литературы; Древний период; Поэзия; Книги для чтения; Санскрит язык; Средняя школа.,42,1137
20436,https://vk.com/wall-88831040_20436,2023-11-06T11:27:29,2023,"Klein Jared S. Toward a discourse grammar of the Rigveda. Vol. 1: Coordinate conjunction. P. 2: u; áthä, átho, ádha, äd; vä; ápi. - Heidelberg : Winter, 1985. - 274 p. - (Indogermanische Bibliothek; R",42,972
20630,https://vk.com/wall-88831040_20630,2023-12-06T15:08:00,2023,"📖 Классический дакхини (южный хиндустани XVII в.). Шаматов А.Н. 1974 📖

В книге изложена история зарождения и развития языка и литературы дакхини, а также даны характеристики основных литературных пам",42,780
20986,https://vk.com/wall-88831040_20986,2024-01-29T15:06:00,2024,"📖 The dance of Śiva: Religion, art and poetry in South India. Smith David James. 1996 📖

Smith; David James; The dance of Śiva: Religion; art and poetry in South India; Место издания; Cambridge; New Y",42,1644
16441,https://vk.com/wall-88831040_16441,2022-11-04T12:00:00,2022,"Начало письменности у славян, понятие предыстории и истории славянской литературы и многое другое вы найдете в этой книге. Кто читал уже?",41,963
17163,https://vk.com/wall-88831040_17163,2023-01-07T11:44:24,2023,Гринцер; П.А.; Становление литературной теории; Место издания; Москва; Дата издания; 1996; Язык; Русский; Тематика; Литературоведение; Предметная рубрика; Общее литературоведение • Теория литературы; ,41,918
18532,https://vk.com/wall-88831040_18532,2023-05-24T12:00:00,2023,"📖 The Bhagavad Gita explained: With a literal transl. from the orig. Sanscrit. Wood Ernest. 1961 📖

Wood; Ernest; The Bhagavad Gita explained: With a literal transl. from the orig. Sanscrit; Место изд",41,1446
20508,https://vk.com/wall-88831040_20508,2023-11-20T20:17:24,2023,"📃 Iconography of minor Hindu and Buddhist deities 
 
Iconography of minor Hindu and Buddhist deities; Иконография второстепенных буддистских и индуистских божеств. Религиоведческое исследование с иллю",41,895
12484,https://vk.com/wall-88831040_12484,2021-10-29T04:40:10,2021,"Топоров, Владимир Николаевич (1928-2005.). 
Исследования по этимологии и семантике / В. Н. Топоров. - М. : Яз. славян. культуры, 2004-____ (ОАО Чебоксар. тип. ј 1). - 24 см. - (Opera etymologica. Звук",40,1023
12805,https://vk.com/wall-88831040_12805,2021-12-23T08:15:00,2021,"📔 Учебник санскрита на немецком языке от Ютты Циммерман «Санскрит - Деванагари;  Письмо из города богов».

Из предисловия:

«Два года назад сформировался круг читателей и студентов, из числа которых п",40,935
17230,https://vk.com/wall-88831040_17230,2023-01-14T11:00:00,2023,"Arthapada Sutra; Артхапада сутра. 

Комментированный древнеиндийский религиозно философский трактат; Место издания; Santiniketan; Дата издания; 1951; Язык; Английский; 

Тематика; Философия; Предметна",39,968
20958,https://vk.com/wall-88831040_20958,2024-01-25T15:06:00,2024,"📖 Бхагавадгита и Послания апостола Павла: 5 докладов, прочитанных в Кельне с 28 декабря 1912 по 1 января 1913 г. Штейнер Рудольф. 1993 📖

Предлагаемый цикл докладов был прочитан в связи с основанием 
",39,1450
449,https://vk.com/wall-88831040_449,2015-10-05T10:05:20,2015,"Кудрявский, Дмитрий Николаевич, 1867-1920
Начальный курс санскритского языка : Грамматика ; Хрестоматия ; Словарь / Д. Кудрявский // Юрьев, 1917 (Юрьев : К. Маттисен) // VI, [2], 173 lk. ; 26 cm

Отры",38,0
14517,https://vk.com/wall-88831040_14517,2022-06-11T17:04:45,2022,Friš Oldřich; Sanskrtská čítanka. 1; Praha; 1954; Языкознание; Книги для чтения; Санскрит язык,38,881
16562,https://vk.com/wall-88831040_16562,2022-11-12T12:00:00,2022,"О ФИЛОЛОГИИ И ФИЛОЛОГАХ

Этот энциклопедический словарь создан усилиями коллектива крупнейших специалистов в области языкознания, обращен он к молодым читателям, нынешним или вчерашним школьникам, про",37,1267
19758,https://vk.com/wall-88831040_19758,2023-09-01T08:08:00,2023,"📖 Архаический ритуал в фольклорных и раннелитературных памятниках. 1988 📖

Основная часть публикуемых материалов посвящена реконструкции ритуальных истоков некоторых мотивов и сюжетов в литературах др",37,1842
20653,https://vk.com/wall-88831040_20653,2023-12-10T15:08:00,2023,"📖 Recent studies in Sanskrit and Indology: Prof. Jagannath Agrawal Felicitation vol. 1982 📖

Recent studies in Sanskrit and Indology: Prof. Jagannath Agrawal Felicitation vol.; Сборник статей по санск",37,1024
22073,https://vk.com/wall-88831040_22073,2024-07-08T14:30:00,2024,"🇮🇳📖🕉Аникеев,Н.П. О материалистических традициях в индийской философии: (Древность и раннее средневековье). - Москва : Наука, 1965. - 258 с. - (АН СССР. Институт философии). - Библиогр. в конце книги. ",37,1235
11262,https://vk.com/wall-88831040_11262,2021-02-08T09:00:12,2021,Тибетско -английский словарь с санскритскими параллелями составлен по рукописным материалам Ю.Н.Рериха,36,651
13340,https://vk.com/wall-88831040_13340,2022-02-01T14:00:00,2022,"Бхартрихари в переводах Бальмонта (частично вошедшие приложением
 в наше современное издание Бхартрихари переводов Леонова)",36,761
16783,https://vk.com/wall-88831040_16783,2022-11-28T09:28:55,2022,Самая полная и современная книга о письменности в Древней Индии,36,702
18775,https://vk.com/wall-88831040_18775,2023-06-13T07:16:20,2023,"Hill,Stephen R. Dhatu-Patha: The roots of language: The foundations of the Indo-European verbal system / Stephen R. Hill & Peter G. Harrison. - London : Duckworth, 1991. - IX, 401 p. - Библиогр. с.400",36,892
9478,https://vk.com/wall-88831040_9478,2020-04-16T16:00:06,2020,"Интересует значение суффикса в санскрите? Навести справки можно в двух книгах на русском языке, в ""Грамматике ведийского языка"" Елизаренковой и в ""Санскрите"" Барроу. Зреет сводный указатель санскритск",35,727
15430,https://vk.com/wall-88831040_15430,2022-08-21T17:01:37,2022,Словарь тематический русско-хинди; Москва; T&P Books Publishing; cop.2010; Языкознание; Словари тематические; Русско-хинди,35,1130
17214,https://vk.com/wall-88831040_17214,2023-01-12T16:40:39,2023,Кудрявский; Д.Н.; Суффикс ablativi singularis в индоевропейских языках; Место издания; <нет данных>; Язык; Русский; Тематика; Языкознание; Предметная рубрика; Грамматика • Индоевропейские языки; Источ,34,831
17781,https://vk.com/wall-88831040_17781,2023-03-12T11:00:00,2023,В книге исследуется развитие исторических воззрений и исторической культуры Индии на протяжении всей ее многовековой истории. Предисловие раскрывает теоретические и методологические основы исследовани,34,867
19830,https://vk.com/wall-88831040_19830,2023-09-08T08:08:00,2023,"📖 Краткий очерк сравнительной фонетики индоевропейских языков. Фортунатов Ф.Ф. 1922. 📖

Фортунатов; Ф.Ф.; Краткий очерк сравнительной фонетики индоевропейских языков; Место издания; Петербург; Издател",34,1378
20252,https://vk.com/wall-88831040_20252,2023-10-20T11:55:08,2023,"Chandra,Lokesh Tibetan-Sanscrit dictionary. Based on a close comparative study of Sanskrit originals and Tibetan transl. of several texts. Vol.2 / By Lokesh Chandra. - New Delhi : International academ",34,871
12169,https://vk.com/wall-88831040_12169,2021-08-27T07:55:49,2021,Elementi di grammatica sanscrita. Con esercizi; crestomazia e glossario. Автор - Pizzagalli A.M.; Место издания; Milano; Издательство; Cisalpino-Goliardica; Дата издания; 1987; Язык; Итальянский; Тема,33,745
17341,https://vk.com/wall-88831040_17341,2023-01-26T06:49:39,2023,Hrdā Mánasā; Место издания; С.-Петербург; Издательство; Наука; Дата издания; 2005; Язык; Русский; Тематика; Языкознание; Предметная рубрика; Сравнительно-историческое языкознание • Сборники статей; Ис,33,700
17406,https://vk.com/wall-88831040_17406,2023-02-05T18:05:23,2023,Александру Моисеевичу Пятигорскому к шестидесятилетию; Место издания; Wien; Издательство; Gesellschaft zur Forderung slawistischer Studien; Дата издания; [Cop.] 1989; Язык; Немецкий; Русский; Тематика,33,831
18878,https://vk.com/wall-88831040_18878,2023-06-19T20:59:30,2023,"Gonda,Jan The Savayajnas. (Kausikasutra 60-68. Transl. introd., commentary) / By J. Gonda. - Amsterdam : Noord-Hollandsche uitgevers maatschappij, 1965. - 461 p. - (Verhandelingen der Koninklijke Nede",33,1469
13014,https://vk.com/wall-88831040_13014,2022-01-12T05:30:00,2022,"📘 О САНСКРИТСКО-РУССКОМ СЛОВАРЕ В. А. КОЧЕРГИНОЙ

«Санскритско-русский словарь» В. А. Кочергиной даёт русскому 
читателю при относительно небольшом объёме словника (следует отметить, что этот словник ",32,1134
14229,https://vk.com/wall-88831040_14229,2022-05-14T16:35:22,2022,Солнцева Н.И.; Русско-хинди учебный словарь; Москва; Русский язык; 1985; Языкознание; Словари учебные; Русско-хинди,32,942
18378,https://vk.com/wall-88831040_18378,2023-05-12T12:00:00,2023,"Buddhists in the USSR. Bazarov Baatr Dorj. 1975

Место издания; New Delhi; Издательство; Soviet land booklets; Дата издания; 1975; Язык; Английский; Тематика; Религия; Предметная рубрика; История СССР",32,937
19332,https://vk.com/wall-88831040_19332,2023-07-30T10:00:00,2023,"📖 Studies in Buddhist iconography. Bhattacharyya Dipak Chandra. 1978 📖

Bhattacharyya; Dipak Chandra; Studies in Buddhist iconography; Место издания; New Delhi; Издательство; Manohar; Дата издания; 19",32,1297
19136,https://vk.com/wall-88831040_19136,2023-07-13T12:00:00,2023,"📖 Д,Д. Тумаркин - Репрессироанные этнографы. Выпуск 1 📖

В книге рассказывается о 12 репрессированных этнографах, внесших значительный вклад в отечественную науку. Из небытия возвращены не-заслуженно ",31,1352
25532,https://vk.com/wall-88831040_25532,2026-04-27T14:30:00,2026,"🇮🇳📖 Хинди-русский и русско-хинди общеэкономический и внешнеторговый словарь / Сост. : О.Г. Ульциферов и Б.И. Шуршалин; Под ред. А.И. Медового. - Москва : Советская энциклопедия, 1974. - 664 с. - Доп. ",31,1145
671,https://vk.com/wall-88831040_671,2015-11-01T19:26:32,2015,"Кнауэр Ф. И. Учебник санскритского языка. Лейпциг, 1908 . Включающая обычные выборки, достаточно полная хрестоматия и небольшой словарь на порядка 100 стр. обеспечивает все потребности обычного универ",30,0
10921,https://vk.com/wall-88831040_10921,2021-01-07T14:00:01,2021,"""Не смея что-либо сказать в пользу своего учебника, составленного в чёрные годы для светлого будущего в надежде на признание читателя, что без санскрита нет спасения для сравнительного изучения индоев",30,719
16498,https://vk.com/wall-88831040_16498,2022-11-08T07:08:00,2022,"Рамаяна: по мотивам эпоса о Валмики. Майнк Вилли

Das Ramayana: Nach dem Epos des Valmiki. Meinck Willi

Книга представлена на немецком языке",30,945
18160,https://vk.com/wall-88831040_18160,2023-04-16T13:58:25,2023,"Mylius,Klaus Geschichte der Literatur im Alten Indien. - Leipzig, 1983. - 526 S. - (Reclams Universal-Bibliothek; Bd.1021). - Указ. с.493-524. 
 
Mylius; Klaus; Geschichte der Literatur im Alten Indie",30,940
18197,https://vk.com/wall-88831040_18197,2023-04-23T12:00:00,2023,"Индоевропейское языкознание и классическая филология - III: Материалы чтений, посвященных памяти профессора Иосифа Моисеевича Тронского, 14-16 июня 1999г.

Место издания; С.-Петербург; Издательство; Н",30,916
20356,https://vk.com/wall-88831040_20356,2023-10-28T07:00:00,2023,"📖 Letter design in the graphic arts. Leach Mortimer. 1960 📖

Leach; Mortimer; Letter design in the graphic arts; Место издания; New York; Издательство; Reinhold; Дата издания; cop. 1960; Язык; Английс",30,690
20756,https://vk.com/wall-88831040_20756,2023-12-25T06:00:01,2023,"📖 Iconography of Sadasiva. Sharma Brijendra Nath. 1976 📖

Gaston; Anne-Marie; Siva in dance myth and iconography; Скульптурные изображения бога Шивы в виде многорукого Натараджана - бога танца. Исслед",30,819
18840,https://vk.com/wall-88831040_18840,2023-06-18T12:00:00,2023,"📖 Русско-индийские отношения в 1900-1917 гг.: Сборник архивных документов и материалов. 1999. 📖

Архивные документы и материалы, опубликованные в сборнике, дают представление о широком спектре связей ",29,937
20919,https://vk.com/wall-88831040_20919,2024-01-18T15:05:00,2024,"📖 Insights into Hinduism. Dandekar Ramchandra Narayan. 1979 📖

Dandekar; Ramchandra Narayan; Insights into Hinduism; Место издания; Delhi; Издательство; Ajanta; Дата издания; 1979; Язык; Английский; Т",29,1127
23689,https://vk.com/wall-88831040_23689,2025-02-24T06:24:37,2025,"📋 УЧЕБНАЯ ПРОГРАММА РУДН ПО ЙОГЕ ПАРИБКА 
 
«Индийская философия. Традиции йоги. Концептуальные основания и методология работы над собой». Учебно-методическо6е пособие по спецкурсу в рамках программы ",29,971
11109,https://vk.com/wall-88831040_11109,2021-01-21T18:50:10,2021,"Eye and Gaze in the Veda. Магическое действие взгляда и ""дурного глаза"" по древнеиндийским поверьям; отраженным в текстах вед. Автор - Gonda Jan; Место издания; Amsterdam; London; Издательство; North-",28,700
16366,https://vk.com/wall-88831040_16366,2022-10-29T18:53:33,2022,"Представляем одну из трех книг на русском языке, достойных внимания ученой публики. 5 ноября 2022 г. в 15:00 вводное занятие в Zoom-е, а 12 ноября первое из 12 занятий по древнеиндийской поэтике. Ссыл",28,651
17350,https://vk.com/wall-88831040_17350,2023-01-27T18:39:14,2023,"🐫 Классификация индийских сказочных сюжетов 🐘

Bodker; Laurits; Indian animal tales. A preliminary survey; Индийский животный эпос. Индекс сказок; Место издания; Helsinki; Wiesbaden; Издательство; Har",28,783
17361,https://vk.com/wall-88831040_17361,2023-01-30T20:43:16,2023,Mahadevan; T.M.P.; Invitation to Indian philosophy; Введение в индийскую философию. Общая характеристика индийской философско-религиозной мысли. Веды; Упанишады; Бхагавадгита индийский материализм; дж,28,874
20067,https://vk.com/wall-88831040_20067,2023-09-26T11:00:02,2023,"📖 La valeur du parfait dans les hymnes vediques. Renou Louis. 1925 📖

Renou; Louis; La valeur du parfait dans les hymnes vediques; Место издания; Paris; Издательство; Champion; Дата издания; 1925; Язы",28,659
20101,https://vk.com/wall-88831040_20101,2023-09-29T07:08:00,2023,"📖 Мифология. Ланг Э. 1901. 📖

Ланг; Э.; Мифология; Место издания; Москва; Издательство; Линд; Дата издания; 1901; Язык; Русский; Тематика; Религия; Предметная рубрика; Религии мира • История; Источник",28,740
23335,https://vk.com/wall-88831040_23335,2025-01-20T14:30:00,2025,"🇮🇳📖 Баранников,А.П. Хиндустани (хинди и урду): Грамматический очерк: Учебник для гос. ун-тов / Под общ. ред. М. Н. Сотникова. - Москва : Издательство литературы на иностранных языках, 1956. - 239 с. 
",28,890
16223,https://vk.com/wall-88831040_16223,2022-10-18T08:23:43,2022,"18 октября исполняется 90 лет Игорю Александровичу Мельчуку. 
«Курс общей морфологии» Мельчук - настольная книга лингвиста",27,778
16751,https://vk.com/wall-88831040_16751,2022-11-24T21:32:55,2022,"Klein Jared S.; Toward a discourse grammar of the Rigveda. Vol. 1: Coordinate conjunction. P. 1: Introduction; ca; utá; Исследование текста Ригведы (первой книги Вед; имеющей название ""Книга гимнов"") ",27,666
17865,https://vk.com/wall-88831040_17865,2023-03-18T15:41:41,2023,"Двухтомник Хонды по религиям Ындии 
 
Die Religionen Indiens. 1: Veda und alterer Hinduismus; Религия Индии. Т. 1. Ведическая религия и древнейший период индуизма; Место издания; Stuttgart; Издательст",27,1171
19578,https://vk.com/wall-88831040_19578,2023-08-12T11:00:00,2023,"📖 La civilisation de l'Inde ancienne d'apres les textes sanskrits. Renou Louis. 1950 📖

Renou; Louis; La civilisation de l'Inde ancienne d'apres les textes sanskrits [1950]; Место издания; Paris; Изда",27,901
24628,https://vk.com/wall-88831040_24628,2025-08-31T14:30:00,2025,"Институт восточных языков.Москва.Кафедра индийской филологии Учебные материалы на тамильском языке. - Москва : Издательство Московского университета, 1967. - 136 с., илл. 
 
Предметная рубрика Книги д",27,1084
5314,https://vk.com/wall-88831040_5314,2019-03-18T09:20:39,2019,Начинаем выкладывать серию сканов англоязычных книг (и не только) на тему кашмирского шиваизма. Или не стоит?,26,685
17248,https://vk.com/wall-88831040_17248,2023-01-15T16:09:00,2023,"Трехтомник по ведийской вариативности 💬

Bloomfield; Maurice; Vedic variants: A study of the variant readings in the repeated mantras of the Veda. Vol. 1: The verb; Другой автор; Edgerton; Franklin; E",26,1073
17258,https://vk.com/wall-88831040_17258,2023-01-17T11:09:00,2023,Кудрявский; Д.Н.; Славянская конструкция отрицательного глагола с родительным падежом и родственные явления других индоевропейских языков; Место издания; <нет данных>; Язык; Русский; Тематика; Языкозн,26,651
19119,https://vk.com/wall-88831040_19119,2023-07-12T12:00:00,2023,"📖Энциклопедический словарь Русского библиографического института Гранат. Т. 21: Звук - Индия. 1913📖

Энциклопедический словарь Русского библиографического института Гранат. Т. 21: Звук - Индия; Место ",26,851
19872,https://vk.com/wall-88831040_19872,2023-09-12T08:08:00,2023,"📔 БУДДИЙСКИЙ КИТАЙСКО-САНСКИТСКИЙ ГЛОССАРИЙ 📔

Harlez; Charles de; Vocabulaire bouddhique sanscrit-chinois: Precis de doctrine bouddhique; Место издания; Leiden; Издательство; Brill; Дата издания; 189",26,992
25334,https://vk.com/wall-88831040_25334,2026-03-10T14:30:00,2026,"🇮🇳📖 Bühler,Georg Indian paleography / By G. Buhler. - Reprint.-Plates & transliteration tabes 17. l Notes on preparation of plates Xp. - Calcutta : Mukhopadhyay, 1962. - VIII, 152 p. - (Indian studies",26,1289
10713,https://vk.com/wall-88831040_10713,2020-12-14T07:13:30,2020,"редкая книга 📓: 
Сто восемь буддийских икон из собрания Института восточных рукописей РАН / Авторы составители: А. В. Зорин, М. Б. Иохвин, Л. И. Крякина. Под общей редакцией А. В. Зорина. Научный конс",25,594
11049,https://vk.com/wall-88831040_11049,2021-01-13T12:32:00,2021,Первое в отечественной литературе исследование основных проблем жизни и творческого наследия великого поэта средневековой Индии. Произведения Кабира запечатлели ожесточенную работу идей в феодальной И,25,548
14029,https://vk.com/wall-88831040_14029,2022-05-02T15:30:00,2022,"Алексеев В.М.; Труды по китайской литературе: В 2. книгах. Кн.1; Москва; Восточная литература РАН; 2002; Литературоведение; Китайское литературоведение; История литературы 
 
Алексеев В.М.; Труды по к",25,838
14508,https://vk.com/wall-88831040_14508,2022-06-10T22:38:25,2022,Дымшиц З.М.; Русско-хинди учебный словарь: 5000 слов [1981]; Москва; Русский язык; 1981; Языкознание; Словари учебные; Русско-хинди,25,568
18191,https://vk.com/wall-88831040_18191,2023-04-22T12:00:00,2023,"A new history of Sanskrit literature. Chaitanya Krishna.

Chaitanya; Krishna; A new history of Sanskrit literature; История санскритской литературы; Место издания; Bombay [a.o.]; Издательство; Asia; Д",25,644
18739,https://vk.com/wall-88831040_18739,2023-06-09T09:30:30,2023,"📖 Le Gitalamkara: L'ouvrage original de Bharata sur la musique. 1959 📖

Le Gitalamkara: L'ouvrage original de Bharata sur la musique; Публикация древнеиндийского трактата о музыке ""Гиталанкара""; с пар",25,1065
1394,https://vk.com/wall-88831040_1394,2016-09-11T19:17:28,2016,"Оцифровка Санскритско-русского словаря Кочергиной, 2-е изд., 2007 г.",24,0
11203,https://vk.com/wall-88831040_11203,2021-02-01T10:05:00,2021,Классика : Учебник Бюллера и Кнауэра,24,520
17029,https://vk.com/wall-88831040_17029,2022-12-22T11:40:46,2022,Suvarnäprabhäsottama-Sütra: Das Goldglanz-Sütra: Ein Sanskrittext des Mahäyäna-Buddhismus: I-tsing's chinesische Version und ihre tibetische Übersetzung. Bd. 1: I-tsing's chinesische Version; Место из,24,662
17567,https://vk.com/wall-88831040_17567,2023-02-20T20:42:59,2023,Pusalker; A.D.; Studies in the epics and Puranas; Древнеиндийские эпические поэмы и пураны; Место издания; Bombay; Издательство; Bharatiya vidya bhavan; Дата издания; 1955; Язык; Английский; Тематика;,24,591
17611,https://vk.com/wall-88831040_17611,2023-02-24T06:13:12,2023,Neumann; Gunter; Ausgewahlte kleine Schriften [Neumann; Gunter]; Иллюстрированная история шрифтов со времени возникновения рукописной книги до современных форм печати; Место издания; Innsbruck; Издате,24,806
17680,https://vk.com/wall-88831040_17680,2023-03-01T18:21:50,2023,Klaus; Konrad; Die altindische Kosmologie: Nach den Brahmanas dargestellt; Место издания; Bonn; Издательство; Indica et Tibetica; Дата издания; 1986; Язык; Немецкий; Тематика; Религия; Предметная рубр,24,511
18664,https://vk.com/wall-88831040_18664,2023-06-01T12:00:00,2023,"📖Ancient indian theatre: (An interpretation of Bharata's second Adhyaya).📖

Mankad; D.R.; Ancient indian theatre: (An interpretation of Bharata's second Adhyaya); Древнеиндийский театр; Место издания;",24,749
18802,https://vk.com/wall-88831040_18802,2023-06-16T14:14:03,2023,"Ghosh,Manomohan The Natyasastra: Ascribed to Bharata-Muni. Vol. 1: (Chapters 1-XXVII) / Ed. with an introd. and various readings. - Calcutta : Manisha Granthalaya, 1967. - LXXXII, 238 p. - Предисл. на",24,896
18912,https://vk.com/wall-88831040_18912,2023-06-23T10:41:22,2023,"Chaudhuri,Jatindra Bimal Khan Khanan Abdur Rahim (1557 A. D. - 1630 A. D.) and contemporary Sanskrti learning (1551-1650 A. D.). - Calcutta, 1954. - VIII, 173, 8 p. - (Pracyavani. Contributions of mus",24,959
20303,https://vk.com/wall-88831040_20303,2023-10-23T16:22:00,2023,"Renou,Louis Grammaire sanscrite elementaire. - Paris : Adrien, Maisonneuve, 1946. - 109 p. 
 
Учебники и пособия по грамматике • Санскрит язык • Средняя школа",24,675
23950,https://vk.com/wall-88831040_23950,2025-03-20T14:30:00,2025,"Рамаяна. Древнеиндийский эпос / лит. излож. В.Г. Эрмана и Э.Н. Темкина; [Академия наук СССР, Институт народов Азии]. - Москва : Наука. Главная редакция восточной литературы, 1965. - 446 с. - Экз. инв.",24,854
12057,https://vk.com/wall-88831040_12057,2021-07-13T06:08:31,2021,Aspects of early Visnuism [1954]. Зарождение и развитие культа бога Вишну в Индия. Автор - Gonda Jan; Место издания; Utrecht; Издательство; Oosthoek; Дата издания; 1954; Язык; Английский; Тематика; Ре,23,779
12174,https://vk.com/wall-88831040_12174,2021-08-28T07:37:30,2021,"Иранская ономастика (на немецком языке)

Iranisches Personennamenbuch. Bd. VII/1A; Место издания; Wien; Издательство; Verlag der Österreichischen Akademie der Wissenschaften; Дата издания; 2009; Язык;",23,683
13602,https://vk.com/wall-88831040_13602,2022-03-05T18:06:05,2022,"Некоторые материалы по тибетологии из фонда Б.И. Панкратова в АВ ИВР РАН. Часть 2. Материалы к изданию трудов А.И. Вострикова и Ф.И. Щербатского 
А.В. Зорин, Институт восточных рукописей РАН",23,656
17471,https://vk.com/wall-88831040_17471,2023-02-12T04:17:00,2023,"Chakladar; H.C.; Social life in ancient India. A study in Vatsyayana's Kamasutra; Общественная жизнь в древней Индии. Исследование древнеиндийского трактата ""Камасутра"" Ватсьяяны; Место издания; Calcu",23,825
18171,https://vk.com/wall-88831040_18171,2023-04-19T12:00:02,2023,"Literatures in modern Indian languages. A series of broadcasts from All India radlo.

Литература на индийских языках со времен средневековья до наших дней. Серия радиопередач; организованных "" All Ind",23,762
22598,https://vk.com/wall-88831040_22598,2024-09-26T14:00:01,2024,"🇮🇳📖 Apte,Vaman Shivram The student's English-Sanskrit dictionary / By Vaman Shivram Apte. - Repr. with corr. from 1. ed. - Bombay : Sagoon, 1893. - 462 p. 
 
Предметная рубрика Словари двуязычные • Ан",23,732
25754,https://vk.com/wall-88831040_25754,2026-07-22T14:30:00,2026,"🇮🇳📖 Кальянова, Т.П. Ориентализм и Британская Индия: литература, идеология, политика : Учебное пособие / Т.П. Кальянова; М-во образования и науки РФ, Федер. гос. бюджет. образоват. учреждение высш. про",23,832
10771,https://vk.com/wall-88831040_10771,2020-12-24T08:00:01,2020,"📒 Словарь Sabda-kalpadruma 📒

Санскритско-санскритский толковый словарь Шабдакальпадрума.
Всего многотомных толковых словаря два: сперва вышла Ш. бенгальским письмом, после Вачаспатьи и 2-е издание Ш.",22,490
11250,https://vk.com/wall-88831040_11250,2021-02-06T12:12:56,2021,Интересная книга о санскрите на английском,22,530
22239,https://vk.com/wall-88831040_22239,2024-08-05T13:00:01,2024,"🇮🇳📖 Bohtlingk,Otto Otto Bohtlingk's Sanskrit-Chrestomathie. - 3. verb. und. verm. Aufl. hrsg. von Richard Carbe. - Leipzig : Haessel, 1909. - VI, [L], 416 S. 
 
Предметная рубрика Индийское литературо",22,737
24964,https://vk.com/wall-88831040_24964,2025-12-01T14:30:00,2025,"🇮🇳📖 Рамаяна в Монголии / Издание текстов, перевод, исследование Ц. Дамдинсурэна.

- Москва : Наука, 1979. - 215 с., 15 л., факс. - В надзаг.: АН СССР. Ин-т востоковедения. АН МНР. Ин-т языка и литерат",22,1253
6719,https://vk.com/wall-88831040_6719,2019-06-18T20:37:32,2019,Корне-кустовой словарь русского языка,21,556
10378,https://vk.com/wall-88831040_10378,2020-09-27T07:54:00,2020,"ЯКОБ ГРИММ. ГЕРМАНСКАЯ МИФОЛОГИЯ. Том I - III. М.: ЯСК, 2019 
«Германская мифология» — фундаментальное исследование, посвященное историческому мировоззрению континентальных германцев и принадлежащее п",21,768
11216,https://vk.com/wall-88831040_11216,2021-02-03T07:00:03,2021,"Сварог в связи с санскритом

Сварог — древнеславянское мифологическое божество неба, отец солнца и огня. Ипатьевская летопись сближает его с Гефестом; по древним сказаниям Сварог, с появлением солнца ",21,661
16905,https://vk.com/wall-88831040_16905,2022-12-09T09:12:18,2022,Vaitâna Sûtra: Das Ritual des Atharvaveda; Место издания; Strassburg; Издательство; Trübner; Дата издания; 1878; Язык; Немецкий; Тематика; Литературоведение; Предметная рубрика; Индийское литературове,21,533
17277,https://vk.com/wall-88831040_17277,2023-01-20T06:41:07,2023,Deussen; Paul; Die Sutra's des Vedanta oder die Cariraka-mimansa des Badarayana nebst' dem vollstandigen Commentare des Cankara; Место издания; Leipzig; Издательство; Brockhaus; Дата издания; 1887; Яз,21,567
19302,https://vk.com/wall-88831040_19302,2023-07-28T10:00:00,2023,"📖 Arabic for designers. Boutros Mourad. 2017 📖

Boutros; Mourad; Arabic for designers; Место издания; London; Издательство; Thames & Hudson; Дата издания; 2017; Язык; Английский; Тематика; Культура; П",21,1025
20128,https://vk.com/wall-88831040_20128,2023-10-02T07:00:00,2023,"📖 Musikgeschichte in Bildern. Bd. 1: Musikethnologie. Lfg. 4: Sudasien: Die ind. Musik und ihre Traditionen. Danielou Alain. 1878 📖

Danielou; Alain; Musikgeschichte in Bildern. Bd. 1: Musikethnologie",21,721
20242,https://vk.com/wall-88831040_20242,2023-10-18T16:00:00,2023,"📖 L' Inde classique: Manuel des etudes indiennnes. T. 1: Avec le concours de Pierre Meile [e. a.]. Renou Louis. 1949 📖

Renou; Louis; L' Inde classique: Manuel des etudes indiennnes. T. 1: Avec le con",21,611
24163,https://vk.com/wall-88831040_24163,2025-05-02T14:30:00,2025,"🇮🇳📖 Кедайтене, Е.И. Учебный русско-тамильский словарь : 2 100 слов. - Москва : Русский язык, 1987. - 256 с. : ил. - Парал. тит. л. на тамил. яз.: Е. И. Кедайтене и др. Рушья-тамил арамба акарати. 
 
П",21,910
17422,https://vk.com/wall-88831040_17422,2023-02-08T05:27:33,2023,Schlingloff; Dieter; Die altindische Stadt: Eine vergleichende Untersuchung; Некоторые проблемы изучения социальной истории древнеиндийских городов; Место издания; Wiesbaden; Издательство; Steiner; Да,20,522
17795,https://vk.com/wall-88831040_17795,2023-03-13T22:12:41,2023,Ghosh; Manomohan; Contributions to the history of the Hindu drama. Its origin; development and diffusion; Древнеиндийская драма: ее возникновение и развитие; распространение в других странах Азии; Мес,20,478
19204,https://vk.com/wall-88831040_19204,2023-07-19T12:00:00,2023,"📖 Д,Д. Тумаркин - Репрессироанные этнографы. Выпуск 2 📖

Во втором выпуске «Репрессированных этнографов» (вып. I — 1999 г., повторное издание — 2002 г.) рассказывается еще о 17 репрессированных этногр",20,1068
20164,https://vk.com/wall-88831040_20164,2023-10-06T07:00:00,2023,"📖 Новейшее и подробное землеописание Европы, Азии, Африки, Америки и Южной Индии в нынешнем каждаго государства состоянии. 
Ч. 1.Гаспари Адам Христиан. 1810. 📖

Гаспари; Адам Христиан (1752-1830); Нов",20,733
24472,https://vk.com/wall-88831040_24472,2025-07-24T14:30:00,2025,"🇮🇳📖 Русско-тамильский словарь : Около 25 000 слов / Сост. : М. С. Андронов, А. Ш. Ибрагимов, Н. Н. Юганова; Под ред. П. Сомасундарама; С прил. краткого очерка грамматики рус. яз., М. С. Андронова. - 2",20,808
24932,https://vk.com/wall-88831040_24932,2025-11-17T14:30:00,2025,"🇮🇳📖 Андронов, М.С. Сравнительная грамматика дравидийских языков. - Москва: Наука, 1978. - 463 с.: табл., карт. - В надзаг.: АН СССР. Ин-т востоковедения.- Библиогр. в конце книги.

Предметная рубрика:",20,875
25147,https://vk.com/wall-88831040_25147,2026-01-11T14:30:00,2026,"🇮🇳📖 Щетенко,А.Я. Первобытный Индостан / Под ред. В. М. Массона. - Ленинград : Наука, 1979. - 272 с., илл., 1 л. карт. - На шмуцтит.: АН СССР. Ин-т археологии.- Рез. на англ. яз.- Бибилогр. с.236-245.-",20,1120
25271,https://vk.com/wall-88831040_25271,2026-02-18T14:30:00,2026,"🇮🇳📖 Muller,Max Sanskrit-Grammatik in Devanagari und lateinischen Buchstaben / Aus dem Englischen übers. von F. Kielhorn u. G. Oppert. - Leipzig : Engelmann, 1868. - XXI, 441 S.

🇮🇳📖 Kellner,Hermann Ca",20,1190
4514,https://vk.com/wall-88831040_4514,2018-12-25T05:55:24,2018,"Ученикам-буддистам посвящается, книга Гонды",19,486
11190,https://vk.com/wall-88831040_11190,2021-01-30T15:15:00,2021,"Французский четырехтомный перевод Панини (Луи Рену)

La grammaire de Pänini. Fasc. 1: (Adhyãya 1; 2 et 3); Место издания; Paris; Издательство; Klincksieck; Дата издания; 1947; Язык; Французский; Темат",19,815
11294,https://vk.com/wall-88831040_11294,2021-02-13T10:05:00,2021,Книга выдающегося французского индолога Луи Рену на французском. Словарь Ригведы.,19,520
11319,https://vk.com/wall-88831040_11319,2021-02-16T08:00:02,2021,"Тюлина Е. В. «Гаруда-пурана». Человек и мир. / Пер. с санскрита, исслед., коммент. Е. В. Тюлина. — М.: Вост. лит., 2003. — 278 с. 
 
Издание состоит из двух взаимосвязанных частей. Первая из них — нау",19,338
12045,https://vk.com/wall-88831040_12045,2021-07-11T06:35:18,2021,Prayer and blessing: Ancient Indian ritual terminology. Рассмотрение брахманистского культа (обрядов; ритуалов; различных видов молитв); его основных понятий и связи с другими аспектами данной религии,19,474
12211,https://vk.com/wall-88831040_12211,2021-09-08T14:17:55,2021,Топонимика Востока; Место издания; Москва; Издательство; Наука; Дата издания; 1969; Язык; Русский; Тематика; Языкознание; Предметная рубрика; Топонимика,19,533
12688,https://vk.com/wall-88831040_12688,2021-12-10T18:26:43,2021,"Ономастика и грамматика 
Место издания: Москва 
Издательство: Наука 
Дата издания: 1981 
Язык: Русский 
Тематика: Языкознание 
Предметная рубрика: Грамматика • Русский язык • 
Лексикология • Русский я",19,731
13310,https://vk.com/wall-88831040_13310,2022-01-30T18:58:56,2022,Burnouf Emile; Dictionnaire classique sanscrit-français où sont coordonnés; revisés et complétés les Travaux de Wilson; Bopp; Westergaàrd; Johnson; etc..; Paris; Maisonneuve; 1866; Языкознание; Словар,19,569
16951,https://vk.com/wall-88831040_16951,2022-12-14T20:50:38,2022,Sawhney; Simona; The modernity of Sanskrit; Место издания; Minneapolis; London; Издательство; University of Minnesota press; Дата издания; cop.2009; Язык; Английский; Тематика; Литературоведение; Пред,19,561
21033,https://vk.com/wall-88831040_21033,2024-02-07T11:52:20,2024,"🐞 РАЗРАБОТКА САНСКРИТСКИХ ЦИФРОВЫХ СЛОВАРЕЙ В КЕЛЬНЕ

Встречаемся в Вене (Австрия) в понедельник (12.2.2024), в 14:00. На обеденной лекции М.Ю. Гасунс расскажет про положение дел в Кельне в области са",19,738
25197,https://vk.com/wall-88831040_25197,2026-01-27T14:30:00,2026,"🤴 Это издание посвящено указаниям царя Ашоки (Индия, 273–232 до н. э.). Работа отличается тщательным переводом и интерпретацией этих указов, в которых, по мнению автора, содержится универсальное посла",19,1256
25220,https://vk.com/wall-88831040_25220,2026-02-04T14:30:00,2026,"🇮🇳📖 Tagare,Ganesh Vasudev Historical grammar of Apabhramśa / By Ganesh Vasudev Tagare. - Poona, 1948. - XVI, 454 p. - (Deccan college dissertation ser; 5).

🤖 Книга индийского ученого Ganesh Vasudev T",19,1193
468,https://vk.com/wall-88831040_468,2015-10-08T15:41:41,2015,"В.А.Кочергина. Учебник санскрита. 
Учебник для первого года обучения, разбит на файлы по главам.

http://www.ozon.ru/context/detail/id/31115883/ издание 
2015 слегка отличается, в том числе - номера с",18,0
10346,https://vk.com/wall-88831040_10346,2020-09-17T15:39:00,2020,Критическое издание законов Ману,18,547
11626,https://vk.com/wall-88831040_11626,2021-04-03T09:07:01,2021,The ritual functions and significance of grasses in the religion of the Veda. Ритуальные функции и символическое значение трав и других растений в ведической религии и брахманизме по данным древнеинди,18,588
18237,https://vk.com/wall-88831040_18237,2023-04-26T15:00:01,2023,"Matilal,Bimal Krishna The Navya-nyaya doctrine of negation:The semantics and ontology of negative statements in Navya-nyaya philosophy. - Cambridge (Mass.), 1968. - XI,208 p. - (Harvard oriental serie",18,578
18950,https://vk.com/wall-88831040_18950,2023-06-28T12:00:00,2023,"📖 Epic narratives in the Hoysala temples: The Ramayana, Mahabharata and Bhagavata Purana in Halebid, Belur, and Amrtapura. Evans Kirsti. 1997 📖

Evans; Kirsti; Epic narratives in the Hoysala temples: ",18,793
20853,https://vk.com/wall-88831040_20853,2024-01-08T15:03:52,2024,"📖 Mensuration in ancient India. 📖 

Srinivasan; Saradha; Mensuration in ancient India; Место издания; Delhi; Издательство; Ajanta; Дата издания; 1979; Язык; Английский; Тематика; История; Предметная р",18,775
4984,https://vk.com/wall-88831040_4984,2019-02-22T15:32:07,2019,Лихушина Н.П. Санскритско-русский учебный словарь,17,362
10102,https://vk.com/wall-88831040_10102,2020-07-24T11:46:07,2020,Словарь по Панини (часть),17,571
11549,https://vk.com/wall-88831040_11549,2021-03-22T16:47:45,2021,Англо-санскритский словарь 1971,17,393
11624,https://vk.com/wall-88831040_11624,2021-04-02T12:13:02,2021,The Jagannatha temple at Puri and its deities: Acad. proefschrift; История создания; архитектурные особенности и скульптура индийского храма Джаганнатха; находящегося в городе Пури в штате Орисса; Мес,17,520
11727,https://vk.com/wall-88831040_11727,2021-04-22T19:33:57,2021,Epithets in the Rgveda. Эпитеты в языке Ригведы. Исследование. Автор - Gonda Jan; Место издания; 's-Gravenhage; Издательство; Mouton; Дата издания; 1959; Язык; Английский; Тематика; Литературоведение;,17,431
11744,https://vk.com/wall-88831040_11744,2021-04-28T09:10:00,2021,Словарь Макдонела,17,331
12165,https://vk.com/wall-88831040_12165,2021-08-26T07:39:31,2021,Hymns of the Rgveda not employed in the solemn ritual. Текстологический анализ некоторых гимнов Ригведы; не связанных с ритуальными церемониями. Автор - Gonda Jan; Место издания; Amsterdam [a.o.]; Изд,17,545
16260,https://vk.com/wall-88831040_16260,2022-10-21T19:17:01,2022,Бартольд В.В.; Работы по исторической географии; Москва; Восточная литература РАН; 2002; История; История Средней Азии; История отдельных местностей и городов; Справочные издания,17,590
16836,https://vk.com/wall-88831040_16836,2022-12-01T14:06:35,2022,"Rocher; Rosane; La theorie des voix du verbe dans lecole panineenne: (Le 14-e ahnika); Система залога в языке санскрит. Изложение и анализ грамматики Панини (""Аштадхьян"") и трудов его последователей и",17,614
17545,https://vk.com/wall-88831040_17545,2023-02-17T05:53:25,2023,Monier-Williams; Monier; A dictionary English and Sanscrit; Англо-санскритский словарь; Место издания; Delhi /a.o./; Издательство; Motilal Banarsidass; Дата издания; 1964; Язык; Английский; Тематика; ,17,465
19512,https://vk.com/wall-88831040_19512,2023-08-06T10:00:00,2023,"📖 Dictionnaire etymologique du proto-indo-europeen. Carnoy Albert. 1955 📖

Carnoy; Albert; Dictionnaire etymologique du proto-indo-europeen; Этимологический словарь протоиндоевропейского языка; Место ",17,790
20188,https://vk.com/wall-88831040_20188,2023-10-10T07:00:00,2023,"📖 Sanskrit-Worterbuch in kurzerer Fassung. T. 1: Die Vocale. Bohtlingk Otto. 1879. 📖

Bohtlingk; Otto; Sanskrit-Worterbuch in kurzerer Fassung. T. 1: Die Vocale; Место издания; St.-Petersburg; Издател",17,691
24185,https://vk.com/wall-88831040_24185,2025-05-08T14:30:00,2025,"🇮🇳📖 Седловская,А.Н. Малые народы Бихара: Ист.-этнограф. очерк. - Москва : Наука, 1976. - 125 с. : ил. - (АН СССР. Институт этнографии им. Н. Н. Миклухо-Маклая). - Библиогр. в конце книги. 
 
Предметна",17,590
24822,https://vk.com/wall-88831040_24822,2025-10-17T15:00:01,2025,"🇮🇳📖 Ягелло,И.Д. Индустани-русский словарь. - С.-Петербург : Военно-ученый комитет Главного штаба, 1902. - 219, [1] с. 
 
Предметная рубрика Словари двуязычные • Хинди-русские 🕉 
 
#bookzealots",17,589
24956,https://vk.com/wall-88831040_24956,2025-11-26T14:30:00,2025,"🇮🇳📖 Щербатской, Ф.И. Теория познания и логика по учению позднейших буддистов. Ч.1. Учебник логики Дармакирти с толкованием на него Дармоттары / Ф.И. Щербатской. - С.-Петербург : Типо-литография Героль",17,765
25696,https://vk.com/wall-88831040_25696,2026-07-01T15:30:00,2026,"🇮🇳📖 Hemakandra Hemakandra's Abhidhànakintämant, ein systematisch amgeordnetes synonymisches Lexicon / Hrsg., übers. und mit Anmerkungen begleiten von Otto Boehtlingk und Charles Rieu. - St.Petersburg ",17,917
483,https://vk.com/wall-88831040_483,2015-10-10T19:59:37,2015,"R. Antoine's Sanskrit Manual - нетленный учебник санскрита на английском языке, на который ссылается В.А. Кочергина в своих библиографиях и который мне рекомендовала Т.Я. Елизаренкова.",16,0
9732,https://vk.com/wall-88831040_9732,2020-05-20T10:11:00,2020,Словарь йогических терминов (на английском языке),16,420
11207,https://vk.com/wall-88831040_11207,2021-02-02T06:57:09,2021,"📖 Толковые словари грамматических терминов 📖

В частности Словарь санскритской грамматической терминологии Terminologie grammaticale du Sanskrit от Louis Renou издавался дважды. Первое двухтомное изда",16,470
14568,https://vk.com/wall-88831040_14568,2022-06-17T12:22:00,2022,Scharpé A.; Kälidäsa-lexicon. Vol. 2: References and concordance of quotations. P. 1. Rtusamhara; Meghaduta; Kumärasambhava; Raghuvamśa; Словарь языка древнеиндийского поэта Калидасы; Brugge; De Tempe,16,559
19699,https://vk.com/wall-88831040_19699,2023-08-25T10:00:00,2023,"📖 Type and lettering: 350 selected styles: For students, typographers, letterers, designers. Longyear William. 1956. 📖

Longyear; William; Type and lettering: 350 selected styles: For students; typogr",16,718
22204,https://vk.com/wall-88831040_22204,2024-07-30T13:00:00,2024,"🇮🇳📖 Grierson,George Abraham Linguistic survey of India. Vol. 1. P. 2: Comparative vocabulary / Comp. and ed. by G. A. Grierson. - Reprint. - Delhi [a.o.] : Motilal Bonarsidass, 1967. - VIII, 337 p. - ",16,695
25304,https://vk.com/wall-88831040_25304,2026-03-02T14:30:00,2026,"🇮🇳📖 Каганович, Б.С. Сергей Федорович Ольденбург: Опыт биографии / Б.С. Каганович; Российская академия наук, Санкт-Петербургский институт истории. - С.-Петербург : Феникс, 2006. - 248 с., [3] л. портр.",16,1028
617,https://vk.com/wall-88831040_617,2015-10-26T09:52:47,2015,"Барроу Т. Санскрит, M., 1976. Наиболее полная монография по общим, не грамматическим вопросам на русском языке. Отдельные главы книги включают сопоставление и описание исторических контактов с индоевр",15,0
3589,https://vk.com/wall-88831040_3589,2018-07-11T12:27:55,2018,"Название: Мифологическое повествование в санскритских пуранах
Автор: Сахаров Пётр Дмитриевич
Жанр: монография
Описание: Книга посвящена пуранам, священным книгам индуизма, представляющим один из самых",15,465
3908,https://vk.com/wall-88831040_3908,2018-09-21T11:20:12,2018,"Шримад Бхагаватам — одна из 18 Ведических Пуран, летописей мироздания, описывающих события истории Земли от самого ее сотворения. Первые упоминания о Бхагавата Пуране в летописях западного мира датиро",15,353
10591,https://vk.com/wall-88831040_10591,2020-11-27T06:33:00,2020,Представляем вашему вниманию санскритский словарь выдающегося французского ученого 19 века Эмиля Льюиса Бурноуфа. Издание 1865 г,15,629
11125,https://vk.com/wall-88831040_11125,2021-01-22T17:15:00,2021,Mayrhofer Manfred; Kurzgefaßtes etymologisches Wörterbuch des Altindischen. Bd.1; Краткий этимологический словарь санскрита с переводом на немецкий и английский языки и объяснениями на немецком языке;,15,640
12221,https://vk.com/wall-88831040_12221,2021-09-10T16:07:23,2021,Топонимика Востока. Труды Совещания по топонимике Востока; Место издания; Москва; Издательство; Издательство восточной литературы; Дата издания; 1962; Язык; Русский; Тематика; Языкознание; Предметная ,15,465
23437,https://vk.com/wall-88831040_23437,2025-02-09T04:14:28,2025,"Интересно ли читателям узнать мнение санскритолога о словаре (фрагмент прилагается), который на прошлой неделе вышел в бумаге?",15,699
25228,https://vk.com/wall-88831040_25228,2026-02-10T14:30:00,2026,"🇮🇳📖 Bhattacharya,Bishnupada Yaska's Nirukta and the science of etymology. An historical and critical survey / By Bishnupada Bhattacharya. - Calcutta : Mukhopadhyay, 1958. - VIII, 118 p.

«Нирукта» (Ni",15,798
461,https://vk.com/wall-88831040_461,2015-10-07T11:19:26,2015,"Тавастшерна С. С. Времена и наклонения в санскрите. — СПб., 2003.
Всячески советую от современного классика питерской, эрманской школы. Раз в 10 лет по 1 книге, но за то какой!",14,0
526,https://vk.com/wall-88831040_526,2015-10-15T09:03:16,2015,"Кочергина В.А. Начальный курс санскрита
М.: Издательство Академии Наук СССР, 1956. — 197 с.

Задача ""Начального курса санскрита"" — ознакомить учащихся с древнеиндийским языком в объеме, необходимом дл",14,0
7896,https://vk.com/wall-88831040_7896,2019-11-04T07:20:36,2019,Кхагарпурский доклад Гасунса про санскритские словари (23 мин.),14,497
10604,https://vk.com/wall-88831040_10604,2020-11-30T14:52:11,2020,"Такого V. в среднем роде не бывает. Обнаруженная Эдгаром у Майрхофера (стр. 35) и Хонды (стр. 21) опечатка на самом деле попадалась и мне, только в других книгах, кажись в Миллере до правок. То есть о",14,436
11135,https://vk.com/wall-88831040_11135,2021-01-24T06:46:02,2021,Tantrikabhidhanakosa: Dictionnaire des termes techniques de la litterature hindoue tantrique. 1; Место издания; Wien; Издательство; Verlag der Österreichischen Akademie der Wissenschaften; Дата издани,14,687
11185,https://vk.com/wall-88831040_11185,2021-01-29T10:00:04,2021,Этимологический словарь Майерхофера,14,538
11209,https://vk.com/wall-88831040_11209,2021-02-02T11:15:00,2021,Санскритско- французский словарь,14,506
12031,https://vk.com/wall-88831040_12031,2021-07-06T06:50:54,2021,Prajapati and the year. Автор - Gonda Jan; Место издания; Amsterdam etc.; Издательство; North-Holland publishing co.; Дата издания; 1984; Язык; Английский; Тематика; Литературоведение; Предметная рубр,14,337
13714,https://vk.com/wall-88831040_13714,2022-03-20T19:03:58,2022,Benfey Theodor; Chrestomathie aus Sanskritwerken: Zum Gebrauch für Vorlesungen und zum Selbststudium. Th.2: Glossar; Leipzig; Brockhaus; 1854; Языкознание; Книги для чтения; Санскрит язык; Самоучители,14,532
20937,https://vk.com/wall-88831040_20937,2024-01-22T15:06:00,2024,"📖 The age of the Guptas and other essays. Dandekar Ramchandra Narayan. 1982 📖

Dandekar; Ramchandra Narayan; The age of the Guptas and other essays; Проблемы истории Древней Индии. Сборник работ индий",14,755
23390,https://vk.com/wall-88831040_23390,2025-01-31T07:00:00,2025,"Словарь заимствованных слов в китайском языке. Как отсюда вычленить санскритизмы? Например, ""мантрина"", который стал ""мандарином"".",14,713
24121,https://vk.com/wall-88831040_24121,2025-04-27T14:30:00,2025,"🇮🇳📖 Kielhorn,F. Grammatik der Sanskrit-Sprache / Von F.Kielhorn; Aus dem Englischen übers. von Dr. W.Solf. - Berlin : Dummler, 1888. - XIII, [I], 238 S. 
 
Предметная рубрика Учебники и пособия по гра",14,652
3137,https://vk.com/wall-88831040_3137,2018-04-01T09:45:04,2018,"Единственное пословное издание Гиты на русском - Бурба 2016 - отличается от Бурба 2009 твердой обложкой, т.е. книга сама уже не закрывается. Однако издательство поступило по-свински и не внедрила спис",13,457
11239,https://vk.com/wall-88831040_11239,2021-02-04T10:15:00,2021,"Для тех, кто владеет немецким — замечательная книга по санскриту немецкого лингвиста Альберта Тумба",13,484
11562,https://vk.com/wall-88831040_11562,2021-03-23T19:52:31,2021,Studies in the geography of ancient and medieval India. Обзор географических сведений; содержащихся в древних и средневековых индийских письменных источниках. Автор - Sircar D.C.; Место издания; Delhi,13,387
12154,https://vk.com/wall-88831040_12154,2021-08-24T10:50:57,2021,"Когда молчит академическая санскритская лексикография, ее место уже в третий раз как на русском языке занимает псевдо-словари.

Солнцев Н.В. Русско-санскритский словарь. Том 02: Л - С 
 
Оренбург: Южн",13,772
21324,https://vk.com/wall-88831040_21324,2024-04-10T15:00:02,2024,"Brata,Sasthi  My god died young
London, Hutchinson, 1968. - 235 p., front. portr. 
Автобиография Шасти Брата (р. 1933) - индуса, выходца из касты браминов В книге повествуется о религиозных и обществе",13,646
22008,https://vk.com/wall-88831040_22008,2024-06-24T14:30:00,2024,"🇮🇳📖🕉Schmidt,Heinz Helmuth Michael Das Yogasata: Ein Zeugnis altindischer Medizin in Sanskrit und Tibetisch. Inaugural-Dissertation. - Bonn, 1978. - 252 S.: Tab. - Библиогр. с.225-234.- Указ. с.237-252",13,779
477,https://vk.com/wall-88831040_477,2015-10-09T17:15:44,2015,"Для дальнейшего усовершенствования необходимо пройти систематически грамматику по учебнику проф. Кильхорна, где она изложена с индийской точки зрения с большей полнотой, а также грамматику проф. Вакер",12,0
2753,https://vk.com/wall-88831040_2753,2017-11-06T16:45:27,2017,"Индийская средневековая повествовательная проза. М., 1982 - у кого дома лежит гринцеровская книга?",12,615
14629,https://vk.com/wall-88831040_14629,2022-06-26T21:27:44,2022,Scharpé A.; Kälidäsa-lexicon. Vol. 1: Basic text of the works. P. 4. Raghuvamśa; Словарь языка древнеиндийского поэта Калидасы; Brugge; De Tempel; 1964; Литературоведение; Индийское литературоведение;,12,427
21377,https://vk.com/wall-88831040_21377,2024-04-20T15:00:00,2024,"Schlingloff,Dieter
Buddhistische Stotras aus ostturkischen Sanskrit exten
Berlin, Akademie, 1, N. 22, 1955. 132 S. 
Издание текстов древних буддийских гимнов на санскрите, найденных в Турфане (Китай).",12,699
24109,https://vk.com/wall-88831040_24109,2025-04-24T14:29:00,2025,"🇮🇳📖 Мерварт,А.М. Грамматика тамильского разговорного языка. - Ленинград, 1929. - 228 с. - (ЦИК СССР. Ленинградский Восточный институт; 34). 
 
Предметная рубрика Учебники и пособия по грамматике • Там",12,566
11035,https://vk.com/wall-88831040_11035,2021-01-11T17:00:05,2021,"Рупа Госвами (1489-1564) был первопроходцем Гаудия вайшнавизма, известным поэтом и высоко эрудированным человеком. Он получил свое образование в Бенгалии, Индия, после чего большую часть своей жизни п",11,431
11139,https://vk.com/wall-88831040_11139,2021-01-24T20:49:06,2021,"Loka; World and heaven in the Veda. Толкование санскритского слова ""loka-"" и выражений; которые ошибочно считают ему синонимичными; и их употребление в ведах. Автор - Gonda Jan; Место издания; Amsterd",11,384
11699,https://vk.com/wall-88831040_11699,2021-04-14T11:50:23,2021,"Алексей Александрович Кретов (Воронежский государственный университет), Марцис Юрьевич Гасунс (Краснодар), Владимир Владимирович Леонченко (Долгоруково) Параметрический анализ «Санскритско-русского сл",11,366
12194,https://vk.com/wall-88831040_12194,2021-09-05T05:54:10,2021,India in maps; Место издания; Delhi; Издательство; Government of India; Ministry of information and broadcasting; Дата издания; 1950; Язык; Английский; Тематика; Экономика; Предметная рубрика; Географ,11,312
18418,https://vk.com/wall-88831040_18418,2023-05-17T12:00:00,2023,"📖 Bloch; Jules; The formation of the MarathI language. 📖

Формирование и развитие языка маратхи со времен санскрита фонетика и грамматика современного маратхи; его место среди других индийских языков.",11,637
19648,https://vk.com/wall-88831040_19648,2023-08-19T07:05:21,2023,"📖L' hindouisme: Les textes, les doctrines, l'histoire. Renou Louis. 1958📖

Renou; Louis; L' hindouisme: Les textes; les doctrines; l'histoire; Индуиэм; Догмы; история. Популярный очерк; Место издания;",11,679
19766,https://vk.com/wall-88831040_19766,2023-09-04T08:08:00,2023,"📖 On the place of the progressive palatalization of velars in the relative chronology of Slavic. Channon Robert. 1972 📖

Channon; Robert; On the place of the progressive palatalization of velars in th",11,815
19996,https://vk.com/wall-88831040_19996,2023-09-19T12:00:00,2023,"📖 Malavika und Agnimitra: Ein Drama des Kalidasa in 5 Akten. Kalidasa. 1856. 📖

Kalidasa; Malavika und Agnimitra: Ein Drama des Kalidasa in 5 Akten; Место издания; Berlin; Издательство; Dummler; Дата ",11,818
20880,https://vk.com/wall-88831040_20880,2024-01-12T15:07:00,2024,"📜 Staat und Gesellschaft im alten Indien. Nach den Brahmana-Texten dargestellt. Rau Wilhelm. 1957 📜

Rau; Wilhelm; Staat und Gesellschaft im alten Indien. Nach den Brahmana-Texten dargestellt; Государ",11,641
24443,https://vk.com/wall-88831040_24443,2025-07-12T14:30:00,2025,"🇮🇳📖 Beames,John A comparative grammar of the modern Aryan languages of India to wit Hindi. Punjabi. Sindhi. Gujarati. Marathi. Oriya and Bengali / 3 vols now publ. in one format. - New Delhi : Munshir",11,639
25691,https://vk.com/wall-88831040_25691,2026-06-26T14:43:42,2026,"🇮🇳📖 Ritschl,Eva Studien zum Kautiliya Arthasastra. - Berlin : Akademie, 1973. - 392 S. - (Schriften zur Geschichte und Kultur desalten Orients /Akademie der Wissenschaften der DDR. Zentralinstitut fur",11,741
546,https://vk.com/wall-88831040_546,2015-10-19T06:16:15,2015,"Книга, которую нужно издать не тиражом 100, а 1000 экземпляров. Питерская наука существует вне мирового контекста, но все же. Интересно же.",10,0
3366,https://vk.com/wall-88831040_3366,2018-05-28T11:28:19,2018,"Панчатантра в разных изданиях Хертеля, все русские переводы сделаны по ним",10,390
4152,https://vk.com/wall-88831040_4152,2018-11-06T17:53:21,2018,Латышско-санскритские этимологии - лингвофрическое издание 1953 и академическое 1988 (рец. Топоров - знак качества).,10,279
12044,https://vk.com/wall-88831040_12044,2021-07-10T13:53:26,2021,Die Religion der Jaina's. Автор - Kirfel W.; Место издания; Leipzig; Издательство; Schöll; Дата издания; 1928; Язык; Немецкий; Тематика; Религия; Предметная рубрика; Немецкое искусство • Отдельные обр,10,496
17772,https://vk.com/wall-88831040_17772,2023-03-10T15:34:38,2023,Rau; Wilhelm; Die Brennlinse im alten Indien; Место издания; Mainz; Wiesbaden; Издательство; Akademie der Wissenschaften und der Literatur; Steiner; Дата издания; 1983; Язык; Немецкий; Тематика; Литер,10,464
21286,https://vk.com/wall-88831040_21286,2024-04-06T14:32:19,2024,"Sahaji Sabdaratnasamanvaya Kosa of king Sahaji of Tanjore / Critically ed. with an introd. and index by Vitthalram Lalluram Shastri. With a foreword by the general ed. - Baroda : Oriental inst., 1932.",10,635
24938,https://vk.com/wall-88831040_24938,2025-11-19T14:30:00,2025,"🇮🇳📖 Franke,Otto Die Indischen Genuslehren mit dem Text der Lingânuçâsana's des Çâkaţâyana. Marsavardhana, Vararuci, nebst Auszügen aus* den Commentaren des Yakşavarman (zu C.) and des Çabarasvâmin (zu",10,690
10868,https://vk.com/wall-88831040_10868,2021-01-03T06:00:01,2021,"Словарь санскритских корней с вкраплениями на маратхи, 1865",9,409
11804,https://vk.com/wall-88831040_11804,2021-05-05T16:30:52,2021,The Navya-nyaya doctrine of negation. The semantics and ontology of negative statements in Navya-nyaya philosophy; Matilal; Bimal Krishna; Место издания; Cambridge (Mass.); Дата издания; 1968; Язык; А,9,439
14226,https://vk.com/wall-88831040_14226,2022-05-13T15:08:23,2022,Sprachführer für Soldaten: Deutsch-Hindustani; Berlin; 1943; Языкознание; Словари военной терминологии; Немецко-хинди; Разговорники; Немецко-хинди,9,514
22305,https://vk.com/wall-88831040_22305,2024-08-15T13:00:01,2024,"🇮🇳📖 Cappeller,Carl Sanskrit-Worterbuch [1887] / Nach Petersburger Worterbuchern bearb. von Carl Cappeller. - Strassburg : Trubner, 1887. - VII, 541 S. 
 
Предметная рубрика Словари двуязычные • Санскр",9,605
22648,https://vk.com/wall-88831040_22648,2024-10-04T13:00:01,2024,"🇮🇳📖 Bohtlingk,Otto Verbesserungen und Nachtrage zu Th. 1-5 [des Sanscrit-Worterbuch in 7 Bd.]. - S.l., S.a. - Kol.941-1822. - Без тит. л. и обл.- Описано по корешку и шмуцтит.- Полное загл. установлен",9,525
1298,https://vk.com/wall-88831040_1298,2016-09-01T18:08:33,2016,Любимая книга на полке по истории индологии,8,0
1523,https://vk.com/wall-88831040_1523,2016-10-12T11:21:42,2016,Как исправить 20 000 опечаток в санскритских словарях за 2 года:,8,0
2764,https://vk.com/wall-88831040_2764,2017-11-09T07:12:13,2017,"В словаре MW встречается 7317 ботанических терминов.
https://github.com/sanskrit-lexicon/MWS/issues/51",8,253
11076,https://vk.com/wall-88831040_11076,2021-01-15T17:00:02,2021,"Книга известного немецкого индолога Виллибальда Кирфеля. Он прославился своими научными работами в области в области индийской космогонии, религии и медицине. 

Данная работа посвящена исследованию о ",8,303
11165,https://vk.com/wall-88831040_11165,2021-01-27T16:15:00,2021,"Études védiques et päninéennes. T.1. Литературоведческие и лингвистические исследования ""Ригведы""; Атархваведы; и других памятников древнейшей литературы Индии. Автор - Renou Louis; Место издания; Par",8,489
12068,https://vk.com/wall-88831040_12068,2021-07-15T11:17:59,2021,"🥥 Двухтомник индолога Гонды об индуизме на немецком языке 🥥

Die Religionen Indiens. 1: Veda und alterer Hinduismus. Религия Индии. Т. 1. Ведическая религия и древнейший период индуизма.; Место издани",8,424
12087,https://vk.com/wall-88831040_12087,2021-07-20T11:22:22,2021,Das Königtum im Rig- und Atharvaveda. Автор - Schlerath Bernfried; Место издания; Wiesbaden; Издательство; DMG; F. Steiner [Franz Steiner]; Дата издания; 1960; Язык; Немецкий; Тематика; Литературоведе,8,419
25137,https://vk.com/wall-88831040_25137,2026-01-09T14:30:00,2026,"🇮🇳📖 Fairbank,Alfred A book of Scripts. - Harmondsworth (Midd'x) : Penguin books, 1968. - 44 p. : ill., 40 l.ill., facs. - (A Pelican original; A 973). - Библиогр. с.39-42.

Предметная рубрика:
Книгоиз",8,647
1695,https://vk.com/wall-88831040_1695,2016-11-28T20:52:31,2016,"Список всех 6427 глаголов из словаря Monier-Williams (с приставками и английскими переводами), 84 стр.",7,0
4951,https://vk.com/wall-88831040_4951,2019-02-21T08:03:25,2019,"Ya evaṃ veda ... Кто так знает ... Памяти Владимира Николаевича Романова / Под ред. И.С.Смирнова; сост. Н.Ю.Чалисова (отв.ред.), Н.В.Александрова, М.А.Русанов. М.: РГГУ, 2016. 460 с. (Orientalia et Cl",7,354
5387,https://vk.com/wall-88831040_5387,2019-03-20T18:53:57,2019,"Прочитал статью Семенено. Я лишь желаю, чтобы настоящий ученый когда-либо прочел любую из Ваших статей и аргументированно ответил. Я любитель, но выскажу некоторые соображения (и пожелания): 
 
1) (по",7,389
9962,https://vk.com/wall-88831040_9962,2020-06-21T17:05:41,2020,"Есть ли среди ревнителей санскрита биолог-любитель латинской номенклатуры Южно-азиатской флоры и фауны? В частности в словаре Моньер есть 1722 названий растений, которые не обновлялись, похоже, с 1819",7,497
11718,https://vk.com/wall-88831040_11718,2021-04-18T09:33:00,2021,Санскритско-французский словарь,7,304
1174,https://vk.com/wall-88831040_1174,2016-06-03T17:41:31,2016,Словарь ученика М. Мюллера,6,0
4096,https://vk.com/wall-88831040_4096,2018-10-26T13:36:29,2018,"Прочитав книгу Штааля первые 3 раза, я понял о чем стоит писать диссертацию. Иностранка - удивительная библиотека в Москве.",6,304
11583,https://vk.com/wall-88831040_11583,2021-03-25T10:00:06,2021,Словарь санскритской грамматики,6,318
12190,https://vk.com/wall-88831040_12190,2021-09-03T05:26:38,2021,"Der Holzgott und die Brahmanen. T. 2: Textausgabe. Боги - покровители деревьев (""Боги деревьев"") и их роль в пантеоне и культе брахманизма (по данным брахман - древнеиндийских священных текстов; в час",6,401
560,https://vk.com/wall-88831040_560,2015-10-20T05:41:54,2015,"Четкий образец хрестоматии санскрита в французской гарнитуре дэванагари. Те, кто будут учится по учебнику Кочергиной образца 2015 г. уже не смогут прочесть такой текст. Им поможет приложение из хресто",5,0
1696,https://vk.com/wall-88831040_1696,2016-11-28T21:50:23,2016,"Список корней и нерегулярных глагольных форм [Тавастшерна, 2003, c. 60-80] хронологически последний из известных нам притекстовых списков. Корни упорядочены в алфавитном порядке, но в той последовател",5,0
4950,https://vk.com/wall-88831040_4950,2019-02-21T07:48:39,2019,"Хала Сатавахана. «Саттасаи». Антология пракритской поэзии / Пер., предисл., коммент. и словарь М.А. Русанова. М.: РГГУ, 2006. 380 стр. ISBN 5-7281-0361-8. (Orientalia et Classica X:1) 
 
Предлагаемый ",5,251
8841,https://vk.com/wall-88831040_8841,2020-02-01T06:27:51,2020,"Zachariae,Theodor Victor Hugo 
Opera minora zur indischen Wortforschung, zur Geschichte der indischen Literatur und Kultur, zur Geschichte der Sanskritphilologie. T. 2 
 
Сборник трудов немецкого фило",5,388
10193,https://vk.com/wall-88831040_10193,2020-08-07T08:10:20,2020,"Marcis, Gasuns Latin Terms in Sanskrit Dictionaries // XII Congresso Internazionale di Lessicografia, Lexicography for Specialised Languages - Terminology and Terminography, Torino, 7th September, 200",5,370
303,https://vk.com/wall-88831040_303,2015-09-09T12:15:31,2015,"С.А. Бурлак, И.Б. Иткин
ГРАММАТИКА ТОХАРСКОГО A ЯЗЫКА 
(Фонология. Морфонология. Морфология.)

Старый файл, ему 10 лет. Файл постоянно обновляется. Остатки изучения Тохарского Б. Книга вряд ли когда-л",4,0
454,https://vk.com/wall-88831040_454,2015-10-06T04:57:08,2015,"Письмо ранджана, тайванское издание.",4,0
2737,https://vk.com/wall-88831040_2737,2017-11-03T12:28:33,2017,Список 5221 слов из словаря Лихушиной,4,219
7374,https://vk.com/wall-88831040_7374,2019-08-12T15:13:30,2019,Список 9454 растений из словаря MW,4,313
11784,https://vk.com/wall-88831040_11784,2021-05-02T16:42:06,2021,Vermeer Hans Josef; Hindi-Lautlehre mit Einführung in die Devnagari-Schrift; Очерк фонетики языка хинди и его письменности (алфавит деванагари); Другой автор; Sharma; Aryendra; Место издания; Heidelbe,4,308
21170,https://vk.com/wall-88831040_21170,2024-03-11T12:36:00,2024,"Начало стрима доклада М.Ю. Гасунса в Венском университете, 12.02.2024: ""The Development of Cologne Digital Sanskrit Lexicon"" про разработку санскритских словарей https://youtube.com/live/7XljJuAkNDw

",4,524
970,https://vk.com/wall-88831040_970,2016-02-12T10:06:37,2016,"ПРАВИЛА ФОРМАТИРОВАНИЯ ДЛЯ УЧАСТНИКОВ ПРОЕКТА
ОЦИФРОВКИ САНСКРИТО-РУССКОГО СЛОВАРЯ КОЧЕРГИНОЙ

Текст набирается в точности так, как он представ-лен на печатной странице (за исключением момен-тов, огов",3,0
1158,https://vk.com/wall-88831040_1158,2016-05-28T17:54:35,2016,Пора учить авестийский язык? Словарь Бартоломэ не устарел!,3,0
2742,https://vk.com/wall-88831040_2742,2017-11-04T20:02:16,2017,"Giussani, Carlo <1840-1900>. Principii Della Grammatica Sanscrita ... Aggiunti Due Travi Di Testo, Per Exercizio Di Lettura É Traduzione. Torino: Ermanno Coescher, 1868. 
 
Во многом недоцененная кни",3,238
3401,https://vk.com/wall-88831040_3401,2018-06-05T19:31:54,2018,"Словарь, который никогда не будет завершен в Пуне",3,340
12185,https://vk.com/wall-88831040_12185,2021-09-02T07:01:19,2021,Morphologische Neuerungen im altindischen Verbalsystem; Место издания; Amsterdam; Издательство; Noord-Hollandsche uitgevers maatschappij; Дата издания; 1952; Язык; Немецкий; Тематика; Языкознание; Пре,3,364
667,https://vk.com/wall-88831040_667,2015-10-31T21:58:08,2015,http://lib.herzen.spb.ru/media/magazines/contents/1/38(82)1/gasuns_38_82_p105_109.pdf рецензия на выдающийся справочник Бакнела по санскриту. Лучшая книга по санскриту за последние 20 лет.,2,0
1157,https://vk.com/wall-88831040_1157,2016-05-28T17:49:49,2016,"Словарь издавался в Санкт-Петербурге, и это не было случайностью. И Академия наук, и Министерство народного просвещения способствовали такого рода ученой деятельности в России. Поощрение санскритологи",2,0
724,https://vk.com/wall-88831040_724,2015-11-08T16:02:00,2015,"Thumb A., Hauschild R. Handbuch des Sanskrit, I–II. Heidelberg, 1953-1958. Двухтомный учебник, прослуживший многим поколениям изучающих санскрит, теперь сильно устарел, да он и всегда несколько терял ",1,0
768,https://vk.com/wall-88831040_768,2015-11-18T12:08:27,2015,"О записи омонимии корней в словарях древнеиндийского языка

Аннотация. Автор на примере корня √dā и его омонимов показывает, что между словарями даже одного автора нет никакой связи и последовательнос",1,0
1699,https://vk.com/wall-88831040_1699,2016-11-29T08:38:53,2016,"Чистка словарей санскритских - длительная и нудная работа. Нужны помощники, те, кто умеют читать на деванагари или обучаются ему.",1,0
