post_id,year,tier,is_outlier,score,percentile
13,2015,low,0,0.0,0.0017
62,2015,low,0,0.0,0.0034
86,2015,low,0,0.0,0.0052
101,2015,low,0,0.0,0.0069
114,2015,low,0,0.0,0.0086
117,2015,low,0,0.0,0.0103
119,2015,low,0,0.0,0.012
121,2015,low,0,0.0,0.0137
124,2015,low,0,0.0,0.0155
127,2015,low,0,0.0,0.0172
129,2015,low,0,0.0,0.0189
133,2015,low,0,0.0,0.0206
136,2015,low,0,0.0,0.0223
137,2015,low,0,0.0,0.0241
139,2015,low,0,0.0,0.0258
140,2015,low,0,0.0,0.0275
155,2015,low,0,0.0,0.0292
156,2015,low,0,0.0,0.0309
157,2015,low,0,0.0,0.0326
158,2015,low,0,0.0,0.0344
159,2015,low,0,0.0,0.0361
161,2015,low,0,0.0,0.0378
187,2015,low,0,0.0,0.0395
188,2015,low,0,0.0,0.0412
191,2015,low,0,0.0,0.043
192,2015,low,0,0.0,0.0447
194,2015,low,0,0.0,0.0464
198,2015,low,0,0.0,0.0481
207,2015,low,0,0.0,0.0498
222,2015,low,0,0.0,0.0515
236,2015,low,0,0.0,0.0533
237,2015,low,0,0.0,0.055
240,2015,low,0,0.0,0.0567
269,2015,low,0,0.0,0.0584
274,2015,low,0,0.0,0.0601
310,2015,low,0,0.0,0.0619
316,2015,low,0,0.0,0.0636
319,2015,low,0,0.0,0.0653
320,2015,low,0,0.0,0.067
332,2015,low,0,0.0,0.0687
333,2015,low,0,0.0,0.0704
340,2015,low,0,0.0,0.0722
342,2015,low,0,0.0,0.0739
357,2015,low,0,0.0,0.0756
367,2015,low,0,0.0,0.0773
412,2015,low,0,0.0,0.079
413,2015,low,0,0.0,0.0808
419,2015,low,0,0.0,0.0825
420,2015,low,0,0.0,0.0842
435,2015,low,0,0.0,0.0859
442,2015,low,0,0.0,0.0876
448,2015,low,0,0.0,0.0893
453,2015,low,0,0.0,0.0911
455,2015,low,0,0.0,0.0928
456,2015,low,0,0.0,0.0945
463,2015,low,0,0.0,0.0962
465,2015,low,0,0.0,0.0979
467,2015,low,0,0.0,0.0997
473,2015,low,0,0.0,0.1014
475,2015,low,0,0.0,0.1031
479,2015,low,0,0.0,0.1048
531,2015,low,0,0.0,0.1065
556,2015,low,0,0.0,0.1082
562,2015,low,0,0.0,0.11
585,2015,low,0,0.0,0.1117
603,2015,low,0,0.0,0.1134
635,2015,low,0,0.0,0.1151
640,2015,low,0,0.0,0.1168
645,2015,low,0,0.0,0.1186
666,2015,low,0,0.0,0.1203
668,2015,low,0,0.0,0.122
727,2015,low,0,0.0,0.1237
733,2015,low,0,0.0,0.1254
748,2015,low,0,0.0,0.1271
753,2015,low,0,0.0,0.1289
758,2015,low,0,0.0,0.1306
763,2015,low,0,0.0,0.1323
826,2015,low,0,0.0,0.134
858,2015,low,0,0.0,0.1357
864,2015,low,0,0.0,0.1375
866,2015,low,0,0.0,0.1392
871,2015,low,0,0.0,0.1409
878,2015,low,0,0.0,0.1426
4,2015,low,0,1.0,0.1443
7,2015,low,0,1.0,0.146
10,2015,low,0,1.0,0.1478
18,2015,low,0,1.0,0.1495
21,2015,low,0,1.0,0.1512
23,2015,low,0,1.0,0.1529
29,2015,low,0,1.0,0.1546
46,2015,low,0,1.0,0.1564
49,2015,low,0,1.0,0.1581
50,2015,low,0,1.0,0.1598
51,2015,low,0,1.0,0.1615
56,2015,low,0,1.0,0.1632
67,2015,low,0,1.0,0.1649
79,2015,low,0,1.0,0.1667
81,2015,low,0,1.0,0.1684
82,2015,low,0,1.0,0.1701
87,2015,low,0,1.0,0.1718
111,2015,low,0,1.0,0.1735
123,2015,low,0,1.0,0.1753
125,2015,low,0,1.0,0.177
130,2015,low,0,1.0,0.1787
132,2015,low,0,1.0,0.1804
160,2015,low,0,1.0,0.1821
167,2015,low,0,1.0,0.1838
196,2015,low,0,1.0,0.1856
201,2015,low,0,1.0,0.1873
213,2015,low,0,1.0,0.189
224,2015,low,0,1.0,0.1907
227,2015,low,0,1.0,0.1924
245,2015,low,0,1.0,0.1942
293,2015,low,0,1.0,0.1959
304,2015,low,0,1.0,0.1976
311,2015,low,0,1.0,0.1993
337,2015,low,0,1.0,0.201
348,2015,low,0,1.0,0.2027
355,2015,low,0,1.0,0.2045
356,2015,low,0,1.0,0.2062
365,2015,low,0,1.0,0.2079
396,2015,low,0,1.0,0.2096
399,2015,low,0,1.0,0.2113
406,2015,low,0,1.0,0.2131
444,2015,low,0,1.0,0.2148
445,2015,low,0,1.0,0.2165
452,2015,low,0,1.0,0.2182
460,2015,low,0,1.0,0.2199
462,2015,low,0,1.0,0.2216
495,2015,low,0,1.0,0.2234
509,2015,low,0,1.0,0.2251
515,2015,low,0,1.0,0.2268
530,2015,low,0,1.0,0.2285
584,2015,low,0,1.0,0.2302
600,2015,low,0,1.0,0.232
612,2015,low,0,1.0,0.2337
620,2015,low,0,1.0,0.2354
646,2015,low,0,1.0,0.2371
673,2015,low,0,1.0,0.2388
686,2015,low,0,1.0,0.2405
690,2015,low,0,1.0,0.2423
692,2015,low,0,1.0,0.244
702,2015,low,0,1.0,0.2457
704,2015,low,0,1.0,0.2474
719,2015,low,0,1.0,0.2491
723,2015,mid_low,0,1.0,0.2509
724,2015,mid_low,0,1.0,0.2526
726,2015,mid_low,0,1.0,0.2543
743,2015,mid_low,0,1.0,0.256
759,2015,mid_low,0,1.0,0.2577
767,2015,mid_low,0,1.0,0.2595
768,2015,mid_low,0,1.0,0.2612
784,2015,mid_low,0,1.0,0.2629
789,2015,mid_low,0,1.0,0.2646
874,2015,mid_low,0,1.0,0.2663
879,2015,mid_low,0,1.0,0.268
3,2015,mid_low,0,2.0,0.2698
6,2015,mid_low,0,2.0,0.2715
16,2015,mid_low,0,2.0,0.2732
25,2015,mid_low,0,2.0,0.2749
45,2015,mid_low,0,2.0,0.2766
55,2015,mid_low,0,2.0,0.2784
77,2015,mid_low,0,2.0,0.2801
120,2015,mid_low,0,2.0,0.2818
166,2015,mid_low,0,2.0,0.2835
169,2015,mid_low,0,2.0,0.2852
231,2015,mid_low,0,2.0,0.2869
233,2015,mid_low,0,2.0,0.2887
242,2015,mid_low,0,2.0,0.2904
335,2015,mid_low,0,2.0,0.2921
344,2015,mid_low,0,2.0,0.2938
349,2015,mid_low,0,2.0,0.2955
350,2015,mid_low,0,2.0,0.2973
360,2015,mid_low,0,2.0,0.299
405,2015,mid_low,0,2.0,0.3007
459,2015,mid_low,0,2.0,0.3024
523,2015,mid_low,0,2.0,0.3041
557,2015,mid_low,0,2.0,0.3058
573,2015,mid_low,0,2.0,0.3076
574,2015,mid_low,0,2.0,0.3093
595,2015,mid_low,0,2.0,0.311
625,2015,mid_low,0,2.0,0.3127
626,2015,mid_low,0,2.0,0.3144
630,2015,mid_low,0,2.0,0.3162
667,2015,mid_low,0,2.0,0.3179
682,2015,mid_low,0,2.0,0.3196
706,2015,mid_low,0,2.0,0.3213
708,2015,mid_low,0,2.0,0.323
715,2015,mid_low,0,2.0,0.3247
735,2015,mid_low,0,2.0,0.3265
751,2015,mid_low,0,2.0,0.3282
756,2015,mid_low,0,2.0,0.3299
764,2015,mid_low,0,2.0,0.3316
765,2015,mid_low,0,2.0,0.3333
790,2015,mid_low,0,2.0,0.3351
792,2015,mid_low,0,2.0,0.3368
810,2015,mid_low,0,2.0,0.3385
815,2015,mid_low,0,2.0,0.3402
822,2015,mid_low,0,2.0,0.3419
824,2015,mid_low,0,2.0,0.3436
848,2015,mid_low,0,2.0,0.3454
870,2015,mid_low,0,2.0,0.3471
876,2015,mid_low,0,2.0,0.3488
882,2015,mid_low,0,2.0,0.3505
47,2015,mid_low,0,3.0,0.3522
80,2015,mid_low,0,3.0,0.354
131,2015,mid_low,0,3.0,0.3557
144,2015,mid_low,0,3.0,0.3574
172,2015,mid_low,0,3.0,0.3591
173,2015,mid_low,0,3.0,0.3608
181,2015,mid_low,0,3.0,0.3625
226,2015,mid_low,0,3.0,0.3643
232,2015,mid_low,0,3.0,0.366
279,2015,mid_low,0,3.0,0.3677
324,2015,mid_low,0,3.0,0.3694
334,2015,mid_low,0,3.0,0.3711
368,2015,mid_low,0,3.0,0.3729
370,2015,mid_low,0,3.0,0.3746
539,2015,mid_low,0,3.0,0.3763
545,2015,mid_low,0,3.0,0.378
571,2015,mid_low,0,3.0,0.3797
615,2015,mid_low,0,3.0,0.3814
621,2015,mid_low,0,3.0,0.3832
650,2015,mid_low,0,3.0,0.3849
672,2015,mid_low,0,3.0,0.3866
676,2015,mid_low,0,3.0,0.3883
709,2015,mid_low,0,3.0,0.39
717,2015,mid_low,0,3.0,0.3918
721,2015,mid_low,0,3.0,0.3935
747,2015,mid_low,0,3.0,0.3952
778,2015,mid_low,0,3.0,0.3969
788,2015,mid_low,0,3.0,0.3986
796,2015,mid_low,0,3.0,0.4003
799,2015,mid_low,0,3.0,0.4021
802,2015,mid_low,0,3.0,0.4038
819,2015,mid_low,0,3.0,0.4055
827,2015,mid_low,0,3.0,0.4072
881,2015,mid_low,0,3.0,0.4089
5,2015,mid_low,0,4.0,0.4107
59,2015,mid_low,0,4.0,0.4124
178,2015,mid_low,0,4.0,0.4141
179,2015,mid_low,0,4.0,0.4158
200,2015,mid_low,0,4.0,0.4175
416,2015,mid_low,0,4.0,0.4192
454,2015,mid_low,0,4.0,0.421
642,2015,mid_low,0,4.0,0.4227
716,2015,mid_low,0,4.0,0.4244
744,2015,mid_low,0,4.0,0.4261
780,2015,mid_low,0,4.0,0.4278
813,2015,mid_low,0,4.0,0.4296
830,2015,mid_low,0,4.0,0.4313
134,2015,mid_low,0,5.0,0.433
151,2015,mid_low,0,5.0,0.4347
177,2015,mid_low,0,5.0,0.4364
218,2015,mid_low,0,5.0,0.4381
219,2015,mid_low,0,5.0,0.4399
251,2015,mid_low,0,5.0,0.4416
338,2015,mid_low,0,5.0,0.4433
436,2015,mid_low,0,5.0,0.445
510,2015,mid_low,0,5.0,0.4467
520,2015,mid_low,0,5.0,0.4485
670,2015,mid_low,0,5.0,0.4502
689,2015,mid_low,0,5.0,0.4519
714,2015,mid_low,0,5.0,0.4536
771,2015,mid_low,0,5.0,0.4553
817,2015,mid_low,0,5.0,0.457
856,2015,mid_low,0,5.0,0.4588
8,2015,mid_low,0,6.0,0.4605
11,2015,mid_low,0,6.0,0.4622
57,2015,mid_low,0,6.0,0.4639
63,2015,mid_low,0,6.0,0.4656
97,2015,mid_low,0,6.0,0.4674
189,2015,mid_low,0,6.0,0.4691
264,2015,mid_low,0,6.0,0.4708
299,2015,mid_low,0,6.0,0.4725
308,2015,mid_low,0,6.0,0.4742
351,2015,mid_low,0,6.0,0.4759
404,2015,mid_low,0,6.0,0.4777
466,2015,mid_low,0,6.0,0.4794
538,2015,mid_low,0,6.0,0.4811
624,2015,mid_low,0,6.0,0.4828
659,2015,mid_low,0,6.0,0.4845
661,2015,mid_low,0,6.0,0.4863
712,2015,mid_low,0,6.0,0.488
754,2015,mid_low,0,6.0,0.4897
769,2015,mid_low,0,6.0,0.4914
775,2015,mid_low,0,6.0,0.4931
823,2015,mid_low,0,6.0,0.4948
868,2015,mid_low,0,6.0,0.4966
42,2015,mid_low,0,7.0,0.4983
78,2015,mid_low,0,7.0,0.5
85,2015,mid_high,0,7.0,0.5017
116,2015,mid_high,0,7.0,0.5034
165,2015,mid_high,0,7.0,0.5052
193,2015,mid_high,0,7.0,0.5069
266,2015,mid_high,0,7.0,0.5086
358,2015,mid_high,0,7.0,0.5103
472,2015,mid_high,0,7.0,0.512
478,2015,mid_high,0,7.0,0.5137
511,2015,mid_high,0,7.0,0.5155
516,2015,mid_high,0,7.0,0.5172
528,2015,mid_high,0,7.0,0.5189
588,2015,mid_high,0,7.0,0.5206
614,2015,mid_high,0,7.0,0.5223
619,2015,mid_high,0,7.0,0.5241
761,2015,mid_high,0,7.0,0.5258
793,2015,mid_high,0,7.0,0.5275
795,2015,mid_high,0,7.0,0.5292
821,2015,mid_high,0,7.0,0.5309
832,2015,mid_high,0,7.0,0.5326
847,2015,mid_high,0,7.0,0.5344
855,2015,mid_high,0,7.0,0.5361
873,2015,mid_high,0,7.0,0.5378
12,2015,mid_high,0,8.0,0.5395
76,2015,mid_high,0,8.0,0.5412
83,2015,mid_high,0,8.0,0.543
122,2015,mid_high,0,8.0,0.5447
126,2015,mid_high,0,8.0,0.5464
190,2015,mid_high,0,8.0,0.5481
195,2015,mid_high,0,8.0,0.5498
238,2015,mid_high,0,8.0,0.5515
243,2015,mid_high,0,8.0,0.5533
318,2015,mid_high,0,8.0,0.555
507,2015,mid_high,0,8.0,0.5567
542,2015,mid_high,0,8.0,0.5584
563,2015,mid_high,0,8.0,0.5601
578,2015,mid_high,0,8.0,0.5619
601,2015,mid_high,0,8.0,0.5636
616,2015,mid_high,0,8.0,0.5653
618,2015,mid_high,0,8.0,0.567
746,2015,mid_high,0,8.0,0.5687
772,2015,mid_high,0,8.0,0.5704
787,2015,mid_high,0,8.0,0.5722
880,2015,mid_high,0,8.0,0.5739
883,2015,mid_high,0,8.0,0.5756
84,2015,mid_high,0,9.0,0.5773
107,2015,mid_high,0,9.0,0.579
128,2015,mid_high,0,9.0,0.5808
154,2015,mid_high,0,9.0,0.5825
182,2015,mid_high,0,9.0,0.5842
216,2015,mid_high,0,9.0,0.5859
254,2015,mid_high,0,9.0,0.5876
315,2015,mid_high,0,9.0,0.5893
326,2015,mid_high,0,9.0,0.5911
343,2015,mid_high,0,9.0,0.5928
347,2015,mid_high,0,9.0,0.5945
352,2015,mid_high,0,9.0,0.5962
353,2015,mid_high,0,9.0,0.5979
418,2015,mid_high,0,9.0,0.5997
471,2015,mid_high,0,9.0,0.6014
532,2015,mid_high,0,9.0,0.6031
580,2015,mid_high,0,9.0,0.6048
596,2015,mid_high,0,9.0,0.6065
660,2015,mid_high,0,9.0,0.6082
663,2015,mid_high,0,9.0,0.61
694,2015,mid_high,0,9.0,0.6117
705,2015,mid_high,0,9.0,0.6134
728,2015,mid_high,0,9.0,0.6151
737,2015,mid_high,0,9.0,0.6168
740,2015,mid_high,0,9.0,0.6186
755,2015,mid_high,0,9.0,0.6203
812,2015,mid_high,0,9.0,0.622
829,2015,mid_high,0,9.0,0.6237
170,2015,mid_high,0,10.0,0.6254
248,2015,mid_high,0,10.0,0.6271
281,2015,mid_high,0,10.0,0.6289
300,2015,mid_high,0,10.0,0.6306
533,2015,mid_high,0,10.0,0.6323
541,2015,mid_high,0,10.0,0.634
581,2015,mid_high,0,10.0,0.6357
589,2015,mid_high,0,10.0,0.6375
791,2015,mid_high,0,10.0,0.6392
800,2015,mid_high,0,10.0,0.6409
100,2015,mid_high,0,11.0,0.6426
162,2015,mid_high,0,11.0,0.6443
250,2015,mid_high,0,11.0,0.646
270,2015,mid_high,0,11.0,0.6478
294,2015,mid_high,0,11.0,0.6495
486,2015,mid_high,0,11.0,0.6512
521,2015,mid_high,0,11.0,0.6529
592,2015,mid_high,0,11.0,0.6546
605,2015,mid_high,0,11.0,0.6564
687,2015,mid_high,0,11.0,0.6581
688,2015,mid_high,0,11.0,0.6598
801,2015,mid_high,0,11.0,0.6615
818,2015,mid_high,0,11.0,0.6632
825,2015,mid_high,0,11.0,0.6649
210,2015,mid_high,0,12.0,0.6667
223,2015,mid_high,0,12.0,0.6684
241,2015,mid_high,0,12.0,0.6701
464,2015,mid_high,0,12.0,0.6718
506,2015,mid_high,0,12.0,0.6735
508,2015,mid_high,0,12.0,0.6753
607,2015,mid_high,0,12.0,0.677
629,2015,mid_high,0,12.0,0.6787
730,2015,mid_high,0,12.0,0.6804
776,2015,mid_high,0,12.0,0.6821
785,2015,mid_high,0,12.0,0.6838
14,2015,mid_high,0,13.0,0.6856
48,2015,mid_high,0,13.0,0.6873
138,2015,mid_high,0,13.0,0.689
309,2015,mid_high,0,13.0,0.6907
470,2015,mid_high,0,13.0,0.6924
543,2015,mid_high,0,13.0,0.6942
544,2015,mid_high,0,13.0,0.6959
750,2015,mid_high,0,13.0,0.6976
786,2015,mid_high,0,13.0,0.6993
828,2015,mid_high,0,13.0,0.701
849,2015,mid_high,0,13.0,0.7027
9,2015,mid_high,0,14.0,0.7045
171,2015,mid_high,0,14.0,0.7062
205,2015,mid_high,0,14.0,0.7079
208,2015,mid_high,0,14.0,0.7096
263,2015,mid_high,0,14.0,0.7113
271,2015,mid_high,0,14.0,0.7131
403,2015,mid_high,0,14.0,0.7148
582,2015,mid_high,0,14.0,0.7165
590,2015,mid_high,0,14.0,0.7182
602,2015,mid_high,0,14.0,0.7199
779,2015,mid_high,0,14.0,0.7216
24,2015,mid_high,0,15.0,0.7234
26,2015,mid_high,0,15.0,0.7251
52,2015,mid_high,0,15.0,0.7268
54,2015,mid_high,0,15.0,0.7285
58,2015,mid_high,0,15.0,0.7302
66,2015,mid_high,0,15.0,0.732
290,2015,mid_high,0,15.0,0.7337
437,2015,mid_high,0,15.0,0.7354
491,2015,mid_high,0,15.0,0.7371
674,2015,mid_high,0,15.0,0.7388
734,2015,mid_high,0,15.0,0.7405
749,2015,mid_high,0,15.0,0.7423
834,2015,mid_high,0,15.0,0.744
843,2015,mid_high,0,15.0,0.7457
33,2015,mid_high,0,16.0,0.7474
40,2015,mid_high,0,16.0,0.7491
88,2015,high,0,16.0,0.7509
522,2015,high,0,16.0,0.7526
575,2015,high,0,16.0,0.7543
683,2015,high,0,16.0,0.756
782,2015,high,0,16.0,0.7577
68,2015,high,0,17.0,0.7595
95,2015,high,0,17.0,0.7612
476,2015,high,0,17.0,0.7629
525,2015,high,0,17.0,0.7646
622,2015,high,0,17.0,0.7663
722,2015,high,0,17.0,0.768
280,2015,high,0,18.0,0.7698
312,2015,high,0,18.0,0.7715
364,2015,high,0,18.0,0.7732
560,2015,high,0,18.0,0.7749
633,2015,high,0,18.0,0.7766
774,2015,high,0,18.0,0.7784
27,2015,high,0,19.0,0.7801
31,2015,high,0,19.0,0.7818
244,2015,high,0,19.0,0.7835
277,2015,high,0,19.0,0.7852
361,2015,high,0,19.0,0.7869
707,2015,high,0,19.0,0.7887
736,2015,high,0,19.0,0.7904
770,2015,high,0,19.0,0.7921
811,2015,high,0,19.0,0.7938
514,2015,high,0,20.0,0.7955
546,2015,high,0,20.0,0.7973
867,2015,high,0,20.0,0.799
115,2015,high,0,21.0,0.8007
118,2015,high,0,21.0,0.8024
339,2015,high,0,21.0,0.8041
469,2015,high,0,21.0,0.8058
613,2015,high,0,21.0,0.8076
675,2015,high,0,21.0,0.8093
695,2015,high,0,21.0,0.811
713,2015,high,0,21.0,0.8127
731,2015,high,0,21.0,0.8144
766,2015,high,0,21.0,0.8162
809,2015,high,0,21.0,0.8179
835,2015,high,0,21.0,0.8196
20,2015,high,0,22.0,0.8213
255,2015,high,0,22.0,0.823
534,2015,high,0,22.0,0.8247
628,2015,high,0,22.0,0.8265
842,2015,high,0,22.0,0.8282
141,2015,high,0,23.0,0.8299
677,2015,high,0,23.0,0.8316
22,2015,high,0,24.0,0.8333
197,2015,high,0,24.0,0.8351
239,2015,high,0,24.0,0.8368
485,2015,high,0,24.0,0.8385
732,2015,high,0,24.0,0.8402
17,2015,high,0,25.0,0.8419
261,2015,high,0,25.0,0.8436
276,2015,high,0,25.0,0.8454
286,2015,high,0,25.0,0.8471
302,2015,high,0,25.0,0.8488
623,2015,high,0,25.0,0.8505
804,2015,high,0,25.0,0.8522
852,2015,high,0,25.0,0.854
275,2015,high,0,26.0,0.8557
483,2015,high,0,26.0,0.8574
512,2015,high,0,26.0,0.8591
781,2015,high,0,26.0,0.8608
851,2015,high,0,26.0,0.8625
857,2015,high,0,26.0,0.8643
1,2015,high,0,27.0,0.866
19,2015,high,0,27.0,0.8677
174,2015,high,0,27.0,0.8694
230,2015,high,0,27.0,0.8711
298,2015,high,0,27.0,0.8729
477,2015,high,0,27.0,0.8746
484,2015,high,0,27.0,0.8763
397,2015,high,0,28.0,0.878
814,2015,high,0,28.0,0.8797
423,2015,high,0,29.0,0.8814
480,2015,high,0,29.0,0.8832
517,2015,high,0,29.0,0.8849
526,2015,high,0,29.0,0.8866
631,2015,high,0,29.0,0.8883
651,2015,high,0,29.0,0.89
292,2015,high,0,30.0,0.8918
540,2015,high,0,30.0,0.8935
168,2015,high,0,32.0,0.8952
643,2015,high,0,32.0,0.8969
745,2015,high,0,33.0,0.8986
229,2015,high,0,34.0,0.9003
303,2015,high,0,34.0,0.9021
461,2015,high,0,34.0,0.9038
53,2015,high,0,35.0,0.9055
328,2015,high,0,35.0,0.9072
844,2015,high,0,35.0,0.9089
209,2015,high,0,36.0,0.9107
703,2015,high,0,36.0,0.9124
378,2015,high,0,37.0,0.9141
591,2015,high,0,37.0,0.9158
632,2015,high,0,37.0,0.9175
684,2015,high,0,37.0,0.9192
321,2015,high,0,38.0,0.921
429,2015,high,0,38.0,0.9227
468,2015,high,0,38.0,0.9244
729,2015,high,0,38.0,0.9261
235,2015,high,0,40.0,0.9278
278,2015,high,0,40.0,0.9296
411,2015,high,0,40.0,0.9313
608,2015,high,0,40.0,0.933
831,2015,high,0,40.0,0.9347
446,2015,high,0,41.0,0.9364
325,2015,high,0,43.0,0.9381
443,2015,high,0,43.0,0.9399
268,2015,high,0,44.0,0.9416
330,2015,high,0,44.0,0.9433
760,2015,high,0,44.0,0.945
287,2015,high,0,45.0,0.9467
457,2015,high,0,45.0,0.9485
394,2015,viral,1,46.0,0.9502
262,2015,viral,1,47.0,0.9519
371,2015,viral,1,47.0,0.9536
565,2015,viral,1,47.0,0.9553
641,2015,viral,1,47.0,0.957
272,2015,viral,1,48.0,0.9588
654,2015,viral,1,51.0,0.9605
711,2015,viral,1,51.0,0.9622
317,2015,viral,1,52.0,0.9639
685,2015,viral,1,52.0,0.9656
738,2015,viral,1,52.0,0.9674
794,2015,viral,1,52.0,0.9691
369,2015,viral,1,54.0,0.9708
414,2015,viral,1,54.0,0.9725
617,2015,viral,1,55.0,0.9742
647,2015,viral,1,63.0,0.9759
553,2015,viral,1,65.0,0.9777
739,2015,viral,1,72.0,0.9794
265,2015,viral,1,74.0,0.9811
228,2015,viral,1,76.0,0.9828
752,2015,viral,1,79.0,0.9845
322,2015,viral,1,89.0,0.9863
671,2015,viral,1,90.0,0.988
757,2015,viral,1,92.0,0.9897
449,2015,viral,1,98.0,0.9914
283,2015,viral,1,99.0,0.9931
246,2015,viral,1,105.0,0.9948
536,2015,viral,1,107.0,0.9966
366,2015,viral,1,118.0,0.9983
175,2015,viral,1,280.0,1.0
900,2016,low,0,0.0,0.0016
964,2016,low,0,0.0,0.0033
969,2016,low,0,0.0,0.0049
984,2016,low,0,0.0,0.0065
1011,2016,low,0,0.0,0.0082
1056,2016,low,0,0.0,0.0098
1061,2016,low,0,0.0,0.0114
1069,2016,low,0,0.0,0.0131
1070,2016,low,0,0.0,0.0147
1116,2016,low,0,0.0,0.0163
1160,2016,low,0,0.0,0.0179
1183,2016,low,0,0.0,0.0196
1201,2016,low,0,0.0,0.0212
1216,2016,low,0,0.0,0.0228
1232,2016,low,0,0.0,0.0245
1238,2016,low,0,0.0,0.0261
1258,2016,low,0,0.0,0.0277
1267,2016,low,0,0.0,0.0294
1282,2016,low,0,0.0,0.031
1296,2016,low,0,0.0,0.0326
1318,2016,low,0,0.0,0.0343
1354,2016,low,0,0.0,0.0359
1377,2016,low,0,0.0,0.0375
1379,2016,low,0,0.0,0.0392
1385,2016,low,0,0.0,0.0408
1437,2016,low,0,0.0,0.0424
1495,2016,low,0,0.0,0.044
1500,2016,low,0,0.0,0.0457
1543,2016,low,0,0.0,0.0473
1551,2016,low,0,0.0,0.0489
1554,2016,low,0,0.0,0.0506
1582,2016,low,0,0.0,0.0522
1600,2016,low,0,0.0,0.0538
1613,2016,low,0,0.0,0.0555
1684,2016,low,0,0.0,0.0571
1701,2016,low,0,0.0,0.0587
1739,2016,low,0,0.0,0.0604
1757,2016,low,0,0.0,0.062
1847,2016,low,0,0.0,0.0636
1852,2016,low,0,0.0,0.0653
887,2016,low,0,1.0,0.0669
889,2016,low,0,1.0,0.0685
895,2016,low,0,1.0,0.0701
913,2016,low,0,1.0,0.0718
914,2016,low,0,1.0,0.0734
925,2016,low,0,1.0,0.075
961,2016,low,0,1.0,0.0767
973,2016,low,0,1.0,0.0783
993,2016,low,0,1.0,0.0799
1003,2016,low,0,1.0,0.0816
1009,2016,low,0,1.0,0.0832
1033,2016,low,0,1.0,0.0848
1046,2016,low,0,1.0,0.0865
1058,2016,low,0,1.0,0.0881
1083,2016,low,0,1.0,0.0897
1101,2016,low,0,1.0,0.0914
1110,2016,low,0,1.0,0.093
1119,2016,low,0,1.0,0.0946
1130,2016,low,0,1.0,0.0962
1166,2016,low,0,1.0,0.0979
1167,2016,low,0,1.0,0.0995
1168,2016,low,0,1.0,0.1011
1182,2016,low,0,1.0,0.1028
1186,2016,low,0,1.0,0.1044
1199,2016,low,0,1.0,0.106
1213,2016,low,0,1.0,0.1077
1233,2016,low,0,1.0,0.1093
1234,2016,low,0,1.0,0.1109
1235,2016,low,0,1.0,0.1126
1250,2016,low,0,1.0,0.1142
1251,2016,low,0,1.0,0.1158
1255,2016,low,0,1.0,0.1175
1256,2016,low,0,1.0,0.1191
1270,2016,low,0,1.0,0.1207
1319,2016,low,0,1.0,0.1223
1329,2016,low,0,1.0,0.124
1344,2016,low,0,1.0,0.1256
1367,2016,low,0,1.0,0.1272
1387,2016,low,0,1.0,0.1289
1398,2016,low,0,1.0,0.1305
1400,2016,low,0,1.0,0.1321
1410,2016,low,0,1.0,0.1338
1489,2016,low,0,1.0,0.1354
1496,2016,low,0,1.0,0.137
1499,2016,low,0,1.0,0.1387
1503,2016,low,0,1.0,0.1403
1515,2016,low,0,1.0,0.1419
1519,2016,low,0,1.0,0.1436
1542,2016,low,0,1.0,0.1452
1549,2016,low,0,1.0,0.1468
1561,2016,low,0,1.0,0.1485
1566,2016,low,0,1.0,0.1501
1592,2016,low,0,1.0,0.1517
1596,2016,low,0,1.0,0.1533
1599,2016,low,0,1.0,0.155
1625,2016,low,0,1.0,0.1566
1628,2016,low,0,1.0,0.1582
1633,2016,low,0,1.0,0.1599
1702,2016,low,0,1.0,0.1615
1722,2016,low,0,1.0,0.1631
1727,2016,low,0,1.0,0.1648
1731,2016,low,0,1.0,0.1664
1774,2016,low,0,1.0,0.168
1799,2016,low,0,1.0,0.1697
1850,2016,low,0,1.0,0.1713
1854,2016,low,0,1.0,0.1729
1855,2016,low,0,1.0,0.1746
886,2016,low,0,2.0,0.1762
916,2016,low,0,2.0,0.1778
938,2016,low,0,2.0,0.1794
940,2016,low,0,2.0,0.1811
959,2016,low,0,2.0,0.1827
972,2016,low,0,2.0,0.1843
983,2016,low,0,2.0,0.186
1001,2016,low,0,2.0,0.1876
1043,2016,low,0,2.0,0.1892
1045,2016,low,0,2.0,0.1909
1050,2016,low,0,2.0,0.1925
1059,2016,low,0,2.0,0.1941
1084,2016,low,0,2.0,0.1958
1089,2016,low,0,2.0,0.1974
1091,2016,low,0,2.0,0.199
1097,2016,low,0,2.0,0.2007
1099,2016,low,0,2.0,0.2023
1100,2016,low,0,2.0,0.2039
1103,2016,low,0,2.0,0.2055
1104,2016,low,0,2.0,0.2072
1112,2016,low,0,2.0,0.2088
1115,2016,low,0,2.0,0.2104
1122,2016,low,0,2.0,0.2121
1157,2016,low,0,2.0,0.2137
1190,2016,low,0,2.0,0.2153
1239,2016,low,0,2.0,0.217
1260,2016,low,0,2.0,0.2186
1284,2016,low,0,2.0,0.2202
1314,2016,low,0,2.0,0.2219
1338,2016,low,0,2.0,0.2235
1340,2016,low,0,2.0,0.2251
1343,2016,low,0,2.0,0.2268
1346,2016,low,0,2.0,0.2284
1380,2016,low,0,2.0,0.23
1391,2016,low,0,2.0,0.2316
1396,2016,low,0,2.0,0.2333
1403,2016,low,0,2.0,0.2349
1405,2016,low,0,2.0,0.2365
1427,2016,low,0,2.0,0.2382
1439,2016,low,0,2.0,0.2398
1452,2016,low,0,2.0,0.2414
1454,2016,low,0,2.0,0.2431
1493,2016,low,0,2.0,0.2447
1518,2016,low,0,2.0,0.2463
1539,2016,low,0,2.0,0.248
1550,2016,low,0,2.0,0.2496
1553,2016,mid_low,0,2.0,0.2512
1569,2016,mid_low,0,2.0,0.2529
1597,2016,mid_low,0,2.0,0.2545
1610,2016,mid_low,0,2.0,0.2561
1660,2016,mid_low,0,2.0,0.2577
1666,2016,mid_low,0,2.0,0.2594
1669,2016,mid_low,0,2.0,0.261
1698,2016,mid_low,0,2.0,0.2626
1734,2016,mid_low,0,2.0,0.2643
1772,2016,mid_low,0,2.0,0.2659
1842,2016,mid_low,0,2.0,0.2675
890,2016,mid_low,0,3.0,0.2692
933,2016,mid_low,0,3.0,0.2708
947,2016,mid_low,0,3.0,0.2724
967,2016,mid_low,0,3.0,0.2741
1018,2016,mid_low,0,3.0,0.2757
1062,2016,mid_low,0,3.0,0.2773
1076,2016,mid_low,0,3.0,0.279
1086,2016,mid_low,0,3.0,0.2806
1088,2016,mid_low,0,3.0,0.2822
1106,2016,mid_low,0,3.0,0.2838
1128,2016,mid_low,0,3.0,0.2855
1132,2016,mid_low,0,3.0,0.2871
1133,2016,mid_low,0,3.0,0.2887
1134,2016,mid_low,0,3.0,0.2904
1158,2016,mid_low,0,3.0,0.292
1177,2016,mid_low,0,3.0,0.2936
1194,2016,mid_low,0,3.0,0.2953
1212,2016,mid_low,0,3.0,0.2969
1240,2016,mid_low,0,3.0,0.2985
1242,2016,mid_low,0,3.0,0.3002
1249,2016,mid_low,0,3.0,0.3018
1327,2016,mid_low,0,3.0,0.3034
1350,2016,mid_low,0,3.0,0.3051
1429,2016,mid_low,0,3.0,0.3067
1479,2016,mid_low,0,3.0,0.3083
1513,2016,mid_low,0,3.0,0.31
1547,2016,mid_low,0,3.0,0.3116
1572,2016,mid_low,0,3.0,0.3132
1593,2016,mid_low,0,3.0,0.3148
1608,2016,mid_low,0,3.0,0.3165
1611,2016,mid_low,0,3.0,0.3181
1624,2016,mid_low,0,3.0,0.3197
1645,2016,mid_low,0,3.0,0.3214
1703,2016,mid_low,0,3.0,0.323
1715,2016,mid_low,0,3.0,0.3246
1716,2016,mid_low,0,3.0,0.3263
1736,2016,mid_low,0,3.0,0.3279
1049,2016,mid_low,0,4.0,0.3295
1087,2016,mid_low,0,4.0,0.3312
1121,2016,mid_low,0,4.0,0.3328
1161,2016,mid_low,0,4.0,0.3344
1164,2016,mid_low,0,4.0,0.3361
1185,2016,mid_low,0,4.0,0.3377
1192,2016,mid_low,0,4.0,0.3393
1217,2016,mid_low,0,4.0,0.3409
1229,2016,mid_low,0,4.0,0.3426
1268,2016,mid_low,0,4.0,0.3442
1293,2016,mid_low,0,4.0,0.3458
1341,2016,mid_low,0,4.0,0.3475
1342,2016,mid_low,0,4.0,0.3491
1393,2016,mid_low,0,4.0,0.3507
1407,2016,mid_low,0,4.0,0.3524
1423,2016,mid_low,0,4.0,0.354
1455,2016,mid_low,0,4.0,0.3556
1502,2016,mid_low,0,4.0,0.3573
1504,2016,mid_low,0,4.0,0.3589
1517,2016,mid_low,0,4.0,0.3605
1557,2016,mid_low,0,4.0,0.3622
1558,2016,mid_low,0,4.0,0.3638
1578,2016,mid_low,0,4.0,0.3654
1606,2016,mid_low,0,4.0,0.367
1622,2016,mid_low,0,4.0,0.3687
1623,2016,mid_low,0,4.0,0.3703
1634,2016,mid_low,0,4.0,0.3719
1635,2016,mid_low,0,4.0,0.3736
1676,2016,mid_low,0,4.0,0.3752
1007,2016,mid_low,0,5.0,0.3768
1079,2016,mid_low,0,5.0,0.3785
1124,2016,mid_low,0,5.0,0.3801
1175,2016,mid_low,0,5.0,0.3817
1227,2016,mid_low,0,5.0,0.3834
1236,2016,mid_low,0,5.0,0.385
1259,2016,mid_low,0,5.0,0.3866
1308,2016,mid_low,0,5.0,0.3883
1324,2016,mid_low,0,5.0,0.3899
1390,2016,mid_low,0,5.0,0.3915
1413,2016,mid_low,0,5.0,0.3931
1560,2016,mid_low,0,5.0,0.3948
1655,2016,mid_low,0,5.0,0.3964
1662,2016,mid_low,0,5.0,0.398
1663,2016,mid_low,0,5.0,0.3997
1694,2016,mid_low,0,5.0,0.4013
1696,2016,mid_low,0,5.0,0.4029
1729,2016,mid_low,0,5.0,0.4046
1732,2016,mid_low,0,5.0,0.4062
1791,2016,mid_low,0,5.0,0.4078
1810,2016,mid_low,0,5.0,0.4095
892,2016,mid_low,0,6.0,0.4111
903,2016,mid_low,0,6.0,0.4127
910,2016,mid_low,0,6.0,0.4144
912,2016,mid_low,0,6.0,0.416
915,2016,mid_low,0,6.0,0.4176
942,2016,mid_low,0,6.0,0.4192
982,2016,mid_low,0,6.0,0.4209
1107,2016,mid_low,0,6.0,0.4225
1111,2016,mid_low,0,6.0,0.4241
1196,2016,mid_low,0,6.0,0.4258
1200,2016,mid_low,0,6.0,0.4274
1224,2016,mid_low,0,6.0,0.429
1297,2016,mid_low,0,6.0,0.4307
1299,2016,mid_low,0,6.0,0.4323
1317,2016,mid_low,0,6.0,0.4339
1336,2016,mid_low,0,6.0,0.4356
1381,2016,mid_low,0,6.0,0.4372
1409,2016,mid_low,0,6.0,0.4388
1530,2016,mid_low,0,6.0,0.4405
1532,2016,mid_low,0,6.0,0.4421
1545,2016,mid_low,0,6.0,0.4437
1730,2016,mid_low,0,6.0,0.4454
1780,2016,mid_low,0,6.0,0.447
1841,2016,mid_low,0,6.0,0.4486
1853,2016,mid_low,0,6.0,0.4502
894,2016,mid_low,0,7.0,0.4519
911,2016,mid_low,0,7.0,0.4535
930,2016,mid_low,0,7.0,0.4551
960,2016,mid_low,0,7.0,0.4568
963,2016,mid_low,0,7.0,0.4584
997,2016,mid_low,0,7.0,0.46
998,2016,mid_low,0,7.0,0.4617
1038,2016,mid_low,0,7.0,0.4633
1068,2016,mid_low,0,7.0,0.4649
1139,2016,mid_low,0,7.0,0.4666
1261,2016,mid_low,0,7.0,0.4682
1290,2016,mid_low,0,7.0,0.4698
1301,2016,mid_low,0,7.0,0.4715
1304,2016,mid_low,0,7.0,0.4731
1345,2016,mid_low,0,7.0,0.4747
1348,2016,mid_low,0,7.0,0.4763
1363,2016,mid_low,0,7.0,0.478
1376,2016,mid_low,0,7.0,0.4796
1378,2016,mid_low,0,7.0,0.4812
1382,2016,mid_low,0,7.0,0.4829
1451,2016,mid_low,0,7.0,0.4845
1488,2016,mid_low,0,7.0,0.4861
1501,2016,mid_low,0,7.0,0.4878
1565,2016,mid_low,0,7.0,0.4894
1585,2016,mid_low,0,7.0,0.491
1589,2016,mid_low,0,7.0,0.4927
1590,2016,mid_low,0,7.0,0.4943
1594,2016,mid_low,0,7.0,0.4959
1603,2016,mid_low,0,7.0,0.4976
1604,2016,mid_low,0,7.0,0.4992
1609,2016,mid_high,0,7.0,0.5008
1770,2016,mid_high,0,7.0,0.5024
885,2016,mid_high,0,8.0,0.5041
943,2016,mid_high,0,8.0,0.5057
968,2016,mid_high,0,8.0,0.5073
970,2016,mid_high,0,8.0,0.509
1020,2016,mid_high,0,8.0,0.5106
1172,2016,mid_high,0,8.0,0.5122
1176,2016,mid_high,0,8.0,0.5139
1193,2016,mid_high,0,8.0,0.5155
1220,2016,mid_high,0,8.0,0.5171
1328,2016,mid_high,0,8.0,0.5188
1416,2016,mid_high,0,8.0,0.5204
1434,2016,mid_high,0,8.0,0.522
1467,2016,mid_high,0,8.0,0.5237
1497,2016,mid_high,0,8.0,0.5253
1506,2016,mid_high,0,8.0,0.5269
1564,2016,mid_high,0,8.0,0.5285
1581,2016,mid_high,0,8.0,0.5302
1620,2016,mid_high,0,8.0,0.5318
1642,2016,mid_high,0,8.0,0.5334
1667,2016,mid_high,0,8.0,0.5351
1692,2016,mid_high,0,8.0,0.5367
1700,2016,mid_high,0,8.0,0.5383
1738,2016,mid_high,0,8.0,0.54
1741,2016,mid_high,0,8.0,0.5416
1814,2016,mid_high,0,8.0,0.5432
1848,2016,mid_high,0,8.0,0.5449
897,2016,mid_high,0,9.0,0.5465
923,2016,mid_high,0,9.0,0.5481
924,2016,mid_high,0,9.0,0.5498
949,2016,mid_high,0,9.0,0.5514
966,2016,mid_high,0,9.0,0.553
1006,2016,mid_high,0,9.0,0.5546
1021,2016,mid_high,0,9.0,0.5563
1118,2016,mid_high,0,9.0,0.5579
1225,2016,mid_high,0,9.0,0.5595
1254,2016,mid_high,0,9.0,0.5612
1352,2016,mid_high,0,9.0,0.5628
1399,2016,mid_high,0,9.0,0.5644
1508,2016,mid_high,0,9.0,0.5661
1510,2016,mid_high,0,9.0,0.5677
1541,2016,mid_high,0,9.0,0.5693
1567,2016,mid_high,0,9.0,0.571
1577,2016,mid_high,0,9.0,0.5726
1583,2016,mid_high,0,9.0,0.5742
1637,2016,mid_high,0,9.0,0.5759
1668,2016,mid_high,0,9.0,0.5775
1699,2016,mid_high,0,9.0,0.5791
986,2016,mid_high,0,10.0,0.5808
1048,2016,mid_high,0,10.0,0.5824
1053,2016,mid_high,0,10.0,0.584
1125,2016,mid_high,0,10.0,0.5856
1142,2016,mid_high,0,10.0,0.5873
1159,2016,mid_high,0,10.0,0.5889
1264,2016,mid_high,0,10.0,0.5905
1271,2016,mid_high,0,10.0,0.5922
1280,2016,mid_high,0,10.0,0.5938
1347,2016,mid_high,0,10.0,0.5954
1355,2016,mid_high,0,10.0,0.5971
1395,2016,mid_high,0,10.0,0.5987
1473,2016,mid_high,0,10.0,0.6003
1478,2016,mid_high,0,10.0,0.602
1521,2016,mid_high,0,10.0,0.6036
1605,2016,mid_high,0,10.0,0.6052
1629,2016,mid_high,0,10.0,0.6069
1688,2016,mid_high,0,10.0,0.6085
1755,2016,mid_high,0,10.0,0.6101
985,2016,mid_high,0,11.0,0.6117
1105,2016,mid_high,0,11.0,0.6134
1174,2016,mid_high,0,11.0,0.615
1226,2016,mid_high,0,11.0,0.6166
1334,2016,mid_high,0,11.0,0.6183
1339,2016,mid_high,0,11.0,0.6199
1366,2016,mid_high,0,11.0,0.6215
1538,2016,mid_high,0,11.0,0.6232
1556,2016,mid_high,0,11.0,0.6248
1559,2016,mid_high,0,11.0,0.6264
1579,2016,mid_high,0,11.0,0.6281
1705,2016,mid_high,0,11.0,0.6297
1728,2016,mid_high,0,11.0,0.6313
1793,2016,mid_high,0,11.0,0.633
906,2016,mid_high,0,12.0,0.6346
1102,2016,mid_high,0,12.0,0.6362
1135,2016,mid_high,0,12.0,0.6378
1265,2016,mid_high,0,12.0,0.6395
1272,2016,mid_high,0,12.0,0.6411
1300,2016,mid_high,0,12.0,0.6427
1321,2016,mid_high,0,12.0,0.6444
1422,2016,mid_high,0,12.0,0.646
1463,2016,mid_high,0,12.0,0.6476
1465,2016,mid_high,0,12.0,0.6493
1494,2016,mid_high,0,12.0,0.6509
1514,2016,mid_high,0,12.0,0.6525
1580,2016,mid_high,0,12.0,0.6542
1602,2016,mid_high,0,12.0,0.6558
1615,2016,mid_high,0,12.0,0.6574
1617,2016,mid_high,0,12.0,0.6591
1661,2016,mid_high,0,12.0,0.6607
1695,2016,mid_high,0,12.0,0.6623
1777,2016,mid_high,0,12.0,0.6639
901,2016,mid_high,0,13.0,0.6656
936,2016,mid_high,0,13.0,0.6672
974,2016,mid_high,0,13.0,0.6688
1034,2016,mid_high,0,13.0,0.6705
1057,2016,mid_high,0,13.0,0.6721
1109,2016,mid_high,0,13.0,0.6737
1266,2016,mid_high,0,13.0,0.6754
1523,2016,mid_high,0,13.0,0.677
1548,2016,mid_high,0,13.0,0.6786
1665,2016,mid_high,0,13.0,0.6803
1691,2016,mid_high,0,13.0,0.6819
1742,2016,mid_high,0,13.0,0.6835
1779,2016,mid_high,0,13.0,0.6852
1789,2016,mid_high,0,13.0,0.6868
1813,2016,mid_high,0,13.0,0.6884
902,2016,mid_high,0,14.0,0.69
907,2016,mid_high,0,14.0,0.6917
1025,2016,mid_high,0,14.0,0.6933
1117,2016,mid_high,0,14.0,0.6949
1208,2016,mid_high,0,14.0,0.6966
1388,2016,mid_high,0,14.0,0.6982
1487,2016,mid_high,0,14.0,0.6998
1491,2016,mid_high,0,14.0,0.7015
1498,2016,mid_high,0,14.0,0.7031
1505,2016,mid_high,0,14.0,0.7047
1586,2016,mid_high,0,14.0,0.7064
1591,2016,mid_high,0,14.0,0.708
904,2016,mid_high,0,15.0,0.7096
917,2016,mid_high,0,15.0,0.7113
987,2016,mid_high,0,15.0,0.7129
1032,2016,mid_high,0,15.0,0.7145
1143,2016,mid_high,0,15.0,0.7162
1144,2016,mid_high,0,15.0,0.7178
1206,2016,mid_high,0,15.0,0.7194
1269,2016,mid_high,0,15.0,0.721
1406,2016,mid_high,0,15.0,0.7227
1430,2016,mid_high,0,15.0,0.7243
1442,2016,mid_high,0,15.0,0.7259
1616,2016,mid_high,0,15.0,0.7276
1643,2016,mid_high,0,15.0,0.7292
896,2016,mid_high,0,16.0,0.7308
918,2016,mid_high,0,16.0,0.7325
1090,2016,mid_high,0,16.0,0.7341
1095,2016,mid_high,0,16.0,0.7357
1170,2016,mid_high,0,16.0,0.7374
1179,2016,mid_high,0,16.0,0.739
1188,2016,mid_high,0,16.0,0.7406
1189,2016,mid_high,0,16.0,0.7423
1248,2016,mid_high,0,16.0,0.7439
1253,2016,mid_high,0,16.0,0.7455
1263,2016,mid_high,0,16.0,0.7471
1323,2016,mid_high,0,16.0,0.7488
1466,2016,high,0,16.0,0.7504
1646,2016,high,0,16.0,0.752
1690,2016,high,0,16.0,0.7537
1725,2016,high,0,16.0,0.7553
1794,2016,high,0,16.0,0.7569
927,2016,high,0,17.0,0.7586
934,2016,high,0,17.0,0.7602
948,2016,high,0,17.0,0.7618
989,2016,high,0,17.0,0.7635
1085,2016,high,0,17.0,0.7651
1113,2016,high,0,17.0,0.7667
1163,2016,high,0,17.0,0.7684
1181,2016,high,0,17.0,0.77
1533,2016,high,0,17.0,0.7716
1710,2016,high,0,17.0,0.7732
1711,2016,high,0,17.0,0.7749
1781,2016,high,0,17.0,0.7765
1066,2016,high,0,18.0,0.7781
1211,2016,high,0,18.0,0.7798
1244,2016,high,0,18.0,0.7814
1298,2016,high,0,18.0,0.783
1417,2016,high,0,18.0,0.7847
1520,2016,high,0,18.0,0.7863
1687,2016,high,0,18.0,0.7879
1797,2016,high,0,18.0,0.7896
945,2016,high,0,19.0,0.7912
1044,2016,high,0,19.0,0.7928
1140,2016,high,0,19.0,0.7945
1141,2016,high,0,19.0,0.7961
1349,2016,high,0,19.0,0.7977
1619,2016,high,0,19.0,0.7993
1626,2016,high,0,19.0,0.801
1693,2016,high,0,19.0,0.8026
1763,2016,high,0,19.0,0.8042
990,2016,high,0,20.0,0.8059
1071,2016,high,0,20.0,0.8075
1173,2016,high,0,20.0,0.8091
1707,2016,high,0,20.0,0.8108
1708,2016,high,0,20.0,0.8124
1724,2016,high,0,20.0,0.814
1744,2016,high,0,20.0,0.8157
1754,2016,high,0,20.0,0.8173
1093,2016,high,0,21.0,0.8189
1114,2016,high,0,21.0,0.8206
1202,2016,high,0,21.0,0.8222
1279,2016,high,0,21.0,0.8238
1283,2016,high,0,21.0,0.8254
1325,2016,high,0,21.0,0.8271
1647,2016,high,0,21.0,0.8287
891,2016,high,0,22.0,0.8303
1241,2016,high,0,22.0,0.832
1358,2016,high,0,22.0,0.8336
1456,2016,high,0,22.0,0.8352
1573,2016,high,0,22.0,0.8369
1654,2016,high,0,22.0,0.8385
939,2016,high,0,23.0,0.8401
1047,2016,high,0,23.0,0.8418
1171,2016,high,0,23.0,0.8434
1552,2016,high,0,23.0,0.845
884,2016,high,0,24.0,0.8467
944,2016,high,0,24.0,0.8483
1019,2016,high,0,24.0,0.8499
1214,2016,high,0,24.0,0.8515
1330,2016,high,0,24.0,0.8532
1332,2016,high,0,24.0,0.8548
1368,2016,high,0,24.0,0.8564
1012,2016,high,0,25.0,0.8581
1026,2016,high,0,25.0,0.8597
1096,2016,high,0,25.0,0.8613
1120,2016,high,0,25.0,0.863
1223,2016,high,0,25.0,0.8646
1353,2016,high,0,25.0,0.8662
1230,2016,high,0,26.0,0.8679
1364,2016,high,0,26.0,0.8695
1443,2016,high,0,26.0,0.8711
1511,2016,high,0,26.0,0.8728
1671,2016,high,0,26.0,0.8744
932,2016,high,0,27.0,0.876
1017,2016,high,0,27.0,0.8777
1060,2016,high,0,27.0,0.8793
1131,2016,high,0,27.0,0.8809
1322,2016,high,0,27.0,0.8825
1747,2016,high,0,27.0,0.8842
1756,2016,high,0,27.0,0.8858
1788,2016,high,0,27.0,0.8874
1843,2016,high,0,27.0,0.8891
935,2016,high,0,28.0,0.8907
1129,2016,high,0,28.0,0.8923
1389,2016,high,0,28.0,0.894
1630,2016,high,0,28.0,0.8956
999,2016,high,0,29.0,0.8972
1010,2016,high,0,29.0,0.8989
981,2016,high,0,30.0,0.9005
1031,2016,high,0,30.0,0.9021
1187,2016,high,0,30.0,0.9038
1278,2016,high,0,30.0,0.9054
1544,2016,high,0,30.0,0.907
1674,2016,high,0,30.0,0.9086
926,2016,high,0,31.0,0.9103
931,2016,high,0,31.0,0.9119
1072,2016,high,0,32.0,0.9135
1546,2016,high,0,32.0,0.9152
1218,2016,high,0,33.0,0.9168
1285,2016,high,0,34.0,0.9184
1320,2016,high,0,34.0,0.9201
1331,2016,high,0,34.0,0.9217
958,2016,high,0,35.0,0.9233
1178,2016,high,0,35.0,0.925
898,2016,high,0,36.0,0.9266
1203,2016,high,0,36.0,0.9282
1776,2016,high,0,36.0,0.9299
1197,2016,high,0,37.0,0.9315
1262,2016,high,0,37.0,0.9331
1326,2016,high,0,37.0,0.9347
1664,2016,high,0,37.0,0.9364
1054,2016,high,0,39.0,0.938
1004,2016,high,0,40.0,0.9396
1063,2016,high,0,40.0,0.9413
1094,2016,high,0,40.0,0.9429
1184,2016,high,0,40.0,0.9445
1782,2016,high,0,41.0,0.9462
1516,2016,high,0,42.0,0.9478
1800,2016,high,0,43.0,0.9494
1243,2016,viral,1,46.0,0.9511
905,2016,viral,1,47.0,0.9527
1035,2016,viral,1,48.0,0.9543
1652,2016,viral,1,48.0,0.956
1123,2016,viral,1,50.0,0.9576
1758,2016,viral,1,50.0,0.9592
1746,2016,viral,1,51.0,0.9608
950,2016,viral,1,52.0,0.9625
1435,2016,viral,1,53.0,0.9641
1816,2016,viral,1,53.0,0.9657
928,2016,viral,1,55.0,0.9674
1024,2016,viral,1,56.0,0.969
1672,2016,viral,1,56.0,0.9706
1670,2016,viral,1,57.0,0.9723
1275,2016,viral,1,58.0,0.9739
946,2016,viral,1,59.0,0.9755
1286,2016,viral,1,62.0,0.9772
962,2016,viral,1,64.0,0.9788
1721,2016,viral,1,71.0,0.9804
965,2016,viral,1,72.0,0.9821
1051,2016,viral,1,73.0,0.9837
1075,2016,viral,1,73.0,0.9853
1394,2016,viral,1,80.0,0.9869
1540,2016,viral,1,80.0,0.9886
1641,2016,viral,1,95.0,0.9902
1612,2016,viral,1,111.0,0.9918
1477,2016,viral,1,124.0,0.9935
1195,2016,viral,1,126.0,0.9951
941,2016,viral,1,141.0,0.9967
1231,2016,viral,1,159.0,0.9984
1014,2016,viral,1,270.0,1.0
2317,2017,low,0,0.0,0.0019
2772,2017,low,0,0.0,0.0039
2786,2017,low,0,0.0,0.0058
2806,2017,low,0,0.0,0.0078
2895,2017,low,0,1.0,0.0097
1884,2017,low,0,1.88,0.0116
2487,2017,low,0,2.0,0.0136
1927,2017,low,0,2.08,0.0155
2394,2017,low,0,2.44,0.0174
1979,2017,low,0,2.62,0.0194
2193,2017,low,0,2.62,0.0213
2121,2017,low,0,2.68,0.0233
2167,2017,low,0,2.74,0.0252
1892,2017,low,0,2.76,0.0271
1926,2017,low,0,2.76,0.0291
1928,2017,low,0,2.76,0.031
1872,2017,low,0,2.78,0.0329
2103,2017,low,0,2.8,0.0349
2390,2017,low,0,2.8,0.0368
2169,2017,low,0,2.82,0.0388
2206,2017,low,0,2.9,0.0407
2414,2017,low,0,2.9,0.0426
2057,2017,low,0,2.92,0.0446
2102,2017,low,0,2.94,0.0465
2403,2017,low,0,2.94,0.0484
2106,2017,low,0,3.0,0.0504
2254,2017,low,0,3.04,0.0523
2357,2017,low,0,3.06,0.0543
2234,2017,low,0,3.08,0.0562
2383,2017,low,0,3.08,0.0581
2256,2017,low,0,3.16,0.0601
2353,2017,low,0,3.18,0.062
2105,2017,low,0,3.22,0.064
1963,2017,low,0,3.28,0.0659
2358,2017,low,0,3.3,0.0678
2058,2017,low,0,3.36,0.0698
1856,2017,low,0,3.4,0.0717
1948,2017,low,0,3.48,0.0736
2838,2017,low,0,3.54,0.0756
2139,2017,low,0,3.72,0.0775
2128,2017,low,0,3.8,0.0795
2135,2017,low,0,3.84,0.0814
2381,2017,low,0,3.86,0.0833
2382,2017,low,0,3.86,0.0853
2188,2017,low,0,3.88,0.0872
2493,2017,low,0,3.9,0.0891
1875,2017,low,0,3.92,0.0911
1929,2017,low,0,3.92,0.093
2119,2017,low,0,3.92,0.095
2036,2017,low,0,3.94,0.0969
2348,2017,low,0,3.94,0.0988
1904,2017,low,0,3.96,0.1008
2059,2017,low,0,3.96,0.1027
2557,2017,low,0,3.96,0.1047
2697,2017,low,0,4.0,0.1066
2252,2017,low,0,4.06,0.1085
2197,2017,low,0,4.08,0.1105
2295,2017,low,0,4.08,0.1124
2356,2017,low,0,4.1,0.1143
2376,2017,low,0,4.1,0.1163
2404,2017,low,0,4.14,0.1182
2142,2017,low,0,4.14,0.1202
2597,2017,low,0,4.16,0.1221
2802,2017,low,0,4.16,0.124
2184,2017,low,0,4.18,0.126
2474,2017,low,0,4.22,0.1279
2171,2017,low,0,4.26,0.1298
2035,2017,low,0,4.32,0.1318
1865,2017,low,0,4.4,0.1337
2759,2017,low,0,4.42,0.1357
2355,2017,low,0,4.44,0.1376
2374,2017,low,0,4.44,0.1395
2020,2017,low,0,4.44,0.1415
1947,2017,low,0,4.46,0.1434
2050,2017,low,0,4.46,0.1453
2743,2017,low,0,4.48,0.1473
2434,2017,low,0,4.5,0.1492
2084,2017,low,0,4.54,0.1512
2079,2017,low,0,4.66,0.1531
2367,2017,low,0,4.66,0.155
2428,2017,low,0,4.66,0.157
2222,2017,low,0,4.7,0.1589
2767,2017,low,0,4.72,0.1609
1863,2017,low,0,4.76,0.1628
2413,2017,low,0,4.78,0.1647
2043,2017,low,0,4.8,0.1667
2470,2017,low,0,4.84,0.1686
1885,2017,low,0,4.86,0.1705
2436,2017,low,0,4.9,0.1725
2440,2017,low,0,4.98,0.1744
2046,2017,low,0,5.0,0.1764
2523,2017,low,0,5.0,0.1783
2739,2017,low,0,5.0,0.1802
2396,2017,low,0,5.02,0.1822
1882,2017,low,0,5.1,0.1841
2289,2017,low,0,5.14,0.186
2352,2017,low,0,5.14,0.188
2074,2017,low,0,5.18,0.1899
1917,2017,low,0,5.22,0.1919
2040,2017,low,0,5.26,0.1938
1924,2017,low,0,5.3,0.1957
2052,2017,low,0,5.3,0.1977
2406,2017,low,0,5.3,0.1996
2041,2017,low,0,5.32,0.2016
2257,2017,low,0,5.32,0.2035
2867,2017,low,0,5.38,0.2054
2373,2017,low,0,5.42,0.2074
2499,2017,low,0,5.48,0.2093
1931,2017,low,0,5.5,0.2112
2225,2017,low,0,5.54,0.2132
2114,2017,low,0,5.56,0.2151
2841,2017,low,0,5.6,0.2171
2388,2017,low,0,5.64,0.219
1956,2017,low,0,5.66,0.2209
2124,2017,low,0,5.66,0.2229
2649,2017,low,0,5.68,0.2248
2733,2017,low,0,5.68,0.2267
2675,2017,low,0,5.7,0.2287
2338,2017,low,0,5.76,0.2306
2415,2017,low,0,5.78,0.2326
2738,2017,low,0,5.82,0.2345
2224,2017,low,0,5.84,0.2364
2488,2017,low,0,5.84,0.2384
2351,2017,low,0,5.88,0.2403
2677,2017,low,0,5.88,0.2422
1903,2017,low,0,5.92,0.2442
2766,2017,low,0,5.94,0.2461
2172,2017,low,0,5.96,0.2481
2511,2017,low,0,5.96,0.25
2145,2017,mid_low,0,6.0,0.2519
2051,2017,mid_low,0,6.02,0.2539
2744,2017,mid_low,0,6.02,0.2558
2496,2017,mid_low,0,6.1,0.2578
2646,2017,mid_low,0,6.1,0.2597
2755,2017,mid_low,0,6.12,0.2616
2056,2017,mid_low,0,6.16,0.2636
2170,2017,mid_low,0,6.16,0.2655
2368,2017,mid_low,0,6.18,0.2674
2771,2017,mid_low,0,6.18,0.2694
2603,2017,mid_low,0,6.2,0.2713
1883,2017,mid_low,0,6.22,0.2733
2365,2017,mid_low,0,6.28,0.2752
2444,2017,mid_low,0,6.3,0.2771
2375,2017,mid_low,0,6.32,0.2791
2207,2017,mid_low,0,6.38,0.281
2088,2017,mid_low,0,6.46,0.2829
2562,2017,mid_low,0,6.46,0.2849
2791,2017,mid_low,0,6.56,0.2868
1957,2017,mid_low,0,6.62,0.2888
1879,2017,mid_low,0,6.66,0.2907
2651,2017,mid_low,0,6.84,0.2926
2483,2017,mid_low,0,6.88,0.2946
2112,2017,mid_low,0,6.94,0.2965
2350,2017,mid_low,0,6.98,0.2984
1971,2017,mid_low,0,7.0,0.3004
2009,2017,mid_low,0,7.0,0.3023
2658,2017,mid_low,0,7.02,0.3043
2364,2017,mid_low,0,7.04,0.3062
2078,2017,mid_low,0,7.08,0.3081
2045,2017,mid_low,0,7.14,0.3101
2435,2017,mid_low,0,7.18,0.312
2120,2017,mid_low,0,7.22,0.314
2255,2017,mid_low,0,7.32,0.3159
1898,2017,mid_low,0,7.52,0.3178
2279,2017,mid_low,0,7.52,0.3198
2765,2017,mid_low,0,7.62,0.3217
2926,2017,mid_low,0,7.62,0.3236
2625,2017,mid_low,0,7.68,0.3256
2711,2017,mid_low,0,7.74,0.3275
2427,2017,mid_low,0,7.76,0.3295
1890,2017,mid_low,0,7.8,0.3314
2431,2017,mid_low,0,7.8,0.3333
2019,2017,mid_low,0,7.82,0.3353
2429,2017,mid_low,0,7.84,0.3372
2471,2017,mid_low,0,7.84,0.3391
2837,2017,mid_low,0,7.84,0.3411
2857,2017,mid_low,0,7.96,0.343
2064,2017,mid_low,0,8.0,0.345
2075,2017,mid_low,0,8.02,0.3469
2194,2017,mid_low,0,8.1,0.3488
2878,2017,mid_low,0,8.14,0.3508
2648,2017,mid_low,0,8.18,0.3527
2801,2017,mid_low,0,8.22,0.3547
2750,2017,mid_low,0,8.26,0.3566
1934,2017,mid_low,0,8.28,0.3585
1857,2017,mid_low,0,8.34,0.3605
2150,2017,mid_low,0,8.4,0.3624
1858,2017,mid_low,0,8.44,0.3643
1889,2017,mid_low,0,8.54,0.3663
2773,2017,mid_low,0,8.54,0.3682
2017,2017,mid_low,0,8.6,0.3702
2115,2017,mid_low,0,8.74,0.3721
2656,2017,mid_low,0,8.86,0.374
2109,2017,mid_low,0,8.92,0.376
2391,2017,mid_low,0,8.92,0.3779
2386,2017,mid_low,0,8.98,0.3798
2461,2017,mid_low,0,9.1,0.3818
2144,2017,mid_low,0,9.24,0.3837
2803,2017,mid_low,0,9.44,0.3857
2349,2017,mid_low,0,9.52,0.3876
2854,2017,mid_low,0,9.52,0.3895
2734,2017,mid_low,0,9.56,0.3915
2034,2017,mid_low,0,9.58,0.3934
2047,2017,mid_low,0,9.6,0.3953
1964,2017,mid_low,0,9.62,0.3973
2241,2017,mid_low,0,9.62,0.3992
2472,2017,mid_low,0,9.7,0.4012
2385,2017,mid_low,0,9.78,0.4031
1919,2017,mid_low,0,9.8,0.405
2513,2017,mid_low,0,9.82,0.407
2584,2017,mid_low,0,9.88,0.4089
2745,2017,mid_low,0,9.92,0.4109
2872,2017,mid_low,0,9.92,0.4128
2235,2017,mid_low,0,9.96,0.4147
2540,2017,mid_low,0,10.0,0.4167
2721,2017,mid_low,0,10.02,0.4186
2061,2017,mid_low,0,10.04,0.4205
2196,2017,mid_low,0,10.04,0.4225
1925,2017,mid_low,0,10.06,0.4244
2032,2017,mid_low,0,10.1,0.4264
2104,2017,mid_low,0,10.1,0.4283
2100,2017,mid_low,0,10.24,0.4302
1877,2017,mid_low,0,10.26,0.4322
2657,2017,mid_low,0,10.28,0.4341
2600,2017,mid_low,0,10.42,0.436
2134,2017,mid_low,0,10.52,0.438
2366,2017,mid_low,0,10.52,0.4399
1920,2017,mid_low,0,10.54,0.4419
2253,2017,mid_low,0,10.56,0.4438
2122,2017,mid_low,0,10.62,0.4457
2344,2017,mid_low,0,10.68,0.4477
2143,2017,mid_low,0,10.7,0.4496
2030,2017,mid_low,0,10.82,0.4516
2335,2017,mid_low,0,10.84,0.4535
2746,2017,mid_low,0,10.88,0.4554
2389,2017,mid_low,0,10.9,0.4574
2732,2017,mid_low,0,10.96,0.4593
2065,2017,mid_low,0,11.04,0.4612
2798,2017,mid_low,0,11.08,0.4632
2455,2017,mid_low,0,11.12,0.4651
1906,2017,mid_low,0,11.16,0.4671
2005,2017,mid_low,0,11.18,0.469
1896,2017,mid_low,0,11.26,0.4709
2531,2017,mid_low,0,11.26,0.4729
1893,2017,mid_low,0,11.28,0.4748
2216,2017,mid_low,0,11.3,0.4767
2839,2017,mid_low,0,11.32,0.4787
1974,2017,mid_low,0,11.34,0.4806
2296,2017,mid_low,0,11.34,0.4826
2570,2017,mid_low,0,11.38,0.4845
2417,2017,mid_low,0,11.46,0.4864
2412,2017,mid_low,0,11.48,0.4884
2475,2017,mid_low,0,11.48,0.4903
2605,2017,mid_low,0,11.5,0.4922
2398,2017,mid_low,0,11.58,0.4942
2654,2017,mid_low,0,11.64,0.4961
2877,2017,mid_low,0,11.66,0.4981
2151,2017,mid_low,0,11.68,0.5
2397,2017,mid_high,0,11.74,0.5019
2883,2017,mid_high,0,11.84,0.5039
2259,2017,mid_high,0,12.04,0.5058
2437,2017,mid_high,0,12.1,0.5078
2380,2017,mid_high,0,12.36,0.5097
2490,2017,mid_high,0,12.46,0.5116
2073,2017,mid_high,0,12.56,0.5136
2758,2017,mid_high,0,12.6,0.5155
2198,2017,mid_high,0,12.74,0.5174
2393,2017,mid_high,0,12.74,0.5194
2742,2017,mid_high,0,12.76,0.5213
2329,2017,mid_high,0,12.8,0.5233
2223,2017,mid_high,0,12.86,0.5252
2239,2017,mid_high,0,13.0,0.5271
2764,2017,mid_high,0,13.06,0.5291
2601,2017,mid_high,0,13.14,0.531
2232,2017,mid_high,0,13.16,0.5329
2573,2017,mid_high,0,13.16,0.5349
2136,2017,mid_high,0,13.18,0.5368
2927,2017,mid_high,0,13.3,0.5388
2737,2017,mid_high,0,13.38,0.5407
2219,2017,mid_high,0,13.5,0.5426
2683,2017,mid_high,0,13.8,0.5446
2369,2017,mid_high,0,13.98,0.5465
2099,2017,mid_high,0,14.0,0.5484
2165,2017,mid_high,0,14.06,0.5504
2626,2017,mid_high,0,14.1,0.5523
2442,2017,mid_high,0,14.2,0.5543
2790,2017,mid_high,0,14.32,0.5562
1933,2017,mid_high,0,14.56,0.5581
2021,2017,mid_high,0,14.64,0.5601
2596,2017,mid_high,0,14.7,0.562
2011,2017,mid_high,0,14.78,0.564
1977,2017,mid_high,0,14.88,0.5659
2086,2017,mid_high,0,14.96,0.5678
2026,2017,mid_high,0,15.08,0.5698
2118,2017,mid_high,0,15.2,0.5717
2433,2017,mid_high,0,15.44,0.5736
2077,2017,mid_high,0,15.44,0.5756
2395,2017,mid_high,0,15.52,0.5775
2098,2017,mid_high,0,15.58,0.5795
2071,2017,mid_high,0,15.66,0.5814
1859,2017,mid_high,0,15.68,0.5833
2251,2017,mid_high,0,15.7,0.5853
1965,2017,mid_high,0,15.74,0.5872
2884,2017,mid_high,0,15.88,0.5891
2377,2017,mid_high,0,15.9,0.5911
2770,2017,mid_high,0,15.9,0.593
2799,2017,mid_high,0,15.96,0.595
2260,2017,mid_high,0,15.98,0.5969
2038,2017,mid_high,0,16.0,0.5988
2337,2017,mid_high,0,16.0,0.6008
2800,2017,mid_high,0,16.16,0.6027
2110,2017,mid_high,0,16.18,0.6047
2873,2017,mid_high,0,16.26,0.6066
2923,2017,mid_high,0,16.3,0.6085
2552,2017,mid_high,0,16.32,0.6105
2240,2017,mid_high,0,16.46,0.6124
2245,2017,mid_high,0,16.6,0.6143
1891,2017,mid_high,0,16.7,0.6163
2085,2017,mid_high,0,16.7,0.6182
2200,2017,mid_high,0,16.74,0.6202
2387,2017,mid_high,0,16.78,0.6221
2147,2017,mid_high,0,16.82,0.624
2635,2017,mid_high,0,17.08,0.626
2631,2017,mid_high,0,17.1,0.6279
2080,2017,mid_high,0,17.12,0.6298
2637,2017,mid_high,0,17.18,0.6318
2033,2017,mid_high,0,17.28,0.6337
2049,2017,mid_high,0,17.42,0.6357
2168,2017,mid_high,0,17.46,0.6376
2853,2017,mid_high,0,17.48,0.6395
2538,2017,mid_high,0,17.5,0.6415
2066,2017,mid_high,0,17.58,0.6434
2811,2017,mid_high,0,17.72,0.6453
1921,2017,mid_high,0,17.82,0.6473
2111,2017,mid_high,0,17.88,0.6492
2809,2017,mid_high,0,18.04,0.6512
2795,2017,mid_high,0,18.2,0.6531
1866,2017,mid_high,0,18.46,0.655
2663,2017,mid_high,0,18.54,0.657
1905,2017,mid_high,0,18.68,0.6589
2418,2017,mid_high,0,19.08,0.6609
2587,2017,mid_high,0,19.08,0.6628
2577,2017,mid_high,0,19.2,0.6647
2550,2017,mid_high,0,19.4,0.6667
2807,2017,mid_high,0,19.4,0.6686
2724,2017,mid_high,0,19.56,0.6705
2868,2017,mid_high,0,19.7,0.6725
2141,2017,mid_high,0,19.74,0.6744
2048,2017,mid_high,0,19.76,0.6764
1864,2017,mid_high,0,20.16,0.6783
2378,2017,mid_high,0,20.42,0.6802
2062,2017,mid_high,0,20.6,0.6822
2549,2017,mid_high,0,20.74,0.6841
2328,2017,mid_high,0,20.84,0.686
1972,2017,mid_high,0,21.0,0.688
2226,2017,mid_high,0,21.24,0.6899
2469,2017,mid_high,0,21.26,0.6919
2512,2017,mid_high,0,21.3,0.6938
1954,2017,mid_high,0,21.48,0.6957
2747,2017,mid_high,0,21.84,0.6977
2870,2017,mid_high,0,21.92,0.6996
2457,2017,mid_high,0,21.94,0.7016
2010,2017,mid_high,0,21.96,0.7035
2090,2017,mid_high,0,22.02,0.7054
2042,2017,mid_high,0,22.1,0.7074
2653,2017,mid_high,0,22.1,0.7093
2897,2017,mid_high,0,22.56,0.7112
2887,2017,mid_high,0,22.58,0.7132
2756,2017,mid_high,0,22.6,0.7151
2209,2017,mid_high,0,22.68,0.7171
2612,2017,mid_high,0,22.8,0.719
2183,2017,mid_high,0,22.94,0.7209
2627,2017,mid_high,0,23.08,0.7229
2687,2017,mid_high,0,23.08,0.7248
2701,2017,mid_high,0,23.16,0.7267
1936,2017,mid_high,0,23.22,0.7287
2891,2017,mid_high,0,23.24,0.7306
2551,2017,mid_high,0,23.26,0.7326
2796,2017,mid_high,0,23.28,0.7345
2888,2017,mid_high,0,23.5,0.7364
2407,2017,mid_high,0,23.56,0.7384
2402,2017,mid_high,0,23.98,0.7403
2707,2017,mid_high,0,24.02,0.7422
2694,2017,mid_high,0,24.64,0.7442
2910,2017,mid_high,0,24.66,0.7461
2788,2017,mid_high,0,24.72,0.7481
1888,2017,mid_high,0,24.88,0.75
2696,2017,high,0,25.04,0.7519
2623,2017,high,0,25.12,0.7539
2166,2017,high,0,25.26,0.7558
2236,2017,high,0,25.34,0.7578
2928,2017,high,0,25.42,0.7597
2497,2017,high,0,25.52,0.7616
1907,2017,high,0,25.54,0.7636
2652,2017,high,0,25.62,0.7655
2494,2017,high,0,25.8,0.7674
2189,2017,high,0,26.0,0.7694
2916,2017,high,0,26.04,0.7713
2695,2017,high,0,26.16,0.7733
1887,2017,high,0,26.32,0.7752
2473,2017,high,0,26.52,0.7771
2359,2017,high,0,26.7,0.7791
2258,2017,high,0,27.22,0.781
2161,2017,high,0,27.26,0.7829
2333,2017,high,0,27.32,0.7849
2571,2017,high,0,27.5,0.7868
2678,2017,high,0,27.56,0.7888
2445,2017,high,0,28.0,0.7907
1959,2017,high,0,28.14,0.7926
2814,2017,high,0,28.34,0.7946
2664,2017,high,0,29.12,0.7965
2569,2017,high,0,29.28,0.7984
2908,2017,high,0,29.36,0.8004
2588,2017,high,0,30.08,0.8023
2113,2017,high,0,30.18,0.8043
2408,2017,high,0,30.18,0.8062
2039,2017,high,0,30.22,0.8081
2871,2017,high,0,30.34,0.8101
2505,2017,high,0,30.5,0.812
2162,2017,high,0,30.74,0.814
2087,2017,high,0,31.34,0.8159
2859,2017,high,0,31.42,0.8178
2233,2017,high,0,31.46,0.8198
2792,2017,high,0,31.48,0.8217
1981,2017,high,0,32.0,0.8236
2163,2017,high,0,32.12,0.8256
2655,2017,high,0,32.2,0.8275
2535,2017,high,0,32.64,0.8295
2586,2017,high,0,32.74,0.8314
2432,2017,high,0,32.8,0.8333
1862,2017,high,0,32.92,0.8353
2710,2017,high,0,32.98,0.8372
2053,2017,high,0,33.44,0.8391
2855,2017,high,0,33.66,0.8411
1867,2017,high,0,33.68,0.843
2332,2017,high,0,33.78,0.845
2215,2017,high,0,33.8,0.8469
1922,2017,high,0,33.86,0.8488
2676,2017,high,0,34.0,0.8508
2893,2017,high,0,34.0,0.8527
2736,2017,high,0,34.12,0.8547
2185,2017,high,0,34.24,0.8566
2025,2017,high,0,34.82,0.8585
2714,2017,high,0,36.64,0.8605
2089,2017,high,0,37.52,0.8624
2484,2017,high,0,37.6,0.8643
2896,2017,high,0,37.66,0.8663
2180,2017,high,0,37.82,0.8682
1982,2017,high,0,38.06,0.8702
2129,2017,high,0,38.46,0.8721
2885,2017,high,0,38.74,0.874
2094,2017,high,0,38.8,0.876
2037,2017,high,0,39.56,0.8779
2808,2017,high,0,40.36,0.8798
2679,2017,high,0,40.42,0.8818
2580,2017,high,0,41.34,0.8837
2718,2017,high,0,41.82,0.8857
2504,2017,high,0,42.26,0.8876
2630,2017,high,0,42.76,0.8895
2647,2017,high,0,42.94,0.8915
2858,2017,high,0,42.94,0.8934
2609,2017,high,0,42.96,0.8953
2083,2017,high,0,43.18,0.8973
2840,2017,high,0,43.52,0.8992
2856,2017,high,0,43.8,0.9012
2753,2017,high,0,44.3,0.9031
1916,2017,high,0,45.02,0.905
2137,2017,high,0,45.34,0.907
2787,2017,high,0,45.44,0.9089
2522,2017,high,0,46.74,0.9109
2153,2017,high,0,47.32,0.9128
2659,2017,high,0,47.32,0.9147
2834,2017,high,0,48.24,0.9167
2131,2017,high,0,48.3,0.9186
2173,2017,high,0,48.34,0.9205
2760,2017,high,0,48.84,0.9225
2248,2017,high,0,50.02,0.9244
2865,2017,high,0,50.12,0.9264
2712,2017,high,0,50.34,0.9283
2589,2017,high,0,50.8,0.9302
2636,2017,high,0,51.42,0.9322
1949,2017,high,0,51.82,0.9341
2741,2017,high,0,53.38,0.936
2624,2017,high,0,54.0,0.938
2595,2017,high,0,54.84,0.9399
2182,2017,high,0,56.18,0.9419
2804,2017,high,0,56.64,0.9438
2640,2017,high,0,59.1,0.9457
1932,2017,high,0,59.28,0.9477
1941,2017,high,0,59.68,0.9496
1923,2017,viral,1,60.0,0.9516
2421,2017,viral,1,61.62,0.9535
2784,2017,viral,1,62.58,0.9554
2116,2017,viral,1,63.18,0.9574
2608,2017,viral,1,63.38,0.9593
2140,2017,viral,1,65.42,0.9612
1967,2017,viral,1,65.76,0.9632
2157,2017,viral,1,66.1,0.9651
2880,2017,viral,1,66.2,0.9671
2015,2017,viral,1,71.42,0.969
1895,2017,viral,1,71.8,0.9709
2485,2017,viral,1,77.74,0.9729
2068,2017,viral,1,78.82,0.9748
1873,2017,viral,1,79.3,0.9767
2794,2017,viral,1,79.44,0.9787
2793,2017,viral,1,81.98,0.9806
1930,2017,viral,1,83.96,0.9826
2123,2017,viral,1,87.34,0.9845
2852,2017,viral,1,93.18,0.9864
2875,2017,viral,1,114.74,0.9884
2261,2017,viral,1,124.6,0.9903
2476,2017,viral,1,125.36,0.9922
2560,2017,viral,1,137.46,0.9942
2835,2017,viral,1,183.88,0.9961
2925,2017,viral,1,188.98,0.9981
2561,2017,viral,1,378.48,1.0
3037,2018,low,0,0.0,0.0018
3076,2018,low,0,0.0,0.0035
3182,2018,low,0,0.0,0.0053
3202,2018,low,0,0.0,0.0071
3218,2018,low,0,0.0,0.0089
3247,2018,low,0,0.0,0.0106
3435,2018,low,0,0.0,0.0124
3471,2018,low,0,0.0,0.0142
3484,2018,low,0,0.0,0.016
3736,2018,low,0,0.0,0.0177
2932,2018,low,0,1.0,0.0195
2954,2018,low,0,1.0,0.0213
3433,2018,low,0,1.0,0.023
3434,2018,low,0,1.0,0.0248
3472,2018,low,0,1.0,0.0266
3486,2018,low,0,1.0,0.0284
3493,2018,low,0,1.0,0.0301
3510,2018,low,0,1.0,0.0319
4394,2018,low,0,1.0,0.0337
2956,2018,low,0,2.0,0.0355
3389,2018,low,0,2.0,0.0372
3447,2018,low,0,2.0,0.039
3470,2018,low,0,2.0,0.0408
3483,2018,low,0,2.0,0.0426
4206,2018,low,0,2.0,0.0443
3150,2018,low,0,3.0,0.0461
3324,2018,low,0,3.0,0.0479
3135,2018,low,0,3.34,0.0496
3494,2018,low,0,3.52,0.0514
3183,2018,low,0,3.68,0.0532
3232,2018,low,0,4.0,0.055
3990,2018,low,0,4.0,0.0567
3179,2018,low,0,4.08,0.0585
3149,2018,low,0,4.3,0.0603
3089,2018,low,0,4.48,0.0621
3198,2018,low,0,4.56,0.0638
3549,2018,low,0,4.62,0.0656
3333,2018,low,0,5.0,0.0674
4440,2018,low,0,5.14,0.0691
4048,2018,low,0,5.22,0.0709
3131,2018,low,0,5.38,0.0727
3852,2018,low,0,5.44,0.0745
3815,2018,low,0,5.5,0.0762
3197,2018,low,0,5.54,0.078
2984,2018,low,0,5.62,0.0798
3566,2018,low,0,5.7,0.0816
4205,2018,low,0,5.74,0.0833
2941,2018,low,0,5.82,0.0851
3391,2018,low,0,5.86,0.0869
3130,2018,low,0,5.9,0.0887
3256,2018,low,0,5.9,0.0904
3770,2018,low,0,6.0,0.0922
4384,2018,low,0,6.0,0.094
3171,2018,low,0,6.02,0.0957
3090,2018,low,0,6.06,0.0975
2948,2018,low,0,6.1,0.0993
2937,2018,low,0,6.16,0.1011
3717,2018,low,0,6.22,0.1028
3087,2018,low,0,6.24,0.1046
4053,2018,low,0,6.24,0.1064
3957,2018,low,0,6.26,0.1082
3126,2018,low,0,6.28,0.1099
3325,2018,low,0,6.34,0.1117
3177,2018,low,0,6.38,0.1135
3916,2018,low,0,6.46,0.1152
3127,2018,low,0,6.58,0.117
3586,2018,low,0,6.72,0.1188
3921,2018,low,0,6.8,0.1206
4375,2018,low,0,7.0,0.1223
4427,2018,low,0,7.0,0.1241
3132,2018,low,0,7.16,0.1259
3735,2018,low,0,7.2,0.1277
3078,2018,low,0,7.26,0.1294
3817,2018,low,0,7.28,0.1312
3860,2018,low,0,7.48,0.133
3425,2018,low,0,7.5,0.1348
3309,2018,low,0,7.52,0.1365
3968,2018,low,0,7.54,0.1383
3144,2018,low,0,7.6,0.1401
3381,2018,low,0,7.72,0.1418
4264,2018,low,0,7.72,0.1436
3506,2018,low,0,7.74,0.1454
3920,2018,low,0,7.74,0.1472
4233,2018,low,0,7.74,0.1489
3492,2018,low,0,8.0,0.1507
3588,2018,low,0,8.1,0.1525
4107,2018,low,0,8.18,0.1543
3567,2018,low,0,8.2,0.156
4520,2018,low,0,8.22,0.1578
2933,2018,low,0,8.28,0.1596
3718,2018,low,0,8.3,0.1613
4504,2018,low,0,8.3,0.1631
3305,2018,low,0,8.32,0.1649
3016,2018,low,0,8.56,0.1667
2981,2018,low,0,8.6,0.1684
4095,2018,low,0,8.66,0.1702
4256,2018,low,0,8.7,0.172
3851,2018,low,0,8.72,0.1738
3128,2018,low,0,8.74,0.1755
3367,2018,low,0,8.74,0.1773
3768,2018,low,0,8.74,0.1791
4101,2018,low,0,8.78,0.1809
3237,2018,low,0,8.86,0.1826
4051,2018,low,0,8.92,0.1844
3208,2018,low,0,8.96,0.1862
3796,2018,low,0,9.0,0.1879
4038,2018,low,0,9.0,0.1897
4513,2018,low,0,9.0,0.1915
4488,2018,low,0,9.02,0.1933
3816,2018,low,0,9.3,0.195
4459,2018,low,0,9.32,0.1968
3283,2018,low,0,9.36,0.1986
3371,2018,low,0,9.48,0.2004
4106,2018,low,0,9.52,0.2021
3083,2018,low,0,9.64,0.2039
3124,2018,low,0,9.72,0.2057
4476,2018,low,0,9.98,0.2074
4252,2018,low,0,10.0,0.2092
4209,2018,low,0,10.1,0.211
3241,2018,low,0,10.12,0.2128
3932,2018,low,0,10.12,0.2145
4470,2018,low,0,10.14,0.2163
3269,2018,low,0,10.2,0.2181
4442,2018,low,0,10.34,0.2199
3901,2018,low,0,10.36,0.2216
4033,2018,low,0,10.62,0.2234
4502,2018,low,0,10.62,0.2252
4046,2018,low,0,10.7,0.227
3205,2018,low,0,10.72,0.2287
3958,2018,low,0,10.72,0.2305
3204,2018,low,0,10.78,0.2323
3712,2018,low,0,10.82,0.234
2947,2018,low,0,11.0,0.2358
3919,2018,low,0,11.0,0.2376
3673,2018,low,0,11.14,0.2394
4052,2018,low,0,11.3,0.2411
4438,2018,low,0,11.3,0.2429
4109,2018,low,0,11.4,0.2447
3145,2018,low,0,11.42,0.2465
4083,2018,low,0,11.42,0.2482
3105,2018,low,0,11.46,0.25
3591,2018,mid_low,0,11.52,0.2518
3698,2018,mid_low,0,11.52,0.2535
3094,2018,mid_low,0,11.62,0.2553
3667,2018,mid_low,0,11.62,0.2571
3003,2018,mid_low,0,11.66,0.2589
4518,2018,mid_low,0,11.66,0.2606
4145,2018,mid_low,0,11.72,0.2624
3951,2018,mid_low,0,11.9,0.2642
4105,2018,mid_low,0,12.22,0.266
4347,2018,mid_low,0,12.5,0.2677
3180,2018,mid_low,0,12.54,0.2695
3991,2018,mid_low,0,12.68,0.2713
3904,2018,mid_low,0,12.7,0.273
2934,2018,mid_low,0,12.94,0.2748
3922,2018,mid_low,0,12.96,0.2766
4248,2018,mid_low,0,12.96,0.2784
4229,2018,mid_low,0,13.04,0.2801
3631,2018,mid_low,0,13.08,0.2819
4291,2018,mid_low,0,13.08,0.2837
4040,2018,mid_low,0,13.14,0.2855
3683,2018,mid_low,0,13.22,0.2872
3902,2018,mid_low,0,13.22,0.289
3274,2018,mid_low,0,13.24,0.2908
4037,2018,mid_low,0,13.26,0.2926
3701,2018,mid_low,0,13.3,0.2943
3859,2018,mid_low,0,13.44,0.2961
4490,2018,mid_low,0,13.44,0.2979
3356,2018,mid_low,0,13.46,0.2996
3485,2018,mid_low,0,13.58,0.3014
4029,2018,mid_low,0,13.66,0.3032
3331,2018,mid_low,0,13.78,0.305
3858,2018,mid_low,0,13.88,0.3067
3272,2018,mid_low,0,14.0,0.3085
3680,2018,mid_low,0,14.0,0.3103
4096,2018,mid_low,0,14.08,0.3121
3697,2018,mid_low,0,14.14,0.3138
4374,2018,mid_low,0,14.28,0.3156
4015,2018,mid_low,0,14.32,0.3174
4226,2018,mid_low,0,14.38,0.3191
4144,2018,mid_low,0,14.4,0.3209
3481,2018,mid_low,0,14.44,0.3227
3181,2018,mid_low,0,14.46,0.3245
3546,2018,mid_low,0,14.58,0.3262
3838,2018,mid_low,0,14.68,0.328
3133,2018,mid_low,0,14.7,0.3298
3129,2018,mid_low,0,14.74,0.3316
4468,2018,mid_low,0,14.78,0.3333
4489,2018,mid_low,0,14.78,0.3351
3152,2018,mid_low,0,14.84,0.3369
4100,2018,mid_low,0,14.84,0.3387
3414,2018,mid_low,0,14.88,0.3404
3111,2018,mid_low,0,14.92,0.3422
3393,2018,mid_low,0,15.0,0.344
3031,2018,mid_low,0,15.1,0.3457
4065,2018,mid_low,0,15.1,0.3475
3396,2018,mid_low,0,15.12,0.3493
4501,2018,mid_low,0,15.18,0.3511
3722,2018,mid_low,0,15.22,0.3528
3239,2018,mid_low,0,15.26,0.3546
4271,2018,mid_low,0,15.32,0.3564
3929,2018,mid_low,0,15.42,0.3582
4170,2018,mid_low,0,15.42,0.3599
3022,2018,mid_low,0,15.52,0.3617
3702,2018,mid_low,0,15.58,0.3635
3871,2018,mid_low,0,15.58,0.3652
4147,2018,mid_low,0,15.66,0.367
4135,2018,mid_low,0,15.78,0.3688
2992,2018,mid_low,0,15.8,0.3706
4054,2018,mid_low,0,15.8,0.3723
3319,2018,mid_low,0,15.94,0.3741
4342,2018,mid_low,0,15.96,0.3759
3322,2018,mid_low,0,15.98,0.3777
3421,2018,mid_low,0,16.16,0.3794
4103,2018,mid_low,0,16.22,0.3812
3487,2018,mid_low,0,16.26,0.383
4171,2018,mid_low,0,16.26,0.3848
2952,2018,mid_low,0,16.32,0.3865
3338,2018,mid_low,0,16.48,0.3883
3479,2018,mid_low,0,16.52,0.3901
4495,2018,mid_low,0,16.54,0.3918
3959,2018,mid_low,0,16.58,0.3936
2940,2018,mid_low,0,16.68,0.3954
3666,2018,mid_low,0,16.88,0.3972
4067,2018,mid_low,0,16.9,0.3989
3184,2018,mid_low,0,16.98,0.4007
4475,2018,mid_low,0,17.02,0.4025
3148,2018,mid_low,0,17.22,0.4043
4136,2018,mid_low,0,17.22,0.406
4255,2018,mid_low,0,17.24,0.4078
4228,2018,mid_low,0,17.28,0.4096
4016,2018,mid_low,0,17.3,0.4113
3307,2018,mid_low,0,17.32,0.4131
4456,2018,mid_low,0,17.32,0.4149
3600,2018,mid_low,0,17.4,0.4167
4346,2018,mid_low,0,17.44,0.4184
4519,2018,mid_low,0,17.54,0.4202
3353,2018,mid_low,0,17.56,0.422
3653,2018,mid_low,0,17.56,0.4238
4091,2018,mid_low,0,17.56,0.4255
3899,2018,mid_low,0,17.58,0.4273
3681,2018,mid_low,0,17.64,0.4291
3976,2018,mid_low,0,17.8,0.4309
4162,2018,mid_low,0,17.8,0.4326
3034,2018,mid_low,0,17.82,0.4344
3334,2018,mid_low,0,17.84,0.4362
3652,2018,mid_low,0,18.2,0.4379
3265,2018,mid_low,0,18.32,0.4397
3795,2018,mid_low,0,18.4,0.4415
3671,2018,mid_low,0,18.42,0.4433
3933,2018,mid_low,0,18.54,0.445
4371,2018,mid_low,0,18.62,0.4468
3041,2018,mid_low,0,18.64,0.4486
3602,2018,mid_low,0,18.66,0.4504
3638,2018,mid_low,0,18.8,0.4521
3914,2018,mid_low,0,18.84,0.4539
3866,2018,mid_low,0,18.86,0.4557
3030,2018,mid_low,0,18.88,0.4574
3339,2018,mid_low,0,19.02,0.4592
4021,2018,mid_low,0,19.02,0.461
3737,2018,mid_low,0,19.04,0.4628
4341,2018,mid_low,0,19.08,0.4645
3318,2018,mid_low,0,19.22,0.4663
4132,2018,mid_low,0,19.42,0.4681
3165,2018,mid_low,0,19.54,0.4699
2929,2018,mid_low,0,19.56,0.4716
4120,2018,mid_low,0,19.68,0.4734
3187,2018,mid_low,0,19.76,0.4752
3394,2018,mid_low,0,19.76,0.477
4121,2018,mid_low,0,19.82,0.4787
3679,2018,mid_low,0,19.98,0.4805
3408,2018,mid_low,0,20.02,0.4823
4098,2018,mid_low,0,20.14,0.484
3392,2018,mid_low,0,20.4,0.4858
3782,2018,mid_low,0,20.4,0.4876
3080,2018,mid_low,0,20.42,0.4894
2951,2018,mid_low,0,20.68,0.4911
3984,2018,mid_low,0,20.7,0.4929
3176,2018,mid_low,0,20.8,0.4947
4030,2018,mid_low,0,20.8,0.4965
3785,2018,mid_low,0,21.1,0.4982
4146,2018,mid_low,0,21.18,0.5
4274,2018,mid_high,0,21.18,0.5018
3592,2018,mid_high,0,21.34,0.5035
3373,2018,mid_high,0,21.42,0.5053
4044,2018,mid_high,0,21.62,0.5071
3587,2018,mid_high,0,21.66,0.5089
4551,2018,mid_high,0,21.82,0.5106
4377,2018,mid_high,0,21.86,0.5124
4473,2018,mid_high,0,22.04,0.5142
4507,2018,mid_high,0,22.04,0.516
4444,2018,mid_high,0,22.26,0.5177
3038,2018,mid_high,0,22.28,0.5195
4161,2018,mid_high,0,22.34,0.5213
4389,2018,mid_high,0,22.4,0.523
4521,2018,mid_high,0,22.44,0.5248
3784,2018,mid_high,0,22.46,0.5266
3969,2018,mid_high,0,22.5,0.5284
3775,2018,mid_high,0,22.54,0.5301
3873,2018,mid_high,0,22.54,0.5319
3965,2018,mid_high,0,22.62,0.5337
3798,2018,mid_high,0,22.64,0.5355
2943,2018,mid_high,0,22.76,0.5372
4494,2018,mid_high,0,22.84,0.539
3178,2018,mid_high,0,22.88,0.5408
3875,2018,mid_high,0,22.92,0.5426
4108,2018,mid_high,0,23.02,0.5443
3350,2018,mid_high,0,23.08,0.5461
4453,2018,mid_high,0,23.22,0.5479
3762,2018,mid_high,0,23.42,0.5496
4250,2018,mid_high,0,23.44,0.5514
4545,2018,mid_high,0,23.44,0.5532
3699,2018,mid_high,0,23.48,0.555
3814,2018,mid_high,0,23.5,0.5567
3584,2018,mid_high,0,23.62,0.5585
3228,2018,mid_high,0,23.7,0.5603
4164,2018,mid_high,0,23.7,0.5621
3992,2018,mid_high,0,23.76,0.5638
3619,2018,mid_high,0,23.8,0.5656
4022,2018,mid_high,0,23.82,0.5674
3306,2018,mid_high,0,23.86,0.5691
3758,2018,mid_high,0,23.88,0.5709
2942,2018,mid_high,0,23.94,0.5727
3713,2018,mid_high,0,23.98,0.5745
3424,2018,mid_high,0,24.02,0.5762
3939,2018,mid_high,0,24.04,0.578
3700,2018,mid_high,0,24.12,0.5798
4153,2018,mid_high,0,24.12,0.5816
3703,2018,mid_high,0,24.16,0.5833
3436,2018,mid_high,0,24.2,0.5851
4408,2018,mid_high,0,24.2,0.5869
4345,2018,mid_high,0,24.3,0.5887
4367,2018,mid_high,0,24.3,0.5904
4485,2018,mid_high,0,24.3,0.5922
4443,2018,mid_high,0,24.46,0.594
3876,2018,mid_high,0,24.6,0.5957
3605,2018,mid_high,0,24.62,0.5975
3086,2018,mid_high,0,24.64,0.5993
3507,2018,mid_high,0,24.7,0.6011
3310,2018,mid_high,0,24.72,0.6028
4471,2018,mid_high,0,24.8,0.6046
3850,2018,mid_high,0,24.82,0.6064
3207,2018,mid_high,0,24.92,0.6082
3745,2018,mid_high,0,24.96,0.6099
3808,2018,mid_high,0,24.96,0.6117
3804,2018,mid_high,0,25.04,0.6135
4273,2018,mid_high,0,25.06,0.6152
3751,2018,mid_high,0,25.14,0.617
3062,2018,mid_high,0,25.16,0.6188
3238,2018,mid_high,0,25.22,0.6206
4032,2018,mid_high,0,25.3,0.6223
3380,2018,mid_high,0,25.56,0.6241
3956,2018,mid_high,0,25.66,0.6259
3488,2018,mid_high,0,25.72,0.6277
4380,2018,mid_high,0,25.76,0.6294
3166,2018,mid_high,0,25.78,0.6312
4413,2018,mid_high,0,25.88,0.633
3051,2018,mid_high,0,26.14,0.6348
4111,2018,mid_high,0,26.2,0.6365
3517,2018,mid_high,0,26.26,0.6383
3028,2018,mid_high,0,26.48,0.6401
3059,2018,mid_high,0,26.48,0.6418
3170,2018,mid_high,0,26.72,0.6436
4395,2018,mid_high,0,26.74,0.6454
4034,2018,mid_high,0,26.88,0.6472
3573,2018,mid_high,0,27.04,0.6489
3091,2018,mid_high,0,27.26,0.6507
3370,2018,mid_high,0,27.34,0.6525
4130,2018,mid_high,0,27.38,0.6543
4028,2018,mid_high,0,27.4,0.656
4451,2018,mid_high,0,27.46,0.6578
3967,2018,mid_high,0,27.54,0.6596
4379,2018,mid_high,0,27.56,0.6613
3077,2018,mid_high,0,27.58,0.6631
3973,2018,mid_high,0,27.58,0.6649
4543,2018,mid_high,0,27.76,0.6667
3374,2018,mid_high,0,27.78,0.6684
3767,2018,mid_high,0,27.82,0.6702
4497,2018,mid_high,0,28.0,0.672
3098,2018,mid_high,0,28.12,0.6738
3614,2018,mid_high,0,28.12,0.6755
4552,2018,mid_high,0,28.22,0.6773
3792,2018,mid_high,0,28.24,0.6791
3557,2018,mid_high,0,28.3,0.6809
3585,2018,mid_high,0,28.32,0.6826
3516,2018,mid_high,0,28.34,0.6844
4131,2018,mid_high,0,28.48,0.6862
4181,2018,mid_high,0,28.52,0.6879
2982,2018,mid_high,0,28.66,0.6897
3085,2018,mid_high,0,28.7,0.6915
3082,2018,mid_high,0,28.8,0.6933
2949,2018,mid_high,0,28.84,0.695
3042,2018,mid_high,0,28.84,0.6968
4506,2018,mid_high,0,28.84,0.6986
3029,2018,mid_high,0,28.86,0.7004
3469,2018,mid_high,0,28.88,0.7021
4094,2018,mid_high,0,28.88,0.7039
3934,2018,mid_high,0,28.92,0.7057
4184,2018,mid_high,0,29.22,0.7074
3349,2018,mid_high,0,29.32,0.7092
3427,2018,mid_high,0,29.42,0.711
3966,2018,mid_high,0,29.48,0.7128
3216,2018,mid_high,0,29.54,0.7145
3134,2018,mid_high,0,29.64,0.7163
4258,2018,mid_high,0,30.1,0.7181
4224,2018,mid_high,0,30.46,0.7199
4235,2018,mid_high,0,30.96,0.7216
3229,2018,mid_high,0,31.04,0.7234
4102,2018,mid_high,0,31.06,0.7252
3255,2018,mid_high,0,31.1,0.727
3547,2018,mid_high,0,31.12,0.7287
4441,2018,mid_high,0,31.12,0.7305
4511,2018,mid_high,0,31.28,0.7323
3386,2018,mid_high,0,31.46,0.734
3618,2018,mid_high,0,31.48,0.7358
4158,2018,mid_high,0,31.6,0.7376
3113,2018,mid_high,0,31.62,0.7394
3787,2018,mid_high,0,31.96,0.7411
4447,2018,mid_high,0,32.04,0.7429
3336,2018,mid_high,0,32.14,0.7447
3568,2018,mid_high,0,32.18,0.7465
3615,2018,mid_high,0,32.26,0.7482
3201,2018,mid_high,0,32.44,0.75
3242,2018,high,0,32.5,0.7518
3368,2018,high,0,32.68,0.7535
4257,2018,high,0,32.78,0.7553
3672,2018,high,0,32.88,0.7571
3340,2018,high,0,33.16,0.7589
3744,2018,high,0,33.18,0.7606
3761,2018,high,0,33.24,0.7624
3565,2018,high,0,33.34,0.7642
3749,2018,high,0,33.54,0.766
4152,2018,high,0,33.58,0.7677
3476,2018,high,0,33.76,0.7695
3401,2018,high,0,33.8,0.7713
4458,2018,high,0,34.14,0.773
4399,2018,high,0,34.22,0.7748
4498,2018,high,0,34.32,0.7766
2930,2018,high,0,34.34,0.7784
3925,2018,high,0,34.46,0.7801
4464,2018,high,0,34.98,0.7819
2991,2018,high,0,35.44,0.7837
3601,2018,high,0,35.74,0.7855
3366,2018,high,0,35.8,0.7872
3689,2018,high,0,36.06,0.789
3019,2018,high,0,36.08,0.7908
4084,2018,high,0,36.64,0.7926
4293,2018,high,0,37.08,0.7943
3025,2018,high,0,37.12,0.7961
3351,2018,high,0,37.18,0.7979
4465,2018,high,0,37.36,0.7996
2975,2018,high,0,38.08,0.8014
4049,2018,high,0,38.08,0.8032
3746,2018,high,0,38.14,0.805
4254,2018,high,0,38.16,0.8067
3883,2018,high,0,38.34,0.8085
3649,2018,high,0,38.5,0.8103
3073,2018,high,0,38.9,0.8121
3125,2018,high,0,39.2,0.8138
4007,2018,high,0,39.22,0.8156
4056,2018,high,0,39.22,0.8174
4223,2018,high,0,39.26,0.8191
3861,2018,high,0,39.34,0.8209
3820,2018,high,0,39.52,0.8227
3877,2018,high,0,39.68,0.8245
3035,2018,high,0,39.88,0.8262
4422,2018,high,0,40.02,0.828
3908,2018,high,0,40.06,0.8298
3553,2018,high,0,40.42,0.8316
3308,2018,high,0,40.52,0.8333
3657,2018,high,0,40.64,0.8351
4407,2018,high,0,40.66,0.8369
3491,2018,high,0,40.74,0.8387
3027,2018,high,0,41.26,0.8404
4385,2018,high,0,41.48,0.8422
3550,2018,high,0,41.52,0.844
3044,2018,high,0,41.92,0.8457
4265,2018,high,0,41.98,0.8475
4191,2018,high,0,42.04,0.8493
3482,2018,high,0,42.94,0.8511
3024,2018,high,0,42.98,0.8528
3748,2018,high,0,43.22,0.8546
3603,2018,high,0,44.2,0.8564
4350,2018,high,0,44.32,0.8582
3903,2018,high,0,44.5,0.8599
4390,2018,high,0,44.56,0.8617
4514,2018,high,0,44.72,0.8635
3684,2018,high,0,45.02,0.8652
3328,2018,high,0,45.06,0.867
3021,2018,high,0,45.82,0.8688
3026,2018,high,0,45.96,0.8706
3137,2018,high,0,46.14,0.8723
2986,2018,high,0,47.14,0.8741
3756,2018,high,0,47.16,0.8759
3093,2018,high,0,47.66,0.8777
3495,2018,high,0,47.68,0.8794
4251,2018,high,0,47.74,0.8812
3382,2018,high,0,47.98,0.883
4349,2018,high,0,48.42,0.8848
3190,2018,high,0,48.52,0.8865
3989,2018,high,0,48.86,0.8883
4012,2018,high,0,50.14,0.8901
2957,2018,high,0,50.84,0.8918
4060,2018,high,0,51.18,0.8936
4292,2018,high,0,51.32,0.8954
3872,2018,high,0,51.76,0.8972
4446,2018,high,0,52.36,0.8989
3186,2018,high,0,52.4,0.9007
2997,2018,high,0,53.72,0.9025
4419,2018,high,0,54.44,0.9043
4512,2018,high,0,54.7,0.906
3634,2018,high,0,55.12,0.9078
3741,2018,high,0,55.24,0.9096
2985,2018,high,0,55.52,0.9113
3437,2018,high,0,55.72,0.9131
4172,2018,high,0,55.9,0.9149
3589,2018,high,0,56.3,0.9167
3823,2018,high,0,56.6,0.9184
4296,2018,high,0,57.04,0.9202
4208,2018,high,0,57.12,0.922
2993,2018,high,0,57.66,0.9238
3384,2018,high,0,58.14,0.9255
3580,2018,high,0,58.14,0.9273
3551,2018,high,0,58.26,0.9291
4129,2018,high,0,58.52,0.9309
3512,2018,high,0,59.12,0.9326
4409,2018,high,0,60.98,0.9344
3411,2018,high,0,62.14,0.9362
3475,2018,high,0,62.92,0.9379
3219,2018,high,0,63.3,0.9397
4006,2018,high,0,64.32,0.9415
3155,2018,high,0,65.18,0.9433
2936,2018,high,0,65.34,0.945
3832,2018,high,0,65.54,0.9468
3151,2018,high,0,66.54,0.9486
2955,2018,viral,1,68.32,0.9504
4376,2018,viral,1,68.58,0.9521
3620,2018,viral,1,68.92,0.9539
4239,2018,viral,1,70.94,0.9557
3100,2018,viral,1,70.96,0.9574
3234,2018,viral,1,71.5,0.9592
3020,2018,viral,1,71.84,0.961
3905,2018,viral,1,72.64,0.9628
4315,2018,viral,1,75.86,0.9645
4373,2018,viral,1,76.28,0.9663
3088,2018,viral,1,77.16,0.9681
3769,2018,viral,1,80.68,0.9699
4404,2018,viral,1,81.94,0.9716
3248,2018,viral,1,82.48,0.9734
3061,2018,viral,1,84.04,0.9752
3964,2018,viral,1,90.02,0.977
4043,2018,viral,1,90.7,0.9787
4017,2018,viral,1,96.88,0.9805
3880,2018,viral,1,103.34,0.9823
4492,2018,viral,1,103.36,0.984
4026,2018,viral,1,105.94,0.9858
4320,2018,viral,1,118.78,0.9876
3723,2018,viral,1,119.34,0.9894
3734,2018,viral,1,126.62,0.9911
4523,2018,viral,1,128.9,0.9929
3739,2018,viral,1,132.98,0.9947
3670,2018,viral,1,137.82,0.9965
2939,2018,viral,1,141.42,0.9982
3419,2018,viral,1,152.32,1.0
7857,2019,low,0,0.0,0.0012
7572,2019,low,0,1.0,0.0024
7744,2019,low,0,1.0,0.0035
7811,2019,low,0,1.0,0.0047
4890,2019,low,0,3.28,0.0059
4693,2019,low,0,3.72,0.0071
4842,2019,low,0,3.86,0.0083
4576,2019,low,0,4.0,0.0095
4789,2019,low,0,4.0,0.0106
6820,2019,low,0,4.0,0.0118
4947,2019,low,0,4.06,0.013
4948,2019,low,0,4.32,0.0142
4952,2019,low,0,4.46,0.0154
4902,2019,low,0,4.7,0.0165
5013,2019,low,0,4.9,0.0177
4784,2019,low,0,4.94,0.0189
6886,2019,low,0,5.02,0.0201
4634,2019,low,0,5.06,0.0213
7317,2019,low,0,5.24,0.0225
5011,2019,low,0,5.36,0.0236
5852,2019,low,0,5.36,0.0248
4928,2019,low,0,5.4,0.026
5016,2019,low,0,5.44,0.0272
4877,2019,low,0,5.5,0.0284
4878,2019,low,0,5.56,0.0296
4831,2019,low,0,5.76,0.0307
6888,2019,low,0,5.8,0.0319
5145,2019,low,0,5.84,0.0331
4718,2019,low,0,5.92,0.0343
4907,2019,low,0,5.96,0.0355
4625,2019,low,0,6.06,0.0366
4954,2019,low,0,6.1,0.0378
4635,2019,low,0,6.14,0.039
4949,2019,low,0,6.2,0.0402
7898,2019,low,0,6.26,0.0414
4976,2019,low,0,6.28,0.0426
4668,2019,low,0,6.34,0.0437
4915,2019,low,0,6.38,0.0449
5007,2019,low,0,6.38,0.0461
5023,2019,low,0,6.5,0.0473
4919,2019,low,0,6.54,0.0485
4694,2019,low,0,6.56,0.0496
4956,2019,low,0,6.6,0.0508
5389,2019,low,0,6.72,0.052
5993,2019,low,0,6.72,0.0532
5004,2019,low,0,6.8,0.0544
6854,2019,low,0,6.82,0.0556
4999,2019,low,0,6.84,0.0567
4651,2019,low,0,6.86,0.0579
6958,2019,low,0,6.9,0.0591
5702,2019,low,0,6.96,0.0603
6025,2019,low,0,7.0,0.0615
4722,2019,low,0,7.08,0.0626
5764,2019,low,0,7.14,0.0638
6793,2019,low,0,7.16,0.065
4931,2019,low,0,7.18,0.0662
7737,2019,low,0,7.18,0.0674
5139,2019,low,0,7.2,0.0686
6873,2019,low,0,7.24,0.0697
4754,2019,low,0,7.4,0.0709
5765,2019,low,0,7.42,0.0721
6955,2019,low,0,7.42,0.0733
5850,2019,low,0,7.44,0.0745
4957,2019,low,0,7.5,0.0757
5008,2019,low,0,7.52,0.0768
4979,2019,low,0,7.54,0.078
5388,2019,low,0,7.54,0.0792
5972,2019,low,0,7.54,0.0804
4876,2019,low,0,7.6,0.0816
4945,2019,low,0,7.64,0.0827
7854,2019,low,0,7.66,0.0839
7376,2019,low,0,7.72,0.0851
5568,2019,low,0,7.9,0.0863
7162,2019,low,0,8.0,0.0875
4624,2019,low,0,8.02,0.0887
7373,2019,low,0,8.04,0.0898
7615,2019,low,0,8.04,0.091
5142,2019,low,0,8.14,0.0922
6815,2019,low,0,8.2,0.0934
7365,2019,low,0,8.22,0.0946
5626,2019,low,0,8.24,0.0957
5758,2019,low,0,8.36,0.0969
6246,2019,low,0,8.52,0.0981
7724,2019,low,0,8.56,0.0993
7198,2019,low,0,8.58,0.1005
4661,2019,low,0,8.6,0.1017
4787,2019,low,0,8.6,0.1028
4783,2019,low,0,8.64,0.104
7375,2019,low,0,8.68,0.1052
5851,2019,low,0,8.7,0.1064
5392,2019,low,0,9.04,0.1076
6714,2019,low,0,9.32,0.1087
7618,2019,low,0,9.32,0.1099
4869,2019,low,0,9.34,0.1111
4708,2019,low,0,9.38,0.1123
7530,2019,low,0,9.38,0.1135
5119,2019,low,0,9.52,0.1147
7233,2019,low,0,9.52,0.1158
7575,2019,low,0,9.58,0.117
7460,2019,low,0,9.64,0.1182
6808,2019,low,0,9.68,0.1194
4759,2019,low,0,9.78,0.1206
4615,2019,low,0,9.78,0.1217
5853,2019,low,0,9.82,0.1229
4946,2019,low,0,9.92,0.1241
6891,2019,low,0,9.94,0.1253
4753,2019,low,0,9.96,0.1265
4577,2019,low,0,10.02,0.1277
4950,2019,low,0,10.02,0.1288
5411,2019,low,0,10.04,0.13
5623,2019,low,0,10.08,0.1312
8217,2019,low,0,10.12,0.1324
6734,2019,low,0,10.26,0.1336
7374,2019,low,0,10.26,0.1348
6681,2019,low,0,10.28,0.1359
4738,2019,low,0,10.32,0.1371
5947,2019,low,0,10.36,0.1383
7397,2019,low,0,10.36,0.1395
6900,2019,low,0,10.4,0.1407
4555,2019,low,0,10.46,0.1418
7402,2019,low,0,10.48,0.143
5594,2019,low,0,10.6,0.1442
4955,2019,low,0,10.64,0.1454
5268,2019,low,0,10.66,0.1466
5860,2019,low,0,10.7,0.1478
5059,2019,low,0,10.72,0.1489
5278,2019,low,0,10.76,0.1501
5141,2019,low,0,10.78,0.1513
6818,2019,low,0,10.8,0.1525
4792,2019,low,0,10.88,0.1537
6781,2019,low,0,10.88,0.1548
7546,2019,low,0,11.0,0.156
6048,2019,low,0,11.02,0.1572
5120,2019,low,0,11.04,0.1584
5140,2019,low,0,11.18,0.1596
7639,2019,low,0,11.26,0.1608
8132,2019,low,0,11.28,0.1619
4691,2019,low,0,11.34,0.1631
7739,2019,low,0,11.34,0.1643
7566,2019,low,0,11.36,0.1655
5828,2019,low,0,11.4,0.1667
5269,2019,low,0,11.42,0.1678
6974,2019,low,0,11.42,0.169
6074,2019,low,0,11.48,0.1702
5974,2019,low,0,11.5,0.1714
4713,2019,low,0,11.56,0.1726
7129,2019,low,0,11.66,0.1738
5168,2019,low,0,11.7,0.1749
7559,2019,low,0,11.7,0.1761
4568,2019,low,0,11.72,0.1773
5462,2019,low,0,11.72,0.1785
4748,2019,low,0,11.78,0.1797
5710,2019,low,0,11.8,0.1809
4828,2019,low,0,11.92,0.182
8401,2019,low,0,11.96,0.1832
6853,2019,low,0,12.08,0.1844
6688,2019,low,0,12.14,0.1856
6399,2019,low,0,12.24,0.1868
5567,2019,low,0,12.3,0.1879
7773,2019,low,0,12.34,0.1891
4712,2019,low,0,12.38,0.1903
4901,2019,low,0,12.42,0.1915
4802,2019,low,0,12.44,0.1927
5108,2019,low,0,12.48,0.1939
5843,2019,low,0,12.5,0.195
5652,2019,low,0,12.56,0.1962
4737,2019,low,0,12.58,0.1974
5975,2019,low,0,12.64,0.1986
6881,2019,low,0,12.64,0.1998
7065,2019,low,0,12.64,0.2009
6227,2019,low,0,12.68,0.2021
8208,2019,low,0,12.68,0.2033
5653,2019,low,0,12.72,0.2045
6780,2019,low,0,12.78,0.2057
4599,2019,low,0,13.0,0.2069
6292,2019,low,0,13.0,0.208
7635,2019,low,0,13.06,0.2092
5664,2019,low,0,13.08,0.2104
4679,2019,low,0,13.18,0.2116
5867,2019,low,0,13.24,0.2128
6933,2019,low,0,13.28,0.2139
7107,2019,low,0,13.28,0.2151
7503,2019,low,0,13.38,0.2163
4997,2019,low,0,13.4,0.2175
4692,2019,low,0,13.66,0.2187
4778,2019,low,0,13.66,0.2199
4953,2019,low,0,13.66,0.221
4925,2019,low,0,13.68,0.2222
6684,2019,low,0,13.8,0.2234
5818,2019,low,0,13.86,0.2246
4875,2019,low,0,13.92,0.2258
7083,2019,low,0,13.94,0.227
5862,2019,low,0,14.0,0.2281
5864,2019,low,0,14.1,0.2293
4839,2019,low,0,14.14,0.2305
4650,2019,low,0,14.22,0.2317
6833,2019,low,0,14.22,0.2329
8403,2019,low,0,14.22,0.234
6794,2019,low,0,14.26,0.2352
6741,2019,low,0,14.28,0.2364
4756,2019,low,0,14.4,0.2376
7551,2019,low,0,14.42,0.2388
4769,2019,low,0,14.6,0.24
6699,2019,low,0,14.68,0.2411
7593,2019,low,0,14.7,0.2423
5393,2019,low,0,14.74,0.2435
6924,2019,low,0,14.74,0.2447
6729,2019,low,0,14.84,0.2459
7339,2019,low,0,14.84,0.247
8237,2019,low,0,14.92,0.2482
4681,2019,low,0,15.0,0.2494
7182,2019,mid_low,0,15.0,0.2506
4770,2019,mid_low,0,15.06,0.2518
7336,2019,mid_low,0,15.1,0.253
5372,2019,mid_low,0,15.14,0.2541
4572,2019,mid_low,0,15.16,0.2553
4709,2019,mid_low,0,15.24,0.2565
5507,2019,mid_low,0,15.24,0.2577
6838,2019,mid_low,0,15.3,0.2589
4575,2019,mid_low,0,15.32,0.26
6660,2019,mid_low,0,15.34,0.2612
6806,2019,mid_low,0,15.36,0.2624
6925,2019,mid_low,0,15.38,0.2636
4565,2019,mid_low,0,15.48,0.2648
4856,2019,mid_low,0,15.48,0.266
6777,2019,mid_low,0,15.6,0.2671
7251,2019,mid_low,0,15.6,0.2683
5050,2019,mid_low,0,15.68,0.2695
8191,2019,mid_low,0,15.72,0.2707
8209,2019,mid_low,0,15.74,0.2719
7756,2019,mid_low,0,15.76,0.273
4977,2019,mid_low,0,15.78,0.2742
4860,2019,mid_low,0,15.8,0.2754
5101,2019,mid_low,0,15.8,0.2766
5374,2019,mid_low,0,15.9,0.2778
8240,2019,mid_low,0,15.94,0.279
4663,2019,mid_low,0,15.96,0.2801
4746,2019,mid_low,0,15.96,0.2813
4927,2019,mid_low,0,16.06,0.2825
4893,2019,mid_low,0,16.12,0.2837
7922,2019,mid_low,0,16.26,0.2849
8052,2019,mid_low,0,16.26,0.2861
8021,2019,mid_low,0,16.44,0.2872
6248,2019,mid_low,0,16.48,0.2884
4879,2019,mid_low,0,16.5,0.2896
5099,2019,mid_low,0,16.56,0.2908
5703,2019,mid_low,0,16.56,0.292
6717,2019,mid_low,0,16.62,0.2931
4872,2019,mid_low,0,16.66,0.2943
7131,2019,mid_low,0,16.66,0.2955
7256,2019,mid_low,0,16.68,0.2967
5866,2019,mid_low,0,16.7,0.2979
4662,2019,mid_low,0,16.88,0.2991
7603,2019,mid_low,0,17.06,0.3002
5365,2019,mid_low,0,17.12,0.3014
6844,2019,mid_low,0,17.2,0.3026
8218,2019,mid_low,0,17.2,0.3038
6816,2019,mid_low,0,17.24,0.305
7206,2019,mid_low,0,17.24,0.3061
5017,2019,mid_low,0,17.3,0.3073
4873,2019,mid_low,0,17.6,0.3085
5014,2019,mid_low,0,17.66,0.3097
6001,2019,mid_low,0,17.76,0.3109
4573,2019,mid_low,0,17.84,0.3121
4664,2019,mid_low,0,17.88,0.3132
4786,2019,mid_low,0,17.96,0.3144
7318,2019,mid_low,0,17.96,0.3156
4707,2019,mid_low,0,18.1,0.3168
5461,2019,mid_low,0,18.12,0.318
4601,2019,mid_low,0,18.16,0.3191
5146,2019,mid_low,0,18.2,0.3203
4714,2019,mid_low,0,18.22,0.3215
8282,2019,mid_low,0,18.22,0.3227
4808,2019,mid_low,0,18.24,0.3239
5817,2019,mid_low,0,18.28,0.3251
4941,2019,mid_low,0,18.5,0.3262
6897,2019,mid_low,0,18.52,0.3274
6731,2019,mid_low,0,18.56,0.3286
4854,2019,mid_low,0,18.58,0.3298
4742,2019,mid_low,0,18.78,0.331
4806,2019,mid_low,0,18.8,0.3322
7361,2019,mid_low,0,18.8,0.3333
6675,2019,mid_low,0,18.82,0.3345
4674,2019,mid_low,0,18.88,0.3357
6807,2019,mid_low,0,18.9,0.3369
4951,2019,mid_low,0,19.08,0.3381
4911,2019,mid_low,0,19.14,0.3392
7084,2019,mid_low,0,19.14,0.3404
7806,2019,mid_low,0,19.16,0.3416
6796,2019,mid_low,0,19.24,0.3428
7640,2019,mid_low,0,19.24,0.344
6887,2019,mid_low,0,19.34,0.3452
4810,2019,mid_low,0,19.46,0.3463
8185,2019,mid_low,0,19.46,0.3475
7079,2019,mid_low,0,19.48,0.3487
7132,2019,mid_low,0,19.54,0.3499
6923,2019,mid_low,0,19.6,0.3511
4978,2019,mid_low,0,19.7,0.3522
5387,2019,mid_low,0,19.78,0.3534
7338,2019,mid_low,0,19.78,0.3546
7810,2019,mid_low,0,19.9,0.3558
5651,2019,mid_low,0,19.92,0.357
6910,2019,mid_low,0,19.94,0.3582
6750,2019,mid_low,0,19.94,0.3593
8133,2019,mid_low,0,20.18,0.3605
4781,2019,mid_low,0,20.22,0.3617
8419,2019,mid_low,0,20.24,0.3629
4637,2019,mid_low,0,20.56,0.3641
6676,2019,mid_low,0,20.62,0.3652
4774,2019,mid_low,0,20.96,0.3664
6745,2019,mid_low,0,20.96,0.3676
4776,2019,mid_low,0,21.02,0.3688
5310,2019,mid_low,0,21.04,0.37
6030,2019,mid_low,0,21.04,0.3712
6310,2019,mid_low,0,21.06,0.3723
7529,2019,mid_low,0,21.1,0.3735
4630,2019,mid_low,0,21.14,0.3747
6015,2019,mid_low,0,21.36,0.3759
6795,2019,mid_low,0,21.56,0.3771
4841,2019,mid_low,0,21.58,0.3783
4864,2019,mid_low,0,21.74,0.3794
6805,2019,mid_low,0,21.94,0.3806
5065,2019,mid_low,0,22.36,0.3818
5578,2019,mid_low,0,22.36,0.383
6954,2019,mid_low,0,22.4,0.3842
4891,2019,mid_low,0,22.48,0.3853
5961,2019,mid_low,0,22.5,0.3865
5188,2019,mid_low,0,22.6,0.3877
7661,2019,mid_low,0,22.68,0.3889
7751,2019,mid_low,0,22.68,0.3901
6705,2019,mid_low,0,22.78,0.3913
5535,2019,mid_low,0,22.82,0.3924
4554,2019,mid_low,0,22.86,0.3936
5871,2019,mid_low,0,22.9,0.3948
7078,2019,mid_low,0,22.98,0.396
8222,2019,mid_low,0,22.98,0.3972
7613,2019,mid_low,0,23.16,0.3983
5045,2019,mid_low,0,23.26,0.3995
5342,2019,mid_low,0,23.4,0.4007
4791,2019,mid_low,0,23.46,0.4019
6587,2019,mid_low,0,23.48,0.4031
4623,2019,mid_low,0,23.5,0.4043
7762,2019,mid_low,0,23.52,0.4054
5144,2019,mid_low,0,23.56,0.4066
8323,2019,mid_low,0,23.56,0.4078
5625,2019,mid_low,0,23.58,0.409
5800,2019,mid_low,0,23.66,0.4102
6284,2019,mid_low,0,23.68,0.4113
7395,2019,mid_low,0,23.8,0.4125
5293,2019,mid_low,0,23.88,0.4137
6401,2019,mid_low,0,23.9,0.4149
6922,2019,mid_low,0,24.06,0.4161
7444,2019,mid_low,0,24.06,0.4173
4619,2019,mid_low,0,24.08,0.4184
7743,2019,mid_low,0,24.24,0.4196
5035,2019,mid_low,0,24.26,0.4208
6012,2019,mid_low,0,24.28,0.422
4589,2019,mid_low,0,24.32,0.4232
6262,2019,mid_low,0,24.4,0.4243
7325,2019,mid_low,0,24.42,0.4255
7768,2019,mid_low,0,24.46,0.4267
5624,2019,mid_low,0,24.5,0.4279
8353,2019,mid_low,0,24.5,0.4291
4610,2019,mid_low,0,24.68,0.4303
8413,2019,mid_low,0,24.68,0.4314
7224,2019,mid_low,0,24.7,0.4326
7765,2019,mid_low,0,24.78,0.4338
4861,2019,mid_low,0,24.86,0.435
7812,2019,mid_low,0,24.86,0.4362
6726,2019,mid_low,0,24.92,0.4374
5777,2019,mid_low,0,24.94,0.4385
7645,2019,mid_low,0,25.04,0.4397
7966,2019,mid_low,0,25.04,0.4409
7064,2019,mid_low,0,25.1,0.4421
6903,2019,mid_low,0,25.32,0.4433
8286,2019,mid_low,0,25.32,0.4444
4940,2019,mid_low,0,25.4,0.4456
4682,2019,mid_low,0,25.42,0.4468
6532,2019,mid_low,0,25.48,0.448
5306,2019,mid_low,0,25.64,0.4492
6845,2019,mid_low,0,25.64,0.4504
5010,2019,mid_low,0,25.7,0.4515
6743,2019,mid_low,0,25.96,0.4527
7419,2019,mid_low,0,26.24,0.4539
5122,2019,mid_low,0,26.32,0.4551
6034,2019,mid_low,0,26.38,0.4563
7856,2019,mid_low,0,26.5,0.4574
6042,2019,mid_low,0,26.74,0.4586
6959,2019,mid_low,0,26.78,0.4598
5514,2019,mid_low,0,26.84,0.461
6782,2019,mid_low,0,26.86,0.4622
5047,2019,mid_low,0,27.0,0.4634
5024,2019,mid_low,0,27.06,0.4645
6609,2019,mid_low,0,27.36,0.4657
8290,2019,mid_low,0,27.38,0.4669
8152,2019,mid_low,0,27.6,0.4681
4667,2019,mid_low,0,27.64,0.4693
6715,2019,mid_low,0,27.78,0.4704
4690,2019,mid_low,0,27.92,0.4716
6792,2019,mid_low,0,28.06,0.4728
7070,2019,mid_low,0,28.12,0.474
6788,2019,mid_low,0,28.14,0.4752
8460,2019,mid_low,0,28.28,0.4764
4670,2019,mid_low,0,28.4,0.4775
5622,2019,mid_low,0,28.42,0.4787
7808,2019,mid_low,0,28.54,0.4799
5123,2019,mid_low,0,28.56,0.4811
5582,2019,mid_low,0,28.56,0.4823
4597,2019,mid_low,0,28.62,0.4835
7683,2019,mid_low,0,28.82,0.4846
6308,2019,mid_low,0,28.86,0.4858
5956,2019,mid_low,0,28.88,0.487
7896,2019,mid_low,0,28.94,0.4882
4719,2019,mid_low,0,29.06,0.4894
8216,2019,mid_low,0,29.18,0.4905
8127,2019,mid_low,0,29.22,0.4917
7652,2019,mid_low,0,29.38,0.4929
6814,2019,mid_low,0,29.4,0.4941
4755,2019,mid_low,0,29.48,0.4953
6982,2019,mid_low,0,29.5,0.4965
8409,2019,mid_low,0,29.6,0.4976
4655,2019,mid_low,0,29.64,0.4988
4745,2019,mid_low,0,29.68,0.5
5848,2019,mid_high,0,29.68,0.5012
7565,2019,mid_high,0,29.9,0.5024
5789,2019,mid_high,0,29.94,0.5035
6661,2019,mid_high,0,30.0,0.5047
6744,2019,mid_high,0,30.08,0.5059
4574,2019,mid_high,0,30.14,0.5071
5052,2019,mid_high,0,30.2,0.5083
6706,2019,mid_high,0,30.24,0.5095
5041,2019,mid_high,0,30.26,0.5106
8425,2019,mid_high,0,30.3,0.5118
4578,2019,mid_high,0,30.42,0.513
5060,2019,mid_high,0,30.48,0.5142
6798,2019,mid_high,0,30.48,0.5154
6876,2019,mid_high,0,30.48,0.5165
6311,2019,mid_high,0,30.54,0.5177
5012,2019,mid_high,0,30.62,0.5189
7359,2019,mid_high,0,30.8,0.5201
4673,2019,mid_high,0,30.82,0.5213
5444,2019,mid_high,0,30.82,0.5225
6677,2019,mid_high,0,30.82,0.5236
4640,2019,mid_high,0,30.84,0.5248
6871,2019,mid_high,0,30.84,0.526
5662,2019,mid_high,0,30.96,0.5272
6896,2019,mid_high,0,30.96,0.5284
8420,2019,mid_high,0,31.24,0.5296
4584,2019,mid_high,0,31.28,0.5307
6244,2019,mid_high,0,31.28,0.5319
6718,2019,mid_high,0,31.32,0.5331
5569,2019,mid_high,0,31.48,0.5343
7554,2019,mid_high,0,31.56,0.5355
7553,2019,mid_high,0,31.58,0.5366
4706,2019,mid_high,0,31.6,0.5378
7135,2019,mid_high,0,31.66,0.539
5847,2019,mid_high,0,31.68,0.5402
7353,2019,mid_high,0,31.78,0.5414
4602,2019,mid_high,0,31.84,0.5426
4832,2019,mid_high,0,31.84,0.5437
6033,2019,mid_high,0,32.0,0.5449
7305,2019,mid_high,0,32.12,0.5461
5464,2019,mid_high,0,32.14,0.5473
5057,2019,mid_high,0,32.26,0.5485
4735,2019,mid_high,0,32.34,0.5496
7555,2019,mid_high,0,32.46,0.5508
8488,2019,mid_high,0,32.46,0.552
8457,2019,mid_high,0,32.78,0.5532
4616,2019,mid_high,0,33.08,0.5544
6633,2019,mid_high,0,33.14,0.5556
5511,2019,mid_high,0,33.46,0.5567
6641,2019,mid_high,0,33.5,0.5579
5791,2019,mid_high,0,33.56,0.5591
5793,2019,mid_high,0,33.64,0.5603
6908,2019,mid_high,0,33.64,0.5615
6716,2019,mid_high,0,33.68,0.5626
8051,2019,mid_high,0,33.74,0.5638
5508,2019,mid_high,0,33.88,0.565
4853,2019,mid_high,0,33.96,0.5662
8035,2019,mid_high,0,34.04,0.5674
5988,2019,mid_high,0,34.06,0.5686
4985,2019,mid_high,0,34.08,0.5697
5977,2019,mid_high,0,34.1,0.5709
6031,2019,mid_high,0,34.32,0.5721
5080,2019,mid_high,0,34.36,0.5733
7776,2019,mid_high,0,34.44,0.5745
8175,2019,mid_high,0,34.5,0.5757
5015,2019,mid_high,0,34.52,0.5768
5831,2019,mid_high,0,34.7,0.578
5066,2019,mid_high,0,34.8,0.5792
7745,2019,mid_high,0,34.86,0.5804
6819,2019,mid_high,0,34.96,0.5816
8156,2019,mid_high,0,35.08,0.5827
6293,2019,mid_high,0,35.2,0.5839
7323,2019,mid_high,0,35.34,0.5851
4557,2019,mid_high,0,35.56,0.5863
6659,2019,mid_high,0,35.64,0.5875
7133,2019,mid_high,0,35.66,0.5887
7662,2019,mid_high,0,35.68,0.5898
5022,2019,mid_high,0,35.7,0.591
8098,2019,mid_high,0,35.76,0.5922
7991,2019,mid_high,0,35.84,0.5934
8467,2019,mid_high,0,35.88,0.5946
7636,2019,mid_high,0,35.9,0.5957
5536,2019,mid_high,0,36.08,0.5969
7752,2019,mid_high,0,36.12,0.5981
5391,2019,mid_high,0,36.16,0.5993
7775,2019,mid_high,0,36.16,0.6005
7767,2019,mid_high,0,36.3,0.6017
6696,2019,mid_high,0,36.32,0.6028
4618,2019,mid_high,0,36.34,0.604
8138,2019,mid_high,0,36.34,0.6052
5829,2019,mid_high,0,36.44,0.6064
6860,2019,mid_high,0,36.44,0.6076
7641,2019,mid_high,0,36.44,0.6087
5368,2019,mid_high,0,36.66,0.6099
5519,2019,mid_high,0,36.86,0.6111
5426,2019,mid_high,0,36.94,0.6123
7771,2019,mid_high,0,37.2,0.6135
6700,2019,mid_high,0,37.26,0.6147
6095,2019,mid_high,0,37.5,0.6158
7614,2019,mid_high,0,37.6,0.617
7971,2019,mid_high,0,37.6,0.6182
7735,2019,mid_high,0,37.76,0.6194
5407,2019,mid_high,0,37.86,0.6206
8210,2019,mid_high,0,37.96,0.6217
8289,2019,mid_high,0,37.96,0.6229
8139,2019,mid_high,0,38.04,0.6241
8275,2019,mid_high,0,38.24,0.6253
5270,2019,mid_high,0,38.4,0.6265
7567,2019,mid_high,0,38.62,0.6277
5991,2019,mid_high,0,38.68,0.6288
7134,2019,mid_high,0,38.76,0.63
5525,2019,mid_high,0,38.8,0.6312
6268,2019,mid_high,0,39.02,0.6324
6787,2019,mid_high,0,39.12,0.6336
4881,2019,mid_high,0,39.14,0.6348
5061,2019,mid_high,0,39.18,0.6359
7722,2019,mid_high,0,39.2,0.6371
4984,2019,mid_high,0,39.24,0.6383
5570,2019,mid_high,0,39.36,0.6395
5856,2019,mid_high,0,39.42,0.6407
6300,2019,mid_high,0,39.52,0.6418
7814,2019,mid_high,0,39.58,0.643
7658,2019,mid_high,0,39.64,0.6442
5121,2019,mid_high,0,40.16,0.6454
7255,2019,mid_high,0,40.34,0.6466
4715,2019,mid_high,0,40.36,0.6478
7507,2019,mid_high,0,40.6,0.6489
5484,2019,mid_high,0,40.86,0.6501
8444,2019,mid_high,0,41.28,0.6513
8211,2019,mid_high,0,41.34,0.6525
7331,2019,mid_high,0,41.38,0.6537
4963,2019,mid_high,0,41.46,0.6548
5118,2019,mid_high,0,41.48,0.656
7192,2019,mid_high,0,41.52,0.6572
4739,2019,mid_high,0,41.56,0.6584
5627,2019,mid_high,0,41.62,0.6596
4591,2019,mid_high,0,41.68,0.6608
7332,2019,mid_high,0,42.24,0.6619
5005,2019,mid_high,0,42.38,0.6631
7390,2019,mid_high,0,42.7,0.6643
4653,2019,mid_high,0,42.82,0.6655
6027,2019,mid_high,0,42.82,0.6667
7710,2019,mid_high,0,43.34,0.6678
6067,2019,mid_high,0,43.36,0.669
7586,2019,mid_high,0,43.92,0.6702
6488,2019,mid_high,0,43.94,0.6714
6046,2019,mid_high,0,44.3,0.6726
5727,2019,mid_high,0,44.36,0.6738
8412,2019,mid_high,0,44.42,0.6749
6926,2019,mid_high,0,44.48,0.6761
5313,2019,mid_high,0,44.7,0.6773
7599,2019,mid_high,0,44.72,0.6785
8018,2019,mid_high,0,44.82,0.6797
8046,2019,mid_high,0,45.04,0.6809
4803,2019,mid_high,0,45.06,0.682
6690,2019,mid_high,0,45.1,0.6832
7770,2019,mid_high,0,45.16,0.6844
4721,2019,mid_high,0,45.4,0.6856
5331,2019,mid_high,0,45.76,0.6868
7432,2019,mid_high,0,46.2,0.6879
6616,2019,mid_high,0,46.24,0.6891
8245,2019,mid_high,0,46.26,0.6903
7126,2019,mid_high,0,46.34,0.6915
7558,2019,mid_high,0,46.68,0.6927
6870,2019,mid_high,0,46.82,0.6939
6267,2019,mid_high,0,46.88,0.695
6961,2019,mid_high,0,46.98,0.6962
4675,2019,mid_high,0,47.3,0.6974
6053,2019,mid_high,0,47.38,0.6986
4652,2019,mid_high,0,47.4,0.6998
6742,2019,mid_high,0,47.44,0.7009
6786,2019,mid_high,0,47.5,0.7021
6038,2019,mid_high,0,48.12,0.7033
7594,2019,mid_high,0,48.34,0.7045
6776,2019,mid_high,0,48.46,0.7057
7779,2019,mid_high,0,48.82,0.7069
6431,2019,mid_high,0,48.84,0.708
8298,2019,mid_high,0,49.04,0.7092
4815,2019,mid_high,0,49.14,0.7104
5774,2019,mid_high,0,49.14,0.7116
5865,2019,mid_high,0,49.32,0.7128
6393,2019,mid_high,0,49.58,0.7139
7571,2019,mid_high,0,49.58,0.7151
4617,2019,mid_high,0,49.78,0.7163
6298,2019,mid_high,0,49.98,0.7175
7236,2019,mid_high,0,50.0,0.7187
5289,2019,mid_high,0,50.36,0.7199
4744,2019,mid_high,0,50.5,0.721
5018,2019,mid_high,0,50.52,0.7222
6835,2019,mid_high,0,50.58,0.7234
7642,2019,mid_high,0,50.8,0.7246
6362,2019,mid_high,0,50.82,0.7258
8053,2019,mid_high,0,50.96,0.727
7606,2019,mid_high,0,50.98,0.7281
7805,2019,mid_high,0,51.02,0.7293
7178,2019,mid_high,0,51.2,0.7305
6415,2019,mid_high,0,51.34,0.7317
4559,2019,mid_high,0,51.36,0.7329
6783,2019,mid_high,0,51.36,0.734
7528,2019,mid_high,0,51.6,0.7352
5455,2019,mid_high,0,52.1,0.7364
7540,2019,mid_high,0,52.3,0.7376
7967,2019,mid_high,0,52.5,0.7388
4660,2019,mid_high,0,52.7,0.74
4763,2019,mid_high,0,52.74,0.7411
8436,2019,mid_high,0,52.74,0.7423
4910,2019,mid_high,0,52.8,0.7435
7456,2019,mid_high,0,53.14,0.7447
7847,2019,mid_high,0,53.24,0.7459
6872,2019,mid_high,0,53.3,0.747
6614,2019,mid_high,0,53.42,0.7482
6909,2019,mid_high,0,53.82,0.7494
7326,2019,high,0,54.12,0.7506
7764,2019,high,0,54.14,0.7518
4822,2019,high,0,54.34,0.753
4833,2019,high,0,54.64,0.7541
8199,2019,high,0,54.8,0.7553
5873,2019,high,0,55.2,0.7565
4990,2019,high,0,55.64,0.7577
6719,2019,high,0,56.12,0.7589
6858,2019,high,0,56.68,0.76
5619,2019,high,0,56.84,0.7612
5353,2019,high,0,56.9,0.7624
4590,2019,high,0,57.0,0.7636
7212,2019,high,0,57.48,0.7648
5472,2019,high,0,57.54,0.766
6200,2019,high,0,57.7,0.7671
5548,2019,high,0,57.9,0.7683
6297,2019,high,0,57.9,0.7695
6345,2019,high,0,58.06,0.7707
7195,2019,high,0,58.1,0.7719
6878,2019,high,0,58.26,0.773
5726,2019,high,0,58.58,0.7742
6862,2019,high,0,58.66,0.7754
7884,2019,high,0,58.88,0.7766
5654,2019,high,0,58.9,0.7778
6028,2019,high,0,58.96,0.779
6610,2019,high,0,59.02,0.7801
8430,2019,high,0,59.14,0.7813
5398,2019,high,0,59.2,0.7825
6223,2019,high,0,59.5,0.7837
6232,2019,high,0,60.34,0.7849
7918,2019,high,0,60.54,0.7861
8054,2019,high,0,61.24,0.7872
6529,2019,high,0,61.46,0.7884
6598,2019,high,0,61.6,0.7896
5100,2019,high,0,61.74,0.7908
6934,2019,high,0,61.84,0.792
7082,2019,high,0,62.04,0.7931
7228,2019,high,0,62.04,0.7943
6002,2019,high,0,62.16,0.7955
7229,2019,high,0,62.16,0.7967
6737,2019,high,0,62.44,0.7979
5629,2019,high,0,62.66,0.7991
6257,2019,high,0,62.84,0.8002
4858,2019,high,0,63.02,0.8014
5371,2019,high,0,63.22,0.8026
7199,2019,high,0,63.44,0.8038
7187,2019,high,0,63.58,0.805
6994,2019,high,0,63.6,0.8061
6604,2019,high,0,63.72,0.8073
4761,2019,high,0,63.76,0.8085
7352,2019,high,0,64.32,0.8097
5663,2019,high,0,64.84,0.8109
7184,2019,high,0,64.86,0.8121
6230,2019,high,0,65.2,0.8132
7772,2019,high,0,65.82,0.8144
7276,2019,high,0,65.84,0.8156
6918,2019,high,0,65.96,0.8168
6658,2019,high,0,66.3,0.818
5980,2019,high,0,66.44,0.8191
5854,2019,high,0,66.8,0.8203
5032,2019,high,0,66.94,0.8215
8236,2019,high,0,67.0,0.8227
7968,2019,high,0,67.08,0.8239
6544,2019,high,0,67.12,0.8251
4556,2019,high,0,67.26,0.8262
5287,2019,high,0,67.46,0.8274
6757,2019,high,0,67.46,0.8286
4811,2019,high,0,67.94,0.8298
5901,2019,high,0,68.0,0.831
7738,2019,high,0,68.16,0.8322
8402,2019,high,0,68.22,0.8333
5667,2019,high,0,68.6,0.8345
8190,2019,high,0,68.92,0.8357
5489,2019,high,0,69.9,0.8369
7025,2019,high,0,69.92,0.8381
7720,2019,high,0,69.96,0.8392
6339,2019,high,0,70.16,0.8404
7591,2019,high,0,70.38,0.8416
7899,2019,high,0,71.24,0.8428
7817,2019,high,0,71.28,0.844
6352,2019,high,0,72.08,0.8452
4777,2019,high,0,72.34,0.8463
8155,2019,high,0,72.6,0.8475
8461,2019,high,0,72.7,0.8487
8431,2019,high,0,72.72,0.8499
6843,2019,high,0,73.14,0.8511
8099,2019,high,0,73.14,0.8522
6433,2019,high,0,73.18,0.8534
8267,2019,high,0,73.22,0.8546
4671,2019,high,0,73.28,0.8558
6228,2019,high,0,73.48,0.857
8473,2019,high,0,73.54,0.8582
7621,2019,high,0,74.3,0.8593
6382,2019,high,0,74.7,0.8605
8348,2019,high,0,74.82,0.8617
8159,2019,high,0,74.98,0.8629
8295,2019,high,0,75.88,0.8641
7516,2019,high,0,76.96,0.8652
7654,2019,high,0,77.44,0.8664
6272,2019,high,0,77.6,0.8676
4586,2019,high,0,77.66,0.8688
7239,2019,high,0,78.2,0.87
7638,2019,high,0,78.48,0.8712
7389,2019,high,0,78.72,0.8723
5766,2019,high,0,79.14,0.8735
6365,2019,high,0,79.28,0.8747
8045,2019,high,0,79.28,0.8759
7310,2019,high,0,79.58,0.8771
6264,2019,high,0,79.8,0.8783
8225,2019,high,0,80.02,0.8794
7783,2019,high,0,80.1,0.8806
8197,2019,high,0,80.76,0.8818
5604,2019,high,0,80.86,0.883
4964,2019,high,0,80.94,0.8842
8437,2019,high,0,82.04,0.8853
5801,2019,high,0,82.1,0.8865
5724,2019,high,0,82.34,0.8877
5530,2019,high,0,82.38,0.8889
6907,2019,high,0,82.54,0.8901
6662,2019,high,0,82.58,0.8913
4626,2019,high,0,82.72,0.8924
4695,2019,high,0,82.8,0.8936
8451,2019,high,0,82.86,0.8948
8230,2019,high,0,83.14,0.896
5639,2019,high,0,84.0,0.8972
8214,2019,high,0,84.28,0.8983
8137,2019,high,0,85.2,0.8995
6013,2019,high,0,86.04,0.9007
7911,2019,high,0,86.2,0.9019
7261,2019,high,0,87.88,0.9031
8226,2019,high,0,88.18,0.9043
7726,2019,high,0,89.64,0.9054
5105,2019,high,0,90.32,0.9066
5595,2019,high,0,91.48,0.9078
5874,2019,high,0,92.58,0.909
5494,2019,high,0,93.26,0.9102
6703,2019,high,0,95.82,0.9113
5418,2019,high,0,96.04,0.9125
7248,2019,high,0,96.5,0.9137
8257,2019,high,0,97.68,0.9149
7102,2019,high,0,97.84,0.9161
7235,2019,high,0,97.94,0.9173
7468,2019,high,0,98.84,0.9184
7423,2019,high,0,99.28,0.9196
5314,2019,high,0,99.7,0.9208
7097,2019,high,0,101.32,0.922
6665,2019,high,0,101.72,0.9232
5147,2019,high,0,103.18,0.9243
7204,2019,high,0,104.28,0.9255
8249,2019,high,0,106.58,0.9267
5900,2019,high,0,109.08,0.9279
5265,2019,high,0,109.56,0.9291
6626,2019,high,0,109.64,0.9303
8150,2019,high,0,111.2,0.9314
4567,2019,high,0,112.5,0.9326
6980,2019,high,0,112.92,0.9338
7446,2019,high,0,114.42,0.935
7346,2019,high,0,114.96,0.9362
8479,2019,high,0,115.94,0.9374
7320,2019,high,0,116.8,0.9385
8394,2019,high,0,117.52,0.9397
5414,2019,high,0,118.22,0.9409
8220,2019,high,0,119.2,0.9421
6035,2019,high,0,119.82,0.9433
7678,2019,high,0,120.66,0.9444
6306,2019,high,0,121.14,0.9456
5399,2019,high,0,121.4,0.9468
8470,2019,high,0,123.94,0.948
8193,2019,high,0,125.94,0.9492
7995,2019,viral,1,126.0,0.9504
8037,2019,viral,1,126.66,0.9515
7619,2019,viral,1,127.68,0.9527
7531,2019,viral,1,129.66,0.9539
6414,2019,viral,1,131.38,0.9551
6884,2019,viral,1,134.3,0.9563
8165,2019,viral,1,134.74,0.9574
5296,2019,viral,1,135.42,0.9586
6965,2019,viral,1,136.44,0.9598
5560,2019,viral,1,139.76,0.961
7685,2019,viral,1,140.24,0.9622
5106,2019,viral,1,142.96,0.9634
6682,2019,viral,1,145.18,0.9645
6823,2019,viral,1,149.68,0.9657
7092,2019,viral,1,152.66,0.9669
7749,2019,viral,1,152.8,0.9681
6375,2019,viral,1,153.2,0.9693
8415,2019,viral,1,156.88,0.9704
7939,2019,viral,1,157.76,0.9716
7860,2019,viral,1,160.4,0.9728
4743,2019,viral,1,163.32,0.974
7653,2019,viral,1,165.82,0.9752
7700,2019,viral,1,165.94,0.9764
7179,2019,viral,1,168.74,0.9775
8279,2019,viral,1,169.02,0.9787
7037,2019,viral,1,170.88,0.9799
8055,2019,viral,1,183.34,0.9811
4622,2019,viral,1,187.78,0.9823
6685,2019,viral,1,188.2,0.9835
7903,2019,viral,1,188.78,0.9846
7992,2019,viral,1,197.68,0.9858
6249,2019,viral,1,205.32,0.987
7757,2019,viral,1,224.84,0.9882
5338,2019,viral,1,230.56,0.9894
6315,2019,viral,1,247.48,0.9905
5149,2019,viral,1,262.98,0.9917
6085,2019,viral,1,303.9,0.9929
7580,2019,viral,1,381.34,0.9941
7109,2019,viral,1,382.48,0.9953
6440,2019,viral,1,426.38,0.9965
7504,2019,viral,1,509.18,0.9976
7398,2019,viral,1,801.18,0.9988
6912,2019,viral,1,1619.16,1.0
9967,2020,low,0,3.94,0.0013
8755,2020,low,0,4.0,0.0026
8944,2020,low,0,4.0,0.0039
10338,2020,low,0,4.28,0.0052
10315,2020,low,0,4.36,0.0065
10025,2020,low,0,4.46,0.0078
10330,2020,low,0,4.6,0.0091
9576,2020,low,0,4.64,0.0104
9353,2020,low,0,4.74,0.0117
10285,2020,low,0,4.78,0.013
9780,2020,low,0,4.84,0.0142
10484,2020,low,0,4.86,0.0155
10447,2020,low,0,4.94,0.0168
10423,2020,low,0,4.96,0.0181
9990,2020,low,0,4.98,0.0194
10349,2020,low,0,4.98,0.0207
10387,2020,low,0,4.98,0.022
10343,2020,low,0,5.04,0.0233
9578,2020,low,0,5.12,0.0246
9078,2020,low,0,5.18,0.0259
10588,2020,low,0,5.28,0.0272
10422,2020,low,0,5.3,0.0285
10321,2020,low,0,5.32,0.0298
10337,2020,low,0,5.34,0.0311
10393,2020,low,0,5.34,0.0324
10616,2020,low,0,5.42,0.0337
10026,2020,low,0,5.44,0.035
10348,2020,low,0,5.48,0.0363
10446,2020,low,0,5.5,0.0376
9420,2020,low,0,5.52,0.0389
10201,2020,low,0,5.54,0.0402
10431,2020,low,0,5.58,0.0415
10440,2020,low,0,5.58,0.0427
9735,2020,low,0,5.68,0.044
10131,2020,low,0,5.72,0.0453
10345,2020,low,0,5.8,0.0466
9398,2020,low,0,5.82,0.0479
9094,2020,low,0,5.94,0.0492
9970,2020,low,0,5.94,0.0505
9027,2020,low,0,5.96,0.0518
10489,2020,low,0,5.98,0.0531
10264,2020,low,0,6.0,0.0544
10322,2020,low,0,6.02,0.0557
9066,2020,low,0,6.04,0.057
10362,2020,low,0,6.08,0.0583
10272,2020,low,0,6.1,0.0596
8860,2020,low,0,6.12,0.0609
9702,2020,low,0,6.12,0.0622
10809,2020,low,0,6.14,0.0635
9642,2020,low,0,6.2,0.0648
9941,2020,low,0,6.24,0.0661
10474,2020,low,0,6.3,0.0674
10480,2020,low,0,6.3,0.0687
9783,2020,low,0,6.32,0.0699
10569,2020,low,0,6.34,0.0712
10319,2020,low,0,6.4,0.0725
9700,2020,low,0,6.52,0.0738
10411,2020,low,0,6.56,0.0751
10674,2020,low,0,6.56,0.0764
10443,2020,low,0,6.64,0.0777
9719,2020,low,0,6.78,0.079
10523,2020,low,0,6.84,0.0803
10380,2020,low,0,6.88,0.0816
8956,2020,low,0,6.92,0.0829
10392,2020,low,0,6.94,0.0842
8949,2020,low,0,6.96,0.0855
9199,2020,low,0,6.98,0.0868
10076,2020,low,0,7.08,0.0881
10386,2020,low,0,7.1,0.0894
10828,2020,low,0,7.16,0.0907
10451,2020,low,0,7.24,0.092
10014,2020,low,0,7.34,0.0933
8878,2020,low,0,7.4,0.0946
10011,2020,low,0,7.42,0.0959
10057,2020,low,0,7.56,0.0972
10255,2020,low,0,7.56,0.0984
10655,2020,low,0,7.56,0.0997
10008,2020,low,0,7.58,0.101
10469,2020,low,0,7.58,0.1023
10397,2020,low,0,7.66,0.1036
10460,2020,low,0,7.66,0.1049
10601,2020,low,0,7.66,0.1062
10336,2020,low,0,7.68,0.1075
10292,2020,low,0,7.8,0.1088
9561,2020,low,0,7.92,0.1101
8943,2020,low,0,8.0,0.1114
10565,2020,low,0,8.02,0.1127
10261,2020,low,0,8.04,0.114
9581,2020,low,0,8.1,0.1153
10421,2020,low,0,8.12,0.1166
10671,2020,low,0,8.14,0.1179
10275,2020,low,0,8.2,0.1192
10353,2020,low,0,8.22,0.1205
9945,2020,low,0,8.24,0.1218
10134,2020,low,0,8.32,0.1231
10159,2020,low,0,8.44,0.1244
10471,2020,low,0,8.54,0.1256
10552,2020,low,0,8.54,0.1269
9124,2020,low,0,8.68,0.1282
10602,2020,low,0,8.68,0.1295
10390,2020,low,0,8.96,0.1308
9761,2020,low,0,9.0,0.1321
8986,2020,low,0,9.04,0.1334
9023,2020,low,0,9.06,0.1347
9590,2020,low,0,9.12,0.136
10224,2020,low,0,9.14,0.1373
10432,2020,low,0,9.14,0.1386
10132,2020,low,0,9.2,0.1399
10461,2020,low,0,9.2,0.1412
10265,2020,low,0,9.26,0.1425
9423,2020,low,0,9.28,0.1438
10363,2020,low,0,9.3,0.1451
10385,2020,low,0,9.32,0.1464
10383,2020,low,0,9.38,0.1477
10800,2020,low,0,9.48,0.149
9765,2020,low,0,9.5,0.1503
9744,2020,low,0,9.54,0.1516
9895,2020,low,0,9.56,0.1528
9414,2020,low,0,9.58,0.1541
10317,2020,low,0,9.8,0.1554
10419,2020,low,0,9.88,0.1567
10394,2020,low,0,9.9,0.158
9688,2020,low,0,9.94,0.1593
10258,2020,low,0,9.96,0.1606
10273,2020,low,0,9.96,0.1619
10140,2020,low,0,10.02,0.1632
10494,2020,low,0,10.04,0.1645
9014,2020,low,0,10.06,0.1658
9534,2020,low,0,10.06,0.1671
10532,2020,low,0,10.14,0.1684
9579,2020,low,0,10.16,0.1697
10585,2020,low,0,10.18,0.171
10366,2020,low,0,10.22,0.1723
10581,2020,low,0,10.22,0.1736
10823,2020,low,0,10.22,0.1749
9873,2020,low,0,10.24,0.1762
9995,2020,low,0,10.32,0.1775
10149,2020,low,0,10.38,0.1788
10516,2020,low,0,10.54,0.1801
9127,2020,low,0,10.6,0.1813
9436,2020,low,0,10.7,0.1826
10475,2020,low,0,10.74,0.1839
10524,2020,low,0,10.76,0.1852
10212,2020,low,0,10.84,0.1865
10692,2020,low,0,10.84,0.1878
10457,2020,low,0,10.9,0.1891
10534,2020,low,0,10.94,0.1904
10213,2020,low,0,11.0,0.1917
10046,2020,low,0,11.04,0.193
10327,2020,low,0,11.1,0.1943
9293,2020,low,0,11.12,0.1956
10271,2020,low,0,11.14,0.1969
10391,2020,low,0,11.18,0.1982
10375,2020,low,0,11.2,0.1995
10141,2020,low,0,11.26,0.2008
10442,2020,low,0,11.26,0.2021
9671,2020,low,0,11.4,0.2034
8931,2020,low,0,11.56,0.2047
9948,2020,low,0,11.6,0.206
10608,2020,low,0,11.68,0.2073
9789,2020,low,0,11.72,0.2085
10301,2020,low,0,11.8,0.2098
8916,2020,low,0,11.82,0.2111
8815,2020,low,0,11.84,0.2124
10024,2020,low,0,11.92,0.2137
9977,2020,low,0,11.94,0.215
10374,2020,low,0,11.94,0.2163
9125,2020,low,0,11.96,0.2176
9568,2020,low,0,11.96,0.2189
10347,2020,low,0,11.98,0.2202
10256,2020,low,0,12.02,0.2215
10485,2020,low,0,12.08,0.2228
10260,2020,low,0,12.16,0.2241
10027,2020,low,0,12.2,0.2254
10814,2020,low,0,12.32,0.2267
9766,2020,low,0,12.4,0.228
10300,2020,low,0,12.4,0.2293
10455,2020,low,0,12.44,0.2306
10734,2020,low,0,12.5,0.2319
10816,2020,low,0,12.66,0.2332
9096,2020,low,0,12.72,0.2345
10483,2020,low,0,12.92,0.2358
10123,2020,low,0,12.94,0.237
10022,2020,low,0,12.96,0.2383
10033,2020,low,0,12.96,0.2396
10167,2020,low,0,13.02,0.2409
10127,2020,low,0,13.14,0.2422
10276,2020,low,0,13.16,0.2435
8886,2020,low,0,13.32,0.2448
10061,2020,low,0,13.34,0.2461
10454,2020,low,0,13.38,0.2474
10560,2020,low,0,13.38,0.2487
10548,2020,low,0,13.52,0.25
9933,2020,mid_low,0,13.62,0.2513
10417,2020,mid_low,0,13.7,0.2526
10594,2020,mid_low,0,13.7,0.2539
10458,2020,mid_low,0,13.8,0.2552
10528,2020,mid_low,0,13.96,0.2565
10545,2020,mid_low,0,13.96,0.2578
9686,2020,mid_low,0,13.98,0.2591
10510,2020,mid_low,0,14.04,0.2604
9694,2020,mid_low,0,14.06,0.2617
10693,2020,mid_low,0,14.1,0.263
8941,2020,mid_low,0,14.12,0.2642
10514,2020,mid_low,0,14.18,0.2655
10280,2020,mid_low,0,14.2,0.2668
10157,2020,mid_low,0,14.26,0.2681
9574,2020,mid_low,0,14.28,0.2694
10018,2020,mid_low,0,14.28,0.2707
10583,2020,mid_low,0,14.3,0.272
10599,2020,mid_low,0,14.34,0.2733
10277,2020,mid_low,0,14.46,0.2746
10829,2020,mid_low,0,14.48,0.2759
10830,2020,mid_low,0,14.5,0.2772
10371,2020,mid_low,0,14.56,0.2785
10513,2020,mid_low,0,14.66,0.2798
10509,2020,mid_low,0,14.78,0.2811
10767,2020,mid_low,0,14.78,0.2824
9541,2020,mid_low,0,14.8,0.2837
10002,2020,mid_low,0,14.8,0.285
10567,2020,mid_low,0,14.86,0.2863
8984,2020,mid_low,0,14.94,0.2876
8816,2020,mid_low,0,15.0,0.2889
9633,2020,mid_low,0,15.02,0.2902
10401,2020,mid_low,0,15.16,0.2915
10009,2020,mid_low,0,15.2,0.2927
10592,2020,mid_low,0,15.2,0.294
10029,2020,mid_low,0,15.22,0.2953
10262,2020,mid_low,0,15.28,0.2966
9092,2020,mid_low,0,15.3,0.2979
10038,2020,mid_low,0,15.32,0.2992
10342,2020,mid_low,0,15.32,0.3005
9859,2020,mid_low,0,15.36,0.3018
10352,2020,mid_low,0,15.38,0.3031
9457,2020,mid_low,0,15.44,0.3044
9781,2020,mid_low,0,15.44,0.3057
9946,2020,mid_low,0,15.5,0.307
10284,2020,mid_low,0,15.5,0.3083
10116,2020,mid_low,0,15.62,0.3096
10735,2020,mid_low,0,15.62,0.3109
10597,2020,mid_low,0,15.66,0.3122
9155,2020,mid_low,0,15.72,0.3135
10282,2020,mid_low,0,15.78,0.3148
10035,2020,mid_low,0,15.8,0.3161
10644,2020,mid_low,0,15.8,0.3174
10305,2020,mid_low,0,15.86,0.3187
10551,2020,mid_low,0,16.0,0.3199
10220,2020,mid_low,0,16.06,0.3212
10295,2020,mid_low,0,16.06,0.3225
9494,2020,mid_low,0,16.3,0.3238
9978,2020,mid_low,0,16.3,0.3251
10323,2020,mid_low,0,16.32,0.3264
8868,2020,mid_low,0,16.52,0.3277
9098,2020,mid_low,0,16.56,0.329
10136,2020,mid_low,0,16.58,0.3303
10020,2020,mid_low,0,16.6,0.3316
10334,2020,mid_low,0,16.68,0.3329
10527,2020,mid_low,0,16.72,0.3342
10808,2020,mid_low,0,16.74,0.3355
9539,2020,mid_low,0,16.76,0.3368
10418,2020,mid_low,0,16.76,0.3381
8838,2020,mid_low,0,16.8,0.3394
10590,2020,mid_low,0,16.8,0.3407
10605,2020,mid_low,0,16.8,0.342
9691,2020,mid_low,0,17.2,0.3433
10161,2020,mid_low,0,17.2,0.3446
10040,2020,mid_low,0,17.22,0.3459
10294,2020,mid_low,0,17.24,0.3472
10541,2020,mid_low,0,17.26,0.3484
9863,2020,mid_low,0,17.32,0.3497
10193,2020,mid_low,0,17.4,0.351
10364,2020,mid_low,0,17.46,0.3523
9304,2020,mid_low,0,17.48,0.3536
10470,2020,mid_low,0,17.52,0.3549
10388,2020,mid_low,0,17.56,0.3562
10505,2020,mid_low,0,17.56,0.3575
10059,2020,mid_low,0,17.6,0.3588
10384,2020,mid_low,0,17.6,0.3601
9996,2020,mid_low,0,17.68,0.3614
10128,2020,mid_low,0,17.74,0.3627
8841,2020,mid_low,0,17.76,0.364
9997,2020,mid_low,0,17.78,0.3653
9868,2020,mid_low,0,17.8,0.3666
10540,2020,mid_low,0,17.86,0.3679
9501,2020,mid_low,0,17.92,0.3692
10259,2020,mid_low,0,18.02,0.3705
9836,2020,mid_low,0,18.04,0.3718
9592,2020,mid_low,0,18.06,0.3731
9640,2020,mid_low,0,18.1,0.3744
10274,2020,mid_low,0,18.1,0.3756
10479,2020,mid_low,0,18.14,0.3769
10726,2020,mid_low,0,18.16,0.3782
9373,2020,mid_low,0,18.2,0.3795
8873,2020,mid_low,0,18.24,0.3808
9418,2020,mid_low,0,18.32,0.3821
10648,2020,mid_low,0,18.36,0.3834
9039,2020,mid_low,0,18.38,0.3847
9874,2020,mid_low,0,18.4,0.386
8813,2020,mid_low,0,18.42,0.3873
10214,2020,mid_low,0,18.44,0.3886
10612,2020,mid_low,0,18.56,0.3899
10753,2020,mid_low,0,18.62,0.3912
10242,2020,mid_low,0,18.72,0.3925
9698,2020,mid_low,0,18.74,0.3938
10246,2020,mid_low,0,18.78,0.3951
10629,2020,mid_low,0,18.78,0.3964
8817,2020,mid_low,0,18.82,0.3977
10584,2020,mid_low,0,18.92,0.399
9438,2020,mid_low,0,19.04,0.4003
10028,2020,mid_low,0,19.06,0.4016
10730,2020,mid_low,0,19.16,0.4028
9878,2020,mid_low,0,19.34,0.4041
10657,2020,mid_low,0,19.38,0.4054
10544,2020,mid_low,0,19.44,0.4067
8782,2020,mid_low,0,19.48,0.408
9973,2020,mid_low,0,19.5,0.4093
8811,2020,mid_low,0,19.52,0.4106
10379,2020,mid_low,0,19.56,0.4119
9527,2020,mid_low,0,19.6,0.4132
10824,2020,mid_low,0,19.6,0.4145
10376,2020,mid_low,0,19.72,0.4158
10572,2020,mid_low,0,19.74,0.4171
9321,2020,mid_low,0,19.76,0.4184
10631,2020,mid_low,0,19.82,0.4197
9133,2020,mid_low,0,19.84,0.421
9327,2020,mid_low,0,19.96,0.4223
10615,2020,mid_low,0,20.0,0.4236
10031,2020,mid_low,0,20.04,0.4249
10251,2020,mid_low,0,20.12,0.4262
8757,2020,mid_low,0,20.24,0.4275
10053,2020,mid_low,0,20.24,0.4288
10518,2020,mid_low,0,20.26,0.4301
9718,2020,mid_low,0,20.44,0.4313
10324,2020,mid_low,0,20.52,0.4326
9804,2020,mid_low,0,20.62,0.4339
10166,2020,mid_low,0,20.64,0.4352
10558,2020,mid_low,0,20.66,0.4365
9791,2020,mid_low,0,20.74,0.4378
10821,2020,mid_low,0,20.86,0.4391
10647,2020,mid_low,0,20.94,0.4404
10577,2020,mid_low,0,21.02,0.4417
8812,2020,mid_low,0,21.22,0.443
10520,2020,mid_low,0,21.36,0.4443
10740,2020,mid_low,0,21.36,0.4456
9866,2020,mid_low,0,21.46,0.4469
10424,2020,mid_low,0,21.48,0.4482
10805,2020,mid_low,0,21.52,0.4495
9625,2020,mid_low,0,21.58,0.4508
8753,2020,mid_low,0,21.6,0.4521
10429,2020,mid_low,0,21.64,0.4534
10476,2020,mid_low,0,21.86,0.4547
8525,2020,mid_low,0,21.9,0.456
9814,2020,mid_low,0,21.98,0.4573
10444,2020,mid_low,0,22.12,0.4585
9805,2020,mid_low,0,22.2,0.4598
10468,2020,mid_low,0,22.32,0.4611
10328,2020,mid_low,0,22.34,0.4624
8534,2020,mid_low,0,22.38,0.4637
10811,2020,mid_low,0,22.46,0.465
10467,2020,mid_low,0,22.48,0.4663
9685,2020,mid_low,0,22.54,0.4676
9442,2020,mid_low,0,22.78,0.4689
8634,2020,mid_low,0,22.8,0.4702
9821,2020,mid_low,0,22.88,0.4715
10555,2020,mid_low,0,22.9,0.4728
9802,2020,mid_low,0,22.94,0.4741
8591,2020,mid_low,0,23.12,0.4754
10482,2020,mid_low,0,23.2,0.4767
10101,2020,mid_low,0,23.28,0.478
9372,2020,mid_low,0,23.3,0.4793
10613,2020,mid_low,0,23.36,0.4806
9255,2020,mid_low,0,23.48,0.4819
9810,2020,mid_low,0,23.7,0.4832
10626,2020,mid_low,0,23.72,0.4845
9051,2020,mid_low,0,23.76,0.4858
10221,2020,mid_low,0,23.92,0.487
8804,2020,mid_low,0,23.96,0.4883
8612,2020,mid_low,0,24.0,0.4896
10430,2020,mid_low,0,24.02,0.4909
10369,2020,mid_low,0,24.04,0.4922
9988,2020,mid_low,0,24.14,0.4935
10637,2020,mid_low,0,24.14,0.4948
10410,2020,mid_low,0,24.18,0.4961
10318,2020,mid_low,0,24.22,0.4974
8678,2020,mid_low,0,24.24,0.4987
10073,2020,mid_low,0,24.32,0.5
10030,2020,mid_high,0,24.34,0.5013
9355,2020,mid_high,0,24.5,0.5026
10243,2020,mid_high,0,24.52,0.5039
10075,2020,mid_high,0,24.68,0.5052
9575,2020,mid_high,0,24.76,0.5065
9879,2020,mid_high,0,24.78,0.5078
9998,2020,mid_high,0,24.9,0.5091
9412,2020,mid_high,0,24.92,0.5104
9210,2020,mid_high,0,24.94,0.5117
9586,2020,mid_high,0,24.96,0.513
8528,2020,mid_high,0,25.0,0.5142
10269,2020,mid_high,0,25.16,0.5155
8761,2020,mid_high,0,25.26,0.5168
9235,2020,mid_high,0,25.28,0.5181
10783,2020,mid_high,0,25.28,0.5194
10042,2020,mid_high,0,25.4,0.5207
9582,2020,mid_high,0,25.42,0.522
10504,2020,mid_high,0,25.42,0.5233
8763,2020,mid_high,0,25.7,0.5246
9971,2020,mid_high,0,25.78,0.5259
10047,2020,mid_high,0,25.8,0.5272
9768,2020,mid_high,0,25.84,0.5285
10120,2020,mid_high,0,25.84,0.5298
9202,2020,mid_high,0,25.86,0.5311
10339,2020,mid_high,0,25.88,0.5324
10728,2020,mid_high,0,25.9,0.5337
9374,2020,mid_high,0,26.22,0.535
10798,2020,mid_high,0,26.22,0.5363
10398,2020,mid_high,0,26.28,0.5376
10697,2020,mid_high,0,26.28,0.5389
10115,2020,mid_high,0,26.48,0.5402
10395,2020,mid_high,0,26.5,0.5415
8787,2020,mid_high,0,26.52,0.5427
9770,2020,mid_high,0,26.54,0.544
9807,2020,mid_high,0,26.54,0.5453
8866,2020,mid_high,0,26.62,0.5466
10005,2020,mid_high,0,26.76,0.5479
10124,2020,mid_high,0,26.78,0.5492
10841,2020,mid_high,0,26.8,0.5505
9876,2020,mid_high,0,26.86,0.5518
10727,2020,mid_high,0,27.0,0.5531
10732,2020,mid_high,0,27.06,0.5544
10598,2020,mid_high,0,27.1,0.5557
10723,2020,mid_high,0,27.2,0.557
8661,2020,mid_high,0,27.22,0.5583
10041,2020,mid_high,0,27.28,0.5596
10755,2020,mid_high,0,27.36,0.5609
9601,2020,mid_high,0,27.68,0.5622
10689,2020,mid_high,0,27.7,0.5635
10320,2020,mid_high,0,27.76,0.5648
10165,2020,mid_high,0,27.8,0.5661
10758,2020,mid_high,0,27.9,0.5674
9417,2020,mid_high,0,27.92,0.5687
10086,2020,mid_high,0,28.2,0.5699
10617,2020,mid_high,0,28.22,0.5712
9964,2020,mid_high,0,28.32,0.5725
10399,2020,mid_high,0,28.62,0.5738
9703,2020,mid_high,0,28.68,0.5751
9214,2020,mid_high,0,28.88,0.5764
9975,2020,mid_high,0,28.88,0.5777
10290,2020,mid_high,0,28.92,0.579
10636,2020,mid_high,0,28.96,0.5803
10529,2020,mid_high,0,29.06,0.5816
9455,2020,mid_high,0,29.1,0.5829
10533,2020,mid_high,0,29.18,0.5842
8833,2020,mid_high,0,29.26,0.5855
9692,2020,mid_high,0,29.42,0.5868
10117,2020,mid_high,0,29.62,0.5881
8793,2020,mid_high,0,29.84,0.5894
10350,2020,mid_high,0,30.04,0.5907
10582,2020,mid_high,0,30.1,0.592
8497,2020,mid_high,0,30.36,0.5933
10725,2020,mid_high,0,30.44,0.5946
9323,2020,mid_high,0,30.86,0.5959
8917,2020,mid_high,0,31.3,0.5972
10522,2020,mid_high,0,31.54,0.5984
9972,2020,mid_high,0,31.58,0.5997
10062,2020,mid_high,0,31.58,0.601
9669,2020,mid_high,0,31.98,0.6023
10575,2020,mid_high,0,32.24,0.6036
10289,2020,mid_high,0,32.56,0.6049
8652,2020,mid_high,0,32.6,0.6062
10077,2020,mid_high,0,32.7,0.6075
10462,2020,mid_high,0,32.94,0.6088
9549,2020,mid_high,0,32.98,0.6101
10036,2020,mid_high,0,33.0,0.6114
10438,2020,mid_high,0,33.08,0.6127
9801,2020,mid_high,0,33.1,0.614
9185,2020,mid_high,0,33.14,0.6153
9467,2020,mid_high,0,33.2,0.6166
9587,2020,mid_high,0,33.2,0.6179
10773,2020,mid_high,0,33.34,0.6192
9733,2020,mid_high,0,33.48,0.6205
9976,2020,mid_high,0,33.48,0.6218
10603,2020,mid_high,0,33.6,0.6231
10750,2020,mid_high,0,33.62,0.6244
10420,2020,mid_high,0,33.74,0.6256
9573,2020,mid_high,0,33.76,0.6269
8565,2020,mid_high,0,33.84,0.6282
10023,2020,mid_high,0,34.04,0.6295
9835,2020,mid_high,0,34.28,0.6308
8499,2020,mid_high,0,34.36,0.6321
10100,2020,mid_high,0,34.42,0.6334
10402,2020,mid_high,0,34.72,0.6347
9097,2020,mid_high,0,34.82,0.636
9656,2020,mid_high,0,34.88,0.6373
10547,2020,mid_high,0,34.98,0.6386
8674,2020,mid_high,0,35.02,0.6399
9580,2020,mid_high,0,35.16,0.6412
10202,2020,mid_high,0,35.4,0.6425
9040,2020,mid_high,0,35.8,0.6438
8891,2020,mid_high,0,36.0,0.6451
9283,2020,mid_high,0,36.0,0.6464
9399,2020,mid_high,0,36.16,0.6477
10267,2020,mid_high,0,36.26,0.649
9488,2020,mid_high,0,36.3,0.6503
10064,2020,mid_high,0,36.42,0.6516
10546,2020,mid_high,0,36.46,0.6528
10777,2020,mid_high,0,36.62,0.6541
9487,2020,mid_high,0,36.7,0.6554
10241,2020,mid_high,0,36.72,0.6567
9897,2020,mid_high,0,37.16,0.658
10034,2020,mid_high,0,37.24,0.6593
10673,2020,mid_high,0,37.24,0.6606
9132,2020,mid_high,0,37.3,0.6619
9918,2020,mid_high,0,37.3,0.6632
10764,2020,mid_high,0,37.4,0.6645
9254,2020,mid_high,0,37.46,0.6658
10463,2020,mid_high,0,37.58,0.6671
10486,2020,mid_high,0,37.62,0.6684
10792,2020,mid_high,0,37.62,0.6697
9126,2020,mid_high,0,37.84,0.671
10778,2020,mid_high,0,37.9,0.6723
9074,2020,mid_high,0,37.94,0.6736
9397,2020,mid_high,0,37.94,0.6749
10139,2020,mid_high,0,37.96,0.6762
10627,2020,mid_high,0,38.04,0.6775
8770,2020,mid_high,0,38.34,0.6788
10257,2020,mid_high,0,38.54,0.6801
9749,2020,mid_high,0,38.8,0.6813
9086,2020,mid_high,0,38.86,0.6826
10554,2020,mid_high,0,38.9,0.6839
9962,2020,mid_high,0,38.94,0.6852
9726,2020,mid_high,0,39.1,0.6865
9286,2020,mid_high,0,39.26,0.6878
9394,2020,mid_high,0,39.4,0.6891
9732,2020,mid_high,0,39.4,0.6904
10152,2020,mid_high,0,39.44,0.6917
10359,2020,mid_high,0,40.08,0.693
9416,2020,mid_high,0,40.26,0.6943
10833,2020,mid_high,0,40.3,0.6956
9838,2020,mid_high,0,40.54,0.6969
10090,2020,mid_high,0,40.54,0.6982
8840,2020,mid_high,0,40.58,0.6995
10774,2020,mid_high,0,40.62,0.7008
10344,2020,mid_high,0,40.82,0.7021
10129,2020,mid_high,0,40.94,0.7034
10490,2020,mid_high,0,40.98,0.7047
9714,2020,mid_high,0,41.08,0.706
9905,2020,mid_high,0,41.14,0.7073
10656,2020,mid_high,0,41.34,0.7085
10497,2020,mid_high,0,41.4,0.7098
10707,2020,mid_high,0,41.6,0.7111
8865,2020,mid_high,0,41.82,0.7124
10641,2020,mid_high,0,42.0,0.7137
10044,2020,mid_high,0,42.32,0.715
10553,2020,mid_high,0,42.38,0.7163
9908,2020,mid_high,0,42.64,0.7176
8671,2020,mid_high,0,42.82,0.7189
9211,2020,mid_high,0,42.94,0.7202
9999,2020,mid_high,0,43.14,0.7215
10620,2020,mid_high,0,43.14,0.7228
9731,2020,mid_high,0,43.16,0.7241
9122,2020,mid_high,0,43.3,0.7254
8920,2020,mid_high,0,43.38,0.7267
9585,2020,mid_high,0,43.6,0.728
10016,2020,mid_high,0,43.64,0.7293
10180,2020,mid_high,0,43.74,0.7306
10331,2020,mid_high,0,43.74,0.7319
10218,2020,mid_high,0,43.86,0.7332
10142,2020,mid_high,0,43.94,0.7345
10147,2020,mid_high,0,44.0,0.7358
9840,2020,mid_high,0,44.7,0.737
10604,2020,mid_high,0,44.72,0.7383
9856,2020,mid_high,0,44.92,0.7396
9552,2020,mid_high,0,44.96,0.7409
10827,2020,mid_high,0,45.14,0.7422
9554,2020,mid_high,0,45.26,0.7435
8829,2020,mid_high,0,45.44,0.7448
8769,2020,mid_high,0,45.56,0.7461
9474,2020,mid_high,0,45.86,0.7474
8735,2020,mid_high,0,46.24,0.7487
10701,2020,mid_high,0,46.28,0.75
10210,2020,high,0,46.66,0.7513
10287,2020,high,0,46.68,0.7526
9955,2020,high,0,47.24,0.7539
10428,2020,high,0,47.46,0.7552
8734,2020,high,0,47.66,0.7565
10488,2020,high,0,47.68,0.7578
8839,2020,high,0,47.92,0.7591
10670,2020,high,0,48.5,0.7604
10346,2020,high,0,48.94,0.7617
9533,2020,high,0,48.98,0.763
9041,2020,high,0,49.14,0.7642
9655,2020,high,0,49.2,0.7655
9537,2020,high,0,49.42,0.7668
9307,2020,high,0,49.8,0.7681
9332,2020,high,0,50.2,0.7694
10515,2020,high,0,50.24,0.7707
10082,2020,high,0,50.72,0.772
8879,2020,high,0,51.36,0.7733
9144,2020,high,0,51.68,0.7746
9342,2020,high,0,51.9,0.7759
9738,2020,high,0,52.06,0.7772
10108,2020,high,0,52.06,0.7785
9949,2020,high,0,52.08,0.7798
9068,2020,high,0,52.48,0.7811
10591,2020,high,0,52.58,0.7824
8958,2020,high,0,53.3,0.7837
9310,2020,high,0,53.3,0.785
9298,2020,high,0,53.76,0.7863
8783,2020,high,0,54.58,0.7876
8842,2020,high,0,54.76,0.7889
8885,2020,high,0,55.0,0.7902
9504,2020,high,0,55.02,0.7915
10137,2020,high,0,55.5,0.7927
10550,2020,high,0,55.68,0.794
10154,2020,high,0,55.98,0.7953
9896,2020,high,0,56.02,0.7966
10099,2020,high,0,56.5,0.7979
10624,2020,high,0,56.94,0.7992
10842,2020,high,0,56.98,0.8005
8561,2020,high,0,57.02,0.8018
8625,2020,high,0,57.14,0.8031
9606,2020,high,0,57.52,0.8044
9993,2020,high,0,58.04,0.8057
8955,2020,high,0,58.08,0.807
9816,2020,high,0,58.08,0.8083
9849,2020,high,0,58.98,0.8096
9187,2020,high,0,59.06,0.8109
9419,2020,high,0,59.24,0.8122
9661,2020,high,0,59.9,0.8135
10788,2020,high,0,60.02,0.8148
9368,2020,high,0,60.76,0.8161
9771,2020,high,0,60.84,0.8174
10316,2020,high,0,61.0,0.8187
10240,2020,high,0,61.12,0.8199
10724,2020,high,0,61.32,0.8212
10801,2020,high,0,62.42,0.8225
9071,2020,high,0,62.8,0.8238
10126,2020,high,0,63.18,0.8251
10542,2020,high,0,63.74,0.8264
10536,2020,high,0,63.9,0.8277
8874,2020,high,0,64.06,0.829
9928,2020,high,0,64.76,0.8303
10048,2020,high,0,65.34,0.8316
8964,2020,high,0,65.42,0.8329
8523,2020,high,0,66.12,0.8342
8805,2020,high,0,66.82,0.8355
10669,2020,high,0,66.82,0.8368
10768,2020,high,0,66.86,0.8381
9547,2020,high,0,67.1,0.8394
9757,2020,high,0,67.38,0.8407
10151,2020,high,0,67.42,0.842
8732,2020,high,0,67.64,0.8433
10492,2020,high,0,67.78,0.8446
10556,2020,high,0,68.48,0.8459
10736,2020,high,0,70.8,0.8472
9881,2020,high,0,71.14,0.8484
9566,2020,high,0,71.24,0.8497
10378,2020,high,0,71.36,0.851
10102,2020,high,0,72.42,0.8523
9100,2020,high,0,73.16,0.8536
9727,2020,high,0,73.66,0.8549
8613,2020,high,0,73.82,0.8562
9035,2020,high,0,74.28,0.8575
9742,2020,high,0,74.42,0.8588
9754,2020,high,0,74.78,0.8601
8887,2020,high,0,75.14,0.8614
10245,2020,high,0,75.38,0.8627
10837,2020,high,0,75.66,0.864
8884,2020,high,0,76.76,0.8653
10358,2020,high,0,76.86,0.8666
10713,2020,high,0,76.88,0.8679
10333,2020,high,0,77.56,0.8692
9259,2020,high,0,78.38,0.8705
9339,2020,high,0,78.46,0.8718
9603,2020,high,0,78.96,0.8731
9427,2020,high,0,79.22,0.8744
8794,2020,high,0,79.8,0.8756
10170,2020,high,0,79.8,0.8769
9492,2020,high,0,79.9,0.8782
10526,2020,high,0,80.54,0.8795
10678,2020,high,0,80.98,0.8808
8504,2020,high,0,81.3,0.8821
10639,2020,high,0,81.52,0.8834
10373,2020,high,0,82.92,0.8847
9942,2020,high,0,83.06,0.886
10519,2020,high,0,84.06,0.8873
9520,2020,high,0,85.18,0.8886
8942,2020,high,0,85.38,0.8899
9338,2020,high,0,86.72,0.8912
10831,2020,high,0,87.04,0.8925
9379,2020,high,0,87.24,0.8938
9546,2020,high,0,87.52,0.8951
9174,2020,high,0,87.58,0.8964
10694,2020,high,0,88.2,0.8977
9875,2020,high,0,89.0,0.899
9563,2020,high,0,90.08,0.9003
9059,2020,high,0,90.62,0.9016
10511,2020,high,0,90.88,0.9028
9924,2020,high,0,91.72,0.9041
10765,2020,high,0,91.86,0.9054
8784,2020,high,0,92.0,0.9067
8773,2020,high,0,92.34,0.908
8698,2020,high,0,92.66,0.9093
9870,2020,high,0,93.96,0.9106
9478,2020,high,0,94.54,0.9119
9471,2020,high,0,94.76,0.9132
9920,2020,high,0,95.82,0.9145
9320,2020,high,0,96.28,0.9158
9888,2020,high,0,96.32,0.9171
8655,2020,high,0,98.52,0.9184
9326,2020,high,0,99.14,0.9197
10675,2020,high,0,100.7,0.921
9362,2020,high,0,101.02,0.9223
10771,2020,high,0,101.8,0.9236
9521,2020,high,0,103.26,0.9249
10795,2020,high,0,103.56,0.9262
9193,2020,high,0,103.88,0.9275
9207,2020,high,0,104.42,0.9288
9594,2020,high,0,105.58,0.9301
8546,2020,high,0,105.86,0.9313
10752,2020,high,0,106.56,0.9326
10168,2020,high,0,108.18,0.9339
8869,2020,high,0,109.54,0.9352
9159,2020,high,0,110.1,0.9365
10751,2020,high,0,110.44,0.9378
8961,2020,high,0,111.52,0.9391
9220,2020,high,0,112.44,0.9404
9705,2020,high,0,112.78,0.9417
9503,2020,high,0,113.94,0.943
8825,2020,high,0,115.5,0.9443
9979,2020,high,0,115.64,0.9456
10770,2020,high,0,120.26,0.9469
9429,2020,high,0,120.28,0.9482
8851,2020,high,0,120.44,0.9495
9404,2020,viral,1,123.02,0.9508
10664,2020,viral,1,123.04,0.9521
9767,2020,viral,1,126.46,0.9534
9088,2020,viral,1,127.82,0.9547
9344,2020,viral,1,129.08,0.956
8810,2020,viral,1,129.88,0.9573
10302,2020,viral,1,131.32,0.9585
9242,2020,viral,1,134.38,0.9598
8974,2020,viral,1,136.06,0.9611
9384,2020,viral,1,139.08,0.9624
8834,2020,viral,1,141.54,0.9637
9263,2020,viral,1,145.7,0.965
9855,2020,viral,1,146.82,0.9663
10012,2020,viral,1,147.26,0.9676
8932,2020,viral,1,148.02,0.9689
8500,2020,viral,1,156.76,0.9702
10477,2020,viral,1,158.34,0.9715
9643,2020,viral,1,158.36,0.9728
9026,2020,viral,1,159.28,0.9741
8799,2020,viral,1,159.4,0.9754
10169,2020,viral,1,160.56,0.9767
10525,2020,viral,1,161.42,0.978
9081,2020,viral,1,165.98,0.9793
10658,2020,viral,1,175.94,0.9806
9558,2020,viral,1,177.26,0.9819
9496,2020,viral,1,180.86,0.9832
9140,2020,viral,1,184.9,0.9845
9864,2020,viral,1,191.78,0.9858
9969,2020,viral,1,192.84,0.987
10746,2020,viral,1,192.92,0.9883
8563,2020,viral,1,197.9,0.9896
9674,2020,viral,1,205.04,0.9909
8792,2020,viral,1,206.58,0.9922
8682,2020,viral,1,213.24,0.9935
9882,2020,viral,1,219.98,0.9948
9817,2020,viral,1,220.54,0.9961
10496,2020,viral,1,240.54,0.9974
9458,2020,viral,1,286.24,0.9987
8527,2020,viral,1,296.84,1.0
11697,2021,low,0,4.2,0.0014
11638,2021,low,0,5.4,0.0028
11648,2021,low,0,5.66,0.0042
11475,2021,low,0,5.74,0.0056
11914,2021,low,0,5.74,0.007
11905,2021,low,0,5.92,0.0083
11873,2021,low,0,6.14,0.0097
11885,2021,low,0,6.46,0.0111
11855,2021,low,0,6.66,0.0125
11907,2021,low,0,6.72,0.0139
11028,2021,low,0,6.82,0.0153
11046,2021,low,0,6.9,0.0167
11688,2021,low,0,6.9,0.0181
12097,2021,low,0,7.0,0.0195
11081,2021,low,0,7.04,0.0209
11726,2021,low,0,7.28,0.0223
11707,2021,low,0,7.42,0.0236
12164,2021,low,0,7.5,0.025
12091,2021,low,0,7.52,0.0264
11709,2021,low,0,7.6,0.0278
11755,2021,low,0,7.76,0.0292
11908,2021,low,0,7.94,0.0306
11530,2021,low,0,8.08,0.032
11891,2021,low,0,8.24,0.0334
11949,2021,low,0,8.32,0.0348
12081,2021,low,0,8.44,0.0362
11717,2021,low,0,8.46,0.0376
11020,2021,low,0,8.7,0.0389
11616,2021,low,0,8.74,0.0403
11655,2021,low,0,8.8,0.0417
12103,2021,low,0,9.04,0.0431
11929,2021,low,0,9.14,0.0445
11872,2021,low,0,9.18,0.0459
12223,2021,low,0,9.2,0.0473
12133,2021,low,0,9.3,0.0487
12232,2021,low,0,9.58,0.0501
11776,2021,low,0,9.62,0.0515
12042,2021,low,0,9.62,0.0529
12187,2021,low,0,9.7,0.0542
11578,2021,low,0,9.74,0.0556
11653,2021,low,0,9.74,0.057
11083,2021,low,0,9.76,0.0584
11730,2021,low,0,9.82,0.0598
11917,2021,low,0,9.84,0.0612
11665,2021,low,0,9.86,0.0626
11919,2021,low,0,9.86,0.064
12137,2021,low,0,9.94,0.0654
12108,2021,low,0,10.02,0.0668
11725,2021,low,0,10.06,0.0682
11945,2021,low,0,10.08,0.0695
11784,2021,low,0,10.16,0.0709
11836,2021,low,0,10.16,0.0723
11450,2021,low,0,10.2,0.0737
12002,2021,low,0,10.5,0.0751
12229,2021,low,0,10.52,0.0765
12260,2021,low,0,10.6,0.0779
11998,2021,low,0,10.62,0.0793
12055,2021,low,0,10.66,0.0807
11783,2021,low,0,10.68,0.0821
11759,2021,low,0,10.76,0.0834
11618,2021,low,0,10.82,0.0848
12026,2021,low,0,10.82,0.0862
11863,2021,low,0,10.98,0.0876
12039,2021,low,0,11.26,0.089
11739,2021,low,0,11.44,0.0904
11817,2021,low,0,11.68,0.0918
11926,2021,low,0,11.7,0.0932
12052,2021,low,0,11.8,0.0946
11037,2021,low,0,11.82,0.096
12048,2021,low,0,11.96,0.0974
12104,2021,low,0,12.16,0.0987
11832,2021,low,0,12.18,0.1001
11911,2021,low,0,12.18,0.1015
11291,2021,low,0,12.24,0.1029
10943,2021,low,0,12.28,0.1043
12063,2021,low,0,12.28,0.1057
11018,2021,low,0,12.46,0.1071
12231,2021,low,0,12.48,0.1085
10892,2021,low,0,12.56,0.1099
11605,2021,low,0,12.56,0.1113
11967,2021,low,0,12.64,0.1127
11068,2021,low,0,12.7,0.114
11761,2021,low,0,12.7,0.1154
11613,2021,low,0,13.06,0.1168
11733,2021,low,0,13.34,0.1182
11602,2021,low,0,13.36,0.1196
11087,2021,low,0,13.44,0.121
10935,2021,low,0,13.48,0.1224
11029,2021,low,0,13.5,0.1238
11723,2021,low,0,13.5,0.1252
11884,2021,low,0,13.82,0.1266
12244,2021,low,0,13.82,0.128
10904,2021,low,0,13.86,0.1293
11508,2021,low,0,13.88,0.1307
11747,2021,low,0,13.9,0.1321
12098,2021,low,0,14.02,0.1335
12457,2021,low,0,14.06,0.1349
11902,2021,low,0,14.08,0.1363
12600,2021,low,0,14.16,0.1377
11031,2021,low,0,14.24,0.1391
11886,2021,low,0,14.3,0.1405
11958,2021,low,0,14.32,0.1419
11599,2021,low,0,14.34,0.1433
11625,2021,low,0,14.4,0.1446
12115,2021,low,0,14.42,0.146
11070,2021,low,0,14.46,0.1474
11615,2021,low,0,14.46,0.1488
12003,2021,low,0,14.5,0.1502
11947,2021,low,0,14.56,0.1516
12134,2021,low,0,14.8,0.153
11827,2021,low,0,14.88,0.1544
12132,2021,low,0,14.9,0.1558
11358,2021,low,0,15.02,0.1572
11021,2021,low,0,15.06,0.1586
11385,2021,low,0,15.08,0.1599
11906,2021,low,0,15.24,0.1613
11985,2021,low,0,15.24,0.1627
12185,2021,low,0,15.28,0.1641
11513,2021,low,0,15.34,0.1655
12453,2021,low,0,15.42,0.1669
11621,2021,low,0,15.44,0.1683
12036,2021,low,0,15.56,0.1697
10906,2021,low,0,15.76,0.1711
11042,2021,low,0,15.78,0.1725
11720,2021,low,0,15.82,0.1739
11105,2021,low,0,15.98,0.1752
11798,2021,low,0,16.0,0.1766
12027,2021,low,0,16.1,0.178
11498,2021,low,0,16.28,0.1794
12595,2021,low,0,16.28,0.1808
12111,2021,low,0,16.42,0.1822
10919,2021,low,0,16.46,0.1836
11661,2021,low,0,16.46,0.185
12117,2021,low,0,16.46,0.1864
11964,2021,low,0,16.52,0.1878
11214,2021,low,0,16.54,0.1892
12239,2021,low,0,16.66,0.1905
12051,2021,low,0,16.8,0.1919
11494,2021,low,0,16.82,0.1933
11440,2021,low,0,16.86,0.1947
11085,2021,low,0,16.88,0.1961
11383,2021,low,0,17.02,0.1975
11351,2021,low,0,17.1,0.1989
11147,2021,low,0,17.24,0.2003
11536,2021,low,0,17.32,0.2017
12126,2021,low,0,17.32,0.2031
12138,2021,low,0,17.4,0.2045
11246,2021,low,0,17.42,0.2058
12268,2021,low,0,17.42,0.2072
12082,2021,low,0,17.48,0.2086
11138,2021,low,0,17.56,0.21
11468,2021,low,0,17.56,0.2114
11394,2021,low,0,17.74,0.2128
11868,2021,low,0,17.76,0.2142
11499,2021,low,0,17.78,0.2156
12598,2021,low,0,17.78,0.217
12568,2021,low,0,17.8,0.2184
11041,2021,low,0,17.84,0.2197
11743,2021,low,0,17.92,0.2211
12049,2021,low,0,17.92,0.2225
12129,2021,low,0,17.94,0.2239
11852,2021,low,0,18.0,0.2253
11718,2021,low,0,18.08,0.2267
12513,2021,low,0,18.2,0.2281
12196,2021,low,0,18.22,0.2295
11359,2021,low,0,18.5,0.2309
12533,2021,low,0,18.54,0.2323
12530,2021,low,0,18.64,0.2337
11841,2021,low,0,18.7,0.235
11234,2021,low,0,18.72,0.2364
12254,2021,low,0,18.82,0.2378
11647,2021,low,0,18.88,0.2392
11398,2021,low,0,18.9,0.2406
12089,2021,low,0,18.9,0.242
12035,2021,low,0,18.98,0.2434
11745,2021,low,0,19.0,0.2448
10887,2021,low,0,19.04,0.2462
11076,2021,low,0,19.06,0.2476
12518,2021,low,0,19.08,0.249
12570,2021,mid_low,0,19.18,0.2503
12025,2021,mid_low,0,19.24,0.2517
12366,2021,mid_low,0,19.36,0.2531
12024,2021,mid_low,0,19.52,0.2545
11704,2021,mid_low,0,19.56,0.2559
12029,2021,mid_low,0,19.66,0.2573
11977,2021,mid_low,0,19.72,0.2587
11652,2021,mid_low,0,19.74,0.2601
11032,2021,mid_low,0,20.08,0.2615
11871,2021,mid_low,0,20.08,0.2629
11473,2021,mid_low,0,20.1,0.2643
12520,2021,mid_low,0,20.14,0.2656
12228,2021,mid_low,0,20.2,0.267
11546,2021,mid_low,0,20.4,0.2684
11803,2021,mid_low,0,20.52,0.2698
11466,2021,mid_low,0,20.82,0.2712
12144,2021,mid_low,0,20.84,0.2726
12477,2021,mid_low,0,20.86,0.274
11636,2021,mid_low,0,20.88,0.2754
12501,2021,mid_low,0,20.88,0.2768
11197,2021,mid_low,0,20.92,0.2782
11386,2021,mid_low,0,21.02,0.2796
12106,2021,mid_low,0,21.08,0.2809
11848,2021,mid_low,0,21.12,0.2823
11620,2021,mid_low,0,21.14,0.2837
12367,2021,mid_low,0,21.28,0.2851
10857,2021,mid_low,0,21.34,0.2865
12183,2021,mid_low,0,21.38,0.2879
11500,2021,mid_low,0,21.4,0.2893
12092,2021,mid_low,0,21.46,0.2907
11078,2021,mid_low,0,21.5,0.2921
12558,2021,mid_low,0,21.5,0.2935
12207,2021,mid_low,0,21.7,0.2949
12487,2021,mid_low,0,21.7,0.2962
11754,2021,mid_low,0,21.76,0.2976
11881,2021,mid_low,0,21.76,0.299
12014,2021,mid_low,0,21.78,0.3004
11953,2021,mid_low,0,21.8,0.3018
12222,2021,mid_low,0,21.86,0.3032
11343,2021,mid_low,0,21.9,0.3046
11200,2021,mid_low,0,21.96,0.306
11948,2021,mid_low,0,21.98,0.3074
11695,2021,mid_low,0,22.08,0.3088
11889,2021,mid_low,0,22.1,0.3102
11984,2021,mid_low,0,22.18,0.3115
12194,2021,mid_low,0,22.24,0.3129
11614,2021,mid_low,0,22.26,0.3143
10886,2021,mid_low,0,22.34,0.3157
10888,2021,mid_low,0,22.42,0.3171
12369,2021,mid_low,0,22.56,0.3185
11481,2021,mid_low,0,22.58,0.3199
11072,2021,mid_low,0,22.66,0.3213
11729,2021,mid_low,0,22.76,0.3227
11062,2021,mid_low,0,22.78,0.3241
12192,2021,mid_low,0,22.88,0.3255
11467,2021,mid_low,0,22.96,0.3268
11096,2021,mid_low,0,23.04,0.3282
12182,2021,mid_low,0,23.06,0.3296
12155,2021,mid_low,0,23.08,0.331
11853,2021,mid_low,0,23.2,0.3324
10913,2021,mid_low,0,23.22,0.3338
11835,2021,mid_low,0,23.36,0.3352
11909,2021,mid_low,0,23.52,0.3366
11267,2021,mid_low,0,23.58,0.338
11915,2021,mid_low,0,23.66,0.3394
12261,2021,mid_low,0,23.72,0.3408
11145,2021,mid_low,0,23.9,0.3421
11922,2021,mid_low,0,24.44,0.3435
12474,2021,mid_low,0,24.76,0.3449
11925,2021,mid_low,0,24.78,0.3463
12255,2021,mid_low,0,24.86,0.3477
12135,2021,mid_low,0,24.92,0.3491
11640,2021,mid_low,0,25.06,0.3505
11687,2021,mid_low,0,25.06,0.3519
11479,2021,mid_low,0,25.1,0.3533
12511,2021,mid_low,0,25.18,0.3547
11840,2021,mid_low,0,25.54,0.3561
11091,2021,mid_low,0,25.56,0.3574
12151,2021,mid_low,0,25.6,0.3588
11095,2021,mid_low,0,25.66,0.3602
12471,2021,mid_low,0,25.66,0.3616
12307,2021,mid_low,0,25.72,0.363
12031,2021,mid_low,0,25.74,0.3644
12128,2021,mid_low,0,25.92,0.3658
11736,2021,mid_low,0,25.96,0.3672
12119,2021,mid_low,0,26.14,0.3686
11075,2021,mid_low,0,26.28,0.37
12640,2021,mid_low,0,26.28,0.3713
12087,2021,mid_low,0,26.38,0.3727
11999,2021,mid_low,0,26.44,0.3741
11619,2021,mid_low,0,26.6,0.3755
11934,2021,mid_low,0,26.64,0.3769
11737,2021,mid_low,0,26.8,0.3783
12013,2021,mid_low,0,26.84,0.3797
12060,2021,mid_low,0,26.92,0.3811
11734,2021,mid_low,0,26.94,0.3825
12479,2021,mid_low,0,27.02,0.3839
12011,2021,mid_low,0,27.28,0.3853
11050,2021,mid_low,0,27.32,0.3866
12560,2021,mid_low,0,27.66,0.388
12269,2021,mid_low,0,27.68,0.3894
11315,2021,mid_low,0,27.8,0.3908
12633,2021,mid_low,0,27.9,0.3922
11381,2021,mid_low,0,28.08,0.3936
11512,2021,mid_low,0,28.14,0.395
11033,2021,mid_low,0,28.2,0.3964
12401,2021,mid_low,0,28.26,0.3978
11724,2021,mid_low,0,28.3,0.3992
12263,2021,mid_low,0,28.32,0.4006
11845,2021,mid_low,0,28.42,0.4019
11702,2021,mid_low,0,28.58,0.4033
11847,2021,mid_low,0,28.68,0.4047
11713,2021,mid_low,0,28.9,0.4061
12517,2021,mid_low,0,28.9,0.4075
11701,2021,mid_low,0,29.02,0.4089
11399,2021,mid_low,0,29.06,0.4103
12067,2021,mid_low,0,29.08,0.4117
12532,2021,mid_low,0,29.18,0.4131
11419,2021,mid_low,0,29.28,0.4145
11051,2021,mid_low,0,29.44,0.4159
11384,2021,mid_low,0,29.6,0.4172
11410,2021,mid_low,0,29.7,0.4186
11637,2021,mid_low,0,29.72,0.42
10909,2021,mid_low,0,29.82,0.4214
11866,2021,mid_low,0,29.88,0.4228
11938,2021,mid_low,0,29.92,0.4242
11484,2021,mid_low,0,29.94,0.4256
11721,2021,mid_low,0,30.18,0.427
11233,2021,mid_low,0,30.4,0.4284
12512,2021,mid_low,0,30.74,0.4298
11396,2021,mid_low,0,30.8,0.4312
10945,2021,mid_low,0,30.88,0.4325
12516,2021,mid_low,0,30.88,0.4339
12618,2021,mid_low,0,30.94,0.4353
11497,2021,mid_low,0,30.98,0.4367
11389,2021,mid_low,0,31.02,0.4381
11932,2021,mid_low,0,31.08,0.4395
11241,2021,mid_low,0,31.1,0.4409
11623,2021,mid_low,0,31.16,0.4423
11789,2021,mid_low,0,31.16,0.4437
11981,2021,mid_low,0,31.18,0.4451
12195,2021,mid_low,0,31.18,0.4465
12300,2021,mid_low,0,31.58,0.4478
11854,2021,mid_low,0,31.92,0.4492
12141,2021,mid_low,0,32.12,0.4506
11715,2021,mid_low,0,32.16,0.452
11610,2021,mid_low,0,32.18,0.4534
11142,2021,mid_low,0,32.3,0.4548
11756,2021,mid_low,0,32.34,0.4562
11460,2021,mid_low,0,32.36,0.4576
11583,2021,mid_low,0,32.36,0.459
11920,2021,mid_low,0,32.44,0.4604
11869,2021,mid_low,0,32.52,0.4618
12054,2021,mid_low,0,32.52,0.4631
10883,2021,mid_low,0,32.58,0.4645
11874,2021,mid_low,0,32.62,0.4659
11188,2021,mid_low,0,32.72,0.4673
12238,2021,mid_low,0,32.76,0.4687
11472,2021,mid_low,0,32.82,0.4701
11612,2021,mid_low,0,33.44,0.4715
11464,2021,mid_low,0,33.46,0.4729
11495,2021,mid_low,0,33.46,0.4743
11799,2021,mid_low,0,33.52,0.4757
11461,2021,mid_low,0,33.62,0.4771
12248,2021,mid_low,0,33.64,0.4784
11587,2021,mid_low,0,33.68,0.4798
12177,2021,mid_low,0,33.68,0.4812
12161,2021,mid_low,0,33.7,0.4826
12482,2021,mid_low,0,33.86,0.484
11719,2021,mid_low,0,33.9,0.4854
10860,2021,mid_low,0,33.96,0.4868
12249,2021,mid_low,0,33.98,0.4882
12190,2021,mid_low,0,34.02,0.4896
11280,2021,mid_low,0,34.04,0.491
11986,2021,mid_low,0,34.26,0.4924
11375,2021,mid_low,0,34.28,0.4937
11321,2021,mid_low,0,34.32,0.4951
11413,2021,mid_low,0,34.32,0.4965
11487,2021,mid_low,0,34.38,0.4979
11517,2021,mid_low,0,34.38,0.4993
11542,2021,mid_high,0,34.56,0.5007
12569,2021,mid_high,0,34.68,0.5021
11810,2021,mid_high,0,34.7,0.5035
11825,2021,mid_high,0,34.72,0.5049
11831,2021,mid_high,0,34.84,0.5063
12044,2021,mid_high,0,34.92,0.5076
12021,2021,mid_high,0,35.22,0.509
12205,2021,mid_high,0,35.3,0.5104
11048,2021,mid_high,0,35.38,0.5118
11176,2021,mid_high,0,35.96,0.5132
11290,2021,mid_high,0,36.04,0.5146
12509,2021,mid_high,0,36.2,0.516
12329,2021,mid_high,0,36.4,0.5174
12068,2021,mid_high,0,36.48,0.5188
11972,2021,mid_high,0,36.5,0.5202
12028,2021,mid_high,0,36.58,0.5216
11728,2021,mid_high,0,36.64,0.5229
11732,2021,mid_high,0,36.66,0.5243
11402,2021,mid_high,0,36.7,0.5257
12524,2021,mid_high,0,36.72,0.5271
12147,2021,mid_high,0,36.74,0.5285
11662,2021,mid_high,0,36.76,0.5299
12076,2021,mid_high,0,36.8,0.5313
11390,2021,mid_high,0,37.02,0.5327
12145,2021,mid_high,0,37.14,0.5341
12493,2021,mid_high,0,37.16,0.5355
10932,2021,mid_high,0,37.26,0.5369
11355,2021,mid_high,0,37.26,0.5382
11968,2021,mid_high,0,37.3,0.5396
12030,2021,mid_high,0,37.32,0.541
11804,2021,mid_high,0,37.78,0.5424
12476,2021,mid_high,0,38.02,0.5438
11910,2021,mid_high,0,38.08,0.5452
11706,2021,mid_high,0,38.14,0.5466
11813,2021,mid_high,0,38.2,0.548
12256,2021,mid_high,0,38.2,0.5494
11205,2021,mid_high,0,38.3,0.5508
12045,2021,mid_high,0,38.48,0.5522
12016,2021,mid_high,0,38.66,0.5535
12033,2021,mid_high,0,38.76,0.5549
11084,2021,mid_high,0,38.84,0.5563
11352,2021,mid_high,0,38.9,0.5577
11310,2021,mid_high,0,38.96,0.5591
11987,2021,mid_high,0,38.96,0.5605
11950,2021,mid_high,0,39.0,0.5619
10920,2021,mid_high,0,39.26,0.5633
11035,2021,mid_high,0,39.62,0.5647
12107,2021,mid_high,0,39.72,0.5661
10907,2021,mid_high,0,39.94,0.5675
12262,2021,mid_high,0,39.96,0.5688
11663,2021,mid_high,0,39.98,0.5702
12561,2021,mid_high,0,40.42,0.5716
12219,2021,mid_high,0,40.6,0.573
12628,2021,mid_high,0,40.6,0.5744
11362,2021,mid_high,0,40.84,0.5758
11698,2021,mid_high,0,41.12,0.5772
12486,2021,mid_high,0,41.44,0.5786
11449,2021,mid_high,0,41.66,0.58
12078,2021,mid_high,0,42.1,0.5814
11741,2021,mid_high,0,42.14,0.5828
11181,2021,mid_high,0,42.16,0.5841
11458,2021,mid_high,0,42.16,0.5855
12796,2021,mid_high,0,42.22,0.5869
12368,2021,mid_high,0,42.44,0.5883
11888,2021,mid_high,0,42.48,0.5897
11239,2021,mid_high,0,42.68,0.5911
11474,2021,mid_high,0,43.12,0.5925
12176,2021,mid_high,0,43.24,0.5939
12468,2021,mid_high,0,43.64,0.5953
11245,2021,mid_high,0,43.66,0.5967
11139,2021,mid_high,0,43.68,0.5981
12636,2021,mid_high,0,43.68,0.5994
12118,2021,mid_high,0,43.82,0.6008
11990,2021,mid_high,0,44.04,0.6022
12143,2021,mid_high,0,44.32,0.6036
11529,2021,mid_high,0,44.38,0.605
11838,2021,mid_high,0,44.4,0.6064
12531,2021,mid_high,0,44.92,0.6078
12499,2021,mid_high,0,45.42,0.6092
12454,2021,mid_high,0,45.46,0.6106
11108,2021,mid_high,0,45.48,0.612
12007,2021,mid_high,0,45.82,0.6134
12466,2021,mid_high,0,45.96,0.6147
11880,2021,mid_high,0,46.28,0.6161
11478,2021,mid_high,0,46.36,0.6175
11604,2021,mid_high,0,46.4,0.6189
12023,2021,mid_high,0,46.54,0.6203
11459,2021,mid_high,0,46.8,0.6217
11711,2021,mid_high,0,46.82,0.6231
11121,2021,mid_high,0,46.84,0.6245
11790,2021,mid_high,0,46.92,0.6259
11071,2021,mid_high,0,47.1,0.6273
11237,2021,mid_high,0,47.1,0.6287
10868,2021,mid_high,0,47.18,0.63
12116,2021,mid_high,0,47.18,0.6314
11319,2021,mid_high,0,47.76,0.6328
11792,2021,mid_high,0,47.9,0.6342
11673,2021,mid_high,0,47.98,0.6356
12591,2021,mid_high,0,48.08,0.637
12110,2021,mid_high,0,48.18,0.6384
11699,2021,mid_high,0,48.32,0.6398
11367,2021,mid_high,0,48.44,0.6412
11528,2021,mid_high,0,48.56,0.6426
11038,2021,mid_high,0,48.62,0.6439
11357,2021,mid_high,0,48.68,0.6453
11511,2021,mid_high,0,49.0,0.6467
11040,2021,mid_high,0,49.14,0.6481
12259,2021,mid_high,0,49.14,0.6495
11666,2021,mid_high,0,49.38,0.6509
11903,2021,mid_high,0,49.6,0.6523
12508,2021,mid_high,0,50.3,0.6537
11441,2021,mid_high,0,50.52,0.6551
11452,2021,mid_high,0,50.64,0.6565
11148,2021,mid_high,0,50.74,0.6579
11571,2021,mid_high,0,50.96,0.6592
12514,2021,mid_high,0,51.04,0.6606
12086,2021,mid_high,0,51.22,0.662
11372,2021,mid_high,0,51.58,0.6634
11975,2021,mid_high,0,51.74,0.6648
11973,2021,mid_high,0,51.8,0.6662
11978,2021,mid_high,0,51.9,0.6676
12404,2021,mid_high,0,51.9,0.669
11130,2021,mid_high,0,51.94,0.6704
11585,2021,mid_high,0,51.98,0.6718
12504,2021,mid_high,0,52.14,0.6732
12635,2021,mid_high,0,52.14,0.6745
11943,2021,mid_high,0,52.4,0.6759
11727,2021,mid_high,0,52.62,0.6773
12637,2021,mid_high,0,52.66,0.6787
11577,2021,mid_high,0,52.7,0.6801
11165,2021,mid_high,0,52.78,0.6815
11862,2021,mid_high,0,52.86,0.6829
11892,2021,mid_high,0,52.92,0.6843
10878,2021,mid_high,0,53.06,0.6857
10891,2021,mid_high,0,53.12,0.6871
12227,2021,mid_high,0,53.12,0.6885
11140,2021,mid_high,0,53.18,0.6898
12099,2021,mid_high,0,53.22,0.6912
11538,2021,mid_high,0,53.48,0.6926
12057,2021,mid_high,0,53.58,0.694
12069,2021,mid_high,0,53.64,0.6954
11573,2021,mid_high,0,53.96,0.6968
12221,2021,mid_high,0,54.3,0.6982
12075,2021,mid_high,0,54.68,0.6996
11185,2021,mid_high,0,54.76,0.701
12193,2021,mid_high,0,55.12,0.7024
12500,2021,mid_high,0,55.2,0.7038
12181,2021,mid_high,0,55.26,0.7051
11416,2021,mid_high,0,55.7,0.7065
11936,2021,mid_high,0,56.34,0.7079
12607,2021,mid_high,0,56.84,0.7093
12475,2021,mid_high,0,57.08,0.7107
11562,2021,mid_high,0,57.74,0.7121
11626,2021,mid_high,0,57.76,0.7135
12522,2021,mid_high,0,57.8,0.7149
12590,2021,mid_high,0,57.86,0.7163
11209,2021,mid_high,0,58.12,0.7177
11476,2021,mid_high,0,58.34,0.7191
11293,2021,mid_high,0,58.46,0.7204
12589,2021,mid_high,0,58.54,0.7218
12606,2021,mid_high,0,58.76,0.7232
11631,2021,mid_high,0,59.02,0.7246
12150,2021,mid_high,0,59.02,0.726
12918,2021,mid_high,0,59.04,0.7274
11135,2021,mid_high,0,59.74,0.7288
11685,2021,mid_high,0,59.88,0.7302
11019,2021,mid_high,0,60.14,0.7316
11284,2021,mid_high,0,60.16,0.733
12233,2021,mid_high,0,60.66,0.7344
12539,2021,mid_high,0,61.24,0.7357
11295,2021,mid_high,0,61.36,0.7371
12112,2021,mid_high,0,61.38,0.7385
12469,2021,mid_high,0,61.48,0.7399
11387,2021,mid_high,0,61.68,0.7413
11593,2021,mid_high,0,61.68,0.7427
11365,2021,mid_high,0,61.8,0.7441
11431,2021,mid_high,0,61.96,0.7455
11323,2021,mid_high,0,61.98,0.7469
12679,2021,mid_high,0,61.98,0.7483
12146,2021,mid_high,0,62.64,0.7497
12165,2021,high,0,62.9,0.751
11539,2021,high,0,63.02,0.7524
11656,2021,high,0,63.04,0.7538
11744,2021,high,0,63.62,0.7552
11819,2021,high,0,63.96,0.7566
11156,2021,high,0,63.98,0.758
12211,2021,high,0,64.66,0.7594
11047,2021,high,0,64.76,0.7608
11453,2021,high,0,65.2,0.7622
12225,2021,high,0,65.42,0.7636
11243,2021,high,0,65.54,0.765
11678,2021,high,0,66.06,0.7663
12246,2021,high,0,66.82,0.7677
10938,2021,high,0,66.96,0.7691
11391,2021,high,0,67.26,0.7705
12655,2021,high,0,67.52,0.7719
12667,2021,high,0,67.56,0.7733
11470,2021,high,0,67.66,0.7747
12554,2021,high,0,67.74,0.7761
11931,2021,high,0,68.08,0.7775
11676,2021,high,0,68.74,0.7789
11079,2021,high,0,68.84,0.7803
12557,2021,high,0,69.74,0.7816
12642,2021,high,0,70.0,0.783
12648,2021,high,0,70.26,0.7844
11207,2021,high,0,70.4,0.7858
12090,2021,high,0,70.66,0.7872
12687,2021,high,0,70.88,0.7886
11887,2021,high,0,71.18,0.79
12685,2021,high,0,71.26,0.7914
11101,2021,high,0,71.78,0.7928
11167,2021,high,0,72.44,0.7942
12154,2021,high,0,73.44,0.7955
11294,2021,high,0,74.4,0.7969
11839,2021,high,0,74.44,0.7983
12301,2021,high,0,75.46,0.7997
11849,2021,high,0,75.78,0.8011
11961,2021,high,0,76.74,0.8025
12727,2021,high,0,77.24,0.8039
11624,2021,high,0,77.4,0.8053
12000,2021,high,0,77.9,0.8067
12718,2021,high,0,78.52,0.8081
12688,2021,high,0,78.62,0.8095
11787,2021,high,0,78.68,0.8108
11196,2021,high,0,78.72,0.8122
11271,2021,high,0,79.18,0.8136
11516,2021,high,0,79.34,0.815
12669,2021,high,0,79.5,0.8164
11433,2021,high,0,79.58,0.8178
11549,2021,high,0,79.86,0.8192
11143,2021,high,0,80.8,0.8206
11049,2021,high,0,80.96,0.822
12174,2021,high,0,81.66,0.8234
11109,2021,high,0,82.0,0.8248
11052,2021,high,0,82.16,0.8261
11250,2021,high,0,82.6,0.8275
11956,2021,high,0,83.24,0.8289
12455,2021,high,0,83.72,0.8303
12682,2021,high,0,83.74,0.8317
10937,2021,high,0,84.2,0.8331
10869,2021,high,0,85.08,0.8345
10936,2021,high,0,86.94,0.8359
11097,2021,high,0,87.32,0.8373
11125,2021,high,0,87.8,0.8387
12152,2021,high,0,89.76,0.8401
11043,2021,high,0,89.8,0.8414
12555,2021,high,0,89.8,0.8428
12526,2021,high,0,90.06,0.8442
12534,2021,high,0,90.28,0.8456
11260,2021,high,0,90.44,0.847
12200,2021,high,0,91.44,0.8484
11491,2021,high,0,92.24,0.8498
12040,2021,high,0,92.86,0.8512
11815,2021,high,0,92.96,0.8526
11456,2021,high,0,94.84,0.854
11632,2021,high,0,95.34,0.8554
11216,2021,high,0,96.22,0.8567
11190,2021,high,0,96.3,0.8581
11506,2021,high,0,98.62,0.8595
11543,2021,high,0,98.7,0.8609
12169,2021,high,0,98.9,0.8623
11203,2021,high,0,99.4,0.8637
11092,2021,high,0,102.34,0.8651
12491,2021,high,0,102.86,0.8665
12657,2021,high,0,102.9,0.8679
11252,2021,high,0,103.1,0.8693
10855,2021,high,0,103.46,0.8707
10921,2021,high,0,104.38,0.872
12515,2021,high,0,106.62,0.8734
10893,2021,high,0,106.86,0.8748
12005,2021,high,0,107.48,0.8762
12658,2021,high,0,108.88,0.8776
12805,2021,high,0,110.7,0.879
12371,2021,high,0,112.32,0.8804
12619,2021,high,0,116.78,0.8818
11551,2021,high,0,117.66,0.8832
12661,2021,high,0,117.76,0.8846
11361,2021,high,0,118.66,0.886
11913,2021,high,0,118.84,0.8873
11346,2021,high,0,119.16,0.8887
12492,2021,high,0,119.2,0.8901
12644,2021,high,0,120.3,0.8915
11059,2021,high,0,123.36,0.8929
12237,2021,high,0,123.74,0.8943
10844,2021,high,0,125.82,0.8957
12910,2021,high,0,126.38,0.8971
11128,2021,high,0,127.06,0.8985
11313,2021,high,0,128.14,0.8999
12180,2021,high,0,129.6,0.9013
10944,2021,high,0,130.2,0.9026
11405,2021,high,0,132.98,0.904
12723,2021,high,0,137.3,0.9054
12897,2021,high,0,138.32,0.9068
11262,2021,high,0,139.02,0.9082
12868,2021,high,0,139.1,0.9096
11172,2021,high,0,141.9,0.911
12846,2021,high,0,142.54,0.9124
12741,2021,high,0,143.08,0.9138
11425,2021,high,0,144.78,0.9152
12365,2021,high,0,146.4,0.9166
12706,2021,high,0,150.58,0.9179
12832,2021,high,0,153.16,0.9193
11248,2021,high,0,155.22,0.9207
11107,2021,high,0,159.36,0.9221
12038,2021,high,0,161.4,0.9235
11531,2021,high,0,162.02,0.9249
12715,2021,high,0,164.42,0.9263
12684,2021,high,0,164.58,0.9277
12854,2021,high,0,166.36,0.9291
12713,2021,high,0,168.98,0.9305
12754,2021,high,0,169.44,0.9318
12839,2021,high,0,175.62,0.9332
12752,2021,high,0,176.86,0.9346
12909,2021,high,0,178.88,0.936
12852,2021,high,0,179.02,0.9374
11150,2021,high,0,180.18,0.9388
11988,2021,high,0,180.5,0.9402
12739,2021,high,0,181.72,0.9416
12484,2021,high,0,182.46,0.943
12062,2021,high,0,183.22,0.9444
12770,2021,high,0,184.06,0.9458
12900,2021,high,0,189.3,0.9471
12785,2021,high,0,190.1,0.9485
12537,2021,high,0,190.24,0.9499
12893,2021,viral,1,190.5,0.9513
12753,2021,viral,1,191.12,0.9527
12857,2021,viral,1,192.0,0.9541
12905,2021,viral,1,194.54,0.9555
11311,2021,viral,1,195.18,0.9569
12756,2021,viral,1,195.22,0.9583
12703,2021,viral,1,195.68,0.9597
12858,2021,viral,1,197.26,0.9611
12833,2021,viral,1,204.1,0.9624
12692,2021,viral,1,204.96,0.9638
12738,2021,viral,1,205.68,0.9652
12829,2021,viral,1,206.18,0.9666
12710,2021,viral,1,212.8,0.968
12708,2021,viral,1,212.9,0.9694
11297,2021,viral,1,226.44,0.9708
10854,2021,viral,1,226.72,0.9722
11762,2021,viral,1,226.9,0.9736
12763,2021,viral,1,236.14,0.975
12217,2021,viral,1,246.0,0.9764
12735,2021,viral,1,264.06,0.9777
11189,2021,viral,1,267.36,0.9791
12777,2021,viral,1,267.42,0.9805
12690,2021,viral,1,268.78,0.9819
12761,2021,viral,1,270.54,0.9833
12746,2021,viral,1,272.6,0.9847
11281,2021,viral,1,273.86,0.9861
11160,2021,viral,1,279.94,0.9875
12874,2021,viral,1,294.68,0.9889
12880,2021,viral,1,296.38,0.9903
12886,2021,viral,1,302.82,0.9917
12689,2021,viral,1,306.44,0.993
12496,2021,viral,1,352.76,0.9944
12788,2021,viral,1,483.5,0.9958
12847,2021,viral,1,725.58,0.9972
10940,2021,viral,1,749.14,0.9986
12638,2021,viral,1,2375.92,1.0
13552,2022,low,0,11.24,0.0013
14360,2022,low,0,12.8,0.0026
14635,2022,low,0,13.5,0.0038
13428,2022,low,0,13.78,0.0051
13649,2022,low,0,13.94,0.0064
16055,2022,low,0,14.02,0.0077
16439,2022,low,0,14.2,0.0089
13895,2022,low,0,14.24,0.0102
16152,2022,low,0,14.28,0.0115
14126,2022,low,0,14.44,0.0128
13347,2022,low,0,14.7,0.014
13980,2022,low,0,14.86,0.0153
16433,2022,low,0,15.1,0.0166
13926,2022,low,0,15.18,0.0179
15258,2022,low,0,15.5,0.0192
15842,2022,low,0,15.92,0.0204
14520,2022,low,0,16.4,0.0217
16549,2022,low,0,16.66,0.023
15730,2022,low,0,16.82,0.0243
14018,2022,low,0,16.84,0.0255
13894,2022,low,0,17.04,0.0268
15466,2022,low,0,17.74,0.0281
16889,2022,low,0,17.74,0.0294
16243,2022,low,0,18.5,0.0307
13858,2022,low,0,18.6,0.0319
14058,2022,low,0,18.64,0.0332
14272,2022,low,0,18.64,0.0345
14165,2022,low,0,19.12,0.0358
14516,2022,low,0,19.28,0.037
13537,2022,low,0,19.42,0.0383
16217,2022,low,0,19.5,0.0396
14628,2022,low,0,19.68,0.0409
16474,2022,low,0,19.7,0.0421
13210,2022,low,0,19.78,0.0434
13216,2022,low,0,19.92,0.0447
15761,2022,low,0,19.92,0.046
13404,2022,low,0,20.64,0.0473
13823,2022,low,0,20.66,0.0485
14004,2022,low,0,20.66,0.0498
13413,2022,low,0,20.68,0.0511
15944,2022,low,0,21.0,0.0524
15452,2022,low,0,21.1,0.0536
13792,2022,low,0,21.28,0.0549
15813,2022,low,0,21.34,0.0562
15844,2022,low,0,21.36,0.0575
13357,2022,low,0,21.42,0.0587
13711,2022,low,0,21.64,0.06
13386,2022,low,0,21.7,0.0613
16317,2022,low,0,21.8,0.0626
15925,2022,low,0,21.9,0.0639
15750,2022,low,0,22.14,0.0651
16280,2022,low,0,22.32,0.0664
16094,2022,low,0,22.34,0.0677
16400,2022,low,0,22.44,0.069
16423,2022,low,0,22.52,0.0702
13934,2022,low,0,23.14,0.0715
15796,2022,low,0,23.16,0.0728
13923,2022,low,0,23.2,0.0741
13677,2022,low,0,23.34,0.0754
13314,2022,low,0,23.52,0.0766
13604,2022,low,0,23.66,0.0779
14860,2022,low,0,23.98,0.0792
16132,2022,low,0,24.18,0.0805
13710,2022,low,0,24.2,0.0817
13474,2022,low,0,24.24,0.083
14226,2022,low,0,24.28,0.0843
14929,2022,low,0,24.3,0.0856
13847,2022,low,0,24.36,0.0868
14015,2022,low,0,24.36,0.0881
13803,2022,low,0,24.46,0.0894
13740,2022,low,0,24.68,0.0907
14031,2022,low,0,24.7,0.092
13556,2022,low,0,24.74,0.0932
13773,2022,low,0,24.76,0.0945
13940,2022,low,0,24.88,0.0958
13633,2022,low,0,25.14,0.0971
15725,2022,low,0,25.3,0.0983
13348,2022,low,0,25.4,0.0996
13673,2022,low,0,25.4,0.1009
16255,2022,low,0,25.76,0.1022
15855,2022,low,0,25.86,0.1034
16748,2022,low,0,25.86,0.1047
13718,2022,low,0,26.36,0.106
13846,2022,low,0,26.5,0.1073
16552,2022,low,0,26.56,0.1086
16917,2022,low,0,26.62,0.1098
16275,2022,low,0,26.72,0.1111
16993,2022,low,0,27.02,0.1124
16482,2022,low,0,27.2,0.1137
13606,2022,low,0,27.22,0.1149
15922,2022,low,0,27.5,0.1162
13547,2022,low,0,27.66,0.1175
16069,2022,low,0,27.8,0.1188
16696,2022,low,0,28.5,0.1201
14644,2022,low,0,28.76,0.1213
15378,2022,low,0,28.76,0.1226
16092,2022,low,0,29.0,0.1239
15702,2022,low,0,29.1,0.1252
13716,2022,low,0,29.22,0.1264
16828,2022,low,0,29.6,0.1277
13997,2022,low,0,29.68,0.129
13368,2022,low,0,29.82,0.1303
16752,2022,low,0,29.96,0.1315
16888,2022,low,0,30.14,0.1328
14133,2022,low,0,30.18,0.1341
14269,2022,low,0,30.28,0.1354
15732,2022,low,0,30.5,0.1367
13791,2022,low,0,30.6,0.1379
15748,2022,low,0,30.64,0.1392
13532,2022,low,0,30.74,0.1405
14186,2022,low,0,30.8,0.1418
15804,2022,low,0,30.82,0.143
14342,2022,low,0,30.98,0.1443
16520,2022,low,0,31.12,0.1456
16548,2022,low,0,31.14,0.1469
16991,2022,low,0,31.14,0.1481
14594,2022,low,0,31.3,0.1494
13837,2022,low,0,31.6,0.1507
16477,2022,low,0,31.88,0.152
12965,2022,low,0,32.06,0.1533
15560,2022,low,0,32.12,0.1545
14568,2022,low,0,32.18,0.1558
14646,2022,low,0,32.3,0.1571
13546,2022,low,0,32.44,0.1584
14565,2022,low,0,32.44,0.1596
16945,2022,low,0,32.5,0.1609
15856,2022,low,0,32.54,0.1622
14569,2022,low,0,32.7,0.1635
14677,2022,low,0,32.8,0.1648
16716,2022,low,0,32.84,0.166
15633,2022,low,0,33.16,0.1673
14023,2022,low,0,33.18,0.1686
16154,2022,low,0,33.38,0.1699
17038,2022,low,0,33.38,0.1711
15739,2022,low,0,33.4,0.1724
13299,2022,low,0,33.9,0.1737
13502,2022,low,0,34.2,0.175
17098,2022,low,0,34.2,0.1762
13374,2022,low,0,34.32,0.1775
15635,2022,low,0,34.44,0.1788
13991,2022,low,0,34.48,0.1801
15712,2022,low,0,34.58,0.1814
13434,2022,low,0,34.62,0.1826
15884,2022,low,0,34.62,0.1839
13501,2022,low,0,34.64,0.1852
16444,2022,low,0,34.98,0.1865
14917,2022,low,0,35.0,0.1877
17044,2022,low,0,35.02,0.189
13487,2022,low,0,35.08,0.1903
14216,2022,low,0,35.4,0.1916
14629,2022,low,0,35.54,0.1928
13636,2022,low,0,35.56,0.1941
16164,2022,low,0,35.76,0.1954
16204,2022,low,0,35.9,0.1967
14315,2022,low,0,35.92,0.198
13136,2022,low,0,36.12,0.1992
16205,2022,low,0,36.18,0.2005
13114,2022,low,0,36.2,0.2018
15789,2022,low,0,36.5,0.2031
16700,2022,low,0,36.58,0.2043
16971,2022,low,0,36.58,0.2056
13689,2022,low,0,36.6,0.2069
14864,2022,low,0,36.6,0.2082
16574,2022,low,0,36.62,0.2095
16905,2022,low,0,36.66,0.2107
15759,2022,low,0,36.86,0.212
16293,2022,low,0,37.02,0.2133
13582,2022,low,0,37.14,0.2146
15150,2022,low,0,37.14,0.2158
13925,2022,low,0,37.4,0.2171
14785,2022,low,0,37.42,0.2184
13485,2022,low,0,37.56,0.2197
16966,2022,low,0,37.56,0.2209
14496,2022,low,0,37.7,0.2222
13930,2022,low,0,37.78,0.2235
14472,2022,low,0,37.84,0.2248
15852,2022,low,0,37.88,0.2261
16827,2022,low,0,37.94,0.2273
15825,2022,low,0,37.96,0.2286
14776,2022,low,0,38.08,0.2299
15915,2022,low,0,38.24,0.2312
15854,2022,low,0,38.32,0.2324
13850,2022,low,0,38.34,0.2337
14222,2022,low,0,38.48,0.235
13462,2022,low,0,38.52,0.2363
16633,2022,low,0,38.66,0.2375
13181,2022,low,0,38.7,0.2388
14504,2022,low,0,38.8,0.2401
16371,2022,low,0,38.8,0.2414
13028,2022,low,0,38.98,0.2427
16836,2022,low,0,39.28,0.2439
16848,2022,low,0,39.32,0.2452
16476,2022,low,0,39.4,0.2465
16702,2022,low,0,39.48,0.2478
16403,2022,low,0,39.5,0.249
16840,2022,mid_low,0,39.82,0.2503
13583,2022,mid_low,0,40.1,0.2516
13405,2022,mid_low,0,40.22,0.2529
16880,2022,mid_low,0,40.64,0.2542
16687,2022,mid_low,0,41.02,0.2554
13392,2022,mid_low,0,41.06,0.2567
14887,2022,mid_low,0,41.22,0.258
16448,2022,mid_low,0,41.24,0.2593
15714,2022,mid_low,0,41.26,0.2605
16421,2022,mid_low,0,41.34,0.2618
14931,2022,mid_low,0,41.58,0.2631
15770,2022,mid_low,0,41.68,0.2644
13680,2022,mid_low,0,41.84,0.2656
15775,2022,mid_low,0,42.02,0.2669
16970,2022,mid_low,0,42.24,0.2682
16232,2022,mid_low,0,42.28,0.2695
15792,2022,mid_low,0,42.32,0.2708
16703,2022,mid_low,0,42.5,0.272
13767,2022,mid_low,0,42.98,0.2733
16581,2022,mid_low,0,43.16,0.2746
13670,2022,mid_low,0,43.34,0.2759
14659,2022,mid_low,0,43.34,0.2771
16958,2022,mid_low,0,43.54,0.2784
13479,2022,mid_low,0,43.78,0.2797
16775,2022,mid_low,0,43.82,0.281
16165,2022,mid_low,0,43.9,0.2822
14578,2022,mid_low,0,43.96,0.2835
15866,2022,mid_low,0,44.2,0.2848
14622,2022,mid_low,0,44.42,0.2861
15686,2022,mid_low,0,44.66,0.2874
13905,2022,mid_low,0,45.0,0.2886
16891,2022,mid_low,0,45.16,0.2899
13119,2022,mid_low,0,45.18,0.2912
16951,2022,mid_low,0,45.22,0.2925
14870,2022,mid_low,0,45.6,0.2937
13589,2022,mid_low,0,45.76,0.295
15343,2022,mid_low,0,45.86,0.2963
16049,2022,mid_low,0,45.88,0.2976
16365,2022,mid_low,0,46.08,0.2989
14436,2022,mid_low,0,46.26,0.3001
16746,2022,mid_low,0,46.38,0.3014
16826,2022,mid_low,0,46.84,0.3027
16413,2022,mid_low,0,47.08,0.304
16879,2022,mid_low,0,47.08,0.3052
14164,2022,mid_low,0,47.42,0.3065
14680,2022,mid_low,0,47.6,0.3078
13755,2022,mid_low,0,47.86,0.3091
16515,2022,mid_low,0,47.88,0.3103
13185,2022,mid_low,0,47.96,0.3116
13820,2022,mid_low,0,48.02,0.3129
15820,2022,mid_low,0,48.02,0.3142
16208,2022,mid_low,0,48.22,0.3155
13371,2022,mid_low,0,48.3,0.3167
16147,2022,mid_low,0,48.36,0.318
16851,2022,mid_low,0,48.56,0.3193
13699,2022,mid_low,0,48.68,0.3206
16260,2022,mid_low,0,48.8,0.3218
16005,2022,mid_low,0,49.16,0.3231
17029,2022,mid_low,0,49.24,0.3244
15950,2022,mid_low,0,49.32,0.3257
13714,2022,mid_low,0,49.64,0.3269
16428,2022,mid_low,0,49.8,0.3282
14903,2022,mid_low,0,50.04,0.3295
16639,2022,mid_low,0,50.04,0.3308
16377,2022,mid_low,0,50.08,0.3321
16133,2022,mid_low,0,50.24,0.3333
16855,2022,mid_low,0,50.26,0.3346
12983,2022,mid_low,0,50.36,0.3359
16209,2022,mid_low,0,50.58,0.3372
14933,2022,mid_low,0,50.62,0.3384
13686,2022,mid_low,0,50.66,0.3397
13785,2022,mid_low,0,50.66,0.341
14553,2022,mid_low,0,50.72,0.3423
13779,2022,mid_low,0,50.78,0.3436
15596,2022,mid_low,0,50.78,0.3448
14401,2022,mid_low,0,50.98,0.3461
14581,2022,mid_low,0,51.02,0.3474
15608,2022,mid_low,0,51.04,0.3487
16992,2022,mid_low,0,51.12,0.3499
16575,2022,mid_low,0,51.18,0.3512
16837,2022,mid_low,0,51.18,0.3525
16486,2022,mid_low,0,51.2,0.3538
16263,2022,mid_low,0,51.48,0.355
14651,2022,mid_low,0,52.14,0.3563
13904,2022,mid_low,0,52.24,0.3576
15428,2022,mid_low,0,52.28,0.3589
16484,2022,mid_low,0,52.4,0.3602
15849,2022,mid_low,0,52.5,0.3614
13600,2022,mid_low,0,52.64,0.3627
15394,2022,mid_low,0,52.78,0.364
14042,2022,mid_low,0,52.8,0.3653
14711,2022,mid_low,0,52.8,0.3665
14060,2022,mid_low,0,53.16,0.3678
14022,2022,mid_low,0,54.64,0.3691
14287,2022,mid_low,0,54.98,0.3704
16902,2022,mid_low,0,55.02,0.3716
16751,2022,mid_low,0,55.32,0.3729
17055,2022,mid_low,0,55.34,0.3742
16134,2022,mid_low,0,55.38,0.3755
14227,2022,mid_low,0,55.5,0.3768
13944,2022,mid_low,0,55.54,0.378
14857,2022,mid_low,0,55.64,0.3793
13996,2022,mid_low,0,55.76,0.3806
14231,2022,mid_low,0,55.78,0.3819
13440,2022,mid_low,0,56.0,0.3831
13211,2022,mid_low,0,56.04,0.3844
14709,2022,mid_low,0,56.42,0.3857
14013,2022,mid_low,0,56.5,0.387
16043,2022,mid_low,0,56.9,0.3883
15700,2022,mid_low,0,57.0,0.3895
16692,2022,mid_low,0,57.06,0.3908
15847,2022,mid_low,0,57.12,0.3921
13698,2022,mid_low,0,57.24,0.3934
15554,2022,mid_low,0,57.24,0.3946
13896,2022,mid_low,0,57.26,0.3959
16221,2022,mid_low,0,57.26,0.3972
15716,2022,mid_low,0,57.6,0.3985
13559,2022,mid_low,0,57.64,0.3997
13463,2022,mid_low,0,57.88,0.401
12994,2022,mid_low,0,58.02,0.4023
13822,2022,mid_low,0,58.06,0.4036
13836,2022,mid_low,0,58.1,0.4049
17050,2022,mid_low,0,58.16,0.4061
15201,2022,mid_low,0,58.26,0.4074
13838,2022,mid_low,0,58.38,0.4087
13992,2022,mid_low,0,58.66,0.41
15476,2022,mid_low,0,59.3,0.4112
14869,2022,mid_low,0,60.0,0.4125
14336,2022,mid_low,0,60.36,0.4138
15799,2022,mid_low,0,60.36,0.4151
13310,2022,mid_low,0,60.38,0.4163
15089,2022,mid_low,0,60.46,0.4176
17096,2022,mid_low,0,61.08,0.4189
13602,2022,mid_low,0,61.12,0.4202
15917,2022,mid_low,0,61.3,0.4215
16621,2022,mid_low,0,61.42,0.4227
13663,2022,mid_low,0,61.94,0.424
16231,2022,mid_low,0,62.0,0.4253
13635,2022,mid_low,0,62.1,0.4266
15650,2022,mid_low,0,62.36,0.4278
15025,2022,mid_low,0,62.38,0.4291
16257,2022,mid_low,0,62.84,0.4304
16983,2022,mid_low,0,63.16,0.4317
16089,2022,mid_low,0,63.68,0.433
13578,2022,mid_low,0,63.74,0.4342
13876,2022,mid_low,0,63.8,0.4355
13312,2022,mid_low,0,63.86,0.4368
16896,2022,mid_low,0,63.92,0.4381
16557,2022,mid_low,0,64.1,0.4393
15618,2022,mid_low,0,64.12,0.4406
14624,2022,mid_low,0,64.34,0.4419
15798,2022,mid_low,0,64.72,0.4432
13732,2022,mid_low,0,64.88,0.4444
17088,2022,mid_low,0,64.98,0.4457
14655,2022,mid_low,0,65.14,0.447
15801,2022,mid_low,0,65.18,0.4483
13870,2022,mid_low,0,65.38,0.4496
13350,2022,mid_low,0,65.46,0.4508
15405,2022,mid_low,0,65.46,0.4521
15409,2022,mid_low,0,65.56,0.4534
16922,2022,mid_low,0,65.56,0.4547
13931,2022,mid_low,0,65.7,0.4559
16779,2022,mid_low,0,65.92,0.4572
16142,2022,mid_low,0,66.16,0.4585
16830,2022,mid_low,0,66.5,0.4598
15322,2022,mid_low,0,66.96,0.461
16186,2022,mid_low,0,67.14,0.4623
13560,2022,mid_low,0,67.24,0.4636
16119,2022,mid_low,0,67.36,0.4649
16883,2022,mid_low,0,67.42,0.4662
16942,2022,mid_low,0,67.46,0.4674
14661,2022,mid_low,0,67.58,0.4687
14997,2022,mid_low,0,67.6,0.47
16773,2022,mid_low,0,68.14,0.4713
13893,2022,mid_low,0,68.26,0.4725
15190,2022,mid_low,0,68.42,0.4738
14865,2022,mid_low,0,68.84,0.4751
15846,2022,mid_low,0,69.38,0.4764
17061,2022,mid_low,0,69.52,0.4777
15961,2022,mid_low,0,69.72,0.4789
16642,2022,mid_low,0,69.72,0.4802
15720,2022,mid_low,0,69.8,0.4815
16427,2022,mid_low,0,70.24,0.4828
13584,2022,mid_low,0,70.38,0.484
14034,2022,mid_low,0,70.58,0.4853
15540,2022,mid_low,0,70.68,0.4866
13452,2022,mid_low,0,70.7,0.4879
16860,2022,mid_low,0,70.7,0.4891
13599,2022,mid_low,0,71.46,0.4904
17062,2022,mid_low,0,71.68,0.4917
13594,2022,mid_low,0,71.92,0.493
14482,2022,mid_low,0,71.96,0.4943
13296,2022,mid_low,0,72.06,0.4955
16105,2022,mid_low,0,73.04,0.4968
16601,2022,mid_low,0,73.3,0.4981
15802,2022,mid_low,0,73.6,0.4994
16693,2022,mid_high,0,73.86,0.5006
17059,2022,mid_high,0,73.92,0.5019
15427,2022,mid_high,0,73.94,0.5032
15139,2022,mid_high,0,74.14,0.5045
14379,2022,mid_high,0,74.4,0.5057
13240,2022,mid_high,0,74.46,0.507
14801,2022,mid_high,0,74.62,0.5083
15202,2022,mid_high,0,75.24,0.5096
14718,2022,mid_high,0,75.42,0.5109
13942,2022,mid_high,0,75.54,0.5121
13788,2022,mid_high,0,76.16,0.5134
15481,2022,mid_high,0,76.2,0.5147
16274,2022,mid_high,0,76.46,0.516
14384,2022,mid_high,0,76.8,0.5172
13598,2022,mid_high,0,77.46,0.5185
15140,2022,mid_high,0,77.68,0.5198
14197,2022,mid_high,0,77.96,0.5211
15066,2022,mid_high,0,78.0,0.5223
14924,2022,mid_high,0,78.02,0.5236
14389,2022,mid_high,0,78.06,0.5249
13898,2022,mid_high,0,78.14,0.5262
13723,2022,mid_high,0,78.38,0.5275
13215,2022,mid_high,0,78.56,0.5287
14567,2022,mid_high,0,78.58,0.53
13287,2022,mid_high,0,78.66,0.5313
14872,2022,mid_high,0,78.66,0.5326
16616,2022,mid_high,0,78.96,0.5338
16783,2022,mid_high,0,79.04,0.5351
14609,2022,mid_high,0,79.12,0.5364
13414,2022,mid_high,0,79.42,0.5377
13263,2022,mid_high,0,79.84,0.539
14557,2022,mid_high,0,79.88,0.5402
15771,2022,mid_high,0,80.36,0.5415
13596,2022,mid_high,0,80.72,0.5428
13806,2022,mid_high,0,80.9,0.5441
16113,2022,mid_high,0,80.94,0.5453
15973,2022,mid_high,0,81.04,0.5466
15478,2022,mid_high,0,81.6,0.5479
16604,2022,mid_high,0,81.74,0.5492
16416,2022,mid_high,0,81.84,0.5504
13715,2022,mid_high,0,81.94,0.5517
13523,2022,mid_high,0,82.22,0.553
14354,2022,mid_high,0,83.14,0.5543
14895,2022,mid_high,0,83.3,0.5556
15962,2022,mid_high,0,83.32,0.5568
14508,2022,mid_high,0,83.36,0.5581
15638,2022,mid_high,0,83.5,0.5594
14260,2022,mid_high,0,83.9,0.5607
16498,2022,mid_high,0,83.9,0.5619
16787,2022,mid_high,0,84.32,0.5632
16999,2022,mid_high,0,84.54,0.5645
14460,2022,mid_high,0,84.7,0.5658
14601,2022,mid_high,0,84.72,0.567
14341,2022,mid_high,0,84.74,0.5683
13193,2022,mid_high,0,85.04,0.5696
14322,2022,mid_high,0,85.16,0.5709
13251,2022,mid_high,0,85.32,0.5722
14233,2022,mid_high,0,85.32,0.5734
14483,2022,mid_high,0,85.84,0.5747
13808,2022,mid_high,0,85.88,0.576
13481,2022,mid_high,0,86.02,0.5773
16366,2022,mid_high,0,86.02,0.5785
14749,2022,mid_high,0,86.16,0.5798
15708,2022,mid_high,0,86.16,0.5811
13911,2022,mid_high,0,86.2,0.5824
14028,2022,mid_high,0,86.28,0.5837
15823,2022,mid_high,0,86.86,0.5849
13488,2022,mid_high,0,86.9,0.5862
13860,2022,mid_high,0,87.16,0.5875
13340,2022,mid_high,0,87.22,0.5888
13145,2022,mid_high,0,87.32,0.59
16012,2022,mid_high,0,87.5,0.5913
14697,2022,mid_high,0,87.74,0.5926
16712,2022,mid_high,0,87.92,0.5939
16926,2022,mid_high,0,88.3,0.5951
16078,2022,mid_high,0,88.34,0.5964
13657,2022,mid_high,0,88.36,0.5977
13743,2022,mid_high,0,88.64,0.599
15671,2022,mid_high,0,88.92,0.6003
17069,2022,mid_high,0,89.06,0.6015
14531,2022,mid_high,0,89.12,0.6028
16542,2022,mid_high,0,89.4,0.6041
16060,2022,mid_high,0,90.12,0.6054
14524,2022,mid_high,0,90.26,0.6066
14254,2022,mid_high,0,90.46,0.6079
14679,2022,mid_high,0,91.7,0.6092
16801,2022,mid_high,0,92.08,0.6105
14041,2022,mid_high,0,92.12,0.6117
14890,2022,mid_high,0,92.52,0.613
14510,2022,mid_high,0,92.6,0.6143
14745,2022,mid_high,0,92.68,0.6156
14128,2022,mid_high,0,92.92,0.6169
15620,2022,mid_high,0,93.3,0.6181
14392,2022,mid_high,0,94.84,0.6194
15910,2022,mid_high,0,95.04,0.6207
16744,2022,mid_high,0,95.16,0.622
16985,2022,mid_high,0,95.66,0.6232
13674,2022,mid_high,0,96.24,0.6245
16956,2022,mid_high,0,97.64,0.6258
14701,2022,mid_high,0,97.72,0.6271
14477,2022,mid_high,0,98.42,0.6284
14475,2022,mid_high,0,98.96,0.6296
14675,2022,mid_high,0,99.18,0.6309
13758,2022,mid_high,0,99.32,0.6322
14883,2022,mid_high,0,99.32,0.6335
15803,2022,mid_high,0,99.32,0.6347
16630,2022,mid_high,0,99.4,0.636
16424,2022,mid_high,0,99.56,0.6373
15591,2022,mid_high,0,99.92,0.6386
15664,2022,mid_high,0,100.18,0.6398
13826,2022,mid_high,0,101.58,0.6411
13924,2022,mid_high,0,101.76,0.6424
16895,2022,mid_high,0,102.08,0.6437
16354,2022,mid_high,0,102.32,0.645
13701,2022,mid_high,0,102.5,0.6462
16931,2022,mid_high,0,102.84,0.6475
14010,2022,mid_high,0,102.88,0.6488
15826,2022,mid_high,0,103.04,0.6501
13851,2022,mid_high,0,103.08,0.6513
15805,2022,mid_high,0,103.28,0.6526
14913,2022,mid_high,0,103.32,0.6539
13389,2022,mid_high,0,104.44,0.6552
16863,2022,mid_high,0,105.38,0.6564
13199,2022,mid_high,0,106.08,0.6577
15737,2022,mid_high,0,107.62,0.659
14229,2022,mid_high,0,107.84,0.6603
16015,2022,mid_high,0,107.92,0.6616
14640,2022,mid_high,0,110.44,0.6628
16584,2022,mid_high,0,110.5,0.6641
17056,2022,mid_high,0,110.56,0.6654
13301,2022,mid_high,0,110.9,0.6667
15453,2022,mid_high,0,110.98,0.6679
16296,2022,mid_high,0,111.62,0.6692
13994,2022,mid_high,0,112.98,0.6705
13842,2022,mid_high,0,114.32,0.6718
15403,2022,mid_high,0,114.44,0.6731
16223,2022,mid_high,0,114.56,0.6743
12943,2022,mid_high,0,114.9,0.6756
16864,2022,mid_high,0,115.1,0.6769
14029,2022,mid_high,0,116.76,0.6782
14487,2022,mid_high,0,116.94,0.6794
15652,2022,mid_high,0,117.1,0.6807
15389,2022,mid_high,0,117.24,0.682
15864,2022,mid_high,0,118.24,0.6833
13575,2022,mid_high,0,118.32,0.6845
15841,2022,mid_high,0,119.86,0.6858
14912,2022,mid_high,0,120.8,0.6871
13928,2022,mid_high,0,120.84,0.6884
16755,2022,mid_high,0,121.86,0.6897
15783,2022,mid_high,0,122.06,0.6909
13469,2022,mid_high,0,122.22,0.6922
16166,2022,mid_high,0,122.42,0.6935
13621,2022,mid_high,0,123.5,0.6948
13586,2022,mid_high,0,123.82,0.696
15564,2022,mid_high,0,125.86,0.6973
16530,2022,mid_high,0,126.56,0.6986
13735,2022,mid_high,0,128.22,0.6999
14405,2022,mid_high,0,128.38,0.7011
16308,2022,mid_high,0,129.18,0.7024
14950,2022,mid_high,0,129.48,0.7037
16561,2022,mid_high,0,129.86,0.705
14893,2022,mid_high,0,129.96,0.7063
15679,2022,mid_high,0,129.96,0.7075
13720,2022,mid_high,0,130.16,0.7088
13018,2022,mid_high,0,130.46,0.7101
16335,2022,mid_high,0,130.48,0.7114
16886,2022,mid_high,0,130.78,0.7126
13906,2022,mid_high,0,130.98,0.7139
13853,2022,mid_high,0,131.26,0.7152
16158,2022,mid_high,0,132.24,0.7165
17090,2022,mid_high,0,132.4,0.7178
16973,2022,mid_high,0,132.84,0.719
14561,2022,mid_high,0,133.08,0.7203
14248,2022,mid_high,0,133.16,0.7216
16160,2022,mid_high,0,133.5,0.7229
14528,2022,mid_high,0,133.88,0.7241
14410,2022,mid_high,0,135.4,0.7254
15776,2022,mid_high,0,137.38,0.7267
16672,2022,mid_high,0,137.44,0.728
16246,2022,mid_high,0,138.24,0.7292
16757,2022,mid_high,0,138.26,0.7305
14517,2022,mid_high,0,139.62,0.7318
13395,2022,mid_high,0,139.68,0.7331
16501,2022,mid_high,0,140.16,0.7344
14062,2022,mid_high,0,140.28,0.7356
16562,2022,mid_high,0,141.34,0.7369
13055,2022,mid_high,0,141.36,0.7382
13435,2022,mid_high,0,143.22,0.7395
15379,2022,mid_high,0,143.58,0.7407
14236,2022,mid_high,0,143.92,0.742
14136,2022,mid_high,0,144.02,0.7433
14779,2022,mid_high,0,144.32,0.7446
16247,2022,mid_high,0,144.34,0.7458
16994,2022,mid_high,0,145.04,0.7471
13041,2022,mid_high,0,145.3,0.7484
13607,2022,mid_high,0,146.02,0.7497
16637,2022,high,0,146.16,0.751
15934,2022,high,0,146.72,0.7522
14681,2022,high,0,147.24,0.7535
15082,2022,high,0,147.52,0.7548
15640,2022,high,0,147.62,0.7561
16437,2022,high,0,147.82,0.7573
15346,2022,high,0,149.54,0.7586
13014,2022,high,0,149.68,0.7599
13074,2022,high,0,150.6,0.7612
13042,2022,high,0,151.14,0.7625
17082,2022,high,0,153.36,0.7637
13394,2022,high,0,153.92,0.765
16454,2022,high,0,153.96,0.7663
16730,2022,high,0,154.64,0.7676
13083,2022,high,0,154.74,0.7688
13936,2022,high,0,155.2,0.7701
14927,2022,high,0,155.52,0.7714
14241,2022,high,0,157.54,0.7727
13681,2022,high,0,158.06,0.7739
16600,2022,high,0,158.2,0.7752
15467,2022,high,0,158.5,0.7765
16095,2022,high,0,158.98,0.7778
14707,2022,high,0,159.06,0.7791
16441,2022,high,0,160.26,0.7803
14871,2022,high,0,161.22,0.7816
14443,2022,high,0,162.12,0.7829
13661,2022,high,0,162.38,0.7842
13006,2022,high,0,163.36,0.7854
13008,2022,high,0,163.62,0.7867
14124,2022,high,0,165.44,0.788
14574,2022,high,0,166.16,0.7893
13067,2022,high,0,166.22,0.7905
13082,2022,high,0,166.52,0.7918
12931,2022,high,0,167.14,0.7931
14200,2022,high,0,167.5,0.7944
13492,2022,high,0,167.96,0.7957
12986,2022,high,0,168.56,0.7969
12973,2022,high,0,168.86,0.7982
16190,2022,high,0,170.2,0.7995
14265,2022,high,0,171.6,0.8008
16315,2022,high,0,171.66,0.802
15808,2022,high,0,171.68,0.8033
14150,2022,high,0,171.98,0.8046
14611,2022,high,0,172.54,0.8059
16675,2022,high,0,173.52,0.8072
14919,2022,high,0,175.28,0.8084
13003,2022,high,0,175.46,0.8097
17066,2022,high,0,176.92,0.811
15901,2022,high,0,178.82,0.8123
15568,2022,high,0,178.88,0.8135
16939,2022,high,0,179.26,0.8148
16954,2022,high,0,180.02,0.8161
16850,2022,high,0,182.32,0.8174
16803,2022,high,0,182.54,0.8186
13796,2022,high,0,184.46,0.8199
14329,2022,high,0,185.44,0.8212
13012,2022,high,0,186.08,0.8225
16608,2022,high,0,186.18,0.8238
16135,2022,high,0,186.64,0.825
16894,2022,high,0,186.68,0.8263
13227,2022,high,0,187.4,0.8276
14455,2022,high,0,187.98,0.8289
14275,2022,high,0,189.38,0.8301
13020,2022,high,0,189.52,0.8314
15430,2022,high,0,189.6,0.8327
13529,2022,high,0,189.92,0.834
14589,2022,high,0,190.5,0.8352
14615,2022,high,0,191.26,0.8365
13504,2022,high,0,192.44,0.8378
15955,2022,high,0,192.92,0.8391
16324,2022,high,0,193.86,0.8404
16266,2022,high,0,194.0,0.8416
16819,2022,high,0,195.86,0.8429
12945,2022,high,0,196.54,0.8442
12977,2022,high,0,198.78,0.8455
13782,2022,high,0,201.3,0.8467
15538,2022,high,0,201.82,0.848
13051,2022,high,0,202.08,0.8493
12964,2022,high,0,204.82,0.8506
13138,2022,high,0,208.06,0.8519
13238,2022,high,0,208.66,0.8531
13932,2022,high,0,210.1,0.8544
14448,2022,high,0,210.32,0.8557
14904,2022,high,0,213.2,0.857
13035,2022,high,0,213.28,0.8582
17019,2022,high,0,214.14,0.8595
15614,2022,high,0,218.18,0.8608
13727,2022,high,0,218.98,0.8621
13001,2022,high,0,221.58,0.8633
15153,2022,high,0,223.22,0.8646
12982,2022,high,0,224.58,0.8659
15920,2022,high,0,225.2,0.8672
14244,2022,high,0,228.4,0.8685
14643,2022,high,0,229.0,0.8697
14412,2022,high,0,229.1,0.871
14390,2022,high,0,229.18,0.8723
14163,2022,high,0,233.46,0.8736
13872,2022,high,0,233.64,0.8748
16499,2022,high,0,234.52,0.8761
14936,2022,high,0,234.88,0.8774
14714,2022,high,0,235.28,0.8787
14364,2022,high,0,236.3,0.8799
13611,2022,high,0,240.62,0.8812
15731,2022,high,0,240.76,0.8825
16284,2022,high,0,242.74,0.8838
14467,2022,high,0,243.9,0.8851
15690,2022,high,0,244.0,0.8863
16741,2022,high,0,246.06,0.8876
14811,2022,high,0,246.16,0.8889
15040,2022,high,0,246.18,0.8902
14536,2022,high,0,247.78,0.8914
13477,2022,high,0,247.96,0.8927
16595,2022,high,0,248.0,0.894
14886,2022,high,0,249.1,0.8953
13696,2022,high,0,252.68,0.8966
13554,2022,high,0,256.2,0.8978
13372,2022,high,0,256.5,0.8991
16719,2022,high,0,257.7,0.9004
17103,2022,high,0,263.98,0.9017
14501,2022,high,0,264.56,0.9029
16907,2022,high,0,264.8,0.9042
15867,2022,high,0,267.4,0.9055
16626,2022,high,0,267.72,0.9068
14307,2022,high,0,267.76,0.908
16110,2022,high,0,268.88,0.9093
16140,2022,high,0,269.82,0.9106
16329,2022,high,0,273.22,0.9119
17009,2022,high,0,273.36,0.9132
15194,2022,high,0,276.04,0.9144
16844,2022,high,0,277.62,0.9157
15754,2022,high,0,279.68,0.917
14000,2022,high,0,282.52,0.9183
14349,2022,high,0,285.64,0.9195
13178,2022,high,0,287.74,0.9208
13827,2022,high,0,288.3,0.9221
16874,2022,high,0,288.98,0.9234
14704,2022,high,0,295.56,0.9246
13749,2022,high,0,303.54,0.9259
13645,2022,high,0,304.26,0.9272
16229,2022,high,0,306.08,0.9285
16360,2022,high,0,309.08,0.9298
16399,2022,high,0,316.26,0.931
13457,2022,high,0,318.8,0.9323
14818,2022,high,0,320.46,0.9336
13952,2022,high,0,321.18,0.9349
16037,2022,high,0,323.02,0.9361
13158,2022,high,0,324.36,0.9374
14874,2022,high,0,325.44,0.9387
13562,2022,high,0,330.1,0.94
16352,2022,high,0,330.48,0.9413
13033,2022,high,0,330.92,0.9425
13437,2022,high,0,334.32,0.9438
15912,2022,high,0,334.62,0.9451
13447,2022,high,0,338.54,0.9464
14416,2022,high,0,349.56,0.9476
15341,2022,high,0,351.12,0.9489
15033,2022,viral,1,352.36,0.9502
14036,2022,viral,1,355.08,0.9515
15473,2022,viral,1,359.64,0.9527
13631,2022,viral,1,361.0,0.954
17022,2022,viral,1,361.68,0.9553
12921,2022,viral,1,363.62,0.9566
13361,2022,viral,1,365.78,0.9579
14174,2022,viral,1,365.96,0.9591
16916,2022,viral,1,369.16,0.9604
13093,2022,viral,1,378.08,0.9617
14375,2022,viral,1,386.88,0.963
14597,2022,viral,1,388.42,0.9642
13321,2022,viral,1,394.72,0.9655
15927,2022,viral,1,418.7,0.9668
13057,2022,viral,1,422.32,0.9681
13125,2022,viral,1,428.86,0.9693
16660,2022,viral,1,431.8,0.9706
14421,2022,viral,1,433.04,0.9719
17070,2022,viral,1,433.12,0.9732
13430,2022,viral,1,438.36,0.9745
13804,2022,viral,1,439.68,0.9757
16732,2022,viral,1,441.32,0.977
16831,2022,viral,1,447.28,0.9783
15870,2022,viral,1,461.82,0.9796
14372,2022,viral,1,469.48,0.9808
16278,2022,viral,1,471.86,0.9821
16711,2022,viral,1,475.04,0.9834
13867,2022,viral,1,501.62,0.9847
13793,2022,viral,1,510.14,0.986
15259,2022,viral,1,545.08,0.9872
16172,2022,viral,1,666.78,0.9885
14721,2022,viral,1,676.98,0.9898
14603,2022,viral,1,694.58,0.9911
16758,2022,viral,1,782.24,0.9923
16460,2022,viral,1,806.42,0.9936
15416,2022,viral,1,807.0,0.9949
13272,2022,viral,1,894.88,0.9962
15984,2022,viral,1,909.54,0.9974
14072,2022,viral,1,939.12,0.9987
14290,2022,viral,1,3383.58,1.0
19974,2023,low,0,16.12,0.0013
19627,2023,low,0,17.88,0.0025
18083,2023,low,0,20.62,0.0038
17715,2023,low,0,21.12,0.0051
17772,2023,low,0,21.28,0.0063
20090,2023,low,0,21.86,0.0076
17302,2023,low,0,21.9,0.0089
17911,2023,low,0,22.2,0.0102
18179,2023,low,0,22.26,0.0114
17455,2023,low,0,22.7,0.0127
18343,2023,low,0,22.8,0.014
17870,2023,low,0,23.3,0.0152
17340,2023,low,0,24.0,0.0165
18673,2023,low,0,25.02,0.0178
19829,2023,low,0,25.08,0.019
20220,2023,low,0,26.34,0.0203
19293,2023,low,0,26.68,0.0216
20613,2023,low,0,26.74,0.0228
17705,2023,low,0,26.84,0.0241
17335,2023,low,0,27.12,0.0254
17713,2023,low,0,27.44,0.0266
18235,2023,low,0,27.48,0.0279
20216,2023,low,0,28.04,0.0292
18258,2023,low,0,28.34,0.0305
18750,2023,low,0,28.46,0.0317
17788,2023,low,0,28.48,0.033
19788,2023,low,0,28.54,0.0343
20113,2023,low,0,28.56,0.0355
17149,2023,low,0,29.06,0.0368
17343,2023,low,0,29.58,0.0381
17768,2023,low,0,29.66,0.0393
18702,2023,low,0,29.9,0.0406
18195,2023,low,0,29.94,0.0419
18059,2023,low,0,29.96,0.0431
18400,2023,low,0,30.1,0.0444
17412,2023,low,0,30.12,0.0457
18196,2023,low,0,30.22,0.047
18655,2023,low,0,30.4,0.0482
17879,2023,low,0,30.74,0.0495
18301,2023,low,0,30.94,0.0508
19190,2023,low,0,31.12,0.052
19162,2023,low,0,31.28,0.0533
20193,2023,low,0,31.28,0.0546
19978,2023,low,0,31.3,0.0558
17359,2023,low,0,31.32,0.0571
19513,2023,low,0,31.44,0.0584
19755,2023,low,0,31.48,0.0596
17660,2023,low,0,31.92,0.0609
18414,2023,low,0,31.98,0.0622
20004,2023,low,0,32.08,0.0635
17546,2023,low,0,32.86,0.0647
18405,2023,low,0,32.88,0.066
18349,2023,low,0,32.9,0.0673
18920,2023,low,0,33.1,0.0685
17545,2023,low,0,33.3,0.0698
18914,2023,low,0,33.32,0.0711
20217,2023,low,0,33.7,0.0723
17304,2023,low,0,33.96,0.0736
20205,2023,low,0,34.04,0.0749
20253,2023,low,0,34.04,0.0761
17652,2023,low,0,34.08,0.0774
17521,2023,low,0,34.24,0.0787
17161,2023,low,0,34.62,0.0799
17918,2023,low,0,35.86,0.0812
20704,2023,low,0,36.14,0.0825
17680,2023,low,0,36.22,0.0838
20137,2023,low,0,36.22,0.085
18347,2023,low,0,36.42,0.0863
18684,2023,low,0,36.62,0.0876
17312,2023,low,0,36.82,0.0888
19092,2023,low,0,36.9,0.0901
20744,2023,low,0,36.9,0.0914
17987,2023,low,0,36.96,0.0926
20638,2023,low,0,37.18,0.0939
17771,2023,low,0,37.24,0.0952
17787,2023,low,0,37.32,0.0964
17616,2023,low,0,37.4,0.0977
18451,2023,low,0,37.54,0.099
20211,2023,low,0,37.68,0.1003
17687,2023,low,0,37.84,0.1015
19089,2023,low,0,38.08,0.1028
17716,2023,low,0,38.48,0.1041
20341,2023,low,0,38.74,0.1053
20636,2023,low,0,39.22,0.1066
18755,2023,low,0,39.4,0.1079
20709,2023,low,0,39.92,0.1091
18429,2023,low,0,39.94,0.1104
19168,2023,low,0,40.14,0.1117
18146,2023,low,0,40.18,0.1129
17673,2023,low,0,40.22,0.1142
19602,2023,low,0,40.38,0.1155
20172,2023,low,0,40.54,0.1168
20317,2023,low,0,40.56,0.118
17354,2023,low,0,40.84,0.1193
20063,2023,low,0,40.92,0.1206
20394,2023,low,0,40.94,0.1218
20616,2023,low,0,40.96,0.1231
17404,2023,low,0,41.0,0.1244
18096,2023,low,0,41.14,0.1256
17150,2023,low,0,41.18,0.1269
19996,2023,low,0,41.36,0.1282
20503,2023,low,0,41.56,0.1294
18525,2023,low,0,41.62,0.1307
17461,2023,low,0,41.86,0.132
19644,2023,low,0,42.16,0.1332
17693,2023,low,0,42.28,0.1345
19766,2023,low,0,42.3,0.1358
18345,2023,low,0,42.36,0.1371
17892,2023,low,0,42.38,0.1383
20008,2023,low,0,42.4,0.1396
17422,2023,low,0,42.44,0.1409
18674,2023,low,0,42.48,0.1421
20415,2023,low,0,42.7,0.1434
17472,2023,low,0,42.88,0.1447
20119,2023,low,0,43.04,0.1459
18401,2023,low,0,43.12,0.1472
20118,2023,low,0,43.68,0.1485
19696,2023,low,0,43.84,0.1497
17357,2023,low,0,43.98,0.151
17396,2023,low,0,44.08,0.1523
17277,2023,low,0,44.34,0.1536
20013,2023,low,0,44.34,0.1548
20134,2023,low,0,44.34,0.1561
20194,2023,low,0,44.54,0.1574
17169,2023,low,0,44.64,0.1586
20671,2023,low,0,44.74,0.1599
18022,2023,low,0,45.04,0.1612
17432,2023,low,0,45.34,0.1624
18169,2023,low,0,45.48,0.1637
20355,2023,low,0,45.52,0.165
20425,2023,low,0,45.62,0.1662
19104,2023,low,0,45.98,0.1675
17791,2023,low,0,46.1,0.1688
19657,2023,low,0,46.1,0.1701
19961,2023,low,0,46.74,0.1713
18953,2023,low,0,46.76,0.1726
17945,2023,low,0,46.84,0.1739
17278,2023,low,0,47.0,0.1751
20403,2023,low,0,47.1,0.1764
19383,2023,low,0,47.16,0.1777
18105,2023,low,0,47.52,0.1789
18641,2023,low,0,47.66,0.1802
18857,2023,low,0,48.04,0.1815
18351,2023,low,0,48.2,0.1827
18210,2023,low,0,48.34,0.184
20639,2023,low,0,48.46,0.1853
20240,2023,low,0,48.54,0.1865
18325,2023,low,0,48.56,0.1878
17814,2023,low,0,48.74,0.1891
18418,2023,low,0,48.74,0.1904
19131,2023,low,0,48.86,0.1916
17297,2023,low,0,48.92,0.1929
19889,2023,low,0,48.92,0.1942
18002,2023,low,0,49.22,0.1954
18066,2023,low,0,49.34,0.1967
17550,2023,low,0,49.42,0.198
17417,2023,low,0,49.5,0.1992
19648,2023,low,0,49.58,0.2005
18657,2023,low,0,49.64,0.2018
19652,2023,low,0,49.84,0.203
18711,2023,low,0,49.9,0.2043
17241,2023,low,0,49.96,0.2056
19111,2023,low,0,49.98,0.2069
18544,2023,low,0,50.02,0.2081
20094,2023,low,0,50.1,0.2094
18690,2023,low,0,50.16,0.2107
17170,2023,low,0,50.3,0.2119
20005,2023,low,0,50.3,0.2132
17813,2023,low,0,50.34,0.2145
20509,2023,low,0,50.48,0.2157
20234,2023,low,0,50.88,0.217
17552,2023,low,0,51.1,0.2183
18148,2023,low,0,51.98,0.2195
18946,2023,low,0,51.98,0.2208
18419,2023,low,0,52.02,0.2221
19700,2023,low,0,52.14,0.2234
17147,2023,low,0,52.2,0.2246
18250,2023,low,0,52.44,0.2259
19082,2023,low,0,52.6,0.2272
19871,2023,low,0,53.08,0.2284
20242,2023,low,0,53.22,0.2297
17240,2023,low,0,53.64,0.231
20356,2023,low,0,53.8,0.2322
20330,2023,low,0,53.9,0.2335
19546,2023,low,0,54.06,0.2348
18488,2023,low,0,54.36,0.236
18003,2023,low,0,54.4,0.2373
20764,2023,low,0,54.58,0.2386
20185,2023,low,0,54.62,0.2398
19249,2023,low,0,54.78,0.2411
19952,2023,low,0,54.8,0.2424
20623,2023,low,0,54.98,0.2437
20631,2023,low,0,55.22,0.2449
19699,2023,low,0,55.36,0.2462
18161,2023,low,0,55.38,0.2475
17360,2023,low,0,55.42,0.2487
19368,2023,low,0,55.46,0.25
20021,2023,mid_low,0,55.58,0.2513
20347,2023,mid_low,0,55.68,0.2525
20188,2023,mid_low,0,55.82,0.2538
20067,2023,mid_low,0,56.18,0.2551
17471,2023,mid_low,0,56.5,0.2563
17795,2023,mid_low,0,56.56,0.2576
18237,2023,mid_low,0,56.56,0.2589
18718,2023,mid_low,0,56.58,0.2602
18296,2023,mid_low,0,56.74,0.2614
18315,2023,mid_low,0,56.74,0.2627
18365,2023,mid_low,0,56.8,0.264
19749,2023,mid_low,0,57.06,0.2652
20305,2023,mid_low,0,57.18,0.2665
17355,2023,mid_low,0,57.36,0.2678
20128,2023,mid_low,0,57.42,0.269
20303,2023,mid_low,0,57.5,0.2703
17319,2023,mid_low,0,57.56,0.2716
17690,2023,mid_low,0,58.06,0.2728
18416,2023,mid_low,0,58.2,0.2741
20180,2023,mid_low,0,58.74,0.2754
19233,2023,mid_low,0,58.86,0.2766
20361,2023,mid_low,0,59.08,0.2779
17114,2023,mid_low,0,59.16,0.2792
17849,2023,mid_low,0,59.16,0.2805
17605,2023,mid_low,0,59.4,0.2817
18241,2023,mid_low,0,59.56,0.283
20164,2023,mid_low,0,59.66,0.2843
20424,2023,mid_low,0,59.68,0.2855
18159,2023,mid_low,0,59.7,0.2868
18238,2023,mid_low,0,59.8,0.2881
20104,2023,mid_low,0,59.84,0.2893
18950,2023,mid_low,0,59.86,0.2906
19578,2023,mid_low,0,60.02,0.2919
20814,2023,mid_low,0,60.34,0.2931
20011,2023,mid_low,0,60.4,0.2944
18915,2023,mid_low,0,60.56,0.2957
20405,2023,mid_low,0,60.58,0.297
17258,2023,mid_low,0,61.02,0.2982
20383,2023,mid_low,0,61.04,0.2995
20765,2023,mid_low,0,61.24,0.3008
18039,2023,mid_low,0,61.34,0.302
18691,2023,mid_low,0,61.44,0.3033
18980,2023,mid_low,0,61.7,0.3046
17647,2023,mid_low,0,61.76,0.3058
18187,2023,mid_low,0,62.46,0.3071
20590,2023,mid_low,0,62.54,0.3084
17214,2023,mid_low,0,62.62,0.3096
17192,2023,mid_low,0,62.74,0.3109
19512,2023,mid_low,0,62.8,0.3122
17567,2023,mid_low,0,62.82,0.3135
17508,2023,mid_low,0,62.84,0.3147
17565,2023,mid_low,0,62.86,0.316
20143,2023,mid_low,0,63.48,0.3173
19392,2023,mid_low,0,63.58,0.3185
20441,2023,mid_low,0,63.68,0.3198
18461,2023,mid_low,0,63.7,0.3211
17662,2023,mid_low,0,63.78,0.3223
20395,2023,mid_low,0,64.1,0.3236
20239,2023,mid_low,0,64.14,0.3249
17581,2023,mid_low,0,64.2,0.3261
17204,2023,mid_low,0,64.3,0.3274
17299,2023,mid_low,0,64.36,0.3287
17256,2023,mid_low,0,64.48,0.3299
18082,2023,mid_low,0,64.96,0.3312
18693,2023,mid_low,0,65.0,0.3325
19201,2023,mid_low,0,65.28,0.3338
19813,2023,mid_low,0,65.46,0.335
17527,2023,mid_low,0,65.76,0.3363
18339,2023,mid_low,0,65.8,0.3376
18198,2023,mid_low,0,65.88,0.3388
18773,2023,mid_low,0,66.1,0.3401
18758,2023,mid_low,0,66.34,0.3414
18523,2023,mid_low,0,66.54,0.3426
19606,2023,mid_low,0,66.74,0.3439
17950,2023,mid_low,0,66.82,0.3452
17611,2023,mid_low,0,67.12,0.3464
20554,2023,mid_low,0,67.2,0.3477
17823,2023,mid_low,0,67.22,0.349
17514,2023,mid_low,0,67.24,0.3503
17516,2023,mid_low,0,67.26,0.3515
18175,2023,mid_low,0,67.26,0.3528
19267,2023,mid_low,0,67.58,0.3541
20045,2023,mid_low,0,67.84,0.3553
20440,2023,mid_low,0,67.94,0.3566
19204,2023,mid_low,0,68.36,0.3579
20319,2023,mid_low,0,68.58,0.3591
17766,2023,mid_low,0,68.9,0.3604
18335,2023,mid_low,0,68.92,0.3617
17829,2023,mid_low,0,69.0,0.3629
20708,2023,mid_low,0,69.0,0.3642
18799,2023,mid_low,0,69.58,0.3655
17119,2023,mid_low,0,69.82,0.3668
18191,2023,mid_low,0,69.88,0.368
17868,2023,mid_low,0,69.96,0.3693
18759,2023,mid_low,0,70.0,0.3706
20525,2023,mid_low,0,70.04,0.3718
18025,2023,mid_low,0,70.06,0.3731
17775,2023,mid_low,0,70.78,0.3744
20497,2023,mid_low,0,70.86,0.3756
18966,2023,mid_low,0,71.04,0.3769
17476,2023,mid_low,0,71.12,0.3782
20797,2023,mid_low,0,71.4,0.3794
20620,2023,mid_low,0,71.58,0.3807
20198,2023,mid_low,0,71.68,0.382
17477,2023,mid_low,0,71.72,0.3832
18802,2023,mid_low,0,71.92,0.3845
20490,2023,mid_low,0,71.96,0.3858
17707,2023,mid_low,0,72.24,0.3871
18395,2023,mid_low,0,72.38,0.3883
19921,2023,mid_low,0,72.7,0.3896
19548,2023,mid_low,0,72.78,0.3909
19257,2023,mid_low,0,72.8,0.3921
18912,2023,mid_low,0,73.18,0.3934
18739,2023,mid_low,0,73.3,0.3947
17151,2023,mid_low,0,73.44,0.3959
18047,2023,mid_low,0,73.48,0.3972
17146,2023,mid_low,0,73.52,0.3985
19609,2023,mid_low,0,73.6,0.3997
19672,2023,mid_low,0,73.66,0.401
17754,2023,mid_low,0,73.8,0.4023
18138,2023,mid_low,0,73.84,0.4036
17904,2023,mid_low,0,73.86,0.4048
18664,2023,mid_low,0,73.98,0.4061
17951,2023,mid_low,0,74.08,0.4074
20101,2023,mid_low,0,74.8,0.4086
20204,2023,mid_low,0,74.84,0.4099
18171,2023,mid_low,0,75.24,0.4112
19983,2023,mid_low,0,75.44,0.4124
17349,2023,mid_low,0,75.48,0.4137
18588,2023,mid_low,0,75.66,0.415
19294,2023,mid_low,0,75.86,0.4162
18602,2023,mid_low,0,75.92,0.4175
17595,2023,mid_low,0,75.98,0.4188
20436,2023,mid_low,0,76.44,0.4201
20688,2023,mid_low,0,76.56,0.4213
18985,2023,mid_low,0,76.9,0.4226
19394,2023,mid_low,0,77.06,0.4239
20495,2023,mid_low,0,77.08,0.4251
18636,2023,mid_low,0,77.36,0.4264
17886,2023,mid_low,0,77.4,0.4277
17405,2023,mid_low,0,77.66,0.4289
19086,2023,mid_low,0,77.78,0.4302
20246,2023,mid_low,0,77.84,0.4315
19511,2023,mid_low,0,77.86,0.4327
18292,2023,mid_low,0,78.7,0.434
19340,2023,mid_low,0,78.78,0.4353
19330,2023,mid_low,0,78.8,0.4365
20768,2023,mid_low,0,79.14,0.4378
19917,2023,mid_low,0,80.24,0.4391
20321,2023,mid_low,0,80.32,0.4404
20783,2023,mid_low,0,80.54,0.4416
17350,2023,mid_low,0,80.66,0.4429
17696,2023,mid_low,0,80.7,0.4442
20252,2023,mid_low,0,81.42,0.4454
17406,2023,mid_low,0,81.62,0.4467
17339,2023,mid_low,0,82.1,0.448
17231,2023,mid_low,0,82.36,0.4492
19119,2023,mid_low,0,83.02,0.4505
19603,2023,mid_low,0,83.02,0.4518
17765,2023,mid_low,0,83.2,0.453
20474,2023,mid_low,0,83.4,0.4543
18033,2023,mid_low,0,83.44,0.4556
17208,2023,mid_low,0,83.82,0.4569
20241,2023,mid_low,0,83.9,0.4581
20039,2023,mid_low,0,83.92,0.4594
18043,2023,mid_low,0,84.32,0.4607
19886,2023,mid_low,0,84.64,0.4619
18412,2023,mid_low,0,84.76,0.4632
19683,2023,mid_low,0,85.26,0.4645
17269,2023,mid_low,0,85.68,0.4657
17480,2023,mid_low,0,85.88,0.467
19482,2023,mid_low,0,86.02,0.4683
20081,2023,mid_low,0,86.08,0.4695
19354,2023,mid_low,0,86.36,0.4708
20044,2023,mid_low,0,86.62,0.4721
19575,2023,mid_low,0,87.52,0.4734
18407,2023,mid_low,0,88.28,0.4746
19120,2023,mid_low,0,88.86,0.4759
19473,2023,mid_low,0,89.0,0.4772
19155,2023,mid_low,0,89.26,0.4784
18828,2023,mid_low,0,89.56,0.4797
18840,2023,mid_low,0,89.74,0.481
20599,2023,mid_low,0,90.6,0.4822
18160,2023,mid_low,0,90.8,0.4835
18376,2023,mid_low,0,91.2,0.4848
20459,2023,mid_low,0,91.2,0.486
18538,2023,mid_low,0,91.22,0.4873
17163,2023,mid_low,0,91.36,0.4886
19403,2023,mid_low,0,91.36,0.4898
18493,2023,mid_low,0,91.46,0.4911
19172,2023,mid_low,0,91.52,0.4924
20175,2023,mid_low,0,91.84,0.4937
18541,2023,mid_low,0,92.18,0.4949
18197,2023,mid_low,0,92.32,0.4962
20518,2023,mid_low,0,92.4,0.4975
20640,2023,mid_low,0,92.6,0.4987
20517,2023,mid_low,0,93.16,0.5
20338,2023,mid_high,0,93.3,0.5013
17494,2023,mid_high,0,93.94,0.5025
19808,2023,mid_high,0,94.06,0.5038
17230,2023,mid_high,0,94.36,0.5051
18216,2023,mid_high,0,94.56,0.5063
18061,2023,mid_high,0,96.28,0.5076
20756,2023,mid_high,0,96.38,0.5089
18295,2023,mid_high,0,97.08,0.5102
19007,2023,mid_high,0,97.16,0.5114
18166,2023,mid_high,0,98.26,0.5127
18279,2023,mid_high,0,98.54,0.514
17341,2023,mid_high,0,99.0,0.5152
17248,2023,mid_high,0,99.46,0.5165
19056,2023,mid_high,0,99.74,0.5178
18729,2023,mid_high,0,100.6,0.519
17308,2023,mid_high,0,100.88,0.5203
17361,2023,mid_high,0,101.48,0.5216
20162,2023,mid_high,0,101.54,0.5228
18995,2023,mid_high,0,101.76,0.5241
18878,2023,mid_high,0,102.38,0.5254
17551,2023,mid_high,0,103.22,0.5266
18913,2023,mid_high,0,103.52,0.5279
17828,2023,mid_high,0,103.86,0.5292
17779,2023,mid_high,0,104.08,0.5305
19295,2023,mid_high,0,104.78,0.5317
20676,2023,mid_high,0,106.12,0.533
19244,2023,mid_high,0,106.56,0.5343
17865,2023,mid_high,0,107.42,0.5355
18356,2023,mid_high,0,107.62,0.5368
19136,2023,mid_high,0,108.04,0.5381
18986,2023,mid_high,0,108.88,0.5393
19527,2023,mid_high,0,109.74,0.5406
18224,2023,mid_high,0,110.22,0.5419
17300,2023,mid_high,0,110.38,0.5431
17958,2023,mid_high,0,110.82,0.5444
19067,2023,mid_high,0,111.44,0.5457
19050,2023,mid_high,0,112.16,0.547
20630,2023,mid_high,0,112.6,0.5482
18666,2023,mid_high,0,113.52,0.5495
17990,2023,mid_high,0,114.72,0.5508
17839,2023,mid_high,0,114.88,0.552
19167,2023,mid_high,0,115.16,0.5533
19025,2023,mid_high,0,115.68,0.5546
19332,2023,mid_high,0,115.94,0.5558
19615,2023,mid_high,0,116.92,0.5571
19586,2023,mid_high,0,117.14,0.5584
18244,2023,mid_high,0,117.3,0.5596
19987,2023,mid_high,0,117.38,0.5609
20653,2023,mid_high,0,117.48,0.5622
19302,2023,mid_high,0,117.5,0.5635
17511,2023,mid_high,0,117.72,0.5647
17275,2023,mid_high,0,118.66,0.566
20047,2023,mid_high,0,119.08,0.5673
19181,2023,mid_high,0,120.38,0.5685
18378,2023,mid_high,0,120.74,0.5698
19326,2023,mid_high,0,120.84,0.5711
19757,2023,mid_high,0,121.4,0.5723
19976,2023,mid_high,0,121.86,0.5736
17367,2023,mid_high,0,122.22,0.5749
20309,2023,mid_high,0,122.3,0.5761
18616,2023,mid_high,0,122.52,0.5774
19693,2023,mid_high,0,123.52,0.5787
18775,2023,mid_high,0,123.84,0.5799
17856,2023,mid_high,0,124.18,0.5812
17619,2023,mid_high,0,124.72,0.5825
19313,2023,mid_high,0,125.28,0.5838
19891,2023,mid_high,0,125.72,0.585
20420,2023,mid_high,0,125.82,0.5863
19872,2023,mid_high,0,125.84,0.5876
20539,2023,mid_high,0,126.08,0.5888
18806,2023,mid_high,0,126.34,0.5901
19159,2023,mid_high,0,126.42,0.5914
18077,2023,mid_high,0,127.26,0.5926
19761,2023,mid_high,0,128.94,0.5939
18344,2023,mid_high,0,130.14,0.5952
18761,2023,mid_high,0,130.38,0.5964
18721,2023,mid_high,0,131.1,0.5977
17293,2023,mid_high,0,131.3,0.599
18682,2023,mid_high,0,131.62,0.6003
17401,2023,mid_high,0,132.06,0.6015
18994,2023,mid_high,0,132.26,0.6028
20543,2023,mid_high,0,133.32,0.6041
17447,2023,mid_high,0,133.68,0.6053
20508,2023,mid_high,0,133.9,0.6066
20069,2023,mid_high,0,134.42,0.6079
18204,2023,mid_high,0,134.82,0.6091
20200,2023,mid_high,0,135.58,0.6104
20713,2023,mid_high,0,137.76,0.6117
17142,2023,mid_high,0,137.98,0.6129
20103,2023,mid_high,0,137.98,0.6142
17262,2023,mid_high,0,138.32,0.6155
18606,2023,mid_high,0,138.42,0.6168
18888,2023,mid_high,0,139.1,0.618
20135,2023,mid_high,0,139.1,0.6193
19964,2023,mid_high,0,139.3,0.6206
17575,2023,mid_high,0,140.18,0.6218
17393,2023,mid_high,0,140.5,0.6231
20451,2023,mid_high,0,140.88,0.6244
17781,2023,mid_high,0,141.34,0.6256
18144,2023,mid_high,0,141.74,0.6269
18686,2023,mid_high,0,144.08,0.6282
17363,2023,mid_high,0,144.52,0.6294
19684,2023,mid_high,0,144.82,0.6307
18308,2023,mid_high,0,144.96,0.632
20648,2023,mid_high,0,144.96,0.6332
20435,2023,mid_high,0,147.02,0.6345
20112,2023,mid_high,0,147.1,0.6358
19812,2023,mid_high,0,147.72,0.6371
17196,2023,mid_high,0,148.16,0.6383
20693,2023,mid_high,0,148.44,0.6396
20176,2023,mid_high,0,148.94,0.6409
17115,2023,mid_high,0,149.24,0.6421
19834,2023,mid_high,0,149.8,0.6434
19174,2023,mid_high,0,150.32,0.6447
20578,2023,mid_high,0,150.76,0.6459
20587,2023,mid_high,0,150.78,0.6472
19957,2023,mid_high,0,151.0,0.6485
18164,2023,mid_high,0,151.92,0.6497
19751,2023,mid_high,0,153.1,0.651
19830,2023,mid_high,0,153.56,0.6523
19281,2023,mid_high,0,153.92,0.6536
20181,2023,mid_high,0,154.0,0.6548
19331,2023,mid_high,0,154.36,0.6561
20006,2023,mid_high,0,154.76,0.6574
17670,2023,mid_high,0,155.1,0.6586
20562,2023,mid_high,0,155.98,0.6599
20476,2023,mid_high,0,156.38,0.6612
20116,2023,mid_high,0,156.4,0.6624
19239,2023,mid_high,0,156.8,0.6637
19804,2023,mid_high,0,157.02,0.665
17730,2023,mid_high,0,158.08,0.6662
20458,2023,mid_high,0,158.24,0.6675
20664,2023,mid_high,0,159.92,0.6688
17579,2023,mid_high,0,160.36,0.6701
19139,2023,mid_high,0,160.38,0.6713
18631,2023,mid_high,0,160.58,0.6726
20243,2023,mid_high,0,161.08,0.6739
17776,2023,mid_high,0,161.62,0.6751
19549,2023,mid_high,0,162.22,0.6764
18957,2023,mid_high,0,162.36,0.6777
18851,2023,mid_high,0,162.54,0.6789
19680,2023,mid_high,0,162.82,0.6802
20800,2023,mid_high,0,163.22,0.6815
20612,2023,mid_high,0,163.58,0.6827
19661,2023,mid_high,0,164.86,0.684
19900,2023,mid_high,0,164.88,0.6853
20741,2023,mid_high,0,165.04,0.6865
20209,2023,mid_high,0,165.44,0.6878
19555,2023,mid_high,0,165.6,0.6891
20448,2023,mid_high,0,166.62,0.6904
20245,2023,mid_high,0,167.28,0.6916
18456,2023,mid_high,0,169.42,0.6929
20477,2023,mid_high,0,169.92,0.6942
19298,2023,mid_high,0,170.3,0.6954
17205,2023,mid_high,0,171.54,0.6967
20349,2023,mid_high,0,171.84,0.698
20418,2023,mid_high,0,172.06,0.6992
20125,2023,mid_high,0,172.22,0.7005
17280,2023,mid_high,0,172.56,0.7018
19859,2023,mid_high,0,172.9,0.703
19835,2023,mid_high,0,172.92,0.7043
20619,2023,mid_high,0,173.62,0.7056
20167,2023,mid_high,0,173.86,0.7069
20661,2023,mid_high,0,173.96,0.7081
20611,2023,mid_high,0,174.42,0.7094
19704,2023,mid_high,0,174.74,0.7107
19662,2023,mid_high,0,174.92,0.7119
18882,2023,mid_high,0,176.44,0.7132
19640,2023,mid_high,0,176.86,0.7145
18532,2023,mid_high,0,176.92,0.7157
19533,2023,mid_high,0,177.12,0.717
18254,2023,mid_high,0,177.22,0.7183
17884,2023,mid_high,0,178.48,0.7195
20650,2023,mid_high,0,178.84,0.7208
19262,2023,mid_high,0,179.6,0.7221
20498,2023,mid_high,0,179.8,0.7234
20646,2023,mid_high,0,179.92,0.7246
20397,2023,mid_high,0,180.16,0.7259
20426,2023,mid_high,0,180.7,0.7272
20023,2023,mid_high,0,181.3,0.7284
20780,2023,mid_high,0,181.56,0.7297
17695,2023,mid_high,0,181.6,0.731
17415,2023,mid_high,0,181.72,0.7322
17132,2023,mid_high,0,182.1,0.7335
20585,2023,mid_high,0,182.2,0.7348
19837,2023,mid_high,0,182.68,0.736
20454,2023,mid_high,0,182.92,0.7373
20682,2023,mid_high,0,183.96,0.7386
19232,2023,mid_high,0,184.26,0.7398
19869,2023,mid_high,0,184.58,0.7411
18360,2023,mid_high,0,186.24,0.7424
18352,2023,mid_high,0,186.32,0.7437
17199,2023,mid_high,0,187.2,0.7449
19359,2023,mid_high,0,187.32,0.7462
20043,2023,mid_high,0,188.34,0.7475
17820,2023,mid_high,0,188.46,0.7487
18422,2023,mid_high,0,188.66,0.75
20196,2023,high,0,189.04,0.7513
18713,2023,high,0,189.12,0.7525
20572,2023,high,0,189.12,0.7538
19760,2023,high,0,189.14,0.7551
20492,2023,high,0,189.52,0.7563
20685,2023,high,0,190.62,0.7576
17817,2023,high,0,191.58,0.7589
19659,2023,high,0,191.76,0.7602
17996,2023,high,0,192.3,0.7614
20614,2023,high,0,193.3,0.7627
20655,2023,high,0,195.54,0.764
20565,2023,high,0,195.72,0.7652
18239,2023,high,0,196.54,0.7665
20015,2023,high,0,196.96,0.7678
20382,2023,high,0,198.68,0.769
19197,2023,high,0,199.1,0.7703
20642,2023,high,0,199.24,0.7716
20251,2023,high,0,199.76,0.7728
20600,2023,high,0,200.26,0.7741
19959,2023,high,0,200.54,0.7754
20189,2023,high,0,200.62,0.7766
20078,2023,high,0,201.66,0.7779
19764,2023,high,0,202.08,0.7792
18644,2023,high,0,202.22,0.7805
17727,2023,high,0,202.86,0.7817
20447,2023,high,0,202.86,0.783
20691,2023,high,0,202.9,0.7843
20654,2023,high,0,205.46,0.7855
18046,2023,high,0,205.68,0.7868
18368,2023,high,0,206.1,0.7881
19077,2023,high,0,207.7,0.7893
20371,2023,high,0,207.78,0.7906
20690,2023,high,0,208.28,0.7919
19852,2023,high,0,208.46,0.7931
17891,2023,high,0,208.72,0.7944
18281,2023,high,0,208.84,0.7957
20799,2023,high,0,209.34,0.797
20787,2023,high,0,209.46,0.7982
17535,2023,high,0,209.58,0.7995
17448,2023,high,0,210.4,0.8008
19707,2023,high,0,210.4,0.802
19758,2023,high,0,210.84,0.8033
19999,2023,high,0,211.38,0.8046
17682,2023,high,0,212.24,0.8058
20622,2023,high,0,212.86,0.8071
19703,2023,high,0,212.96,0.8084
19236,2023,high,0,213.32,0.8096
17667,2023,high,0,214.34,0.8109
20202,2023,high,0,214.92,0.8122
18981,2023,high,0,215.76,0.8135
19776,2023,high,0,216.48,0.8147
19610,2023,high,0,218.24,0.816
19677,2023,high,0,219.42,0.8173
20662,2023,high,0,220.12,0.8185
19768,2023,high,0,220.16,0.8198
20286,2023,high,0,220.72,0.8211
19789,2023,high,0,223.32,0.8223
17872,2023,high,0,223.34,0.8236
20018,2023,high,0,223.92,0.8249
20290,2023,high,0,224.74,0.8261
17351,2023,high,0,226.88,0.8274
20095,2023,high,0,227.18,0.8287
20386,2023,high,0,227.6,0.8299
19591,2023,high,0,228.64,0.8312
17773,2023,high,0,229.7,0.8325
20444,2023,high,0,230.38,0.8338
20446,2023,high,0,230.56,0.835
20681,2023,high,0,230.78,0.8363
18444,2023,high,0,231.16,0.8376
18978,2023,high,0,234.32,0.8388
19088,2023,high,0,234.72,0.8401
20073,2023,high,0,235.5,0.8414
18473,2023,high,0,236.54,0.8426
19728,2023,high,0,237.68,0.8439
17123,2023,high,0,237.98,0.8452
18100,2023,high,0,238.14,0.8464
20157,2023,high,0,238.32,0.8477
19629,2023,high,0,239.92,0.849
20238,2023,high,0,240.84,0.8503
19347,2023,high,0,241.78,0.8515
18779,2023,high,0,241.98,0.8528
18055,2023,high,0,242.22,0.8541
20750,2023,high,0,242.36,0.8553
18013,2023,high,0,242.48,0.8566
18545,2023,high,0,245.76,0.8579
19656,2023,high,0,246.04,0.8591
20153,2023,high,0,247.18,0.8604
20659,2023,high,0,247.7,0.8617
18803,2023,high,0,247.92,0.8629
20666,2023,high,0,248.78,0.8642
18409,2023,high,0,249.32,0.8655
17259,2023,high,0,251.46,0.8668
18069,2023,high,0,251.7,0.868
18346,2023,high,0,252.14,0.8693
20263,2023,high,0,253.04,0.8706
20144,2023,high,0,253.94,0.8718
18930,2023,high,0,257.16,0.8731
19583,2023,high,0,257.34,0.8744
18744,2023,high,0,268.0,0.8756
18900,2023,high,0,268.1,0.8769
20499,2023,high,0,268.12,0.8782
18331,2023,high,0,269.58,0.8794
19938,2023,high,0,270.04,0.8807
17758,2023,high,0,271.98,0.882
20720,2023,high,0,275.84,0.8832
17896,2023,high,0,276.28,0.8845
18790,2023,high,0,276.48,0.8858
18697,2023,high,0,277.04,0.8871
18390,2023,high,0,282.1,0.8883
19759,2023,high,0,282.34,0.8896
17117,2023,high,0,282.72,0.8909
18305,2023,high,0,282.84,0.8921
19382,2023,high,0,284.26,0.8934
18030,2023,high,0,284.4,0.8947
17328,2023,high,0,285.84,0.8959
20123,2023,high,0,286.08,0.8972
20489,2023,high,0,286.88,0.8985
19937,2023,high,0,286.98,0.8997
20214,2023,high,0,290.52,0.901
18015,2023,high,0,291.32,0.9023
20516,2023,high,0,296.06,0.9036
17458,2023,high,0,296.24,0.9048
19730,2023,high,0,296.64,0.9061
18763,2023,high,0,299.24,0.9074
18662,2023,high,0,299.54,0.9086
20551,2023,high,0,301.72,0.9099
20593,2023,high,0,305.72,0.9112
18437,2023,high,0,306.32,0.9124
20207,2023,high,0,307.04,0.9137
19649,2023,high,0,308.34,0.915
17358,2023,high,0,310.06,0.9162
19979,2023,high,0,310.82,0.9175
18977,2023,high,0,313.48,0.9188
19358,2023,high,0,316.66,0.9201
19697,2023,high,0,319.92,0.9213
20357,2023,high,0,321.78,0.9226
19460,2023,high,0,324.4,0.9239
19117,2023,high,0,325.98,0.9251
19059,2023,high,0,326.38,0.9264
18503,2023,high,0,327.34,0.9277
20674,2023,high,0,329.84,0.9289
19712,2023,high,0,331.18,0.9302
18112,2023,high,0,331.72,0.9315
17569,2023,high,0,332.22,0.9327
20511,2023,high,0,333.7,0.934
17708,2023,high,0,337.22,0.9353
20307,2023,high,0,337.46,0.9365
20300,2023,high,0,338.9,0.9378
19275,2023,high,0,338.92,0.9391
19576,2023,high,0,340.8,0.9404
20401,2023,high,0,343.06,0.9416
17913,2023,high,0,347.5,0.9429
19415,2023,high,0,349.18,0.9442
17939,2023,high,0,349.62,0.9454
19744,2023,high,0,349.98,0.9467
17450,2023,high,0,350.76,0.948
19221,2023,high,0,351.36,0.9492
17215,2023,viral,1,351.74,0.9505
17627,2023,viral,1,355.98,0.9518
20523,2023,viral,1,359.54,0.953
20817,2023,viral,1,362.42,0.9543
20409,2023,viral,1,367.04,0.9556
20766,2023,viral,1,369.16,0.9569
18784,2023,viral,1,369.18,0.9581
20372,2023,viral,1,373.08,0.9594
18923,2023,viral,1,374.8,0.9607
17173,2023,viral,1,378.82,0.9619
17375,2023,viral,1,379.52,0.9632
19453,2023,viral,1,380.86,0.9645
17419,2023,viral,1,384.7,0.9657
17554,2023,viral,1,397.08,0.967
17969,2023,viral,1,409.38,0.9683
18890,2023,viral,1,412.84,0.9695
19873,2023,viral,1,436.18,0.9708
17594,2023,viral,1,436.28,0.9721
18703,2023,viral,1,453.44,0.9734
17622,2023,viral,1,457.36,0.9746
18369,2023,viral,1,462.34,0.9759
20374,2023,viral,1,471.14,0.9772
20461,2023,viral,1,477.16,0.9784
19620,2023,viral,1,478.72,0.9797
20453,2023,viral,1,486.28,0.981
19529,2023,viral,1,503.78,0.9822
20547,2023,viral,1,504.44,0.9835
20339,2023,viral,1,504.5,0.9848
19101,2023,viral,1,545.66,0.986
18151,2023,viral,1,552.72,0.9873
18086,2023,viral,1,607.62,0.9886
19283,2023,viral,1,611.84,0.9898
19621,2023,viral,1,645.94,0.9911
19815,2023,viral,1,646.04,0.9924
18814,2023,viral,1,656.9,0.9937
19165,2023,viral,1,657.08,0.9949
19247,2023,viral,1,722.5,0.9962
19736,2023,viral,1,728.94,0.9975
19536,2023,viral,1,826.32,0.9987
19033,2023,viral,1,1545.5,1.0
21602,2024,low,0,10.6,0.0015
22478,2024,low,0,10.86,0.003
22886,2024,low,0,11.24,0.0045
21168,2024,low,0,11.48,0.006
22069,2024,low,0,11.54,0.0075
21464,2024,low,0,11.56,0.009
22978,2024,low,0,11.68,0.0104
22438,2024,low,0,12.22,0.0119
21198,2024,low,0,13.46,0.0134
23001,2024,low,0,13.46,0.0149
22548,2024,low,0,13.68,0.0164
21599,2024,low,0,14.04,0.0179
21193,2024,low,0,14.2,0.0194
21674,2024,low,0,14.36,0.0209
22433,2024,low,0,14.5,0.0224
21531,2024,low,0,15.38,0.0239
21573,2024,low,0,16.72,0.0254
22029,2024,low,0,16.84,0.0269
21178,2024,low,0,16.94,0.0284
22401,2024,low,0,17.04,0.0299
20878,2024,low,0,17.18,0.0313
21379,2024,low,0,17.2,0.0328
21833,2024,low,0,17.44,0.0343
21401,2024,low,0,17.46,0.0358
23000,2024,low,0,18.1,0.0373
23068,2024,low,0,18.48,0.0388
20871,2024,low,0,18.52,0.0403
22649,2024,low,0,18.9,0.0418
22522,2024,low,0,19.0,0.0433
22994,2024,low,0,19.14,0.0448
21614,2024,low,0,19.38,0.0463
21170,2024,low,0,19.48,0.0478
22679,2024,low,0,19.52,0.0493
22989,2024,low,0,19.7,0.0507
22897,2024,low,0,19.76,0.0522
21163,2024,low,0,20.0,0.0537
23084,2024,low,0,20.04,0.0552
21129,2024,low,0,20.12,0.0567
21134,2024,low,0,20.26,0.0582
22792,2024,low,0,20.34,0.0597
21113,2024,low,0,20.36,0.0612
23202,2024,low,0,20.48,0.0627
22271,2024,low,0,20.68,0.0642
22545,2024,low,0,20.92,0.0657
22410,2024,low,0,21.14,0.0672
23198,2024,low,0,21.14,0.0687
21148,2024,low,0,21.26,0.0701
22323,2024,low,0,21.28,0.0716
21647,2024,low,0,21.46,0.0731
22807,2024,low,0,21.58,0.0746
20951,2024,low,0,21.84,0.0761
21323,2024,low,0,22.28,0.0776
23015,2024,low,0,22.28,0.0791
22783,2024,low,0,22.36,0.0806
21211,2024,low,0,22.5,0.0821
22697,2024,low,0,22.62,0.0836
22617,2024,low,0,22.74,0.0851
22917,2024,low,0,22.9,0.0866
23062,2024,low,0,22.9,0.0881
22589,2024,low,0,22.98,0.0896
22772,2024,low,0,23.04,0.091
21762,2024,low,0,23.16,0.0925
21551,2024,low,0,23.26,0.094
21457,2024,low,0,23.48,0.0955
22810,2024,low,0,23.52,0.097
22602,2024,low,0,23.54,0.0985
23041,2024,low,0,23.74,0.1
21141,2024,low,0,23.86,0.1015
23073,2024,low,0,23.88,0.103
21209,2024,low,0,24.04,0.1045
22860,2024,low,0,24.12,0.106
21746,2024,low,0,24.16,0.1075
21273,2024,low,0,24.18,0.109
22274,2024,low,0,24.22,0.1104
22768,2024,low,0,24.26,0.1119
21597,2024,low,0,24.3,0.1134
22588,2024,low,0,24.46,0.1149
22648,2024,low,0,24.5,0.1164
22031,2024,low,0,24.66,0.1179
22254,2024,low,0,24.68,0.1194
23072,2024,low,0,24.9,0.1209
21044,2024,low,0,24.98,0.1224
22707,2024,low,0,25.04,0.1239
21183,2024,low,0,25.08,0.1254
21963,2024,low,0,25.08,0.1269
22413,2024,low,0,25.08,0.1284
22127,2024,low,0,25.2,0.1299
22439,2024,low,0,25.34,0.1313
22561,2024,low,0,25.46,0.1328
21213,2024,low,0,25.52,0.1343
21518,2024,low,0,25.62,0.1358
21135,2024,low,0,25.64,0.1373
21523,2024,low,0,25.7,0.1388
21820,2024,low,0,25.9,0.1403
21550,2024,low,0,27.14,0.1418
21675,2024,low,0,27.22,0.1433
22630,2024,low,0,27.32,0.1448
22995,2024,low,0,27.32,0.1463
20872,2024,low,0,27.42,0.1478
21115,2024,low,0,27.46,0.1493
22516,2024,low,0,27.52,0.1507
21450,2024,low,0,27.56,0.1522
21878,2024,low,0,27.62,0.1537
21286,2024,low,0,27.7,0.1552
23110,2024,low,0,27.72,0.1567
22990,2024,low,0,27.9,0.1582
21408,2024,low,0,27.94,0.1597
22888,2024,low,0,27.98,0.1612
22195,2024,low,0,28.1,0.1627
22197,2024,low,0,28.14,0.1642
22898,2024,low,0,28.3,0.1657
21062,2024,low,0,28.32,0.1672
22616,2024,low,0,28.46,0.1687
22159,2024,low,0,28.6,0.1701
20923,2024,low,0,28.72,0.1716
21049,2024,low,0,28.72,0.1731
22236,2024,low,0,29.2,0.1746
20882,2024,low,0,29.32,0.1761
22723,2024,low,0,29.4,0.1776
21207,2024,low,0,29.46,0.1791
21502,2024,low,0,29.6,0.1806
21139,2024,low,0,29.9,0.1821
21974,2024,low,0,30.12,0.1836
22066,2024,low,0,30.16,0.1851
22282,2024,low,0,30.36,0.1866
20989,2024,low,0,30.46,0.1881
21219,2024,low,0,30.7,0.1896
21068,2024,low,0,30.74,0.191
22492,2024,low,0,30.76,0.1925
21199,2024,low,0,30.8,0.194
20880,2024,low,0,30.82,0.1955
20964,2024,low,0,30.86,0.197
23056,2024,low,0,30.88,0.1985
21741,2024,low,0,31.0,0.2
20975,2024,low,0,31.06,0.2015
22088,2024,low,0,31.14,0.203
21114,2024,low,0,31.26,0.2045
20979,2024,low,0,31.28,0.206
22109,2024,low,0,31.28,0.2075
21333,2024,low,0,31.36,0.209
20910,2024,low,0,31.48,0.2104
21085,2024,low,0,31.54,0.2119
22681,2024,low,0,31.58,0.2134
22889,2024,low,0,31.64,0.2149
21290,2024,low,0,31.68,0.2164
22039,2024,low,0,31.72,0.2179
22553,2024,low,0,31.78,0.2194
22683,2024,low,0,31.88,0.2209
22904,2024,low,0,31.94,0.2224
21841,2024,low,0,32.0,0.2239
21405,2024,low,0,32.02,0.2254
22480,2024,low,0,32.02,0.2269
22160,2024,low,0,32.1,0.2284
23079,2024,low,0,32.1,0.2299
21284,2024,low,0,32.68,0.2313
22464,2024,low,0,32.68,0.2328
23120,2024,low,0,32.68,0.2343
21506,2024,low,0,33.18,0.2358
21617,2024,low,0,33.46,0.2373
22893,2024,low,0,33.46,0.2388
22273,2024,low,0,33.72,0.2403
22351,2024,low,0,33.96,0.2418
23040,2024,low,0,34.08,0.2433
22456,2024,low,0,34.1,0.2448
21867,2024,low,0,34.28,0.2463
21554,2024,low,0,34.3,0.2478
21579,2024,low,0,34.42,0.2493
22156,2024,mid_low,0,34.5,0.2507
22287,2024,mid_low,0,34.76,0.2522
20943,2024,mid_low,0,34.82,0.2537
22360,2024,mid_low,0,34.84,0.2552
21094,2024,mid_low,0,34.98,0.2567
23182,2024,mid_low,0,35.08,0.2582
22324,2024,mid_low,0,35.1,0.2597
22968,2024,mid_low,0,35.18,0.2612
22503,2024,mid_low,0,35.26,0.2627
22671,2024,mid_low,0,35.34,0.2642
21605,2024,mid_low,0,35.46,0.2657
22116,2024,mid_low,0,35.52,0.2672
22322,2024,mid_low,0,35.56,0.2687
21280,2024,mid_low,0,35.62,0.2701
21780,2024,mid_low,0,35.62,0.2716
23191,2024,mid_low,0,35.8,0.2731
23055,2024,mid_low,0,35.88,0.2746
21625,2024,mid_low,0,35.94,0.2761
21377,2024,mid_low,0,35.98,0.2776
22201,2024,mid_low,0,36.52,0.2791
20845,2024,mid_low,0,36.64,0.2806
22909,2024,mid_low,0,36.84,0.2821
21843,2024,mid_low,0,36.86,0.2836
22973,2024,mid_low,0,37.2,0.2851
22193,2024,mid_low,0,37.48,0.2866
22286,2024,mid_low,0,37.52,0.2881
22070,2024,mid_low,0,37.54,0.2896
22686,2024,mid_low,0,37.54,0.291
21425,2024,mid_low,0,37.8,0.2925
23124,2024,mid_low,0,37.9,0.294
23146,2024,mid_low,0,37.96,0.2955
22760,2024,mid_low,0,38.0,0.297
22305,2024,mid_low,0,38.1,0.2985
22495,2024,mid_low,0,38.12,0.3
22682,2024,mid_low,0,38.2,0.3015
21484,2024,mid_low,0,38.26,0.303
21048,2024,mid_low,0,38.26,0.3045
22873,2024,mid_low,0,38.3,0.306
21261,2024,mid_low,0,38.32,0.3075
20865,2024,mid_low,0,38.4,0.309
21589,2024,mid_low,0,38.48,0.3104
23047,2024,mid_low,0,38.6,0.3119
21289,2024,mid_low,0,38.68,0.3134
21276,2024,mid_low,0,38.82,0.3149
22812,2024,mid_low,0,38.88,0.3164
21840,2024,mid_low,0,38.94,0.3179
22877,2024,mid_low,0,38.94,0.3194
22605,2024,mid_low,0,39.68,0.3209
23087,2024,mid_low,0,39.8,0.3224
20934,2024,mid_low,0,39.86,0.3239
21604,2024,mid_low,0,39.88,0.3254
22982,2024,mid_low,0,40.22,0.3269
21185,2024,mid_low,0,40.52,0.3284
21743,2024,mid_low,0,40.82,0.3299
21369,2024,mid_low,0,40.86,0.3313
20927,2024,mid_low,0,40.88,0.3328
21798,2024,mid_low,0,41.02,0.3343
21003,2024,mid_low,0,41.2,0.3358
22876,2024,mid_low,0,41.58,0.3373
22042,2024,mid_low,0,41.76,0.3388
22634,2024,mid_low,0,41.84,0.3403
21330,2024,mid_low,0,41.94,0.3418
21190,2024,mid_low,0,42.0,0.3433
21287,2024,mid_low,0,42.28,0.3448
21205,2024,mid_low,0,42.34,0.3463
22899,2024,mid_low,0,42.42,0.3478
22071,2024,mid_low,0,42.56,0.3493
22462,2024,mid_low,0,42.78,0.3507
22969,2024,mid_low,0,42.9,0.3522
22967,2024,mid_low,0,43.2,0.3537
22098,2024,mid_low,0,43.38,0.3552
21151,2024,mid_low,0,43.4,0.3567
20978,2024,mid_low,0,43.42,0.3582
22008,2024,mid_low,0,43.58,0.3597
22791,2024,mid_low,0,43.62,0.3612
22238,2024,mid_low,0,43.74,0.3627
21764,2024,mid_low,0,43.88,0.3642
22451,2024,mid_low,0,43.94,0.3657
22797,2024,mid_low,0,44.1,0.3672
21020,2024,mid_low,0,44.26,0.3687
22262,2024,mid_low,0,44.44,0.3701
22061,2024,mid_low,0,44.58,0.3716
22402,2024,mid_low,0,44.84,0.3731
22377,2024,mid_low,0,44.88,0.3746
22204,2024,mid_low,0,44.9,0.3761
22937,2024,mid_low,0,45.32,0.3776
22778,2024,mid_low,0,45.54,0.3791
23175,2024,mid_low,0,45.78,0.3806
21324,2024,mid_low,0,45.92,0.3821
21407,2024,mid_low,0,45.98,0.3836
21347,2024,mid_low,0,46.12,0.3851
21293,2024,mid_low,0,46.14,0.3866
21245,2024,mid_low,0,46.16,0.3881
22209,2024,mid_low,0,46.2,0.3896
22863,2024,mid_low,0,46.3,0.391
22885,2024,mid_low,0,46.34,0.3925
21169,2024,mid_low,0,46.64,0.394
21748,2024,mid_low,0,46.7,0.3955
21432,2024,mid_low,0,46.96,0.397
22869,2024,mid_low,0,46.98,0.3985
22317,2024,mid_low,0,47.16,0.4
21174,2024,mid_low,0,47.2,0.4015
21766,2024,mid_low,0,47.22,0.403
20842,2024,mid_low,0,47.46,0.4045
23033,2024,mid_low,0,47.64,0.406
21246,2024,mid_low,0,47.88,0.4075
21520,2024,mid_low,0,47.96,0.409
21004,2024,mid_low,0,48.04,0.4104
21373,2024,mid_low,0,48.06,0.4119
21210,2024,mid_low,0,48.32,0.4134
22717,2024,mid_low,0,48.8,0.4149
22872,2024,mid_low,0,48.86,0.4164
23019,2024,mid_low,0,49.16,0.4179
20972,2024,mid_low,0,49.42,0.4194
22196,2024,mid_low,0,49.72,0.4209
22040,2024,mid_low,0,50.06,0.4224
20899,2024,mid_low,0,50.34,0.4239
22808,2024,mid_low,0,50.72,0.4254
21242,2024,mid_low,0,50.76,0.4269
23115,2024,mid_low,0,50.8,0.4284
21080,2024,mid_low,0,51.04,0.4299
22770,2024,mid_low,0,51.06,0.4313
21191,2024,mid_low,0,51.14,0.4328
22030,2024,mid_low,0,51.22,0.4343
22457,2024,mid_low,0,51.26,0.4358
21883,2024,mid_low,0,51.36,0.4373
20889,2024,mid_low,0,51.5,0.4388
21382,2024,mid_low,0,51.58,0.4403
22133,2024,mid_low,0,51.66,0.4418
21147,2024,mid_low,0,51.76,0.4433
22896,2024,mid_low,0,52.06,0.4448
21317,2024,mid_low,0,52.32,0.4463
22471,2024,mid_low,0,52.48,0.4478
21512,2024,mid_low,0,52.58,0.4493
21522,2024,mid_low,0,52.66,0.4507
22062,2024,mid_low,0,52.72,0.4522
22301,2024,mid_low,0,52.86,0.4537
21204,2024,mid_low,0,53.16,0.4552
23038,2024,mid_low,0,53.18,0.4567
21348,2024,mid_low,0,53.3,0.4582
23127,2024,mid_low,0,53.32,0.4597
22907,2024,mid_low,0,53.52,0.4612
22038,2024,mid_low,0,53.58,0.4627
22230,2024,mid_low,0,53.64,0.4642
23181,2024,mid_low,0,53.64,0.4657
21144,2024,mid_low,0,53.68,0.4672
23154,2024,mid_low,0,53.68,0.4687
21033,2024,mid_low,0,53.76,0.4701
23125,2024,mid_low,0,53.76,0.4716
21629,2024,mid_low,0,53.92,0.4731
21230,2024,mid_low,0,53.96,0.4746
22675,2024,mid_low,0,53.98,0.4761
22853,2024,mid_low,0,54.28,0.4776
21006,2024,mid_low,0,54.32,0.4791
22636,2024,mid_low,0,54.38,0.4806
21176,2024,mid_low,0,54.44,0.4821
23203,2024,mid_low,0,54.76,0.4836
22328,2024,mid_low,0,54.84,0.4851
22811,2024,mid_low,0,54.84,0.4866
22018,2024,mid_low,0,54.94,0.4881
20897,2024,mid_low,0,55.04,0.4896
21120,2024,mid_low,0,55.14,0.491
22099,2024,mid_low,0,55.26,0.4925
21391,2024,mid_low,0,55.66,0.494
22579,2024,mid_low,0,55.84,0.4955
22473,2024,mid_low,0,55.88,0.497
22064,2024,mid_low,0,55.96,0.4985
23029,2024,mid_low,0,56.0,0.5
23063,2024,mid_high,0,56.1,0.5015
22278,2024,mid_high,0,56.12,0.503
22702,2024,mid_high,0,56.22,0.5045
23086,2024,mid_high,0,56.36,0.506
22121,2024,mid_high,0,56.42,0.5075
22353,2024,mid_high,0,57.06,0.509
22624,2024,mid_high,0,57.36,0.5104
22733,2024,mid_high,0,57.56,0.5119
21433,2024,mid_high,0,57.84,0.5134
22284,2024,mid_high,0,58.08,0.5149
23066,2024,mid_high,0,58.08,0.5164
21368,2024,mid_high,0,58.3,0.5179
21078,2024,mid_high,0,58.34,0.5194
22786,2024,mid_high,0,58.38,0.5209
22592,2024,mid_high,0,58.44,0.5224
23145,2024,mid_high,0,58.66,0.5239
22996,2024,mid_high,0,58.76,0.5254
22194,2024,mid_high,0,58.82,0.5269
20937,2024,mid_high,0,59.1,0.5284
22416,2024,mid_high,0,59.22,0.5299
22333,2024,mid_high,0,59.6,0.5313
21575,2024,mid_high,0,59.74,0.5328
21745,2024,mid_high,0,60.02,0.5343
21426,2024,mid_high,0,60.16,0.5358
21751,2024,mid_high,0,60.16,0.5373
22925,2024,mid_high,0,60.3,0.5388
20911,2024,mid_high,0,60.34,0.5403
21110,2024,mid_high,0,60.36,0.5418
21822,2024,mid_high,0,60.7,0.5433
21739,2024,mid_high,0,60.76,0.5448
22454,2024,mid_high,0,60.84,0.5463
21132,2024,mid_high,0,60.96,0.5478
21585,2024,mid_high,0,61.16,0.5493
21138,2024,mid_high,0,61.22,0.5507
23121,2024,mid_high,0,61.3,0.5522
23116,2024,mid_high,0,61.5,0.5537
21862,2024,mid_high,0,61.52,0.5552
20946,2024,mid_high,0,61.54,0.5567
23195,2024,mid_high,0,61.58,0.5582
22956,2024,mid_high,0,61.82,0.5597
21024,2024,mid_high,0,62.34,0.5612
21146,2024,mid_high,0,62.8,0.5627
20963,2024,mid_high,0,63.04,0.5642
22676,2024,mid_high,0,63.22,0.5657
22582,2024,mid_high,0,63.26,0.5672
22092,2024,mid_high,0,63.52,0.5687
21285,2024,mid_high,0,63.74,0.5701
20851,2024,mid_high,0,63.8,0.5716
21108,2024,mid_high,0,64.26,0.5731
21882,2024,mid_high,0,64.28,0.5746
21152,2024,mid_high,0,64.32,0.5761
22186,2024,mid_high,0,64.86,0.5776
23045,2024,mid_high,0,65.14,0.5791
22992,2024,mid_high,0,65.5,0.5806
21747,2024,mid_high,0,65.54,0.5821
22887,2024,mid_high,0,65.6,0.5836
22572,2024,mid_high,0,65.62,0.5851
22855,2024,mid_high,0,65.76,0.5866
21421,2024,mid_high,0,65.92,0.5881
21029,2024,mid_high,0,66.24,0.5896
21384,2024,mid_high,0,66.28,0.591
22298,2024,mid_high,0,66.34,0.5925
22239,2024,mid_high,0,66.74,0.594
21565,2024,mid_high,0,66.78,0.5955
21810,2024,mid_high,0,66.78,0.597
21254,2024,mid_high,0,66.9,0.5985
21356,2024,mid_high,0,67.04,0.6
21181,2024,mid_high,0,67.32,0.6015
23037,2024,mid_high,0,67.36,0.603
22849,2024,mid_high,0,67.6,0.6045
23162,2024,mid_high,0,67.78,0.606
22436,2024,mid_high,0,67.92,0.6075
21864,2024,mid_high,0,68.0,0.609
22794,2024,mid_high,0,68.18,0.6104
21768,2024,mid_high,0,68.22,0.6119
21153,2024,mid_high,0,68.32,0.6134
21803,2024,mid_high,0,68.78,0.6149
20853,2024,mid_high,0,69.5,0.6164
22647,2024,mid_high,0,69.5,0.6179
22829,2024,mid_high,0,69.8,0.6194
22751,2024,mid_high,0,69.82,0.6209
22200,2024,mid_high,0,69.9,0.6224
21028,2024,mid_high,0,70.6,0.6239
22267,2024,mid_high,0,70.98,0.6254
22342,2024,mid_high,0,70.98,0.6269
21374,2024,mid_high,0,71.22,0.6284
22846,2024,mid_high,0,71.52,0.6299
22951,2024,mid_high,0,71.56,0.6313
22673,2024,mid_high,0,71.82,0.6328
22672,2024,mid_high,0,72.12,0.6343
21122,2024,mid_high,0,72.2,0.6358
22766,2024,mid_high,0,72.24,0.6373
21319,2024,mid_high,0,72.28,0.6388
21076,2024,mid_high,0,72.48,0.6403
22034,2024,mid_high,0,72.54,0.6418
22880,2024,mid_high,0,72.72,0.6433
23089,2024,mid_high,0,73.0,0.6448
23059,2024,mid_high,0,73.3,0.6463
21365,2024,mid_high,0,73.46,0.6478
22016,2024,mid_high,0,73.54,0.6493
22720,2024,mid_high,0,74.1,0.6507
20874,2024,mid_high,0,74.38,0.6522
23007,2024,mid_high,0,74.52,0.6537
22884,2024,mid_high,0,74.56,0.6552
22901,2024,mid_high,0,75.42,0.6567
20846,2024,mid_high,0,75.54,0.6582
21180,2024,mid_high,0,75.56,0.6597
21800,2024,mid_high,0,76.16,0.6612
21366,2024,mid_high,0,76.2,0.6627
22780,2024,mid_high,0,76.48,0.6642
21854,2024,mid_high,0,76.5,0.6657
21363,2024,mid_high,0,76.68,0.6672
21872,2024,mid_high,0,77.12,0.6687
21088,2024,mid_high,0,77.18,0.6701
21229,2024,mid_high,0,77.48,0.6716
22798,2024,mid_high,0,77.5,0.6731
20860,2024,mid_high,0,77.52,0.6746
22266,2024,mid_high,0,77.64,0.6761
21437,2024,mid_high,0,79.16,0.6776
23057,2024,mid_high,0,79.6,0.6791
22203,2024,mid_high,0,79.86,0.6806
22447,2024,mid_high,0,79.9,0.6821
23194,2024,mid_high,0,80.36,0.6836
21358,2024,mid_high,0,81.14,0.6851
22020,2024,mid_high,0,81.74,0.6866
22086,2024,mid_high,0,81.9,0.6881
21201,2024,mid_high,0,81.96,0.6896
22054,2024,mid_high,0,82.04,0.691
22598,2024,mid_high,0,82.64,0.6925
21264,2024,mid_high,0,82.8,0.694
21556,2024,mid_high,0,82.94,0.6955
21773,2024,mid_high,0,83.22,0.697
21976,2024,mid_high,0,83.62,0.6985
20997,2024,mid_high,0,83.86,0.7
22465,2024,mid_high,0,84.06,0.7015
22824,2024,mid_high,0,85.24,0.703
22556,2024,mid_high,0,85.34,0.7045
22629,2024,mid_high,0,85.36,0.706
21046,2024,mid_high,0,85.38,0.7075
22148,2024,mid_high,0,85.4,0.709
23036,2024,mid_high,0,85.64,0.7104
21344,2024,mid_high,0,85.76,0.7119
22269,2024,mid_high,0,85.84,0.7134
21580,2024,mid_high,0,86.14,0.7149
22739,2024,mid_high,0,86.22,0.7164
22948,2024,mid_high,0,86.52,0.7179
21887,2024,mid_high,0,86.96,0.7194
22530,2024,mid_high,0,86.96,0.7209
22234,2024,mid_high,0,88.34,0.7224
21164,2024,mid_high,0,88.36,0.7239
22626,2024,mid_high,0,88.98,0.7254
21177,2024,mid_high,0,89.48,0.7269
21756,2024,mid_high,0,89.58,0.7284
22084,2024,mid_high,0,89.62,0.7299
22378,2024,mid_high,0,89.72,0.7313
21755,2024,mid_high,0,90.66,0.7328
22155,2024,mid_high,0,90.78,0.7343
21342,2024,mid_high,0,91.08,0.7358
22424,2024,mid_high,0,92.82,0.7373
21547,2024,mid_high,0,93.2,0.7388
22340,2024,mid_high,0,93.7,0.7403
22176,2024,mid_high,0,93.76,0.7418
22774,2024,mid_high,0,94.22,0.7433
23178,2024,mid_high,0,94.34,0.7448
23137,2024,mid_high,0,94.38,0.7463
21186,2024,mid_high,0,94.92,0.7478
21453,2024,mid_high,0,95.4,0.7493
23112,2024,high,0,96.14,0.7507
21422,2024,high,0,97.14,0.7522
21592,2024,high,0,97.4,0.7537
23085,2024,high,0,97.58,0.7552
22448,2024,high,0,97.74,0.7567
22782,2024,high,0,98.44,0.7582
22861,2024,high,0,98.56,0.7597
21461,2024,high,0,98.66,0.7612
21618,2024,high,0,100.72,0.7627
22599,2024,high,0,101.52,0.7642
22341,2024,high,0,102.02,0.7657
21371,2024,high,0,102.4,0.7672
21881,2024,high,0,103.86,0.7687
20887,2024,high,0,104.7,0.7701
20918,2024,high,0,104.7,0.7716
22308,2024,high,0,104.98,0.7731
22406,2024,high,0,105.84,0.7746
23128,2024,high,0,105.88,0.7761
22459,2024,high,0,105.92,0.7776
23151,2024,high,0,106.18,0.7791
20919,2024,high,0,106.54,0.7806
21351,2024,high,0,107.28,0.7821
22249,2024,high,0,107.62,0.7836
22312,2024,high,0,108.62,0.7851
21738,2024,high,0,109.56,0.7866
21730,2024,high,0,110.1,0.7881
21106,2024,high,0,110.18,0.7896
21508,2024,high,0,111.24,0.791
21465,2024,high,0,112.34,0.7925
22024,2024,high,0,112.72,0.794
22911,2024,high,0,113.72,0.7955
23004,2024,high,0,113.74,0.797
22235,2024,high,0,114.06,0.7985
22265,2024,high,0,114.32,0.8
22637,2024,high,0,114.48,0.8015
22818,2024,high,0,114.84,0.803
22728,2024,high,0,115.2,0.8045
22519,2024,high,0,115.68,0.806
21071,2024,high,0,115.88,0.8075
21220,2024,high,0,116.62,0.809
21217,2024,high,0,116.9,0.8104
22158,2024,high,0,117.46,0.8119
22049,2024,high,0,119.1,0.8134
22303,2024,high,0,119.5,0.8149
20949,2024,high,0,119.7,0.8164
21258,2024,high,0,121.22,0.8179
21214,2024,high,0,121.66,0.8194
20929,2024,high,0,121.98,0.8209
21233,2024,high,0,123.14,0.8224
20849,2024,high,0,124.4,0.8239
22139,2024,high,0,124.72,0.8254
21112,2024,high,0,124.74,0.8269
22986,2024,high,0,124.82,0.8284
21136,2024,high,0,125.06,0.8299
21017,2024,high,0,125.64,0.8313
23143,2024,high,0,125.96,0.8328
22979,2024,high,0,126.14,0.8343
22514,2024,high,0,126.42,0.8358
22804,2024,high,0,127.06,0.8373
23090,2024,high,0,127.28,0.8388
21767,2024,high,0,127.8,0.8403
21535,2024,high,0,129.76,0.8418
22243,2024,high,0,129.92,0.8433
21744,2024,high,0,131.04,0.8448
22404,2024,high,0,131.44,0.8463
20967,2024,high,0,132.8,0.8478
22954,2024,high,0,133.7,0.8493
22111,2024,high,0,134.58,0.8507
21608,2024,high,0,135.3,0.8522
22215,2024,high,0,135.34,0.8537
21845,2024,high,0,135.46,0.8552
22103,2024,high,0,138.32,0.8567
20861,2024,high,0,139.1,0.8582
21956,2024,high,0,139.9,0.8597
20999,2024,high,0,140.2,0.8612
21335,2024,high,0,141.06,0.8627
22894,2024,high,0,141.36,0.8642
22926,2024,high,0,141.74,0.8657
22526,2024,high,0,143.18,0.8672
21325,2024,high,0,143.3,0.8687
21740,2024,high,0,145.42,0.8701
21677,2024,high,0,145.6,0.8716
22412,2024,high,0,145.88,0.8731
21411,2024,high,0,146.06,0.8746
22833,2024,high,0,146.48,0.8761
21733,2024,high,0,146.84,0.8776
22077,2024,high,0,147.62,0.8791
23114,2024,high,0,147.94,0.8806
20891,2024,high,0,151.92,0.8821
20920,2024,high,0,152.16,0.8836
20828,2024,high,0,152.56,0.8851
21124,2024,high,0,152.84,0.8866
22632,2024,high,0,153.3,0.8881
22752,2024,high,0,153.7,0.8896
21215,2024,high,0,156.34,0.891
21574,2024,high,0,161.0,0.8925
21619,2024,high,0,163.62,0.894
20838,2024,high,0,164.42,0.8955
22415,2024,high,0,164.68,0.897
22073,2024,high,0,168.7,0.8985
23080,2024,high,0,168.96,0.9
22698,2024,high,0,169.02,0.9015
22419,2024,high,0,169.5,0.903
22483,2024,high,0,169.56,0.9045
20829,2024,high,0,170.78,0.906
22708,2024,high,0,171.82,0.9075
20832,2024,high,0,171.92,0.909
22763,2024,high,0,176.34,0.9104
22113,2024,high,0,176.86,0.9119
22010,2024,high,0,176.94,0.9134
22494,2024,high,0,177.68,0.9149
22335,2024,high,0,179.02,0.9164
20958,2024,high,0,180.0,0.9179
22499,2024,high,0,181.8,0.9194
21100,2024,high,0,182.12,0.9209
21403,2024,high,0,183.22,0.9224
21921,2024,high,0,184.96,0.9239
21053,2024,high,0,185.86,0.9254
22745,2024,high,0,186.38,0.9269
22976,2024,high,0,186.48,0.9284
22611,2024,high,0,186.86,0.9299
21240,2024,high,0,188.06,0.9313
22705,2024,high,0,188.96,0.9328
20986,2024,high,0,189.88,0.9343
23187,2024,high,0,190.0,0.9358
22347,2024,high,0,193.8,0.9373
21249,2024,high,0,202.98,0.9388
23170,2024,high,0,204.86,0.9403
21157,2024,high,0,208.18,0.9418
22363,2024,high,0,208.88,0.9433
21468,2024,high,0,208.9,0.9448
21234,2024,high,0,210.92,0.9463
21225,2024,high,0,214.82,0.9478
21295,2024,high,0,219.56,0.9493
21022,2024,viral,1,221.0,0.9507
21393,2024,viral,1,223.9,0.9522
20837,2024,viral,1,225.06,0.9537
21827,2024,viral,1,233.58,0.9552
21038,2024,viral,1,234.58,0.9567
22690,2024,viral,1,240.34,0.9582
22057,2024,viral,1,241.08,0.9597
22443,2024,viral,1,242.5,0.9612
22796,2024,viral,1,253.36,0.9627
21763,2024,viral,1,254.4,0.9642
21537,2024,viral,1,256.24,0.9657
22163,2024,viral,1,261.12,0.9672
22533,2024,viral,1,268.52,0.9687
20904,2024,viral,1,277.56,0.9701
22929,2024,viral,1,281.42,0.9716
22354,2024,viral,1,283.28,0.9731
22487,2024,viral,1,286.16,0.9746
21695,2024,viral,1,303.46,0.9761
22408,2024,viral,1,304.72,0.9776
22326,2024,viral,1,306.78,0.9791
22122,2024,viral,1,311.48,0.9806
22474,2024,viral,1,329.6,0.9821
22129,2024,viral,1,329.64,0.9836
22225,2024,viral,1,373.84,0.9851
21312,2024,viral,1,386.36,0.9866
21014,2024,viral,1,390.06,0.9881
20824,2024,viral,1,396.6,0.9896
22859,2024,viral,1,396.94,0.991
23075,2024,viral,1,409.5,0.9925
22256,2024,viral,1,465.6,0.994
21772,2024,viral,1,483.82,0.9955
22289,2024,viral,1,506.52,0.997
22840,2024,viral,1,520.78,0.9985
22164,2024,viral,1,561.08,1.0
23434,2025,low,0,11.06,0.0018
24933,2025,low,0,11.06,0.0037
25036,2025,low,0,11.06,0.0055
23422,2025,low,0,11.66,0.0074
24210,2025,low,0,11.82,0.0092
23429,2025,low,0,11.92,0.0111
23398,2025,low,0,12.18,0.0129
23340,2025,low,0,12.6,0.0148
24802,2025,low,0,12.74,0.0166
24955,2025,low,0,13.24,0.0185
24765,2025,low,0,13.5,0.0203
24815,2025,low,0,13.96,0.0221
24826,2025,low,0,14.26,0.024
24778,2025,low,0,14.58,0.0258
24519,2025,low,0,14.64,0.0277
24779,2025,low,0,14.78,0.0295
23287,2025,low,0,15.06,0.0314
23768,2025,low,0,15.34,0.0332
25015,2025,low,0,15.42,0.0351
25047,2025,low,0,15.42,0.0369
24740,2025,low,0,15.48,0.0387
24031,2025,low,0,15.7,0.0406
23529,2025,low,0,15.76,0.0424
23284,2025,low,0,15.94,0.0443
25051,2025,low,0,16.32,0.0461
23904,2025,low,0,16.76,0.048
24442,2025,low,0,16.82,0.0498
23821,2025,low,0,16.88,0.0517
24743,2025,low,0,17.12,0.0535
24375,2025,low,0,17.32,0.0554
24286,2025,low,0,17.44,0.0572
24859,2025,low,0,18.34,0.059
24463,2025,low,0,18.48,0.0609
24817,2025,low,0,18.62,0.0627
24872,2025,low,0,18.68,0.0646
23939,2025,low,0,18.72,0.0664
24681,2025,low,0,18.76,0.0683
24455,2025,low,0,18.92,0.0701
24457,2025,low,0,19.02,0.072
24832,2025,low,0,19.42,0.0738
24608,2025,low,0,19.44,0.0756
23273,2025,low,0,19.46,0.0775
24061,2025,low,0,19.5,0.0793
24447,2025,low,0,19.52,0.0812
24820,2025,low,0,19.52,0.083
23704,2025,low,0,19.54,0.0849
24784,2025,low,0,19.64,0.0867
24332,2025,low,0,19.82,0.0886
24760,2025,low,0,19.88,0.0904
23865,2025,low,0,19.92,0.0923
23208,2025,low,0,19.98,0.0941
23379,2025,low,0,19.98,0.0959
24401,2025,low,0,20.2,0.0978
23859,2025,low,0,20.28,0.0996
23915,2025,low,0,20.38,0.1015
23324,2025,low,0,20.52,0.1033
24713,2025,low,0,20.86,0.1052
24812,2025,low,0,20.9,0.107
24683,2025,low,0,21.5,0.1089
24515,2025,low,0,21.52,0.1107
24879,2025,low,0,21.56,0.1125
23253,2025,low,0,21.62,0.1144
23809,2025,low,0,21.66,0.1162
24356,2025,low,0,21.68,0.1181
23671,2025,low,0,21.98,0.1199
24421,2025,low,0,22.26,0.1218
24620,2025,low,0,22.32,0.1236
24399,2025,low,0,22.68,0.1255
23986,2025,low,0,22.76,0.1273
24382,2025,low,0,22.78,0.1292
24934,2025,low,0,22.98,0.131
23576,2025,low,0,23.3,0.1328
24435,2025,low,0,23.7,0.1347
23570,2025,low,0,23.86,0.1365
23828,2025,low,0,23.86,0.1384
24204,2025,low,0,23.96,0.1402
24830,2025,low,0,24.32,0.1421
23676,2025,low,0,25.14,0.1439
23762,2025,low,0,25.14,0.1458
23351,2025,low,0,25.6,0.1476
24539,2025,low,0,25.66,0.1494
24823,2025,low,0,25.86,0.1513
24406,2025,low,0,25.96,0.1531
24113,2025,low,0,25.98,0.155
23311,2025,low,0,26.04,0.1568
24762,2025,low,0,26.06,0.1587
24205,2025,low,0,26.08,0.1605
23967,2025,low,0,26.24,0.1624
24818,2025,low,0,26.28,0.1642
24326,2025,low,0,26.52,0.1661
24831,2025,low,0,26.74,0.1679
23407,2025,low,0,26.86,0.1697
24537,2025,low,0,27.06,0.1716
23742,2025,low,0,27.08,0.1734
23922,2025,low,0,27.16,0.1753
24737,2025,low,0,27.24,0.1771
24161,2025,low,0,27.28,0.179
24945,2025,low,0,27.48,0.1808
23268,2025,low,0,27.82,0.1827
23213,2025,low,0,27.86,0.1845
24292,2025,low,0,28.14,0.1863
24124,2025,low,0,28.46,0.1882
24273,2025,low,0,28.48,0.19
23945,2025,low,0,28.56,0.1919
23334,2025,low,0,28.64,0.1937
23266,2025,low,0,28.68,0.1956
24200,2025,low,0,28.7,0.1974
24214,2025,low,0,28.8,0.1993
24938,2025,low,0,28.8,0.2011
23425,2025,low,0,28.82,0.203
23923,2025,low,0,29.08,0.2048
24027,2025,low,0,29.16,0.2066
24182,2025,low,0,29.44,0.2085
24352,2025,low,0,29.58,0.2103
25065,2025,low,0,29.62,0.2122
23489,2025,low,0,29.72,0.214
24020,2025,low,0,29.74,0.2159
24446,2025,low,0,29.92,0.2177
23392,2025,low,0,29.94,0.2196
23948,2025,low,0,29.94,0.2214
23325,2025,low,0,29.96,0.2232
24806,2025,low,0,30.28,0.2251
24081,2025,low,0,30.66,0.2269
25091,2025,low,0,30.66,0.2288
23590,2025,low,0,30.74,0.2306
23824,2025,low,0,30.74,0.2325
23803,2025,low,0,30.82,0.2343
23464,2025,low,0,31.42,0.2362
24750,2025,low,0,31.52,0.238
23946,2025,low,0,31.68,0.2399
25077,2025,low,0,31.68,0.2417
24958,2025,low,0,31.7,0.2435
25039,2025,low,0,31.82,0.2454
24528,2025,low,0,31.94,0.2472
23961,2025,low,0,31.96,0.2491
24059,2025,mid_low,0,31.98,0.2509
24189,2025,mid_low,0,32.0,0.2528
25005,2025,mid_low,0,32.02,0.2546
23642,2025,mid_low,0,32.28,0.2565
25078,2025,mid_low,0,32.32,0.2583
23902,2025,mid_low,0,32.54,0.2601
23271,2025,mid_low,0,32.76,0.262
23680,2025,mid_low,0,32.76,0.2638
24190,2025,mid_low,0,32.8,0.2657
23439,2025,mid_low,0,33.0,0.2675
23507,2025,mid_low,0,33.3,0.2694
24109,2025,mid_low,0,33.32,0.2712
24536,2025,mid_low,0,33.44,0.2731
24808,2025,mid_low,0,33.6,0.2749
24874,2025,mid_low,0,33.86,0.2768
23615,2025,mid_low,0,33.92,0.2786
23339,2025,mid_low,0,34.06,0.2804
24089,2025,mid_low,0,34.18,0.2823
24122,2025,mid_low,0,34.52,0.2841
24179,2025,mid_low,0,34.88,0.286
24498,2025,mid_low,0,34.88,0.2878
23236,2025,mid_low,0,35.38,0.2897
24051,2025,mid_low,0,35.5,0.2915
24245,2025,mid_low,0,35.96,0.2934
24266,2025,mid_low,0,36.06,0.2952
23270,2025,mid_low,0,36.22,0.297
24768,2025,mid_low,0,36.42,0.2989
24172,2025,mid_low,0,36.46,0.3007
24591,2025,mid_low,0,36.48,0.3026
24676,2025,mid_low,0,36.76,0.3044
23312,2025,mid_low,0,37.1,0.3063
24688,2025,mid_low,0,37.34,0.3081
24692,2025,mid_low,0,37.44,0.31
24413,2025,mid_low,0,37.52,0.3118
23899,2025,mid_low,0,37.66,0.3137
24621,2025,mid_low,0,37.7,0.3155
24627,2025,mid_low,0,38.08,0.3173
24716,2025,mid_low,0,38.14,0.3192
24402,2025,mid_low,0,38.28,0.321
24369,2025,mid_low,0,38.32,0.3229
24967,2025,mid_low,0,38.54,0.3247
23827,2025,mid_low,0,38.66,0.3266
24103,2025,mid_low,0,38.8,0.3284
24185,2025,mid_low,0,38.8,0.3303
24221,2025,mid_low,0,38.84,0.3321
23860,2025,mid_low,0,38.96,0.3339
23395,2025,mid_low,0,38.98,0.3358
24965,2025,mid_low,0,39.04,0.3376
23698,2025,mid_low,0,39.2,0.3395
24453,2025,mid_low,0,39.22,0.3413
23205,2025,mid_low,0,39.32,0.3432
25092,2025,mid_low,0,39.42,0.345
24173,2025,mid_low,0,39.98,0.3469
24422,2025,mid_low,0,40.2,0.3487
23647,2025,mid_low,0,40.34,0.3506
24363,2025,mid_low,0,40.5,0.3524
24669,2025,mid_low,0,40.54,0.3542
24351,2025,mid_low,0,40.78,0.3561
24272,2025,mid_low,0,40.82,0.3579
24804,2025,mid_low,0,40.98,0.3598
24069,2025,mid_low,0,41.14,0.3616
24904,2025,mid_low,0,41.52,0.3635
24327,2025,mid_low,0,41.6,0.3653
23823,2025,mid_low,0,41.62,0.3672
23933,2025,mid_low,0,41.64,0.369
24546,2025,mid_low,0,41.94,0.3708
24323,2025,mid_low,0,42.62,0.3727
25072,2025,mid_low,0,42.8,0.3745
23891,2025,mid_low,0,42.88,0.3764
23839,2025,mid_low,0,43.22,0.3782
23436,2025,mid_low,0,43.32,0.3801
24652,2025,mid_low,0,43.4,0.3819
24011,2025,mid_low,0,43.42,0.3838
24686,2025,mid_low,0,43.52,0.3856
24461,2025,mid_low,0,43.56,0.3875
24277,2025,mid_low,0,43.98,0.3893
24024,2025,mid_low,0,44.0,0.3911
24895,2025,mid_low,0,44.04,0.393
24329,2025,mid_low,0,44.18,0.3948
23861,2025,mid_low,0,44.28,0.3967
23274,2025,mid_low,0,44.42,0.3985
23778,2025,mid_low,0,44.52,0.4004
24390,2025,mid_low,0,44.8,0.4022
24049,2025,mid_low,0,44.88,0.4041
24880,2025,mid_low,0,44.96,0.4059
24516,2025,mid_low,0,45.04,0.4077
24635,2025,mid_low,0,45.04,0.4096
24015,2025,mid_low,0,45.16,0.4114
24785,2025,mid_low,0,45.24,0.4133
24000,2025,mid_low,0,45.3,0.4151
24936,2025,mid_low,0,45.34,0.417
24354,2025,mid_low,0,45.4,0.4188
23350,2025,mid_low,0,45.48,0.4207
24289,2025,mid_low,0,45.74,0.4225
24544,2025,mid_low,0,45.76,0.4244
24411,2025,mid_low,0,45.84,0.4262
24383,2025,mid_low,0,45.9,0.428
24966,2025,mid_low,0,46.14,0.4299
24596,2025,mid_low,0,46.4,0.4317
24088,2025,mid_low,0,46.5,0.4336
24489,2025,mid_low,0,46.5,0.4354
23963,2025,mid_low,0,46.52,0.4373
23856,2025,mid_low,0,46.58,0.4391
23810,2025,mid_low,0,46.64,0.441
24925,2025,mid_low,0,46.68,0.4428
24890,2025,mid_low,0,46.98,0.4446
24121,2025,mid_low,0,47.04,0.4465
23212,2025,mid_low,0,47.1,0.4483
24367,2025,mid_low,0,47.2,0.4502
23427,2025,mid_low,0,47.26,0.452
24829,2025,mid_low,0,47.26,0.4539
24314,2025,mid_low,0,47.64,0.4557
24458,2025,mid_low,0,47.64,0.4576
23700,2025,mid_low,0,47.66,0.4594
24355,2025,mid_low,0,47.98,0.4613
24372,2025,mid_low,0,48.14,0.4631
37083,2025,mid_low,0,48.2,0.4649
23376,2025,mid_low,0,48.22,0.4668
24009,2025,mid_low,0,48.32,0.4686
24941,2025,mid_low,0,48.68,0.4705
24443,2025,mid_low,0,48.78,0.4723
23840,2025,mid_low,0,48.92,0.4742
24969,2025,mid_low,0,49.08,0.476
24534,2025,mid_low,0,49.16,0.4779
23985,2025,mid_low,0,49.72,0.4797
24468,2025,mid_low,0,49.76,0.4815
23853,2025,mid_low,0,49.88,0.4834
24359,2025,mid_low,0,49.96,0.4852
23445,2025,mid_low,0,50.2,0.4871
24206,2025,mid_low,0,50.44,0.4889
24358,2025,mid_low,0,50.56,0.4908
23548,2025,mid_low,0,50.6,0.4926
37077,2025,mid_low,0,50.62,0.4945
25045,2025,mid_low,0,50.66,0.4963
24448,2025,mid_low,0,50.78,0.4982
24746,2025,mid_low,0,51.3,0.5
23952,2025,mid_high,0,51.68,0.5018
24735,2025,mid_high,0,51.94,0.5037
23612,2025,mid_high,0,52.24,0.5055
23231,2025,mid_high,0,52.74,0.5074
24100,2025,mid_high,0,52.94,0.5092
23437,2025,mid_high,0,52.98,0.5111
24252,2025,mid_high,0,53.34,0.5129
37045,2025,mid_high,0,53.56,0.5148
24026,2025,mid_high,0,53.86,0.5166
24645,2025,mid_high,0,54.16,0.5185
24821,2025,mid_high,0,54.24,0.5203
24405,2025,mid_high,0,54.54,0.5221
36688,2025,mid_high,0,54.6,0.524
24104,2025,mid_high,0,54.66,0.5258
23632,2025,mid_high,0,55.48,0.5277
24075,2025,mid_high,0,56.04,0.5295
25073,2025,mid_high,0,56.38,0.5314
24814,2025,mid_high,0,56.42,0.5332
23356,2025,mid_high,0,56.58,0.5351
24920,2025,mid_high,0,56.72,0.5369
23905,2025,mid_high,0,57.24,0.5387
24956,2025,mid_high,0,57.3,0.5406
24559,2025,mid_high,0,57.38,0.5424
24368,2025,mid_high,0,57.48,0.5443
23433,2025,mid_high,0,57.78,0.5461
23390,2025,mid_high,0,58.26,0.548
24002,2025,mid_high,0,58.72,0.5498
24822,2025,mid_high,0,58.78,0.5517
24330,2025,mid_high,0,58.86,0.5535
24270,2025,mid_high,0,58.92,0.5554
23502,2025,mid_high,0,59.48,0.5572
24751,2025,mid_high,0,60.38,0.559
24609,2025,mid_high,0,60.48,0.5609
24789,2025,mid_high,0,60.48,0.5627
23428,2025,mid_high,0,60.74,0.5646
23414,2025,mid_high,0,60.8,0.5664
24472,2025,mid_high,0,61.16,0.5683
24606,2025,mid_high,0,61.22,0.5701
24046,2025,mid_high,0,61.54,0.572
24036,2025,mid_high,0,61.8,0.5738
24284,2025,mid_high,0,62.06,0.5756
24041,2025,mid_high,0,62.54,0.5775
24673,2025,mid_high,0,62.78,0.5793
24389,2025,mid_high,0,63.1,0.5812
24492,2025,mid_high,0,63.1,0.583
23281,2025,mid_high,0,63.46,0.5849
23219,2025,mid_high,0,63.78,0.5867
23920,2025,mid_high,0,64.12,0.5886
24370,2025,mid_high,0,64.26,0.5904
36928,2025,mid_high,0,64.7,0.5923
36061,2025,mid_high,0,64.88,0.5941
23989,2025,mid_high,0,64.94,0.5959
23431,2025,mid_high,0,65.0,0.5978
24476,2025,mid_high,0,65.12,0.5996
24192,2025,mid_high,0,65.14,0.6015
24684,2025,mid_high,0,65.68,0.6033
23951,2025,mid_high,0,65.86,0.6052
24126,2025,mid_high,0,66.2,0.607
23353,2025,mid_high,0,66.56,0.6089
25033,2025,mid_high,0,66.64,0.6107
23380,2025,mid_high,0,66.66,0.6125
23337,2025,mid_high,0,67.1,0.6144
24293,2025,mid_high,0,67.52,0.6162
23894,2025,mid_high,0,67.74,0.6181
24437,2025,mid_high,0,68.82,0.6199
24108,2025,mid_high,0,69.2,0.6218
24744,2025,mid_high,0,69.32,0.6236
24717,2025,mid_high,0,69.54,0.6255
24064,2025,mid_high,0,69.66,0.6273
24769,2025,mid_high,0,70.54,0.6292
23956,2025,mid_high,0,70.62,0.631
23772,2025,mid_high,0,71.16,0.6328
24868,2025,mid_high,0,71.94,0.6347
24932,2025,mid_high,0,72.5,0.6365
24753,2025,mid_high,0,72.76,0.6384
24935,2025,mid_high,0,73.04,0.6402
24294,2025,mid_high,0,73.38,0.6421
23689,2025,mid_high,0,73.42,0.6439
24940,2025,mid_high,0,73.7,0.6458
23833,2025,mid_high,0,73.8,0.6476
23973,2025,mid_high,0,73.9,0.6494
24212,2025,mid_high,0,74.08,0.6513
24163,2025,mid_high,0,74.2,0.6531
23511,2025,mid_high,0,74.26,0.655
24547,2025,mid_high,0,74.26,0.6568
24638,2025,mid_high,0,74.34,0.6587
24800,2025,mid_high,0,74.8,0.6605
24427,2025,mid_high,0,75.1,0.6624
24038,2025,mid_high,0,75.14,0.6642
25088,2025,mid_high,0,75.36,0.6661
24459,2025,mid_high,0,75.46,0.6679
24053,2025,mid_high,0,75.58,0.6697
23462,2025,mid_high,0,75.62,0.6716
24959,2025,mid_high,0,75.82,0.6734
24562,2025,mid_high,0,75.88,0.6753
36759,2025,mid_high,0,76.7,0.6771
25057,2025,mid_high,0,77.76,0.679
23950,2025,mid_high,0,78.08,0.6808
23974,2025,mid_high,0,78.72,0.6827
23560,2025,mid_high,0,78.84,0.6845
24097,2025,mid_high,0,78.84,0.6863
24275,2025,mid_high,0,79.34,0.6882
23364,2025,mid_high,0,79.62,0.69
24003,2025,mid_high,0,79.86,0.6919
23387,2025,mid_high,0,79.92,0.6937
35927,2025,mid_high,0,80.0,0.6956
24325,2025,mid_high,0,81.08,0.6974
24648,2025,mid_high,0,81.22,0.6993
24187,2025,mid_high,0,81.7,0.7011
24387,2025,mid_high,0,82.56,0.703
23877,2025,mid_high,0,82.88,0.7048
24119,2025,mid_high,0,83.04,0.7066
23983,2025,mid_high,0,84.36,0.7085
24771,2025,mid_high,0,84.62,0.7103
24953,2025,mid_high,0,87.12,0.7122
23575,2025,mid_high,0,87.56,0.714
24892,2025,mid_high,0,87.72,0.7159
24007,2025,mid_high,0,88.14,0.7177
24777,2025,mid_high,0,88.46,0.7196
23358,2025,mid_high,0,88.68,0.7214
24628,2025,mid_high,0,88.68,0.7232
23257,2025,mid_high,0,89.22,0.7251
23369,2025,mid_high,0,90.16,0.7269
23903,2025,mid_high,0,90.3,0.7288
23209,2025,mid_high,0,90.78,0.7306
25064,2025,mid_high,0,91.12,0.7325
23355,2025,mid_high,0,91.64,0.7343
24285,2025,mid_high,0,91.96,0.7362
24964,2025,mid_high,0,92.06,0.738
24346,2025,mid_high,0,93.78,0.7399
23482,2025,mid_high,0,93.92,0.7417
24526,2025,mid_high,0,93.96,0.7435
24527,2025,mid_high,0,94.26,0.7454
24513,2025,mid_high,0,94.32,0.7472
23937,2025,mid_high,0,94.52,0.7491
23941,2025,high,0,94.82,0.7509
23298,2025,high,0,95.0,0.7528
23401,2025,high,0,95.04,0.7546
23335,2025,high,0,95.8,0.7565
24532,2025,high,0,95.8,0.7583
24766,2025,high,0,96.44,0.7601
23329,2025,high,0,97.42,0.762
24694,2025,high,0,97.46,0.7638
24177,2025,high,0,97.68,0.7657
23447,2025,high,0,97.96,0.7675
24444,2025,high,0,99.58,0.7694
24467,2025,high,0,99.78,0.7712
23338,2025,high,0,99.96,0.7731
23880,2025,high,0,100.12,0.7749
24261,2025,high,0,100.64,0.7768
25040,2025,high,0,100.8,0.7786
24689,2025,high,0,101.7,0.7804
24540,2025,high,0,102.42,0.7823
24433,2025,high,0,103.98,0.7841
24514,2025,high,0,104.46,0.786
24460,2025,high,0,104.5,0.7878
25019,2025,high,0,104.54,0.7897
23215,2025,high,0,107.76,0.7915
25018,2025,high,0,107.76,0.7934
23308,2025,high,0,108.16,0.7952
23296,2025,high,0,108.24,0.797
23623,2025,high,0,108.92,0.7989
24927,2025,high,0,109.58,0.8007
25074,2025,high,0,110.04,0.8026
24425,2025,high,0,110.18,0.8044
23724,2025,high,0,110.38,0.8063
24362,2025,high,0,110.58,0.8081
24971,2025,high,0,110.84,0.81
24464,2025,high,0,111.02,0.8118
24385,2025,high,0,111.72,0.8137
24480,2025,high,0,112.08,0.8155
24622,2025,high,0,112.12,0.8173
23745,2025,high,0,113.66,0.8192
23959,2025,high,0,114.38,0.821
23521,2025,high,0,114.54,0.8229
24647,2025,high,0,114.64,0.8247
24723,2025,high,0,114.96,0.8266
24588,2025,high,0,116.38,0.8284
37033,2025,high,0,117.08,0.8303
23408,2025,high,0,117.56,0.8321
24951,2025,high,0,117.94,0.8339
24116,2025,high,0,118.14,0.8358
23265,2025,high,0,120.6,0.8376
23786,2025,high,0,123.58,0.8395
36139,2025,high,0,124.14,0.8413
36886,2025,high,0,124.36,0.8432
24379,2025,high,0,125.58,0.845
24202,2025,high,0,127.56,0.8469
24742,2025,high,0,127.56,0.8487
25041,2025,high,0,129.1,0.8506
24504,2025,high,0,129.16,0.8524
24391,2025,high,0,131.56,0.8542
23707,2025,high,0,132.3,0.8561
24013,2025,high,0,133.5,0.8579
23685,2025,high,0,135.34,0.8598
24414,2025,high,0,135.62,0.8616
23957,2025,high,0,137.88,0.8635
24903,2025,high,0,138.38,0.8653
24117,2025,high,0,138.68,0.8672
24641,2025,high,0,139.84,0.869
23771,2025,high,0,140.52,0.8708
23866,2025,high,0,141.52,0.8727
23863,2025,high,0,141.64,0.8745
24282,2025,high,0,143.08,0.8764
24299,2025,high,0,144.36,0.8782
25058,2025,high,0,145.16,0.8801
24554,2025,high,0,145.22,0.8819
24679,2025,high,0,145.22,0.8838
24780,2025,high,0,146.86,0.8856
24734,2025,high,0,147.62,0.8875
23237,2025,high,0,154.0,0.8893
24833,2025,high,0,154.5,0.8911
35824,2025,high,0,156.46,0.893
24529,2025,high,0,156.92,0.8948
24258,2025,high,0,157.78,0.8967
25022,2025,high,0,160.72,0.8985
23878,2025,high,0,161.42,0.9004
23478,2025,high,0,161.84,0.9022
23394,2025,high,0,162.52,0.9041
23411,2025,high,0,162.62,0.9059
36076,2025,high,0,165.08,0.9077
24972,2025,high,0,165.88,0.9096
24318,2025,high,0,167.32,0.9114
24752,2025,high,0,170.26,0.9133
24502,2025,high,0,179.28,0.9151
9444,2025,high,0,179.72,0.917
24409,2025,high,0,183.06,0.9188
24183,2025,high,0,193.52,0.9207
23843,2025,high,0,198.8,0.9225
23542,2025,high,0,199.7,0.9244
23990,2025,high,0,202.48,0.9262
24987,2025,high,0,203.98,0.928
24695,2025,high,0,207.54,0.9299
24249,2025,high,0,213.4,0.9317
23361,2025,high,0,217.66,0.9336
24132,2025,high,0,223.86,0.9354
24404,2025,high,0,229.4,0.9373
23225,2025,high,0,232.14,0.9391
23660,2025,high,0,233.9,0.941
24876,2025,high,0,237.54,0.9428
24410,2025,high,0,240.94,0.9446
24450,2025,high,0,241.02,0.9465
24246,2025,high,0,244.44,0.9483
24239,2025,viral,1,245.12,0.9502
24471,2025,viral,1,246.06,0.952
24073,2025,viral,1,249.08,0.9539
24563,2025,viral,1,255.1,0.9557
23498,2025,viral,1,255.58,0.9576
24487,2025,viral,1,256.64,0.9594
24129,2025,viral,1,261.84,0.9613
24078,2025,viral,1,272.76,0.9631
24657,2025,viral,1,280.22,0.9649
24611,2025,viral,1,283.34,0.9668
35887,2025,viral,1,289.44,0.9686
24524,2025,viral,1,289.56,0.9705
24030,2025,viral,1,296.54,0.9723
25052,2025,viral,1,301.2,0.9742
23851,2025,viral,1,312.3,0.976
23964,2025,viral,1,318.5,0.9779
23228,2025,viral,1,319.12,0.9797
23817,2025,viral,1,340.84,0.9815
24242,2025,viral,1,361.92,0.9834
23330,2025,viral,1,449.9,0.9852
23207,2025,viral,1,467.82,0.9871
24985,2025,viral,1,485.76,0.9889
24626,2025,viral,1,569.2,0.9908
24213,2025,viral,1,599.7,0.9926
23556,2025,viral,1,651.6,0.9945
24587,2025,viral,1,748.44,0.9963
24697,2025,viral,1,971.2,0.9982
23448,2025,viral,1,2142.22,1.0
25441,2026,low,0,7.68,0.0047
25746,2026,low,0,9.08,0.0095
25172,2026,low,0,11.5,0.0142
25748,2026,low,0,11.5,0.019
25184,2026,low,0,12.14,0.0237
25362,2026,low,0,12.38,0.0284
25538,2026,low,0,13.82,0.0332
25767,2026,low,0,14.38,0.0379
25223,2026,low,0,14.62,0.0427
25570,2026,low,0,14.78,0.0474
25222,2026,low,0,15.12,0.0521
25503,2026,low,0,15.26,0.0569
25337,2026,low,0,15.34,0.0616
25283,2026,low,0,15.38,0.0664
25282,2026,low,0,15.4,0.0711
25355,2026,low,0,15.86,0.0758
25363,2026,low,0,16.06,0.0806
25158,2026,low,0,16.44,0.0853
25141,2026,low,0,17.28,0.09
25261,2026,low,0,18.62,0.0948
25603,2026,low,0,19.02,0.0995
25151,2026,low,0,19.14,0.1043
25203,2026,low,0,19.88,0.109
25200,2026,low,0,20.56,0.1137
25106,2026,low,0,20.66,0.1185
25315,2026,low,0,22.32,0.1232
25594,2026,low,0,22.36,0.128
25204,2026,low,0,23.46,0.1327
25146,2026,low,0,23.5,0.1374
25683,2026,low,0,23.82,0.1422
25705,2026,low,0,24.04,0.1469
25592,2026,low,0,24.98,0.1517
25179,2026,low,0,25.02,0.1564
25470,2026,low,0,26.28,0.1611
25295,2026,low,0,26.34,0.1659
25095,2026,low,0,26.44,0.1706
25235,2026,low,0,26.7,0.1754
2286,2026,low,0,26.84,0.1801
25101,2026,low,0,26.94,0.1848
37129,2026,low,0,27.06,0.1896
25145,2026,low,0,27.38,0.1943
25414,2026,low,0,27.88,0.1991
25305,2026,low,0,28.1,0.2038
25471,2026,low,0,29.46,0.2085
25733,2026,low,0,29.64,0.2133
25149,2026,low,0,29.72,0.218
37151,2026,low,0,29.9,0.2227
25555,2026,low,0,30.24,0.2275
25624,2026,low,0,31.36,0.2322
25332,2026,low,0,31.58,0.237
30,2026,low,0,32.14,0.2417
25280,2026,low,0,32.44,0.2464
25588,2026,mid_low,0,32.44,0.2512
25135,2026,mid_low,0,32.96,0.2559
37282,2026,mid_low,0,33.54,0.2607
25115,2026,mid_low,0,34.16,0.2654
25379,2026,mid_low,0,35.06,0.2701
25458,2026,mid_low,0,35.12,0.2749
25160,2026,mid_low,0,35.66,0.2796
25103,2026,mid_low,0,37.14,0.2844
25638,2026,mid_low,0,39.1,0.2891
25302,2026,mid_low,0,39.64,0.2938
25616,2026,mid_low,0,39.92,0.2986
25691,2026,mid_low,0,40.86,0.3033
25291,2026,mid_low,0,41.12,0.3081
25610,2026,mid_low,0,41.18,0.3128
25634,2026,mid_low,0,41.98,0.3175
25174,2026,mid_low,0,42.0,0.3223
25629,2026,mid_low,0,43.16,0.327
25314,2026,mid_low,0,43.66,0.3318
25675,2026,mid_low,0,44.86,0.3365
25238,2026,mid_low,0,45.32,0.3412
37192,2026,mid_low,0,45.58,0.346
25137,2026,mid_low,0,45.94,0.3507
25102,2026,mid_low,0,46.58,0.3555
25229,2026,mid_low,0,48.14,0.3602
25299,2026,mid_low,0,48.26,0.3649
25514,2026,mid_low,0,48.9,0.3697
25308,2026,mid_low,0,48.94,0.3744
25696,2026,mid_low,0,49.38,0.3791
37158,2026,mid_low,0,49.38,0.3839
25346,2026,mid_low,0,49.66,0.3886
25360,2026,mid_low,0,49.98,0.3934
25419,2026,mid_low,0,50.0,0.3981
25601,2026,mid_low,0,50.34,0.4028
25680,2026,mid_low,0,50.4,0.4076
25233,2026,mid_low,0,50.6,0.4123
37484,2026,mid_low,0,51.48,0.4171
2284,2026,mid_low,0,52.42,0.4218
25316,2026,mid_low,0,52.66,0.4265
25331,2026,mid_low,0,53.54,0.4313
25375,2026,mid_low,0,53.56,0.436
37536,2026,mid_low,0,53.9,0.4408
37278,2026,mid_low,0,54.5,0.4455
25228,2026,mid_low,0,55.96,0.4502
25694,2026,mid_low,0,57.2,0.455
25180,2026,mid_low,0,58.66,0.4597
25682,2026,mid_low,0,58.7,0.4645
25402,2026,mid_low,0,59.66,0.4692
25575,2026,mid_low,0,62.5,0.4739
25384,2026,mid_low,0,62.8,0.4787
37161,2026,mid_low,0,63.0,0.4834
37519,2026,mid_low,0,63.76,0.4882
25366,2026,mid_low,0,64.62,0.4929
25304,2026,mid_low,0,65.56,0.4976
25687,2026,mid_high,0,66.04,0.5024
25467,2026,mid_high,0,67.18,0.5071
25225,2026,mid_high,0,67.7,0.5118
25702,2026,mid_high,0,67.94,0.5166
25271,2026,mid_high,0,68.8,0.5213
25344,2026,mid_high,0,71.48,0.5261
25524,2026,mid_high,0,71.7,0.5308
25156,2026,mid_high,0,72.5,0.5355
25349,2026,mid_high,0,72.58,0.5403
25380,2026,mid_high,0,73.48,0.545
25738,2026,mid_high,0,74.46,0.5498
25215,2026,mid_high,0,75.12,0.5545
37286,2026,mid_high,0,75.2,0.5592
37148,2026,mid_high,0,75.3,0.564
25364,2026,mid_high,0,75.42,0.5687
25197,2026,mid_high,0,76.12,0.5735
25562,2026,mid_high,0,79.12,0.5782
25462,2026,mid_high,0,81.06,0.5829
37244,2026,mid_high,0,81.66,0.5877
25166,2026,mid_high,0,81.9,0.5924
37258,2026,mid_high,0,82.16,0.5972
25226,2026,mid_high,0,82.58,0.6019
25543,2026,mid_high,0,83.2,0.6066
25493,2026,mid_high,0,85.26,0.6114
25385,2026,mid_high,0,86.08,0.6161
25334,2026,mid_high,0,86.78,0.6209
25628,2026,mid_high,0,86.84,0.6256
25584,2026,mid_high,0,88.46,0.6303
37207,2026,mid_high,0,88.52,0.6351
25359,2026,mid_high,0,88.56,0.6398
37228,2026,mid_high,0,89.84,0.6445
25713,2026,mid_high,0,91.66,0.6493
25741,2026,mid_high,0,92.04,0.654
25220,2026,mid_high,0,92.86,0.6588
25356,2026,mid_high,0,93.94,0.6635
25413,2026,mid_high,0,95.98,0.6682
25292,2026,mid_high,0,96.62,0.673
25193,2026,mid_high,0,97.18,0.6777
25466,2026,mid_high,0,99.28,0.6825
25234,2026,mid_high,0,99.58,0.6872
25621,2026,mid_high,0,102.92,0.6919
37125,2026,mid_high,0,103.68,0.6967
25494,2026,mid_high,0,104.06,0.7014
37562,2026,mid_high,0,104.94,0.7062
25636,2026,mid_high,0,105.32,0.7109
25147,2026,mid_high,0,107.4,0.7156
25175,2026,mid_high,0,107.68,0.7204
25542,2026,mid_high,0,108.58,0.7251
37197,2026,mid_high,0,111.38,0.7299
25206,2026,mid_high,0,111.72,0.7346
25710,2026,mid_high,0,114.02,0.7393
25317,2026,mid_high,0,117.6,0.7441
25701,2026,mid_high,0,117.72,0.7488
25111,2026,high,0,118.92,0.7536
25754,2026,high,0,118.92,0.7583
25191,2026,high,0,119.86,0.763
25105,2026,high,0,120.98,0.7678
25144,2026,high,0,122.58,0.7725
25532,2026,high,0,122.92,0.7773
25721,2026,high,0,125.08,0.782
25475,2026,high,0,127.12,0.7867
25247,2026,high,0,129.92,0.7915
37250,2026,high,0,132.14,0.7962
25731,2026,high,0,132.82,0.8009
25284,2026,high,0,137.84,0.8057
25343,2026,high,0,143.42,0.8104
25249,2026,high,0,144.88,0.8152
25155,2026,high,0,150.14,0.8199
25559,2026,high,0,151.46,0.8246
25537,2026,high,0,153.68,0.8294
25309,2026,high,0,156.5,0.8341
37283,2026,high,0,156.52,0.8389
25227,2026,high,0,157.5,0.8436
25499,2026,high,0,157.84,0.8483
25482,2026,high,0,165.96,0.8531
25248,2026,high,0,176.98,0.8578
25578,2026,high,0,186.82,0.8626
25329,2026,high,0,191.04,0.8673
25631,2026,high,0,194.36,0.872
25296,2026,high,0,198.42,0.8768
25549,2026,high,0,199.8,0.8815
25685,2026,high,0,205.96,0.8863
25383,2026,high,0,212.26,0.891
25279,2026,high,0,217.96,0.8957
25202,2026,high,0,224.42,0.9005
25395,2026,high,0,226.4,0.9052
37321,2026,high,0,227.54,0.91
25236,2026,high,0,227.96,0.9147
25416,2026,high,0,231.36,0.9194
25732,2026,high,0,236.74,0.9242
25689,2026,high,0,237.52,0.9289
25442,2026,high,0,242.14,0.9336
25093,2026,high,0,243.5,0.9384
25350,2026,high,0,243.54,0.9431
25596,2026,high,0,244.28,0.9479
25372,2026,viral,1,255.68,0.9526
25312,2026,viral,1,274.64,0.9573
25571,2026,viral,1,293.08,0.9621
25608,2026,viral,1,321.34,0.9668
25708,2026,viral,1,360.64,0.9716
25667,2026,viral,1,383.54,0.9763
25591,2026,viral,1,404.32,0.981
11679,2026,viral,1,430.26,0.9858
25187,2026,viral,1,495.76,0.9905
25729,2026,viral,1,532.96,0.9953
25644,2026,viral,1,546.42,1.0
