gm_thrid,primary,parent,entities,n_messages,year
7613106803991117824,текст,тексты,Бхагавад-гита,2,2026
7609923889768955904,текст,тексты,Махабхарата,3,2026
7649130589148151808,разное,прочее,,3,2026
7602705797252907008,учебник,грамматика,,1,2026
7626815735483858944,учебник,грамматика,,1,2026
7628700943256649728,сандхи_фонетика,грамматика,,1,2026
7601152279555604480,текст,тексты,,1,2026
7626045936196648960,текст,тексты,Patañjali,1,2026
7606680107192680448,курс_практикум,организация_группы,,1,2026
7617845033182429184,текст,тексты,,1,2026
7601530846226415616,сравнительное_языкознание,лексикография,,1,2026
7621243554799550464,учебник,грамматика,,1,2026
7607808478783995904,книга,книги_и_раздача,,2,2026
7617000885823995904,этимология,лексикография,,2,2026
7604191170548203520,индия_путешествие,история_и_культура,,2,2026
7652457730867724288,книга,книги_и_раздача,Delhi,3,2026
7611621705349332992,курс_практикум,организация_группы,,1,2026
7615540441020104704,разное,прочее,,1,2026
7633552297745711104,разное,прочее,,3,2026
7603361207867670528,словарь,лексикография,,1,2026
7606035800645435392,книга,книги_и_раздача,,1,2026
7613784195924492288,текст,тексты,Рамаяна,3,2026
7660920743346044928,книга,книги_и_раздача,Рамаяна,1,2026
7642192231277789184,книга,книги_и_раздача,,1,2026
7607746255883599872,сандхи_фонетика,грамматика,,1,2026
7605972110296481792,курс_практикум,организация_группы,,1,2026
7606647587258499072,разное,прочее,,3,2026
7606050398239981568,текст,тексты,,1,2026
7654957032689106944,индия_путешествие,история_и_культура,,1,2026
7610031836466511872,разное,прочее,,1,2026
7618241065259106304,разное,прочее,,1,2026
7638606286484930560,учебник,грамматика,Delhi|Махабхарата|Рамаяна|Ригведа|Упанишады,1,2026
7647959311335817216,учебник,грамматика,Бхагавад-гита,1,2026
7654595754394124288,книга,книги_и_раздача,Pāṇini,1,2026
7606752319761285120,учебник,грамматика,,1,2026
7606723662705590272,книга,книги_и_раздача,Delhi,1,2026
7615971359922847744,словарь,лексикография,,1,2026
7607806386289770496,курс_практикум,организация_группы,,1,2026
7634768052178911232,книга,книги_и_раздача,,1,2026
7656500518864289792,спряжение_глагол,грамматика,,1,2026
7613459506592219136,книга,книги_и_раздача,,1,2026
7615708436047593472,учебник,грамматика,Pāṇini,1,2026
7612590501847367680,словарь,лексикография,Махабхарата,1,2026
7609246041838190592,курс_практикум,организация_группы,,1,2026
7617173414297468928,текст,тексты,,1,2026
7624927836381380608,словарь,лексикография,,1,2026
7625553495888756736,разное,прочее,,1,2026
7605587226428178432,сайт,инструменты,,1,2026
7618608539914731520,курс_практикум,организация_группы,Pāṇini|Йога-Васиштха,2,2026
7653401877290156032,словарь,лексикография,,1,2026
7633691041382531072,книга,книги_и_раздача,,3,2026
7616635124122124288,индия_путешествие,история_и_культура,Delhi,1,2026
7625717681387208704,текст,тексты,,1,2026
7643813383546863616,учебник,грамматика,Delhi|Moscow|Pāṇini|Saint Petersburg|Панчатантра,2,2026
7612161134015021056,текст,тексты,Рамаяна,1,2026
7607010003448233984,разное,прочее,,1,2026
7618167071049777152,сандхи_фонетика,грамматика,,1,2026
7616055690560274432,курс_практикум,организация_группы,,1,2026
7646802796158648320,курс_практикум,организация_группы,,2,2026
7645799407947874304,стотра_гимн,тексты,,1,2026
7641427165075996672,учебник,грамматика,Бхагавад-гита,2,2026
7619611862904078336,словарь,лексикография,GitHub,6,2026
7622567570918342656,склонение_падеж,грамматика,,2,2026
7649711943791411200,словарь,лексикография,,1,2026
7610079120446193664,учебник,грамматика,,1,2026
7614583745898610688,курс_практикум,организация_группы,,1,2026
7653030776495144960,книга,книги_и_раздача,,1,2026
7613734672585981952,учебник,грамматика,,1,2026
7650916301606486016,текст,тексты,Patañjali,1,2026
7625219255491887104,словарь,лексикография,,1,2026
7603090060257263616,корпус_данные,инструменты,,1,2026
7624913587623952384,комментарии_ачарьи,тексты,,1,2026
7612607859021316096,учебник,грамматика,,1,2026
7655289766872612864,этимология,лексикография,,1,2026
7631990572252659712,разное,прочее,GitHub,4,2026
7629462812179300352,синтаксис,грамматика,Махабхарата,3,2026
7615229467416330240,шрифт,инструменты,,1,2026
7656394853284052992,сандхи_фонетика,грамматика,,1,2026
7609317596004876288,сайт,инструменты,Ferdinand Knauer,1,2026
7623089050371489792,сайт,инструменты,,1,2026
7647811884633030656,книга,книги_и_раздача,,1,2026
7618181946026229760,словарь,лексикография,Moscow,1,2026
7614552397317144576,разное,прочее,,1,2026
7613371157506424832,книга,книги_и_раздача,,1,2026
7610163214027849728,курс_практикум,организация_группы,,2,2026
7620376321386872832,учебник,грамматика,,1,2026
7610138799434104832,словарь,лексикография,Saint Petersburg,1,2026
7627487850060054528,сайт,инструменты,Andrey Zaliznyak|GitHub,1,2026
7606072616940470272,учебник,грамматика,,1,2026
7632031861678538752,учебник,грамматика,,1,2026
7655557773345685504,словарь,лексикография,Monier-Williams,3,2026
7643804906626744320,сайт,инструменты,,1,2026
7620384729580175360,метрика_чхандас,грамматика,,1,2026
7628282281304522752,разное,прочее,,1,2026
7658195293556441088,учебник,грамматика,,1,2026
7607385698123907072,словарь,лексикография,Moscow,1,2026
7645272310164750336,курс_практикум,организация_группы,Delhi|Varanasi|Махабхарата,3,2026
7659050823892074496,текст,тексты,,1,2026
7620785157456265216,учебник,грамматика,,1,2026
7551498335788466176,программа_приложение,инструменты,,1,2025
7545867626226909184,курс_практикум,организация_группы,,1,2025
7577053148115632128,текст,тексты,,1,2025
7584851597913489408,учебник,грамматика,Бхагавад-гита|Махабхарата|Упанишады,1,2025
7556156149647540224,индия_путешествие,история_и_культура,,1,2025
7558497123926278144,стотра_гимн,тексты,,1,2025
7571025412059299840,учебник,грамматика,,1,2025
7559137913055739904,разное,прочее,,1,2025
7585615923714719744,текст,тексты,Rudolph Roth|Махабхарата,4,2025
7595523704720719872,разное,прочее,,1,2026
7580788217201295360,шрифт,инструменты,,1,2025
7558817959163985920,книга,книги_и_раздача,,1,2025
7547745804524453888,учебник,грамматика,Йога-Васиштха|Махабхарата,2,2025
7572921509503565824,разное,прочее,,3,2025
7583438958150811648,текст,тексты,Махабхарата,4,2025
7553292565397635072,учебник,грамматика,,1,2025
7571379228812247040,курс_практикум,организация_группы,,1,2025
7586704591254716416,астрология,прочее,Йога-Васиштха,2,2025
7594004619560222720,разное,прочее,,1,2026
7562503711298158592,словарь,лексикография,Wikipedia,4,2025
7592292833578450944,учебник,грамматика,,1,2026
7598627216411328512,учебник,грамматика,,1,2026
7542148687217033216,индия_путешествие,история_и_культура,,1,2025
7574362710893133824,учебник,грамматика,Patañjali,1,2025
7599649496795971584,текст,тексты,Рамаяна,1,2026
7562200400302964736,разное,прочее,,18,2025
7557415504243064832,панини,грамматика,Patañjali,1,2025
7584124684814254080,разное,прочее,,1,2025
7562950208983662592,йога_васиштха,тексты,,1,2025
7560736019274792960,словарь,лексикография,,1,2025
7575511223883530240,астрология,прочее,Patañjali|Махабхарата,1,2025
7597112753069752320,текст,тексты,Бхагавад-гита,1,2026
7566571809093451776,терминология,лексикография,,1,2025
7595241510721814528,книга,книги_и_раздача,,1,2026
7583328417177665536,текст,тексты,Махабхарата,1,2025
7552826597734088704,комментарии_ачарьи,тексты,,1,2025
7581396577702379520,текст,тексты,,1,2025
7584364916367163392,программа_приложение,инструменты,Moscow,1,2025
7574039814624772096,спряжение_глагол,грамматика,Delhi|Moscow,2,2025
7563687271491174400,разное,прочее,Moscow,16,2025
7598574761349742592,учебник,грамматика,,1,2026
7582997874958401536,текст,тексты,Saint Petersburg,1,2025
7578681336838225920,синтаксис,грамматика,,1,2025
7587804894273208320,программа_приложение,инструменты,DCS|Махабхарата,5,2025
7574159350665576448,текст,тексты,,2,2025
7580481064907309056,текст,тексты,Махабхарата,4,2025
7597377802987372544,программа_приложение,инструменты,,1,2026
7542510419545423872,панини,грамматика,,1,2025
7562094437225988096,текст,тексты,,7,2025
7574850635144626176,этимология,лексикография,,1,2025
7584893723140423680,курс_практикум,организация_группы,,1,2025
7591812113140547584,учебник,грамматика,,1,2026
7582698741648326656,текст,тексты,,1,2025
7600823615049695232,текст,тексты,Рамаяна,1,2026
7592972836061315072,шрифт,инструменты,,1,2026
7587420257945387008,учебник,грамматика,Andrey Zaliznyak|Moscow|Pāṇini|Saint Petersburg,1,2025
7558010492108668928,курс_практикум,организация_группы,,1,2025
7545142330536230912,учебник,грамматика,,1,2025
7554372301740834816,панини,грамматика,Pāṇini,1,2025
7552822003419316224,книга,книги_и_раздача,,1,2025
7589282364753182720,книга,книги_и_раздача,,1,2025
7600739138581561344,книга,книги_и_раздача,Saint Petersburg,1,2026
7558800888187322368,книга,книги_и_раздача,,1,2025
7580670514126913536,текст,тексты,Delhi|Бхагавад-гита,1,2025
7600407117529350144,текст,тексты,,1,2026
7563003482238615552,учебник,грамматика,Pāṇini|Йога-Васиштха|Махабхарата,1,2025
7553673586863505408,курс_практикум,организация_группы,,2,2025
7599668893232136192,курс_практикум,организация_группы,,1,2026
7588545324746014720,книга,книги_и_раздача,,1,2025
7571128746366730240,курс_практикум,организация_группы,,1,2025
7542896041468624896,шрифт,инструменты,,1,2025
7555024979003179008,книга,книги_и_раздача,,1,2025
7573677694529830912,разное,прочее,,1,2025
7555870167702437888,стотра_гимн,тексты,,1,2025
7554051263193677824,учебник,грамматика,,1,2025
7588798356508377088,текст,тексты,Махабхарата,1,2025
7575482488023154688,корпус_данные,инструменты,,1,2025
7589317714041110528,разное,прочее,,1,2025
7558516523233443840,разное,прочее,,1,2025
7556636756763738112,текст,тексты,Ригведа,1,2025
7597405729780137984,текст,тексты,Бхагавад-гита,1,2026
7560734344748204032,шрифт,инструменты,Moscow,1,2025
7585876987847114752,книга,книги_и_раздача,,1,2025
7559606396909518848,учебник,грамматика,,1,2025
7597727352828723200,учебник,грамматика,,1,2026
7578104167691976704,текст,тексты,Бхагавад-гита,1,2025
7547731415043932160,учебник,грамматика,,1,2025
7563202942241603584,разное,прочее,,3,2025
7550326756838735872,учебник,грамматика,,1,2025
7593408670676811776,шрифт,инструменты,,1,2026
7545461498615693312,учебник,грамматика,Delhi|Varanasi|Махабхарата,1,2025
7575483935642091520,книга,книги_и_раздача,Moscow|Махабхарата,1,2025
7549807258044989440,панини,грамматика,Patañjali,1,2025
7559223042491023360,словарь,лексикография,Georg Bühler,1,2025
7559653152867221504,словарь,лексикография,Махабхарата,1,2025
7557412553534472192,учебник,грамматика,Pāṇini|Аштадхьяи,1,2025
7553527772180643840,программа_приложение,инструменты,Moscow,1,2025
7582554429060022272,pdf,инструменты,,1,2025
7549153950333665280,учебник,грамматика,,1,2025
7499461196100141056,учебник,грамматика,Andrey Zaliznyak|Pāṇini,2,2025
7511370097307418624,стотра_гимн,тексты,,1,2025
7496370827860901888,учебник,грамматика,,2,2025
7488800040053374976,книга,книги_и_раздача,,1,2025
7494958863480782848,словообразование_сложные_слова,грамматика,,6,2025
7510241460877262848,разное,прочее,,5,2025
7491848032333332480,словарь,лексикография,,4,2025
7495478256779395072,разное,прочее,Pāṇini|Махабхарата|Рамаяна,7,2025
7513149172647723008,учебник,грамматика,,1,2025
7496837563529822208,разное,прочее,,2,2025
7507133449311879168,словарь,лексикография,Упанишады,1,2025
7519073703556022272,словарь,лексикография,,1,2025
7496356450150645760,разное,прочее,,1,2025
7516044839820984320,разное,прочее,,1,2025
7520242601611493376,спряжение_глагол,грамматика,,1,2025
7513144890168967168,словарь,лексикография,,2,2025
7502663407403794432,разное,прочее,,2,2025
7538699383174332416,индия_путешествие,история_и_культура,,1,2025
7536619770797359104,панини,грамматика,Pāṇini|Ригведа,1,2025
7504377942804267008,разное,прочее,,1,2025
7504938292548206592,учебник,грамматика,,1,2025
7541703781417746432,традиция_философия,история_и_культура,,1,2025
7514027467696242688,учебник,грамматика,,1,2025
7511463500854591488,разное,прочее,Аштадхьяи,6,2025
7518011080173420544,спряжение_глагол,грамматика,,2,2025
7520384891754643456,разное,прочее,,1,2025
7538458756630183936,учебник,грамматика,Andrey Zaliznyak,1,2025
7533204507975483392,курс_практикум,организация_группы,Delhi|Moscow,1,2025
7534251438251180032,словарь,лексикография,Patañjali|Pāṇini,1,2025
7513116514287878144,учебник,грамматика,,1,2025
7534252451654795264,словарь,лексикография,Georg Bühler|Tatyana Elizarenkova,1,2025
7493814983669579776,книга,книги_и_раздача,,1,2025
7535513797398626304,учебник,грамматика,,1,2025
7521650589924589568,словарь,лексикография,,4,2025
7508330629159714816,текст,тексты,Пураны,3,2025
7513090018537111552,учебник,грамматика,Śaṅkara|Бхагавад-гита,1,2025
7518781131369480192,спряжение_глагол,грамматика,,1,2025
7493792641799159808,учебник,грамматика,,1,2025
7505410564200333312,разное,прочее,,1,2025
7500241912150884352,астрология,прочее,,1,2025
7488608406951952384,сравнительное_языкознание,лексикография,,1,2025
7530331133879255040,книга,книги_и_раздача,Saint Petersburg,1,2025
7511026707852165120,сандхи_фонетика,грамматика,Pāṇini|Аштадхьяи,9,2025
7518778895854731264,словарь,лексикография,,1,2025
7510102232850759680,текст,тексты,Рамаяна,1,2025
7515830426272792576,книга,книги_и_раздача,,3,2025
7506635951234351104,словарь,лексикография,Махабхарата,1,2025
7487620197133582336,стотра_гимн,тексты,,1,2025
7488640234181099520,шрифт,инструменты,,1,2025
7540317780602519552,словарь,лексикография,Patañjali,1,2025
7503578413960003584,разное,прочее,,1,2025
7500624460451414016,книга,книги_и_раздача,,1,2025
7516507736933138432,индия_путешествие,история_и_культура,,3,2025
7497986565071699968,персона_ученый,история_и_культура,Andrey Zaliznyak|Pāṇini,2,2025
7536291160793284608,текст,тексты,,1,2025
7541472770335440896,учебник,грамматика,Pāṇini,1,2025
7510629069807943680,разное,прочее,,1,2025
7505657770627039232,словарь,лексикография,Махабхарата,6,2025
7510558089014149120,словарь,лексикография,,1,2025
7530329243219132416,корпус_данные,инструменты,,1,2025
7496872302775107584,книга,книги_и_раздача,,9,2025
7506843721863790592,разное,прочее,,1,2025
7497624500469497856,стотра_гимн,тексты,,2,2025
7536954354206507008,учебник,грамматика,,1,2025
7487994441116942336,панини,грамматика,Patañjali|Pune,1,2025
7521675553804386304,шрифт,инструменты,,1,2025
7535772141604569088,разное,прочее,,1,2025
7520378769757962240,этимология,лексикография,,3,2025
7535043451678621696,разное,прочее,,1,2025
7518007036328542208,встреча_событие,организация_группы,,2,2025
7527268806069059584,сайт,инструменты,,1,2025
7529132672771162112,текст,тексты,Махабхарата,5,2025
7520512474198573056,словарь,лексикография,Apte Practical Sanskrit-English Dictionary|Pāṇini|Vaman Shivram Apte,11,2025
7501620649674145792,разное,прочее,,1,2025
7513312050264670208,текст,тексты,,11,2025
7534667351339302912,книга,книги_и_раздача,,2,2025
7503954478640398336,учебник,грамматика,,3,2025
7493793703292567552,разное,прочее,Tatyana Elizarenkova,5,2025
7528749326210695168,мантра_бхакти,тексты,,1,2025
7499545561860669440,традиция_философия,история_и_культура,,1,2025
7488399219629228032,стотра_гимн,тексты,,1,2025
7516620050390843392,книга,книги_и_раздача,Махабхарата,1,2025
7529789515656855552,книга,книги_и_раздача,,1,2025
7530230520740839424,книга,книги_и_раздача,Рамаяна,1,2025
7538694458735329280,встреча_событие,организация_группы,Moscow,1,2025
7507064901221744640,программа_приложение,инструменты,Аштадхьяи,2,2025
7517289262404861952,pdf,инструменты,,1,2025
7495346473324773376,стотра_гимн,тексты,,2,2025
7498247892097826816,разное,прочее,,4,2025
7494552362827120640,встреча_событие,организация_группы,Moscow,1,2025
7521813579312398336,словарь,лексикография,Georg Bühler|Пураны,4,2025
7503981044107837440,текст,тексты,Wikipedia|Śaṅkara|Упанишады,14,2025
7527691538462146560,книга,книги_и_раздача,,1,2025
7471254682805993472,словарь,лексикография,,2,2025
7467929422914387968,учебник,грамматика,,1,2025
7472655696497999872,текст,тексты,Махабхарата,6,2025
7481332733173563392,разное,прочее,,3,2025
7473932093024632832,словарь,лексикография,,5,2025
7478332688594632704,сандхи_фонетика,грамматика,,1,2025
7468597327517712384,сравнительное_языкознание,лексикография,,2,2025
7471224627506708480,панини,грамматика,Patañjali,1,2025
7485385861358419968,текст,тексты,,1,2025
7483999138706620416,текст,тексты,,1,2025
7473442181375590400,разное,прочее,,1,2025
7476789284400267264,панини,грамматика,Patañjali,5,2025
7472412343952998400,текст,тексты,Moscow|Махабхарата,1,2025
7480591087671705600,учебник,грамматика,,2,2025
7480868525421101056,астрология,прочее,Ригведа,5,2025
7472615634431377408,книга,книги_и_раздача,Wilson Sanskrit-English Dictionary|Упанишады,9,2025
7475102947935780864,учебник,грамматика,Аштадхьяи,13,2025
7473426753692631040,разное,прочее,,1,2025
7469825838282702848,разное,прочее,,1,2025
7477495483282227200,курс_практикум,организация_группы,Patañjali,1,2025
7469090856742420480,разное,прочее,,1,2025
7469356417630076928,словарь,лексикография,Hermann Grassmann|Wörterbuch zum Rig-Veda|Ригведа,1,2025
7472267656378187776,сайт,инструменты,,1,2025
7485973711803121664,шрифт,инструменты,,1,2025
7478656652235767808,словарь,лексикография,GitHub|Ригведа,1,2025
7478999639175200768,текст,тексты,Упанишады,2,2025
7481621081087803392,разное,прочее,,5,2025
7468227321884835840,pdf,инструменты,,1,2025
7479803334372622336,словообразование_сложные_слова,грамматика,Wilson Sanskrit-English Dictionary,1,2025
7472285536292438016,панини,грамматика,Patañjali|Śaṅkara|Упанишады,17,2025
7473930006382510080,разное,прочее,,1,2025
7479585909653897216,учебник,грамматика,,2,2025
7480468622364639232,словарь,лексикография,,7,2025
7477947081256075264,этимология,лексикография,Andrey Zaliznyak,2,2025
7475451882044915712,встреча_событие,организация_группы,Moscow|Ригведа,1,2025
7487492433390862336,учебник,грамматика,,2,2025
7474874303429738496,словарь,лексикография,,1,2025
7478600065715535872,спряжение_глагол,грамматика,,3,2025
7477221154318450688,учебник,грамматика,,2,2025
7473915869778673664,книга,книги_и_раздача,Бхагавад-гита,1,2025
7484227026675564544,разное,прочее,,1,2025
7475938215615004672,разное,прочее,,1,2025
7465344311995924480,словарь,лексикография,,1,2025
7469793026614755328,шрифт,инструменты,,14,2025
7464558488426905600,книга,книги_и_раздача,GitHub|Wikipedia|Махабхарата,14,2025
7476445887424626688,перевод_вопрос,переводы_и_издания,,1,2025
7473242497148256256,текст,тексты,,1,2025
7473921876218085376,текст,тексты,Махабхарата|Рамаяна,3,2025
7475267342293794816,разное,прочее,,3,2025
7479486801675026432,учебник,грамматика,,1,2025
7473504629751283712,книга,книги_и_раздача,,1,2025
7485095117096747008,разное,прочее,,1,2025
7471654917867831296,шрифт,инструменты,,1,2025
7472078598934888448,словарь,лексикография,GitHub|Grosses Petersburger Wörterbuch,2,2025
7485308935009730560,комментарии_ачарьи,тексты,,1,2025
7483103022041530368,разное,прочее,,4,2025
7471948383746260992,словарь,лексикография,Pāṇini|Рамаяна,1,2025
7480475989536931840,учебник,грамматика,Махабхарата,10,2025
7466066190513733632,текст,тексты,,3,2025
7465469562027245568,разное,прочее,,1,2025
7485406706635112448,корпус_данные,инструменты,,1,2025
7477666649343000576,разное,прочее,Patañjali|Pāṇini|Śaṅkara|Махабхарата|Панчатантра|Упанишады,24,2025
7473145024090210304,учебник,грамматика,,1,2025
7478708322323922944,традиция_философия,история_и_культура,Moscow,1,2025
7477486999880859648,текст,тексты,Рамаяна,1,2025
7464281196005949440,словарь,лексикография,,1,2025
7470418801659478016,традиция_философия,история_и_культура,,1,2025
7469347078407192576,словарь,лексикография,Hermann Grassmann|Tatyana Elizarenkova|Wörterbuch zum Rig-Veda|Ригведа,1,2025
7465452395589271552,разное,прочее,,1,2025
7486397158921338880,книга,книги_и_раздача,,1,2025
7473925949096984576,текст,тексты,,1,2025
7473932342614032384,словарь,лексикография,,1,2025
7467292049046241280,словарь,лексикография,,3,2025
7480063049924083712,разное,прочее,,1,2025
7473088911491727360,разное,прочее,,1,2025
7473491919244361728,книга,книги_и_раздача,Moscow,1,2025
7467280142253948928,учебник,грамматика,,1,2025
7478015740989145088,текст,тексты,Махабхарата|Рамаяна,2,2025
7487221908753088512,комментарии_ачарьи,тексты,,1,2025
7478700151679221760,книга,книги_и_раздача,,1,2025
7473121881514573824,учебник,грамматика,,7,2025
7472335780344496128,разное,прочее,,1,2025
7469269484018073600,словарь,лексикография,,3,2025
7465342506930012160,разное,прочее,,1,2025
7478559669333524480,курс_практикум,организация_группы,Patañjali,1,2025
7468610508705234944,учебник,грамматика,,1,2025
7484629616211001344,разное,прочее,,1,2025
7486518370002534400,программа_приложение,инструменты,,1,2025
7481512489773957120,словарь,лексикография,,1,2025
7484299892957904896,словарь,лексикография,Saint Petersburg,2,2025
7473396891999272960,pdf,инструменты,GitHub|Махабхарата,4,2025
7476487287276044288,словарь,лексикография,,2,2025
7476790020653711360,словарь,лексикография,Rudolph Roth,31,2025
7475618665779429376,книга,книги_и_раздача,Patañjali,2,2025
7469834080561922048,разное,прочее,,1,2025
7426997672660172800,разное,прочее,,1,2024
7448608860297756672,учебник,грамматика,,1,2024
7434432403856162816,словарь,лексикография,DCS|GitHub|Monier-Williams,2,2024
7431849989967446016,текст,тексты,,1,2024
7454233136526786560,учебник,грамматика,,2,2025
7425297818907049984,разное,прочее,,1,2024
7422698409453158400,разное,прочее,Monier-Williams|Wilson Sanskrit-English Dictionary,12,2024
7429998335216320512,словарь,лексикография,,2,2024
7426337321546416128,учебник,грамматика,Ferdinand Knauer|Georg Bühler|Pāṇini,11,2024
7448298915339698176,перевод_вопрос,переводы_и_издания,,1,2024
7433448236839337984,сайт,инструменты,Andrey Zaliznyak,1,2024
7430383440897245184,мантра_бхакти,тексты,,24,2024
7425292968758607872,шрифт,инструменты,,6,2024
7452286268698787840,перевод_вопрос,переводы_и_издания,,1,2024
7440084251934982144,текст,тексты,,1,2024
7456821306250493952,учебник,грамматика,Pāṇini,2,2025
7434254710394060800,учебник,грамматика,,3,2024
7422670524607627264,разное,прочее,,2,2024
7459349731142008832,словарь,лексикография,Monier-Williams|Рамаяна,3,2025
7462227516865904640,разное,прочее,,5,2025
7441496879327608832,словарь,лексикография,DCS|GitHub,1,2024
7430376459023155200,текст,тексты,Ригведа,4,2024
7427472963616636928,текст,тексты,,1,2024
7437962829413482496,учебник,грамматика,,2,2024
7429414835976142848,спряжение_глагол,грамматика,,5,2024
7440146203221688320,разное,прочее,,1,2024
7459051390737842176,текст,тексты,Махабхарата,11,2025
7435715695880437760,сайт,инструменты,GitHub,1,2024
7426366209755447296,словарь,лексикография,,10,2024
7455640402020794368,текст,тексты,Махабхарата,3,2025
7433892315008073728,разное,прочее,,11,2024
7464279698261934080,индия_путешествие,история_и_культура,,1,2025
7448540738074181632,разное,прочее,,1,2024
7438284647804436480,текст,тексты,Moscow,1,2024
7425174698709745664,мантра_бхакти,тексты,,2,2024
7441494932232077312,учебник,грамматика,,1,2024
7459303059108134912,учебник,грамматика,,1,2025
7445251160118657024,учебник,грамматика,Moscow,1,2024
7439323682685583360,индия_путешествие,история_и_культура,,1,2024
7431119006797398016,текст,тексты,,1,2024
7436425683763462144,программа_приложение,инструменты,,1,2024
7448706060242649088,перевод_вопрос,переводы_и_издания,,1,2024
7430129099478138880,сандхи_фонетика,грамматика,Pāṇini|Wilson Sanskrit-English Dictionary,49,2024
7443338164993785856,книга,книги_и_раздача,Махабхарата,7,2024
7435900641128480768,спряжение_глагол,грамматика,Ригведа,3,2024
7448251540520828928,разное,прочее,Moscow,1,2024
7444537989836832768,текст,тексты,Махабхарата,5,2024
7464227421567320064,метрика_чхандас,грамматика,,1,2025
7460781315639476224,pdf,инструменты,,1,2025
7434129286777274368,разное,прочее,Махабхарата,3,2024
7435268258786181120,текст,тексты,,7,2024
7458039906048147456,традиция_философия,история_и_культура,,1,2025
7432351860671905792,курс_практикум,организация_группы,,2,2024
7439333611114856448,разное,прочее,,1,2024
7432761082678083584,текст,тексты,,1,2024
7463566892881412096,pdf,инструменты,Moscow|Ригведа,1,2025
7443110040214437888,разное,прочее,,1,2024
7445214949451759616,курс_практикум,организация_группы,,1,2024
7425516008379514880,разное,прочее,,5,2024
7439318404900585472,разное,прочее,,1,2024
7434501510125322240,текст,тексты,,2,2024
7432678828402540544,книга,книги_и_раздача,Moscow|Saint Petersburg,1,2024
7443164521811673088,текст,тексты,Махабхарата,1,2024
7454959292506963968,текст,тексты,Śaṅkara,3,2025
7434049907353190400,словарь,лексикография,Бхагавад-гита,1,2024
7455723468837879808,разное,прочее,,4,2025
7460651842124382208,этимология,лексикография,,2,2025
7434043002470793216,синтаксис,грамматика,,2,2024
7435945989847908352,книга,книги_и_раздача,,1,2024
7422742417247305728,текст,тексты,,1,2024
7455973723827339264,комментарии_ачарьи,тексты,,1,2025
7449050052931092480,курс_практикум,организация_группы,,1,2024
7457501970812633088,персона_ученый,история_и_культура,,1,2025
7439322998483451904,текст,тексты,Moscow|Махабхарата,4,2024
7435310600951955456,синтаксис,грамматика,,4,2024
7428969783007117312,разное,прочее,,2,2024
7434259087710224384,учебник,грамматика,DCS,1,2024
7425157598668652544,текст,тексты,Махабхарата,7,2024
7433425131730370560,сайт,инструменты,Moscow,1,2024
7439280813124878336,разное,прочее,,1,2024
7434262289975345152,словарь,лексикография,,1,2024
7438952321038417920,словарь,лексикография,Wikipedia|Аштадхьяи,4,2024
7463391689055404032,pdf,инструменты,Moscow,1,2025
7433714174116495360,книга,книги_и_раздача,Moscow|Saint Petersburg,1,2024
7429003015804157952,сайт,инструменты,Moscow,1,2024
7461707380122714112,курс_практикум,организация_группы,,1,2025
7440750785997045760,комментарии_ачарьи,тексты,Śaṅkara,9,2024
7454166692497719296,словарь,лексикография,Wikipedia,6,2025
7426082900646297600,встреча_событие,организация_группы,Moscow,4,2024
7430381701173346304,разное,прочее,,3,2024
7460162629441421312,учебник,грамматика,,2,2025
7454487128712413184,спряжение_глагол,грамматика,,5,2025
7454956450035531776,текст,тексты,Wikipedia|Ригведа,3,2025
7437831720471101440,встреча_событие,организация_группы,Moscow,2,2024
7458319802876035072,программа_приложение,инструменты,,1,2025
7444567604513996800,разное,прочее,,3,2024
7434131415870996480,pdf,инструменты,,1,2024
7367023439012429824,курс_практикум,организация_группы,,1,2024
7375425752756387840,разное,прочее,Delhi,1,2024
7404481579426250752,учебник,грамматика,Pāṇini|Аштадхьяи,4,2024
7356987592308424704,разное,прочее,,2,2024
7368144528722624512,словарь,лексикография,Moscow|Saint Petersburg,1,2024
7374323076099473408,разное,прочее,,10,2024
7356674843258912768,шрифт,инструменты,,1,2024
7409363428485103616,текст,тексты,,1,2024
7413693028278206464,разное,прочее,,4,2024
7400258788298588160,курс_практикум,организация_группы,,1,2024
7402514903089545216,этимология,лексикография,,1,2024
7396962405783175168,текст,тексты,Махабхарата,1,2024
7418913435437498368,текст,тексты,,1,2024
7418833452476137472,текст,тексты,Упанишады,1,2024
7406251335730855936,разное,прочее,,6,2024
7368699231401410560,книга,книги_и_раздача,,3,2024
7414251512653676544,встреча_событие,организация_группы,,1,2024
7361060952016420864,pdf,инструменты,,1,2024
7367017258146594816,разное,прочее,,1,2024
7361857265164353536,книга,книги_и_раздача,,1,2024
7362667833310838784,текст,тексты,,13,2024
7388894779049771008,словарь,лексикография,Georg Bühler|Упанишады,12,2024
7402275559954186240,курс_практикум,организация_группы,,2,2024
7357060185811058688,шрифт,инструменты,,1,2024
7409508324319690752,учебник,грамматика,,1,2024
7412218593951088640,шрифт,инструменты,,1,2024
7360016109253165056,программа_приложение,инструменты,,1,2024
7403637321739796480,разное,прочее,,1,2024
7422256218903674880,pdf,инструменты,,5,2024
7419748950010232832,текст,тексты,Moscow|Махабхарата|Рамаяна,1,2024
7412220062626480128,словарь,лексикография,,1,2024
7409601035793072128,текст,тексты,Ригведа,1,2024
7413491437342294016,учебник,грамматика,,3,2024
7367779128511037440,словарь,лексикография,Moscow|Saint Petersburg,1,2024
7363414402246115328,текст,тексты,Махабхарата,3,2024
7373210889524084736,текст,тексты,Ригведа,2,2024
7364735360338755584,словарь,лексикография,,3,2024
7360226322783666176,книга,книги_и_раздача,,1,2024
7367821846529441792,разное,прочее,,2,2024
7386284307504955392,этимология,лексикография,,5,2024
7356882447814885376,комментарии_ачарьи,тексты,Moscow,1,2024
7370608399256387584,разное,прочее,,16,2024
7399925973263581184,словарь,лексикография,Monier-Williams,1,2024
7383830982341689344,панини,грамматика,,2,2024
7389251470238941184,текст,тексты,,14,2024
7393309685909028864,сайт,инструменты,,1,2024
7409603135670321152,разное,прочее,,1,2024
7412246322076450816,словарь,лексикография,Moscow,1,2024
7362115085931642880,разное,прочее,Moscow,1,2024
7386308454048071680,текст,тексты,,2,2024
7393681612933693440,панини,грамматика,Patañjali,2,2024
7415652877485473792,разное,прочее,,1,2024
7391934657605926912,шрифт,инструменты,,6,2024
7385447409433706496,разное,прочее,,1,2024
7418467806128111616,синтаксис,грамматика,,1,2024
7421093335962484736,разное,прочее,,3,2024
7384147889311711232,астрология,прочее,,5,2024
7367058850611986432,текст,тексты,Бхагавад-гита,1,2024
7419166320144416768,учебник,грамматика,,1,2024
7394807369375416320,словарь,лексикография,Moscow,3,2024
7365532205629571072,склонение_падеж,грамматика,,4,2024
7401755375089745920,словарь,лексикография,,1,2024
7358857284004347904,индия_путешествие,история_и_культура,Delhi,1,2024
7363931278985396224,текст,тексты,Andrey Zaliznyak,1,2024
7395863811439198208,разное,прочее,Saint Petersburg,1,2024
7379599439208382464,книга,книги_и_раздача,GitHub|Махабхарата,3,2024
7420081517666238464,учебник,грамматика,,1,2024
7388855398094077952,разное,прочее,,1,2024
7412887249497358336,сандхи_фонетика,грамматика,,2,2024
7357314612819132416,панини,грамматика,,1,2024
7389942440975663104,разное,прочее,,1,2024
7418328850450350080,шрифт,инструменты,,1,2024
7356217270414082048,учебник,грамматика,,1,2024
7358052818045894656,этимология,лексикография,,4,2024
7392466454083272704,разное,прочее,Wikipedia,5,2024
7388052300331220992,сандхи_фонетика,грамматика,,7,2024
7395984712951398400,книга,книги_и_раздача,Andrey Zaliznyak,1,2024
7365146779523743744,словарь,лексикография,,1,2024
7394516953755287552,мантра_бхакти,тексты,,1,2024
7384787041936998400,учебник,грамматика,,1,2024
7357299589466030080,индия_путешествие,история_и_культура,,2,2024
7397049333465481216,словарь,лексикография,GitHub,10,2024
7414513753309315072,текст,тексты,Monier-Williams|Махабхарата,12,2024
7399673967695364096,книга,книги_и_раздача,GitHub|Махабхарата,7,2024
7396232378261176320,книга,книги_и_раздача,,1,2024
7355767122943803392,книга,книги_и_раздача,,1,2024
7403736649129000960,шрифт,инструменты,,1,2024
7384557218198192128,разное,прочее,,1,2024
7360748105858285568,разное,прочее,Moscow,1,2024
7377486880384745472,разное,прочее,,1,2024
7355511092426047488,книга,книги_и_раздача,,1,2024
7419174912056623104,шрифт,инструменты,,1,2024
7354764181187330048,разное,прочее,,1,2024
7309133067578245120,разное,прочее,,1,2023
7340682493426663424,индия_путешествие,история_и_культура,,1,2024
7342415696782950400,учебник,грамматика,,1,2024
7306040148429373440,книга,книги_и_раздача,,1,2023
7339138141025992704,текст,тексты,,1,2024
7306136711791116288,книга,книги_и_раздача,Moscow,1,2023
7310552989492576256,шрифт,инструменты,,1,2023
7355172644776312832,учебник,грамматика,,1,2024
7295053846191013888,разное,прочее,,4,2023
7316582538685710336,разное,прочее,,1,2023
7296161353387999232,курс_практикум,организация_группы,,1,2023
7336275054568669184,текст,тексты,Бхагавад-гита,6,2024
7317652598602858496,индия_путешествие,история_и_культура,Delhi,1,2023
7293120655787032576,учебник,грамматика,,1,2023
7321952043690622976,разное,прочее,,1,2024
7293591619704455168,разное,прочее,,1,2023
7296469283755786240,индия_путешествие,история_и_культура,,1,2023
7343598640961683456,индия_путешествие,история_и_культура,,1,2024
7342095367794589696,индия_путешествие,история_и_культура,Moscow,1,2024
7318383717596004352,разное,прочее,,1,2023
7295670422447587328,текст,тексты,,1,2023
7324264939824087040,курс_практикум,организация_группы,,2,2024
7340610135971069952,учебник,грамматика,,12,2024
7352777359738535936,разное,прочее,,3,2024
7303136055885037568,курс_практикум,организация_группы,,3,2023
7309580710160891904,знакомство,организация_группы,,2,2023
7343285113066618880,разное,прочее,,3,2024
7298062815626002432,словарь,лексикография,,1,2023
7335125070116814848,словарь,лексикография,Wikipedia,9,2024
7309856572821209088,разное,прочее,,1,2023
7294566125001506816,книга,книги_и_раздача,,1,2023
7323350175974424576,учебник,грамматика,,1,2024
7316246200739430400,книга,книги_и_раздача,Moscow,1,2023
7303129991100760064,разное,прочее,,1,2023
7351649732814438400,текст,тексты,,1,2024
7321873231149793280,словарь,лексикография,,11,2024
7303124920141086720,словарь,лексикография,,1,2023
7352993422728232960,текст,тексты,,1,2024
7345089074485526528,словарь,лексикография,,1,2024
7310623748329046016,сандхи_фонетика,грамматика,,1,2023
7342196496982343680,словообразование_сложные_слова,грамматика,,27,2024
7293416124359639040,текст,тексты,Apte Practical Sanskrit-English Dictionary|Vaman Shivram Apte|Varanasi|Пураны|Упанишады,4,2023
7343356468465238016,встреча_событие,организация_группы,Tatyana Elizarenkova,2,2024
7300593347987505152,книга,книги_и_раздача,Patañjali,1,2023
7329935842743418880,книга,книги_и_раздача,Бхагавад-гита,22,2024
7345467402666115072,текст,тексты,Махабхарата,1,2024
7353182506803265536,книга,книги_и_раздача,,1,2024
7354085254485770240,текст,тексты,Упанишады,1,2024
7305460646165872640,разное,прочее,,1,2023
7345010752063799296,текст,тексты,,2,2024
7321976126565253120,разное,прочее,Moscow,1,2024
7345593488001466368,разное,прочее,Аштадхьяи,5,2024
7297930093010092032,разное,прочее,,4,2023
7347974652205989888,склонение_падеж,грамматика,,3,2024
7299444309819916288,текст,тексты,,8,2023
7306402524455501824,книга,книги_и_раздача,,1,2023
7305000937851977728,индия_путешествие,история_и_культура,,1,2023
7351496902919061504,разное,прочее,Moscow,1,2024
7308146956942966784,шрифт,инструменты,Rudolph Roth,2,2023
7352892951963369472,книга,книги_и_раздача,Moscow,1,2024
7322792452774952960,сандхи_фонетика,грамматика,,1,2024
7308117064248459264,текст,тексты,,1,2023
7355441504127549440,книга,книги_и_раздача,,5,2024
7353517488224600064,книга,книги_и_раздача,,3,2024
7321788235024171008,панини,грамматика,Andrey Zaliznyak|Pāṇini|Аштадхьяи,1,2024
7326570324304068608,индия_путешествие,история_и_культура,,1,2024
7300524493301088256,книга,книги_и_раздача,Vācaspatyam,13,2023
7315122250454138880,частицы_служебные_слова,грамматика,,1,2023
7296205837153861632,учебник,грамматика,,7,2023
7298657241835503616,текст,тексты,,1,2023
7331373051730198528,индия_путешествие,история_и_культура,Moscow,1,2024
7345363094377332736,индия_путешествие,история_и_культура,Delhi,1,2024
7315484423248412672,текст,тексты,Рамаяна,1,2023
7335536646987710464,сайт,инструменты,GitHub,1,2024
7307245741995458560,разное,прочее,,4,2023
7348483047735427072,разное,прочее,,1,2024
7308599829083455488,сандхи_фонетика,грамматика,,1,2023
7326217280526745600,учебник,грамматика,,1,2024
7319574441838510080,разное,прочее,,1,2024
7308342845748805632,разное,прочее,,4,2023
7312908550645219328,текст,тексты,,1,2023
7303930626440167424,словарь,лексикография,,8,2023
7329577255678509056,спряжение_глагол,грамматика,,6,2024
7308444514000044032,учебник,грамматика,Moscow,1,2023
7295123407542157312,панини,грамматика,Pāṇini|Varanasi,1,2023
7299850949555650560,стотра_гимн,тексты,,1,2023
7307161613103005696,шрифт,инструменты,GitHub,14,2023
7322536297898180608,учебник,грамматика,Pāṇini,2,2024
7352235271645036544,словарь,лексикография,,1,2024
7344677018789740544,словарь,лексикография,Махабхарата|Пураны|Рамаяна|Ригведа|Упанишады,1,2024
7353626282403299328,разное,прочее,,18,2024
7321346610081824768,учебник,грамматика,,1,2024
7352410032667885568,текст,тексты,,1,2024
7307151432154611712,комментарии_ачарьи,тексты,Delhi|Moscow,1,2023
7279776843493801984,книга,книги_и_раздача,Moscow|Tatyana Elizarenkova,1,2023
7333425874330451968,текст,тексты,Упанишады,1,2024
7264862339602579456,словообразование_сложные_слова,грамматика,Махабхарата,1,2023
7282375125997977600,разное,прочее,,1,2023
7254792857521750016,разное,прочее,,5,2023
7277257626541359104,индия_путешествие,история_и_культура,Moscow,1,2023
7254613850185531392,словарь,лексикография,,3,2023
7238578240367886336,книга,книги_и_раздача,,3,2023
7248546955795628032,разное,прочее,,1,2023
7254592032612548608,книга,книги_и_раздача,,2,2023
7282716461035945984,книга,книги_и_раздача,,2,2023
7230821059064233984,персона_ученый,история_и_культура,Andrey Zaliznyak,1,2023
7266714228354973696,разное,прочее,Moscow,1,2023
7233300839554613248,текст,тексты,,1,2023
7278582159069151232,учебник,грамматика,,3,2023
7272010902064332800,учебник,грамматика,,5,2023
7264967811137536000,разное,прочее,,1,2023
7276026206737137664,текст,тексты,,1,2023
7263544238666678272,индия_путешествие,история_и_культура,Moscow,1,2023
7281711517092806656,книга,книги_и_раздача,,2,2023
7284969833513353216,учебник,грамматика,,1,2023
7260038987484495872,книга,книги_и_раздача,,1,2023
7273167489522991104,книга,книги_и_раздача,Махабхарата|Рамаяна,1,2023
7269730800704159744,разное,прочее,,1,2023
7292138971583217664,чтение,тексты,Moscow,1,2023
7277876384471449600,словарь,лексикография,,1,2023
7268804325035474944,текст,тексты,Панчатантра,4,2023
7278631319507042304,текст,тексты,Moscow,1,2023
7280415100064759808,книга,книги_и_раздача,,1,2023
7267978044184199168,книга,книги_и_раздача,Moscow,1,2023
7289348561088544768,словарь,лексикография,,2,2023
7260471806075600896,разное,прочее,,2,2023
7253552627461390336,текст,тексты,,4,2023
7249676491620876288,книга,книги_и_раздача,,1,2023
7270630748140339200,учебник,грамматика,,1,2023
7288593567683969024,курс_практикум,организация_группы,,1,2023
7274370266774372352,персона_ученый,история_и_культура,,1,2023
7235671450468745216,перевод_вопрос,переводы_и_издания,,4,2023
7271568608185024512,программа_приложение,инструменты,,3,2023
7262635539042402304,книга,книги_и_раздача,Moscow,1,2023
7260406265242714112,текст,тексты,,3,2023
7281974196649852928,учебник,грамматика,,1,2023
7265169580410011648,корпус_данные,инструменты,,1,2023
7254664545446133760,комментарии_ачарьи,тексты,,10,2023
7269301707466604544,словообразование_сложные_слова,грамматика,,7,2023
7232971200461275136,этимология,лексикография,,3,2023
7269358839579803648,панини,грамматика,,2,2023
7266436373676032000,индия_путешествие,история_и_культура,Moscow,1,2023
7258007433667149824,книга,книги_и_раздача,Moscow,1,2023
7274541259852611584,текст,тексты,Patañjali|Rudolph Roth|Аштадхьяи|Бхагавад-гита,3,2023
7258246763889295360,книга,книги_и_раздача,,10,2023
7286128868222566400,разное,прочее,,1,2023
7257152425332572160,текст,тексты,,5,2023
7279269365605728256,сравнительное_языкознание,лексикография,,1,2023
7280033747412451328,разное,прочее,Delhi,1,2023
7287834356514553856,разное,прочее,Рамаяна,1,2023
7253325275620966400,книга,книги_и_раздача,,1,2023
7279087468609011712,текст,тексты,,1,2023
7228874144797949952,текст,тексты,,1,2023
7288971504151166976,разное,прочее,Moscow,1,2023
7247831260822765568,книга,книги_и_раздача,,1,2023
7257177892086349824,спряжение_глагол,грамматика,,1,2023
7281399703742185472,шрифт,инструменты,,1,2023
7268005447986053120,учебник,грамматика,,7,2023
7278352356384702464,стотра_гимн,тексты,,2,2023
7233164712015298560,текст,тексты,,1,2023
7292613008325345280,разное,прочее,,9,2023
7258736986129694720,книга,книги_и_раздача,,1,2023
7253211124902920192,книга,книги_и_раздача,Moscow,1,2023
7237538799288320000,текст,тексты,,1,2023
7246048764757016576,шрифт,инструменты,,7,2023
7288966550063677440,разное,прочее,,1,2023
7281174475528208384,книга,книги_и_раздача,,1,2023
7266474790471335936,учебник,грамматика,,9,2023
7245288004478042112,книга,книги_и_раздача,,1,2023
7278292757910650880,учебник,грамматика,,1,2023
7231832314355908608,разное,прочее,Moscow,1,2023
7244085530268270592,сравнительное_языкознание,лексикография,,4,2023
7268553275781152768,учебник,грамматика,,1,2023
7256364401627758592,текст,тексты,Moscow,1,2023
7250920151540826112,панини,грамматика,Patañjali,2,2023
7234644392227635200,персона_ученый,история_и_культура,,1,2023
7254247230995955712,текст,тексты,,2,2023
7288708248880807936,учебник,грамматика,Patañjali,1,2023
7261218030982529024,текст,тексты,,3,2023
7231132128951402496,комментарии_ачарьи,тексты,,1,2023
7278556413753819136,индия_путешествие,история_и_культура,Delhi,1,2023
7231586041224757248,учебник,грамматика,Йога-Васиштха,1,2023
7285206215218429952,программа_приложение,инструменты,,1,2023
7260436281544409088,книга,книги_и_раздача,,1,2023
7232189985884995584,разное,прочее,Moscow,4,2023
7277483990543499264,книга,книги_и_раздача,,1,2023
7242062662256820224,склонение_падеж,грамматика,,2,2023
7291680411924561920,разное,прочее,Wikipedia,1,2023
7235470208453836800,разное,прочее,,4,2023
7263116093332389888,учебник,грамматика,,1,2023
7286533382108872704,разное,прочее,Пураны,1,2023
7258164559368683520,словарь,лексикография,,1,2023
7214479959586242560,шрифт,инструменты,,1,2023
7183596095238307840,синтаксис,грамматика,,2,2023
7201915750391480320,книга,книги_и_раздача,Moscow,1,2023
7200387269060984832,текст,тексты,,9,2023
7193573128415477760,книга,книги_и_раздача,,1,2023
7186596936803155968,разное,прочее,Ригведа,1,2023
7179671517943300096,программа_приложение,инструменты,,1,2022
7202197687727292416,текст,тексты,,2,2023
7196736218873200640,книга,книги_и_раздача,,1,2023
7180290129863376896,словарь,лексикография,,1,2022
7213345880475172864,словарь,лексикография,,1,2023
7208833012582055936,текст,тексты,Wikipedia|Упанишады,12,2023
7214565125823397888,книга,книги_и_раздача,,1,2023
7202213715604668416,текст,тексты,,1,2023
7218283431227031552,книга,книги_и_раздача,,2,2023
7180321837301104640,словарь,лексикография,Andrey Zaliznyak|Pāṇini,1,2022
7225315990970564608,разное,прочее,,1,2023
7228287137479655424,книга,книги_и_раздача,,3,2023
7179887380375011328,разное,прочее,,1,2022
7205878388949516288,книга,книги_и_раздача,,1,2023
7215182820988157952,текст,тексты,Tatyana Elizarenkova,6,2023
7222192962278522880,разное,прочее,,1,2023
7209656113147412480,разное,прочее,,1,2023
7222564222626955264,разное,прочее,,1,2023
7206821781229797376,текст,тексты,Rudolph Roth,14,2023
7187303317722103808,сайт,инструменты,GitHub,1,2023
7219217630044880896,словарь,лексикография,,1,2023
7187312600193957888,сайт,инструменты,GitHub,1,2023
7205101263516598272,книга,книги_и_раздача,Moscow,1,2023
7198526991380774912,текст,тексты,,19,2023
7188243195902296064,учебник,грамматика,,2,2023
7200515515333214208,разное,прочее,,1,2023
7206284868372660224,словарь,лексикография,,3,2023
7207536197043748864,шрифт,инструменты,Moscow,3,2023
7201083748410982400,мантра_бхакти,тексты,,1,2023
7185631878842417152,разное,прочее,,3,2023
7194006682717913088,книга,книги_и_раздача,,6,2023
7210284391134658560,разное,прочее,,9,2023
7198943394467414016,этимология,лексикография,Andrey Zaliznyak,2,2023
7181723561708486656,разное,прочее,Moscow,1,2022
7222746910007754752,книга,книги_и_раздача,,1,2023
7201578900671954944,текст,тексты,DCS|Махабхарата|Пураны|Рамаяна|Упанишады,15,2023
7215123168056311808,книга,книги_и_раздача,,1,2023
7200702572278054912,разное,прочее,,9,2023
7182862553624608768,панини,грамматика,Pāṇini,1,2022
7206192784690118656,учебник,грамматика,,1,2023
7228170839574708224,учебник,грамматика,,1,2023
7193999718852067328,книга,книги_и_раздача,,3,2023
7199635057281073152,словарь,лексикография,Grosses Petersburger Wörterbuch|Otto Böhtlingk|Махабхарата|Рамаяна|Ригведа,2,2023
7202211326890868736,этимология,лексикография,,3,2023
7199280894594514944,текст,тексты,,5,2023
7225908554132094976,словарь,лексикография,,1,2023
7186412316220456960,перевод_вопрос,переводы_и_издания,,1,2023
7213669080106008576,словарь,лексикография,,1,2023
7196894131551993856,перевод_вопрос,переводы_и_издания,,8,2023
7208142242016395264,книга,книги_и_раздача,Moscow,1,2023
7204398777063440384,сайт,инструменты,,1,2023
7220144110200422400,курс_практикум,организация_группы,Moscow,2,2023
7219705529388498944,этимология,лексикография,,2,2023
7186414830478163968,спряжение_глагол,грамматика,,1,2023
7193998587619966976,книга,книги_и_раздача,,2,2023
7195183467385061376,текст,тексты,Saint Petersburg,3,2023
7200513475162931200,панини,грамматика,Pāṇini,7,2023
7224079806017568768,текст,тексты,,2,2023
7211912899579609088,книга,книги_и_раздача,,1,2023
7191140299740020736,книга,книги_и_раздача,,1,2023
7208945137374724096,книга,книги_и_раздача,,1,2023
7217299683422502912,стотра_гимн,тексты,,1,2023
7214083292969041920,комментарии_ачарьи,тексты,,1,2023
7197896472927404032,текст,тексты,,2,2023
7212006001828954112,текст,тексты,,1,2023
7186413863578894336,словарь,лексикография,,2,2023
7185137131534155776,текст,тексты,,1,2023
7218700448095535104,разное,прочее,,1,2023
7200698418506760192,словарь,лексикография,,1,2023
7217749823165825024,разное,прочее,,1,2023
7224442876214640640,текст,тексты,,1,2023
7219194322219958272,текст,тексты,,2,2023
7200379045501992960,учебник,грамматика,,3,2023
7182849141464104960,книга,книги_и_раздача,Moscow,1,2022
7193972956112879616,книга,книги_и_раздача,,1,2023
7200376989610409984,разное,прочее,Pāṇini,13,2023
7199692713852141568,перевод_вопрос,переводы_и_издания,,3,2023
7191380006111543296,разное,прочее,,1,2023
7186563649510572032,сайт,инструменты,,2,2023
7179299422754308096,текст,тексты,,5,2022
7196311486772281344,книга,книги_и_раздача,Delhi,1,2023
7206665717718974464,словарь,лексикография,Georg Bühler,2,2023
7224950450230919168,текст,тексты,,1,2023
7214569086695505920,сайт,инструменты,GitHub,1,2023
7191131742358470656,текст,тексты,Рамаяна,5,2023
7202508190478499840,книга,книги_и_раздача,Пураны,1,2023
7210366455189078016,программа_приложение,инструменты,,1,2023
7213312789155151872,книга,книги_и_раздача,,1,2023
7218603037812588544,словарь,лексикография,,1,2023
7215691502915158016,словарь,лексикография,Horace Hayman Wilson|Wilson Sanskrit-English Dictionary,2,2023
7201033814674505728,словарь,лексикография,Delhi|Monier-Williams,1,2023
7201129773979926528,шрифт,инструменты,,4,2023
7135708204624773120,персона_ученый,история_и_культура,,1,2022
7147303652510662656,текст,тексты,Махабхарата,2,2022
7172626661041504256,учебник,грамматика,Pāṇini,1,2022
7171787110113869824,стотра_гимн,тексты,,1,2022
7139488811626528768,спряжение_глагол,грамматика,,1,2022
7149597070315225088,сравнительное_языкознание,лексикография,,1,2022
7132013927870758912,книга,книги_и_раздача,,1,2022
7149657092030201856,курс_практикум,организация_группы,,1,2022
7114227792143712256,разное,прочее,,3,2022
7127514301481353216,встреча_событие,организация_группы,Delhi,1,2022
7154692850555289600,учебник,грамматика,,1,2022
7128094191341535232,программа_приложение,инструменты,,1,2022
7136991207955103744,шрифт,инструменты,,1,2022
7175077773795393536,книга,книги_и_раздача,,1,2022
7108253292394708992,стотра_гимн,тексты,,1,2022
7118610185669574656,учебник,грамматика,,1,2022
7132824292737155072,текст,тексты,,1,2022
7138084932281171968,учебник,грамматика,,1,2022
7142544660828782592,сравнительное_языкознание,лексикография,Grosses Petersburger Wörterbuch|Moscow,16,2022
7156240310742286336,спряжение_глагол,грамматика,,3,2022
7120505553065869312,книга,книги_и_раздача,,1,2022
7144381426603917312,шрифт,инструменты,,1,2022
7173351520865353728,учебник,грамматика,,1,2022
7114946829068795904,учебник,грамматика,Moscow|Рамаяна,1,2022
7137763389008248832,разное,прочее,Упанишады,8,2022
7133491650070839296,курс_практикум,организация_группы,,1,2022
7152814099649265664,книга,книги_и_раздача,,2,2022
7123847931487059968,учебник,грамматика,Moscow,1,2022
7116060596896792576,учебник,грамматика,,1,2022
7121044194606448640,учебник,грамматика,,1,2022
7162082650568523776,разное,прочее,,1,2022
7178624911755182080,книга,книги_и_раздача,,4,2022
7120876931000565760,разное,прочее,,5,2022
7116260554997497856,текст,тексты,Moscow|Рамаяна,1,2022
7105039598639644672,текст,тексты,,7,2022
7150582944883539968,шрифт,инструменты,Andrey Zaliznyak|Wikipedia,4,2022
7143992617423863808,разное,прочее,,1,2022
7162209035478892544,текст,тексты,Аштадхьяи|Упанишады,11,2022
7146161457663574016,разное,прочее,,1,2022
7140842807684497408,книга,книги_и_раздача,,2,2022
7159233108377600000,сайт,инструменты,,2,2023
7147091563141660672,словарь,лексикография,Упанишады,3,2022
7141007034517815296,курс_практикум,организация_группы,,3,2022
7178415854810300416,учебник,грамматика,,1,2022
7111994964648656896,спряжение_глагол,грамматика,Аштадхьяи,3,2022
7175118877341253632,шрифт,инструменты,,1,2022
7148864937955164160,мантра_бхакти,тексты,,1,2022
7130161723386888192,разное,прочее,,1,2022
7171833984134938624,книга,книги_и_раздача,,1,2022
7120646555973976064,разное,прочее,,1,2022
7129919694593589248,программа_приложение,инструменты,,1,2022
7145125229401997312,книга,книги_и_раздача,,2,2022
7140922623542689792,разное,прочее,,9,2022
7103884483902832640,книга,книги_и_раздача,Махабхарата,2,2022
7172494043595669504,курс_практикум,организация_группы,Pāṇini,3,2022
7143594916099129344,традиция_философия,история_и_культура,,1,2022
7119024009230942208,учебник,грамматика,Pāṇini,1,2022
7146156830870208512,текст,тексты,,7,2022
7172122099983581184,разное,прочее,,1,2022
7114538107626586112,шрифт,инструменты,,1,2022
7173020041620750336,разное,прочее,,3,2022
7149987233870643200,учебник,грамматика,,1,2022
7118000085538963456,книга,книги_и_раздача,,2,2022
7114199417850167296,разное,прочее,,1,2022
7119007046671794176,книга,книги_и_раздача,,1,2022
7137581338741178368,книга,книги_и_раздача,Бхагавад-гита,3,2022
7177081202542641152,индия_путешествие,история_и_культура,,3,2022
7120489687568875520,разное,прочее,,1,2022
7154691755332337664,сандхи_фонетика,грамматика,,3,2022
7113884647705018368,учебник,грамматика,Varanasi,1,2022
7137963462792052736,текст,тексты,Рамаяна,7,2022
7147567484210511872,разное,прочее,,1,2022
7102824291774758912,разное,прочее,,1,2022
7160788976885825536,текст,тексты,,3,2022
7175246384968237056,разное,прочее,,1,2022
7177618224269230080,книга,книги_и_раздача,,10,2022
7157348861640441856,книга,книги_и_раздача,Moscow,1,2022
7109050049432125440,программа_приложение,инструменты,,1,2022
7140009576359788544,разное,прочее,,1,2022
7113299528804990976,этимология,лексикография,Pāṇini,2,2022
7151499907934715904,текст,тексты,,7,2022
7144334712548360192,текст,тексты,DCS|Monier-Williams,7,2022
7142077206409248768,учебник,грамматика,,1,2022
7152986884925292544,разное,прочее,,7,2022
7168929527394992128,словарь,лексикография,,3,2022
7146012562069389312,текст,тексты,Упанишады,1,2022
7164682874446151680,шрифт,инструменты,,1,2022
7108612215236722688,синтаксис,грамматика,Moscow,1,2022
7123412796913483776,книга,книги_и_раздача,,1,2022
7117290652983885824,разное,прочее,,2,2022
7129397870185152512,учебник,грамматика,Moscow,1,2022
7138492682297409536,встреча_событие,организация_группы,,1,2022
7158777841605148672,встреча_событие,организация_группы,,1,2022
7102516780300500992,словарь,лексикография,,1,2022
7156936404518305792,учебник,грамматика,,2,2022
7178145339484930048,книга,книги_и_раздача,Рамаяна,1,2022
7091626716169240576,книга,книги_и_раздача,,1,2022
7061074314721755136,книга,книги_и_раздача,,1,2022
7083406292052606976,учебник,грамматика,Andrey Zaliznyak|Ferdinand Knauer,3,2022
7097705842821038080,книга,книги_и_раздача,,1,2022
7085190288802578432,текст,тексты,,1,2022
7097705392757538816,книга,книги_и_раздача,,3,2022
7074446893561937920,текст,тексты,,9,2022
7078174424804884480,учебник,грамматика,,1,2022
7086492659338969088,разное,прочее,,2,2022
7096730510724956160,книга,книги_и_раздача,Ferdinand Knauer,1,2022
7093331974769606656,синтаксис,грамматика,,1,2022
7075239647653134336,книга,книги_и_раздача,,2,2022
7065951038969217024,разное,прочее,,1,2022
7101287118294482944,словарь,лексикография,Ferdinand Knauer,1,2022
7098289003682594816,книга,книги_и_раздача,,1,2022
7064182590541922304,разное,прочее,Ригведа,5,2022
7078285348275486720,учебник,грамматика,Pāṇini,1,2022
7075412618084614144,разное,прочее,,6,2022
7061657787815690240,разное,прочее,,7,2022
7089361710715240448,разное,прочее,,1,2022
7091376499948781568,текст,тексты,Бхагавад-гита,17,2022
7071869782918692864,книга,книги_и_раздача,,1,2022
7092674820002807808,книга,книги_и_раздача,,1,2022
7088350930364530688,текст,тексты,Рамаяна,2,2022
7065627386383958016,книга,книги_и_раздача,,1,2022
7091611601056301056,текст,тексты,Бхагавад-гита,1,2022
7081540414039130112,книга,книги_и_раздача,,1,2022
7076800662768451584,словарь,лексикография,,4,2022
7082754660541399040,словарь,лексикография,,1,2022
7070013202466078720,книга,книги_и_раздача,,1,2022
7096385158613303296,словарь,лексикография,Moscow,1,2022
7098437409204862976,стотра_гимн,тексты,,1,2022
7083898570182492160,текст,тексты,Рамаяна,2,2022
7083797951978405888,разное,прочее,,1,2022
7096359431043022848,встреча_событие,организация_группы,,1,2022
7093908102977683456,книга,книги_и_раздача,,1,2022
7084620996900028416,текст,тексты,Ригведа,1,2022
7080111805674029056,словарь,лексикография,,2,2022
7092701027968745472,склонение_падеж,грамматика,,6,2022
7080034274019115008,шрифт,инструменты,,1,2022
7092339499955388416,сайт,инструменты,Saint Petersburg,1,2022
7075668721157537792,учебник,грамматика,,1,2022
7070145805184663552,разное,прочее,,1,2022
7075240027872034816,разное,прочее,,1,2022
7065550864859004928,панини,грамматика,Pāṇini,1,2022
7070851501698056192,частицы_служебные_слова,грамматика,,4,2022
7060769678679867392,книга,книги_и_раздача,,3,2022
7070738563783983104,книга,книги_и_раздача,,1,2022
7101348625864720384,разное,прочее,,1,2022
7100194766333149184,панини,грамматика,,8,2022
7090420405792407552,разное,прочее,,1,2022
7087628341048508416,книга,книги_и_раздача,,1,2022
7085797091563274240,разное,прочее,,1,2022
7100568836697489408,книга,книги_и_раздача,Moscow,1,2022
7062203862809051136,разное,прочее,,3,2022
7087429160760508416,синтаксис,грамматика,Moscow,1,2022
7075412556457705472,разное,прочее,,1,2022
7094549229083820032,словарь,лексикография,,1,2022
7080410589151887360,словарь,лексикография,,1,2022
7065355333925863424,разное,прочее,,1,2022
7060346541096042496,книга,книги_и_раздача,,1,2022
7093381567574179840,текст,тексты,Рамаяна,2,2022
7096793963828346880,сандхи_фонетика,грамматика,,2,2022
7078181083130363904,разное,прочее,,1,2022
7091019344469032960,шрифт,инструменты,Бхагавад-гита,1,2022
7072043877138432000,курс_практикум,организация_группы,,1,2022
7098574852312793088,книга,книги_и_раздача,,1,2022
7088212649952935936,учебник,грамматика,Pāṇini,2,2022
7088040753548492800,текст,тексты,,1,2022
7093974103700275200,учебник,грамматика,Pāṇini,3,2022
7086660088222449664,индия_путешествие,история_и_культура,Delhi|Wikipedia,3,2022
7076742422521184256,книга,книги_и_раздача,,1,2022
7074554122102374400,мантра_бхакти,тексты,,7,2022
7076221060944756736,текст,тексты,,1,2022
7069661559269621760,синтаксис,грамматика,,1,2022
7096098625346863104,книга,книги_и_раздача,,1,2022
7060458918815727616,учебник,грамматика,,1,2022
7095328218622722048,спряжение_глагол,грамматика,,1,2022
7076723313195614208,сайт,инструменты,,1,2022
7096771173426397184,книга,книги_и_раздача,,1,2022
7095717551510913024,сандхи_фонетика,грамматика,,2,2022
7090779348852015104,разное,прочее,,1,2022
7087089827581001728,текст,тексты,,4,2022
7084686269162192896,разное,прочее,,1,2022
7091697119765987328,текст,тексты,,1,2022
7071686535670661120,книга,книги_и_раздача,,1,2022
7071988367170207744,книга,книги_и_раздача,Saint Petersburg,1,2022
7071975885080887296,этимология,лексикография,Rudolph Roth|Wikipedia,4,2022
7074097919091015680,книга,книги_и_раздача,,6,2022
7079776789543780352,учебник,грамматика,Pāṇini,2,2022
7090505179179515904,словарь,лексикография,,8,2022
7078612428048564224,курс_практикум,организация_группы,,1,2022
7020353607131201536,учебник,грамматика,,3,2021
7030025991432962048,разное,прочее,,2,2021
7018079576445157376,словарь,лексикография,Moscow,5,2021
7034995427520806912,книга,книги_и_раздача,,3,2021
7056738180902420480,разное,прочее,,5,2022
7034929079205756928,панини,грамматика,,3,2021
7040070574102544384,разное,прочее,,2,2021
7032939194471153664,книга,книги_и_раздача,Бхагавад-гита,5,2021
7034918659458859008,учебник,грамматика,Moscow,1,2021
7041681162316546048,словарь,лексикография,Pāṇini|Аштадхьяи,6,2023
7016769298622316544,комментарии_ачарьи,тексты,,8,2021
7036009692584214528,разное,прочее,,1,2021
7057205392463364096,словарь,лексикография,Andrey Zaliznyak|Ferdinand Knauer|Georg Bühler,1,2022
7031098362639155200,текст,тексты,Махабхарата,5,2021
7054564098290221056,книга,книги_и_раздача,Saint Petersburg,1,2022
7052454413714063360,исправление_опечаток,лексикография,,1,2022
7055308025704218624,словарь,лексикография,,1,2022
7012914758772850688,панини,грамматика,Patañjali,5,2021
7055215005185081344,разное,прочее,,1,2022
7040156629206040576,учебник,грамматика,,4,2021
7047156957429366784,разное,прочее,,5,2021
7052342800619143168,разное,прочее,,1,2022
7038876059405647872,разное,прочее,Moscow,3,2021
7022190566295207936,словарь,лексикография,Ferdinand Knauer|Saint Petersburg,2,2021
7046303461195907072,книга,книги_и_раздача,,3,2022
7020326783816826880,сандхи_фонетика,грамматика,,3,2021
7037251662996570112,текст,тексты,,6,2021
7026704573325639680,астрология,прочее,Махабхарата,9,2021
7030730066737758208,текст,тексты,Махабхарата,1,2021
7058384443865563136,текст,тексты,Ригведа,1,2022
7045903953837424640,разное,прочее,,13,2022
7031143298102198272,учебник,грамматика,,4,2021
7026075904240517120,встреча_событие,организация_группы,Moscow,3,2021
7045846166627418112,разное,прочее,,2,2022
7056849369876660224,разное,прочее,,3,2022
7033418280903639040,текст,тексты,,5,2021
7022476566224437248,разное,прочее,,4,2021
7059398391256580096,разное,прочее,,1,2022
7040735727366176768,персона_ученый,история_и_культура,Andrey Zaliznyak,2,2021
7041631822992637952,разное,прочее,,4,2021
7054136220337569792,учебник,грамматика,,1,2022
7031791094142599168,книга,книги_и_раздача,Moscow,2,2021
7030350923288281088,разное,прочее,,2,2021
7028557674457333760,книга,книги_и_раздача,Moscow,1,2021
7054887367157481472,учебник,грамматика,,30,2023
7024217128663252992,книга,книги_и_раздача,,2,2021
7042626892490342400,книга,книги_и_раздача,,1,2021
7024467267970662400,разное,прочее,Аштадхьяи,5,2021
7052080899651796992,учебник,грамматика,,1,2022
7024893879782473728,текст,тексты,,3,2021
7060342091947180032,разное,прочее,,1,2022
7044124199796867072,разное,прочее,,1,2021
7028700219861630976,билингва_английский,переводы_и_издания,,7,2021
7030709674798219264,шрифт,инструменты,,6,2021
7060052598715318272,шрифт,инструменты,,3,2022
7022937171457736704,разное,прочее,Аштадхьяи,11,2021
7030102615971069952,разное,прочее,,1,2021
7022955738299367424,текст,тексты,Бхагавад-гита|Пураны,1,2021
7032613070291599360,корпус_данные,инструменты,,2,2021
7053096357644468224,словарь,лексикография,,2,2022
7031411914544513024,книга,книги_и_раздача,,5,2021
7013781388673417216,разное,прочее,Аштадхьяи,6,2021
7058925014762913792,словарь,лексикография,Grosses Petersburger Wörterbuch|Рамаяна,1,2022
7055302405769920512,разное,прочее,,3,2022
7032019705898467328,панини,грамматика,,2,2021
7019920370550439936,словарь,лексикография,,3,2021
7059255276607635456,pdf,инструменты,,1,2022
7053775095816257536,индия_путешествие,история_и_культура,,1,2022
7052301771467653120,учебник,грамматика,,2,2022
7033755605887090688,книга,книги_и_раздача,Delhi|Махабхарата,1,2021
7044902855102169088,комментарии_ачарьи,тексты,Patañjali,2,2021
7060052084530348032,разное,прочее,,1,2022
7056672526289600512,мантра_бхакти,тексты,,1,2022
7027819886036385792,учебник,грамматика,,2,2021
7049792225458257920,разное,прочее,Pune|Махабхарата,7,2022
7035344536623644672,шрифт,инструменты,,2,2021
7030661396618543104,программа_приложение,инструменты,Moscow|Patañjali|Saint Petersburg,3,2021
7036378110832410624,этимология,лексикография,Monier-Williams,1,2021
7045568810755031040,книга,книги_и_раздача,,1,2021
7055923563363041280,словарь,лексикография,Pune|Махабхарата,10,2022
7040918249307897856,текст,тексты,Панчатантра,1,2021
7039641504353091584,текст,тексты,Moscow|Махабхарата,1,2021
7017778142640078848,перевод_вопрос,переводы_и_издания,,3,2021
7046275146068262912,курс_практикум,организация_группы,,1,2021
7040377927201980416,книга,книги_и_раздача,,1,2021
7051155162613678080,разное,прочее,Аштадхьяи,7,2022
7035729501799579648,учебник,грамматика,Tatyana Elizarenkova|Ригведа,2,2021
7030247006276681728,разное,прочее,,3,2021
7018722815923716096,словарь,лексикография,,1,2021
7039348346918535168,билингва_английский,переводы_и_издания,,2,2021
7026352578503901184,текст,тексты,Пураны|Упанишады,3,2021
7035171449761431552,разное,прочее,,12,2021
7020328322052653056,словарь,лексикография,GitHub,7,2021
7028451087116926976,разное,прочее,Varanasi|Махабхарата,6,2021
7029625116243787776,шрифт,инструменты,,2,2021
7053674781498933248,курс_практикум,организация_группы,,6,2022
7017737988404674560,этимология,лексикография,Аштадхьяи,2,2021
7036458312224735232,словарь,лексикография,,3,2021
7060026997107326976,индия_путешествие,история_и_культура,,1,2022
6954388509577707520,разное,прочее,,1,2021
7003493858066563072,разное,прочее,,2,2021
6975768299282890752,традиция_философия,история_и_культура,,1,2021
7004351362236416000,учебник,грамматика,,1,2021
6974232778468491264,встреча_событие,организация_группы,,3,2021
6955467311598796800,книга,книги_и_раздача,,3,2021
6975955310464729088,панини,грамматика,Pāṇini|Аштадхьяи,2,2021
7010457272051564544,учебник,грамматика,Tatyana Elizarenkova,4,2021
6999256369141383168,разное,прочее,,2,2021
7001582937332252672,текст,тексты,Śaṅkara|Бхагавад-гита|Пураны,12,2021
6953213212002091008,спряжение_глагол,грамматика,Patañjali,2,2021
6949157114876002304,учебник,грамматика,,1,2021
6982058448402776064,текст,тексты,Бхагавад-гита|Махабхарата,12,2021
6956983302999769088,администрирование_группы,организация_группы,,3,2021
6987621659980070912,билингва_английский,переводы_и_издания,,1,2021
6954822816176799744,сандхи_фонетика,грамматика,Wikipedia,6,2021
7011426992823205888,сайт,инструменты,,2,2021
7000443396554752000,разное,прочее,,1,2021
6953884244403814400,разное,прочее,,6,2021
7003948910350696448,учебник,грамматика,Tatyana Elizarenkova,1,2021
7000297596762718208,книга,книги_и_раздача,,1,2021
6952457974871752704,словарь,лексикография,Moscow,1,2021
6967783953526685696,курс_практикум,организация_группы,,1,2021
6984804873946529792,персона_ученый,история_и_культура,Ferdinand Knauer,2,2021
6980773102207631360,текст,тексты,Бхагавад-гита|Упанишады,7,2021
6960720486236946432,этимология,лексикография,,1,2021
6990343085379026944,книга,книги_и_раздача,,3,2021
6998474440122040320,сайт,инструменты,,2,2021
6977511592759918592,разное,прочее,,1,2021
7005547918306312192,склонение_падеж,грамматика,,9,2021
7004754682249740288,комментарии_ачарьи,тексты,,5,2021
6977444383106793472,разное,прочее,,1,2021
6974767382811115520,книга,книги_и_раздача,Saint Petersburg,1,2021
7005966908397715456,учебник,грамматика,,3,2021
6955381889561526272,чтение,тексты,,10,2021
7000230670660272128,панини,грамматика,,1,2021
6983734800160915456,сандхи_фонетика,грамматика,,2,2021
6953996328511733760,знакомство,организация_группы,,4,2021
6984677687081041920,шрифт,инструменты,,4,2021
6949617651028066304,разное,прочее,,3,2021
6983158836155645952,словарь,лексикография,Аштадхьяи,3,2021
6960976907497111552,шрифт,инструменты,,4,2021
6962769922700083200,текст,тексты,,1,2021
6961016034430025728,словарь,лексикография,Махабхарата,2,2021
6985689589096644608,шрифт,инструменты,,1,2021
6979696052477624320,разное,прочее,Pāṇini,3,2021
6987023849594290176,текст,тексты,Andrey Zaliznyak|Patañjali|Wikipedia|Бхагавад-гита,21,2021
6978143322742194176,разное,прочее,Wikipedia,3,2021
6965401416307310592,разное,прочее,,1,2021
6991055827419267072,этимология,лексикография,Dropbox,5,2021
6993677270523052032,текст,тексты,Упанишады,4,2021
6980350944677462016,этимология,лексикография,Pāṇini,9,2021
6961401748970799104,учебник,грамматика,Moscow|Patañjali|Pāṇini|Saint Petersburg,3,2021
6991065418897031168,разное,прочее,,1,2021
6954711720552038400,сандхи_фонетика,грамматика,,7,2021
6982710457821822976,учебник,грамматика,,1,2021
6985485723913682944,pdf,инструменты,Wikipedia,2,2021
7005244788589985792,словарь,лексикография,DCS,7,2021
6948879037715447808,спряжение_глагол,грамматика,,3,2021
6996355876581801984,словарь,лексикография,Wikipedia,5,2021
6982795587661856768,разное,прочее,Аштадхьяи,7,2021
7010682875699789824,разное,прочее,,1,2021
6969508883725287424,разное,прочее,,1,2021
6991161264064954368,разное,прочее,GitHub|Patañjali|Ригведа,8,2021
6967074870092890112,словарь,лексикография,,2,2021
6984724860612116480,спряжение_глагол,грамматика,,3,2021
6949189413543870464,панини,грамматика,,3,2021
7001757177109020672,книга,книги_и_раздача,Упанишады,3,2021
7006376820562984960,учебник,грамматика,,2,2021
7008210033254072320,книга,книги_и_раздача,,1,2021
6983217520345874432,учебник,грамматика,,1,2021
6968499938658353152,сандхи_фонетика,грамматика,,3,2021
6955038836246183936,спряжение_глагол,грамматика,,1,2021
6971495956144455680,книга,книги_и_раздача,,1,2021
7009594392529862656,словарь,лексикография,Ferdinand Knauer|Georg Bühler,5,2021
7007119340252168192,учебник,грамматика,Пураны,1,2021
6988190702101331968,словарь,лексикография,,1,2021
6975952567233675264,панини,грамматика,Pāṇini,1,2021
7005877855992152064,книга,книги_и_раздача,,1,2021
6983689148429238272,разное,прочее,,1,2021
6999947951265021952,словарь,лексикография,Moscow|Махабхарата|Рамаяна,2,2021
6967860001315487744,текст,тексты,Бхагавад-гита|Пураны,7,2021
6975434968689278976,разное,прочее,,3,2021
6985425084746825728,разное,прочее,Pāṇini|Аштадхьяи|Ригведа,22,2023
6954370936138104832,стотра_гимн,тексты,Dropbox,4,2021
6988003626533781504,книга,книги_и_раздача,,8,2021
7002655248966746112,книга,книги_и_раздача,,5,2021
7003317916707848192,курс_практикум,организация_группы,,4,2021
6972502629821710336,разное,прочее,Monier-Williams|Rudolph Roth|Ригведа,21,2021
7012862169480953856,сравнительное_языкознание,лексикография,,1,2021
7000628680763375616,комментарии_ачарьи,тексты,,1,2021
7009924643578445824,комментарии_ачарьи,тексты,Śaṅkara,4,2021
7010326423854383104,курс_практикум,организация_группы,,2,2021
6995986506385981440,разное,прочее,,3,2021
6991408152672468992,билингва_английский,переводы_и_издания,Pune|Varanasi|Śaṅkara,1,2021
7006913989012619264,текст,тексты,Pāṇini|Tatyana Elizarenkova,72,2021
6962095711119736832,книга,книги_и_раздача,,1,2021
6984679982396080128,словарь,лексикография,Dropbox|Moscow,6,2021
6999726916258234368,разное,прочее,,2,2021
6890209838949728256,словарь,лексикография,DCS|Georg Bühler,2,2020
6852586567157940224,билингва_английский,переводы_и_издания,Delhi,2,2020
6934639280627122176,словарь,лексикография,,2,2021
6902503273127739392,словарь,лексикография,,6,2020
6892693851778056192,словарь,лексикография,,2,2020
6916763513255886848,учебник,грамматика,,1,2021
6945394562862940160,словарь,лексикография,,1,2021
6921248303338225664,словарь,лексикография,Бхагавад-гита|Пураны,1,2021
6939887872439746560,словарь,лексикография,,1,2021
6881835829148254208,разное,прочее,Аштадхьяи,7,2020
6927131259883749376,текст,тексты,,2,2021
6948449663115591680,панини,грамматика,Pāṇini,1,2021
6945140045418332160,словарь,лексикография,,3,2021
6935760873863512064,разное,прочее,,3,2021
6895305831846248448,словарь,лексикография,Ferdinand Knauer|Аштадхьяи,63,2020
6862876752875618304,йога_васиштха,тексты,,6,2020
6945178089010757632,текст,тексты,Бхагавад-гита|Махабхарата,7,2021
6914557556554727424,учебник,грамматика,,1,2021
6920153780870709248,словарь,лексикография,,1,2021
6867870973605969920,словарь,лексикография,,1,2020
6899927154740428800,панини,грамматика,Pāṇini|Аштадхьяи|Махабхарата,2,2020
6860932235728519168,книга,книги_и_раздача,Бхагавад-гита,2,2020
6945917940881424384,разное,прочее,,3,2021
6916098271005900800,словарь,лексикография,Cappeller Sanskrit-English Dictionary|Carl Cappeller|Grosses Petersburger Wörterbuch,5,2021
6911658609422106624,словарь,лексикография,Monier-Williams|Patañjali,3,2021
6916130436158586880,словарь,лексикография,Georg Bühler,1,2021
6864960388646043648,книга,книги_и_раздача,Ригведа,1,2020
6885276217368379392,словарь,лексикография,Horace Hayman Wilson|Wikipedia|Wilson Sanskrit-English Dictionary,8,2021
6938285116425764864,синтаксис,грамматика,,1,2021
6864082155628134400,разное,прочее,Wikipedia,6,2020
6901951314285035520,разное,прочее,,4,2021
6918014969664503808,сандхи_фонетика,грамматика,Pāṇini,15,2021
6948445673506209792,панини,грамматика,Monier-Williams|Patañjali|Śaṅkara,6,2021
6935789697385889792,книга,книги_и_раздача,,1,2021
6910166168908070912,книга,книги_и_раздача,,1,2020
6912828965601148928,разное,прочее,,4,2021
6948836391292764160,книга,книги_и_раздача,,2,2021
6924661546299686912,книга,книги_и_раздача,,1,2021
6861180522950819840,учебник,грамматика,,1,2020
6913493037392855040,текст,тексты,Ригведа,7,2021
6947730079263752192,словарь,лексикография,,2,2021
6935471254388342784,текст,тексты,Бхагавад-гита,4,2021
6920550456606326784,словарь,лексикография,Monier-Williams|Vācaspatyam|Пураны,12,2021
6898004525169246208,словарь,лексикография,,1,2020
6914343553488388096,персона_ученый,история_и_культура,Grosses Petersburger Wörterbuch|Otto Böhtlingk,4,2021
6863613371258765312,разное,прочее,,2,2020
6943545404116959232,программа_приложение,инструменты,,5,2021
6890121328445095936,разное,прочее,,1,2020
6921417906134712320,книга,книги_и_раздача,,10,2021
6940312857358630912,книга,книги_и_раздача,Saint Petersburg|Махабхарата,1,2021
6939229345232715776,книга,книги_и_раздача,,1,2021
6940494129425022976,панини,грамматика,Pāṇini,1,2021
6943281500263546880,учебник,грамматика,,3,2021
6929468253543596032,словарь,лексикография,Monier-Williams|Śaṅkara,1,2021
6925312449111392256,текст,тексты,,3,2021
6900902144985006080,встреча_событие,организация_группы,Moscow,2,2020
6859263009226752000,разное,прочее,,5,2020
6927937049450250240,учебник,грамматика,,1,2021
6910134378395860992,разное,прочее,Wikipedia,19,2021
6863133057467023360,разное,прочее,,2,2020
6885640575637258240,разное,прочее,,1,2020
6872245128203862016,панини,грамматика,Patañjali,2,2020
6942823971549085696,текст,тексты,,2,2021
6933197175418519552,книга,книги_и_раздача,,1,2021
6919061151149981696,перевод_вопрос,переводы_и_издания,Apte Practical Sanskrit-English Dictionary|Monier-Williams|Vaman Shivram Apte|Аштадхьяи|Махабхарата|Ригведа,141,2023
6889755583603277824,разное,прочее,,1,2020
6937175359486951424,книга,книги_и_раздача,Wikipedia,3,2021
6946545582613725184,разное,прочее,,6,2021
6885732886100574208,текст,тексты,,1,2020
6901649054674976768,разное,прочее,,4,2020
6926253755378696192,сандхи_фонетика,грамматика,,3,2021
6864986438764593152,учебник,грамматика,,7,2020
6937231482936098816,текст,тексты,,1,2021
6858607428041179136,разное,прочее,,1,2020
6852340697410830336,разное,прочее,,2,2020
6948524643879747584,склонение_падеж,грамматика,Pāṇini,4,2021
6911674694904053760,книга,книги_и_раздача,,1,2020
6922146436448518144,книга,книги_и_раздача,,6,2021
6948395816290615296,разное,прочее,,21,2021
6896329788116434944,разное,прочее,,3,2020
6923215202645180416,курс_практикум,организация_группы,,2,2021
6928793771230363648,сайт,инструменты,,1,2021
6932176216652775424,сандхи_фонетика,грамматика,,3,2021
6883575255165566976,разное,прочее,,3,2020
6919519757171425280,словарь,лексикография,Monier-Williams,4,2021
6911236953520209920,словарь,лексикография,Hermann Grassmann|Wörterbuch zum Rig-Veda,2,2020
6915083144117878784,словарь,лексикография,Cappeller Sanskrit-English Dictionary|Carl Cappeller|Śaṅkara|Махабхарата,20,2021
6947695049235759104,словарь,лексикография,Pāṇini,1,2021
6915065888656850944,разное,прочее,,2,2021
6855287876710563840,текст,тексты,,4,2020
6934270643600883712,частицы_служебные_слова,грамматика,Moscow|Saint Petersburg,1,2021
6915992037614419968,разное,прочее,Аштадхьяи,4,2021
6905743582560256000,разное,прочее,Patañjali,1,2020
6936151872067600384,мантра_бхакти,тексты,Monier-Williams|Pāṇini|Vācaspatyam|Аштадхьяи|Махабхарата,23,2021
6898713883812298752,разное,прочее,,1,2020
6928551818172563456,стотра_гимн,тексты,,1,2021
6948680566263775232,панини,грамматика,Pāṇini,6,2021
6817878791441874944,персона_ученый,история_и_культура,,3,2020
6898391120869326848,разное,прочее,,8,2020
6825855771052343296,текст,тексты,,2,2020
6788007809777664000,словарь,лексикография,,1,2020
6835268639359238144,разное,прочее,,2,2020
6828601167484813312,сравнительное_языкознание,лексикография,,6,2020
6844407674752204800,этимология,лексикография,Apte Practical Sanskrit-English Dictionary|Vaman Shivram Apte,10,2020
6823598092807307264,панини,грамматика,Pāṇini|Аштадхьяи,10,2020
6828859948585189376,словарь,лексикография,,4,2020
6826390626030845952,перевод_вопрос,переводы_и_издания,,1,2020
6808545820244180992,разное,прочее,,4,2020
6804773418768007168,разное,прочее,,1,2020
6786183539915227136,сайт,инструменты,Ригведа,1,2020
6841643602537349120,разное,прочее,,5,2020
6813692865719304192,разное,прочее,,3,2020
6779579135217893376,спряжение_глагол,грамматика,,7,2020
6789244650911694848,разное,прочее,,8,2020
6841450191402303488,словарь,лексикография,Бхагавад-гита,5,2020
6833641428446347264,сандхи_фонетика,грамматика,Pāṇini,3,2020
6823432886770728960,разное,прочее,Moscow|Patañjali|Pāṇini|Saint Petersburg,6,2020
6826552257621786624,книга,книги_и_раздача,Moscow|Рамаяна,1,2020
6834101815187865600,разное,прочее,,2,2020
6821858343569588224,билингва_английский,переводы_и_издания,,2,2020
6831812861609639936,словообразование_сложные_слова,грамматика,Andrey Zaliznyak|Monier-Williams|Wikipedia|Пураны,9,2021
6780324401787174912,панини,грамматика,Йога-Васиштха,2,2020
6850064070562807808,разное,прочее,Varanasi,1,2020
6779714104446681088,словарь,лексикография,Pāṇini,37,2020
6839329575399325696,разное,прочее,Пураны,5,2020
6821177567032115200,склонение_падеж,грамматика,,2,2020
6848549721526501376,мантра_бхакти,тексты,Wikipedia,7,2020
6844217657612304384,шрифт,инструменты,,4,2020
6793231966034460672,спряжение_глагол,грамматика,,2,2020
6808587428926849024,этимология,лексикография,Tatyana Elizarenkova|Аштадхьяи,7,2020
6808902196912979968,книга,книги_и_раздача,,2,2020
6808967875262414848,книга,книги_и_раздача,,1,2020
6778832782073266176,комментарии_ачарьи,тексты,Бхагавад-гита,19,2020
6774225697027129344,панини,грамматика,,12,2020
6829251684123803648,текст,тексты,,7,2020
6816971925823160320,разное,прочее,,5,2020
6836220897123106816,склонение_падеж,грамматика,,4,2020
6798021531308916736,разное,прочее,Apte Practical Sanskrit-English Dictionary|Ferdinand Knauer|Pāṇini|Tatyana Elizarenkova|Vaman Shivram Apte|Śaṅkara|Упанишады,23,2020
6791735137592672256,разное,прочее,Apte Practical Sanskrit-English Dictionary|Vaman Shivram Apte,3,2020
6814439517754228736,склонение_падеж,грамматика,,2,2020
6782087816255897600,разное,прочее,Patañjali|Wikipedia|Пураны|Упанишады,11,2020
6848105232879058944,книга,книги_и_раздача,Бхагавад-гита,14,2020
6852231202334572544,разное,прочее,,3,2020
6826610445827178496,разное,прочее,,5,2020
6851427841826881536,этимология,лексикография,,4,2020
6808239201979465728,текст,тексты,,2,2020
6819261117281337344,сравнительное_языкознание,лексикография,,3,2020
6774041446205882368,разное,прочее,,8,2019
6799486032537452544,астрология,прочее,Махабхарата,6,2020
6819904761989431296,разное,прочее,,1,2020
6816668684097945600,текст,тексты,Рамаяна|Ригведа,3,2020
6831436028268511232,перевод_вопрос,переводы_и_издания,,1,2020
6834419141630230528,разное,прочее,,4,2020
6783980227821305856,книга,книги_и_раздача,,1,2020
6793314886911787008,разное,прочее,,7,2020
6775581904973332480,разное,прочее,,12,2020
6849638736888594432,разное,прочее,,6,2020
6841221041255088128,разное,прочее,,3,2020
6773105385277489152,текст,тексты,,1,2019
6821464518059622400,текст,тексты,Пураны,1,2020
6776673609140142080,словарь,лексикография,,1,2019
6838981844235452416,встреча_событие,организация_группы,,1,2020
6786297880256708608,текст,тексты,,6,2020
6851171773933682688,словарь,лексикография,,4,2020
6848309691103051776,спряжение_глагол,грамматика,,5,2020
6780762783286820864,панини,грамматика,Pāṇini|Аштадхьяи,50,2020
6847134618053771264,панини,грамматика,Moscow,3,2020
6832788138901897216,разное,прочее,,4,2020
6814471722157211648,текст,тексты,,1,2020
6823649311956402176,разное,прочее,Andrey Zaliznyak|Tatyana Elizarenkova,9,2020
6813327890277466112,разное,прочее,,3,2020
6784783151953608704,разное,прочее,,5,2020
6790706541640024064,шрифт,инструменты,,3,2020
6804994005769650176,словарь,лексикография,Amarakosha,5,2020
6829629134003503104,текст,тексты,,1,2020
6803583718478839808,терминология,лексикография,,5,2020
6828565987433906176,разное,прочее,Упанишады,10,2020
6832676792275304448,комментарии_ачарьи,тексты,,2,2020
6798401701387698176,терминология,лексикография,,9,2020
6808114112819625984,текст,тексты,Рамаяна,3,2020
6824562798924660736,разное,прочее,,2,2020
6810792198819282944,текст,тексты,,1,2020
6781367322574585856,билингва_английский,переводы_и_издания,,1,2020
6814459553087750144,текст,тексты,Пураны,17,2020
6839594835454722048,текст,тексты,Пураны,5,2020
6814414618160529408,текст,тексты,Бхагавад-гита,3,2020
6821147712269844480,книга,книги_и_раздача,,2,2020
6809154693396168704,разное,прочее,,17,2020
6822885119043305472,шрифт,инструменты,Бхагавад-гита,2,2020
6815045690462306304,учебник,грамматика,Йога-Васиштха,1,2020
6787260077446266880,разное,прочее,,6,2020
6779183300403527680,словарь,лексикография,Рамаяна,1,2020
6834363004475146240,спряжение_глагол,грамматика,Rudolph Roth,2,2020
6755368570707771392,разное,прочее,,4,2019
6826023028921466880,текст,тексты,Махабхарата,8,2020
6734715186890932224,книга,книги_и_раздача,,2,2019
6694816502037610496,текст,тексты,DCS,5,2019
6772477645020987392,разное,прочее,Аштадхьяи,12,2019
6766900419589308416,словарь,лексикография,GitHub|Horace Hayman Wilson|Wilson Sanskrit-English Dictionary,14,2019
6727302844332900352,разное,прочее,Pāṇini|Аштадхьяи,15,2019
6746244479584305152,разное,прочее,Wikipedia,3,2019
6755475457774190592,книга,книги_и_раздача,,18,2019
6762603936033538048,словарь,лексикография,Monier-Williams,2,2019
6693812818855067648,разное,прочее,,4,2019
6759179904350158848,книга,книги_и_раздача,,2,2019
6733129360173170688,текст,тексты,Ригведа,1,2019
6749147539543425024,терминология,лексикография,,3,2019
6768003309128122368,разное,прочее,,6,2019
6698746260465123328,текст,тексты,,1,2019
6709789604094935040,учебник,грамматика,,2,2019
6756134453881339904,перевод_вопрос,переводы_и_издания,,3,2019
6772028928470024192,словарь,лексикография,,6,2020
6757311329491484672,текст,тексты,Панчатантра|Упанишады,11,2019
6725672466099732480,книга,книги_и_раздача,,1,2019
6749099872956186624,разное,прочее,,3,2019
6750337286666190848,панини,грамматика,Pāṇini|Аштадхьяи,126,2019
6729471599009857536,разное,прочее,,2,2019
6729208798062313472,словарь,лексикография,GitHub,2,2019
6722899024893968384,сайт,инструменты,DCS|Wikipedia,2,2019
6728841518413512704,разное,прочее,,2,2019
6754381242590822400,словарь,лексикография,,10,2019
6746280068171956224,учебник,грамматика,Horace Hayman Wilson,14,2019
6772186657663746048,перевод_вопрос,переводы_и_издания,,3,2020
6762605791478284288,учебник,грамматика,,10,2019
6743477498897498112,книга,книги_и_раздача,,3,2019
6706447263797870592,разное,прочее,Moscow,6,2019
6708333209359220736,разное,прочее,,2,2019
6749275383585046528,йога_васиштха,тексты,Йога-Васиштха|Пураны,30,2019
6737745727452086272,книга,книги_и_раздача,,2,2019
6749488415852462080,книга,книги_и_раздача,,1,2019
6708242343134232576,учебник,грамматика,,6,2019
6745737485869907968,разное,прочее,,1,2019
6741943077984796672,текст,тексты,Patañjali|Rudolph Roth|Бхагавад-гита|Махабхарата,203,2021
6757731630851293184,панини,грамматика,Pāṇini|Аштадхьяи,10,2019
6715090590526078976,словарь,лексикография,,3,2019
6741594793951887360,словообразование_сложные_слова,грамматика,Ferdinand Knauer,1,2019
6711597237056569344,текст,тексты,Pāṇini|Бхагавад-гита,1,2019
6743287545847611392,разное,прочее,Apte Practical Sanskrit-English Dictionary|Vaman Shivram Apte,6,2019
6772120037757026304,разное,прочее,,2,2019
6732196240522477568,разное,прочее,,1,2019
6749133888814055424,текст,тексты,Упанишады,6,2019
6696464619019436032,индия_путешествие,история_и_культура,Moscow,1,2019
6710613021604970496,текст,тексты,Andrey Zaliznyak|Wikipedia|Упанишады,18,2019
6771458437415960576,разное,прочее,,4,2019
6768875768635195392,текст,тексты,,1,2019
6696457856580845568,текст,тексты,,4,2019
6696426631546798080,сайт,инструменты,,1,2019
6764243698198773760,панини,грамматика,,3,2019
6724298619406516224,разное,прочее,,8,2019
6760610961081499648,йога_васиштха,тексты,Varanasi|Йога-Васиштха,9,2019
6707900570210926592,книга,книги_и_раздача,Saint Petersburg,1,2019
6693774477523681280,шрифт,инструменты,,3,2019
6740637618720997376,терминология,лексикография,Pāṇini,25,2019
6757421991532167168,текст,тексты,,1,2019
6716140182667526144,йога_васиштха,тексты,Йога-Васиштха,7,2019
6702826906029391872,разное,прочее,Wikipedia,11,2019
6769826855501430784,текст,тексты,,4,2019
6725069904955834368,спряжение_глагол,грамматика,,2,2019
6762165613251002368,стотра_гимн,тексты,Wikipedia|Ригведа,3,2019
6741944475443003392,текст,тексты,,15,2019
6726096492695650304,книга,книги_и_раздача,Йога-Васиштха,5,2019
6734305824366133248,перевод_вопрос,переводы_и_издания,,1,2019
6736242606057979904,разное,прочее,,10,2019
6734199948870418432,программа_приложение,инструменты,Grosses Petersburger Wörterbuch,6,2019
6749148242080956416,этимология,лексикография,,6,2019
6770796862968430592,шрифт,инструменты,,3,2019
6745737484075794432,словарь,лексикография,Georg Bühler,8,2019
6763260805708251136,сайт,инструменты,,5,2019
6725776791577821184,разное,прочее,,3,2020
6698602072182358016,разное,прочее,Georg Bühler|Махабхарата,14,2019
6724025306797047808,склонение_падеж,грамматика,Horace Hayman Wilson|Wilson Sanskrit-English Dictionary,4,2019
6694080962003730432,встреча_событие,организация_группы,DCS,8,2019
6709355461251956736,текст,тексты,Махабхарата,15,2019
6765205683044352000,книга,книги_и_раздача,,1,2019
6748792553705832448,шрифт,инструменты,,2,2019
6749150198470017024,этимология,лексикография,,5,2019
6722441568863649792,йога_васиштха,тексты,,12,2019
6716190248838103040,сайт,инструменты,GitHub|Бхагавад-гита,4,2019
6734991017087336448,словарь,лексикография,Moscow|Pāṇini|Saint Petersburg,1,2019
6754041401099419648,словарь,лексикография,,9,2019
6735781158218366976,текст,тексты,,1,2019
6770381172394426368,стотра_гимн,тексты,Wikipedia,4,2019
6717147816226979840,словарь,лексикография,Georg Bühler,3,2019
6708210474239918080,разное,прочее,,9,2019
6752359551422431232,разное,прочее,,6,2019
6764957536509493248,панини,грамматика,,10,2019
6720581533057417216,текст,тексты,,2,2019
6743477500302589952,книга,книги_и_раздача,,1,2019
6646201713432723456,разное,прочее,Wikipedia|Рамаяна,5,2019
6635896446981767168,синтаксис,грамматика,,2,2018
6642964366403567616,разное,прочее,Pāṇini,8,2019
6660139368341045248,разное,прочее,,4,2019
6621454145937211392,сандхи_фонетика,грамматика,,8,2018
6646057478234570752,синтаксис,грамматика,,5,2020
6624850830601224192,учебник,грамматика,,7,2018
6680759500751765504,разное,прочее,Andrey Zaliznyak|Ferdinand Knauer|Wikipedia,10,2019
6654471111214891008,текст,тексты,,2,2019
6649903519779258368,учебник,грамматика,,18,2019
6624026576631627776,книга,книги_и_раздача,,2,2018
6632285927885504512,разное,прочее,Бхагавад-гита,12,2018
6734982062581743616,словарь,лексикография,Apte Practical Sanskrit-English Dictionary|Georg Bühler|Monier-Williams|Moscow|Pāṇini|Rudolph Roth|Vaman Shivram Apte|Wikipedia|Ригведа,216,2020
6677936517429592064,учебник,грамматика,Pāṇini,4,2019
6657856468189970432,шрифт,инструменты,Harvard-Kyoto,7,2019
6686927417076875264,перевод_вопрос,переводы_и_издания,,17,2019
6692084007806435328,разное,прочее,,1,2019
6646304707611459584,этимология,лексикография,Pāṇini|Varanasi,9,2019
6639415540275216384,разное,прочее,GitHub,3,2018
6693604593127915520,разное,прочее,Wikipedia,2,2019
6654580669950197760,разное,прочее,Patañjali,4,2019
6686444298213261312,разное,прочее,,13,2019
6641592822418898944,склонение_падеж,грамматика,Махабхарата|Рамаяна,24,2019
6634242107703820288,разное,прочее,,16,2018
6683099609713082368,учебник,грамматика,,1,2019
6668709499428143104,разное,прочее,,4,2019
6676327028295204864,текст,тексты,Махабхарата|Пураны|Рамаяна,12,2019
6679672939736989696,разное,прочее,,3,2019
6642579526990692352,разное,прочее,,2,2019
6639681093176918016,учебник,грамматика,,3,2018
6689476862340497408,текст,тексты,Moscow|Pāṇini|Saint Petersburg|Махабхарата,3,2019
6634060763980890112,сайт,инструменты,,2,2018
6630468090773635072,мантра_бхакти,тексты,Пураны,1,2018
6651482186605133824,учебник,грамматика,Wikipedia,2,2019
6650444365973946368,спряжение_глагол,грамматика,,2,2019
6681582575820996608,текст,тексты,Махабхарата,5,2019
6659681397551136768,сандхи_фонетика,грамматика,,3,2019
6659699403084791808,этимология,лексикография,,13,2019
6619742955769954304,перевод_вопрос,переводы_и_издания,,1,2018
6650736390736707584,разное,прочее,Apte Practical Sanskrit-English Dictionary|Pāṇini|SLP1|Vaman Shivram Apte|Аштадхьяи|Махабхарата,92,2019
6650206175668207616,разное,прочее,,3,2019
6627732400760684544,исправление_опечаток,лексикография,,3,2018
6649903520056082432,разное,прочее,,12,2019
6618388656097853440,перевод_вопрос,переводы_и_издания,,7,2018
6642788671063851008,разное,прочее,Delhi,21,2019
6667536365343735808,разное,прочее,,11,2019
6637361751076634624,разное,прочее,,6,2018
6653408871995932672,словарь,лексикография,,2,2019
6658575506586206208,спряжение_глагол,грамматика,,3,2019
6680088252523741184,билингва_английский,переводы_и_издания,,8,2019
6625193134659731456,разное,прочее,,9,2018
6683840977798430720,шрифт,инструменты,Georg Bühler,3,2019
6652586088967700480,словообразование_сложные_слова,грамматика,,3,2019
6621196761906020352,синтаксис,грамматика,Pāṇini,18,2018
6645997346427502592,словарь,лексикография,Pāṇini,1,2019
6649706046652678144,спряжение_глагол,грамматика,,3,2019
6625134645759442944,разное,прочее,,9,2018
6617712304645472256,разное,прочее,,7,2018
6630468092569845760,разное,прочее,,3,2018
6636294270018912256,разное,прочее,,2,2018
6653376461353779200,текст,тексты,,3,2019
6691275297790099456,разное,прочее,,1,2019
6690890736186949632,йога_васиштха,тексты,Wikipedia|Йога-Васиштха,14,2019
6666360301691076608,текст,тексты,Махабхарата,6,2019
6649252455129284608,йога_васиштха,тексты,Йога-Васиштха,7,2019
6631549448054898688,курс_практикум,организация_группы,,7,2018
6676756008036990976,разное,прочее,,3,2019
6690232308377583616,разное,прочее,,2,2019
6636258008114397184,разное,прочее,,3,2018
6620663135549259776,этимология,лексикография,Apte Practical Sanskrit-English Dictionary|Monier-Williams|Vaman Shivram Apte|Аштадхьяи,4,2018
6672649292656672768,разное,прочее,GitHub,4,2019
6657377341917888512,разное,прочее,,10,2019
6633333290105307136,шрифт,инструменты,,1,2018
6634394818541780992,сайт,инструменты,,1,2018
6625242369807613952,йога_васиштха,тексты,Pāṇini|Аштадхьяи|Йога-Васиштха,8,2018
6657934014013243392,словарь,лексикография,,7,2019
6684998060172378112,текст,тексты,,4,2019
6648666379341791232,перевод_вопрос,переводы_и_издания,Бхагавад-гита,4,2019
6642580427416535040,разное,прочее,,1,2019
6643862022799753216,разное,прочее,Pāṇini|Аштадхьяи,27,2019
6642552399349153792,текст,тексты,Pune|Махабхарата|Рамаяна,4,2019
6622917767107444736,панини,грамматика,Pāṇini|Аштадхьяи,6,2018
6636311953161584640,разное,прочее,Varanasi,4,2018
6667525870073151488,склонение_падеж,грамматика,,3,2019
6617853519775924224,разное,прочее,,6,2018
6654527451910111232,шрифт,инструменты,,4,2019
6641082768891576320,словообразование_сложные_слова,грамматика,,10,2019
6680162560874905600,текст,тексты,,2,2019
6637071163040202752,разное,прочее,,1,2018
6634059187921879040,исправление_опечаток,лексикография,,5,2018
6665308137233317888,йога_васиштха,тексты,Аштадхьяи|Йога-Васиштха,6,2019
6634826114716925952,текст,тексты,Apte Practical Sanskrit-English Dictionary|Arthur Macdonell|Macdonell Sanskrit-English Dictionary|Monier-Williams|Vaman Shivram Apte,12,2018
6660869895330201600,словообразование_сложные_слова,грамматика,,5,2019
6549384762408042496,словарь,лексикография,Wikipedia|Аштадхьяи,1,2018
6497495695974465536,билингва_английский,переводы_и_издания,Pāṇini,3,2017
6600339221606563840,разное,прочее,,2,2018
6506113468403286016,шрифт,инструменты,,10,2018
6593651129273286656,учебник,грамматика,Pāṇini|Йога-Васиштха,15,2018
6502694025211936768,текст,тексты,,4,2017
6503201681307598848,панини,грамматика,GitHub|Grosses Petersburger Wörterbuch|Otto Böhtlingk|Pāṇini|Аштадхьяи,14,2018
6544195956316831744,стотра_гимн,тексты,,3,2018
6595452965642829824,разное,прочее,,6,2018
6542417997755056128,мантра_бхакти,тексты,Пураны,11,2018
6504832407814799360,разное,прочее,,3,2017
6605540989426728960,мантра_бхакти,тексты,,2,2018
6597443028243185664,словарь,лексикография,,1,2018
6496413206329688064,мантра_бхакти,тексты,,1,2017
6539945021863362560,мантра_бхакти,тексты,,7,2018
6598217347950968832,разное,прочее,,14,2018
6600339468358516736,текст,тексты,,1,2018
6600772651234361344,перевод_вопрос,переводы_и_издания,Apte Practical Sanskrit-English Dictionary|Vaman Shivram Apte|Панчатантра,40,2018
6554052650598400000,разное,прочее,,1,2018
6610848535120183296,словарь,лексикография,,2,2018
6597795439417753600,часть_речи,грамматика,,15,2018
6549494982937411584,словарь,лексикография,Wikipedia,1,2018
6568086803718340608,разное,прочее,Delhi|Pāṇini|Varanasi,11,2018
6494465200615325696,учебник,грамматика,,3,2017
6616239372424445952,панини,грамматика,Pāṇini,3,2018
6540583913197142016,разное,прочее,,6,2018
6512788992845414400,разное,прочее,Andrey Zaliznyak|Pāṇini|Varanasi,11,2018
6521287151281242112,учебник,грамматика,,1,2018
6509972775569981440,сандхи_фонетика,грамматика,Pāṇini,15,2018
6509969131419205632,сандхи_фонетика,грамматика,,3,2018
6597104427139596288,частицы_служебные_слова,грамматика,Andrey Zaliznyak|Georg Bühler|Horace Hayman Wilson|Pāṇini|Махабхарата|Упанишады,46,2018
6514702406664585216,разное,прочее,Tatyana Elizarenkova,8,2018
6545480922623377408,шрифт,инструменты,,1,2018
6599163117840629760,разное,прочее,,5,2018
6520908602985676800,разное,прочее,,4,2018
6611320699484110848,учебник,грамматика,,4,2018
6511450935204511744,разное,прочее,,3,2018
6513450021682151424,словарь,лексикография,Pāṇini,16,2018
6587609795135537152,словарь,лексикография,SLP1|Wilson Sanskrit-English Dictionary,4,2018
6608115947458789376,разное,прочее,Varanasi,13,2018
6503038268494315520,шрифт,инструменты,,1,2017
6590526361004146688,частицы_служебные_слова,грамматика,Horace Hayman Wilson|Vācaspatyam|Wilson Sanskrit-English Dictionary|Śaṅkara|Махабхарата|Упанишады,46,2018
6512480507321647104,учебник,грамматика,,10,2018
6584635828753924096,перевод_вопрос,переводы_и_издания,,4,2018
6587616351805767680,шрифт,инструменты,Упанишады,55,2018
6577420809429581824,сандхи_фонетика,грамматика,Pāṇini|Śaṅkara|Аштадхьяи,11,2018
6589457714998411264,текст,тексты,DCS|Йога-Васиштха|Махабхарата|Пураны,10,2018
6602655774595350528,текст,тексты,Махабхарата,1,2018
6595177786460078080,сандхи_фонетика,грамматика,,11,2018
6503204722900467712,персона_ученый,история_и_культура,Andrey Zaliznyak|Pāṇini|Wikipedia,25,2018
6615493511023165440,разное,прочее,,12,2018
6597269120763297792,встреча_событие,организация_группы,Wikipedia,8,2018
6570148479994167296,учебник,грамматика,Andrey Zaliznyak,6,2018
6502029120383221760,панини,грамматика,Pāṇini,1,2017
6507869002015965184,традиция_философия,история_и_культура,,5,2018
6544597822326439936,мантра_бхакти,тексты,,1,2018
6512870333319479296,частицы_служебные_слова,грамматика,,3,2018
6579128089588006912,сандхи_фонетика,грамматика,,5,2018
6515896344676139008,разное,прочее,,11,2018
6539945032933179392,склонение_падеж,грамматика,,2,2018
6602155044099850240,курс_практикум,организация_группы,Delhi|Georg Bühler|Monier-Williams|Saint Petersburg|Varanasi|Аштадхьяи|Упанишады,84,2018
6533197661146710016,учебник,грамматика,Pāṇini|Varanasi,1,2018
6502346405653250048,йога_васиштха,тексты,Йога-Васиштха,16,2017
6502898893651443712,шрифт,инструменты,,4,2017
6600332171019288576,разное,прочее,,3,2018
6571101836279808000,шрифт,инструменты,,1,2018
6508706798742011904,разное,прочее,,2,2018
6591510579154780160,разное,прочее,Wikipedia,8,2018
6539886665708601344,текст,тексты,,2,2019
6572630625131429888,текст,тексты,,9,2018
6541275741870358528,сандхи_фонетика,грамматика,Wikipedia|Аштадхьяи,3,2018
6569130876266872832,текст,тексты,Йога-Васиштха,1,2018
6594882069136932864,текст,тексты,,10,2018
6503050591463276544,шрифт,инструменты,,9,2018
6517266266096402432,разное,прочее,,8,2018
6610267302043582464,учебник,грамматика,,20,2018
6576625573115723776,разное,прочее,,4,2018
6599856807489830912,разное,прочее,Apte Practical Sanskrit-English Dictionary|Vaman Shivram Apte,22,2018
6591732574312202240,разное,прочее,,1,2018
6599510519453843456,мантра_бхакти,тексты,,5,2018
6549472589251608576,перевод_вопрос,переводы_и_издания,,2,2018
6549390927849324544,словарь,лексикография,Wikipedia|Аштадхьяи,1,2018
6616707453270622208,разное,прочее,,13,2018
6598579325182672896,разное,прочее,,8,2018
6570206034958221312,панини,грамматика,Pāṇini,7,2018
6499690433458733056,разное,прочее,Упанишады,5,2017
6504795083048484864,перевод_вопрос,переводы_и_издания,,7,2017
6582826676971896832,йога_васиштха,тексты,Йога-Васиштха|Упанишады,9,2018
6597270356660060160,курс_практикум,организация_группы,Monier-Williams|Moscow|Pāṇini|Wikipedia|Махабхарата|Упанишады,115,2018
6587622928462905344,разное,прочее,,13,2018
6514880094937284608,разное,прочее,,1,2018
6506540223585845248,разное,прочее,,1,2018
6589362986746380288,текст,тексты,Apte Practical Sanskrit-English Dictionary|Grosses Petersburger Wörterbuch|Monier-Williams|Vaman Shivram Apte|Wikipedia|Махабхарата|Ригведа|Упанишады,133,2018
6598510793025650688,разное,прочее,Apte Practical Sanskrit-English Dictionary|Vaman Shivram Apte,14,2018
6541269367992090624,сандхи_фонетика,грамматика,Wikipedia|Аштадхьяи,3,2018
6579596430835449856,учебник,грамматика,Andrey Zaliznyak|Apte Practical Sanskrit-English Dictionary|Moscow|Vaman Shivram Apte|Махабхарата,28,2018
6426406050244591616,этимология,лексикография,,5,2017
6446288884299988992,мантра_бхакти,тексты,,5,2017
6483068921497780224,разное,прочее,,10,2017
6412703525948620800,астрология,прочее,,2,2017
6395473652843806720,разное,прочее,,4,2017
6379892826996473856,словарь,лексикография,,2,2017
6407965868397953024,разное,прочее,Monier-Williams,5,2017
6382439904434978816,склонение_падеж,грамматика,,4,2017
6430983993425920000,склонение_падеж,грамматика,,4,2017
6415969434559578112,разное,прочее,,7,2017
6473388376405835776,спряжение_глагол,грамматика,,4,2018
6419990220755697664,традиция_философия,история_и_культура,,2,2017
6381664311370055680,текст,тексты,Махабхарата|Рамаяна,2,2017
6382781655941120000,текст,тексты,Махабхарата,4,2017
6379591898709884928,шрифт,инструменты,,13,2017
6494178554181320704,йога_васиштха,тексты,Pāṇini|Дхатупатха|Йога-Васиштха,15,2017
6396542741634875392,учебник,грамматика,,1,2017
6411144039529185280,сандхи_фонетика,грамматика,,11,2017
6471604288750616576,разное,прочее,Georg Bühler,7,2017
6485277477021155328,учебник,грамматика,,1,2017
6420303676053651456,учебник,грамматика,Pāṇini|Ригведа,14,2017
6462691170681094144,разное,прочее,,3,2017
6400418876798009344,разное,прочее,,4,2017
6391627882242768896,разное,прочее,,3,2017
6397248479863767040,этимология,лексикография,,6,2017
6425989256051687424,мантра_бхакти,тексты,,3,2017
6444545804991463424,шрифт,инструменты,,3,2017
6471183798720528384,разное,прочее,,5,2017
6379542689030864896,комментарии_ачарьи,тексты,,1,2017
6465881295724478464,текст,тексты,Упанишады,4,2017
6440471385424789504,книга,книги_и_раздача,Пураны|Упанишады,48,2018
6381107667919699968,курс_практикум,организация_группы,,7,2017
6422942077875650560,разное,прочее,,1,2017
6485646639872606208,учебник,грамматика,Pāṇini,2,2017
6466535855458615296,разное,прочее,Patañjali,19,2017
6479430987153408000,панини,грамматика,,8,2017
6439316267266473984,разное,прочее,,4,2017
6484672894584487936,разное,прочее,Apte Practical Sanskrit-English Dictionary|Georg Bühler|Vaman Shivram Apte|Махабхарата|Панчатантра,11,2017
6488928798612914176,шрифт,инструменты,,15,2017
6494452743102529536,разное,прочее,,1,2017
6436205533376544768,разное,прочее,Kātyāyana,26,2018
6409140033671921664,словарь,лексикография,,10,2017
6384519388982149120,перевод_вопрос,переводы_и_издания,,2,2017
6493050135696637952,словарь,лексикография,Andrey Zaliznyak|Tatyana Elizarenkova,1,2017
6387656348767617024,разное,прочее,,4,2017
6484107406287568896,билингва_английский,переводы_и_издания,Wikipedia,12,2018
6396565437559078912,разное,прочее,,8,2017
6382837259237851136,разное,прочее,,3,2017
6383177732946132992,текст,тексты,,15,2017
6446351266151923712,словарь,лексикография,,1,2017
6494307912240857088,панини,грамматика,Pāṇini,2,2017
6411538402265530368,разное,прочее,,4,2017
6397119984309370880,словарь,лексикография,GitHub,1,2017
6484686297530105856,разное,прочее,,8,2017
6457411122774409216,текст,тексты,Dropbox,11,2017
6416996178519392256,сравнительное_языкознание,лексикография,Wikipedia,2,2017
6398038005190230016,стотра_гимн,тексты,,3,2017
6394061906199445504,словарь,лексикография,,11,2018
6381128477801709568,сандхи_фонетика,грамматика,Pāṇini|Wikipedia|Аштадхьяи,8,2017
6400638052632363008,шрифт,инструменты,,7,2017
6380927629060472832,разное,прочее,Бхагавад-гита|Махабхарата|Рамаяна,9,2017
6433053136310501376,склонение_падеж,грамматика,,9,2017
6396158718683119616,стотра_гимн,тексты,Horace Hayman Wilson|Wilson Sanskrit-English Dictionary,7,2017
6447566278859161600,разное,прочее,,4,2018
6492021072155639808,учебник,грамматика,Andrey Zaliznyak|Saint Petersburg|Tatyana Elizarenkova,1,2017
6387818064254074880,разное,прочее,,3,2017
6477496733127409664,йога_васиштха,тексты,Pāṇini|Аштадхьяи|Йога-Васиштха,18,2017
6467663762798149632,разное,прочее,Apte Practical Sanskrit-English Dictionary|Vaman Shivram Apte,24,2017
6389241008986521600,панини,грамматика,Pāṇini,7,2017
6445816585342943232,учебник,грамматика,,3,2017
6469829671856898048,разное,прочее,Pāṇini,13,2017
6470890625929576448,словарь,лексикография,,1,2017
6381663081253044224,словарь,лексикография,Monier-Williams,1,2017
6467095005597007872,разное,прочее,Wikipedia,35,2020
6395013992947908608,стотра_гимн,тексты,,6,2017
6437113509232771072,разное,прочее,GitHub,3,2017
6407441757278044160,сайт,инструменты,,1,2017
6442983616309886976,шрифт,инструменты,,6,2017
6490410502884163584,йога_васиштха,тексты,,3,2017
6393899637015576576,разное,прочее,,12,2017
6479646674930106368,разное,прочее,,1,2017
6430082329578831872,разное,прочее,,4,2017
6395567025127686144,учебник,грамматика,,32,2017
6451907228723052544,перевод_вопрос,переводы_и_издания,,3,2017
6490408677289230336,pdf,инструменты,GitHub|Moscow,2,2017
6486353037590790144,учебник,грамматика,,4,2017
6470046058151936000,разное,прочее,Бхагавад-гита,21,2017
6391925005111787520,разное,прочее,,4,2017
6390172345014681600,разное,прочее,,4,2017
6478102509672988672,мантра_бхакти,тексты,Махабхарата|Пураны,5,2017
6442195552741359616,текст,тексты,Pāṇini,10,2017
6395379257459081216,сайт,инструменты,,2,2017
6388147393678802944,традиция_философия,история_и_культура,,1,2017
6382002795264868352,текст,тексты,Kātyāyana|Patañjali|Pāṇini|Rudolph Roth|Varanasi|Аштадхьяи|Бхагавад-гита|Йога-Васиштха|Махабхарата|Пураны|Упанишады,243,2019
6390201240274337792,сандхи_фонетика,грамматика,Pāṇini,9,2017
6490973261679034368,разное,прочее,,3,2017
6344913736303640576,книга,книги_и_раздача,,1,2016
6272348480528711680,разное,прочее,,9,2016
6264984076756713472,разное,прочее,,9,2016
6249177239053664256,сайт,инструменты,Рамаяна,1,2016
6337615973503205376,этимология,лексикография,DCS,3,2016
6370550437522702336,разное,прочее,,6,2017
6295077697756332032,разное,прочее,,1,2016
6256560429503348736,разное,прочее,,2,2016
6294594305160904704,шрифт,инструменты,Dropbox,25,2016
6295990291674431488,книга,книги_и_раздача,,1,2016
6378484273479942144,разное,прочее,Monier-Williams,4,2017
6343836655194996736,шрифт,инструменты,,16,2016
6364760679262453760,текст,тексты,Apte Practical Sanskrit-English Dictionary|Vaman Shivram Apte|Vācaspatyam|Упанишады,15,2016
6337203030864166912,словарь,лексикография,,1,2016
6265689554940854272,учебник,грамматика,Apte Practical Sanskrit-English Dictionary|Vaman Shivram Apte,25,2016
6355734648177295360,спряжение_глагол,грамматика,,1,2016
6288577958301925376,учебник,грамматика,Pāṇini,1,2016
6274729904553590784,учебник,грамматика,Pāṇini,19,2016
6360942673443946496,разное,прочее,,4,2017
6286656854258876416,словарь,лексикография,Śaṅkara,1,2016
6318778024717189120,разное,прочее,,21,2016
6253795529346514944,разное,прочее,,7,2016
6334632729181683712,разное,прочее,Varanasi,1,2016
6264993887771688960,разное,прочее,Бхагавад-гита,15,2016
6274395486776459264,словарь,лексикография,Georg Bühler|Упанишады,25,2016
6296183181832880128,сандхи_фонетика,грамматика,,5,2016
6340948223455133696,разное,прочее,Pāṇini,9,2016
6286799850916806656,словарь,лексикография,,2,2016
6263378977989066752,разное,прочее,DCS,27,2016
6359161521112612864,словарь,лексикография,Moscow|Saint Petersburg,4,2017
6347322350020591616,шрифт,инструменты,,5,2016
6286345185714503680,сайт,инструменты,GitHub,1,2016
6355048205318619136,разное,прочее,,7,2017
6294457212863512576,словарь,лексикография,Ferdinand Knauer|Georg Bühler|Hermann Grassmann|Rudolph Roth|Wilson Sanskrit-English Dictionary|Wörterbuch zum Rig-Veda,8,2016
6356502260885749760,разное,прочее,,6,2016
6326047964746743808,шрифт,инструменты,Wikipedia,6,2016
6266994954424287232,частицы_служебные_слова,грамматика,,19,2016
6374801943737401344,разное,прочее,Monier-Williams|Ригведа|Упанишады,5,2017
6323964554712711168,разное,прочее,Pāṇini|Аштадхьяи,15,2016
6261715129054789632,разное,прочее,,3,2016
6255277204828061696,учебник,грамматика,,4,2016
6275909173305671680,словарь,лексикография,Grosses Petersburger Wörterbuch|Monier-Williams|Vācaspatyam|Wilson Sanskrit-English Dictionary,20,2016
6291521650444730368,сандхи_фонетика,грамматика,,1,2016
6284145717179056128,словарь,лексикография,,2,2016
6372605416234287104,словарь,лексикография,,19,2017
6369835349152104448,комментарии_ачарьи,тексты,Упанишады,4,2016
6377786103185801216,книга,книги_и_раздача,,1,2017
6279070991066857472,разное,прочее,GitHub|SLP1,6,2016
6331224763187331072,разное,прочее,Śaṅkara,5,2016
6270525185684668416,разное,прочее,Otto Böhtlingk|Pāṇini|Wikipedia|Wilson Sanskrit-English Dictionary|Śaṅkara,46,2017
6311300244653998080,разное,прочее,,4,2016
6287155215415115776,разное,прочее,Pāṇini|SLP1,11,2016
6360299584203259904,разное,прочее,Apte Practical Sanskrit-English Dictionary|Vaman Shivram Apte,14,2016
6363092202101407744,учебник,грамматика,Pāṇini,2,2016
6369087092871397376,текст,тексты,Пураны,15,2016
6367317620379615232,разное,прочее,Apte Practical Sanskrit-English Dictionary|Grosses Petersburger Wörterbuch|Monier-Williams|Otto Böhtlingk|Rudolph Roth|Vaman Shivram Apte,15,2016
6350181764045996032,индия_путешествие,история_и_культура,Kātyāyana|Varanasi|Vrindavan|Wikipedia|Аштадхьяи,26,2016
6333206147111059456,разное,прочее,Йога-Васиштха|Пураны,14,2016
6348246897678876672,сандхи_фонетика,грамматика,,2,2016
6361844307549224960,разное,прочее,,4,2016
6330947698297929728,учебник,грамматика,Wikipedia,2,2016
6379392687433318400,шрифт,инструменты,Бхагавад-гита,2,2017
6296757465532858368,текст,тексты,Śabdakalpadruma|Бхагавад-гита|Махабхарата|Панчатантра|Рамаяна|Упанишады,2,2016
6327532764299001856,разное,прочее,,12,2016
6328402913279344640,разное,прочее,,5,2016
6378708273227366400,словарь,лексикография,Grosses Petersburger Wörterbuch|Otto Böhtlingk|Saint Petersburg|Wikipedia|Махабхарата|Рамаяна|Ригведа,9,2017
6275987921896996864,панини,грамматика,Apte Practical Sanskrit-English Dictionary|Pāṇini|Vaman Shivram Apte|Аштадхьяи,25,2017
6272687042073722880,разное,прочее,Pāṇini|Vācaspatyam|Махабхарата,15,2016
6350682249788129280,встреча_событие,организация_группы,,3,2016
6307895299440377856,йога_васиштха,тексты,Pāṇini|Йога-Васиштха,4,2016
6343267696378904576,словарь,лексикография,,2,2016
6340528634634174464,словарь,лексикография,GitHub|SLP1,1,2016
6283131064421449728,разное,прочее,,1,2016
6260528550634323968,панини,грамматика,Pāṇini,3,2016
6260653328697393152,курс_практикум,организация_группы,,3,2016
6285872672624607232,склонение_падеж,грамматика,,2,2016
6292057816823758848,словарь,лексикография,Grosses Petersburger Wörterbuch,2,2016
6328610241084653568,шрифт,инструменты,,3,2016
6360232698073579520,словарь,лексикография,Horace Hayman Wilson|Wilson Sanskrit-English Dictionary,16,2016
6265233574391185408,словарь,лексикография,,3,2016
6326707401056583680,текст,тексты,Пураны,6,2016
6377693478734790656,разное,прочее,Apte Practical Sanskrit-English Dictionary|Vaman Shivram Apte|Wikipedia|Махабхарата,4,2017
6274574095772286976,учебник,грамматика,Pāṇini,6,2016
6255299239880949760,разное,прочее,,1,2016
6367539019589353472,традиция_философия,история_и_культура,,4,2016
6335012030981865472,разное,прочее,DCS|GitHub,8,2016
6278881641164177408,сандхи_фонетика,грамматика,,5,2016
6332913581775912960,разное,прочее,,1,2016
6327845349051334656,разное,прочее,,10,2016
6300431941050040320,разное,прочее,Apte Practical Sanskrit-English Dictionary|Vaman Shivram Apte|Wikipedia,6,2017
6289011314266210304,перевод_вопрос,переводы_и_издания,Wikipedia|Махабхарата,10,2016
6278220713260220416,шрифт,инструменты,,30,2016
6369562959265398784,словарь,лексикография,,6,2016
6370991112089239552,разное,прочее,Monier-Williams,18,2017
6254917433590546432,книга,книги_и_раздача,,11,2016
6255655285487042560,разное,прочее,Arthur Macdonell|Macdonell Sanskrit-English Dictionary|Monier-Williams|Pāṇini|Махабхарата,35,2016
6165705316994383872,разное,прочее,Apte Practical Sanskrit-English Dictionary|GitHub|Monier-Williams|Vaman Shivram Apte,24,2015
6194719108219535360,разное,прочее,,3,2015
6228006500243079168,шрифт,инструменты,,11,2015
6201434132639121408,книга,книги_и_раздача,Рамаяна,2,2015
6217444492624003072,словарь,лексикография,Andrey Zaliznyak|Apte Practical Sanskrit-English Dictionary|Ferdinand Knauer|Georg Bühler|Pāṇini|Tatyana Elizarenkova|Vaman Shivram Apte|Vācaspatyam|Махабхарата,90,2017
6183322445045301248,комментарии_ачарьи,тексты,Бхагавад-гита,12,2015
6172151566141751296,этимология,лексикография,Pāṇini|Дхатупатха,3,2015
6208791825140940800,учебник,грамматика,,1,2015
6185587439544827904,разное,прочее,,3,2015
6189123295086903296,книга,книги_и_раздача,Бхагавад-гита,12,2015
6165354306862055424,разное,прочее,,17,2017
36640177258496,шрифт,инструменты,,8,2015
6166870716633317376,шрифт,инструменты,,3,2015
6198122019934961664,стотра_гимн,тексты,Arthur Macdonell|Macdonell Sanskrit-English Dictionary|Monier-Williams|Pāṇini|Пураны|Ригведа|Упанишады,92,2017
6182512977650909184,текст,тексты,Apte Practical Sanskrit-English Dictionary|Horace Hayman Wilson|Pāṇini|Vaman Shivram Apte|Wilson Sanskrit-English Dictionary|Бхагавад-гита|Пураны|Ригведа,97,2017
6220311703135977472,шрифт,инструменты,,2,2015
6175158065809063936,учебник,грамматика,Pāṇini,5,2015
6184984341239562240,словарь,лексикография,Pāṇini|Śaṅkara|Бхагавад-гита,32,2015
6248301088366133248,словарь,лексикография,,1,2016
6177580314139820032,разное,прочее,Бхагавад-гита,15,2015
6222223956697415680,словарь,лексикография,,1,2015
6172586649939083264,словарь,лексикография,Delhi|Georg Bühler|Pāṇini|Рамаяна,128,2016
6214707275899076608,разное,прочее,Ригведа,6,2015
6173588318875287552,шрифт,инструменты,,3,2015
6171777691792965632,словарь,лексикография,,1,2015
6210453164898910208,словарь,лексикография,GitHub|Grosses Petersburger Wörterbuch,6,2015
6185707924162084864,разное,прочее,,5,2015
6191784699851964416,текст,тексты,Бхагавад-гита|Пураны|Упанишады,66,2016
6217853650739396608,шрифт,инструменты,,9,2015
6221749158590545920,разное,прочее,,47,2016
6222254252244336640,сандхи_фонетика,грамматика,,6,2015
6202900047256879104,разное,прочее,Andrey Zaliznyak,28,2015
6199403299935879168,сайт,инструменты,,3,2015
6216917841305665536,разное,прочее,Grosses Petersburger Wörterbuch|Otto Böhtlingk|Махабхарата|Панчатантра,66,2016
6193693860663656448,стотра_гимн,тексты,Varanasi,6,2015
6197733144557256704,администрирование_группы,организация_группы,Бхагавад-гита,3,2015
6206150204543991808,сандхи_фонетика,грамматика,,5,2015
36694535438336,текст,тексты,,1,2015
6187033937417601024,учебник,грамматика,Ferdinand Knauer|Georg Bühler,32,2015
6171492201657270272,словарь,лексикография,,3,2015
6214077925940002816,словарь,лексикография,GitHub|Monier-Williams,4,2015
6202290377088565248,книга,книги_и_раздача,,2,2015
6208595906375188480,разное,прочее,,7,2015
6223801621981167616,шрифт,инструменты,,4,2015
6165804484270227456,разное,прочее,,4,2015
6166144899044343808,йога_васиштха,тексты,Pāṇini|Йога-Васиштха,8,2015
6214775284810383360,разное,прочее,,8,2015
6209639209580363776,словарь,лексикография,,1,2015
6170691100352708608,разное,прочее,,5,2015
6208471469182156800,сайт,инструменты,GitHub,2,2015
6244733755193294848,разное,прочее,,3,2016
6175547640696012800,книга,книги_и_раздача,,2,2015
6244134508512149504,индия_путешествие,история_и_культура,,1,2016
6204129608559755264,разное,прочее,,3,2015
6199171912511258624,встреча_событие,организация_группы,,1,2015
6221957945032179712,словарь,лексикография,,6,2015
6210789261576241152,разное,прочее,,1,2015
6217457405307912192,разное,прочее,,3,2015
6214997251608018944,словарь,лексикография,,10,2015
6211797506018246656,словарь,лексикография,GitHub,1,2015
6207487024550641664,шрифт,инструменты,,8,2015
6183682872944099328,словарь,лексикография,,1,2015
6234971253193572352,разное,прочее,,3,2016
6189935720998633472,разное,прочее,,1,2015
6166236714191814656,текст,тексты,Упанишады,5,2015
6170273817570574336,разное,прочее,Pāṇini|Varanasi|Аштадхьяи,16,2015
6209884936974893056,сандхи_фонетика,грамматика,Arthur Macdonell|Macdonell Sanskrit-English Dictionary|Pāṇini|Ригведа,42,2015
6190736132790026240,разное,прочее,Pāṇini,10,2015
6184405009222860800,словарь,лексикография,,10,2015
6216194701142261760,книга,книги_и_раздача,Moscow,1,2015
6240839587199975424,разное,прочее,Wikipedia,6,2016
6204324320835010560,склонение_падеж,грамматика,,2,2015
6167234232467849216,учебник,грамматика,,1,2015
6197674865902747648,словарь,лексикография,Ferdinand Knauer|Moscow,1,2015
6229958229406777344,сандхи_фонетика,грамматика,Pāṇini,6,2015
6184403798222438400,словарь,лексикография,Пураны,2,2015
6223432312578637824,словарь,лексикография,,1,2015
6187297401782403072,разное,прочее,,6,2015
6205858134803611648,текст,тексты,Arthur Macdonell|Macdonell Sanskrit-English Dictionary,12,2015
6213182758867435520,сандхи_фонетика,грамматика,Ригведа,1,2015
6210797790638899200,словарь,лексикография,GitHub|Monier-Williams,7,2015
6213190358720839680,традиция_философия,история_и_культура,,1,2015
6205809256594145280,склонение_падеж,грамматика,,1,2015
6164864106815815680,текст,тексты,,3,2015
6185801516940525568,разное,прочее,,11,2015
6183286827001053184,словарь,лексикография,,2,2015
6186612023275552768,учебник,грамматика,Andrey Zaliznyak|Pāṇini,21,2015
6170199468515786752,персона_ученый,история_и_культура,,4,2015
6184038102084878336,словарь,лексикография,,3,2015
6173542811350073344,чтение,тексты,,36,2016
6243836586197254144,словарь,лексикография,Moscow|Pāṇini|Упанишады,1,2016
6188180469896445952,текст,тексты,Śaṅkara|Бхагавад-гита|Упанишады,41,2018
6200165760566820864,книга,книги_и_раздача,,1,2015
6205667816184479744,панини,грамматика,,7,2015
36679006027776,разное,прочее,,11,2015
6212251223427383296,разное,прочее,,3,2015
32874681073664,текст,тексты,Бхагавад-гита|Махабхарата,9,2015
33973549924352,текст,тексты,,7,2016
36130617556992,текст,тексты,Йога-Васиштха,1,2015
36027969306624,разное,прочее,,7,2015
35651489628160,сайт,инструменты,Pāṇini,1,2015
34095863169024,панини,грамматика,Pāṇini,10,2015
35193054298112,панини,грамматика,Pāṇini,1,2015
32779510218752,разное,прочее,,17,2015
32939780866048,текст,тексты,,2,2015
35238742851584,разное,прочее,,1,2015
32896422248448,книга,книги_и_раздача,ITRANS|Бхагавад-гита|Пураны,14,2015
33638386237440,курс_практикум,организация_группы,Delhi|Kātyāyana|Varanasi|Wikipedia|Махабхарата,19,2015
35182091436032,текст,тексты,,5,2015
33756873228288,йога_васиштха,тексты,Wikipedia|Йога-Васиштха,10,2015
33174344171520,текст,тексты,Упанишады,4,2015
34767931179008,разное,прочее,Apte Practical Sanskrit-English Dictionary|Delhi|Monier-Williams|Vaman Shivram Apte|Wikipedia,52,2015
34920653127680,словарь,лексикография,Apte Practical Sanskrit-English Dictionary|Cappeller Sanskrit-English Dictionary|GitHub|Grosses Petersburger Wörterbuch|Monier-Williams|SLP1|Vācaspatyam|Wörterbuch zum Rig-Veda,1,2015
32989870292992,книга,книги_и_раздача,,4,2015
33028641390592,книга,книги_и_раздача,,2,2015
36322836217856,исправление_опечаток,лексикография,Ferdinand Knauer|Moscow|Saint Petersburg,15,2015
33354470653952,разное,прочее,GitHub,14,2015
32566635659264,учебник,грамматика,Apte Practical Sanskrit-English Dictionary|Patañjali|Pāṇini|Vaman Shivram Apte|Дхатупатха,6,2015
35061606907904,учебник,грамматика,Apte Practical Sanskrit-English Dictionary|Ferdinand Knauer|Georg Bühler|Moscow|Vaman Shivram Apte,4,2015
36362219683840,текст,тексты,Wikipedia|Упанишады,23,2015
33036639928320,pdf,инструменты,Dropbox,8,2015
34091330174976,текст,тексты,Monier-Williams|Pāṇini|Аштадхьяи|Рамаяна,50,2016
34564563009536,разное,прочее,Pāṇini,16,2017
36018330796032,текст,тексты,,1,2015
32918308126720,словарь,лексикография,Śaṅkara|Бхагавад-гита,2,2015
35131004813312,учебник,грамматика,,5,2015
35502866563072,текст,тексты,Бхагавад-гита,9,2015
34343945764864,текст,тексты,,1,2015
33316326604800,сайт,инструменты,,1,2015
36628230832128,текст,тексты,,1,2015
35028802207744,учебник,грамматика,Pāṇini,4,2015
34539843878912,разное,прочее,Махабхарата,22,2015
36093921591296,учебник,грамматика,,3,2015
32925661790208,книга,книги_и_раздача,,1,2015
36548579950592,разное,прочее,,4,2015
34491614625792,учебник,грамматика,,1,2015
35736803868672,текст,тексты,,1,2015
36134527696896,йога_васиштха,тексты,Monier-Williams|Йога-Васиштха,3,2015
33763005300736,словарь,лексикография,Pāṇini,7,2015
35582044536832,словарь,лексикография,Amarakosha|Vācaspatyam,5,2015
33003567841280,словарь,лексикография,Hermann Grassmann|Wörterbuch zum Rig-Veda|Ригведа,3,2015
34786915647488,разное,прочее,Patañjali|Pāṇini,15,2015
34655681118208,словарь,лексикография,ITRANS|Pāṇini|Панчатантра,7,2015
35440315858944,разное,прочее,,3,2015
35605764374528,текст,тексты,Йога-Васиштха,1,2015
32971820105728,сравнительное_языкознание,лексикография,,2,2015
32966290964480,разное,прочее,Saint Petersburg,1,2015
36098083389440,разное,прочее,Monier-Williams,4,2015
32708458708992,разное,прочее,,1,2015
32925078781952,разное,прочее,,1,2015
35399385743360,текст,тексты,Tatyana Elizarenkova,1,2015
32748976734208,терминология,лексикография,Apte Practical Sanskrit-English Dictionary|Pāṇini|Rudolph Roth|Vaman Shivram Apte,55,2017
35378959482880,словарь,лексикография,,1,2015
35242659282944,текст,тексты,,3,2015
33097949118464,йога_васиштха,тексты,Wikipedia|Йога-Васиштха,6,2015
35886833074176,разное,прочее,Apte Practical Sanskrit-English Dictionary|Monier-Williams|Tatyana Elizarenkova|Vaman Shivram Apte|Ригведа|Упанишады,41,2015
34119710932992,шрифт,инструменты,Упанишады,2,2015
32712060567552,разное,прочее,Pāṇini,37,2015
33094307414016,текст,тексты,Бхагавад-гита,14,2015
34743047421952,текст,тексты,Apte Practical Sanskrit-English Dictionary|Monier-Williams|Vaman Shivram Apte|Упанишады,7,2015
34503105970176,учебник,грамматика,,1,2015
36235121786880,словарь,лексикография,,1,2015
32980165722112,разное,прочее,Dropbox|Wikipedia,4,2015
34567302938624,сайт,инструменты,Бхагавад-гита,5,2015
33830611189760,книга,книги_и_раздача,,2,2015
33953652146176,шрифт,инструменты,,1,2015
34998133456896,словарь,лексикография,Apte Practical Sanskrit-English Dictionary|Monier-Williams|Pune|Vaman Shivram Apte|Wikipedia,4,2015
33027446013952,текст,тексты,,1,2015
33331560316928,текст,тексты,,6,2015
35228014870528,учебник,грамматика,Andrey Zaliznyak|Pāṇini,16,2015
35080571453440,разное,прочее,,3,2015
35566713307136,этимология,лексикография,,5,2015
34293084585984,книга,книги_и_раздача,,8,2015
33013688696832,текст,тексты,,1,2015
36084375355392,текст,тексты,Apte Practical Sanskrit-English Dictionary|Monier-Williams|Pāṇini|Vaman Shivram Apte|Śaṅkara|Упанишады,44,2015
35340871008256,разное,прочее,Tatyana Elizarenkova,7,2015
35434201612288,терминология,лексикография,Horace Hayman Wilson|Pāṇini|Wikipedia|Wilson Sanskrit-English Dictionary,33,2015
34795355635712,шрифт,инструменты,Pāṇini,8,2015
33448757559296,разное,прочее,Apte Practical Sanskrit-English Dictionary|Patañjali|Pāṇini|Vaman Shivram Apte|Wikipedia|Бхагавад-гита|Махабхарата,61,2015
35367196557312,текст,тексты,,1,2015
35386143277056,учебник,грамматика,Wikipedia,9,2015
33992226111488,книга,книги_и_раздача,,1,2015
32724533379072,текст,тексты,,8,2015
35098358448128,чтение,тексты,,21,2015
35105034731520,йога_васиштха,тексты,Monier-Williams|Йога-Васиштха,5,2015
34384655679488,персона_ученый,история_и_культура,Andrey Zaliznyak,10,2015
33023737200640,книга,книги_и_раздача,,1,2015
32947753189376,текст,тексты,,1,2015
33921286799360,разное,прочее,,1,2015
33212750364672,разное,прочее,Apte Practical Sanskrit-English Dictionary|DCS|Pāṇini|Vaman Shivram Apte,26,2015
32778370416640,частицы_служебные_слова,грамматика,,8,2015
34974293032960,разное,прочее,,2,2015
35683881189376,текст,тексты,Бхагавад-гита|Упанишады,11,2015
34073596657664,разное,прочее,,4,2015
34948886036480,шрифт,инструменты,,10,2015
29893962235904,текст,тексты,Rudolph Roth|Бхагавад-гита,4,2014
29648515760128,учебник,грамматика,,1,2014
29658143784960,словообразование_сложные_слова,грамматика,Панчатантра,6,2014
26247041122304,этимология,лексикография,,3,2014
32311615684608,разное,прочее,,6,2015
27712980779008,курс_практикум,организация_группы,Dropbox|Pāṇini|Бхагавад-гита|Махабхарата|Рамаяна,23,2014
29607191379968,книга,книги_и_раздача,Saint Petersburg,1,2014
27728488169472,разное,прочее,,12,2015
30119930363904,разное,прочее,Упанишады,48,2015
30683429863424,разное,прочее,Аштадхьяи,24,2015
28000433209344,разное,прочее,,1,2014
28398357315584,текст,тексты,Махабхарата|Рамаяна|Ригведа,7,2014
27351296507904,билингва_английский,переводы_и_издания,,1,2014
26804272234496,разное,прочее,,1,2014
31667006734336,словарь,лексикография,Grosses Petersburger Wörterbuch|Otto Böhtlingk|Saint Petersburg|Wikipedia,3,2015
31545268109312,словарь,лексикография,Andrey Zaliznyak|SLP1,2,2015
30413130039296,текст,тексты,,1,2015
30991947137024,разное,прочее,Harvard-Kyoto,16,2015
26328000626688,разное,прочее,,2,2014
29691483258880,книга,книги_и_раздача,,2,2014
26923484839936,йога_васиштха,тексты,Йога-Васиштха,3,2014
27563183308800,текст,тексты,Pāṇini|Śaṅkara|Аштадхьяи|Упанишады,15,2014
32266692591616,словарь,лексикография,Patañjali|Vācaspatyam|Śaṅkara|Бхагавад-гита,24,2015
28193771749376,словарь,лексикография,,2,2014
30792530001920,разное,прочее,Pāṇini|Пураны,22,2015
28586556784640,йога_васиштха,тексты,Apte Practical Sanskrit-English Dictionary|Georg Bühler|Monier-Williams|Pāṇini|Vaman Shivram Apte|Йога-Васиштха,78,2014
32141268221952,книга,книги_и_раздача,,3,2015
28885784723456,сайт,инструменты,,7,2014
29828581425152,текст,тексты,Dropbox|Rudolph Roth|Śaṅkara|Бхагавад-гита|Упанишады,39,2017
26974331338752,текст,тексты,,2,2014
29770781818880,словарь,лексикография,Cappeller Sanskrit-English Dictionary|Grosses Petersburger Wörterbuch|Monier-Williams|Vācaspatyam|Пураны|Упанишады,12,2015
26266525761536,текст,тексты,Ригведа,5,2015
28081611866112,разное,прочее,Andrey Zaliznyak|Horace Hayman Wilson|Patañjali|Rudolph Roth|Vācaspatyam,43,2014
29734782107648,словарь,лексикография,Grosses Petersburger Wörterbuch|Otto Böhtlingk|Saint Petersburg,1,2014
28747216453632,сайт,инструменты,,1,2014
26437821136896,разное,прочее,,7,2014
26887583694848,учебник,грамматика,Otto Böhtlingk|Pāṇini,2,2014
28205302939648,разное,прочее,,5,2014
32133868421120,книга,книги_и_раздача,,4,2015
29161207889920,панини,грамматика,Pāṇini|Varanasi|Wikipedia|Бхагавад-гита|Махабхарата|Ригведа,23,2015
26750877696000,разное,прочее,Hermann Grassmann|Monier-Williams|Wörterbuch zum Rig-Veda|Ригведа,17,2014
27185263935488,персона_ученый,история_и_культура,Pāṇini|Tatyana Elizarenkova|Wikipedia,29,2015
28763715796992,чтение,тексты,GitHub|Grosses Petersburger Wörterbuch,5,2014
29466718896128,книга,книги_и_раздача,,13,2014
29806924136448,словарь,лексикография,Śaṅkara,1,2014
31602375655424,словарь,лексикография,Saint Petersburg,1,2015
32326717276160,словарь,лексикография,Apte Practical Sanskrit-English Dictionary|Vaman Shivram Apte|Śaṅkara,6,2015
28730294534144,словарь,лексикография,GitHub,9,2014
31493646712832,шрифт,инструменты,Wikipedia,3,2015
29622302408704,разное,прочее,Wikipedia|Йога-Васиштха|Рамаяна,21,2014
31103658229760,учебник,грамматика,Andrey Zaliznyak|Georg Bühler,10,2015
30029027213312,разное,прочее,,1,2015
27421294198784,разное,прочее,Wikipedia,3,2015
26614833348608,разное,прочее,,2,2014
26714134544384,словарь,лексикография,Apte Practical Sanskrit-English Dictionary|Grosses Petersburger Wörterbuch|Monier-Williams|Otto Böhtlingk|Vaman Shivram Apte|Махабхарата|Упанишады,171,2015
29688954093568,книга,книги_и_раздача,Saint Petersburg,3,2014
29886982914048,индия_путешествие,история_и_культура,,1,2014
28595901693952,йога_васиштха,тексты,Andrey Zaliznyak|Йога-Васиштха,3,2014
26797318078464,словарь,лексикография,Apte Practical Sanskrit-English Dictionary|Vaman Shivram Apte,1,2014
29941521448960,разное,прочее,Moscow|Pāṇini,18,2015
28041644343296,билингва_английский,переводы_и_издания,Apte Practical Sanskrit-English Dictionary|Vaman Shivram Apte|Махабхарата,13,2014
29395901218816,этимология,лексикография,,16,2015
29024236601344,словарь,лексикография,Apte Practical Sanskrit-English Dictionary|Horace Hayman Wilson|Otto Böhtlingk|Vaman Shivram Apte,13,2014
27955155697664,разное,прочее,GitHub,7,2014
28028789850112,билингва_английский,переводы_и_издания,,2,2014
32190474747904,словарь,лексикография,,3,2018
29975674617856,текст,тексты,Apte Practical Sanskrit-English Dictionary|GitHub|Harvard-Kyoto|Horace Hayman Wilson|Monier-Williams|Pāṇini|SLP1|Vaman Shivram Apte|Vācaspatyam|Wilson Sanskrit-English Dictionary|Śabdakalpadruma|Бхагавад-гита|Махабхарата|Ригведа,54,2015
29502506795008,разное,прочее,,14,2014
28783502426112,разное,прочее,,6,2014
31845323374592,текст,тексты,,1,2015
26847360319488,разное,прочее,Dropbox,14,2014
31127062446080,текст,тексты,,1,2015
30269042065408,метрика_чхандас,грамматика,,1,2015
26291272155136,терминология,лексикография,Apte Practical Sanskrit-English Dictionary|Vaman Shivram Apte|Пураны,17,2014
30698602758144,книга,книги_и_раздача,,1,2015
29656027758592,словарь,лексикография,Ferdinand Knauer|Saint Petersburg|Wikipedia,2,2014
26642703450112,шрифт,инструменты,,6,2014
30003664257024,текст,тексты,Упанишады,4,2015
26329503236096,сайт,инструменты,,4,2014
31960935170048,словарь,лексикография,,13,2015
31767602921472,учебник,грамматика,Delhi,1,2015
30771263832064,учебник,грамматика,Andrey Zaliznyak,2,2015
26994336071680,панини,грамматика,Andrey Zaliznyak|Patañjali|Wilson Sanskrit-English Dictionary|Śaṅkara,107,2016
31895161143296,словарь,лексикография,Apte Practical Sanskrit-English Dictionary|Grosses Petersburger Wörterbuch|Monier-Williams|Sanskrit-Wörterbuch in kürzerer Fassung|Vaman Shivram Apte,6,2015
27839397101568,шрифт,инструменты,Dropbox,2,2014
32561187258368,разное,прочее,Бхагавад-гита,25,2015
31018375446528,словарь,лексикография,Apte Practical Sanskrit-English Dictionary|Dropbox|Horace Hayman Wilson|ITRANS|Monier-Williams|Vaman Shivram Apte|Wilson Sanskrit-English Dictionary,103,2015
27860010008576,словарь,лексикография,,1,2014
31683096084480,разное,прочее,,1,2015
31948335480832,разное,прочее,Delhi|Упанишады,51,2015
28167677935616,разное,прочее,,1,2014
26810592002048,книга,книги_и_раздача,,2,2014
31402626121728,разное,прочее,Apte Practical Sanskrit-English Dictionary|Horace Hayman Wilson|Pune|Pāṇini|Vaman Shivram Apte|Vācaspatyam|Wikipedia|Wilson Sanskrit-English Dictionary|Śabdakalpadruma|Махабхарата,42,2015
28136976678912,разное,прочее,Apte Practical Sanskrit-English Dictionary|Dropbox|Vaman Shivram Apte|Йога-Васиштха|Махабхарата,54,2015
31781719900160,разное,прочее,,2,2015
26574865825792,панини,грамматика,Pāṇini,1,2014
30875967291392,словарь,лексикография,Vācaspatyam,8,2015
22844635348992,разное,прочее,Monier-Williams|Sanskrit-Wörterbuch in kürzerer Fassung,12,2016
31610251509760,учебник,грамматика,Moscow,20,2016
25598419271680,словарь,лексикография,,1,2013
23097845481472,словарь,лексикография,,1,2013
25435774648320,словарь,лексикография,Wikipedia,2,2013
24213236744192,pdf,инструменты,,1,2013
23125706145792,словарь,лексикография,,1,2013
22994444353536,учебник,грамматика,Dropbox,6,2013
23296232914944,шрифт,инструменты,,1,2013
24876803948544,словообразование_сложные_слова,грамматика,Monier-Williams,5,2013
25424932372480,книга,книги_и_раздача,Dropbox,34,2022
23171327590400,учебник,грамматика,Rudolph Roth,2,2013
23872816545792,встреча_событие,организация_группы,,1,2013
23333497208832,шрифт,инструменты,Rudolph Roth,4,2013
25321307897856,шрифт,инструменты,,2,2013
23489271562240,шрифт,инструменты,,3,2013
24018498355200,текст,тексты,DCS|Dropbox|Рамаяна,2,2013
24409552191488,текст,тексты,Ригведа,2,2013
25533079355392,перевод_вопрос,переводы_и_издания,Apte Practical Sanskrit-English Dictionary|Rudolph Roth|Vaman Shivram Apte|Махабхарата|Упанишады,6,2013
25522829524992,книга,книги_и_раздача,,1,2013
25248308133888,книга,книги_и_раздача,,1,2013
24344623316992,книга,книги_и_раздача,,1,2013
22972200910848,словарь,лексикография,,1,2013
23377197662208,шрифт,инструменты,Dropbox,25,2013
22784554041344,сандхи_фонетика,грамматика,,1,2013
24812528336896,шрифт,инструменты,Moscow|Saint Petersburg|Vācaspatyam|Wikipedia,58,2016
22730617389056,словарь,лексикография,,3,2013
24550270042112,словарь,лексикография,,9,2013
25066844717056,книга,книги_и_раздача,,3,2013
23071535661056,словарь,лексикография,Grosses Petersburger Wörterbuch|Otto Böhtlingk,1,2013
26236926558208,книга,книги_и_раздача,,2,2014
25892269064192,словарь,лексикография,GitHub,1,2014
22799727984640,йога_васиштха,тексты,Dropbox|Monier-Williams|Йога-Васиштха,11,2013
25716236222464,словарь,лексикография,,2,2014
23174936788992,pdf,инструменты,,1,2013
26025941532672,сандхи_фонетика,грамматика,,3,2014
23303473332224,разное,прочее,Wikipedia,1,2013
24282389282816,словарь,лексикография,Monier-Williams|Wilson Sanskrit-English Dictionary,10,2013
23138145402880,разное,прочее,Delhi|Rudolph Roth|Varanasi|Ригведа,4,2013
25405341827072,словарь,лексикография,,1,2013
23724436750336,книга,книги_и_раздача,,6,2013
23720740519936,разное,прочее,,1,2013
23921435869184,разное,прочее,,2,2013
23558466043904,шрифт,инструменты,Harvard-Kyoto|Velthuis|Wikipedia,37,2013
23130297860096,словарь,лексикография,Georg Bühler,1,2013
22977411284992,словарь,лексикография,,5,2013
24153631490048,сандхи_фонетика,грамматика,,2,2013
23712460963840,программа_приложение,инструменты,,1,2013
25493155872768,билингва_английский,переводы_и_издания,Wikipedia|Wörterbuch zum Rig-Veda|Бхагавад-гита,18,2015
25281175748608,словарь,лексикография,Monier-Williams|Rudolph Roth,1,2013
24088418451456,разное,прочее,Apte Practical Sanskrit-English Dictionary|Grosses Petersburger Wörterbuch|Monier-Williams|Vaman Shivram Apte,15,2013
23353600507904,разное,прочее,Delhi,3,2013
25287085522944,шрифт,инструменты,,3,2014
23890162089984,шрифт,инструменты,,8,2013
23870497095680,словарь,лексикография,Pāṇini,1,2013
23411482951680,шрифт,инструменты,,1,2013
25440957759488,словарь,лексикография,Apte Practical Sanskrit-English Dictionary|Arthur Macdonell|Grosses Petersburger Wörterbuch|Horace Hayman Wilson|Macdonell Sanskrit-English Dictionary|Monier-Williams|Otto Böhtlingk|Rudolph Roth|Saint Petersburg|Sanskrit-Wörterbuch in kürzerer Fassung|Vaman Shivram Apte|Vācaspatyam|Wilson Sanskrit-English Dictionary|Śabdakalpadruma|Махабхарата|Пураны,8,2013
23056246374400,словарь,лексикография,Dropbox|Grosses Petersburger Wörterbuch,1,2013
23363233775616,разное,прочее,Harvard-Kyoto|ITRANS,3,2013
23063518248960,словарь,лексикография,Махабхарата,1,2013
25991513636864,разное,прочее,Unicode Devanagari,4,2014
23002392559616,словарь,лексикография,Wikipedia,5,2013
23037612130304,словарь,лексикография,Otto Böhtlingk,1,2013
22960163258368,книга,книги_и_раздача,,1,2013
24378289946624,словарь,лексикография,,1,2013
25207091757056,разное,прочее,Пураны,10,2014
23729433214976,шрифт,инструменты,Arthur Macdonell|ITRANS|Macdonell Sanskrit-English Dictionary|Wikipedia,49,2013
25725817061376,pdf,инструменты,DCS|Dropbox|Дхатупатха|Ригведа,14,2014
23285227061248,книга,книги_и_раздача,,1,2013
23280537829376,сайт,инструменты,Упанишады,1,2013
25217775697920,разное,прочее,,4,2013
24903204995072,учебник,грамматика,,1,2013
23459396583424,шрифт,инструменты,,4,2013
25498020216832,разное,прочее,,3,2013
23136559955968,текст,тексты,Бхагавад-гита|Махабхарата,2,2013
25954234662912,сайт,инструменты,,2,2014
24442033930240,pdf,инструменты,,1,2013
23813109579776,pdf,инструменты,,1,2013
23076657954816,разное,прочее,,5,2013
22826340843520,текст,тексты,Varanasi,8,2013
24795830812672,словарь,лексикография,,1,2013
24015207923712,книга,книги_и_раздача,Dropbox,8,2015
23347860602880,персона_ученый,история_и_культура,,1,2013
24759148478464,встреча_событие,организация_группы,,1,2013
26161096687616,разное,прочее,Apte Practical Sanskrit-English Dictionary|Arthur Macdonell|Grosses Petersburger Wörterbuch|Macdonell Sanskrit-English Dictionary|Monier-Williams|Otto Böhtlingk|Vaman Shivram Apte|Махабхарата|Панчатантра,64,2015
23102620696576,словарь,лексикография,Apte Practical Sanskrit-English Dictionary|Monier-Williams|Sanskrit-Wörterbuch in kürzerer Fassung|Vaman Shivram Apte,6,2013
26081805467648,разное,прочее,Pāṇini|Rudolph Roth,10,2014
23196766044160,разное,прочее,Махабхарата,8,2013
23624064958464,учебник,грамматика,,4,2013
23083959189504,словарь,лексикография,Monier-Williams,3,2013
24082230804480,шрифт,инструменты,Dropbox|ITRANS,6,2013
25078360178688,корпус_данные,инструменты,DCS|Dropbox|Hermann Grassmann|Tatyana Elizarenkova|Wörterbuch zum Rig-Veda|Махабхарата|Ригведа,44,2014
23803132379136,разное,прочее,Arthur Macdonell|Macdonell Sanskrit-English Dictionary,23,2013
23268677386240,разное,прочее,Apte Practical Sanskrit-English Dictionary|Vaman Shivram Apte,8,2015
25478892093440,разное,прочее,Apte Practical Sanskrit-English Dictionary|Grosses Petersburger Wörterbuch|Monier-Williams|Rudolph Roth|Vaman Shivram Apte|Упанишады,48,2014
24941448658944,разное,прочее,Tatyana Elizarenkova|Ригведа,33,2014
24242481528832,разное,прочее,Harvard-Kyoto,28,2014
21745126866944,разное,прочее,,5,2013
24076350390272,учебник,грамматика,Delhi|Dropbox|Moscow|Pāṇini|Wikipedia|Аштадхьяи|Бхагавад-гита|Панчатантра,22,2016
21519081144320,шрифт,инструменты,,5,2013
21406478761984,разное,прочее,,2,2013
22503555596288,словарь,лексикография,,1,2013
21326220754944,словарь,лексикография,Georg Bühler,4,2021
21178861223936,учебник,грамматика,,1,2013
21177095421952,словарь,лексикография,Pune,1,2013
21157566742528,персона_ученый,история_и_культура,,1,2013
22190326022144,словарь,лексикография,Dropbox,1,2013
21517199998976,сандхи_фонетика,грамматика,Georg Bühler|Rudolph Roth|Упанишады,18,2018
22448959389696,словарь,лексикография,Dropbox|Grosses Petersburger Wörterbuch|Monier-Williams|Sanskrit-Wörterbuch in kürzerer Fassung,1,2013
21259829116928,книга,книги_и_раздача,Wikipedia,9,2013
21037831946240,pdf,инструменты,DCS|Dropbox,1,2013
21757576609792,разное,прочее,,10,2013
21581649674240,разное,прочее,Махабхарата,1,2013
22267984609280,этимология,лексикография,Pāṇini,1,2013
21411493052416,словарь,лексикография,Pāṇini,1,2013
21309363847168,книга,книги_и_раздача,ITRANS,1,2013
22576141172736,этимология,лексикография,Andrey Zaliznyak,1,2013
21471409733632,сайт,инструменты,,1,2013
21590959980544,словарь,лексикография,,12,2013
22335706890240,разное,прочее,Moscow,2,2013
22613945483264,этимология,лексикография,,6,2013
22168265031680,шрифт,инструменты,,5,2013
22441203073024,билингва_английский,переводы_и_издания,,1,2013
21404907995136,книга,книги_и_раздача,Wikipedia,7,2013
21785795887104,разное,прочее,,1,2013
21144061083648,панини,грамматика,Pāṇini,2,2015
22240985874432,этимология,лексикография,,3,2013
21329595072512,разное,прочее,Harvard-Kyoto|ITRANS|SLP1|Velthuis,5,2013
22571837816832,книга,книги_и_раздача,,1,2013
21583347318784,словарь,лексикография,,1,2013
22219148230656,билингва_английский,переводы_и_издания,,4,2013
21691836137472,pdf,инструменты,,2,2013
21920225427456,шрифт,инструменты,ITRANS,1,2013
22696414937088,спряжение_глагол,грамматика,Monier-Williams,10,2013
21096102363136,разное,прочее,,3,2013
21475736158208,словарь,лексикография,Dropbox|Monier-Williams,10,2013
22120823259136,словарь,лексикография,,1,2013
22546033410048,этимология,лексикография,Andrey Zaliznyak,1,2013
21997443612672,pdf,инструменты,,1,2013
21630015242240,разное,прочее,,14,2013
22505793257472,текст,тексты,Ригведа,2,2014
21854534238208,шрифт,инструменты,ITRANS,4,2013
21275477016576,текст,тексты,Панчатантра,1,2013
21738188439552,словарь,лексикография,,1,2013
21796551131136,шрифт,инструменты,,1,2013
21797907988480,книга,книги_и_раздача,,1,2013
21421714571264,словарь,лексикография,Ferdinand Knauer,1,2013
21253638324224,учебник,грамматика,,10,2014
21882535411712,книга,книги_и_раздача,Dropbox|Wikipedia,16,2013
22202598555648,разное,прочее,Wikipedia,4,2013
22054988414976,шрифт,инструменты,,1,2013
21482800414720,разное,прочее,,12,2013
21050498744320,книга,книги_и_раздача,Dropbox|Ferdinand Knauer|Georg Bühler,12,2013
21764640866304,текст,тексты,,3,2013
22095849324544,pdf,инструменты,,1,2013
22040093392896,разное,прочее,,9,2013
21736254865408,книга,книги_и_раздача,Дхатупатха,1,2013
21162419552256,персона_ученый,история_и_культура,,1,2013
22568707817472,перевод_вопрос,переводы_и_издания,,3,2013
21429502345216,словарь,лексикография,Tatyana Elizarenkova|Панчатантра,1,2013
21782951100416,мантра_бхакти,тексты,Wikipedia,1,2013
22723625484288,словарь,лексикография,Monier-Williams,1,2013
21789890576384,разное,прочее,,1,2013
22339417800704,книга,книги_и_раздача,Дхатупатха,1,2013
22717744021504,разное,прочее,,1,2013
21436990226432,pdf,инструменты,,1,2013
21170418089984,этимология,лексикография,,1,2013
22255736193024,разное,прочее,Dropbox,18,2013
21168909189120,синтаксис,грамматика,Delhi,2,2013
21424675749888,словарь,лексикография,,2,2013
21118475829248,словарь,лексикография,Varanasi,3,2013
22115133685760,словарь,лексикография,,3,2013
21374297964544,книга,книги_и_раздача,,7,2013
22235936980992,сайт,инструменты,,1,2013
21186221178880,этимология,лексикография,,6,2013
22523987099648,текст,тексты,Śaṅkara|Пураны|Упанишады,14,2013
21433714475008,учебник,грамматика,,1,2013
22541641973760,словарь,лексикография,Andrey Zaliznyak|Grosses Petersburger Wörterbuch|Pāṇini,1,2013
21976148082688,шрифт,инструменты,Harvard-Kyoto|ITRANS|SLP1,14,2013
22622873059328,словарь,лексикография,,1,2013
21957758156800,учебник,грамматика,Wikipedia,2,2013
21729984380928,словарь,лексикография,Grosses Petersburger Wörterbuch|Otto Böhtlingk,1,2013
21418510123008,книга,книги_и_раздача,,1,2013
21225139077120,шрифт,инструменты,ITRANS|Monier-Williams|SLP1,5,2013
21999062614016,pdf,инструменты,,1,2013
21091706732544,спряжение_глагол,грамматика,,1,2013
22658894790656,программа_приложение,инструменты,,6,2013
21558650208256,сандхи_фонетика,грамматика,Delhi|Georg Bühler,3,2013
21042176196608,шрифт,инструменты,Dropbox,4,2013
22357725937664,словарь,лексикография,,25,2015
21219985326080,панини,грамматика,Аштадхьяи,1,2013
17446415106048,разное,прочее,Wikipedia,20,2012
22360112496640,программа_приложение,инструменты,Apte Practical Sanskrit-English Dictionary|GitHub|Harvard-Kyoto|ITRANS|Monier-Williams|Moscow|SLP1|Vaman Shivram Apte|Махабхарата,70,2013
17370500300800,разное,прочее,,1,2012
20917622145024,разное,прочее,,7,2013
16986886111232,словарь,лексикография,,7,2011
18249323380736,шрифт,инструменты,Andrey Zaliznyak|Dropbox|Georg Bühler|Wikipedia,29,2012
20314095353856,программа_приложение,инструменты,Apte Practical Sanskrit-English Dictionary|Arthur Macdonell|Dropbox|Harvard-Kyoto|ITRANS|Macdonell Sanskrit-English Dictionary|Vaman Shivram Apte,53,2013
21034734452736,сайт,инструменты,,1,2013
17608514469888,панини,грамматика,Pāṇini,4,2012
18444111052800,учебник,грамматика,Moscow,2,2012
20985245859840,pdf,инструменты,ITRANS,1,2013
18296863719424,учебник,грамматика,,1,2012
20501364736000,разное,прочее,Andrey Zaliznyak|Tatyana Elizarenkova|Wikipedia|Упанишады,5,2012
18315401494528,книга,книги_и_раздача,Delhi,4,2012
20809552756736,йога_васиштха,тексты,Йога-Васиштха|Махабхарата,3,2013
20586534273024,текст,тексты,,3,2012
20629980971008,разное,прочее,,15,2014
17434246381568,текст,тексты,,7,2012
20995833331712,учебник,грамматика,Saint Petersburg,1,2013
20067598204928,словарь,лексикография,,1,2012
18333193732096,разное,прочее,,3,2012
20108038635520,разное,прочее,Apte Practical Sanskrit-English Dictionary|Vaman Shivram Apte|Wikipedia,38,2012
18153271721984,персона_ученый,история_и_культура,Ferdinand Knauer,4,2012
20760235081728,словарь,лексикография,,4,2013
20305541070848,шрифт,инструменты,Apte Practical Sanskrit-English Dictionary|Arthur Macdonell|Georg Bühler|Grosses Petersburger Wörterbuch|Macdonell Sanskrit-English Dictionary|Monier-Williams|Otto Böhtlingk|Rudolph Roth|Vaman Shivram Apte|Йога-Васиштха,6,2012
17222218022912,разное,прочее,Monier-Williams|Pāṇini|Wikipedia,35,2012
18428881534976,словарь,лексикография,Apte Practical Sanskrit-English Dictionary|Dropbox|Vaman Shivram Apte,1,2012
20421049057280,индия_путешествие,история_и_культура,Pāṇini,5,2012
17830503251968,разное,прочее,,10,2012
18000703913984,разное,прочее,,2,2012
20084312506368,учебник,грамматика,Śaṅkara,5,2012
18186791550976,учебник,грамматика,Tatyana Elizarenkova,11,2012
21019444117504,учебник,грамматика,,1,2013
20505502416896,книга,книги_и_раздача,Moscow|Saint Petersburg,1,2012
16992091242496,перевод_вопрос,переводы_и_издания,Apte Practical Sanskrit-English Dictionary|Monier-Williams|Vaman Shivram Apte,12,2011
20028690792448,pdf,инструменты,,3,2012
17714361925632,разное,прочее,,1,2012
20520164655104,разное,прочее,,3,2013
18303918538752,разное,прочее,Moscow|Saint Petersburg,16,2012
19964184494080,разное,прочее,,1,2012
20659299155968,йога_васиштха,тексты,Arthur Macdonell|Macdonell Sanskrit-English Dictionary|Бхагавад-гита|Йога-Васиштха,23,2014
21000306556928,книга,книги_и_раздача,,1,2013
16971362992128,словарь,лексикография,Apte Practical Sanskrit-English Dictionary|Dropbox|Vaman Shivram Apte,4,2011
19542576201728,текст,тексты,Рамаяна,1,2012
20983368908800,разное,прочее,,3,2013
21013816410112,разное,прочее,,1,2013
20511023169536,исправление_опечаток,лексикография,,1,2012
17172955922432,разное,прочее,Delhi|Moscow|Бхагавад-гита|Махабхарата,4,2011
18583211999232,комментарии_ачарьи,тексты,Śaṅkara,1,2012
19948643549184,разное,прочее,Wikipedia,3,2012
18495240667136,разное,прочее,Monier-Williams,8,2012
17154207383552,разное,прочее,,1,2011
20992218890240,мантра_бхакти,тексты,,1,2013
17204347142144,встреча_событие,организация_группы,Varanasi,4,2012
20565964357632,учебник,грамматика,Рамаяна,2,2012
20797568581632,текст,тексты,Delhi|Varanasi|Бхагавад-гита,25,2013
18808179785728,текст,тексты,Monier-Williams|Pāṇini|Rudolph Roth|Tatyana Elizarenkova|Śaṅkara|Бхагавад-гита|Махабхарата|Пураны|Упанишады,111,2012
18430483759104,разное,прочее,,1,2012
18064868376576,книга,книги_и_раздача,,6,2012
17795714646016,программа_приложение,инструменты,,2,2012
17695310348288,разное,прочее,,4,2012
18591161253888,разное,прочее,,2,2012
20431180398592,разное,прочее,,2,2012
20292014440448,текст,тексты,Wilson Sanskrit-English Dictionary,4,2012
19977877848064,индия_путешествие,история_и_культура,Wikipedia,11,2012
17718279405568,традиция_философия,история_и_культура,Andrey Zaliznyak|Apte Practical Sanskrit-English Dictionary|Pāṇini|Rudolph Roth|Vaman Shivram Apte|Wikipedia|Бхагавад-гита,66,2012
20024201838592,разное,прочее,Dropbox,4,2012
20216494948352,словарь,лексикография,Monier-Williams,1,2012
21010263834624,текст,тексты,,1,2013
20744019902464,йога_васиштха,тексты,Йога-Васиштха,4,2013
17840530784256,разное,прочее,,12,2012
18171504361472,текст,тексты,Бхагавад-гита,2,2012
19351448059904,мантра_бхакти,тексты,Apte Practical Sanskrit-English Dictionary|Monier-Williams|Vaman Shivram Apte|Wikipedia|Панчатантра,53,2012
20470353100800,перевод_вопрос,переводы_и_издания,,11,2012
17455553445888,текст,тексты,Dropbox,5,2013
17378987474944,разное,прочее,,16,2012
17057889386496,разное,прочее,,5,2012
20052191477760,учебник,грамматика,,1,2012
18599370555392,разное,прочее,Patañjali|Бхагавад-гита,107,2012
18231382245376,индия_путешествие,история_и_культура,Moscow,4,2012
20487249854464,словарь,лексикография,Georg Bühler|Йога-Васиштха,3,2012
19886598258688,разное,прочее,Wikipedia,4,2012
17597075554304,шрифт,инструменты,,2,2012
19782124437504,словарь,лексикография,Apte Practical Sanskrit-English Dictionary|Arthur Macdonell|Macdonell Sanskrit-English Dictionary|Monier-Williams|Vaman Shivram Apte,16,2012
21031959920640,словарь,лексикография,,1,2013
20793332334592,шрифт,инструменты,,3,2013
20081913364480,чтение,тексты,,1,2012
20771568091136,панини,грамматика,DCS|Ригведа,6,2014
17533222518784,разное,прочее,Arthur Macdonell|Macdonell Sanskrit-English Dictionary|Tatyana Elizarenkova|Ригведа,20,2012
21004481986560,разное,прочее,Махабхарата,1,2013
20527707062272,разное,прочее,,7,2012
20888988680192,перевод_вопрос,переводы_и_издания,,4,2013
20572814704640,учебник,грамматика,,1,2012
18383719366656,разное,прочее,Patañjali,8,2012
18724824285184,сандхи_фонетика,грамматика,Pāṇini|Varanasi|Бхагавад-гита,22,2012
18261394587648,билингва_английский,переводы_и_издания,,1,2012
16518995771392,разное,прочее,,6,2011
12202083876864,йога_васиштха,тексты,Rapidshare|Йога-Васиштха,10,2011
12244328906752,текст,тексты,Arthur Macdonell|Horace Hayman Wilson|Macdonell Sanskrit-English Dictionary|Moscow|Otto Böhtlingk|Varanasi|Wikipedia|Бхагавад-гита|Махабхарата|Рамаяна,92,2015
13431389290496,шрифт,инструменты,,3,2011
16337667620864,разное,прочее,,1,2011
11576102879232,метрика_чхандас,грамматика,Pāṇini,2,2010
12250991558656,сравнительное_языкознание,лексикография,Andrey Zaliznyak|Pāṇini|Rapidshare|Varanasi|Дхатупатха,143,2011
13834071834624,книга,книги_и_раздача,Rapidshare|Wikipedia|Бхагавад-гита,19,2015
14621680336896,перевод_вопрос,переводы_и_издания,,11,2011
11061932589056,разное,прочее,Delhi|Patañjali|Saint Petersburg|Varanasi|Бхагавад-гита|Махабхарата|Рамаяна,74,2010
11273815195648,шрифт,инструменты,,2,2010
13979681292288,сандхи_фонетика,грамматика,,13,2011
16780163547136,разное,прочее,,1,2011
16568263114752,книга,книги_и_раздача,Dropbox,24,2015
14798329741312,панини,грамматика,,5,2011
16578448982016,учебник,грамматика,Apte Practical Sanskrit-English Dictionary|Dropbox|Grosses Petersburger Wörterbuch|Monier-Williams|Otto Böhtlingk|Rapidshare|Rudolph Roth|Sanskrit-Wörterbuch in kürzerer Fassung|Vaman Shivram Apte,47,2011
12878439514112,шрифт,инструменты,Rapidshare,9,2011
11347877167104,учебник,грамматика,Tatyana Elizarenkova,5,2010
15728180723712,этимология,лексикография,,3,2011
12162193948672,обмен_файлами,книги_и_раздача,Rapidshare,1,2011
11625275850752,разное,прочее,,3,2010
16465314971648,словарь,лексикография,Ferdinand Knauer|Grosses Petersburger Wörterbuch|Otto Böhtlingk|Saint Petersburg,6,2012
16416477544448,словарь,лексикография,Ferdinand Knauer|Georg Bühler,1,2011
16869607079936,перевод_вопрос,переводы_и_издания,Horace Hayman Wilson|Wikipedia,20,2011
16827568619520,разное,прочее,Apte Practical Sanskrit-English Dictionary|Vaman Shivram Apte|Varanasi|Wikipedia|Пураны,11,2011
12734010753024,текст,тексты,,21,2011
12155816509440,учебник,грамматика,Dropbox|Pāṇini|Rapidshare,5,2013
16509898326016,разное,прочее,,1,2011
14719140233216,разное,прочее,,3,2011
16571518943232,учебник,грамматика,,2,2011
11584559644672,шрифт,инструменты,Amarakosha|Бхагавад-гита|Махабхарата|Ригведа,19,2015
14310221807616,учебник,грамматика,Pāṇini|Rapidshare,1,2011
14738873384960,словарь,лексикография,,12,2011
15404882722816,словарь,лексикография,Ferdinand Knauer|Georg Bühler|Varanasi,7,2011
13861765775360,разное,прочее,Pāṇini|Аштадхьяи,12,2013
16265342091264,синтаксис,грамматика,Apte Practical Sanskrit-English Dictionary|Pāṇini|Vaman Shivram Apte|Аштадхьяи,65,2017
14217129230336,персона_ученый,история_и_культура,Dropbox|Ferdinand Knauer,24,2015
11699191021568,pdf,инструменты,Moscow|Rapidshare,1,2011
12195641425920,разное,прочее,,2,2011
15717040652288,pdf,инструменты,,4,2011
16448570261504,словарь,лексикография,,1,2011
11547683323904,книга,книги_и_раздача,Delhi,6,2011
15829072609280,индия_путешествие,история_и_культура,,3,2011
13822503944192,разное,прочее,,13,2011
13215266242560,сандхи_фонетика,грамматика,Apte Practical Sanskrit-English Dictionary|Monier-Williams|Pāṇini|Vaman Shivram Apte|Бхагавад-гита|Ригведа,31,2011
13423548039168,разное,прочее,Wikipedia|Махабхарата|Ригведа|Упанишады,77,2011
14463832948736,учебник,грамматика,Rapidshare,1,2011
14716483141632,персона_ученый,история_и_культура,Ferdinand Knauer|Georg Bühler,37,2011
14815262146560,разное,прочее,,3,2011
11700094894080,учебник,грамматика,Pāṇini|Rapidshare|Saint Petersburg,9,2011
11150576058368,книга,книги_и_раздача,,1,2010
14993726636032,разное,прочее,,1,2011
14892434194432,разное,прочее,,2,2011
16452693262336,словарь,лексикография,Monier-Williams,4,2011
16361409478656,склонение_падеж,грамматика,,1,2011
16813348880384,словарь,лексикография,,2,2011
16094946394112,разное,прочее,Wikipedia,10,2011
16412979494912,стотра_гимн,тексты,,8,2017
13420006998016,стотра_гимн,тексты,Ригведа,3,2011
15773199237120,текст,тексты,,3,2011
13196690718720,персона_ученый,история_и_культура,Ferdinand Knauer|Pāṇini,3,2011
12129935556608,этимология,лексикография,Pāṇini,1,2011
16342910500864,словарь,лексикография,,2,2011
16884231569408,книга,книги_и_раздача,,1,2011
12175431172096,учебник,грамматика,Pāṇini,1,2011
11049362259968,шрифт,инструменты,Harvard-Kyoto|ITRANS|SLP1,8,2010
16865324695552,спряжение_глагол,грамматика,,1,2011
11335303692288,книга,книги_и_раздача,Rapidshare,2,2010
15311909683200,перевод_вопрос,переводы_и_издания,,13,2011
11749333925888,шрифт,инструменты,Rapidshare|Аштадхьяи,13,2011
14132292091904,pdf,инструменты,Wikipedia|Ригведа,2,2011
11027022348288,панини,грамматика,Patañjali,1,2010
11383300161536,разное,прочее,,5,2010
13460454768640,разное,прочее,,16,2011
11492906762240,разное,прочее,Delhi|Varanasi,11,2010
12178877841408,учебник,грамматика,Pāṇini,4,2011
11715001450496,словарь,лексикография,Apte Practical Sanskrit-English Dictionary|Pāṇini|Vaman Shivram Apte,1,2011
11186903973888,разное,прочее,,6,2010
15549969989632,текст,тексты,Delhi|Monier-Williams|Pāṇini|Rapidshare|Varanasi|Wikipedia|Бхагавад-гита,165,2013
15709196255232,астрология,прочее,Махабхарата|Ригведа,2,2011
14574362296320,разное,прочее,,13,2011
15355319681024,книга,книги_и_раздача,Apte Practical Sanskrit-English Dictionary|Vaman Shivram Apte,6,2011
11112554692608,разное,прочее,Rudolph Roth,3,2010
16371662454784,шрифт,инструменты,,5,2011
16480257179648,мантра_бхакти,тексты,Pāṇini|Rapidshare,11,2011
13844763115520,разное,прочее,,4,2011
11029819949056,разное,прочее,,1,2010
15466242244608,текст,тексты,Pāṇini|Tatyana Elizarenkova|Ригведа,5,2011
15046025412608,словарь,лексикография,Dropbox|Georg Bühler,64,2015
14963721633792,книга,книги_и_раздача,Andrey Zaliznyak|Dropbox|Georg Bühler,27,2011
11806700470272,учебник,грамматика,Andrey Zaliznyak|Apte Practical Sanskrit-English Dictionary|Ferdinand Knauer|Georg Bühler|Grosses Petersburger Wörterbuch|Harvard-Kyoto|ITRANS|Monier-Williams|Otto Böhtlingk|Rapidshare|Rudolph Roth|SLP1|Saint Petersburg|Tatyana Elizarenkova|Vaman Shivram Apte|Varanasi|Velthuis|Аштадхьяи|Бхагавад-гита|Пураны,90,2011
11659132272640,pdf,инструменты,Rapidshare|Tatyana Elizarenkova,1,2010
14080912916480,разное,прочее,Andrey Zaliznyak|Ferdinand Knauer|Georg Bühler|Horace Hayman Wilson|Pāṇini|Wikipedia,98,2014
16338220220416,склонение_падеж,грамматика,,1,2011
8286383374336,разное,прочее,Andrey Zaliznyak|Пураны,3,2009
9321340469248,комментарии_ачарьи,тексты,Harvard-Kyoto|ITRANS|Rapidshare|Wikipedia|Śaṅkara,8,2010
8261338136576,спряжение_глагол,грамматика,Andrey Zaliznyak,12,2009
9523601342464,разное,прочее,Dropbox,9,2011
10918964494336,разное,прочее,Saint Petersburg,7,2010
10585361088512,текст,тексты,Бхагавад-гита,3,2010
10280595619840,разное,прочее,,3,2010
10017258340352,курс_практикум,организация_группы,,6,2010
7491899359232,словарь,лексикография,,1,2009
8826958905344,словарь,лексикография,Apte Practical Sanskrit-English Dictionary|Vaman Shivram Apte,5,2010
9158096060416,разное,прочее,,1,2010
7954448252928,этимология,лексикография,,3,2009
9193118498816,индия_путешествие,история_и_культура,Wikipedia,5,2010
8538011205632,администрирование_группы,организация_группы,,3,2010
9854789877760,курс_практикум,организация_группы,Pāṇini|Аштадхьяи,7,2010
10197822078976,текст,тексты,Monier-Williams|Wikipedia|Śaṅkara|Бхагавад-гита|Махабхарата|Пураны,29,2010
8653368197120,перевод_вопрос,переводы_и_издания,,1,2009
8339935199232,разное,прочее,Andrey Zaliznyak|Ferdinand Knauer|Monier-Williams,11,2009
8897262780416,текст,тексты,Pāṇini|Tatyana Elizarenkova|Wikipedia|Ригведа,35,2010
10540249251840,панини,грамматика,Patañjali,2,2010
8777688416256,склонение_падеж,грамматика,Monier-Williams,5,2010
9971772162048,учебник,грамматика,Andrey Zaliznyak|Пураны,5,2010
9187164684288,словарь,лексикография,Apte Practical Sanskrit-English Dictionary|Rapidshare|Vaman Shivram Apte|Wilson Sanskrit-English Dictionary,12,2010
7510306062336,сандхи_фонетика,грамматика,,5,2009
7466286841856,этимология,лексикография,Moscow,3,2009
10662150406144,шрифт,инструменты,,2,2010
9822433968128,разное,прочее,,2,2010
10721203060736,разное,прочее,,17,2010
9428393787392,текст,тексты,,3,2010
9514352902144,панини,грамматика,Patañjali|Pāṇini|Rapidshare|Varanasi|Wikipedia|Махабхарата|Панчатантра|Пураны|Ригведа|Упанишады,71,2010
8647745732608,сандхи_фонетика,грамматика,,3,2009
10997982035968,книга,книги_и_раздача,,1,2010
9519137554432,разное,прочее,,8,2010
7723650383872,словарь,лексикография,,1,2009
7582911561728,комментарии_ачарьи,тексты,Wikipedia,1,2009
10711441866752,словообразование_сложные_слова,грамматика,,1,2010
10806723870720,сравнительное_языкознание,лексикография,Delhi|Moscow|Rapidshare,31,2010
9130362273792,разное,прочее,,6,2010
8595884212224,текст,тексты,Ригведа,5,2010
10042308820992,разное,прочее,Horace Hayman Wilson|Monier-Williams|Pāṇini,83,2010
9506675228672,билингва_английский,переводы_и_издания,,1,2010
9316038868992,текст,тексты,,1,2010
7547435089920,курс_практикум,организация_группы,,1,2009
7484688302080,текст,тексты,Ригведа,2,2009
8115386843136,сайт,инструменты,,2,2009
8033542340608,шрифт,инструменты,,1,2009
9899286200320,разное,прочее,,5,2010
7983472836608,книга,книги_и_раздача,,2,2009
7489419476992,разное,прочее,,1,2009
9240615845888,шрифт,инструменты,,4,2010
9340514729984,учебник,грамматика,Pāṇini,3,2010
9786308427776,словарь,лексикография,Pāṇini,3,2010
8317776691200,шрифт,инструменты,ITRANS,45,2010
9441529298944,pdf,инструменты,,5,2010
9371382710272,книга,книги_и_раздача,,1,2010
8036592648192,разное,прочее,Delhi|Pāṇini|Rapidshare|Wikipedia|Пураны,56,2009
9998671282176,индия_путешествие,история_и_культура,Pāṇini|Rapidshare|Saint Petersburg,6,2010
8930349547520,учебник,грамматика,Ригведа,13,2010
9867894980608,учебник,грамматика,Pāṇini,1,2010
8841292939264,разное,прочее,,9,2010
7708034990080,сайт,инструменты,Ригведа,1,2009
7746584838144,текст,тексты,,3,2009
10861973340160,разное,прочее,,1,2010
8508489596928,разное,прочее,,18,2010
9975082516480,книга,книги_и_раздача,,1,2010
8608912769024,словарь,лексикография,,1,2009
9410576384000,pdf,инструменты,,1,2010
7939342467072,разное,прочее,Varanasi,7,2009
9465120161792,словарь,лексикография,Apte Practical Sanskrit-English Dictionary|Vaman Shivram Apte,7,2010
9173188214784,разное,прочее,,2,2010
7542508879872,спряжение_глагол,грамматика,,1,2009
10763460673536,разное,прочее,Rapidshare,5,2010
10567355990016,текст,тексты,,2,2010
10961937235968,разное,прочее,,6,2010
9168139321344,мантра_бхакти,тексты,Wikipedia,1,2010
9960542961664,разное,прочее,,2,2010
9196352307200,разное,прочее,,1,2010
9276998287360,текст,тексты,,6,2010
7993806553088,шрифт,инструменты,,1,2009
10030456766464,текст,тексты,,1,2010
8706364276736,разное,прочее,,4,2010
9176902270976,разное,прочее,Упанишады,3,2010
8624708517888,перевод_вопрос,переводы_и_издания,Wikipedia|Пураны,16,2010
9373737811968,pdf,инструменты,Apte Practical Sanskrit-English Dictionary|Vaman Shivram Apte,12,2010
9076356415488,словарь,лексикография,,7,2010
7459173302272,индия_путешествие,история_и_культура,Varanasi,10,2009
9148344303616,книга,книги_и_раздача,,1,2010
7634380914688,разное,прочее,Amarakosha|Andrey Zaliznyak|Apte Practical Sanskrit-English Dictionary|Delhi|Georg Bühler|Monier-Williams|Pāṇini|Vaman Shivram Apte|Wikipedia|Wilson Sanskrit-English Dictionary|Ригведа|Упанишады,52,2009
10829160251392,разное,прочее,,5,2010
7527050772480,сандхи_фонетика,грамматика,,2,2009
10993541316608,курс_практикум,организация_группы,,4,2010
7794956697600,книга,книги_и_раздача,Moscow|Otto Böhtlingk|Patañjali|Pāṇini|Rapidshare|Аштадхьяи,45,2015
10292950990848,учебник,грамматика,Vrindavan|Бхагавад-гита,33,2010
9932474679296,шрифт,инструменты,,4,2010
7553765343232,учебник,грамматика,,15,2009
8005165776896,текст,тексты,,7,2009
6419393806336,словарь,лексикография,Monier-Williams,1,2009
5768964210688,программа_приложение,инструменты,,1,2008
5910588030976,панини,грамматика,,4,2009
6041512181760,разное,прочее,,2,2008
5307646345216,сайт,инструменты,,2,2008
6356287356928,шрифт,инструменты,,2,2009
7447965073408,сайт,инструменты,Махабхарата,2,2009
6270455119872,персона_ученый,история_и_культура,Andrey Zaliznyak,3,2009
5333241036800,pdf,инструменты,Ригведа,1,2008
5526432776192,разное,прочее,Delhi|Rapidshare,16,2008
5347298246656,разное,прочее,,1,2008
5879732633600,разное,прочее,Otto Böhtlingk,1,2008
6384044212224,панини,грамматика,Patañjali,63,2009
5839406497792,этимология,лексикография,Pāṇini|Rapidshare,7,2008
5371677638656,разное,прочее,,2,2008
6287005843456,словарь,лексикография,Monier-Williams|Varanasi,3,2009
5725660119040,разное,прочее,,1,2008
6849023705088,словарь,лексикография,Monier-Williams,9,2009
5357710606336,разное,прочее,,2,2008
5716782874624,разное,прочее,,1,2008
5257211936768,разное,прочее,,5,2008
6264835801088,pdf,инструменты,Wilson Sanskrit-English Dictionary,1,2008
5343786565632,перевод_вопрос,переводы_и_издания,,2,2008
7032291721216,этимология,лексикография,,2,2009
5754621788160,сайт,инструменты,,2,2008
5749265661952,сайт,инструменты,,1,2008
7247572762624,текст,тексты,Śaṅkara|Бхагавад-гита,13,2009
6084634869760,разное,прочее,,16,2008
7065730809856,разное,прочее,Śaṅkara|Махабхарата,16,2009
5697096908800,разное,прочее,,1,2008
6369476345856,разное,прочее,,21,2014
5146621771776,разное,прочее,Arthur Macdonell|Macdonell Sanskrit-English Dictionary|Rapidshare,12,2008
5920297844736,билингва_английский,переводы_и_издания,,3,2008
7421238968320,разное,прочее,Andrey Zaliznyak|Ferdinand Knauer|Georg Bühler|Бхагавад-гита,7,2009
5958786875392,разное,прочее,,3,2008
5303005347840,pdf,инструменты,Rapidshare,1,2008
5583020228608,разное,прочее,,5,2008
6156601786368,курс_практикум,организация_группы,,6,2008
5714932137984,разное,прочее,,1,2008
5737174532096,разное,прочее,,2,2008
5703374733312,словарь,лексикография,,2,2008
5708744491008,разное,прочее,,1,2008
6687567118336,сайт,инструменты,,1,2009
5376198049792,разное,прочее,Monier-Williams|Махабхарата,8,2008
5323941216256,разное,прочее,,3,2008
6691834822656,терминология,лексикография,Pāṇini|Wikipedia|Śaṅkara|Бхагавад-гита|Упанишады,48,2009
6290535350272,терминология,лексикография,Patañjali|Пураны,15,2009
7071941525504,разное,прочее,Бхагавад-гита,3,2009
5685664284672,разное,прочее,,3,2008
5546593746944,разное,прочее,,2,2008
7254238560256,разное,прочее,Махабхарата,3,2009
6655965134848,разное,прочее,Andrey Zaliznyak,8,2009
6918227623936,текст,тексты,Śaṅkara|Бхагавад-гита,9,2009
5516912754688,астрология,прочее,,1,2008
5730105032704,разное,прочее,,1,2008
6089478242304,разное,прочее,Pāṇini,7,2008
5061068455936,сандхи_фонетика,грамматика,Monier-Williams,27,2008
5779495059456,книга,книги_и_раздача,,3,2008
5743058092032,разное,прочее,,1,2008
5125757206528,индия_путешествие,история_и_культура,,3,2008
5963467718656,словарь,лексикография,,4,2008
5354910908416,разное,прочее,,8,2008
6434930556928,словарь,лексикография,,6,2009
6200452186112,разное,прочее,,5,2008
5755305459712,разное,прочее,,1,2008
7113907634176,разное,прочее,,3,2009
5834617651200,pdf,инструменты,,1,2008
5982053728256,текст,тексты,Andrey Zaliznyak|Monier-Williams|Бхагавад-гита|Махабхарата|Пураны,26,2008
5430750216192,разное,прочее,,17,2008
5935281995776,разное,прочее,,6,2008
5883942666240,разное,прочее,Wikipedia,8,2008
5312806387712,словарь,лексикография,Pāṇini,2,2008
4791205888000,учебник,грамматика,,3,2008
3880041578496,индия_путешествие,история_и_культура,Rapidshare|Wikipedia,4,2007
4784687939584,разное,прочее,Moscow,13,2008
4336100835328,словарь,лексикография,Monier-Williams,7,2007
2828542148608,книга,книги_и_раздача,Rapidshare,8,2007
6567055327232,панини,грамматика,Patañjali|Śaṅkara|Бхагавад-гита|Пураны,54,2009
4600813846528,словарь,лексикография,,1,2008
2876436905984,билингва_английский,переводы_и_издания,,1,2007
2913316372480,сравнительное_языкознание,лексикография,Rapidshare,4,2007
4585190064128,сайт,инструменты,,1,2008
3295879888896,разное,прочее,,3,2007
3995156348928,разное,прочее,Monier-Williams,18,2007
4212408713216,учебник,грамматика,Rapidshare,11,2008
4755859439616,разное,прочее,,1,2008
4263820394496,книга,книги_и_раздача,,1,2007
3822116143104,словарь,лексикография,,8,2007
3554253209600,разное,прочее,,1,2007
4220969287680,панини,грамматика,Pāṇini,4,2007
3219419824128,pdf,инструменты,Apte Practical Sanskrit-English Dictionary|Delhi|Pāṇini|Rapidshare|Saint Petersburg|Vaman Shivram Apte|Varanasi|Wilson Sanskrit-English Dictionary|Бхагавад-гита|Махабхарата,55,2008
3334201147392,обмен_файлами,книги_и_раздача,Rapidshare,3,2007
4271295692800,шрифт,инструменты,,2,2007
4742471221248,учебник,грамматика,,1,2008
2686743216128,шрифт,инструменты,,6,2007
3463307067392,книга,книги_и_раздача,Delhi|Georg Bühler|Pāṇini|Rapidshare,7,2007
4125629612032,текст,тексты,Moscow|Pāṇini,13,2007
3216474374144,pdf,инструменты,Rapidshare,1,2007
3209763487744,словарь,лексикография,Arthur Macdonell|Macdonell Sanskrit-English Dictionary|Rapidshare,1,2007
3560105312256,разное,прочее,,4,2007
2763484299264,обмен_файлами,книги_и_раздача,Patañjali|Rapidshare|Śaṅkara|Махабхарата,18,2007
5048145805312,шрифт,инструменты,,1,2008
4984969101312,словарь,лексикография,Apte Practical Sanskrit-English Dictionary|Monier-Williams|Vaman Shivram Apte,4,2008
3598159183872,разное,прочее,Пураны,7,2007
3405898579968,словарь,лексикография,Rapidshare|Бхагавад-гита,15,2007
2662036668416,pdf,инструменты,Patañjali|Rapidshare,7,2007
4541098491904,обмен_файлами,книги_и_раздача,Rapidshare,2,2008
4401067458560,учебник,грамматика,Patañjali,2,2008
3123294765056,шрифт,инструменты,ITRANS|Pāṇini|Wikipedia|Аштадхьяи,15,2007
3761509498880,словарь,лексикография,Georg Bühler,1,2007
3158330834944,шрифт,инструменты,ITRANS,1,2007
4926481629184,разное,прочее,,11,2008
2774802628608,разное,прочее,Rapidshare,9,2008
3969478819840,стотра_гимн,тексты,,2,2007
4553657286656,билингва_английский,переводы_и_издания,,4,2008
3811265478656,сайт,инструменты,,1,2007
3916285607936,разное,прочее,Rapidshare,5,2007
3522348187648,учебник,грамматика,,9,2007
4304069984256,разное,прочее,,6,2007
3767171809280,шрифт,инструменты,,4,2007
3345724997632,билингва_английский,переводы_и_издания,,2,2007
3248263004160,разное,прочее,Rapidshare,17,2007
4161435336704,словарь,лексикография,Ferdinand Knauer,1,2007
3324873015296,pdf,инструменты,,1,2007
2881795129344,разное,прочее,,6,2007
3591450394624,шрифт,инструменты,,2,2007
3697940627456,шрифт,инструменты,,4,2007
3121769086976,pdf,инструменты,Rapidshare,1,2007
4748207980544,сравнительное_языкознание,лексикография,Ригведа,2,2008
4115079888896,словарь,лексикография,Arthur Macdonell|Ferdinand Knauer|Georg Bühler|Macdonell Sanskrit-English Dictionary|Rapidshare|Wilson Sanskrit-English Dictionary,1,2007
3777110212608,шрифт,инструменты,Harvard-Kyoto|ITRANS|Wikipedia,5,2007
2700651528192,разное,прочее,,1,2007
4630386835456,словарь,лексикография,Georg Bühler|Pāṇini,17,2008
3638433939456,словарь,лексикография,Georg Bühler|Moscow,14,2007
2725362270208,словарь,лексикография,Monier-Williams,3,2007
3988633157632,разное,прочее,,1,2007
3814229803008,словарь,лексикография,,1,2007
4034397208576,разное,прочее,,13,2008
4801251246080,панини,грамматика,Pāṇini,1,2008
3368435056640,разное,прочее,Rapidshare,5,2007
4834468036608,учебник,грамматика,,4,2008
4621117423616,разное,прочее,Pune|Saint Petersburg,12,2008
4818480398336,словарь,лексикография,,8,2008
3958876667904,разное,прочее,,1,2007
5036837961728,разное,прочее,Moscow,1,2008
2934118023168,разное,прочее,Pāṇini|Ригведа,14,2007
4259565273088,сандхи_фонетика,грамматика,GitHub|Pāṇini,26,2015
3906465693696,учебник,грамматика,Rapidshare,2,2007
3199563988992,персона_ученый,история_и_культура,Rapidshare,2,2007
3203191013376,персона_ученый,история_и_культура,Tatyana Elizarenkova,1,2007
4387641491456,словарь,лексикография,Apte Practical Sanskrit-English Dictionary|Ferdinand Knauer|Georg Bühler|Grosses Petersburger Wörterbuch|Moscow|Otto Böhtlingk|Saint Petersburg|Vaman Shivram Apte|Wikipedia,23,2013
2671868116992,словарь,лексикография,Otto Böhtlingk|Rapidshare,1,2007
2713506021376,словарь,лексикография,ITRANS|Monier-Williams|Otto Böhtlingk|Rapidshare|Rudolph Roth,9,2007
4560075620352,учебник,грамматика,,2,2008
3338923933696,разное,прочее,Pāṇini|Rapidshare,5,2007
4734903648256,разное,прочее,Rudolph Roth,1,2008
3632560865280,словарь,лексикография,Delhi|Rapidshare,13,2007
3504229842944,книга,книги_и_раздача,,2,2007
2755352592384,книга,книги_и_раздача,,2,2007
4149890514944,словарь,лексикография,Apte Practical Sanskrit-English Dictionary|Vaman Shivram Apte,7,2008
1529298812928,разное,прочее,,1,2007
901387386880,разное,прочее,Пураны,1,2007
2277163139072,учебник,грамматика,,4,2007
768327286784,разное,прочее,,3,2007
1321429106688,разное,прочее,,6,2007
2096629809152,pdf,инструменты,Delhi|Hermann Grassmann|Moscow|Rapidshare|Tatyana Elizarenkova|Wörterbuch zum Rig-Veda|Махабхарата|Ригведа,5,2007
1634442674176,разное,прочее,,1,2007
260627759104,словарь,лексикография,,2,2007
1344460029952,персона_ученый,история_и_культура,,4,2007
2471691812864,словарь,лексикография,,4,2007
2587179876352,словарь,лексикография,Andrey Zaliznyak|Ferdinand Knauer|Georg Bühler,1,2007
1192455307264,словарь,лексикография,Rapidshare,15,2007
2226849316864,обмен_файлами,книги_и_раздача,Rapidshare,4,2007
313496961024,разное,прочее,,7,2007
2059158945792,персона_ученый,история_и_культура,,7,2007
107179147264,книга,книги_и_раздача,Moscow,1,2007
80582017024,шрифт,инструменты,,1,2006
906364977152,разное,прочее,,1,2007
1059081682944,словарь,лексикография,Пураны,2,2007
629725462528,pdf,инструменты,Kātyāyana|Rapidshare,2,2007
321555267584,шрифт,инструменты,,8,2007
177086660608,словарь,лексикография,,2,2007
38594936832,сандхи_фонетика,грамматика,,1,2006
1831068499968,шрифт,инструменты,Harvard-Kyoto|ITRANS|Velthuis,14,2007
843456708608,разное,прочее,,1,2007
2014611243008,книга,книги_и_раздача,,8,2007
1644086427648,разное,прочее,,4,2007
1528739921920,разное,прочее,,6,2007
646058082304,шрифт,инструменты,Apte Practical Sanskrit-English Dictionary|Patañjali|Pune|Pāṇini|Vaman Shivram Apte|Varanasi,23,2007
41366323200,разное,прочее,,7,2006
925691281408,разное,прочее,,2,2007
2004029014016,шрифт,инструменты,Ригведа,4,2007
1652611350528,разное,прочее,Monier-Williams|Pāṇini,16,2007
251266072576,разное,прочее,Pāṇini,15,2007
304059777024,книга,книги_и_раздача,,4,2007
123643887616,разное,прочее,,3,2007
2393633718272,словарь,лексикография,Пураны,1,2007
1712987308032,разное,прочее,Pāṇini,5,2007
90666172416,словарь,лексикография,,3,2007
1093455052800,разное,прочее,,1,2007
1535550423040,разное,прочее,,3,2007
400619995136,разное,прочее,ITRANS|Rapidshare,27,2007
874920280064,разное,прочее,Pāṇini|Rapidshare|Saint Petersburg,67,2008
1277871259648,словарь,лексикография,Monier-Williams,2,2007
887753801728,разное,прочее,,1,2007
2500327374848,обмен_файлами,книги_и_раздача,Otto Böhtlingk|Rapidshare,6,2007
2452714684416,словарь,лексикография,,3,2007
274861129728,разное,прочее,Apte Practical Sanskrit-English Dictionary|Arthur Macdonell|Cappeller Sanskrit-English Dictionary|Carl Cappeller|Delhi|Ferdinand Knauer|Georg Bühler|Grosses Petersburger Wörterbuch|Macdonell Sanskrit-English Dictionary|Monier-Williams|Moscow|Otto Böhtlingk|Patañjali|Pāṇini|Rapidshare|Rudolph Roth|Saint Petersburg|Sanskrit-Wörterbuch in kürzerer Fassung|Vaman Shivram Apte|Varanasi|Дхатупатха|Махабхарата|Ригведа,156,2007
1439250251776,разное,прочее,,4,2007
1718512254976,курс_практикум,организация_группы,,1,2007
6793723904,учебник,грамматика,,1,2005
1199236448256,разное,прочее,Georg Bühler|Pāṇini|Ригведа,14,2007
2294793895936,словарь,лексикография,Apte Practical Sanskrit-English Dictionary|Rapidshare|Vaman Shivram Apte,15,2007
2159110258688,pdf,инструменты,Rapidshare,8,2007
2537668214784,обмен_файлами,книги_и_раздача,Delhi|Monier-Williams|Rapidshare|Varanasi|Wilson Sanskrit-English Dictionary,7,2007
10273947648,шрифт,инструменты,,1,2005
161895940096,разное,прочее,,4,2007
1166096203776,разное,прочее,,1,2007
134206193664,шрифт,инструменты,,3,2007
16403922944,разное,прочее,,5,2005
2264408260608,словарь,лексикография,Otto Böhtlingk|Pāṇini|Rapidshare|Saint Petersburg,9,2007
2388052148224,учебник,грамматика,Rudolph Roth,1,2007
1444595892224,разное,прочее,,4,2007
112980918272,разное,прочее,Delhi|Pune|Rapidshare|Дхатупатха,35,2007
1698569388032,pdf,инструменты,Rapidshare,2,2007
755315507200,разное,прочее,Ferdinand Knauer|Махабхарата,8,2007
1821096542208,разное,прочее,,2,2007
82695946240,словарь,лексикография,Apte Practical Sanskrit-English Dictionary|Arthur Macdonell|Ferdinand Knauer|Georg Bühler|Macdonell Sanskrit-English Dictionary|Monier-Williams|Otto Böhtlingk|Pāṇini|Rudolph Roth|Vaman Shivram Apte|Wilson Sanskrit-English Dictionary,1,2007
2286344470528,словарь,лексикография,,1,2007
2291681722368,словарь,лексикография,,1,2007
108367183872,разное,прочее,,1,2007
1173605056512,разное,прочее,,2,2007
1300389429248,разное,прочее,,2,2007
51947503616,разное,прочее,,1,2006
2000706076672,словарь,лексикография,Delhi,1,2007
1774290206720,разное,прочее,,1,2007
2552080891904,перевод_вопрос,переводы_и_издания,,2,2007
1679600648192,разное,прочее,,2,2007
