source_id,source_name,target_id,target_name,weight,first_year,last_year
PERS_003adcfe,Псху Рузана Владимировна,PERS_05d56645,Бабин Александр Николаевич,1,2021,2021
PERS_003adcfe,Псху Рузана Владимировна,PERS_0665f215,Шохин Владимир Кириллович,2,2021,2026
PERS_003adcfe,Псху Рузана Владимировна,PERS_0c451d76,Лобанов Сергей Владимирович,1,2026,2026
PERS_003adcfe,Псху Рузана Владимировна,PERS_0ca995ac,Яковлев Виктор Михайлович,1,2026,2026
PERS_003adcfe,Псху Рузана Владимировна,PERS_1130c736,Серебряный Сергей Дмитриевич,1,2021,2021
PERS_003adcfe,Псху Рузана Владимировна,PERS_11da326d,Тавастшерна Сергей Сергеевич,1,2026,2026
PERS_003adcfe,Псху Рузана Владимировна,PERS_1a097e52,Парибок Андрей Всеволодович,3,2021,2026
PERS_003adcfe,Псху Рузана Владимировна,PERS_1c6fcce5,Кузина Елизавета Олеговна,1,2021,2021
PERS_003adcfe,Псху Рузана Владимировна,PERS_1fa7cc0c,Дубянский Александр Михайлович,1,2021,2021
PERS_003adcfe,Псху Рузана Владимировна,PERS_23abae7d,Пушкарева Юлия Георгиевна,2,2025,2026
PERS_003adcfe,Псху Рузана Владимировна,PERS_260a598a,Пахомов Сергей Владимирович,1,2021,2021
PERS_003adcfe,Псху Рузана Владимировна,PERS_28317057,Дубянская Татьяна Александровна,1,2021,2021
PERS_003adcfe,Псху Рузана Владимировна,PERS_287fe378,Рыбакова Анна Геннадьевна,1,2026,2026
PERS_003adcfe,Псху Рузана Владимировна,PERS_2a2e5602,Коровина Евгения Владимировна,1,2026,2026
PERS_003adcfe,Псху Рузана Владимировна,PERS_2c40b9b1,Гуров Никита Владимирович,1,2021,2021
PERS_003adcfe,Псху Рузана Владимировна,PERS_310b2911,Толчельников Иван Евгеньевич,1,2026,2026
PERS_003adcfe,Псху Рузана Владимировна,PERS_3357f25b,Скороходова Татьяна Григорьевна,1,2026,2026
PERS_003adcfe,Псху Рузана Владимировна,PERS_34c0d384,Павлова Мария Борисовна,3,2021,2026
PERS_003adcfe,Псху Рузана Владимировна,PERS_35c57654,Егорова Мария Александровна,1,2026,2026
PERS_003adcfe,Псху Рузана Владимировна,PERS_36dabb79,Гурия Анастасия Георгиевна,1,2021,2021
PERS_003adcfe,Псху Рузана Владимировна,PERS_377db63e,Седукова Надежда Александровна,1,2026,2026
PERS_003adcfe,Псху Рузана Владимировна,PERS_37d557c2,Анисимова Дарья Дмитриевна,1,2026,2026
PERS_003adcfe,Псху Рузана Владимировна,PERS_3b196639,Гордийчук Николай Валентинович,1,2021,2021
PERS_003adcfe,Псху Рузана Владимировна,PERS_3d22e8d4,Стрелков Андрей Михайлович,1,2021,2021
PERS_003adcfe,Псху Рузана Владимировна,PERS_3e105f43,Игнатьев Андрей Александрович,1,2026,2026
PERS_003adcfe,Псху Рузана Владимировна,PERS_3e952361,Хохлов Александр Николаевич,1,2021,2021
PERS_003adcfe,Псху Рузана Владимировна,PERS_41d6aa73,Воробьева Дарья Николаевна,2,2021,2025
PERS_003adcfe,Псху Рузана Владимировна,PERS_45cebd8f,Минаев Иван Павлович,1,2026,2026
PERS_003adcfe,Псху Рузана Владимировна,PERS_48b3bec3,Ч. Санчай,1,2026,2026
PERS_003adcfe,Псху Рузана Владимировна,PERS_4fff9d16,Минаева Маргарита Денисовна,1,2026,2026
PERS_003adcfe,Псху Рузана Владимировна,PERS_50c46233,Маретина Ксения Александровна,2,2021,2026
PERS_003adcfe,Псху Рузана Владимировна,PERS_50d73711,Смирнитская Анна Александровна,1,2021,2021
PERS_003adcfe,Псху Рузана Владимировна,PERS_56508328,Десницкая Евгения Алексеевна,2,2021,2026
PERS_003adcfe,Псху Рузана Владимировна,PERS_587b08ec,Леонов Михаил Васильевич,3,2021,2026
PERS_003adcfe,Псху Рузана Владимировна,PERS_58b39545,Ренковская Евгения Алексеевна,2,2021,2026
PERS_003adcfe,Псху Рузана Владимировна,PERS_58e18506,Соколова Ирина Александровна,1,2026,2026
PERS_003adcfe,Псху Рузана Владимировна,PERS_5d34c947,Волошина Оксана Анатольевна,1,2026,2026
PERS_003adcfe,Псху Рузана Владимировна,PERS_5f6689e8,Дмитриева Виктория Алексеевна,1,2026,2026
PERS_003adcfe,Псху Рузана Владимировна,PERS_5f6fa17b,Пахомова Александра Михайловна,1,2021,2021
PERS_003adcfe,Псху Рузана Владимировна,PERS_69750b7c,Мазурина Валентина Николаевна,1,2021,2021
PERS_003adcfe,Псху Рузана Владимировна,PERS_6a84adb8,Макаев Энвер Ахмедович,1,2021,2021
PERS_003adcfe,Псху Рузана Владимировна,PERS_6ae5c779,Фивейская Анастасия Васильевна,1,2021,2021
PERS_003adcfe,Псху Рузана Владимировна,PERS_6b867946,Смирнова Екатерина Викторовна,1,2021,2021
PERS_003adcfe,Псху Рузана Владимировна,PERS_6e211759,Иванов Владимир Павлович,1,2026,2026
PERS_003adcfe,Псху Рузана Владимировна,PERS_72506535,Крылова Анастасия Сергеевна,2,2021,2026
PERS_003adcfe,Псху Рузана Владимировна,PERS_7542d270,Демченко Максим Борисович,1,2026,2026
PERS_003adcfe,Псху Рузана Владимировна,PERS_7f908d49,Стрельцова Лилия Александровна,1,2021,2021
PERS_003adcfe,Псху Рузана Владимировна,PERS_829c1de5,Васильков Ярослав Владимирович,2,2021,2026
PERS_003adcfe,Псху Рузана Владимировна,PERS_8516d1e4,Гасунс Марцис Юрьевич,2,2021,2022
PERS_003adcfe,Псху Рузана Владимировна,PERS_8df81b6d,Лужинская Полина Александровна,1,2026,2026
PERS_003adcfe,Псху Рузана Владимировна,PERS_91b473b1,Челнокова Анна Витальевна,2,2021,2026
PERS_003adcfe,Псху Рузана Владимировна,PERS_92f41884,Касым Софья Васильевна,1,2026,2026
PERS_003adcfe,Псху Рузана Владимировна,PERS_9366fe2c,Крыштоп Людмила Эдуардовна,1,2021,2021
PERS_003adcfe,Псху Рузана Владимировна,PERS_93e2effb,Комиссаров Дмитрий Алексеевич,1,2026,2026
PERS_003adcfe,Псху Рузана Владимировна,PERS_9a855a7b,Альбедиль Маргарита Федоровна,1,2026,2026
PERS_003adcfe,Псху Рузана Владимировна,PERS_9d99092c,Рыбаков Р. Б.,1,2026,2026
PERS_003adcfe,Псху Рузана Владимировна,PERS_9e9c9566,Лекарева Ева Павловна,2,2021,2026
PERS_003adcfe,Псху Рузана Владимировна,PERS_9f398436,Куликов Леонид Игоревич,2,2021,2026
PERS_003adcfe,Псху Рузана Владимировна,PERS_a0264ac5,Бурмистров Сергей Леонидович,2,2021,2026
PERS_003adcfe,Псху Рузана Владимировна,PERS_a0f3d86d,Сергеева Варвара Алексеевна,2,2025,2026
PERS_003adcfe,Псху Рузана Владимировна,PERS_a638a4b3,Федорова Наталья Леонидовна,2,2025,2026
PERS_003adcfe,Псху Рузана Владимировна,PERS_a84aedaa,Шомахмадов Сафарали Хайбуллоевич,1,2026,2026
PERS_003adcfe,Псху Рузана Владимировна,PERS_a901d460,Фаградян Марина Александровна,2,2021,2026
PERS_003adcfe,Псху Рузана Владимировна,PERS_ab6bf9e3,Смирнов Борис Леонидович,1,2021,2021
PERS_003adcfe,Псху Рузана Владимировна,PERS_b881461b,Яковлева Мария Николаевна,1,2026,2026
PERS_003adcfe,Псху Рузана Владимировна,PERS_ba537782,М. И. Петрова,1,2021,2021
PERS_003adcfe,Псху Рузана Владимировна,PERS_bd77e495,Корнеев Геннадий Батыревич,1,2026,2026
PERS_003adcfe,Псху Рузана Владимировна,PERS_c48611e0,Островская Елена Петровна,1,2021,2021
PERS_003adcfe,Псху Рузана Владимировна,PERS_c52dfaa0,Цветкова Светлана Олеговна,1,2026,2026
PERS_003adcfe,Псху Рузана Владимировна,PERS_cb52ebc2,Лемешкина Ксения Вячеславовна,1,2026,2026
PERS_003adcfe,Псху Рузана Владимировна,PERS_ced3d7b4,Молина Анна Валерьевна,1,2026,2026
PERS_003adcfe,Псху Рузана Владимировна,PERS_d01427ca,Бещук Юлия Владимировна,1,2026,2026
PERS_003adcfe,Псху Рузана Владимировна,PERS_d3c5382c,Попова Ирина Фёдоровна,1,2026,2026
PERS_003adcfe,Псху Рузана Владимировна,PERS_d98da899,Рыжакова Светлана Игоревна,2,2021,2026
PERS_003adcfe,Псху Рузана Владимировна,PERS_d9d69ac2,Петров Павел Яковлевич,1,2026,2026
PERS_003adcfe,Псху Рузана Владимировна,PERS_db046be0,Сабирова Римма Наилевна,2,2021,2026
PERS_003adcfe,Псху Рузана Владимировна,PERS_e1dd6b3e,Лидова Наталья Ростиславовна,2,2025,2026
PERS_003adcfe,Псху Рузана Владимировна,PERS_e31ca12d,Вечерина Ольга Павловна,1,2021,2021
PERS_003adcfe,Псху Рузана Владимировна,PERS_f19cd8a1,Котин Игорь Юрьевич,1,2026,2026
PERS_003adcfe,Псху Рузана Владимировна,PERS_f56c5a7e,Жукова Любовь Евгеньевна,1,2021,2021
PERS_003adcfe,Псху Рузана Владимировна,PERS_f5a69b65,Кройцер Светлана Александровна,1,2025,2025
PERS_003adcfe,Псху Рузана Владимировна,PERS_f8ab5755,Оранская Татьяна Иосифовна,2,2025,2026
PERS_003adcfe,Псху Рузана Владимировна,PERS_f940c5b3,Стрелкова Гюзэль Владимировна,1,2021,2021
PERS_003adcfe,Псху Рузана Владимировна,PERS_fb25c80f,Ермакова Татьяна Викторовна,2,2025,2026
PERS_00c3b0cc,Щербак Мария Борисовна,PERS_0b1868b0,Ольденбург Сергей Фёдорович,1,2013,2013
PERS_00c3b0cc,Щербак Мария Борисовна,PERS_1a097e52,Парибок Андрей Всеволодович,1,2026,2026
PERS_00c3b0cc,Щербак Мария Борисовна,PERS_1dd32cc2,Кнауэр Фёдор Иванович,1,2013,2013
PERS_00c3b0cc,Щербак Мария Борисовна,PERS_260a598a,Пахомов Сергей Владимирович,2,2026,2026
PERS_00c3b0cc,Щербак Мария Борисовна,PERS_37c15317,Калина А. Э.,1,2013,2013
PERS_00c3b0cc,Щербак Мария Борисовна,PERS_587b08ec,Леонов Михаил Васильевич,2,2026,2026
PERS_00c3b0cc,Щербак Мария Борисовна,PERS_5cae5a20,Щербатской Фёдор Ипполитович,1,2013,2013
PERS_00c3b0cc,Щербак Мария Борисовна,PERS_5f6fa17b,Пахомова Александра Михайловна,1,2026,2026
PERS_00c3b0cc,Щербак Мария Борисовна,PERS_6b06637e,Ильин Григорий Фёдорович,1,2013,2013
PERS_00c3b0cc,Щербак Мария Борисовна,PERS_6e211759,Иванов Владимир Павлович,1,2013,2013
PERS_00c3b0cc,Щербак Мария Борисовна,PERS_7542d270,Демченко Максим Борисович,2,2026,2026
PERS_00c3b0cc,Щербак Мария Борисовна,PERS_82364943,Миллер Всеволод Фёдорович,1,2013,2013
PERS_00c3b0cc,Щербак Мария Борисовна,PERS_829c1de5,Васильков Ярослав Владимирович,1,2013,2013
PERS_00c3b0cc,Щербак Мария Борисовна,PERS_8516d1e4,Гасунс Марцис Юрьевич,1,2013,2013
PERS_00c3b0cc,Щербак Мария Борисовна,PERS_a0f3d86d,Сергеева Варвара Алексеевна,2,2026,2026
PERS_00c3b0cc,Щербак Мария Борисовна,PERS_a638a4b3,Федорова Наталья Леонидовна,1,2013,2013
PERS_00c3b0cc,Щербак Мария Борисовна,PERS_e5a5ac24,Невелева Светлана Леонидовна,1,2013,2013
PERS_00c3b0cc,Щербак Мария Борисовна,PERS_ebc1c3c2,Лундышева Ольга Владимировна,2,2026,2026
PERS_00c3b0cc,Щербак Мария Борисовна,PERS_f56c5a7e,Жукова Любовь Евгеньевна,1,2013,2013
PERS_05d56645,Бабин Александр Николаевич,PERS_0665f215,Шохин Владимир Кириллович,1,2021,2021
PERS_05d56645,Бабин Александр Николаевич,PERS_0c451d76,Лобанов Сергей Владимирович,1,2024,2024
PERS_05d56645,Бабин Александр Николаевич,PERS_0ca995ac,Яковлев Виктор Михайлович,1,2019,2019
PERS_05d56645,Бабин Александр Николаевич,PERS_0e0a154e,Титлин Лев Игоревич,2,2020,2021
PERS_05d56645,Бабин Александр Николаевич,PERS_1130c736,Серебряный Сергей Дмитриевич,2,2020,2021
PERS_05d56645,Бабин Александр Николаевич,PERS_11da326d,Тавастшерна Сергей Сергеевич,3,2019,2021
PERS_05d56645,Бабин Александр Николаевич,PERS_12125da9,Лысенко Виктория Георгиевна,4,2019,2024
PERS_05d56645,Бабин Александр Николаевич,PERS_18fcab2a,Блиндерман Радха Тимуровна,1,2021,2021
PERS_05d56645,Бабин Александр Николаевич,PERS_1a097e52,Парибок Андрей Всеволодович,4,2020,2024
PERS_05d56645,Бабин Александр Николаевич,PERS_1c6fcce5,Кузина Елизавета Олеговна,4,2020,2021
PERS_05d56645,Бабин Александр Николаевич,PERS_1fa7cc0c,Дубянский Александр Михайлович,3,2019,2021
PERS_05d56645,Бабин Александр Николаевич,PERS_22d87263,Костина Екатерина Александровна,2,2020,2021
PERS_05d56645,Бабин Александр Николаевич,PERS_23215083,Русанов Максим Альбертович,2,2019,2020
PERS_05d56645,Бабин Александр Николаевич,PERS_260a598a,Пахомов Сергей Владимирович,6,2019,2024
PERS_05d56645,Бабин Александр Николаевич,PERS_28317057,Дубянская Татьяна Александровна,4,2019,2024
PERS_05d56645,Бабин Александр Николаевич,PERS_287fe378,Рыбакова Анна Геннадьевна,4,2019,2024
PERS_05d56645,Бабин Александр Николаевич,PERS_2a2e5602,Коровина Евгения Владимировна,2,2019,2021
PERS_05d56645,Бабин Александр Николаевич,PERS_2c40b9b1,Гуров Никита Владимирович,1,2021,2021
PERS_05d56645,Бабин Александр Николаевич,PERS_2fd442aa,Офертас Станислав Чеславович,1,2021,2021
PERS_05d56645,Бабин Александр Николаевич,PERS_310b2911,Толчельников Иван Евгеньевич,1,2024,2024
PERS_05d56645,Бабин Александр Николаевич,PERS_3357f25b,Скороходова Татьяна Григорьевна,4,2019,2024
PERS_05d56645,Бабин Александр Николаевич,PERS_34c0d384,Павлова Мария Борисовна,2,2021,2024
PERS_05d56645,Бабин Александр Николаевич,PERS_36dabb79,Гурия Анастасия Георгиевна,1,2021,2021
PERS_05d56645,Бабин Александр Николаевич,PERS_37c15317,Калина А. Э.,1,2024,2024
PERS_05d56645,Бабин Александр Николаевич,PERS_3b196639,Гордийчук Николай Валентинович,5,2019,2021
PERS_05d56645,Бабин Александр Николаевич,PERS_3c202afd,Крапивина Раиса Николаевна,2,2021,2024
PERS_05d56645,Бабин Александр Николаевич,PERS_3c7d41ac,Фомин Максим Сергеевич,1,2021,2021
PERS_05d56645,Бабин Александр Николаевич,PERS_3ccc9bd7,А. Солька,1,2021,2021
PERS_05d56645,Бабин Александр Николаевич,PERS_3d22e8d4,Стрелков Андрей Михайлович,2,2021,2024
PERS_05d56645,Бабин Александр Николаевич,PERS_3e105f43,Игнатьев Андрей Александрович,4,2019,2024
PERS_05d56645,Бабин Александр Николаевич,PERS_3e952361,Хохлов Александр Николаевич,1,2021,2021
PERS_05d56645,Бабин Александр Николаевич,PERS_3f406fe3,Кравцова Е. Р.,1,2024,2024
PERS_05d56645,Бабин Александр Николаевич,PERS_41d6aa73,Воробьева Дарья Николаевна,3,2021,2024
PERS_05d56645,Бабин Александр Николаевич,PERS_45a76880,Кораблин Денис Александрович,1,2021,2021
PERS_05d56645,Бабин Александр Николаевич,PERS_45cebd8f,Минаев Иван Павлович,3,2019,2024
PERS_05d56645,Бабин Александр Николаевич,PERS_467d4dbb,Клебанов Андрей Александрович,1,2021,2021
PERS_05d56645,Бабин Александр Николаевич,PERS_48b3bec3,Ч. Санчай,1,2019,2019
PERS_05d56645,Бабин Александр Николаевич,PERS_4fff9d16,Минаева Маргарита Денисовна,1,2020,2020
PERS_05d56645,Бабин Александр Николаевич,PERS_50c46233,Маретина Ксения Александровна,2,2021,2024
PERS_05d56645,Бабин Александр Николаевич,PERS_50d73711,Смирнитская Анна Александровна,4,2019,2021
PERS_05d56645,Бабин Александр Николаевич,PERS_5228da95,Вертоградова Виктория Викторовна,1,2021,2021
PERS_05d56645,Бабин Александр Николаевич,PERS_56508328,Десницкая Евгения Алексеевна,5,2019,2024
PERS_05d56645,Бабин Александр Николаевич,PERS_587b08ec,Леонов Михаил Васильевич,2,2021,2024
PERS_05d56645,Бабин Александр Николаевич,PERS_58b39545,Ренковская Евгения Алексеевна,4,2019,2021
PERS_05d56645,Бабин Александр Николаевич,PERS_5d34c947,Волошина Оксана Анатольевна,3,2019,2021
PERS_05d56645,Бабин Александр Николаевич,PERS_5e2a5a5c,Столярова Екатерина Владимировна,2,2019,2024
PERS_05d56645,Бабин Александр Николаевич,PERS_5ed752d9,Китинов Баатр Учаевич,1,2021,2021
PERS_05d56645,Бабин Александр Николаевич,PERS_5f6fa17b,Пахомова Александра Михайловна,2,2021,2021
PERS_05d56645,Бабин Александр Николаевич,PERS_6578b52d,Тюлина Елена Владимировна,1,2021,2021
PERS_05d56645,Бабин Александр Николаевич,PERS_68e9019d,Малютин Иван Иванович,1,2024,2024
PERS_05d56645,Бабин Александр Николаевич,PERS_69750b7c,Мазурина Валентина Николаевна,1,2021,2021
PERS_05d56645,Бабин Александр Николаевич,PERS_6a84adb8,Макаев Энвер Ахмедович,1,2021,2021
PERS_05d56645,Бабин Александр Николаевич,PERS_6ae5c779,Фивейская Анастасия Васильевна,3,2021,2024
PERS_05d56645,Бабин Александр Николаевич,PERS_6b867946,Смирнова Екатерина Викторовна,1,2021,2021
PERS_05d56645,Бабин Александр Николаевич,PERS_6e211759,Иванов Владимир Павлович,1,2021,2021
PERS_05d56645,Бабин Александр Николаевич,PERS_72506535,Крылова Анастасия Сергеевна,5,2019,2024
PERS_05d56645,Бабин Александр Николаевич,PERS_72932969,Рерих Юрий Николаевич,1,2021,2021
PERS_05d56645,Бабин Александр Николаевич,PERS_7542d270,Демченко Максим Борисович,4,2019,2024
PERS_05d56645,Бабин Александр Николаевич,PERS_7eb0dc30,Зимина Татьяна Александровна,2,2019,2020
PERS_05d56645,Бабин Александр Николаевич,PERS_7f908d49,Стрельцова Лилия Александровна,3,2019,2024
PERS_05d56645,Бабин Александр Николаевич,PERS_8108c314,Ерченков Олег Николаевич,3,2019,2024
PERS_05d56645,Бабин Александр Николаевич,PERS_829c1de5,Васильков Ярослав Владимирович,5,2019,2024
PERS_05d56645,Бабин Александр Николаевич,PERS_8516d1e4,Гасунс Марцис Юрьевич,5,2019,2024
PERS_05d56645,Бабин Александр Николаевич,PERS_8df3730a,Донченко Сергей Сергеевич,2,2019,2024
PERS_05d56645,Бабин Александр Николаевич,PERS_8df81b6d,Лужинская Полина Александровна,1,2024,2024
PERS_05d56645,Бабин Александр Николаевич,PERS_8e117242,Юдицкая Екатерина Алексеевна,4,2019,2021
PERS_05d56645,Бабин Александр Николаевич,PERS_91b473b1,Челнокова Анна Витальевна,2,2021,2024
PERS_05d56645,Бабин Александр Николаевич,PERS_9366fe2c,Крыштоп Людмила Эдуардовна,2,2020,2021
PERS_05d56645,Бабин Александр Николаевич,PERS_9374fd12,Вырщиков Евгений Геннадьевич,1,2021,2021
PERS_05d56645,Бабин Александр Николаевич,PERS_93e2effb,Комиссаров Дмитрий Алексеевич,2,2021,2024
PERS_05d56645,Бабин Александр Николаевич,PERS_9a855a7b,Альбедиль Маргарита Федоровна,3,2019,2024
PERS_05d56645,Бабин Александр Николаевич,PERS_9d99092c,Рыбаков Р. Б.,4,2019,2024
PERS_05d56645,Бабин Александр Николаевич,PERS_9e9c9566,Лекарева Ева Павловна,2,2021,2024
PERS_05d56645,Бабин Александр Николаевич,PERS_9f398436,Куликов Леонид Игоревич,3,2020,2021
PERS_05d56645,Бабин Александр Николаевич,PERS_a0264ac5,Бурмистров Сергей Леонидович,4,2019,2024
PERS_05d56645,Бабин Александр Николаевич,PERS_a84aedaa,Шомахмадов Сафарали Хайбуллоевич,1,2021,2021
PERS_05d56645,Бабин Александр Николаевич,PERS_a901d460,Фаградян Марина Александровна,2,2019,2021
PERS_05d56645,Бабин Александр Николаевич,PERS_ab6bf9e3,Смирнов Борис Леонидович,1,2021,2021
PERS_05d56645,Бабин Александр Николаевич,PERS_b62a9567,Курочкин Александр Юрьевич,1,2019,2019
PERS_05d56645,Бабин Александр Николаевич,PERS_b76851a7,Митруев Бембя Леонидович,1,2021,2021
PERS_05d56645,Бабин Александр Николаевич,PERS_b881461b,Яковлева Мария Николаевна,1,2019,2019
PERS_05d56645,Бабин Александр Николаевич,PERS_ba537782,М. И. Петрова,1,2021,2021
PERS_05d56645,Бабин Александр Николаевич,PERS_bbd15f4f,Степин А. А.,1,2024,2024
PERS_05d56645,Бабин Александр Николаевич,PERS_bc97fb65,Краснодембская Нина Георгиевна,4,2019,2024
PERS_05d56645,Бабин Александр Николаевич,PERS_bcaec2d8,Дружинин Владимир Юрьевич,1,2021,2021
PERS_05d56645,Бабин Александр Николаевич,PERS_bd77e495,Корнеев Геннадий Батыревич,5,2019,2024
PERS_05d56645,Бабин Александр Николаевич,PERS_c48611e0,Островская Елена Петровна,5,2019,2024
PERS_05d56645,Бабин Александр Николаевич,PERS_c52dfaa0,Цветкова Светлана Олеговна,3,2019,2021
PERS_05d56645,Бабин Александр Николаевич,PERS_c5677a3f,Зорин Алексей Валерьевич,2,2019,2021
PERS_05d56645,Бабин Александр Николаевич,PERS_c6bbcef3,Битинайте Елена Алексеевна,2,2019,2020
PERS_05d56645,Бабин Александр Николаевич,PERS_cb52ebc2,Лемешкина Ксения Вячеславовна,2,2020,2024
PERS_05d56645,Бабин Александр Николаевич,PERS_cd0d4845,Обермиллер Евгений Евгеньевич,1,2024,2024
PERS_05d56645,Бабин Александр Николаевич,PERS_ced3d7b4,Молина Анна Валерьевна,1,2024,2024
PERS_05d56645,Бабин Александр Николаевич,PERS_cfb92c5f,Уланский Евгений Андреевич,3,2019,2021
PERS_05d56645,Бабин Александр Николаевич,PERS_d218805b,Крюкова Виктория Юрьевна,2,2019,2024
PERS_05d56645,Бабин Александр Николаевич,PERS_d3c5382c,Попова Ирина Фёдоровна,2,2019,2021
PERS_05d56645,Бабин Александр Николаевич,PERS_d98da899,Рыжакова Светлана Игоревна,5,2019,2024
PERS_05d56645,Бабин Александр Николаевич,PERS_da862dde,Дробышев Юлий Игорьевич,1,2021,2021
PERS_05d56645,Бабин Александр Николаевич,PERS_db046be0,Сабирова Римма Наилевна,4,2019,2021
PERS_05d56645,Бабин Александр Николаевич,PERS_e1dd6b3e,Лидова Наталья Ростиславовна,3,2021,2024
PERS_05d56645,Бабин Александр Николаевич,PERS_e31ca12d,Вечерина Ольга Павловна,5,2019,2021
PERS_05d56645,Бабин Александр Николаевич,PERS_e72d4c09,Огнева Елена Дмитриевна,1,2021,2021
PERS_05d56645,Бабин Александр Николаевич,PERS_e9545a0b,Шустова Алла Михайловна,1,2021,2021
PERS_05d56645,Бабин Александр Николаевич,PERS_ea44fd14,Люлина Анастасия Геннадьевна,1,2021,2021
PERS_05d56645,Бабин Александр Николаевич,PERS_f2fef030,Мехакян Арег Гайкович,2,2021,2021
PERS_05d56645,Бабин Александр Николаевич,PERS_f56c5a7e,Жукова Любовь Евгеньевна,2,2021,2024
PERS_05d56645,Бабин Александр Николаевич,PERS_f8ab5755,Оранская Татьяна Иосифовна,3,2019,2024
PERS_05d56645,Бабин Александр Николаевич,PERS_f940c5b3,Стрелкова Гюзэль Владимировна,2,2021,2024
PERS_05d56645,Бабин Александр Николаевич,PERS_fb25c80f,Ермакова Татьяна Викторовна,4,2019,2024
PERS_0665f215,Шохин Владимир Кириллович,PERS_0c451d76,Лобанов Сергей Владимирович,1,2026,2026
PERS_0665f215,Шохин Владимир Кириллович,PERS_0ca995ac,Яковлев Виктор Михайлович,1,2026,2026
PERS_0665f215,Шохин Владимир Кириллович,PERS_1130c736,Серебряный Сергей Дмитриевич,2,2014,2021
PERS_0665f215,Шохин Владимир Кириллович,PERS_11da326d,Тавастшерна Сергей Сергеевич,2,2024,2026
PERS_0665f215,Шохин Владимир Кириллович,PERS_12125da9,Лысенко Виктория Георгиевна,2,2014,2021
PERS_0665f215,Шохин Владимир Кириллович,PERS_1a097e52,Парибок Андрей Всеволодович,3,2014,2026
PERS_0665f215,Шохин Владимир Кириллович,PERS_1c6fcce5,Кузина Елизавета Олеговна,1,2021,2021
PERS_0665f215,Шохин Владимир Кириллович,PERS_1fa7cc0c,Дубянский Александр Михайлович,2,2021,2021
PERS_0665f215,Шохин Владимир Кириллович,PERS_23abae7d,Пушкарева Юлия Георгиевна,1,2026,2026
PERS_0665f215,Шохин Владимир Кириллович,PERS_260a598a,Пахомов Сергей Владимирович,2,2021,2024
PERS_0665f215,Шохин Владимир Кириллович,PERS_28317057,Дубянская Татьяна Александровна,2,2021,2021
PERS_0665f215,Шохин Владимир Кириллович,PERS_287fe378,Рыбакова Анна Геннадьевна,1,2026,2026
PERS_0665f215,Шохин Владимир Кириллович,PERS_2a2e5602,Коровина Евгения Владимировна,1,2026,2026
PERS_0665f215,Шохин Владимир Кириллович,PERS_2c40b9b1,Гуров Никита Владимирович,1,2021,2021
PERS_0665f215,Шохин Владимир Кириллович,PERS_2fd442aa,Офертас Станислав Чеславович,1,2024,2024
PERS_0665f215,Шохин Владимир Кириллович,PERS_310b2911,Толчельников Иван Евгеньевич,1,2026,2026
PERS_0665f215,Шохин Владимир Кириллович,PERS_3357f25b,Скороходова Татьяна Григорьевна,1,2026,2026
PERS_0665f215,Шохин Владимир Кириллович,PERS_34c0d384,Павлова Мария Борисовна,2,2021,2026
PERS_0665f215,Шохин Владимир Кириллович,PERS_35c57654,Егорова Мария Александровна,1,2026,2026
PERS_0665f215,Шохин Владимир Кириллович,PERS_36dabb79,Гурия Анастасия Георгиевна,2,2021,2024
PERS_0665f215,Шохин Владимир Кириллович,PERS_377db63e,Седукова Надежда Александровна,1,2026,2026
PERS_0665f215,Шохин Владимир Кириллович,PERS_37d557c2,Анисимова Дарья Дмитриевна,1,2026,2026
PERS_0665f215,Шохин Владимир Кириллович,PERS_37f98454,Рудой Валерий Исаакович,1,2015,2015
PERS_0665f215,Шохин Владимир Кириллович,PERS_3b196639,Гордийчук Николай Валентинович,1,2021,2021
PERS_0665f215,Шохин Владимир Кириллович,PERS_3ccc9bd7,А. Солька,1,2024,2024
PERS_0665f215,Шохин Владимир Кириллович,PERS_3d22e8d4,Стрелков Андрей Михайлович,1,2021,2021
PERS_0665f215,Шохин Владимир Кириллович,PERS_3e105f43,Игнатьев Андрей Александрович,1,2026,2026
PERS_0665f215,Шохин Владимир Кириллович,PERS_3e952361,Хохлов Александр Николаевич,1,2021,2021
PERS_0665f215,Шохин Владимир Кириллович,PERS_41d6aa73,Воробьева Дарья Николаевна,1,2021,2021
PERS_0665f215,Шохин Владимир Кириллович,PERS_45a76880,Кораблин Денис Александрович,1,2024,2024
PERS_0665f215,Шохин Владимир Кириллович,PERS_45cebd8f,Минаев Иван Павлович,2,2024,2026
PERS_0665f215,Шохин Владимир Кириллович,PERS_48b3bec3,Ч. Санчай,2,2024,2026
PERS_0665f215,Шохин Владимир Кириллович,PERS_4dd85c67,Бётлингк Оттон Николаевич,1,2015,2015
PERS_0665f215,Шохин Владимир Кириллович,PERS_4fff9d16,Минаева Маргарита Денисовна,2,2024,2026
PERS_0665f215,Шохин Владимир Кириллович,PERS_50c46233,Маретина Ксения Александровна,2,2021,2026
PERS_0665f215,Шохин Владимир Кириллович,PERS_50d73711,Смирнитская Анна Александровна,1,2021,2021
PERS_0665f215,Шохин Владимир Кириллович,PERS_5228da95,Вертоградова Виктория Викторовна,2,2021,2024
PERS_0665f215,Шохин Владимир Кириллович,PERS_56508328,Десницкая Евгения Алексеевна,2,2021,2026
PERS_0665f215,Шохин Владимир Кириллович,PERS_587b08ec,Леонов Михаил Васильевич,3,2021,2026
PERS_0665f215,Шохин Владимир Кириллович,PERS_58b39545,Ренковская Евгения Алексеевна,2,2021,2026
PERS_0665f215,Шохин Владимир Кириллович,PERS_58e18506,Соколова Ирина Александровна,1,2026,2026
PERS_0665f215,Шохин Владимир Кириллович,PERS_5cae5a20,Щербатской Фёдор Ипполитович,1,2014,2014
PERS_0665f215,Шохин Владимир Кириллович,PERS_5d34c947,Волошина Оксана Анатольевна,1,2026,2026
PERS_0665f215,Шохин Владимир Кириллович,PERS_5ed752d9,Китинов Баатр Учаевич,1,2024,2024
PERS_0665f215,Шохин Владимир Кириллович,PERS_5f6689e8,Дмитриева Виктория Алексеевна,2,2014,2026
PERS_0665f215,Шохин Владимир Кириллович,PERS_5f6fa17b,Пахомова Александра Михайловна,2,2021,2024
PERS_0665f215,Шохин Владимир Кириллович,PERS_61202bf3,Алиханова Юлия Марковна,1,2021,2021
PERS_0665f215,Шохин Владимир Кириллович,PERS_6578b52d,Тюлина Елена Владимировна,1,2024,2024
PERS_0665f215,Шохин Владимир Кириллович,PERS_69750b7c,Мазурина Валентина Николаевна,1,2021,2021
PERS_0665f215,Шохин Владимир Кириллович,PERS_6a84adb8,Макаев Энвер Ахмедович,1,2021,2021
PERS_0665f215,Шохин Владимир Кириллович,PERS_6ae5c779,Фивейская Анастасия Васильевна,1,2021,2021
PERS_0665f215,Шохин Владимир Кириллович,PERS_6b06637e,Ильин Григорий Фёдорович,2,2014,2015
PERS_0665f215,Шохин Владимир Кириллович,PERS_6b867946,Смирнова Екатерина Викторовна,4,2014,2021
PERS_0665f215,Шохин Владимир Кириллович,PERS_6e211759,Иванов Владимир Павлович,1,2026,2026
PERS_0665f215,Шохин Владимир Кириллович,PERS_72506535,Крылова Анастасия Сергеевна,2,2021,2026
PERS_0665f215,Шохин Владимир Кириллович,PERS_72932969,Рерих Юрий Николаевич,2,2014,2024
PERS_0665f215,Шохин Владимир Кириллович,PERS_7542d270,Демченко Максим Борисович,1,2026,2026
PERS_0665f215,Шохин Владимир Кириллович,PERS_7f908d49,Стрельцова Лилия Александровна,1,2021,2021
PERS_0665f215,Шохин Владимир Кириллович,PERS_829c1de5,Васильков Ярослав Владимирович,2,2021,2026
PERS_0665f215,Шохин Владимир Кириллович,PERS_8516d1e4,Гасунс Марцис Юрьевич,5,2014,2025
PERS_0665f215,Шохин Владимир Кириллович,PERS_8df81b6d,Лужинская Полина Александровна,1,2026,2026
PERS_0665f215,Шохин Владимир Кириллович,PERS_91b473b1,Челнокова Анна Витальевна,2,2021,2026
PERS_0665f215,Шохин Владимир Кириллович,PERS_92f41884,Касым Софья Васильевна,1,2026,2026
PERS_0665f215,Шохин Владимир Кириллович,PERS_9366fe2c,Крыштоп Людмила Эдуардовна,1,2021,2021
PERS_0665f215,Шохин Владимир Кириллович,PERS_9374fd12,Вырщиков Евгений Геннадьевич,1,2024,2024
PERS_0665f215,Шохин Владимир Кириллович,PERS_93e2effb,Комиссаров Дмитрий Алексеевич,1,2026,2026
PERS_0665f215,Шохин Владимир Кириллович,PERS_9a855a7b,Альбедиль Маргарита Федоровна,1,2026,2026
PERS_0665f215,Шохин Владимир Кириллович,PERS_9d99092c,Рыбаков Р. Б.,1,2026,2026
PERS_0665f215,Шохин Владимир Кириллович,PERS_9e9c9566,Лекарева Ева Павловна,2,2021,2026
PERS_0665f215,Шохин Владимир Кириллович,PERS_9f398436,Куликов Леонид Игоревич,2,2021,2026
PERS_0665f215,Шохин Владимир Кириллович,PERS_a0264ac5,Бурмистров Сергей Леонидович,2,2021,2026
PERS_0665f215,Шохин Владимир Кириллович,PERS_a0f3d86d,Сергеева Варвара Алексеевна,2,2014,2026
PERS_0665f215,Шохин Владимир Кириллович,PERS_a638a4b3,Федорова Наталья Леонидовна,2,2014,2026
PERS_0665f215,Шохин Владимир Кириллович,PERS_a84aedaa,Шомахмадов Сафарали Хайбуллоевич,1,2026,2026
PERS_0665f215,Шохин Владимир Кириллович,PERS_a8983673,Вигель Нарине Липаритовна,1,2024,2024
PERS_0665f215,Шохин Владимир Кириллович,PERS_a901d460,Фаградян Марина Александровна,2,2021,2026
PERS_0665f215,Шохин Владимир Кириллович,PERS_aa964a12,Самозванцев Андрей Михайлович,1,2021,2021
PERS_0665f215,Шохин Владимир Кириллович,PERS_ab6bf9e3,Смирнов Борис Леонидович,4,2014,2021
PERS_0665f215,Шохин Владимир Кириллович,PERS_b881461b,Яковлева Мария Николаевна,3,2014,2026
PERS_0665f215,Шохин Владимир Кириллович,PERS_ba537782,М. И. Петрова,1,2021,2021
PERS_0665f215,Шохин Владимир Кириллович,PERS_bd77e495,Корнеев Геннадий Батыревич,2,2024,2026
PERS_0665f215,Шохин Владимир Кириллович,PERS_c48611e0,Островская Елена Петровна,2,2014,2021
PERS_0665f215,Шохин Владимир Кириллович,PERS_c52dfaa0,Цветкова Светлана Олеговна,2,2024,2026
PERS_0665f215,Шохин Владимир Кириллович,PERS_c582889e,Иткин Илья Борисович,1,2025,2025
PERS_0665f215,Шохин Владимир Кириллович,PERS_cb52ebc2,Лемешкина Ксения Вячеславовна,1,2026,2026
PERS_0665f215,Шохин Владимир Кириллович,PERS_ced3d7b4,Молина Анна Валерьевна,2,2024,2026
PERS_0665f215,Шохин Владимир Кириллович,PERS_d01427ca,Бещук Юлия Владимировна,1,2026,2026
PERS_0665f215,Шохин Владимир Кириллович,PERS_d3c5382c,Попова Ирина Фёдоровна,1,2026,2026
PERS_0665f215,Шохин Владимир Кириллович,PERS_d98da899,Рыжакова Светлана Игоревна,2,2021,2026
PERS_0665f215,Шохин Владимир Кириллович,PERS_d9d69ac2,Петров Павел Яковлевич,1,2026,2026
PERS_0665f215,Шохин Владимир Кириллович,PERS_da862dde,Дробышев Юлий Игорьевич,1,2024,2024
PERS_0665f215,Шохин Владимир Кириллович,PERS_db046be0,Сабирова Римма Наилевна,2,2021,2026
PERS_0665f215,Шохин Владимир Кириллович,PERS_e1dd6b3e,Лидова Наталья Ростиславовна,2,2024,2026
PERS_0665f215,Шохин Владимир Кириллович,PERS_e31ca12d,Вечерина Ольга Павловна,1,2021,2021
PERS_0665f215,Шохин Владимир Кириллович,PERS_e5a5ac24,Невелева Светлана Леонидовна,1,2021,2021
PERS_0665f215,Шохин Владимир Кириллович,PERS_e8396809,Вишну Шукла,1,2014,2014
PERS_0665f215,Шохин Владимир Кириллович,PERS_e9545a0b,Шустова Алла Михайловна,1,2024,2024
PERS_0665f215,Шохин Владимир Кириллович,PERS_ea44fd14,Люлина Анастасия Геннадьевна,1,2024,2024
PERS_0665f215,Шохин Владимир Кириллович,PERS_f19cd8a1,Котин Игорь Юрьевич,1,2026,2026
PERS_0665f215,Шохин Владимир Кириллович,PERS_f56c5a7e,Жукова Любовь Евгеньевна,4,2014,2021
PERS_0665f215,Шохин Владимир Кириллович,PERS_f5b8b340,Вигасин Алексей Алексеевич,2,2021,2024
PERS_0665f215,Шохин Владимир Кириллович,PERS_f8ab5755,Оранская Татьяна Иосифовна,2,2021,2026
PERS_0665f215,Шохин Владимир Кириллович,PERS_f940c5b3,Стрелкова Гюзэль Владимировна,1,2021,2021
PERS_0665f215,Шохин Владимир Кириллович,PERS_fb25c80f,Ермакова Татьяна Викторовна,1,2026,2026
PERS_07adc1e6,Лейтан Эдгар Зигфридович,PERS_088c4df7,Атманова Юлия Георгиевна,1,2015,2015
PERS_07adc1e6,Лейтан Эдгар Зигфридович,PERS_12125da9,Лысенко Виктория Георгиевна,1,2026,2026
PERS_07adc1e6,Лейтан Эдгар Зигфридович,PERS_1a097e52,Парибок Андрей Всеволодович,1,2025,2025
PERS_07adc1e6,Лейтан Эдгар Зигфридович,PERS_1dd32cc2,Кнауэр Фёдор Иванович,1,2016,2016
PERS_07adc1e6,Лейтан Эдгар Зигфридович,PERS_22d87263,Костина Екатерина Александровна,1,2025,2025
PERS_07adc1e6,Лейтан Эдгар Зигфридович,PERS_310b2911,Толчельников Иван Евгеньевич,1,2025,2025
PERS_07adc1e6,Лейтан Эдгар Зигфридович,PERS_34c0d384,Павлова Мария Борисовна,1,2016,2016
PERS_07adc1e6,Лейтан Эдгар Зигфридович,PERS_3e105f43,Игнатьев Андрей Александрович,1,2025,2025
PERS_07adc1e6,Лейтан Эдгар Зигфридович,PERS_467d4dbb,Клебанов Андрей Александрович,1,2025,2025
PERS_07adc1e6,Лейтан Эдгар Зигфридович,PERS_4dd85c67,Бётлингк Оттон Николаевич,1,2015,2015
PERS_07adc1e6,Лейтан Эдгар Зигфридович,PERS_587b08ec,Леонов Михаил Васильевич,3,2025,2025
PERS_07adc1e6,Лейтан Эдгар Зигфридович,PERS_61de659d,Белов Владимир Николаевич,1,2015,2015
PERS_07adc1e6,Лейтан Эдгар Зигфридович,PERS_6b867946,Смирнова Екатерина Викторовна,1,2024,2024
PERS_07adc1e6,Лейтан Эдгар Зигфридович,PERS_6e211759,Иванов Владимир Павлович,1,2025,2025
PERS_07adc1e6,Лейтан Эдгар Зигфридович,PERS_8108c314,Ерченков Олег Николаевич,1,2015,2015
PERS_07adc1e6,Лейтан Эдгар Зигфридович,PERS_82364943,Миллер Всеволод Фёдорович,1,2016,2016
PERS_07adc1e6,Лейтан Эдгар Зигфридович,PERS_8516d1e4,Гасунс Марцис Юрьевич,5,2015,2025
PERS_07adc1e6,Лейтан Эдгар Зигфридович,PERS_ab6bf9e3,Смирнов Борис Леонидович,2,2015,2024
PERS_07adc1e6,Лейтан Эдгар Зигфридович,PERS_bcaec2d8,Дружинин Владимир Юрьевич,2,2025,2025
PERS_07adc1e6,Лейтан Эдгар Зигфридович,PERS_cfb92c5f,Уланский Евгений Андреевич,1,2019,2019
PERS_07adc1e6,Лейтан Эдгар Зигфридович,PERS_ebc1c3c2,Лундышева Ольга Владимировна,1,2025,2025
PERS_07adc1e6,Лейтан Эдгар Зигфридович,PERS_f56c5a7e,Жукова Любовь Евгеньевна,1,2015,2015
PERS_07adc1e6,Лейтан Эдгар Зигфридович,PERS_f5a69b65,Кройцер Светлана Александровна,1,2023,2023
PERS_088c4df7,Атманова Юлия Георгиевна,PERS_37c15317,Калина А. Э.,1,2009,2009
PERS_088c4df7,Атманова Юлия Георгиевна,PERS_37f98454,Рудой Валерий Исаакович,1,2014,2014
PERS_088c4df7,Атманова Юлия Георгиевна,PERS_4dd85c67,Бётлингк Оттон Николаевич,1,2017,2017
PERS_088c4df7,Атманова Юлия Георгиевна,PERS_61de659d,Белов Владимир Николаевич,1,2015,2015
PERS_088c4df7,Атманова Юлия Георгиевна,PERS_8108c314,Ерченков Олег Николаевич,1,2015,2015
PERS_088c4df7,Атманова Юлия Георгиевна,PERS_ab6bf9e3,Смирнов Борис Леонидович,2,2009,2015
PERS_088c4df7,Атманова Юлия Георгиевна,PERS_c48611e0,Островская Елена Петровна,1,2014,2014
PERS_088c4df7,Атманова Юлия Георгиевна,PERS_d6ade703,Кожевникова Маргарита Николаевна,1,2009,2009
PERS_088c4df7,Атманова Юлия Георгиевна,PERS_f56c5a7e,Жукова Любовь Евгеньевна,3,2009,2015
PERS_0b1868b0,Ольденбург Сергей Фёдорович,PERS_12125da9,Лысенко Виктория Георгиевна,1,2025,2025
PERS_0b1868b0,Ольденбург Сергей Фёдорович,PERS_1dd32cc2,Кнауэр Фёдор Иванович,6,2011,2015
PERS_0b1868b0,Ольденбург Сергей Фёдорович,PERS_24dbb676,Кудрявский Дмитрий Николаевич,2,2015,2017
PERS_0b1868b0,Ольденбург Сергей Фёдорович,PERS_2c40b9b1,Гуров Никита Владимирович,2,2015,2021
PERS_0b1868b0,Ольденбург Сергей Фёдорович,PERS_34c0d384,Павлова Мария Борисовна,1,2011,2011
PERS_0b1868b0,Ольденбург Сергей Фёдорович,PERS_37c15317,Калина А. Э.,1,2013,2013
PERS_0b1868b0,Ольденбург Сергей Фёдорович,PERS_45cebd8f,Минаев Иван Павлович,6,2011,2021
PERS_0b1868b0,Ольденбург Сергей Фёдорович,PERS_4dd85c67,Бётлингк Оттон Николаевич,2,2011,2013
PERS_0b1868b0,Ольденбург Сергей Фёдорович,PERS_4fff9d16,Минаева Маргарита Денисовна,5,2011,2021
PERS_0b1868b0,Ольденбург Сергей Фёдорович,PERS_5cae5a20,Щербатской Фёдор Ипполитович,6,2012,2025
PERS_0b1868b0,Ольденбург Сергей Фёдорович,PERS_69750b7c,Мазурина Валентина Николаевна,1,2016,2016
PERS_0b1868b0,Ольденбург Сергей Фёдорович,PERS_6b06637e,Ильин Григорий Фёдорович,1,2013,2013
PERS_0b1868b0,Ольденбург Сергей Фёдорович,PERS_6b867946,Смирнова Екатерина Викторовна,3,2011,2025
PERS_0b1868b0,Ольденбург Сергей Фёдорович,PERS_6d302e31,Лебедев Герасим Степанович,4,2011,2021
PERS_0b1868b0,Ольденбург Сергей Фёдорович,PERS_6e211759,Иванов Владимир Павлович,3,2011,2017
PERS_0b1868b0,Ольденбург Сергей Фёдорович,PERS_72932969,Рерих Юрий Николаевич,1,2021,2021
PERS_0b1868b0,Ольденбург Сергей Фёдорович,PERS_773647fc,Баранников Алексей Петрович,3,2012,2025
PERS_0b1868b0,Ольденбург Сергей Фёдорович,PERS_7da0afff,Демичев Кирилл Андреевич,1,2013,2013
PERS_0b1868b0,Ольденбург Сергей Фёдорович,PERS_82364943,Миллер Всеволод Фёдорович,4,2011,2013
PERS_0b1868b0,Ольденбург Сергей Фёдорович,PERS_823c1a9f,Розенберг Оттон Оттонович,1,2021,2021
PERS_0b1868b0,Ольденбург Сергей Фёдорович,PERS_829c1de5,Васильков Ярослав Владимирович,2,2013,2021
PERS_0b1868b0,Ольденбург Сергей Фёдорович,PERS_8516d1e4,Гасунс Марцис Юрьевич,4,2011,2017
PERS_0b1868b0,Ольденбург Сергей Фёдорович,PERS_9366fe2c,Крыштоп Людмила Эдуардовна,1,2025,2025
PERS_0b1868b0,Ольденбург Сергей Фёдорович,PERS_9a855a7b,Альбедиль Маргарита Федоровна,1,2021,2021
PERS_0b1868b0,Ольденбург Сергей Фёдорович,PERS_a638a4b3,Федорова Наталья Леонидовна,2,2013,2013
PERS_0b1868b0,Ольденбург Сергей Фёдорович,PERS_a901d460,Фаградян Марина Александровна,1,2016,2016
PERS_0b1868b0,Ольденбург Сергей Фёдорович,PERS_ab6bf9e3,Смирнов Борис Леонидович,4,2011,2025
PERS_0b1868b0,Ольденбург Сергей Фёдорович,PERS_b881461b,Яковлева Мария Николаевна,2,2011,2013
PERS_0b1868b0,Ольденбург Сергей Фёдорович,PERS_ba537782,М. И. Петрова,2,2011,2012
PERS_0b1868b0,Ольденбург Сергей Фёдорович,PERS_bbb9116e,Кальянов Владимир Иванович,1,2011,2011
PERS_0b1868b0,Ольденбург Сергей Фёдорович,PERS_c0b7485d,Серебряков Игорь Дмитриевич,1,2013,2013
PERS_0b1868b0,Ольденбург Сергей Фёдорович,PERS_cd0d4845,Обермиллер Евгений Евгеньевич,1,2015,2015
PERS_0b1868b0,Ольденбург Сергей Фёдорович,PERS_cfb92c5f,Уланский Евгений Андреевич,1,2017,2017
PERS_0b1868b0,Ольденбург Сергей Фёдорович,PERS_d3c5382c,Попова Ирина Фёдоровна,1,2025,2025
PERS_0b1868b0,Ольденбург Сергей Фёдорович,PERS_d9d69ac2,Петров Павел Яковлевич,6,2011,2021
PERS_0b1868b0,Ольденбург Сергей Фёдорович,PERS_dfaf6803,Борисов Яков Александрович,2,2011,2025
PERS_0b1868b0,Ольденбург Сергей Фёдорович,PERS_e5a5ac24,Невелева Светлана Леонидовна,4,2011,2021
PERS_0b1868b0,Ольденбург Сергей Фёдорович,PERS_ed83f502,Селиванова Тамара Петровна,1,2013,2013
PERS_0b1868b0,Ольденбург Сергей Фёдорович,PERS_f56c5a7e,Жукова Любовь Евгеньевна,1,2013,2013
PERS_0b1868b0,Ольденбург Сергей Фёдорович,PERS_f5b8b340,Вигасин Алексей Алексеевич,2,2011,2013
PERS_0c451d76,Лобанов Сергей Владимирович,PERS_0ca995ac,Яковлев Виктор Михайлович,1,2026,2026
PERS_0c451d76,Лобанов Сергей Владимирович,PERS_11da326d,Тавастшерна Сергей Сергеевич,1,2026,2026
PERS_0c451d76,Лобанов Сергей Владимирович,PERS_12125da9,Лысенко Виктория Георгиевна,1,2024,2024
PERS_0c451d76,Лобанов Сергей Владимирович,PERS_1a097e52,Парибок Андрей Всеволодович,2,2024,2026
PERS_0c451d76,Лобанов Сергей Владимирович,PERS_23abae7d,Пушкарева Юлия Георгиевна,1,2026,2026
PERS_0c451d76,Лобанов Сергей Владимирович,PERS_260a598a,Пахомов Сергей Владимирович,1,2024,2024
PERS_0c451d76,Лобанов Сергей Владимирович,PERS_28317057,Дубянская Татьяна Александровна,1,2024,2024
PERS_0c451d76,Лобанов Сергей Владимирович,PERS_287fe378,Рыбакова Анна Геннадьевна,2,2024,2026
PERS_0c451d76,Лобанов Сергей Владимирович,PERS_2a2e5602,Коровина Евгения Владимировна,1,2026,2026
PERS_0c451d76,Лобанов Сергей Владимирович,PERS_310b2911,Толчельников Иван Евгеньевич,2,2024,2026
PERS_0c451d76,Лобанов Сергей Владимирович,PERS_3357f25b,Скороходова Татьяна Григорьевна,2,2024,2026
PERS_0c451d76,Лобанов Сергей Владимирович,PERS_34c0d384,Павлова Мария Борисовна,2,2024,2026
PERS_0c451d76,Лобанов Сергей Владимирович,PERS_35c57654,Егорова Мария Александровна,1,2026,2026
PERS_0c451d76,Лобанов Сергей Владимирович,PERS_377db63e,Седукова Надежда Александровна,1,2026,2026
PERS_0c451d76,Лобанов Сергей Владимирович,PERS_37c15317,Калина А. Э.,2,2011,2024
PERS_0c451d76,Лобанов Сергей Владимирович,PERS_37d557c2,Анисимова Дарья Дмитриевна,1,2026,2026
PERS_0c451d76,Лобанов Сергей Владимирович,PERS_3c202afd,Крапивина Раиса Николаевна,1,2024,2024
PERS_0c451d76,Лобанов Сергей Владимирович,PERS_3d22e8d4,Стрелков Андрей Михайлович,1,2024,2024
PERS_0c451d76,Лобанов Сергей Владимирович,PERS_3e105f43,Игнатьев Андрей Александрович,3,2011,2026
PERS_0c451d76,Лобанов Сергей Владимирович,PERS_3f406fe3,Кравцова Е. Р.,1,2024,2024
PERS_0c451d76,Лобанов Сергей Владимирович,PERS_41d6aa73,Воробьева Дарья Николаевна,1,2024,2024
PERS_0c451d76,Лобанов Сергей Владимирович,PERS_45cebd8f,Минаев Иван Павлович,2,2024,2026
PERS_0c451d76,Лобанов Сергей Владимирович,PERS_48b3bec3,Ч. Санчай,1,2026,2026
PERS_0c451d76,Лобанов Сергей Владимирович,PERS_4fff9d16,Минаева Маргарита Денисовна,1,2026,2026
PERS_0c451d76,Лобанов Сергей Владимирович,PERS_50c46233,Маретина Ксения Александровна,2,2024,2026
PERS_0c451d76,Лобанов Сергей Владимирович,PERS_56508328,Десницкая Евгения Алексеевна,2,2024,2026
PERS_0c451d76,Лобанов Сергей Владимирович,PERS_587b08ec,Леонов Михаил Васильевич,2,2024,2026
PERS_0c451d76,Лобанов Сергей Владимирович,PERS_58b39545,Ренковская Евгения Алексеевна,1,2026,2026
PERS_0c451d76,Лобанов Сергей Владимирович,PERS_58e18506,Соколова Ирина Александровна,1,2026,2026
PERS_0c451d76,Лобанов Сергей Владимирович,PERS_5d34c947,Волошина Оксана Анатольевна,1,2026,2026
PERS_0c451d76,Лобанов Сергей Владимирович,PERS_5e2a5a5c,Столярова Екатерина Владимировна,1,2024,2024
PERS_0c451d76,Лобанов Сергей Владимирович,PERS_5f6689e8,Дмитриева Виктория Алексеевна,1,2026,2026
PERS_0c451d76,Лобанов Сергей Владимирович,PERS_68e9019d,Малютин Иван Иванович,1,2024,2024
PERS_0c451d76,Лобанов Сергей Владимирович,PERS_6ae5c779,Фивейская Анастасия Васильевна,1,2024,2024
PERS_0c451d76,Лобанов Сергей Владимирович,PERS_6e211759,Иванов Владимир Павлович,1,2026,2026
PERS_0c451d76,Лобанов Сергей Владимирович,PERS_72506535,Крылова Анастасия Сергеевна,2,2024,2026
PERS_0c451d76,Лобанов Сергей Владимирович,PERS_7542d270,Демченко Максим Борисович,2,2024,2026
PERS_0c451d76,Лобанов Сергей Владимирович,PERS_7f908d49,Стрельцова Лилия Александровна,1,2024,2024
PERS_0c451d76,Лобанов Сергей Владимирович,PERS_8108c314,Ерченков Олег Николаевич,1,2024,2024
PERS_0c451d76,Лобанов Сергей Владимирович,PERS_829c1de5,Васильков Ярослав Владимирович,2,2024,2026
PERS_0c451d76,Лобанов Сергей Владимирович,PERS_8516d1e4,Гасунс Марцис Юрьевич,1,2024,2024
PERS_0c451d76,Лобанов Сергей Владимирович,PERS_8df3730a,Донченко Сергей Сергеевич,1,2024,2024
PERS_0c451d76,Лобанов Сергей Владимирович,PERS_8df81b6d,Лужинская Полина Александровна,2,2024,2026
PERS_0c451d76,Лобанов Сергей Владимирович,PERS_91b473b1,Челнокова Анна Витальевна,2,2024,2026
PERS_0c451d76,Лобанов Сергей Владимирович,PERS_92f41884,Касым Софья Васильевна,1,2026,2026
PERS_0c451d76,Лобанов Сергей Владимирович,PERS_93e2effb,Комиссаров Дмитрий Алексеевич,2,2024,2026
PERS_0c451d76,Лобанов Сергей Владимирович,PERS_9a855a7b,Альбедиль Маргарита Федоровна,2,2024,2026
PERS_0c451d76,Лобанов Сергей Владимирович,PERS_9d99092c,Рыбаков Р. Б.,2,2024,2026
PERS_0c451d76,Лобанов Сергей Владимирович,PERS_9e9c9566,Лекарева Ева Павловна,2,2024,2026
PERS_0c451d76,Лобанов Сергей Владимирович,PERS_9f398436,Куликов Леонид Игоревич,1,2026,2026
PERS_0c451d76,Лобанов Сергей Владимирович,PERS_a0264ac5,Бурмистров Сергей Леонидович,2,2024,2026
PERS_0c451d76,Лобанов Сергей Владимирович,PERS_a0f3d86d,Сергеева Варвара Алексеевна,1,2026,2026
PERS_0c451d76,Лобанов Сергей Владимирович,PERS_a638a4b3,Федорова Наталья Леонидовна,1,2026,2026
PERS_0c451d76,Лобанов Сергей Владимирович,PERS_a84aedaa,Шомахмадов Сафарали Хайбуллоевич,1,2026,2026
PERS_0c451d76,Лобанов Сергей Владимирович,PERS_a901d460,Фаградян Марина Александровна,1,2026,2026
PERS_0c451d76,Лобанов Сергей Владимирович,PERS_b881461b,Яковлева Мария Николаевна,1,2026,2026
PERS_0c451d76,Лобанов Сергей Владимирович,PERS_bbd15f4f,Степин А. А.,1,2024,2024
PERS_0c451d76,Лобанов Сергей Владимирович,PERS_bc97fb65,Краснодембская Нина Георгиевна,1,2024,2024
PERS_0c451d76,Лобанов Сергей Владимирович,PERS_bd77e495,Корнеев Геннадий Батыревич,2,2024,2026
PERS_0c451d76,Лобанов Сергей Владимирович,PERS_c48611e0,Островская Елена Петровна,1,2024,2024
PERS_0c451d76,Лобанов Сергей Владимирович,PERS_c52dfaa0,Цветкова Светлана Олеговна,1,2026,2026
PERS_0c451d76,Лобанов Сергей Владимирович,PERS_cb52ebc2,Лемешкина Ксения Вячеславовна,2,2024,2026
PERS_0c451d76,Лобанов Сергей Владимирович,PERS_cd0d4845,Обермиллер Евгений Евгеньевич,1,2024,2024
PERS_0c451d76,Лобанов Сергей Владимирович,PERS_ced3d7b4,Молина Анна Валерьевна,2,2024,2026
PERS_0c451d76,Лобанов Сергей Владимирович,PERS_d01427ca,Бещук Юлия Владимировна,1,2026,2026
PERS_0c451d76,Лобанов Сергей Владимирович,PERS_d218805b,Крюкова Виктория Юрьевна,1,2024,2024
PERS_0c451d76,Лобанов Сергей Владимирович,PERS_d3c5382c,Попова Ирина Фёдоровна,1,2026,2026
PERS_0c451d76,Лобанов Сергей Владимирович,PERS_d98da899,Рыжакова Светлана Игоревна,2,2024,2026
PERS_0c451d76,Лобанов Сергей Владимирович,PERS_d9d69ac2,Петров Павел Яковлевич,1,2026,2026
PERS_0c451d76,Лобанов Сергей Владимирович,PERS_db046be0,Сабирова Римма Наилевна,1,2026,2026
PERS_0c451d76,Лобанов Сергей Владимирович,PERS_e1dd6b3e,Лидова Наталья Ростиславовна,2,2024,2026
PERS_0c451d76,Лобанов Сергей Владимирович,PERS_f19cd8a1,Котин Игорь Юрьевич,1,2026,2026
PERS_0c451d76,Лобанов Сергей Владимирович,PERS_f56c5a7e,Жукова Любовь Евгеньевна,1,2024,2024
PERS_0c451d76,Лобанов Сергей Владимирович,PERS_f8ab5755,Оранская Татьяна Иосифовна,2,2024,2026
PERS_0c451d76,Лобанов Сергей Владимирович,PERS_f940c5b3,Стрелкова Гюзэль Владимировна,1,2024,2024
PERS_0c451d76,Лобанов Сергей Владимирович,PERS_fb25c80f,Ермакова Татьяна Викторовна,2,2024,2026
PERS_0ca995ac,Яковлев Виктор Михайлович,PERS_11da326d,Тавастшерна Сергей Сергеевич,2,2019,2026
PERS_0ca995ac,Яковлев Виктор Михайлович,PERS_12125da9,Лысенко Виктория Георгиевна,1,2019,2019
PERS_0ca995ac,Яковлев Виктор Михайлович,PERS_1a097e52,Парибок Андрей Всеволодович,1,2026,2026
PERS_0ca995ac,Яковлев Виктор Михайлович,PERS_1fa7cc0c,Дубянский Александр Михайлович,1,2019,2019
PERS_0ca995ac,Яковлев Виктор Михайлович,PERS_23215083,Русанов Максим Альбертович,1,2019,2019
PERS_0ca995ac,Яковлев Виктор Михайлович,PERS_23abae7d,Пушкарева Юлия Георгиевна,1,2026,2026
PERS_0ca995ac,Яковлев Виктор Михайлович,PERS_260a598a,Пахомов Сергей Владимирович,1,2019,2019
PERS_0ca995ac,Яковлев Виктор Михайлович,PERS_28317057,Дубянская Татьяна Александровна,1,2019,2019
PERS_0ca995ac,Яковлев Виктор Михайлович,PERS_287fe378,Рыбакова Анна Геннадьевна,2,2019,2026
PERS_0ca995ac,Яковлев Виктор Михайлович,PERS_2a2e5602,Коровина Евгения Владимировна,2,2019,2026
PERS_0ca995ac,Яковлев Виктор Михайлович,PERS_310b2911,Толчельников Иван Евгеньевич,1,2026,2026
PERS_0ca995ac,Яковлев Виктор Михайлович,PERS_3357f25b,Скороходова Татьяна Григорьевна,2,2019,2026
PERS_0ca995ac,Яковлев Виктор Михайлович,PERS_34c0d384,Павлова Мария Борисовна,1,2026,2026
PERS_0ca995ac,Яковлев Виктор Михайлович,PERS_35c57654,Егорова Мария Александровна,1,2026,2026
PERS_0ca995ac,Яковлев Виктор Михайлович,PERS_377db63e,Седукова Надежда Александровна,1,2026,2026
PERS_0ca995ac,Яковлев Виктор Михайлович,PERS_37d557c2,Анисимова Дарья Дмитриевна,1,2026,2026
PERS_0ca995ac,Яковлев Виктор Михайлович,PERS_3b196639,Гордийчук Николай Валентинович,1,2019,2019
PERS_0ca995ac,Яковлев Виктор Михайлович,PERS_3e105f43,Игнатьев Андрей Александрович,2,2019,2026
PERS_0ca995ac,Яковлев Виктор Михайлович,PERS_45cebd8f,Минаев Иван Павлович,2,2019,2026
PERS_0ca995ac,Яковлев Виктор Михайлович,PERS_48b3bec3,Ч. Санчай,2,2019,2026
PERS_0ca995ac,Яковлев Виктор Михайлович,PERS_4fff9d16,Минаева Маргарита Денисовна,1,2026,2026
PERS_0ca995ac,Яковлев Виктор Михайлович,PERS_50c46233,Маретина Ксения Александровна,1,2026,2026
PERS_0ca995ac,Яковлев Виктор Михайлович,PERS_50d73711,Смирнитская Анна Александровна,1,2019,2019
PERS_0ca995ac,Яковлев Виктор Михайлович,PERS_56508328,Десницкая Евгения Алексеевна,2,2019,2026
PERS_0ca995ac,Яковлев Виктор Михайлович,PERS_587b08ec,Леонов Михаил Васильевич,1,2026,2026
PERS_0ca995ac,Яковлев Виктор Михайлович,PERS_58b39545,Ренковская Евгения Алексеевна,2,2019,2026
PERS_0ca995ac,Яковлев Виктор Михайлович,PERS_58e18506,Соколова Ирина Александровна,1,2026,2026
PERS_0ca995ac,Яковлев Виктор Михайлович,PERS_5d34c947,Волошина Оксана Анатольевна,2,2019,2026
PERS_0ca995ac,Яковлев Виктор Михайлович,PERS_5e2a5a5c,Столярова Екатерина Владимировна,1,2019,2019
PERS_0ca995ac,Яковлев Виктор Михайлович,PERS_5f6689e8,Дмитриева Виктория Алексеевна,1,2026,2026
PERS_0ca995ac,Яковлев Виктор Михайлович,PERS_6e211759,Иванов Владимир Павлович,1,2026,2026
PERS_0ca995ac,Яковлев Виктор Михайлович,PERS_72506535,Крылова Анастасия Сергеевна,2,2019,2026
PERS_0ca995ac,Яковлев Виктор Михайлович,PERS_7542d270,Демченко Максим Борисович,2,2019,2026
PERS_0ca995ac,Яковлев Виктор Михайлович,PERS_7eb0dc30,Зимина Татьяна Александровна,1,2019,2019
PERS_0ca995ac,Яковлев Виктор Михайлович,PERS_7f908d49,Стрельцова Лилия Александровна,1,2019,2019
PERS_0ca995ac,Яковлев Виктор Михайлович,PERS_8108c314,Ерченков Олег Николаевич,1,2019,2019
PERS_0ca995ac,Яковлев Виктор Михайлович,PERS_829c1de5,Васильков Ярослав Владимирович,2,2019,2026
PERS_0ca995ac,Яковлев Виктор Михайлович,PERS_8516d1e4,Гасунс Марцис Юрьевич,1,2019,2019
PERS_0ca995ac,Яковлев Виктор Михайлович,PERS_8df3730a,Донченко Сергей Сергеевич,1,2019,2019
PERS_0ca995ac,Яковлев Виктор Михайлович,PERS_8df81b6d,Лужинская Полина Александровна,1,2026,2026
PERS_0ca995ac,Яковлев Виктор Михайлович,PERS_8e117242,Юдицкая Екатерина Алексеевна,1,2019,2019
PERS_0ca995ac,Яковлев Виктор Михайлович,PERS_91b473b1,Челнокова Анна Витальевна,1,2026,2026
PERS_0ca995ac,Яковлев Виктор Михайлович,PERS_92f41884,Касым Софья Васильевна,1,2026,2026
PERS_0ca995ac,Яковлев Виктор Михайлович,PERS_93e2effb,Комиссаров Дмитрий Алексеевич,1,2026,2026
PERS_0ca995ac,Яковлев Виктор Михайлович,PERS_9a855a7b,Альбедиль Маргарита Федоровна,2,2019,2026
PERS_0ca995ac,Яковлев Виктор Михайлович,PERS_9d99092c,Рыбаков Р. Б.,2,2019,2026
PERS_0ca995ac,Яковлев Виктор Михайлович,PERS_9e9c9566,Лекарева Ева Павловна,1,2026,2026
PERS_0ca995ac,Яковлев Виктор Михайлович,PERS_9f398436,Куликов Леонид Игоревич,1,2026,2026
PERS_0ca995ac,Яковлев Виктор Михайлович,PERS_a0264ac5,Бурмистров Сергей Леонидович,2,2019,2026
PERS_0ca995ac,Яковлев Виктор Михайлович,PERS_a0f3d86d,Сергеева Варвара Алексеевна,1,2026,2026
PERS_0ca995ac,Яковлев Виктор Михайлович,PERS_a638a4b3,Федорова Наталья Леонидовна,1,2026,2026
PERS_0ca995ac,Яковлев Виктор Михайлович,PERS_a7f41469,Антонова Кока Александровна,1,2024,2024
PERS_0ca995ac,Яковлев Виктор Михайлович,PERS_a84aedaa,Шомахмадов Сафарали Хайбуллоевич,1,2026,2026
PERS_0ca995ac,Яковлев Виктор Михайлович,PERS_a901d460,Фаградян Марина Александровна,2,2019,2026
PERS_0ca995ac,Яковлев Виктор Михайлович,PERS_b62a9567,Курочкин Александр Юрьевич,1,2019,2019
PERS_0ca995ac,Яковлев Виктор Михайлович,PERS_b881461b,Яковлева Мария Николаевна,2,2019,2026
PERS_0ca995ac,Яковлев Виктор Михайлович,PERS_bc97fb65,Краснодембская Нина Георгиевна,1,2019,2019
PERS_0ca995ac,Яковлев Виктор Михайлович,PERS_bd77e495,Корнеев Геннадий Батыревич,2,2019,2026
PERS_0ca995ac,Яковлев Виктор Михайлович,PERS_c48611e0,Островская Елена Петровна,1,2019,2019
PERS_0ca995ac,Яковлев Виктор Михайлович,PERS_c52dfaa0,Цветкова Светлана Олеговна,2,2019,2026
PERS_0ca995ac,Яковлев Виктор Михайлович,PERS_c5677a3f,Зорин Алексей Валерьевич,1,2019,2019
PERS_0ca995ac,Яковлев Виктор Михайлович,PERS_c6bbcef3,Битинайте Елена Алексеевна,1,2019,2019
PERS_0ca995ac,Яковлев Виктор Михайлович,PERS_cb52ebc2,Лемешкина Ксения Вячеславовна,1,2026,2026
PERS_0ca995ac,Яковлев Виктор Михайлович,PERS_ced3d7b4,Молина Анна Валерьевна,1,2026,2026
PERS_0ca995ac,Яковлев Виктор Михайлович,PERS_cfb92c5f,Уланский Евгений Андреевич,1,2019,2019
PERS_0ca995ac,Яковлев Виктор Михайлович,PERS_d01427ca,Бещук Юлия Владимировна,1,2026,2026
PERS_0ca995ac,Яковлев Виктор Михайлович,PERS_d218805b,Крюкова Виктория Юрьевна,1,2019,2019
PERS_0ca995ac,Яковлев Виктор Михайлович,PERS_d3c5382c,Попова Ирина Фёдоровна,2,2019,2026
PERS_0ca995ac,Яковлев Виктор Михайлович,PERS_d98da899,Рыжакова Светлана Игоревна,2,2019,2026
PERS_0ca995ac,Яковлев Виктор Михайлович,PERS_d9d69ac2,Петров Павел Яковлевич,1,2026,2026
PERS_0ca995ac,Яковлев Виктор Михайлович,PERS_db046be0,Сабирова Римма Наилевна,2,2019,2026
PERS_0ca995ac,Яковлев Виктор Михайлович,PERS_e1dd6b3e,Лидова Наталья Ростиславовна,1,2026,2026
PERS_0ca995ac,Яковлев Виктор Михайлович,PERS_e31ca12d,Вечерина Ольга Павловна,1,2019,2019
PERS_0ca995ac,Яковлев Виктор Михайлович,PERS_f19cd8a1,Котин Игорь Юрьевич,1,2026,2026
PERS_0ca995ac,Яковлев Виктор Михайлович,PERS_f8ab5755,Оранская Татьяна Иосифовна,2,2019,2026
PERS_0ca995ac,Яковлев Виктор Михайлович,PERS_fb25c80f,Ермакова Татьяна Викторовна,2,2019,2026
PERS_0d914397,Ленц Роберт Христианович,PERS_45cebd8f,Минаев Иван Павлович,1,2007,2007
PERS_0d914397,Ленц Роберт Христианович,PERS_48b3bec3,Ч. Санчай,1,2022,2022
PERS_0d914397,Ленц Роберт Христианович,PERS_4dd85c67,Бётлингк Оттон Николаевич,2,2007,2015
PERS_0d914397,Ленц Роберт Христианович,PERS_4fff9d16,Минаева Маргарита Денисовна,1,2007,2007
PERS_0d914397,Ленц Роберт Христианович,PERS_58e18506,Соколова Ирина Александровна,1,2022,2022
PERS_0d914397,Ленц Роберт Христианович,PERS_6d302e31,Лебедев Герасим Степанович,1,2007,2007
PERS_0d914397,Ленц Роберт Христианович,PERS_ba537782,М. И. Петрова,1,2007,2007
PERS_0d914397,Ленц Роберт Христианович,PERS_c0b7485d,Серебряков Игорь Дмитриевич,1,2007,2007
PERS_0d914397,Ленц Роберт Христианович,PERS_d3c5382c,Попова Ирина Фёдоровна,1,2007,2007
PERS_0d914397,Ленц Роберт Христианович,PERS_d9d69ac2,Петров Павел Яковлевич,1,2007,2007
PERS_0d914397,Ленц Роберт Христианович,PERS_f56c5a7e,Жукова Любовь Евгеньевна,1,2022,2022
PERS_0e0a154e,Титлин Лев Игоревич,PERS_1130c736,Серебряный Сергей Дмитриевич,1,2020,2020
PERS_0e0a154e,Титлин Лев Игоревич,PERS_11da326d,Тавастшерна Сергей Сергеевич,2,2010,2021
PERS_0e0a154e,Титлин Лев Игоревич,PERS_12125da9,Лысенко Виктория Георгиевна,2,2020,2021
PERS_0e0a154e,Титлин Лев Игоревич,PERS_18fcab2a,Блиндерман Радха Тимуровна,1,2021,2021
PERS_0e0a154e,Титлин Лев Игоревич,PERS_1a097e52,Парибок Андрей Всеволодович,2,2020,2021
PERS_0e0a154e,Титлин Лев Игоревич,PERS_1c6fcce5,Кузина Елизавета Олеговна,2,2020,2021
PERS_0e0a154e,Титлин Лев Игоревич,PERS_1dd32cc2,Кнауэр Фёдор Иванович,2,2009,2011
PERS_0e0a154e,Титлин Лев Игоревич,PERS_1fa7cc0c,Дубянский Александр Михайлович,1,2020,2020
PERS_0e0a154e,Титлин Лев Игоревич,PERS_22d87263,Костина Екатерина Александровна,2,2020,2021
PERS_0e0a154e,Титлин Лев Игоревич,PERS_23215083,Русанов Максим Альбертович,1,2020,2020
PERS_0e0a154e,Титлин Лев Игоревич,PERS_260a598a,Пахомов Сергей Владимирович,2,2020,2021
PERS_0e0a154e,Титлин Лев Игоревич,PERS_28317057,Дубянская Татьяна Александровна,1,2020,2020
PERS_0e0a154e,Титлин Лев Игоревич,PERS_287fe378,Рыбакова Анна Геннадьевна,2,2020,2021
PERS_0e0a154e,Титлин Лев Игоревич,PERS_2a2e5602,Коровина Евгения Владимировна,1,2021,2021
PERS_0e0a154e,Титлин Лев Игоревич,PERS_3195408b,Ратушный Данила Николаевич,1,2010,2010
PERS_0e0a154e,Титлин Лев Игоревич,PERS_3357f25b,Скороходова Татьяна Григорьевна,2,2020,2021
PERS_0e0a154e,Титлин Лев Игоревич,PERS_37c15317,Калина А. Э.,1,2010,2010
PERS_0e0a154e,Титлин Лев Игоревич,PERS_37f98454,Рудой Валерий Исаакович,1,2010,2010
PERS_0e0a154e,Титлин Лев Игоревич,PERS_3b196639,Гордийчук Николай Валентинович,2,2020,2021
PERS_0e0a154e,Титлин Лев Игоревич,PERS_3e105f43,Игнатьев Андрей Александрович,3,2010,2021
PERS_0e0a154e,Титлин Лев Игоревич,PERS_45cebd8f,Минаев Иван Павлович,1,2020,2020
PERS_0e0a154e,Титлин Лев Игоревич,PERS_467d4dbb,Клебанов Андрей Александрович,1,2021,2021
PERS_0e0a154e,Титлин Лев Игоревич,PERS_4dd85c67,Бётлингк Оттон Николаевич,2,2009,2011
PERS_0e0a154e,Титлин Лев Игоревич,PERS_4fff9d16,Минаева Маргарита Денисовна,1,2020,2020
PERS_0e0a154e,Титлин Лев Игоревич,PERS_50d73711,Смирнитская Анна Александровна,2,2020,2021
PERS_0e0a154e,Титлин Лев Игоревич,PERS_5228da95,Вертоградова Виктория Викторовна,3,2009,2011
PERS_0e0a154e,Титлин Лев Игоревич,PERS_56508328,Десницкая Евгения Алексеевна,2,2020,2021
PERS_0e0a154e,Титлин Лев Игоревич,PERS_58b39545,Ренковская Евгения Алексеевна,1,2021,2021
PERS_0e0a154e,Титлин Лев Игоревич,PERS_5d34c947,Волошина Оксана Анатольевна,2,2020,2021
PERS_0e0a154e,Титлин Лев Игоревич,PERS_6ae5c779,Фивейская Анастасия Васильевна,1,2021,2021
PERS_0e0a154e,Титлин Лев Игоревич,PERS_6e211759,Иванов Владимир Павлович,2,2009,2021
PERS_0e0a154e,Титлин Лев Игоревич,PERS_72506535,Крылова Анастасия Сергеевна,1,2021,2021
PERS_0e0a154e,Титлин Лев Игоревич,PERS_7542d270,Демченко Максим Борисович,2,2020,2021
PERS_0e0a154e,Титлин Лев Игоревич,PERS_7da0afff,Демичев Кирилл Андреевич,1,2010,2010
PERS_0e0a154e,Титлин Лев Игоревич,PERS_7eb0dc30,Зимина Татьяна Александровна,1,2020,2020
PERS_0e0a154e,Титлин Лев Игоревич,PERS_8108c314,Ерченков Олег Николаевич,1,2020,2020
PERS_0e0a154e,Титлин Лев Игоревич,PERS_829c1de5,Васильков Ярослав Владимирович,2,2020,2021
PERS_0e0a154e,Титлин Лев Игоревич,PERS_8516d1e4,Гасунс Марцис Юрьевич,3,2009,2021
PERS_0e0a154e,Титлин Лев Игоревич,PERS_8e117242,Юдицкая Екатерина Алексеевна,2,2020,2021
PERS_0e0a154e,Титлин Лев Игоревич,PERS_9366fe2c,Крыштоп Людмила Эдуардовна,1,2020,2020
PERS_0e0a154e,Титлин Лев Игоревич,PERS_93e2effb,Комиссаров Дмитрий Алексеевич,1,2021,2021
PERS_0e0a154e,Титлин Лев Игоревич,PERS_9a855a7b,Альбедиль Маргарита Федоровна,1,2021,2021
PERS_0e0a154e,Титлин Лев Игоревич,PERS_9d99092c,Рыбаков Р. Б.,2,2020,2021
PERS_0e0a154e,Титлин Лев Игоревич,PERS_9f398436,Куликов Леонид Игоревич,1,2020,2020
PERS_0e0a154e,Титлин Лев Игоревич,PERS_a0264ac5,Бурмистров Сергей Леонидович,1,2021,2021
PERS_0e0a154e,Титлин Лев Игоревич,PERS_a0f3d86d,Сергеева Варвара Алексеевна,2,2009,2010
PERS_0e0a154e,Титлин Лев Игоревич,PERS_a84aedaa,Шомахмадов Сафарали Хайбуллоевич,1,2021,2021
PERS_0e0a154e,Титлин Лев Игоревич,PERS_a901d460,Фаградян Марина Александровна,1,2009,2009
PERS_0e0a154e,Титлин Лев Игоревич,PERS_b76851a7,Митруев Бембя Леонидович,1,2021,2021
PERS_0e0a154e,Титлин Лев Игоревич,PERS_bc97fb65,Краснодембская Нина Георгиевна,2,2020,2021
PERS_0e0a154e,Титлин Лев Игоревич,PERS_bcaec2d8,Дружинин Владимир Юрьевич,1,2021,2021
PERS_0e0a154e,Титлин Лев Игоревич,PERS_bd77e495,Корнеев Геннадий Батыревич,2,2020,2021
PERS_0e0a154e,Титлин Лев Игоревич,PERS_c48611e0,Островская Елена Петровна,3,2010,2021
PERS_0e0a154e,Титлин Лев Игоревич,PERS_c52dfaa0,Цветкова Светлана Олеговна,1,2021,2021
PERS_0e0a154e,Титлин Лев Игоревич,PERS_c5677a3f,Зорин Алексей Валерьевич,1,2021,2021
PERS_0e0a154e,Титлин Лев Игоревич,PERS_c6bbcef3,Битинайте Елена Алексеевна,1,2020,2020
PERS_0e0a154e,Титлин Лев Игоревич,PERS_cb52ebc2,Лемешкина Ксения Вячеславовна,1,2020,2020
PERS_0e0a154e,Титлин Лев Игоревич,PERS_cfb92c5f,Уланский Евгений Андреевич,2,2020,2021
PERS_0e0a154e,Титлин Лев Игоревич,PERS_d3c5382c,Попова Ирина Фёдоровна,1,2021,2021
PERS_0e0a154e,Титлин Лев Игоревич,PERS_d98da899,Рыжакова Светлана Игоревна,2,2020,2021
PERS_0e0a154e,Титлин Лев Игоревич,PERS_db046be0,Сабирова Римма Наилевна,2,2020,2021
PERS_0e0a154e,Титлин Лев Игоревич,PERS_e1dd6b3e,Лидова Наталья Ростиславовна,1,2021,2021
PERS_0e0a154e,Титлин Лев Игоревич,PERS_e31ca12d,Вечерина Ольга Павловна,2,2020,2021
PERS_0e0a154e,Титлин Лев Игоревич,PERS_f2fef030,Мехакян Арег Гайкович,1,2021,2021
PERS_0e0a154e,Титлин Лев Игоревич,PERS_f56c5a7e,Жукова Любовь Евгеньевна,2,2009,2010
PERS_0e0a154e,Титлин Лев Игоревич,PERS_f5b8b340,Вигасин Алексей Алексеевич,1,2011,2011
PERS_0e0a154e,Титлин Лев Игоревич,PERS_f8ab5755,Оранская Татьяна Иосифовна,1,2020,2020
PERS_0e0a154e,Титлин Лев Игоревич,PERS_fb25c80f,Ермакова Татьяна Викторовна,2,2020,2021
PERS_1130c736,Серебряный Сергей Дмитриевич,PERS_11da326d,Тавастшерна Сергей Сергеевич,1,2012,2012
PERS_1130c736,Серебряный Сергей Дмитриевич,PERS_12125da9,Лысенко Виктория Георгиевна,3,2012,2020
PERS_1130c736,Серебряный Сергей Дмитриевич,PERS_1a097e52,Парибок Андрей Всеволодович,3,2012,2021
PERS_1130c736,Серебряный Сергей Дмитриевич,PERS_1c6fcce5,Кузина Елизавета Олеговна,2,2020,2021
PERS_1130c736,Серебряный Сергей Дмитриевич,PERS_1dd32cc2,Кнауэр Фёдор Иванович,1,2015,2015
PERS_1130c736,Серебряный Сергей Дмитриевич,PERS_1fa7cc0c,Дубянский Александр Михайлович,2,2020,2021
PERS_1130c736,Серебряный Сергей Дмитриевич,PERS_22d87263,Костина Екатерина Александровна,2,2020,2022
PERS_1130c736,Серебряный Сергей Дмитриевич,PERS_23215083,Русанов Максим Альбертович,2,2012,2020
PERS_1130c736,Серебряный Сергей Дмитриевич,PERS_260a598a,Пахомов Сергей Владимирович,2,2020,2021
PERS_1130c736,Серебряный Сергей Дмитриевич,PERS_28317057,Дубянская Татьяна Александровна,2,2020,2021
PERS_1130c736,Серебряный Сергей Дмитриевич,PERS_287fe378,Рыбакова Анна Геннадьевна,1,2020,2020
PERS_1130c736,Серебряный Сергей Дмитриевич,PERS_2c40b9b1,Гуров Никита Владимирович,2,2021,2022
PERS_1130c736,Серебряный Сергей Дмитриевич,PERS_310b2911,Толчельников Иван Евгеньевич,1,2025,2025
PERS_1130c736,Серебряный Сергей Дмитриевич,PERS_3195408b,Ратушный Данила Николаевич,1,2022,2022
PERS_1130c736,Серебряный Сергей Дмитриевич,PERS_3357f25b,Скороходова Татьяна Григорьевна,1,2020,2020
PERS_1130c736,Серебряный Сергей Дмитриевич,PERS_34c0d384,Павлова Мария Борисовна,2,2021,2022
PERS_1130c736,Серебряный Сергей Дмитриевич,PERS_35c57654,Егорова Мария Александровна,1,2021,2021
PERS_1130c736,Серебряный Сергей Дмитриевич,PERS_36dabb79,Гурия Анастасия Георгиевна,1,2021,2021
PERS_1130c736,Серебряный Сергей Дмитриевич,PERS_3b196639,Гордийчук Николай Валентинович,2,2020,2021
PERS_1130c736,Серебряный Сергей Дмитриевич,PERS_3d22e8d4,Стрелков Андрей Михайлович,1,2021,2021
PERS_1130c736,Серебряный Сергей Дмитриевич,PERS_3e105f43,Игнатьев Андрей Александрович,1,2020,2020
PERS_1130c736,Серебряный Сергей Дмитриевич,PERS_3e952361,Хохлов Александр Николаевич,2,2021,2022
PERS_1130c736,Серебряный Сергей Дмитриевич,PERS_3f406fe3,Кравцова Е. Р.,1,2022,2022
PERS_1130c736,Серебряный Сергей Дмитриевич,PERS_41d6aa73,Воробьева Дарья Николаевна,2,2021,2022
PERS_1130c736,Серебряный Сергей Дмитриевич,PERS_45cebd8f,Минаев Иван Павлович,1,2020,2020
PERS_1130c736,Серебряный Сергей Дмитриевич,PERS_4fff9d16,Минаева Маргарита Денисовна,1,2020,2020
PERS_1130c736,Серебряный Сергей Дмитриевич,PERS_50c46233,Маретина Ксения Александровна,1,2021,2021
PERS_1130c736,Серебряный Сергей Дмитриевич,PERS_50d73711,Смирнитская Анна Александровна,2,2020,2021
PERS_1130c736,Серебряный Сергей Дмитриевич,PERS_5228da95,Вертоградова Виктория Викторовна,2,2012,2022
PERS_1130c736,Серебряный Сергей Дмитриевич,PERS_56508328,Десницкая Евгения Алексеевна,2,2020,2021
PERS_1130c736,Серебряный Сергей Дмитриевич,PERS_587b08ec,Леонов Михаил Васильевич,4,2012,2025
PERS_1130c736,Серебряный Сергей Дмитриевич,PERS_58b39545,Ренковская Евгения Алексеевна,1,2021,2021
PERS_1130c736,Серебряный Сергей Дмитриевич,PERS_58e18506,Соколова Ирина Александровна,1,2022,2022
PERS_1130c736,Серебряный Сергей Дмитриевич,PERS_5cae5a20,Щербатской Фёдор Ипполитович,3,2014,2021
PERS_1130c736,Серебряный Сергей Дмитриевич,PERS_5d34c947,Волошина Оксана Анатольевна,1,2020,2020
PERS_1130c736,Серебряный Сергей Дмитриевич,PERS_5e2a5a5c,Столярова Екатерина Владимировна,1,2022,2022
PERS_1130c736,Серебряный Сергей Дмитриевич,PERS_5f6689e8,Дмитриева Виктория Алексеевна,5,2012,2022
PERS_1130c736,Серебряный Сергей Дмитриевич,PERS_5f6fa17b,Пахомова Александра Михайловна,1,2021,2021
PERS_1130c736,Серебряный Сергей Дмитриевич,PERS_61202bf3,Алиханова Юлия Марковна,1,2022,2022
PERS_1130c736,Серебряный Сергей Дмитриевич,PERS_61de659d,Белов Владимир Николаевич,1,2021,2021
PERS_1130c736,Серебряный Сергей Дмитриевич,PERS_69750b7c,Мазурина Валентина Николаевна,2,2021,2022
PERS_1130c736,Серебряный Сергей Дмитриевич,PERS_6a84adb8,Макаев Энвер Ахмедович,1,2021,2021
PERS_1130c736,Серебряный Сергей Дмитриевич,PERS_6ae5c779,Фивейская Анастасия Васильевна,1,2021,2021
PERS_1130c736,Серебряный Сергей Дмитриевич,PERS_6b06637e,Ильин Григорий Фёдорович,4,2012,2022
PERS_1130c736,Серебряный Сергей Дмитриевич,PERS_6b867946,Смирнова Екатерина Викторовна,2,2014,2021
PERS_1130c736,Серебряный Сергей Дмитриевич,PERS_6d302e31,Лебедев Герасим Степанович,1,2022,2022
PERS_1130c736,Серебряный Сергей Дмитриевич,PERS_6e211759,Иванов Владимир Павлович,3,2012,2022
PERS_1130c736,Серебряный Сергей Дмитриевич,PERS_72506535,Крылова Анастасия Сергеевна,1,2021,2021
PERS_1130c736,Серебряный Сергей Дмитриевич,PERS_72932969,Рерих Юрий Николаевич,2,2021,2022
PERS_1130c736,Серебряный Сергей Дмитриевич,PERS_7542d270,Демченко Максим Борисович,3,2020,2022
PERS_1130c736,Серебряный Сергей Дмитриевич,PERS_773647fc,Баранников Алексей Петрович,3,2012,2022
PERS_1130c736,Серебряный Сергей Дмитриевич,PERS_7da0afff,Демичев Кирилл Андреевич,1,2022,2022
PERS_1130c736,Серебряный Сергей Дмитриевич,PERS_7eb0dc30,Зимина Татьяна Александровна,1,2020,2020
PERS_1130c736,Серебряный Сергей Дмитриевич,PERS_7f908d49,Стрельцова Лилия Александровна,1,2021,2021
PERS_1130c736,Серебряный Сергей Дмитриевич,PERS_8108c314,Ерченков Олег Николаевич,1,2020,2020
PERS_1130c736,Серебряный Сергей Дмитриевич,PERS_829c1de5,Васильков Ярослав Владимирович,3,2012,2021
PERS_1130c736,Серебряный Сергей Дмитриевич,PERS_8516d1e4,Гасунс Марцис Юрьевич,4,2015,2022
PERS_1130c736,Серебряный Сергей Дмитриевич,PERS_8e117242,Юдицкая Екатерина Алексеевна,1,2020,2020
PERS_1130c736,Серебряный Сергей Дмитриевич,PERS_91b473b1,Челнокова Анна Витальевна,2,2021,2022
PERS_1130c736,Серебряный Сергей Дмитриевич,PERS_92f41884,Касым Софья Васильевна,1,2022,2022
PERS_1130c736,Серебряный Сергей Дмитриевич,PERS_9366fe2c,Крыштоп Людмила Эдуардовна,3,2020,2022
PERS_1130c736,Серебряный Сергей Дмитриевич,PERS_9d99092c,Рыбаков Р. Б.,2,2020,2022
PERS_1130c736,Серебряный Сергей Дмитриевич,PERS_9e9c9566,Лекарева Ева Павловна,1,2021,2021
PERS_1130c736,Серебряный Сергей Дмитриевич,PERS_9f398436,Куликов Леонид Игоревич,3,2012,2021
PERS_1130c736,Серебряный Сергей Дмитриевич,PERS_a0264ac5,Бурмистров Сергей Леонидович,1,2021,2021
PERS_1130c736,Серебряный Сергей Дмитриевич,PERS_a0f3d86d,Сергеева Варвара Алексеевна,3,2012,2021
PERS_1130c736,Серебряный Сергей Дмитриевич,PERS_a638a4b3,Федорова Наталья Леонидовна,2,2014,2021
PERS_1130c736,Серебряный Сергей Дмитриевич,PERS_a7f41469,Антонова Кока Александровна,1,2021,2021
PERS_1130c736,Серебряный Сергей Дмитриевич,PERS_a901d460,Фаградян Марина Александровна,3,2021,2022
PERS_1130c736,Серебряный Сергей Дмитриевич,PERS_aa964a12,Самозванцев Андрей Михайлович,1,2012,2012
PERS_1130c736,Серебряный Сергей Дмитриевич,PERS_ab6bf9e3,Смирнов Борис Леонидович,5,2012,2022
PERS_1130c736,Серебряный Сергей Дмитриевич,PERS_b2c121e9,Успенская Елена Николаевна,2,2021,2022
PERS_1130c736,Серебряный Сергей Дмитриевич,PERS_b4cdbfb8,Эрман Владимир Гансович,3,2012,2022
PERS_1130c736,Серебряный Сергей Дмитриевич,PERS_b5dd77b1,Мрачковская Арина Витальевна,1,2015,2015
PERS_1130c736,Серебряный Сергей Дмитриевич,PERS_b881461b,Яковлева Мария Николаевна,3,2012,2021
PERS_1130c736,Серебряный Сергей Дмитриевич,PERS_ba537782,М. И. Петрова,4,2015,2022
PERS_1130c736,Серебряный Сергей Дмитриевич,PERS_bbb9116e,Кальянов Владимир Иванович,1,2022,2022
PERS_1130c736,Серебряный Сергей Дмитриевич,PERS_bc97fb65,Краснодембская Нина Георгиевна,1,2020,2020
PERS_1130c736,Серебряный Сергей Дмитриевич,PERS_bd77e495,Корнеев Геннадий Батыревич,1,2020,2020
PERS_1130c736,Серебряный Сергей Дмитриевич,PERS_c0b7485d,Серебряков Игорь Дмитриевич,1,2022,2022
PERS_1130c736,Серебряный Сергей Дмитриевич,PERS_c48611e0,Островская Елена Петровна,3,2014,2021
PERS_1130c736,Серебряный Сергей Дмитриевич,PERS_c52dfaa0,Цветкова Светлана Олеговна,1,2022,2022
PERS_1130c736,Серебряный Сергей Дмитриевич,PERS_c6bbcef3,Битинайте Елена Алексеевна,1,2020,2020
PERS_1130c736,Серебряный Сергей Дмитриевич,PERS_cb52ebc2,Лемешкина Ксения Вячеславовна,1,2020,2020
PERS_1130c736,Серебряный Сергей Дмитриевич,PERS_cfb92c5f,Уланский Евгений Андреевич,1,2020,2020
PERS_1130c736,Серебряный Сергей Дмитриевич,PERS_d3c5382c,Попова Ирина Фёдоровна,1,2022,2022
PERS_1130c736,Серебряный Сергей Дмитриевич,PERS_d98da899,Рыжакова Светлана Игоревна,3,2020,2022
PERS_1130c736,Серебряный Сергей Дмитриевич,PERS_d9d69ac2,Петров Павел Яковлевич,3,2015,2022
PERS_1130c736,Серебряный Сергей Дмитриевич,PERS_db046be0,Сабирова Римма Наилевна,3,2020,2021
PERS_1130c736,Серебряный Сергей Дмитриевич,PERS_dd17649f,Светлов Роман Викторович,1,2021,2021
PERS_1130c736,Серебряный Сергей Дмитриевич,PERS_dfaf6803,Борисов Яков Александрович,1,2021,2021
PERS_1130c736,Серебряный Сергей Дмитриевич,PERS_e1d622e5,Мажитов Саттар Фазылович,1,2022,2022
PERS_1130c736,Серебряный Сергей Дмитриевич,PERS_e31ca12d,Вечерина Ольга Павловна,2,2020,2021
PERS_1130c736,Серебряный Сергей Дмитриевич,PERS_e5a5ac24,Невелева Светлана Леонидовна,1,2012,2012
PERS_1130c736,Серебряный Сергей Дмитриевич,PERS_ed83f502,Селиванова Тамара Петровна,1,2022,2022
PERS_1130c736,Серебряный Сергей Дмитриевич,PERS_f1f2471d,Игнатова Мария Михайловна,1,2021,2021
PERS_1130c736,Серебряный Сергей Дмитриевич,PERS_f56c5a7e,Жукова Любовь Евгеньевна,2,2015,2021
PERS_1130c736,Серебряный Сергей Дмитриевич,PERS_f5b8b340,Вигасин Алексей Алексеевич,1,2012,2012
PERS_1130c736,Серебряный Сергей Дмитриевич,PERS_f8ab5755,Оранская Татьяна Иосифовна,2,2020,2022
PERS_1130c736,Серебряный Сергей Дмитриевич,PERS_f940c5b3,Стрелкова Гюзэль Владимировна,1,2021,2021
PERS_1130c736,Серебряный Сергей Дмитриевич,PERS_fb25c80f,Ермакова Татьяна Викторовна,1,2020,2020
PERS_11da326d,Тавастшерна Сергей Сергеевич,PERS_12125da9,Лысенко Виктория Георгиевна,3,2012,2021
PERS_11da326d,Тавастшерна Сергей Сергеевич,PERS_18fcab2a,Блиндерман Радха Тимуровна,1,2021,2021
PERS_11da326d,Тавастшерна Сергей Сергеевич,PERS_1a097e52,Парибок Андрей Всеволодович,3,2012,2026
PERS_11da326d,Тавастшерна Сергей Сергеевич,PERS_1c6fcce5,Кузина Елизавета Олеговна,2,2021,2021
PERS_11da326d,Тавастшерна Сергей Сергеевич,PERS_1dd32cc2,Кнауэр Фёдор Иванович,2,2011,2012
PERS_11da326d,Тавастшерна Сергей Сергеевич,PERS_1fa7cc0c,Дубянский Александр Михайлович,1,2019,2019
PERS_11da326d,Тавастшерна Сергей Сергеевич,PERS_22d87263,Костина Екатерина Александровна,1,2021,2021
PERS_11da326d,Тавастшерна Сергей Сергеевич,PERS_23215083,Русанов Максим Альбертович,2,2012,2019
PERS_11da326d,Тавастшерна Сергей Сергеевич,PERS_23abae7d,Пушкарева Юлия Георгиевна,1,2026,2026
PERS_11da326d,Тавастшерна Сергей Сергеевич,PERS_260a598a,Пахомов Сергей Владимирович,4,2019,2024
PERS_11da326d,Тавастшерна Сергей Сергеевич,PERS_28317057,Дубянская Татьяна Александровна,1,2019,2019
PERS_11da326d,Тавастшерна Сергей Сергеевич,PERS_287fe378,Рыбакова Анна Геннадьевна,3,2019,2026
PERS_11da326d,Тавастшерна Сергей Сергеевич,PERS_2a2e5602,Коровина Евгения Владимировна,3,2019,2026
PERS_11da326d,Тавастшерна Сергей Сергеевич,PERS_2fd442aa,Офертас Станислав Чеславович,2,2021,2024
PERS_11da326d,Тавастшерна Сергей Сергеевич,PERS_310b2911,Толчельников Иван Евгеньевич,1,2026,2026
PERS_11da326d,Тавастшерна Сергей Сергеевич,PERS_3195408b,Ратушный Данила Николаевич,1,2010,2010
PERS_11da326d,Тавастшерна Сергей Сергеевич,PERS_3357f25b,Скороходова Татьяна Григорьевна,3,2019,2026
PERS_11da326d,Тавастшерна Сергей Сергеевич,PERS_34c0d384,Павлова Мария Борисовна,1,2026,2026
PERS_11da326d,Тавастшерна Сергей Сергеевич,PERS_35c57654,Егорова Мария Александровна,1,2026,2026
PERS_11da326d,Тавастшерна Сергей Сергеевич,PERS_36dabb79,Гурия Анастасия Георгиевна,1,2024,2024
PERS_11da326d,Тавастшерна Сергей Сергеевич,PERS_377db63e,Седукова Надежда Александровна,1,2026,2026
PERS_11da326d,Тавастшерна Сергей Сергеевич,PERS_37c15317,Калина А. Э.,1,2010,2010
PERS_11da326d,Тавастшерна Сергей Сергеевич,PERS_37d557c2,Анисимова Дарья Дмитриевна,1,2026,2026
PERS_11da326d,Тавастшерна Сергей Сергеевич,PERS_37f98454,Рудой Валерий Исаакович,1,2010,2010
PERS_11da326d,Тавастшерна Сергей Сергеевич,PERS_3b196639,Гордийчук Николай Валентинович,3,2019,2021
PERS_11da326d,Тавастшерна Сергей Сергеевич,PERS_3c202afd,Крапивина Раиса Николаевна,1,2021,2021
PERS_11da326d,Тавастшерна Сергей Сергеевич,PERS_3c7d41ac,Фомин Максим Сергеевич,1,2021,2021
PERS_11da326d,Тавастшерна Сергей Сергеевич,PERS_3ccc9bd7,А. Солька,2,2021,2024
PERS_11da326d,Тавастшерна Сергей Сергеевич,PERS_3e105f43,Игнатьев Андрей Александрович,4,2010,2026
PERS_11da326d,Тавастшерна Сергей Сергеевич,PERS_41d6aa73,Воробьева Дарья Николаевна,1,2021,2021
PERS_11da326d,Тавастшерна Сергей Сергеевич,PERS_45a76880,Кораблин Денис Александрович,2,2021,2024
PERS_11da326d,Тавастшерна Сергей Сергеевич,PERS_45cebd8f,Минаев Иван Павлович,3,2019,2026
PERS_11da326d,Тавастшерна Сергей Сергеевич,PERS_467d4dbb,Клебанов Андрей Александрович,1,2021,2021
PERS_11da326d,Тавастшерна Сергей Сергеевич,PERS_48b3bec3,Ч. Санчай,3,2019,2026
PERS_11da326d,Тавастшерна Сергей Сергеевич,PERS_4fff9d16,Минаева Маргарита Денисовна,2,2024,2026
PERS_11da326d,Тавастшерна Сергей Сергеевич,PERS_50c46233,Маретина Ксения Александровна,1,2026,2026
PERS_11da326d,Тавастшерна Сергей Сергеевич,PERS_50d73711,Смирнитская Анна Александровна,2,2019,2021
PERS_11da326d,Тавастшерна Сергей Сергеевич,PERS_5228da95,Вертоградова Виктория Викторовна,4,2010,2024
PERS_11da326d,Тавастшерна Сергей Сергеевич,PERS_56508328,Десницкая Евгения Алексеевна,3,2019,2026
PERS_11da326d,Тавастшерна Сергей Сергеевич,PERS_587b08ec,Леонов Михаил Васильевич,3,2012,2026
PERS_11da326d,Тавастшерна Сергей Сергеевич,PERS_58b39545,Ренковская Евгения Алексеевна,4,2019,2026
PERS_11da326d,Тавастшерна Сергей Сергеевич,PERS_58e18506,Соколова Ирина Александровна,1,2026,2026
PERS_11da326d,Тавастшерна Сергей Сергеевич,PERS_5d34c947,Волошина Оксана Анатольевна,3,2019,2026
PERS_11da326d,Тавастшерна Сергей Сергеевич,PERS_5e2a5a5c,Столярова Екатерина Владимировна,1,2019,2019
PERS_11da326d,Тавастшерна Сергей Сергеевич,PERS_5ed752d9,Китинов Баатр Учаевич,2,2021,2024
PERS_11da326d,Тавастшерна Сергей Сергеевич,PERS_5f6689e8,Дмитриева Виктория Алексеевна,3,2012,2026
PERS_11da326d,Тавастшерна Сергей Сергеевич,PERS_5f6fa17b,Пахомова Александра Михайловна,2,2021,2024
PERS_11da326d,Тавастшерна Сергей Сергеевич,PERS_6578b52d,Тюлина Елена Владимировна,2,2021,2024
PERS_11da326d,Тавастшерна Сергей Сергеевич,PERS_6ae5c779,Фивейская Анастасия Васильевна,1,2021,2021
PERS_11da326d,Тавастшерна Сергей Сергеевич,PERS_6b06637e,Ильин Григорий Фёдорович,1,2012,2012
PERS_11da326d,Тавастшерна Сергей Сергеевич,PERS_6e211759,Иванов Владимир Павлович,3,2012,2026
PERS_11da326d,Тавастшерна Сергей Сергеевич,PERS_72506535,Крылова Анастасия Сергеевна,4,2019,2026
PERS_11da326d,Тавастшерна Сергей Сергеевич,PERS_72932969,Рерих Юрий Николаевич,2,2021,2024
PERS_11da326d,Тавастшерна Сергей Сергеевич,PERS_7542d270,Демченко Максим Борисович,3,2019,2026
PERS_11da326d,Тавастшерна Сергей Сергеевич,PERS_773647fc,Баранников Алексей Петрович,1,2012,2012
PERS_11da326d,Тавастшерна Сергей Сергеевич,PERS_7da0afff,Демичев Кирилл Андреевич,1,2010,2010
PERS_11da326d,Тавастшерна Сергей Сергеевич,PERS_7eb0dc30,Зимина Татьяна Александровна,1,2019,2019
PERS_11da326d,Тавастшерна Сергей Сергеевич,PERS_7f908d49,Стрельцова Лилия Александровна,1,2019,2019
PERS_11da326d,Тавастшерна Сергей Сергеевич,PERS_8108c314,Ерченков Олег Николаевич,1,2019,2019
PERS_11da326d,Тавастшерна Сергей Сергеевич,PERS_82364943,Миллер Всеволод Фёдорович,1,2012,2012
PERS_11da326d,Тавастшерна Сергей Сергеевич,PERS_829c1de5,Васильков Ярослав Владимирович,4,2012,2026
PERS_11da326d,Тавастшерна Сергей Сергеевич,PERS_8516d1e4,Гасунс Марцис Юрьевич,3,2019,2024
PERS_11da326d,Тавастшерна Сергей Сергеевич,PERS_8df3730a,Донченко Сергей Сергеевич,1,2019,2019
PERS_11da326d,Тавастшерна Сергей Сергеевич,PERS_8df81b6d,Лужинская Полина Александровна,1,2026,2026
PERS_11da326d,Тавастшерна Сергей Сергеевич,PERS_8e117242,Юдицкая Екатерина Алексеевна,3,2019,2021
PERS_11da326d,Тавастшерна Сергей Сергеевич,PERS_91b473b1,Челнокова Анна Витальевна,1,2026,2026
PERS_11da326d,Тавастшерна Сергей Сергеевич,PERS_92f41884,Касым Софья Васильевна,1,2026,2026
PERS_11da326d,Тавастшерна Сергей Сергеевич,PERS_9374fd12,Вырщиков Евгений Геннадьевич,2,2021,2024
PERS_11da326d,Тавастшерна Сергей Сергеевич,PERS_93e2effb,Комиссаров Дмитрий Алексеевич,2,2021,2026
PERS_11da326d,Тавастшерна Сергей Сергеевич,PERS_9a855a7b,Альбедиль Маргарита Федоровна,3,2019,2026
PERS_11da326d,Тавастшерна Сергей Сергеевич,PERS_9d99092c,Рыбаков Р. Б.,4,2011,2026
PERS_11da326d,Тавастшерна Сергей Сергеевич,PERS_9e9c9566,Лекарева Ева Павловна,1,2026,2026
PERS_11da326d,Тавастшерна Сергей Сергеевич,PERS_9f398436,Куликов Леонид Игоревич,3,2012,2026
PERS_11da326d,Тавастшерна Сергей Сергеевич,PERS_a0264ac5,Бурмистров Сергей Леонидович,3,2019,2026
PERS_11da326d,Тавастшерна Сергей Сергеевич,PERS_a0f3d86d,Сергеева Варвара Алексеевна,3,2010,2026
PERS_11da326d,Тавастшерна Сергей Сергеевич,PERS_a638a4b3,Федорова Наталья Леонидовна,1,2026,2026
PERS_11da326d,Тавастшерна Сергей Сергеевич,PERS_a84aedaa,Шомахмадов Сафарали Хайбуллоевич,2,2021,2026
PERS_11da326d,Тавастшерна Сергей Сергеевич,PERS_a8983673,Вигель Нарине Липаритовна,1,2024,2024
PERS_11da326d,Тавастшерна Сергей Сергеевич,PERS_a901d460,Фаградян Марина Александровна,2,2019,2026
PERS_11da326d,Тавастшерна Сергей Сергеевич,PERS_aa964a12,Самозванцев Андрей Михайлович,1,2012,2012
PERS_11da326d,Тавастшерна Сергей Сергеевич,PERS_ab6bf9e3,Смирнов Борис Леонидович,1,2012,2012
PERS_11da326d,Тавастшерна Сергей Сергеевич,PERS_b4cdbfb8,Эрман Владимир Гансович,1,2012,2012
PERS_11da326d,Тавастшерна Сергей Сергеевич,PERS_b62a9567,Курочкин Александр Юрьевич,1,2019,2019
PERS_11da326d,Тавастшерна Сергей Сергеевич,PERS_b76851a7,Митруев Бембя Леонидович,1,2021,2021
PERS_11da326d,Тавастшерна Сергей Сергеевич,PERS_b881461b,Яковлева Мария Николаевна,3,2012,2026
PERS_11da326d,Тавастшерна Сергей Сергеевич,PERS_bc97fb65,Краснодембская Нина Георгиевна,2,2019,2021
PERS_11da326d,Тавастшерна Сергей Сергеевич,PERS_bcaec2d8,Дружинин Владимир Юрьевич,1,2021,2021
PERS_11da326d,Тавастшерна Сергей Сергеевич,PERS_bd77e495,Корнеев Геннадий Батыревич,5,2019,2026
PERS_11da326d,Тавастшерна Сергей Сергеевич,PERS_c48611e0,Островская Елена Петровна,3,2010,2021
PERS_11da326d,Тавастшерна Сергей Сергеевич,PERS_c52dfaa0,Цветкова Светлана Олеговна,5,2019,2026
PERS_11da326d,Тавастшерна Сергей Сергеевич,PERS_c5677a3f,Зорин Алексей Валерьевич,2,2019,2021
PERS_11da326d,Тавастшерна Сергей Сергеевич,PERS_c6bbcef3,Битинайте Елена Алексеевна,1,2019,2019
PERS_11da326d,Тавастшерна Сергей Сергеевич,PERS_cb52ebc2,Лемешкина Ксения Вячеславовна,1,2026,2026
PERS_11da326d,Тавастшерна Сергей Сергеевич,PERS_ced3d7b4,Молина Анна Валерьевна,2,2024,2026
PERS_11da326d,Тавастшерна Сергей Сергеевич,PERS_cfb92c5f,Уланский Евгений Андреевич,2,2019,2021
PERS_11da326d,Тавастшерна Сергей Сергеевич,PERS_d01427ca,Бещук Юлия Владимировна,1,2026,2026
PERS_11da326d,Тавастшерна Сергей Сергеевич,PERS_d218805b,Крюкова Виктория Юрьевна,1,2019,2019
PERS_11da326d,Тавастшерна Сергей Сергеевич,PERS_d3c5382c,Попова Ирина Фёдоровна,3,2019,2026
PERS_11da326d,Тавастшерна Сергей Сергеевич,PERS_d98da899,Рыжакова Светлана Игоревна,3,2019,2026
PERS_11da326d,Тавастшерна Сергей Сергеевич,PERS_d9d69ac2,Петров Павел Яковлевич,1,2026,2026
PERS_11da326d,Тавастшерна Сергей Сергеевич,PERS_da862dde,Дробышев Юлий Игорьевич,2,2021,2024
PERS_11da326d,Тавастшерна Сергей Сергеевич,PERS_db046be0,Сабирова Римма Наилевна,3,2019,2026
PERS_11da326d,Тавастшерна Сергей Сергеевич,PERS_e1dd6b3e,Лидова Наталья Ростиславовна,4,2021,2026
PERS_11da326d,Тавастшерна Сергей Сергеевич,PERS_e31ca12d,Вечерина Ольга Павловна,3,2019,2021
PERS_11da326d,Тавастшерна Сергей Сергеевич,PERS_e5a5ac24,Невелева Светлана Леонидовна,1,2012,2012
PERS_11da326d,Тавастшерна Сергей Сергеевич,PERS_e72d4c09,Огнева Елена Дмитриевна,1,2021,2021
PERS_11da326d,Тавастшерна Сергей Сергеевич,PERS_e8396809,Вишну Шукла,1,2012,2012
PERS_11da326d,Тавастшерна Сергей Сергеевич,PERS_e9545a0b,Шустова Алла Михайловна,2,2021,2024
PERS_11da326d,Тавастшерна Сергей Сергеевич,PERS_ea44fd14,Люлина Анастасия Геннадьевна,2,2021,2024
PERS_11da326d,Тавастшерна Сергей Сергеевич,PERS_f19cd8a1,Котин Игорь Юрьевич,1,2026,2026
PERS_11da326d,Тавастшерна Сергей Сергеевич,PERS_f2fef030,Мехакян Арег Гайкович,2,2021,2021
PERS_11da326d,Тавастшерна Сергей Сергеевич,PERS_f56c5a7e,Жукова Любовь Евгеньевна,1,2010,2010
PERS_11da326d,Тавастшерна Сергей Сергеевич,PERS_f5b8b340,Вигасин Алексей Алексеевич,2,2012,2024
PERS_11da326d,Тавастшерна Сергей Сергеевич,PERS_f8ab5755,Оранская Татьяна Иосифовна,2,2019,2026
PERS_11da326d,Тавастшерна Сергей Сергеевич,PERS_fb25c80f,Ермакова Татьяна Викторовна,3,2019,2026
PERS_12125da9,Лысенко Виктория Георгиевна,PERS_18fcab2a,Блиндерман Радха Тимуровна,1,2021,2021
PERS_12125da9,Лысенко Виктория Георгиевна,PERS_1a097e52,Парибок Андрей Всеволодович,5,2012,2024
PERS_12125da9,Лысенко Виктория Георгиевна,PERS_1c6fcce5,Кузина Елизавета Олеговна,2,2020,2021
PERS_12125da9,Лысенко Виктория Георгиевна,PERS_1dd32cc2,Кнауэр Фёдор Иванович,1,2013,2013
PERS_12125da9,Лысенко Виктория Георгиевна,PERS_1fa7cc0c,Дубянский Александр Михайлович,3,2019,2021
PERS_12125da9,Лысенко Виктория Георгиевна,PERS_22d87263,Костина Екатерина Александровна,2,2020,2021
PERS_12125da9,Лысенко Виктория Георгиевна,PERS_23215083,Русанов Максим Альбертович,3,2012,2020
PERS_12125da9,Лысенко Виктория Георгиевна,PERS_260a598a,Пахомов Сергей Владимирович,4,2019,2024
PERS_12125da9,Лысенко Виктория Георгиевна,PERS_28317057,Дубянская Татьяна Александровна,4,2019,2024
PERS_12125da9,Лысенко Виктория Георгиевна,PERS_287fe378,Рыбакова Анна Геннадьевна,4,2019,2024
PERS_12125da9,Лысенко Виктория Георгиевна,PERS_2a2e5602,Коровина Евгения Владимировна,2,2019,2021
PERS_12125da9,Лысенко Виктория Георгиевна,PERS_310b2911,Толчельников Иван Евгеньевич,1,2024,2024
PERS_12125da9,Лысенко Виктория Георгиевна,PERS_3357f25b,Скороходова Татьяна Григорьевна,4,2019,2024
PERS_12125da9,Лысенко Виктория Георгиевна,PERS_34c0d384,Павлова Мария Борисовна,2,2007,2024
PERS_12125da9,Лысенко Виктория Георгиевна,PERS_37c15317,Калина А. Э.,1,2024,2024
PERS_12125da9,Лысенко Виктория Георгиевна,PERS_37f98454,Рудой Валерий Исаакович,1,2013,2013
PERS_12125da9,Лысенко Виктория Георгиевна,PERS_3b196639,Гордийчук Николай Валентинович,3,2019,2021
PERS_12125da9,Лысенко Виктория Георгиевна,PERS_3c202afd,Крапивина Раиса Николаевна,2,2024,2024
PERS_12125da9,Лысенко Виктория Георгиевна,PERS_3d22e8d4,Стрелков Андрей Михайлович,1,2024,2024
PERS_12125da9,Лысенко Виктория Георгиевна,PERS_3e105f43,Игнатьев Андрей Александрович,4,2019,2024
PERS_12125da9,Лысенко Виктория Георгиевна,PERS_3f406fe3,Кравцова Е. Р.,1,2024,2024
PERS_12125da9,Лысенко Виктория Георгиевна,PERS_41d6aa73,Воробьева Дарья Николаевна,1,2024,2024
PERS_12125da9,Лысенко Виктория Георгиевна,PERS_45cebd8f,Минаев Иван Павлович,3,2019,2024
PERS_12125da9,Лысенко Виктория Георгиевна,PERS_467d4dbb,Клебанов Андрей Александрович,1,2021,2021
PERS_12125da9,Лысенко Виктория Георгиевна,PERS_48b3bec3,Ч. Санчай,1,2019,2019
PERS_12125da9,Лысенко Виктория Георгиевна,PERS_4fff9d16,Минаева Маргарита Денисовна,1,2020,2020
PERS_12125da9,Лысенко Виктория Георгиевна,PERS_50c46233,Маретина Ксения Александровна,1,2024,2024
PERS_12125da9,Лысенко Виктория Георгиевна,PERS_50d73711,Смирнитская Анна Александровна,3,2019,2021
PERS_12125da9,Лысенко Виктория Георгиевна,PERS_5228da95,Вертоградова Виктория Викторовна,2,2012,2021
PERS_12125da9,Лысенко Виктория Георгиевна,PERS_56508328,Десницкая Евгения Алексеевна,4,2019,2024
PERS_12125da9,Лысенко Виктория Георгиевна,PERS_587b08ec,Леонов Михаил Васильевич,2,2012,2024
PERS_12125da9,Лысенко Виктория Георгиевна,PERS_58b39545,Ренковская Евгения Алексеевна,2,2019,2021
PERS_12125da9,Лысенко Виктория Георгиевна,PERS_5cae5a20,Щербатской Фёдор Ипполитович,2,2014,2025
PERS_12125da9,Лысенко Виктория Георгиевна,PERS_5d34c947,Волошина Оксана Анатольевна,3,2019,2021
PERS_12125da9,Лысенко Виктория Георгиевна,PERS_5d38cbae,Е. Н. Аникеева,1,2024,2024
PERS_12125da9,Лысенко Виктория Георгиевна,PERS_5e2a5a5c,Столярова Екатерина Владимировна,2,2019,2024
PERS_12125da9,Лысенко Виктория Георгиевна,PERS_5f6689e8,Дмитриева Виктория Алексеевна,2,2012,2014
PERS_12125da9,Лысенко Виктория Георгиевна,PERS_61202bf3,Алиханова Юлия Марковна,1,2021,2021
PERS_12125da9,Лысенко Виктория Георгиевна,PERS_68e9019d,Малютин Иван Иванович,1,2024,2024
PERS_12125da9,Лысенко Виктория Георгиевна,PERS_6ae5c779,Фивейская Анастасия Васильевна,2,2021,2024
PERS_12125da9,Лысенко Виктория Георгиевна,PERS_6b06637e,Ильин Григорий Фёдорович,2,2012,2014
PERS_12125da9,Лысенко Виктория Георгиевна,PERS_6b867946,Смирнова Екатерина Викторовна,3,2014,2025
PERS_12125da9,Лысенко Виктория Георгиевна,PERS_6e211759,Иванов Владимир Павлович,3,2012,2021
PERS_12125da9,Лысенко Виктория Георгиевна,PERS_72506535,Крылова Анастасия Сергеевна,3,2019,2024
PERS_12125da9,Лысенко Виктория Георгиевна,PERS_7542d270,Демченко Максим Борисович,4,2019,2024
PERS_12125da9,Лысенко Виктория Георгиевна,PERS_773647fc,Баранников Алексей Петрович,2,2012,2025
PERS_12125da9,Лысенко Виктория Георгиевна,PERS_7eb0dc30,Зимина Татьяна Александровна,2,2019,2020
PERS_12125da9,Лысенко Виктория Георгиевна,PERS_7f908d49,Стрельцова Лилия Александровна,2,2019,2024
PERS_12125da9,Лысенко Виктория Георгиевна,PERS_8108c314,Ерченков Олег Николаевич,3,2019,2024
PERS_12125da9,Лысенко Виктория Георгиевна,PERS_829c1de5,Васильков Ярослав Владимирович,5,2012,2024
PERS_12125da9,Лысенко Виктория Георгиевна,PERS_8516d1e4,Гасунс Марцис Юрьевич,7,2007,2024
PERS_12125da9,Лысенко Виктория Георгиевна,PERS_8df3730a,Донченко Сергей Сергеевич,2,2019,2024
PERS_12125da9,Лысенко Виктория Георгиевна,PERS_8df81b6d,Лужинская Полина Александровна,1,2024,2024
PERS_12125da9,Лысенко Виктория Георгиевна,PERS_8e117242,Юдицкая Екатерина Алексеевна,3,2019,2021
PERS_12125da9,Лысенко Виктория Георгиевна,PERS_91b473b1,Челнокова Анна Витальевна,1,2024,2024
PERS_12125da9,Лысенко Виктория Георгиевна,PERS_9366fe2c,Крыштоп Людмила Эдуардовна,3,2020,2025
PERS_12125da9,Лысенко Виктория Георгиевна,PERS_93e2effb,Комиссаров Дмитрий Алексеевич,2,2021,2024
PERS_12125da9,Лысенко Виктория Георгиевна,PERS_9a855a7b,Альбедиль Маргарита Федоровна,3,2019,2024
PERS_12125da9,Лысенко Виктория Георгиевна,PERS_9d99092c,Рыбаков Р. Б.,4,2019,2024
PERS_12125da9,Лысенко Виктория Георгиевна,PERS_9e9c9566,Лекарева Ева Павловна,1,2024,2024
PERS_12125da9,Лысенко Виктория Георгиевна,PERS_9f398436,Куликов Леонид Игоревич,2,2012,2020
PERS_12125da9,Лысенко Виктория Георгиевна,PERS_a0264ac5,Бурмистров Сергей Леонидович,3,2019,2024
PERS_12125da9,Лысенко Виктория Георгиевна,PERS_a0f3d86d,Сергеева Варвара Алексеевна,2,2012,2014
PERS_12125da9,Лысенко Виктория Георгиевна,PERS_a638a4b3,Федорова Наталья Леонидовна,1,2014,2014
PERS_12125da9,Лысенко Виктория Георгиевна,PERS_a84aedaa,Шомахмадов Сафарали Хайбуллоевич,1,2021,2021
PERS_12125da9,Лысенко Виктория Георгиевна,PERS_a901d460,Фаградян Марина Александровна,2,2007,2019
PERS_12125da9,Лысенко Виктория Георгиевна,PERS_aa964a12,Самозванцев Андрей Михайлович,2,2012,2021
PERS_12125da9,Лысенко Виктория Георгиевна,PERS_ab6bf9e3,Смирнов Борис Леонидович,4,2012,2025
PERS_12125da9,Лысенко Виктория Георгиевна,PERS_b4cdbfb8,Эрман Владимир Гансович,1,2012,2012
PERS_12125da9,Лысенко Виктория Георгиевна,PERS_b62a9567,Курочкин Александр Юрьевич,1,2019,2019
PERS_12125da9,Лысенко Виктория Георгиевна,PERS_b76851a7,Митруев Бембя Леонидович,1,2021,2021
PERS_12125da9,Лысенко Виктория Георгиевна,PERS_b881461b,Яковлева Мария Николаевна,4,2007,2019
PERS_12125da9,Лысенко Виктория Георгиевна,PERS_ba537782,М. И. Петрова,1,2007,2007
PERS_12125da9,Лысенко Виктория Георгиевна,PERS_bbd15f4f,Степин А. А.,1,2024,2024
PERS_12125da9,Лысенко Виктория Георгиевна,PERS_bc97fb65,Краснодембская Нина Георгиевна,4,2019,2024
PERS_12125da9,Лысенко Виктория Георгиевна,PERS_bcaec2d8,Дружинин Владимир Юрьевич,1,2021,2021
PERS_12125da9,Лысенко Виктория Георгиевна,PERS_bd77e495,Корнеев Геннадий Батыревич,4,2019,2024
PERS_12125da9,Лысенко Виктория Георгиевна,PERS_c48611e0,Островская Елена Петровна,5,2014,2024
PERS_12125da9,Лысенко Виктория Георгиевна,PERS_c52dfaa0,Цветкова Светлана Олеговна,2,2019,2021
PERS_12125da9,Лысенко Виктория Георгиевна,PERS_c5677a3f,Зорин Алексей Валерьевич,2,2019,2021
PERS_12125da9,Лысенко Виктория Георгиевна,PERS_c6bbcef3,Битинайте Елена Алексеевна,2,2019,2020
PERS_12125da9,Лысенко Виктория Георгиевна,PERS_cb52ebc2,Лемешкина Ксения Вячеславовна,2,2020,2024
PERS_12125da9,Лысенко Виктория Георгиевна,PERS_cd0d4845,Обермиллер Евгений Евгеньевич,1,2024,2024
PERS_12125da9,Лысенко Виктория Георгиевна,PERS_ced3d7b4,Молина Анна Валерьевна,1,2024,2024
PERS_12125da9,Лысенко Виктория Георгиевна,PERS_cfb92c5f,Уланский Евгений Андреевич,3,2019,2021
PERS_12125da9,Лысенко Виктория Георгиевна,PERS_d218805b,Крюкова Виктория Юрьевна,2,2019,2024
PERS_12125da9,Лысенко Виктория Георгиевна,PERS_d3c5382c,Попова Ирина Фёдоровна,4,2007,2025
PERS_12125da9,Лысенко Виктория Георгиевна,PERS_d98da899,Рыжакова Светлана Игоревна,4,2019,2024
PERS_12125da9,Лысенко Виктория Георгиевна,PERS_d9d69ac2,Петров Павел Яковлевич,1,2007,2007
PERS_12125da9,Лысенко Виктория Георгиевна,PERS_db046be0,Сабирова Римма Наилевна,3,2019,2021
PERS_12125da9,Лысенко Виктория Георгиевна,PERS_dfaf6803,Борисов Яков Александрович,1,2025,2025
PERS_12125da9,Лысенко Виктория Георгиевна,PERS_e1dd6b3e,Лидова Наталья Ростиславовна,2,2021,2024
PERS_12125da9,Лысенко Виктория Георгиевна,PERS_e31ca12d,Вечерина Ольга Павловна,3,2019,2021
PERS_12125da9,Лысенко Виктория Георгиевна,PERS_e5a5ac24,Невелева Светлана Леонидовна,2,2012,2021
PERS_12125da9,Лысенко Виктория Георгиевна,PERS_f2fef030,Мехакян Арег Гайкович,1,2021,2021
PERS_12125da9,Лысенко Виктория Георгиевна,PERS_f56c5a7e,Жукова Любовь Евгеньевна,1,2024,2024
PERS_12125da9,Лысенко Виктория Георгиевна,PERS_f5b8b340,Вигасин Алексей Алексеевич,2,2012,2021
PERS_12125da9,Лысенко Виктория Георгиевна,PERS_f8ab5755,Оранская Татьяна Иосифовна,4,2019,2024
PERS_12125da9,Лысенко Виктория Георгиевна,PERS_f940c5b3,Стрелкова Гюзэль Владимировна,1,2024,2024
PERS_12125da9,Лысенко Виктория Георгиевна,PERS_fb25c80f,Ермакова Татьяна Викторовна,4,2019,2024
PERS_18fcab2a,Блиндерман Радха Тимуровна,PERS_1a097e52,Парибок Андрей Всеволодович,1,2021,2021
PERS_18fcab2a,Блиндерман Радха Тимуровна,PERS_1c6fcce5,Кузина Елизавета Олеговна,1,2021,2021
PERS_18fcab2a,Блиндерман Радха Тимуровна,PERS_22d87263,Костина Екатерина Александровна,1,2021,2021
PERS_18fcab2a,Блиндерман Радха Тимуровна,PERS_260a598a,Пахомов Сергей Владимирович,1,2021,2021
PERS_18fcab2a,Блиндерман Радха Тимуровна,PERS_287fe378,Рыбакова Анна Геннадьевна,1,2021,2021
PERS_18fcab2a,Блиндерман Радха Тимуровна,PERS_2a2e5602,Коровина Евгения Владимировна,1,2021,2021
PERS_18fcab2a,Блиндерман Радха Тимуровна,PERS_3357f25b,Скороходова Татьяна Григорьевна,1,2021,2021
PERS_18fcab2a,Блиндерман Радха Тимуровна,PERS_3b196639,Гордийчук Николай Валентинович,1,2021,2021
PERS_18fcab2a,Блиндерман Радха Тимуровна,PERS_3e105f43,Игнатьев Андрей Александрович,1,2021,2021
PERS_18fcab2a,Блиндерман Радха Тимуровна,PERS_467d4dbb,Клебанов Андрей Александрович,1,2021,2021
PERS_18fcab2a,Блиндерман Радха Тимуровна,PERS_50d73711,Смирнитская Анна Александровна,1,2021,2021
PERS_18fcab2a,Блиндерман Радха Тимуровна,PERS_56508328,Десницкая Евгения Алексеевна,1,2021,2021
PERS_18fcab2a,Блиндерман Радха Тимуровна,PERS_58b39545,Ренковская Евгения Алексеевна,1,2021,2021
PERS_18fcab2a,Блиндерман Радха Тимуровна,PERS_5cae5a20,Щербатской Фёдор Ипполитович,1,2013,2013
PERS_18fcab2a,Блиндерман Радха Тимуровна,PERS_5d34c947,Волошина Оксана Анатольевна,1,2021,2021
PERS_18fcab2a,Блиндерман Радха Тимуровна,PERS_6ae5c779,Фивейская Анастасия Васильевна,1,2021,2021
PERS_18fcab2a,Блиндерман Радха Тимуровна,PERS_6e211759,Иванов Владимир Павлович,1,2021,2021
PERS_18fcab2a,Блиндерман Радха Тимуровна,PERS_72506535,Крылова Анастасия Сергеевна,1,2021,2021
PERS_18fcab2a,Блиндерман Радха Тимуровна,PERS_7542d270,Демченко Максим Борисович,1,2021,2021
PERS_18fcab2a,Блиндерман Радха Тимуровна,PERS_82364943,Миллер Всеволод Фёдорович,1,2013,2013
PERS_18fcab2a,Блиндерман Радха Тимуровна,PERS_829c1de5,Васильков Ярослав Владимирович,1,2021,2021
PERS_18fcab2a,Блиндерман Радха Тимуровна,PERS_8516d1e4,Гасунс Марцис Юрьевич,4,2020,2021
PERS_18fcab2a,Блиндерман Радха Тимуровна,PERS_8e117242,Юдицкая Екатерина Алексеевна,1,2021,2021
PERS_18fcab2a,Блиндерман Радха Тимуровна,PERS_93e2effb,Комиссаров Дмитрий Алексеевич,1,2021,2021
PERS_18fcab2a,Блиндерман Радха Тимуровна,PERS_9a855a7b,Альбедиль Маргарита Федоровна,1,2021,2021
PERS_18fcab2a,Блиндерман Радха Тимуровна,PERS_9d99092c,Рыбаков Р. Б.,1,2021,2021
PERS_18fcab2a,Блиндерман Радха Тимуровна,PERS_a0264ac5,Бурмистров Сергей Леонидович,1,2021,2021
PERS_18fcab2a,Блиндерман Радха Тимуровна,PERS_a84aedaa,Шомахмадов Сафарали Хайбуллоевич,1,2021,2021
PERS_18fcab2a,Блиндерман Радха Тимуровна,PERS_b4cdbfb8,Эрман Владимир Гансович,1,2013,2013
PERS_18fcab2a,Блиндерман Радха Тимуровна,PERS_b76851a7,Митруев Бембя Леонидович,1,2021,2021
PERS_18fcab2a,Блиндерман Радха Тимуровна,PERS_bc97fb65,Краснодембская Нина Георгиевна,1,2021,2021
PERS_18fcab2a,Блиндерман Радха Тимуровна,PERS_bcaec2d8,Дружинин Владимир Юрьевич,1,2021,2021
PERS_18fcab2a,Блиндерман Радха Тимуровна,PERS_bd77e495,Корнеев Геннадий Батыревич,1,2021,2021
PERS_18fcab2a,Блиндерман Радха Тимуровна,PERS_c48611e0,Островская Елена Петровна,1,2021,2021
PERS_18fcab2a,Блиндерман Радха Тимуровна,PERS_c52dfaa0,Цветкова Светлана Олеговна,1,2021,2021
PERS_18fcab2a,Блиндерман Радха Тимуровна,PERS_c5677a3f,Зорин Алексей Валерьевич,1,2021,2021
PERS_18fcab2a,Блиндерман Радха Тимуровна,PERS_cfb92c5f,Уланский Евгений Андреевич,1,2021,2021
PERS_18fcab2a,Блиндерман Радха Тимуровна,PERS_d3c5382c,Попова Ирина Фёдоровна,1,2021,2021
PERS_18fcab2a,Блиндерман Радха Тимуровна,PERS_d98da899,Рыжакова Светлана Игоревна,1,2021,2021
PERS_18fcab2a,Блиндерман Радха Тимуровна,PERS_db046be0,Сабирова Римма Наилевна,1,2021,2021
PERS_18fcab2a,Блиндерман Радха Тимуровна,PERS_e1dd6b3e,Лидова Наталья Ростиславовна,1,2021,2021
PERS_18fcab2a,Блиндерман Радха Тимуровна,PERS_e31ca12d,Вечерина Ольга Павловна,1,2021,2021
PERS_18fcab2a,Блиндерман Радха Тимуровна,PERS_f2fef030,Мехакян Арег Гайкович,1,2021,2021
PERS_18fcab2a,Блиндерман Радха Тимуровна,PERS_f5a69b65,Кройцер Светлана Александровна,1,2022,2022
PERS_18fcab2a,Блиндерман Радха Тимуровна,PERS_fb25c80f,Ермакова Татьяна Викторовна,1,2021,2021
PERS_1a097e52,Парибок Андрей Всеволодович,PERS_1c6fcce5,Кузина Елизавета Олеговна,3,2020,2021
PERS_1a097e52,Парибок Андрей Всеволодович,PERS_1dd32cc2,Кнауэр Фёдор Иванович,1,2013,2013
PERS_1a097e52,Парибок Андрей Всеволодович,PERS_1fa7cc0c,Дубянский Александр Михайлович,2,2020,2021
PERS_1a097e52,Парибок Андрей Всеволодович,PERS_22d87263,Костина Екатерина Александровна,3,2020,2025
PERS_1a097e52,Парибок Андрей Всеволодович,PERS_23215083,Русанов Максим Альбертович,2,2012,2020
PERS_1a097e52,Парибок Андрей Всеволодович,PERS_23abae7d,Пушкарева Юлия Георгиевна,2,2025,2026
PERS_1a097e52,Парибок Андрей Всеволодович,PERS_260a598a,Пахомов Сергей Владимирович,5,2020,2026
PERS_1a097e52,Парибок Андрей Всеволодович,PERS_28317057,Дубянская Татьяна Александровна,3,2020,2024
PERS_1a097e52,Парибок Андрей Всеволодович,PERS_287fe378,Рыбакова Анна Геннадьевна,4,2020,2026
PERS_1a097e52,Парибок Андрей Всеволодович,PERS_2a2e5602,Коровина Евгения Владимировна,2,2021,2026
PERS_1a097e52,Парибок Андрей Всеволодович,PERS_2c40b9b1,Гуров Никита Владимирович,1,2021,2021
PERS_1a097e52,Парибок Андрей Всеволодович,PERS_310b2911,Толчельников Иван Евгеньевич,3,2024,2026
PERS_1a097e52,Парибок Андрей Всеволодович,PERS_3357f25b,Скороходова Татьяна Григорьевна,4,2020,2026
PERS_1a097e52,Парибок Андрей Всеволодович,PERS_34c0d384,Павлова Мария Борисовна,4,2021,2026
PERS_1a097e52,Парибок Андрей Всеволодович,PERS_35c57654,Егорова Мария Александровна,1,2026,2026
PERS_1a097e52,Парибок Андрей Всеволодович,PERS_36dabb79,Гурия Анастасия Георгиевна,1,2021,2021
PERS_1a097e52,Парибок Андрей Всеволодович,PERS_377db63e,Седукова Надежда Александровна,1,2026,2026
PERS_1a097e52,Парибок Андрей Всеволодович,PERS_37c15317,Калина А. Э.,1,2024,2024
PERS_1a097e52,Парибок Андрей Всеволодович,PERS_37d557c2,Анисимова Дарья Дмитриевна,1,2026,2026
PERS_1a097e52,Парибок Андрей Всеволодович,PERS_37f98454,Рудой Валерий Исаакович,1,2013,2013
PERS_1a097e52,Парибок Андрей Всеволодович,PERS_3b196639,Гордийчук Николай Валентинович,3,2020,2021
PERS_1a097e52,Парибок Андрей Всеволодович,PERS_3c202afd,Крапивина Раиса Николаевна,1,2024,2024
PERS_1a097e52,Парибок Андрей Всеволодович,PERS_3d22e8d4,Стрелков Андрей Михайлович,2,2021,2024
PERS_1a097e52,Парибок Андрей Всеволодович,PERS_3e105f43,Игнатьев Андрей Александрович,5,2020,2026
PERS_1a097e52,Парибок Андрей Всеволодович,PERS_3e952361,Хохлов Александр Николаевич,1,2021,2021
PERS_1a097e52,Парибок Андрей Всеволодович,PERS_3f406fe3,Кравцова Е. Р.,1,2024,2024
PERS_1a097e52,Парибок Андрей Всеволодович,PERS_41d6aa73,Воробьева Дарья Николаевна,3,2021,2025
PERS_1a097e52,Парибок Андрей Всеволодович,PERS_45cebd8f,Минаев Иван Павлович,3,2020,2026
PERS_1a097e52,Парибок Андрей Всеволодович,PERS_467d4dbb,Клебанов Андрей Александрович,2,2021,2025
PERS_1a097e52,Парибок Андрей Всеволодович,PERS_48b3bec3,Ч. Санчай,1,2026,2026
PERS_1a097e52,Парибок Андрей Всеволодович,PERS_4fff9d16,Минаева Маргарита Денисовна,2,2020,2026
PERS_1a097e52,Парибок Андрей Всеволодович,PERS_50c46233,Маретина Ксения Александровна,3,2021,2026
PERS_1a097e52,Парибок Андрей Всеволодович,PERS_50d73711,Смирнитская Анна Александровна,3,2020,2021
PERS_1a097e52,Парибок Андрей Всеволодович,PERS_5228da95,Вертоградова Виктория Викторовна,1,2012,2012
PERS_1a097e52,Парибок Андрей Всеволодович,PERS_56508328,Десницкая Евгения Алексеевна,5,2020,2026
PERS_1a097e52,Парибок Андрей Всеволодович,PERS_587b08ec,Леонов Михаил Васильевич,7,2012,2026
PERS_1a097e52,Парибок Андрей Всеволодович,PERS_58b39545,Ренковская Евгения Алексеевна,3,2021,2026
PERS_1a097e52,Парибок Андрей Всеволодович,PERS_58e18506,Соколова Ирина Александровна,1,2026,2026
PERS_1a097e52,Парибок Андрей Всеволодович,PERS_5d34c947,Волошина Оксана Анатольевна,4,2020,2026
PERS_1a097e52,Парибок Андрей Всеволодович,PERS_5e2a5a5c,Столярова Екатерина Владимировна,1,2024,2024
PERS_1a097e52,Парибок Андрей Всеволодович,PERS_5f6689e8,Дмитриева Виктория Алексеевна,2,2012,2026
PERS_1a097e52,Парибок Андрей Всеволодович,PERS_5f6fa17b,Пахомова Александра Михайловна,2,2021,2026
PERS_1a097e52,Парибок Андрей Всеволодович,PERS_68e9019d,Малютин Иван Иванович,1,2024,2024
PERS_1a097e52,Парибок Андрей Всеволодович,PERS_69750b7c,Мазурина Валентина Николаевна,1,2021,2021
PERS_1a097e52,Парибок Андрей Всеволодович,PERS_6a84adb8,Макаев Энвер Ахмедович,1,2021,2021
PERS_1a097e52,Парибок Андрей Всеволодович,PERS_6ae5c779,Фивейская Анастасия Васильевна,3,2021,2024
PERS_1a097e52,Парибок Андрей Всеволодович,PERS_6b06637e,Ильин Григорий Фёдорович,1,2012,2012
PERS_1a097e52,Парибок Андрей Всеволодович,PERS_6b867946,Смирнова Екатерина Викторовна,2,2014,2021
PERS_1a097e52,Парибок Андрей Всеволодович,PERS_6e211759,Иванов Владимир Павлович,5,2012,2026
PERS_1a097e52,Парибок Андрей Всеволодович,PERS_72506535,Крылова Анастасия Сергеевна,4,2021,2026
PERS_1a097e52,Парибок Андрей Всеволодович,PERS_72932969,Рерих Юрий Николаевич,1,2014,2014
PERS_1a097e52,Парибок Андрей Всеволодович,PERS_7542d270,Демченко Максим Борисович,5,2020,2026
PERS_1a097e52,Парибок Андрей Всеволодович,PERS_773647fc,Баранников Алексей Петрович,1,2012,2012
PERS_1a097e52,Парибок Андрей Всеволодович,PERS_7eb0dc30,Зимина Татьяна Александровна,1,2020,2020
PERS_1a097e52,Парибок Андрей Всеволодович,PERS_7f908d49,Стрельцова Лилия Александровна,2,2021,2024
PERS_1a097e52,Парибок Андрей Всеволодович,PERS_8108c314,Ерченков Олег Николаевич,2,2020,2024
PERS_1a097e52,Парибок Андрей Всеволодович,PERS_829c1de5,Васильков Ярослав Владимирович,7,2012,2026
PERS_1a097e52,Парибок Андрей Всеволодович,PERS_8516d1e4,Гасунс Марцис Юрьевич,9,2013,2025
PERS_1a097e52,Парибок Андрей Всеволодович,PERS_8df3730a,Донченко Сергей Сергеевич,1,2024,2024
PERS_1a097e52,Парибок Андрей Всеволодович,PERS_8df81b6d,Лужинская Полина Александровна,2,2024,2026
PERS_1a097e52,Парибок Андрей Всеволодович,PERS_8e117242,Юдицкая Екатерина Алексеевна,2,2020,2021
PERS_1a097e52,Парибок Андрей Всеволодович,PERS_91b473b1,Челнокова Анна Витальевна,3,2021,2026
PERS_1a097e52,Парибок Андрей Всеволодович,PERS_92f41884,Касым Софья Васильевна,1,2026,2026
PERS_1a097e52,Парибок Андрей Всеволодович,PERS_9366fe2c,Крыштоп Людмила Эдуардовна,2,2020,2021
PERS_1a097e52,Парибок Андрей Всеволодович,PERS_93e2effb,Комиссаров Дмитрий Алексеевич,3,2021,2026
PERS_1a097e52,Парибок Андрей Всеволодович,PERS_9a855a7b,Альбедиль Маргарита Федоровна,3,2021,2026
PERS_1a097e52,Парибок Андрей Всеволодович,PERS_9d99092c,Рыбаков Р. Б.,4,2020,2026
PERS_1a097e52,Парибок Андрей Всеволодович,PERS_9e9c9566,Лекарева Ева Павловна,3,2021,2026
PERS_1a097e52,Парибок Андрей Всеволодович,PERS_9f398436,Куликов Леонид Игоревич,4,2012,2026
PERS_1a097e52,Парибок Андрей Всеволодович,PERS_a0264ac5,Бурмистров Сергей Леонидович,4,2021,2026
PERS_1a097e52,Парибок Андрей Всеволодович,PERS_a0f3d86d,Сергеева Варвара Алексеевна,4,2012,2026
PERS_1a097e52,Парибок Андрей Всеволодович,PERS_a638a4b3,Федорова Наталья Леонидовна,2,2025,2026
PERS_1a097e52,Парибок Андрей Всеволодович,PERS_a84aedaa,Шомахмадов Сафарали Хайбуллоевич,2,2021,2026
PERS_1a097e52,Парибок Андрей Всеволодович,PERS_a901d460,Фаградян Марина Александровна,2,2021,2026
PERS_1a097e52,Парибок Андрей Всеволодович,PERS_aa964a12,Самозванцев Андрей Михайлович,1,2012,2012
PERS_1a097e52,Парибок Андрей Всеволодович,PERS_ab6bf9e3,Смирнов Борис Леонидович,3,2012,2021
PERS_1a097e52,Парибок Андрей Всеволодович,PERS_b4cdbfb8,Эрман Владимир Гансович,2,2012,2025
PERS_1a097e52,Парибок Андрей Всеволодович,PERS_b76851a7,Митруев Бембя Леонидович,1,2021,2021
PERS_1a097e52,Парибок Андрей Всеволодович,PERS_b881461b,Яковлева Мария Николаевна,3,2012,2026
PERS_1a097e52,Парибок Андрей Всеволодович,PERS_ba537782,М. И. Петрова,1,2021,2021
PERS_1a097e52,Парибок Андрей Всеволодович,PERS_bbd15f4f,Степин А. А.,1,2024,2024
PERS_1a097e52,Парибок Андрей Всеволодович,PERS_bc97fb65,Краснодембская Нина Георгиевна,3,2020,2024
PERS_1a097e52,Парибок Андрей Всеволодович,PERS_bcaec2d8,Дружинин Владимир Юрьевич,2,2021,2025
PERS_1a097e52,Парибок Андрей Всеволодович,PERS_bd77e495,Корнеев Геннадий Батыревич,4,2020,2026
PERS_1a097e52,Парибок Андрей Всеволодович,PERS_c48611e0,Островская Елена Петровна,5,2020,2025
PERS_1a097e52,Парибок Андрей Всеволодович,PERS_c52dfaa0,Цветкова Светлана Олеговна,2,2021,2026
PERS_1a097e52,Парибок Андрей Всеволодович,PERS_c5677a3f,Зорин Алексей Валерьевич,1,2021,2021
PERS_1a097e52,Парибок Андрей Всеволодович,PERS_c6bbcef3,Битинайте Елена Алексеевна,1,2020,2020
PERS_1a097e52,Парибок Андрей Всеволодович,PERS_cb52ebc2,Лемешкина Ксения Вячеславовна,3,2020,2026
PERS_1a097e52,Парибок Андрей Всеволодович,PERS_cd0d4845,Обермиллер Евгений Евгеньевич,1,2024,2024
PERS_1a097e52,Парибок Андрей Всеволодович,PERS_ced3d7b4,Молина Анна Валерьевна,2,2024,2026
PERS_1a097e52,Парибок Андрей Всеволодович,PERS_cfb92c5f,Уланский Евгений Андреевич,2,2020,2021
PERS_1a097e52,Парибок Андрей Всеволодович,PERS_d01427ca,Бещук Юлия Владимировна,1,2026,2026
PERS_1a097e52,Парибок Андрей Всеволодович,PERS_d218805b,Крюкова Виктория Юрьевна,1,2024,2024
PERS_1a097e52,Парибок Андрей Всеволодович,PERS_d3c5382c,Попова Ирина Фёдоровна,3,2021,2026
PERS_1a097e52,Парибок Андрей Всеволодович,PERS_d98da899,Рыжакова Светлана Игоревна,5,2020,2026
PERS_1a097e52,Парибок Андрей Всеволодович,PERS_d9d69ac2,Петров Павел Яковлевич,1,2026,2026
PERS_1a097e52,Парибок Андрей Всеволодович,PERS_db046be0,Сабирова Римма Наилевна,4,2020,2026
PERS_1a097e52,Парибок Андрей Всеволодович,PERS_e1dd6b3e,Лидова Наталья Ростиславовна,4,2021,2026
PERS_1a097e52,Парибок Андрей Всеволодович,PERS_e31ca12d,Вечерина Ольга Павловна,3,2020,2021
PERS_1a097e52,Парибок Андрей Всеволодович,PERS_e5a5ac24,Невелева Светлана Леонидовна,1,2012,2012
PERS_1a097e52,Парибок Андрей Всеволодович,PERS_e8396809,Вишну Шукла,1,2014,2014
PERS_1a097e52,Парибок Андрей Всеволодович,PERS_ebc1c3c2,Лундышева Ольга Владимировна,2,2025,2026
PERS_1a097e52,Парибок Андрей Всеволодович,PERS_f19cd8a1,Котин Игорь Юрьевич,1,2026,2026
PERS_1a097e52,Парибок Андрей Всеволодович,PERS_f2fef030,Мехакян Арег Гайкович,1,2021,2021
PERS_1a097e52,Парибок Андрей Всеволодович,PERS_f56c5a7e,Жукова Любовь Евгеньевна,3,2014,2024
PERS_1a097e52,Парибок Андрей Всеволодович,PERS_f5a69b65,Кройцер Светлана Александровна,1,2025,2025
PERS_1a097e52,Парибок Андрей Всеволодович,PERS_f5b8b340,Вигасин Алексей Алексеевич,1,2012,2012
PERS_1a097e52,Парибок Андрей Всеволодович,PERS_f8ab5755,Оранская Татьяна Иосифовна,4,2020,2026
PERS_1a097e52,Парибок Андрей Всеволодович,PERS_f940c5b3,Стрелкова Гюзэль Владимировна,2,2021,2024
PERS_1a097e52,Парибок Андрей Всеволодович,PERS_fb25c80f,Ермакова Татьяна Викторовна,5,2020,2026
PERS_1c6fcce5,Кузина Елизавета Олеговна,PERS_1fa7cc0c,Дубянский Александр Михайлович,2,2020,2021
PERS_1c6fcce5,Кузина Елизавета Олеговна,PERS_22d87263,Костина Екатерина Александровна,2,2020,2021
PERS_1c6fcce5,Кузина Елизавета Олеговна,PERS_23215083,Русанов Максим Альбертович,1,2020,2020
PERS_1c6fcce5,Кузина Елизавета Олеговна,PERS_260a598a,Пахомов Сергей Владимирович,4,2020,2021
PERS_1c6fcce5,Кузина Елизавета Олеговна,PERS_28317057,Дубянская Татьяна Александровна,2,2020,2021
PERS_1c6fcce5,Кузина Елизавета Олеговна,PERS_287fe378,Рыбакова Анна Геннадьевна,2,2020,2021
PERS_1c6fcce5,Кузина Елизавета Олеговна,PERS_2a2e5602,Коровина Евгения Владимировна,1,2021,2021
PERS_1c6fcce5,Кузина Елизавета Олеговна,PERS_2c40b9b1,Гуров Никита Владимирович,2,2021,2024
PERS_1c6fcce5,Кузина Елизавета Олеговна,PERS_2fd442aa,Офертас Станислав Чеславович,1,2021,2021
PERS_1c6fcce5,Кузина Елизавета Олеговна,PERS_3357f25b,Скороходова Татьяна Григорьевна,2,2020,2021
PERS_1c6fcce5,Кузина Елизавета Олеговна,PERS_34c0d384,Павлова Мария Борисовна,1,2021,2021
PERS_1c6fcce5,Кузина Елизавета Олеговна,PERS_36dabb79,Гурия Анастасия Георгиевна,1,2021,2021
PERS_1c6fcce5,Кузина Елизавета Олеговна,PERS_3b196639,Гордийчук Николай Валентинович,4,2020,2021
PERS_1c6fcce5,Кузина Елизавета Олеговна,PERS_3c202afd,Крапивина Раиса Николаевна,1,2021,2021
PERS_1c6fcce5,Кузина Елизавета Олеговна,PERS_3c7d41ac,Фомин Максим Сергеевич,1,2021,2021
PERS_1c6fcce5,Кузина Елизавета Олеговна,PERS_3ccc9bd7,А. Солька,1,2021,2021
PERS_1c6fcce5,Кузина Елизавета Олеговна,PERS_3d22e8d4,Стрелков Андрей Михайлович,1,2021,2021
PERS_1c6fcce5,Кузина Елизавета Олеговна,PERS_3e105f43,Игнатьев Андрей Александрович,2,2020,2021
PERS_1c6fcce5,Кузина Елизавета Олеговна,PERS_3e952361,Хохлов Александр Николаевич,1,2021,2021
PERS_1c6fcce5,Кузина Елизавета Олеговна,PERS_41d6aa73,Воробьева Дарья Николаевна,2,2021,2021
PERS_1c6fcce5,Кузина Елизавета Олеговна,PERS_45a76880,Кораблин Денис Александрович,1,2021,2021
PERS_1c6fcce5,Кузина Елизавета Олеговна,PERS_45cebd8f,Минаев Иван Павлович,1,2020,2020
PERS_1c6fcce5,Кузина Елизавета Олеговна,PERS_467d4dbb,Клебанов Андрей Александрович,1,2021,2021
PERS_1c6fcce5,Кузина Елизавета Олеговна,PERS_4fff9d16,Минаева Маргарита Денисовна,1,2020,2020
PERS_1c6fcce5,Кузина Елизавета Олеговна,PERS_50c46233,Маретина Ксения Александровна,1,2021,2021
PERS_1c6fcce5,Кузина Елизавета Олеговна,PERS_50d73711,Смирнитская Анна Александровна,3,2020,2021
PERS_1c6fcce5,Кузина Елизавета Олеговна,PERS_5228da95,Вертоградова Виктория Викторовна,1,2021,2021
PERS_1c6fcce5,Кузина Елизавета Олеговна,PERS_56508328,Десницкая Евгения Алексеевна,3,2020,2021
PERS_1c6fcce5,Кузина Елизавета Олеговна,PERS_587b08ec,Леонов Михаил Васильевич,1,2021,2021
PERS_1c6fcce5,Кузина Елизавета Олеговна,PERS_58b39545,Ренковская Евгения Алексеевна,3,2021,2021
PERS_1c6fcce5,Кузина Елизавета Олеговна,PERS_5d34c947,Волошина Оксана Анатольевна,2,2020,2021
PERS_1c6fcce5,Кузина Елизавета Олеговна,PERS_5ed752d9,Китинов Баатр Учаевич,1,2021,2021
PERS_1c6fcce5,Кузина Елизавета Олеговна,PERS_5f6fa17b,Пахомова Александра Михайловна,2,2021,2021
PERS_1c6fcce5,Кузина Елизавета Олеговна,PERS_6578b52d,Тюлина Елена Владимировна,1,2021,2021
PERS_1c6fcce5,Кузина Елизавета Олеговна,PERS_69750b7c,Мазурина Валентина Николаевна,1,2021,2021
PERS_1c6fcce5,Кузина Елизавета Олеговна,PERS_6a84adb8,Макаев Энвер Ахмедович,1,2021,2021
PERS_1c6fcce5,Кузина Елизавета Олеговна,PERS_6ae5c779,Фивейская Анастасия Васильевна,2,2021,2021
PERS_1c6fcce5,Кузина Елизавета Олеговна,PERS_6b867946,Смирнова Екатерина Викторовна,1,2021,2021
PERS_1c6fcce5,Кузина Елизавета Олеговна,PERS_6e211759,Иванов Владимир Павлович,1,2021,2021
PERS_1c6fcce5,Кузина Елизавета Олеговна,PERS_72506535,Крылова Анастасия Сергеевна,3,2021,2021
PERS_1c6fcce5,Кузина Елизавета Олеговна,PERS_72932969,Рерих Юрий Николаевич,1,2021,2021
PERS_1c6fcce5,Кузина Елизавета Олеговна,PERS_7542d270,Демченко Максим Борисович,2,2020,2021
PERS_1c6fcce5,Кузина Елизавета Олеговна,PERS_7eb0dc30,Зимина Татьяна Александровна,1,2020,2020
PERS_1c6fcce5,Кузина Елизавета Олеговна,PERS_7f908d49,Стрельцова Лилия Александровна,1,2021,2021
PERS_1c6fcce5,Кузина Елизавета Олеговна,PERS_8108c314,Ерченков Олег Николаевич,1,2020,2020
PERS_1c6fcce5,Кузина Елизавета Олеговна,PERS_829c1de5,Васильков Ярослав Владимирович,3,2020,2021
PERS_1c6fcce5,Кузина Елизавета Олеговна,PERS_8516d1e4,Гасунс Марцис Юрьевич,3,2020,2021
PERS_1c6fcce5,Кузина Елизавета Олеговна,PERS_8e117242,Юдицкая Екатерина Алексеевна,3,2020,2021
PERS_1c6fcce5,Кузина Елизавета Олеговна,PERS_91b473b1,Челнокова Анна Витальевна,1,2021,2021
PERS_1c6fcce5,Кузина Елизавета Олеговна,PERS_9366fe2c,Крыштоп Людмила Эдуардовна,2,2020,2021
PERS_1c6fcce5,Кузина Елизавета Олеговна,PERS_9374fd12,Вырщиков Евгений Геннадьевич,1,2021,2021
PERS_1c6fcce5,Кузина Елизавета Олеговна,PERS_93e2effb,Комиссаров Дмитрий Алексеевич,1,2021,2021
PERS_1c6fcce5,Кузина Елизавета Олеговна,PERS_9a855a7b,Альбедиль Маргарита Федоровна,1,2021,2021
PERS_1c6fcce5,Кузина Елизавета Олеговна,PERS_9d99092c,Рыбаков Р. Б.,2,2020,2021
PERS_1c6fcce5,Кузина Елизавета Олеговна,PERS_9e9c9566,Лекарева Ева Павловна,1,2021,2021
PERS_1c6fcce5,Кузина Елизавета Олеговна,PERS_9f398436,Куликов Леонид Игоревич,3,2020,2021
PERS_1c6fcce5,Кузина Елизавета Олеговна,PERS_a0264ac5,Бурмистров Сергей Леонидович,2,2021,2021
PERS_1c6fcce5,Кузина Елизавета Олеговна,PERS_a84aedaa,Шомахмадов Сафарали Хайбуллоевич,1,2021,2021
PERS_1c6fcce5,Кузина Елизавета Олеговна,PERS_a901d460,Фаградян Марина Александровна,2,2021,2024
PERS_1c6fcce5,Кузина Елизавета Олеговна,PERS_ab6bf9e3,Смирнов Борис Леонидович,1,2021,2021
PERS_1c6fcce5,Кузина Елизавета Олеговна,PERS_b76851a7,Митруев Бембя Леонидович,1,2021,2021
PERS_1c6fcce5,Кузина Елизавета Олеговна,PERS_ba537782,М. И. Петрова,1,2021,2021
PERS_1c6fcce5,Кузина Елизавета Олеговна,PERS_bc97fb65,Краснодембская Нина Георгиевна,2,2020,2021
PERS_1c6fcce5,Кузина Елизавета Олеговна,PERS_bcaec2d8,Дружинин Владимир Юрьевич,1,2021,2021
PERS_1c6fcce5,Кузина Елизавета Олеговна,PERS_bd77e495,Корнеев Геннадий Батыревич,3,2020,2021
PERS_1c6fcce5,Кузина Елизавета Олеговна,PERS_c48611e0,Островская Елена Петровна,3,2020,2021
PERS_1c6fcce5,Кузина Елизавета Олеговна,PERS_c52dfaa0,Цветкова Светлана Олеговна,2,2021,2021
PERS_1c6fcce5,Кузина Елизавета Олеговна,PERS_c5677a3f,Зорин Алексей Валерьевич,1,2021,2021
PERS_1c6fcce5,Кузина Елизавета Олеговна,PERS_c6bbcef3,Битинайте Елена Алексеевна,1,2020,2020
PERS_1c6fcce5,Кузина Елизавета Олеговна,PERS_cb52ebc2,Лемешкина Ксения Вячеславовна,1,2020,2020
PERS_1c6fcce5,Кузина Елизавета Олеговна,PERS_cfb92c5f,Уланский Евгений Андреевич,2,2020,2021
PERS_1c6fcce5,Кузина Елизавета Олеговна,PERS_d3c5382c,Попова Ирина Фёдоровна,1,2021,2021
PERS_1c6fcce5,Кузина Елизавета Олеговна,PERS_d98da899,Рыжакова Светлана Игоревна,3,2020,2021
PERS_1c6fcce5,Кузина Елизавета Олеговна,PERS_da862dde,Дробышев Юлий Игорьевич,1,2021,2021
PERS_1c6fcce5,Кузина Елизавета Олеговна,PERS_db046be0,Сабирова Римма Наилевна,3,2020,2021
PERS_1c6fcce5,Кузина Елизавета Олеговна,PERS_e1dd6b3e,Лидова Наталья Ростиславовна,2,2021,2021
PERS_1c6fcce5,Кузина Елизавета Олеговна,PERS_e31ca12d,Вечерина Ольга Павловна,4,2020,2021
PERS_1c6fcce5,Кузина Елизавета Олеговна,PERS_e72d4c09,Огнева Елена Дмитриевна,1,2021,2021
PERS_1c6fcce5,Кузина Елизавета Олеговна,PERS_e9545a0b,Шустова Алла Михайловна,1,2021,2021
PERS_1c6fcce5,Кузина Елизавета Олеговна,PERS_ea44fd14,Люлина Анастасия Геннадьевна,1,2021,2021
PERS_1c6fcce5,Кузина Елизавета Олеговна,PERS_f2fef030,Мехакян Арег Гайкович,2,2021,2021
PERS_1c6fcce5,Кузина Елизавета Олеговна,PERS_f56c5a7e,Жукова Любовь Евгеньевна,1,2021,2021
PERS_1c6fcce5,Кузина Елизавета Олеговна,PERS_f8ab5755,Оранская Татьяна Иосифовна,1,2020,2020
PERS_1c6fcce5,Кузина Елизавета Олеговна,PERS_f940c5b3,Стрелкова Гюзэль Владимировна,1,2021,2021
PERS_1c6fcce5,Кузина Елизавета Олеговна,PERS_fb25c80f,Ермакова Татьяна Викторовна,2,2020,2021
PERS_1dd32cc2,Кнауэр Фёдор Иванович,PERS_24dbb676,Кудрявский Дмитрий Николаевич,8,2007,2022
PERS_1dd32cc2,Кнауэр Фёдор Иванович,PERS_287fe378,Рыбакова Анна Геннадьевна,1,2011,2011
PERS_1dd32cc2,Кнауэр Фёдор Иванович,PERS_2c40b9b1,Гуров Никита Владимирович,1,2015,2015
PERS_1dd32cc2,Кнауэр Фёдор Иванович,PERS_34c0d384,Павлова Мария Борисовна,2,2011,2016
PERS_1dd32cc2,Кнауэр Фёдор Иванович,PERS_37c15317,Калина А. Э.,1,2013,2013
PERS_1dd32cc2,Кнауэр Фёдор Иванович,PERS_37f98454,Рудой Валерий Исаакович,2,2013,2022
PERS_1dd32cc2,Кнауэр Фёдор Иванович,PERS_3c7d41ac,Фомин Максим Сергеевич,2,2011,2015
PERS_1dd32cc2,Кнауэр Фёдор Иванович,PERS_3e105f43,Игнатьев Андрей Александрович,1,2011,2011
PERS_1dd32cc2,Кнауэр Фёдор Иванович,PERS_45cebd8f,Минаев Иван Павлович,5,2007,2015
PERS_1dd32cc2,Кнауэр Фёдор Иванович,PERS_4dd85c67,Бётлингк Оттон Николаевич,9,2007,2018
PERS_1dd32cc2,Кнауэр Фёдор Иванович,PERS_4fff9d16,Минаева Маргарита Денисовна,3,2011,2015
PERS_1dd32cc2,Кнауэр Фёдор Иванович,PERS_5228da95,Вертоградова Виктория Викторовна,3,2011,2015
PERS_1dd32cc2,Кнауэр Фёдор Иванович,PERS_5cae5a20,Щербатской Фёдор Ипполитович,8,2007,2015
PERS_1dd32cc2,Кнауэр Фёдор Иванович,PERS_5f6689e8,Дмитриева Виктория Алексеевна,2,2012,2018
PERS_1dd32cc2,Кнауэр Фёдор Иванович,PERS_68e9019d,Малютин Иван Иванович,1,2025,2025
PERS_1dd32cc2,Кнауэр Фёдор Иванович,PERS_69750b7c,Мазурина Валентина Николаевна,1,2015,2015
PERS_1dd32cc2,Кнауэр Фёдор Иванович,PERS_6b06637e,Ильин Григорий Фёдорович,1,2013,2013
PERS_1dd32cc2,Кнауэр Фёдор Иванович,PERS_6b867946,Смирнова Екатерина Викторовна,2,2011,2015
PERS_1dd32cc2,Кнауэр Фёдор Иванович,PERS_6d302e31,Лебедев Герасим Степанович,4,2007,2015
PERS_1dd32cc2,Кнауэр Фёдор Иванович,PERS_6e211759,Иванов Владимир Павлович,6,2009,2015
PERS_1dd32cc2,Кнауэр Фёдор Иванович,PERS_72506535,Крылова Анастасия Сергеевна,1,2018,2018
PERS_1dd32cc2,Кнауэр Фёдор Иванович,PERS_72932969,Рерих Юрий Николаевич,1,2015,2015
PERS_1dd32cc2,Кнауэр Фёдор Иванович,PERS_773647fc,Баранников Алексей Петрович,3,2012,2015
PERS_1dd32cc2,Кнауэр Фёдор Иванович,PERS_82364943,Миллер Всеволод Фёдорович,33,2007,2025
PERS_1dd32cc2,Кнауэр Фёдор Иванович,PERS_829c1de5,Васильков Ярослав Владимирович,2,2013,2018
PERS_1dd32cc2,Кнауэр Фёдор Иванович,PERS_8516d1e4,Гасунс Марцис Юрьевич,38,2007,2024
PERS_1dd32cc2,Кнауэр Фёдор Иванович,PERS_9d99092c,Рыбаков Р. Б.,2,2011,2011
PERS_1dd32cc2,Кнауэр Фёдор Иванович,PERS_a0f3d86d,Сергеева Варвара Алексеевна,6,2009,2018
PERS_1dd32cc2,Кнауэр Фёдор Иванович,PERS_a638a4b3,Федорова Наталья Леонидовна,1,2013,2013
PERS_1dd32cc2,Кнауэр Фёдор Иванович,PERS_a901d460,Фаградян Марина Александровна,7,2007,2015
PERS_1dd32cc2,Кнауэр Фёдор Иванович,PERS_ab6bf9e3,Смирнов Борис Леонидович,4,2011,2015
PERS_1dd32cc2,Кнауэр Фёдор Иванович,PERS_b4cdbfb8,Эрман Владимир Гансович,3,2008,2015
PERS_1dd32cc2,Кнауэр Фёдор Иванович,PERS_b5dd77b1,Мрачковская Арина Витальевна,1,2015,2015
PERS_1dd32cc2,Кнауэр Фёдор Иванович,PERS_b881461b,Яковлева Мария Николаевна,3,2011,2014
PERS_1dd32cc2,Кнауэр Фёдор Иванович,PERS_ba537782,М. И. Петрова,6,2007,2015
PERS_1dd32cc2,Кнауэр Фёдор Иванович,PERS_bbb9116e,Кальянов Владимир Иванович,2,2011,2015
PERS_1dd32cc2,Кнауэр Фёдор Иванович,PERS_cd0d4845,Обермиллер Евгений Евгеньевич,2,2015,2025
PERS_1dd32cc2,Кнауэр Фёдор Иванович,PERS_cfb92c5f,Уланский Евгений Андреевич,9,2018,2024
PERS_1dd32cc2,Кнауэр Фёдор Иванович,PERS_d9d69ac2,Петров Павел Яковлевич,7,2007,2015
PERS_1dd32cc2,Кнауэр Фёдор Иванович,PERS_dfaf6803,Борисов Яков Александрович,2,2011,2015
PERS_1dd32cc2,Кнауэр Фёдор Иванович,PERS_e5a5ac24,Невелева Светлана Леонидовна,3,2011,2018
PERS_1dd32cc2,Кнауэр Фёдор Иванович,PERS_e8396809,Вишну Шукла,1,2012,2012
PERS_1dd32cc2,Кнауэр Фёдор Иванович,PERS_f56c5a7e,Жукова Любовь Евгеньевна,7,2009,2022
PERS_1dd32cc2,Кнауэр Фёдор Иванович,PERS_f5b8b340,Вигасин Алексей Алексеевич,4,2011,2013
PERS_1fa7cc0c,Дубянский Александр Михайлович,PERS_22d87263,Костина Екатерина Александровна,1,2020,2020
PERS_1fa7cc0c,Дубянский Александр Михайлович,PERS_23215083,Русанов Максим Альбертович,2,2019,2020
PERS_1fa7cc0c,Дубянский Александр Михайлович,PERS_260a598a,Пахомов Сергей Владимирович,3,2019,2021
PERS_1fa7cc0c,Дубянский Александр Михайлович,PERS_28317057,Дубянская Татьяна Александровна,9,2019,2021
PERS_1fa7cc0c,Дубянский Александр Михайлович,PERS_287fe378,Рыбакова Анна Геннадьевна,2,2019,2020
PERS_1fa7cc0c,Дубянский Александр Михайлович,PERS_2a2e5602,Коровина Евгения Владимировна,1,2019,2019
PERS_1fa7cc0c,Дубянский Александр Михайлович,PERS_2c40b9b1,Гуров Никита Владимирович,1,2021,2021
PERS_1fa7cc0c,Дубянский Александр Михайлович,PERS_3357f25b,Скороходова Татьяна Григорьевна,2,2019,2020
PERS_1fa7cc0c,Дубянский Александр Михайлович,PERS_34c0d384,Павлова Мария Борисовна,1,2021,2021
PERS_1fa7cc0c,Дубянский Александр Михайлович,PERS_36dabb79,Гурия Анастасия Георгиевна,1,2021,2021
PERS_1fa7cc0c,Дубянский Александр Михайлович,PERS_3b196639,Гордийчук Николай Валентинович,3,2019,2021
PERS_1fa7cc0c,Дубянский Александр Михайлович,PERS_3d22e8d4,Стрелков Андрей Михайлович,1,2021,2021
PERS_1fa7cc0c,Дубянский Александр Михайлович,PERS_3e105f43,Игнатьев Андрей Александрович,2,2019,2020
PERS_1fa7cc0c,Дубянский Александр Михайлович,PERS_3e952361,Хохлов Александр Николаевич,1,2021,2021
PERS_1fa7cc0c,Дубянский Александр Михайлович,PERS_41d6aa73,Воробьева Дарья Николаевна,1,2021,2021
PERS_1fa7cc0c,Дубянский Александр Михайлович,PERS_45cebd8f,Минаев Иван Павлович,2,2019,2020
PERS_1fa7cc0c,Дубянский Александр Михайлович,PERS_48b3bec3,Ч. Санчай,1,2019,2019
PERS_1fa7cc0c,Дубянский Александр Михайлович,PERS_4fff9d16,Минаева Маргарита Денисовна,1,2020,2020
PERS_1fa7cc0c,Дубянский Александр Михайлович,PERS_50c46233,Маретина Ксения Александровна,2,2019,2021
PERS_1fa7cc0c,Дубянский Александр Михайлович,PERS_50d73711,Смирнитская Анна Александровна,3,2019,2021
PERS_1fa7cc0c,Дубянский Александр Михайлович,PERS_5228da95,Вертоградова Виктория Викторовна,1,2021,2021
PERS_1fa7cc0c,Дубянский Александр Михайлович,PERS_56508328,Десницкая Евгения Алексеевна,3,2019,2021
PERS_1fa7cc0c,Дубянский Александр Михайлович,PERS_587b08ec,Леонов Михаил Васильевич,1,2021,2021
PERS_1fa7cc0c,Дубянский Александр Михайлович,PERS_58b39545,Ренковская Евгения Алексеевна,2,2019,2021
PERS_1fa7cc0c,Дубянский Александр Михайлович,PERS_5d34c947,Волошина Оксана Анатольевна,2,2019,2020
PERS_1fa7cc0c,Дубянский Александр Михайлович,PERS_5e2a5a5c,Столярова Екатерина Владимировна,1,2019,2019
PERS_1fa7cc0c,Дубянский Александр Михайлович,PERS_5f6fa17b,Пахомова Александра Михайловна,1,2021,2021
PERS_1fa7cc0c,Дубянский Александр Михайлович,PERS_61202bf3,Алиханова Юлия Марковна,1,2021,2021
PERS_1fa7cc0c,Дубянский Александр Михайлович,PERS_62575c35,Гусева Наталья Романовна,1,2019,2019
PERS_1fa7cc0c,Дубянский Александр Михайлович,PERS_69750b7c,Мазурина Валентина Николаевна,2,2019,2021
PERS_1fa7cc0c,Дубянский Александр Михайлович,PERS_6a84adb8,Макаев Энвер Ахмедович,1,2021,2021
PERS_1fa7cc0c,Дубянский Александр Михайлович,PERS_6ae5c779,Фивейская Анастасия Васильевна,1,2021,2021
PERS_1fa7cc0c,Дубянский Александр Михайлович,PERS_6b867946,Смирнова Екатерина Викторовна,1,2021,2021
PERS_1fa7cc0c,Дубянский Александр Михайлович,PERS_72506535,Крылова Анастасия Сергеевна,2,2019,2021
PERS_1fa7cc0c,Дубянский Александр Михайлович,PERS_7542d270,Демченко Максим Борисович,2,2019,2020
PERS_1fa7cc0c,Дубянский Александр Михайлович,PERS_7eb0dc30,Зимина Татьяна Александровна,2,2019,2020
PERS_1fa7cc0c,Дубянский Александр Михайлович,PERS_7f908d49,Стрельцова Лилия Александровна,2,2019,2021
PERS_1fa7cc0c,Дубянский Александр Михайлович,PERS_8108c314,Ерченков Олег Николаевич,2,2019,2020
PERS_1fa7cc0c,Дубянский Александр Михайлович,PERS_829c1de5,Васильков Ярослав Владимирович,3,2019,2021
PERS_1fa7cc0c,Дубянский Александр Михайлович,PERS_8516d1e4,Гасунс Марцис Юрьевич,3,2019,2021
PERS_1fa7cc0c,Дубянский Александр Михайлович,PERS_8df3730a,Донченко Сергей Сергеевич,1,2019,2019
PERS_1fa7cc0c,Дубянский Александр Михайлович,PERS_8e117242,Юдицкая Екатерина Алексеевна,2,2019,2020
PERS_1fa7cc0c,Дубянский Александр Михайлович,PERS_91b473b1,Челнокова Анна Витальевна,1,2021,2021
PERS_1fa7cc0c,Дубянский Александр Михайлович,PERS_9366fe2c,Крыштоп Людмила Эдуардовна,2,2020,2021
PERS_1fa7cc0c,Дубянский Александр Михайлович,PERS_9a855a7b,Альбедиль Маргарита Федоровна,3,2019,2021
PERS_1fa7cc0c,Дубянский Александр Михайлович,PERS_9d99092c,Рыбаков Р. Б.,2,2019,2020
PERS_1fa7cc0c,Дубянский Александр Михайлович,PERS_9e9c9566,Лекарева Ева Павловна,1,2021,2021
PERS_1fa7cc0c,Дубянский Александр Михайлович,PERS_9f398436,Куликов Леонид Игоревич,2,2020,2021
PERS_1fa7cc0c,Дубянский Александр Михайлович,PERS_a0264ac5,Бурмистров Сергей Леонидович,2,2019,2021
PERS_1fa7cc0c,Дубянский Александр Михайлович,PERS_a901d460,Фаградян Марина Александровна,3,2019,2021
PERS_1fa7cc0c,Дубянский Александр Михайлович,PERS_aa964a12,Самозванцев Андрей Михайлович,1,2021,2021
PERS_1fa7cc0c,Дубянский Александр Михайлович,PERS_ab6bf9e3,Смирнов Борис Леонидович,1,2021,2021
PERS_1fa7cc0c,Дубянский Александр Михайлович,PERS_b2c121e9,Успенская Елена Николаевна,1,2019,2019
PERS_1fa7cc0c,Дубянский Александр Михайлович,PERS_b62a9567,Курочкин Александр Юрьевич,1,2019,2019
PERS_1fa7cc0c,Дубянский Александр Михайлович,PERS_b881461b,Яковлева Мария Николаевна,1,2019,2019
PERS_1fa7cc0c,Дубянский Александр Михайлович,PERS_ba537782,М. И. Петрова,1,2021,2021
PERS_1fa7cc0c,Дубянский Александр Михайлович,PERS_bc97fb65,Краснодембская Нина Георгиевна,3,2019,2020
PERS_1fa7cc0c,Дубянский Александр Михайлович,PERS_bd77e495,Корнеев Геннадий Батыревич,2,2019,2020
PERS_1fa7cc0c,Дубянский Александр Михайлович,PERS_c48611e0,Островская Елена Петровна,3,2019,2021
PERS_1fa7cc0c,Дубянский Александр Михайлович,PERS_c52dfaa0,Цветкова Светлана Олеговна,1,2019,2019
PERS_1fa7cc0c,Дубянский Александр Михайлович,PERS_c5677a3f,Зорин Алексей Валерьевич,1,2019,2019
PERS_1fa7cc0c,Дубянский Александр Михайлович,PERS_c6bbcef3,Битинайте Елена Алексеевна,2,2019,2020
PERS_1fa7cc0c,Дубянский Александр Михайлович,PERS_cb52ebc2,Лемешкина Ксения Вячеславовна,1,2020,2020
PERS_1fa7cc0c,Дубянский Александр Михайлович,PERS_cfb92c5f,Уланский Евгений Андреевич,3,2019,2021
PERS_1fa7cc0c,Дубянский Александр Михайлович,PERS_d218805b,Крюкова Виктория Юрьевна,1,2019,2019
PERS_1fa7cc0c,Дубянский Александр Михайлович,PERS_d3c5382c,Попова Ирина Фёдоровна,1,2019,2019
PERS_1fa7cc0c,Дубянский Александр Михайлович,PERS_d98da899,Рыжакова Светлана Игоревна,3,2019,2021
PERS_1fa7cc0c,Дубянский Александр Михайлович,PERS_d9d69ac2,Петров Павел Яковлевич,1,2019,2019
PERS_1fa7cc0c,Дубянский Александр Михайлович,PERS_db046be0,Сабирова Римма Наилевна,3,2019,2021
PERS_1fa7cc0c,Дубянский Александр Михайлович,PERS_e31ca12d,Вечерина Ольга Павловна,3,2019,2021
PERS_1fa7cc0c,Дубянский Александр Михайлович,PERS_e5a5ac24,Невелева Светлана Леонидовна,2,2019,2021
PERS_1fa7cc0c,Дубянский Александр Михайлович,PERS_ed83f502,Селиванова Тамара Петровна,1,2019,2019
PERS_1fa7cc0c,Дубянский Александр Михайлович,PERS_f56c5a7e,Жукова Любовь Евгеньевна,1,2021,2021
PERS_1fa7cc0c,Дубянский Александр Михайлович,PERS_f5b8b340,Вигасин Алексей Алексеевич,1,2021,2021
PERS_1fa7cc0c,Дубянский Александр Михайлович,PERS_f8ab5755,Оранская Татьяна Иосифовна,4,2019,2021
PERS_1fa7cc0c,Дубянский Александр Михайлович,PERS_f940c5b3,Стрелкова Гюзэль Владимировна,1,2021,2021
PERS_1fa7cc0c,Дубянский Александр Михайлович,PERS_fb25c80f,Ермакова Татьяна Викторовна,2,2019,2020
PERS_22d87263,Костина Екатерина Александровна,PERS_23215083,Русанов Максим Альбертович,1,2020,2020
PERS_22d87263,Костина Екатерина Александровна,PERS_260a598a,Пахомов Сергей Владимирович,2,2020,2021
PERS_22d87263,Костина Екатерина Александровна,PERS_28317057,Дубянская Татьяна Александровна,1,2020,2020
PERS_22d87263,Костина Екатерина Александровна,PERS_287fe378,Рыбакова Анна Геннадьевна,2,2020,2021
PERS_22d87263,Костина Екатерина Александровна,PERS_2a2e5602,Коровина Евгения Владимировна,1,2021,2021
PERS_22d87263,Костина Екатерина Александровна,PERS_310b2911,Толчельников Иван Евгеньевич,1,2025,2025
PERS_22d87263,Костина Екатерина Александровна,PERS_3195408b,Ратушный Данила Николаевич,1,2022,2022
PERS_22d87263,Костина Екатерина Александровна,PERS_3357f25b,Скороходова Татьяна Григорьевна,2,2020,2021
PERS_22d87263,Костина Екатерина Александровна,PERS_3b196639,Гордийчук Николай Валентинович,2,2020,2021
PERS_22d87263,Костина Екатерина Александровна,PERS_3e105f43,Игнатьев Андрей Александрович,3,2020,2025
PERS_22d87263,Костина Екатерина Александровна,PERS_3e952361,Хохлов Александр Николаевич,1,2022,2022
PERS_22d87263,Костина Екатерина Александровна,PERS_45cebd8f,Минаев Иван Павлович,1,2020,2020
PERS_22d87263,Костина Екатерина Александровна,PERS_467d4dbb,Клебанов Андрей Александрович,3,2021,2025
PERS_22d87263,Костина Екатерина Александровна,PERS_4fff9d16,Минаева Маргарита Денисовна,1,2020,2020
PERS_22d87263,Костина Екатерина Александровна,PERS_50d73711,Смирнитская Анна Александровна,2,2020,2021
PERS_22d87263,Костина Екатерина Александровна,PERS_56508328,Десницкая Евгения Алексеевна,2,2020,2021
PERS_22d87263,Костина Екатерина Александровна,PERS_587b08ec,Леонов Михаил Васильевич,3,2025,2026
PERS_22d87263,Костина Екатерина Александровна,PERS_58b39545,Ренковская Евгения Алексеевна,1,2021,2021
PERS_22d87263,Костина Екатерина Александровна,PERS_5d34c947,Волошина Оксана Анатольевна,2,2020,2021
PERS_22d87263,Костина Екатерина Александровна,PERS_5e2a5a5c,Столярова Екатерина Владимировна,1,2022,2022
PERS_22d87263,Костина Екатерина Александровна,PERS_5f6689e8,Дмитриева Виктория Алексеевна,1,2022,2022
PERS_22d87263,Костина Екатерина Александровна,PERS_5f6fa17b,Пахомова Александра Михайловна,1,2026,2026
PERS_22d87263,Костина Екатерина Александровна,PERS_6ae5c779,Фивейская Анастасия Васильевна,1,2021,2021
PERS_22d87263,Костина Екатерина Александровна,PERS_6e211759,Иванов Владимир Павлович,6,2021,2026
PERS_22d87263,Костина Екатерина Александровна,PERS_72506535,Крылова Анастасия Сергеевна,1,2021,2021
PERS_22d87263,Костина Екатерина Александровна,PERS_7542d270,Демченко Максим Борисович,4,2020,2026
PERS_22d87263,Костина Екатерина Александровна,PERS_773647fc,Баранников Алексей Петрович,1,2022,2022
PERS_22d87263,Костина Екатерина Александровна,PERS_7eb0dc30,Зимина Татьяна Александровна,1,2020,2020
PERS_22d87263,Костина Екатерина Александровна,PERS_8108c314,Ерченков Олег Николаевич,1,2020,2020
PERS_22d87263,Костина Екатерина Александровна,PERS_829c1de5,Васильков Ярослав Владимирович,2,2020,2021
PERS_22d87263,Костина Екатерина Александровна,PERS_8516d1e4,Гасунс Марцис Юрьевич,6,2020,2026
PERS_22d87263,Костина Екатерина Александровна,PERS_8e117242,Юдицкая Екатерина Алексеевна,2,2020,2021
PERS_22d87263,Костина Екатерина Александровна,PERS_91b473b1,Челнокова Анна Витальевна,1,2022,2022
PERS_22d87263,Костина Екатерина Александровна,PERS_92f41884,Касым Софья Васильевна,1,2022,2022
PERS_22d87263,Костина Екатерина Александровна,PERS_9366fe2c,Крыштоп Людмила Эдуардовна,2,2020,2022
PERS_22d87263,Костина Екатерина Александровна,PERS_93e2effb,Комиссаров Дмитрий Алексеевич,1,2021,2021
PERS_22d87263,Костина Екатерина Александровна,PERS_9a855a7b,Альбедиль Маргарита Федоровна,1,2021,2021
PERS_22d87263,Костина Екатерина Александровна,PERS_9d99092c,Рыбаков Р. Б.,2,2020,2021
PERS_22d87263,Костина Екатерина Александровна,PERS_9f398436,Куликов Леонид Игоревич,1,2020,2020
PERS_22d87263,Костина Екатерина Александровна,PERS_a0264ac5,Бурмистров Сергей Леонидович,1,2021,2021
PERS_22d87263,Костина Екатерина Александровна,PERS_a0f3d86d,Сергеева Варвара Алексеевна,1,2026,2026
PERS_22d87263,Костина Екатерина Александровна,PERS_a84aedaa,Шомахмадов Сафарали Хайбуллоевич,1,2021,2021
PERS_22d87263,Костина Екатерина Александровна,PERS_a901d460,Фаградян Марина Александровна,1,2022,2022
PERS_22d87263,Костина Екатерина Александровна,PERS_b76851a7,Митруев Бембя Леонидович,1,2021,2021
PERS_22d87263,Костина Екатерина Александровна,PERS_ba537782,М. И. Петрова,1,2022,2022
PERS_22d87263,Костина Екатерина Александровна,PERS_bc97fb65,Краснодембская Нина Георгиевна,2,2020,2021
PERS_22d87263,Костина Екатерина Александровна,PERS_bcaec2d8,Дружинин Владимир Юрьевич,2,2021,2025
PERS_22d87263,Костина Екатерина Александровна,PERS_bd77e495,Корнеев Геннадий Батыревич,2,2020,2021
PERS_22d87263,Костина Екатерина Александровна,PERS_c48611e0,Островская Елена Петровна,2,2020,2021
PERS_22d87263,Костина Екатерина Александровна,PERS_c52dfaa0,Цветкова Светлана Олеговна,1,2021,2021
PERS_22d87263,Костина Екатерина Александровна,PERS_c5677a3f,Зорин Алексей Валерьевич,1,2021,2021
PERS_22d87263,Костина Екатерина Александровна,PERS_c6bbcef3,Битинайте Елена Алексеевна,1,2020,2020
PERS_22d87263,Костина Екатерина Александровна,PERS_cb52ebc2,Лемешкина Ксения Вячеславовна,1,2020,2020
PERS_22d87263,Костина Екатерина Александровна,PERS_cfb92c5f,Уланский Евгений Андреевич,2,2020,2021
PERS_22d87263,Костина Екатерина Александровна,PERS_d3c5382c,Попова Ирина Фёдоровна,1,2021,2021
PERS_22d87263,Костина Екатерина Александровна,PERS_d98da899,Рыжакова Светлана Игоревна,3,2020,2022
PERS_22d87263,Костина Екатерина Александровна,PERS_db046be0,Сабирова Римма Наилевна,2,2020,2021
PERS_22d87263,Костина Екатерина Александровна,PERS_e1d622e5,Мажитов Саттар Фазылович,1,2022,2022
PERS_22d87263,Костина Екатерина Александровна,PERS_e1dd6b3e,Лидова Наталья Ростиславовна,1,2021,2021
PERS_22d87263,Костина Екатерина Александровна,PERS_e31ca12d,Вечерина Ольга Павловна,2,2020,2021
PERS_22d87263,Костина Екатерина Александровна,PERS_ebc1c3c2,Лундышева Ольга Владимировна,2,2025,2026
PERS_22d87263,Костина Екатерина Александровна,PERS_ed83f502,Селиванова Тамара Петровна,1,2022,2022
PERS_22d87263,Костина Екатерина Александровна,PERS_f2fef030,Мехакян Арег Гайкович,1,2021,2021
PERS_22d87263,Костина Екатерина Александровна,PERS_f8ab5755,Оранская Татьяна Иосифовна,1,2020,2020
PERS_22d87263,Костина Екатерина Александровна,PERS_fb25c80f,Ермакова Татьяна Викторовна,2,2020,2021
PERS_23215083,Русанов Максим Альбертович,PERS_260a598a,Пахомов Сергей Владимирович,2,2019,2020
PERS_23215083,Русанов Максим Альбертович,PERS_28317057,Дубянская Татьяна Александровна,2,2019,2020
PERS_23215083,Русанов Максим Альбертович,PERS_287fe378,Рыбакова Анна Геннадьевна,2,2019,2020
PERS_23215083,Русанов Максим Альбертович,PERS_2a2e5602,Коровина Евгения Владимировна,1,2019,2019
PERS_23215083,Русанов Максим Альбертович,PERS_3357f25b,Скороходова Татьяна Григорьевна,2,2019,2020
PERS_23215083,Русанов Максим Альбертович,PERS_3b196639,Гордийчук Николай Валентинович,2,2019,2020
PERS_23215083,Русанов Максим Альбертович,PERS_3e105f43,Игнатьев Андрей Александрович,2,2019,2020
PERS_23215083,Русанов Максим Альбертович,PERS_45cebd8f,Минаев Иван Павлович,2,2019,2020
PERS_23215083,Русанов Максим Альбертович,PERS_48b3bec3,Ч. Санчай,1,2019,2019
PERS_23215083,Русанов Максим Альбертович,PERS_4fff9d16,Минаева Маргарита Денисовна,1,2020,2020
PERS_23215083,Русанов Максим Альбертович,PERS_50d73711,Смирнитская Анна Александровна,2,2019,2020
PERS_23215083,Русанов Максим Альбертович,PERS_5228da95,Вертоградова Виктория Викторовна,1,2012,2012
PERS_23215083,Русанов Максим Альбертович,PERS_56508328,Десницкая Евгения Алексеевна,2,2019,2020
PERS_23215083,Русанов Максим Альбертович,PERS_587b08ec,Леонов Михаил Васильевич,1,2012,2012
PERS_23215083,Русанов Максим Альбертович,PERS_58b39545,Ренковская Евгения Алексеевна,1,2019,2019
PERS_23215083,Русанов Максим Альбертович,PERS_5d34c947,Волошина Оксана Анатольевна,2,2019,2020
PERS_23215083,Русанов Максим Альбертович,PERS_5e2a5a5c,Столярова Екатерина Владимировна,1,2019,2019
PERS_23215083,Русанов Максим Альбертович,PERS_5f6689e8,Дмитриева Виктория Алексеевна,1,2012,2012
PERS_23215083,Русанов Максим Альбертович,PERS_6b06637e,Ильин Григорий Фёдорович,1,2012,2012
PERS_23215083,Русанов Максим Альбертович,PERS_6e211759,Иванов Владимир Павлович,1,2012,2012
PERS_23215083,Русанов Максим Альбертович,PERS_72506535,Крылова Анастасия Сергеевна,1,2019,2019
PERS_23215083,Русанов Максим Альбертович,PERS_7542d270,Демченко Максим Борисович,2,2019,2020
PERS_23215083,Русанов Максим Альбертович,PERS_773647fc,Баранников Алексей Петрович,1,2012,2012
PERS_23215083,Русанов Максим Альбертович,PERS_7eb0dc30,Зимина Татьяна Александровна,2,2019,2020
PERS_23215083,Русанов Максим Альбертович,PERS_7f908d49,Стрельцова Лилия Александровна,1,2019,2019
PERS_23215083,Русанов Максим Альбертович,PERS_8108c314,Ерченков Олег Николаевич,2,2019,2020
PERS_23215083,Русанов Максим Альбертович,PERS_829c1de5,Васильков Ярослав Владимирович,3,2012,2020
PERS_23215083,Русанов Максим Альбертович,PERS_8516d1e4,Гасунс Марцис Юрьевич,3,2011,2020
PERS_23215083,Русанов Максим Альбертович,PERS_8df3730a,Донченко Сергей Сергеевич,1,2019,2019
PERS_23215083,Русанов Максим Альбертович,PERS_8e117242,Юдицкая Екатерина Алексеевна,2,2019,2020
PERS_23215083,Русанов Максим Альбертович,PERS_9366fe2c,Крыштоп Людмила Эдуардовна,1,2020,2020
PERS_23215083,Русанов Максим Альбертович,PERS_9a855a7b,Альбедиль Маргарита Федоровна,1,2019,2019
PERS_23215083,Русанов Максим Альбертович,PERS_9d99092c,Рыбаков Р. Б.,2,2019,2020
PERS_23215083,Русанов Максим Альбертович,PERS_9f398436,Куликов Леонид Игоревич,2,2012,2020
PERS_23215083,Русанов Максим Альбертович,PERS_a0264ac5,Бурмистров Сергей Леонидович,1,2019,2019
PERS_23215083,Русанов Максим Альбертович,PERS_a0f3d86d,Сергеева Варвара Алексеевна,1,2012,2012
PERS_23215083,Русанов Максим Альбертович,PERS_a901d460,Фаградян Марина Александровна,1,2019,2019
PERS_23215083,Русанов Максим Альбертович,PERS_aa964a12,Самозванцев Андрей Михайлович,1,2012,2012
PERS_23215083,Русанов Максим Альбертович,PERS_ab6bf9e3,Смирнов Борис Леонидович,1,2012,2012
PERS_23215083,Русанов Максим Альбертович,PERS_b4cdbfb8,Эрман Владимир Гансович,2,2011,2012
PERS_23215083,Русанов Максим Альбертович,PERS_b62a9567,Курочкин Александр Юрьевич,1,2019,2019
PERS_23215083,Русанов Максим Альбертович,PERS_b881461b,Яковлева Мария Николаевна,2,2012,2019
PERS_23215083,Русанов Максим Альбертович,PERS_bc97fb65,Краснодембская Нина Георгиевна,2,2019,2020
PERS_23215083,Русанов Максим Альбертович,PERS_bd77e495,Корнеев Геннадий Батыревич,2,2019,2020
PERS_23215083,Русанов Максим Альбертович,PERS_c48611e0,Островская Елена Петровна,2,2019,2020
PERS_23215083,Русанов Максим Альбертович,PERS_c52dfaa0,Цветкова Светлана Олеговна,1,2019,2019
PERS_23215083,Русанов Максим Альбертович,PERS_c5677a3f,Зорин Алексей Валерьевич,1,2019,2019
PERS_23215083,Русанов Максим Альбертович,PERS_c6bbcef3,Битинайте Елена Алексеевна,2,2019,2020
PERS_23215083,Русанов Максим Альбертович,PERS_cb52ebc2,Лемешкина Ксения Вячеславовна,1,2020,2020
PERS_23215083,Русанов Максим Альбертович,PERS_cfb92c5f,Уланский Евгений Андреевич,2,2019,2020
PERS_23215083,Русанов Максим Альбертович,PERS_d218805b,Крюкова Виктория Юрьевна,1,2019,2019
PERS_23215083,Русанов Максим Альбертович,PERS_d3c5382c,Попова Ирина Фёдоровна,1,2019,2019
PERS_23215083,Русанов Максим Альбертович,PERS_d98da899,Рыжакова Светлана Игоревна,2,2019,2020
PERS_23215083,Русанов Максим Альбертович,PERS_db046be0,Сабирова Римма Наилевна,2,2019,2020
PERS_23215083,Русанов Максим Альбертович,PERS_e31ca12d,Вечерина Ольга Павловна,2,2019,2020
PERS_23215083,Русанов Максим Альбертович,PERS_e5a5ac24,Невелева Светлана Леонидовна,2,2011,2012
PERS_23215083,Русанов Максим Альбертович,PERS_f5b8b340,Вигасин Алексей Алексеевич,1,2012,2012
PERS_23215083,Русанов Максим Альбертович,PERS_f8ab5755,Оранская Татьяна Иосифовна,2,2019,2020
PERS_23215083,Русанов Максим Альбертович,PERS_fb25c80f,Ермакова Татьяна Викторовна,2,2019,2020
PERS_23abae7d,Пушкарева Юлия Георгиевна,PERS_287fe378,Рыбакова Анна Геннадьевна,1,2026,2026
PERS_23abae7d,Пушкарева Юлия Георгиевна,PERS_2a2e5602,Коровина Евгения Владимировна,1,2026,2026
PERS_23abae7d,Пушкарева Юлия Георгиевна,PERS_310b2911,Толчельников Иван Евгеньевич,2,2025,2026
PERS_23abae7d,Пушкарева Юлия Георгиевна,PERS_3357f25b,Скороходова Татьяна Григорьевна,1,2026,2026
PERS_23abae7d,Пушкарева Юлия Георгиевна,PERS_34c0d384,Павлова Мария Борисовна,2,2025,2026
PERS_23abae7d,Пушкарева Юлия Георгиевна,PERS_35c57654,Егорова Мария Александровна,1,2026,2026
PERS_23abae7d,Пушкарева Юлия Георгиевна,PERS_377db63e,Седукова Надежда Александровна,1,2026,2026
PERS_23abae7d,Пушкарева Юлия Георгиевна,PERS_37d557c2,Анисимова Дарья Дмитриевна,1,2026,2026
PERS_23abae7d,Пушкарева Юлия Георгиевна,PERS_3e105f43,Игнатьев Андрей Александрович,1,2026,2026
PERS_23abae7d,Пушкарева Юлия Георгиевна,PERS_41d6aa73,Воробьева Дарья Николаевна,1,2025,2025
PERS_23abae7d,Пушкарева Юлия Георгиевна,PERS_45cebd8f,Минаев Иван Павлович,1,2026,2026
PERS_23abae7d,Пушкарева Юлия Георгиевна,PERS_48b3bec3,Ч. Санчай,1,2026,2026
PERS_23abae7d,Пушкарева Юлия Георгиевна,PERS_4fff9d16,Минаева Маргарита Денисовна,1,2026,2026
PERS_23abae7d,Пушкарева Юлия Георгиевна,PERS_50c46233,Маретина Ксения Александровна,1,2026,2026
PERS_23abae7d,Пушкарева Юлия Георгиевна,PERS_56508328,Десницкая Евгения Алексеевна,1,2026,2026
PERS_23abae7d,Пушкарева Юлия Георгиевна,PERS_587b08ec,Леонов Михаил Васильевич,2,2025,2026
PERS_23abae7d,Пушкарева Юлия Георгиевна,PERS_58b39545,Ренковская Евгения Алексеевна,1,2026,2026
PERS_23abae7d,Пушкарева Юлия Георгиевна,PERS_58e18506,Соколова Ирина Александровна,1,2026,2026
PERS_23abae7d,Пушкарева Юлия Георгиевна,PERS_5d34c947,Волошина Оксана Анатольевна,1,2026,2026
PERS_23abae7d,Пушкарева Юлия Георгиевна,PERS_5f6689e8,Дмитриева Виктория Алексеевна,1,2026,2026
PERS_23abae7d,Пушкарева Юлия Георгиевна,PERS_6e211759,Иванов Владимир Павлович,2,2025,2026
PERS_23abae7d,Пушкарева Юлия Георгиевна,PERS_72506535,Крылова Анастасия Сергеевна,1,2026,2026
PERS_23abae7d,Пушкарева Юлия Георгиевна,PERS_72932969,Рерих Юрий Николаевич,1,2025,2025
PERS_23abae7d,Пушкарева Юлия Георгиевна,PERS_7542d270,Демченко Максим Борисович,1,2026,2026
PERS_23abae7d,Пушкарева Юлия Георгиевна,PERS_829c1de5,Васильков Ярослав Владимирович,1,2026,2026
PERS_23abae7d,Пушкарева Юлия Георгиевна,PERS_8516d1e4,Гасунс Марцис Юрьевич,2,2025,2026
PERS_23abae7d,Пушкарева Юлия Георгиевна,PERS_8df81b6d,Лужинская Полина Александровна,1,2026,2026
PERS_23abae7d,Пушкарева Юлия Георгиевна,PERS_91b473b1,Челнокова Анна Витальевна,1,2026,2026
PERS_23abae7d,Пушкарева Юлия Георгиевна,PERS_92f41884,Касым Софья Васильевна,1,2026,2026
PERS_23abae7d,Пушкарева Юлия Георгиевна,PERS_93e2effb,Комиссаров Дмитрий Алексеевич,1,2026,2026
PERS_23abae7d,Пушкарева Юлия Георгиевна,PERS_9a855a7b,Альбедиль Маргарита Федоровна,1,2026,2026
PERS_23abae7d,Пушкарева Юлия Георгиевна,PERS_9d99092c,Рыбаков Р. Б.,1,2026,2026
PERS_23abae7d,Пушкарева Юлия Георгиевна,PERS_9e9c9566,Лекарева Ева Павловна,1,2026,2026
PERS_23abae7d,Пушкарева Юлия Георгиевна,PERS_9f398436,Куликов Леонид Игоревич,1,2026,2026
PERS_23abae7d,Пушкарева Юлия Георгиевна,PERS_a0264ac5,Бурмистров Сергей Леонидович,1,2026,2026
PERS_23abae7d,Пушкарева Юлия Георгиевна,PERS_a0f3d86d,Сергеева Варвара Алексеевна,2,2025,2026
PERS_23abae7d,Пушкарева Юлия Георгиевна,PERS_a638a4b3,Федорова Наталья Леонидовна,2,2025,2026
PERS_23abae7d,Пушкарева Юлия Георгиевна,PERS_a84aedaa,Шомахмадов Сафарали Хайбуллоевич,1,2026,2026
PERS_23abae7d,Пушкарева Юлия Георгиевна,PERS_a901d460,Фаградян Марина Александровна,1,2026,2026
PERS_23abae7d,Пушкарева Юлия Георгиевна,PERS_b881461b,Яковлева Мария Николаевна,1,2026,2026
PERS_23abae7d,Пушкарева Юлия Георгиевна,PERS_bd77e495,Корнеев Геннадий Батыревич,1,2026,2026
PERS_23abae7d,Пушкарева Юлия Георгиевна,PERS_c52dfaa0,Цветкова Светлана Олеговна,1,2026,2026
PERS_23abae7d,Пушкарева Юлия Георгиевна,PERS_cb52ebc2,Лемешкина Ксения Вячеславовна,1,2026,2026
PERS_23abae7d,Пушкарева Юлия Георгиевна,PERS_ced3d7b4,Молина Анна Валерьевна,1,2026,2026
PERS_23abae7d,Пушкарева Юлия Георгиевна,PERS_d01427ca,Бещук Юлия Владимировна,1,2026,2026
PERS_23abae7d,Пушкарева Юлия Георгиевна,PERS_d3c5382c,Попова Ирина Фёдоровна,1,2026,2026
PERS_23abae7d,Пушкарева Юлия Георгиевна,PERS_d98da899,Рыжакова Светлана Игоревна,1,2026,2026
PERS_23abae7d,Пушкарева Юлия Георгиевна,PERS_d9d69ac2,Петров Павел Яковлевич,1,2026,2026
PERS_23abae7d,Пушкарева Юлия Георгиевна,PERS_db046be0,Сабирова Римма Наилевна,1,2026,2026
PERS_23abae7d,Пушкарева Юлия Георгиевна,PERS_e1dd6b3e,Лидова Наталья Ростиславовна,2,2025,2026
PERS_23abae7d,Пушкарева Юлия Георгиевна,PERS_f19cd8a1,Котин Игорь Юрьевич,1,2026,2026
PERS_23abae7d,Пушкарева Юлия Георгиевна,PERS_f5a69b65,Кройцер Светлана Александровна,1,2025,2025
PERS_23abae7d,Пушкарева Юлия Георгиевна,PERS_f8ab5755,Оранская Татьяна Иосифовна,2,2025,2026
PERS_23abae7d,Пушкарева Юлия Георгиевна,PERS_fb25c80f,Ермакова Татьяна Викторовна,2,2025,2026
PERS_24dbb676,Кудрявский Дмитрий Николаевич,PERS_287fe378,Рыбакова Анна Геннадьевна,1,2011,2011
PERS_24dbb676,Кудрявский Дмитрий Николаевич,PERS_2c40b9b1,Гуров Никита Владимирович,1,2015,2015
PERS_24dbb676,Кудрявский Дмитрий Николаевич,PERS_3c7d41ac,Фомин Максим Сергеевич,1,2011,2011
PERS_24dbb676,Кудрявский Дмитрий Николаевич,PERS_3e105f43,Игнатьев Андрей Александрович,1,2011,2011
PERS_24dbb676,Кудрявский Дмитрий Николаевич,PERS_45cebd8f,Минаев Иван Павлович,3,2007,2017
PERS_24dbb676,Кудрявский Дмитрий Николаевич,PERS_4fff9d16,Минаева Маргарита Денисовна,2,2015,2017
PERS_24dbb676,Кудрявский Дмитрий Николаевич,PERS_5cae5a20,Щербатской Фёдор Ипполитович,2,2007,2015
PERS_24dbb676,Кудрявский Дмитрий Николаевич,PERS_6d302e31,Лебедев Герасим Степанович,2,2007,2015
PERS_24dbb676,Кудрявский Дмитрий Николаевич,PERS_6e211759,Иванов Владимир Павлович,3,2011,2017
PERS_24dbb676,Кудрявский Дмитрий Николаевич,PERS_773647fc,Баранников Алексей Петрович,1,2015,2015
PERS_24dbb676,Кудрявский Дмитрий Николаевич,PERS_82364943,Миллер Всеволод Фёдорович,4,2011,2022
PERS_24dbb676,Кудрявский Дмитрий Николаевич,PERS_8516d1e4,Гасунс Марцис Юрьевич,9,2007,2021
PERS_24dbb676,Кудрявский Дмитрий Николаевич,PERS_9d99092c,Рыбаков Р. Б.,1,2011,2011
PERS_24dbb676,Кудрявский Дмитрий Николаевич,PERS_a0f3d86d,Сергеева Варвара Алексеевна,1,2011,2011
PERS_24dbb676,Кудрявский Дмитрий Николаевич,PERS_a901d460,Фаградян Марина Александровна,2,2007,2011
PERS_24dbb676,Кудрявский Дмитрий Николаевич,PERS_ab6bf9e3,Смирнов Борис Леонидович,1,2011,2011
PERS_24dbb676,Кудрявский Дмитрий Николаевич,PERS_ba537782,М. И. Петрова,2,2007,2018
PERS_24dbb676,Кудрявский Дмитрий Николаевич,PERS_c1cc76b9,А. Я. Таран,1,2015,2015
PERS_24dbb676,Кудрявский Дмитрий Николаевич,PERS_cd0d4845,Обермиллер Евгений Евгеньевич,1,2015,2015
PERS_24dbb676,Кудрявский Дмитрий Николаевич,PERS_cfb92c5f,Уланский Евгений Андреевич,3,2017,2019
PERS_24dbb676,Кудрявский Дмитрий Николаевич,PERS_d9d69ac2,Петров Павел Яковлевич,4,2007,2018
PERS_24dbb676,Кудрявский Дмитрий Николаевич,PERS_f56c5a7e,Жукова Любовь Евгеньевна,2,2009,2010
PERS_260a598a,Пахомов Сергей Владимирович,PERS_28317057,Дубянская Татьяна Александровна,4,2019,2024
PERS_260a598a,Пахомов Сергей Владимирович,PERS_287fe378,Рыбакова Анна Геннадьевна,4,2019,2024
PERS_260a598a,Пахомов Сергей Владимирович,PERS_2a2e5602,Коровина Евгения Владимировна,2,2019,2021
PERS_260a598a,Пахомов Сергей Владимирович,PERS_2c40b9b1,Гуров Никита Владимирович,1,2021,2021
PERS_260a598a,Пахомов Сергей Владимирович,PERS_2fd442aa,Офертас Станислав Чеславович,2,2021,2024
PERS_260a598a,Пахомов Сергей Владимирович,PERS_310b2911,Толчельников Иван Евгеньевич,1,2024,2024
PERS_260a598a,Пахомов Сергей Владимирович,PERS_3357f25b,Скороходова Татьяна Григорьевна,4,2019,2024
PERS_260a598a,Пахомов Сергей Владимирович,PERS_34c0d384,Павлова Мария Борисовна,2,2021,2024
PERS_260a598a,Пахомов Сергей Владимирович,PERS_36dabb79,Гурия Анастасия Георгиевна,2,2021,2024
PERS_260a598a,Пахомов Сергей Владимирович,PERS_37c15317,Калина А. Э.,1,2024,2024
PERS_260a598a,Пахомов Сергей Владимирович,PERS_3b196639,Гордийчук Николай Валентинович,5,2019,2021
PERS_260a598a,Пахомов Сергей Владимирович,PERS_3c202afd,Крапивина Раиса Николаевна,2,2021,2024
PERS_260a598a,Пахомов Сергей Владимирович,PERS_3c7d41ac,Фомин Максим Сергеевич,1,2021,2021
PERS_260a598a,Пахомов Сергей Владимирович,PERS_3ccc9bd7,А. Солька,2,2021,2024
PERS_260a598a,Пахомов Сергей Владимирович,PERS_3d22e8d4,Стрелков Андрей Михайлович,2,2021,2024
PERS_260a598a,Пахомов Сергей Владимирович,PERS_3e105f43,Игнатьев Андрей Александрович,4,2019,2024
PERS_260a598a,Пахомов Сергей Владимирович,PERS_3e952361,Хохлов Александр Николаевич,1,2021,2021
PERS_260a598a,Пахомов Сергей Владимирович,PERS_3f406fe3,Кравцова Е. Р.,1,2024,2024
PERS_260a598a,Пахомов Сергей Владимирович,PERS_41d6aa73,Воробьева Дарья Николаевна,3,2021,2024
PERS_260a598a,Пахомов Сергей Владимирович,PERS_45a76880,Кораблин Денис Александрович,2,2021,2024
PERS_260a598a,Пахомов Сергей Владимирович,PERS_45cebd8f,Минаев Иван Павлович,4,2019,2024
PERS_260a598a,Пахомов Сергей Владимирович,PERS_467d4dbb,Клебанов Андрей Александрович,1,2021,2021
PERS_260a598a,Пахомов Сергей Владимирович,PERS_48b3bec3,Ч. Санчай,2,2019,2024
PERS_260a598a,Пахомов Сергей Владимирович,PERS_4fff9d16,Минаева Маргарита Денисовна,2,2020,2024
PERS_260a598a,Пахомов Сергей Владимирович,PERS_50c46233,Маретина Ксения Александровна,2,2021,2024
PERS_260a598a,Пахомов Сергей Владимирович,PERS_50d73711,Смирнитская Анна Александровна,4,2019,2021
PERS_260a598a,Пахомов Сергей Владимирович,PERS_5228da95,Вертоградова Виктория Викторовна,2,2021,2024
PERS_260a598a,Пахомов Сергей Владимирович,PERS_56508328,Десницкая Евгения Алексеевна,5,2019,2024
PERS_260a598a,Пахомов Сергей Владимирович,PERS_587b08ec,Леонов Михаил Васильевич,5,2021,2026
PERS_260a598a,Пахомов Сергей Владимирович,PERS_58b39545,Ренковская Евгения Алексеевна,4,2019,2021
PERS_260a598a,Пахомов Сергей Владимирович,PERS_5d34c947,Волошина Оксана Анатольевна,3,2019,2021
PERS_260a598a,Пахомов Сергей Владимирович,PERS_5e2a5a5c,Столярова Екатерина Владимировна,2,2019,2024
PERS_260a598a,Пахомов Сергей Владимирович,PERS_5ed752d9,Китинов Баатр Учаевич,2,2021,2024
PERS_260a598a,Пахомов Сергей Владимирович,PERS_5f6fa17b,Пахомова Александра Михайловна,10,2019,2026
PERS_260a598a,Пахомов Сергей Владимирович,PERS_6578b52d,Тюлина Елена Владимировна,2,2021,2024
PERS_260a598a,Пахомов Сергей Владимирович,PERS_68e9019d,Малютин Иван Иванович,1,2024,2024
PERS_260a598a,Пахомов Сергей Владимирович,PERS_69750b7c,Мазурина Валентина Николаевна,1,2021,2021
PERS_260a598a,Пахомов Сергей Владимирович,PERS_6a84adb8,Макаев Энвер Ахмедович,1,2021,2021
PERS_260a598a,Пахомов Сергей Владимирович,PERS_6ae5c779,Фивейская Анастасия Васильевна,3,2021,2024
PERS_260a598a,Пахомов Сергей Владимирович,PERS_6b867946,Смирнова Екатерина Викторовна,1,2021,2021
PERS_260a598a,Пахомов Сергей Владимирович,PERS_6e211759,Иванов Владимир Павлович,1,2021,2021
PERS_260a598a,Пахомов Сергей Владимирович,PERS_72506535,Крылова Анастасия Сергеевна,5,2019,2024
PERS_260a598a,Пахомов Сергей Владимирович,PERS_72932969,Рерих Юрий Николаевич,2,2021,2024
PERS_260a598a,Пахомов Сергей Владимирович,PERS_7542d270,Демченко Максим Борисович,6,2019,2026
PERS_260a598a,Пахомов Сергей Владимирович,PERS_7eb0dc30,Зимина Татьяна Александровна,2,2019,2020
PERS_260a598a,Пахомов Сергей Владимирович,PERS_7f908d49,Стрельцова Лилия Александровна,3,2019,2024
PERS_260a598a,Пахомов Сергей Владимирович,PERS_8108c314,Ерченков Олег Николаевич,3,2019,2024
PERS_260a598a,Пахомов Сергей Владимирович,PERS_829c1de5,Васильков Ярослав Владимирович,5,2019,2024
PERS_260a598a,Пахомов Сергей Владимирович,PERS_8516d1e4,Гасунс Марцис Юрьевич,7,2019,2024
PERS_260a598a,Пахомов Сергей Владимирович,PERS_8df3730a,Донченко Сергей Сергеевич,2,2019,2024
PERS_260a598a,Пахомов Сергей Владимирович,PERS_8df81b6d,Лужинская Полина Александровна,1,2024,2024
PERS_260a598a,Пахомов Сергей Владимирович,PERS_8e117242,Юдицкая Екатерина Алексеевна,4,2019,2021
PERS_260a598a,Пахомов Сергей Владимирович,PERS_91b473b1,Челнокова Анна Витальевна,2,2021,2024
PERS_260a598a,Пахомов Сергей Владимирович,PERS_9366fe2c,Крыштоп Людмила Эдуардовна,2,2020,2021
PERS_260a598a,Пахомов Сергей Владимирович,PERS_9374fd12,Вырщиков Евгений Геннадьевич,2,2021,2024
PERS_260a598a,Пахомов Сергей Владимирович,PERS_93e2effb,Комиссаров Дмитрий Алексеевич,2,2021,2024
PERS_260a598a,Пахомов Сергей Владимирович,PERS_9a855a7b,Альбедиль Маргарита Федоровна,3,2019,2024
PERS_260a598a,Пахомов Сергей Владимирович,PERS_9d99092c,Рыбаков Р. Б.,4,2019,2024
PERS_260a598a,Пахомов Сергей Владимирович,PERS_9e9c9566,Лекарева Ева Павловна,2,2021,2024
PERS_260a598a,Пахомов Сергей Владимирович,PERS_9f398436,Куликов Леонид Игоревич,3,2020,2021
PERS_260a598a,Пахомов Сергей Владимирович,PERS_a0264ac5,Бурмистров Сергей Леонидович,4,2019,2024
PERS_260a598a,Пахомов Сергей Владимирович,PERS_a0f3d86d,Сергеева Варвара Алексеевна,1,2026,2026
PERS_260a598a,Пахомов Сергей Владимирович,PERS_a84aedaa,Шомахмадов Сафарали Хайбуллоевич,1,2021,2021
PERS_260a598a,Пахомов Сергей Владимирович,PERS_a8983673,Вигель Нарине Липаритовна,1,2024,2024
PERS_260a598a,Пахомов Сергей Владимирович,PERS_a901d460,Фаградян Марина Александровна,2,2019,2021
PERS_260a598a,Пахомов Сергей Владимирович,PERS_ab6bf9e3,Смирнов Борис Леонидович,1,2021,2021
PERS_260a598a,Пахомов Сергей Владимирович,PERS_b62a9567,Курочкин Александр Юрьевич,1,2019,2019
PERS_260a598a,Пахомов Сергей Владимирович,PERS_b76851a7,Митруев Бембя Леонидович,1,2021,2021
PERS_260a598a,Пахомов Сергей Владимирович,PERS_b881461b,Яковлева Мария Николаевна,1,2019,2019
PERS_260a598a,Пахомов Сергей Владимирович,PERS_ba537782,М. И. Петрова,1,2021,2021
PERS_260a598a,Пахомов Сергей Владимирович,PERS_bbd15f4f,Степин А. А.,1,2024,2024
PERS_260a598a,Пахомов Сергей Владимирович,PERS_bc97fb65,Краснодембская Нина Георгиевна,4,2019,2024
PERS_260a598a,Пахомов Сергей Владимирович,PERS_bcaec2d8,Дружинин Владимир Юрьевич,1,2021,2021
PERS_260a598a,Пахомов Сергей Владимирович,PERS_bd77e495,Корнеев Геннадий Батыревич,6,2019,2024
PERS_260a598a,Пахомов Сергей Владимирович,PERS_c48611e0,Островская Елена Петровна,5,2019,2024
PERS_260a598a,Пахомов Сергей Владимирович,PERS_c52dfaa0,Цветкова Светлана Олеговна,4,2019,2024
PERS_260a598a,Пахомов Сергей Владимирович,PERS_c5677a3f,Зорин Алексей Валерьевич,2,2019,2021
PERS_260a598a,Пахомов Сергей Владимирович,PERS_c6bbcef3,Битинайте Елена Алексеевна,2,2019,2020
PERS_260a598a,Пахомов Сергей Владимирович,PERS_cb52ebc2,Лемешкина Ксения Вячеславовна,2,2020,2024
PERS_260a598a,Пахомов Сергей Владимирович,PERS_cd0d4845,Обермиллер Евгений Евгеньевич,1,2024,2024
PERS_260a598a,Пахомов Сергей Владимирович,PERS_ced3d7b4,Молина Анна Валерьевна,2,2024,2024
PERS_260a598a,Пахомов Сергей Владимирович,PERS_cfb92c5f,Уланский Евгений Андреевич,4,2019,2021
PERS_260a598a,Пахомов Сергей Владимирович,PERS_d218805b,Крюкова Виктория Юрьевна,2,2019,2024
PERS_260a598a,Пахомов Сергей Владимирович,PERS_d3c5382c,Попова Ирина Фёдоровна,2,2019,2021
PERS_260a598a,Пахомов Сергей Владимирович,PERS_d98da899,Рыжакова Светлана Игоревна,5,2019,2024
PERS_260a598a,Пахомов Сергей Владимирович,PERS_da862dde,Дробышев Юлий Игорьевич,2,2021,2024
PERS_260a598a,Пахомов Сергей Владимирович,PERS_db046be0,Сабирова Римма Наилевна,4,2019,2021
PERS_260a598a,Пахомов Сергей Владимирович,PERS_e1dd6b3e,Лидова Наталья Ростиславовна,4,2021,2024
PERS_260a598a,Пахомов Сергей Владимирович,PERS_e31ca12d,Вечерина Ольга Павловна,5,2019,2021
PERS_260a598a,Пахомов Сергей Владимирович,PERS_e72d4c09,Огнева Елена Дмитриевна,1,2021,2021
PERS_260a598a,Пахомов Сергей Владимирович,PERS_e9545a0b,Шустова Алла Михайловна,2,2021,2024
PERS_260a598a,Пахомов Сергей Владимирович,PERS_ea44fd14,Люлина Анастасия Геннадьевна,2,2021,2024
PERS_260a598a,Пахомов Сергей Владимирович,PERS_ebc1c3c2,Лундышева Ольга Владимировна,2,2026,2026
PERS_260a598a,Пахомов Сергей Владимирович,PERS_f2fef030,Мехакян Арег Гайкович,2,2021,2021
PERS_260a598a,Пахомов Сергей Владимирович,PERS_f56c5a7e,Жукова Любовь Евгеньевна,2,2021,2024
PERS_260a598a,Пахомов Сергей Владимирович,PERS_f5b8b340,Вигасин Алексей Алексеевич,1,2024,2024
PERS_260a598a,Пахомов Сергей Владимирович,PERS_f8ab5755,Оранская Татьяна Иосифовна,3,2019,2024
PERS_260a598a,Пахомов Сергей Владимирович,PERS_f940c5b3,Стрелкова Гюзэль Владимировна,2,2021,2024
PERS_260a598a,Пахомов Сергей Владимирович,PERS_fb25c80f,Ермакова Татьяна Викторовна,4,2019,2024
PERS_28317057,Дубянская Татьяна Александровна,PERS_287fe378,Рыбакова Анна Геннадьевна,3,2019,2024
PERS_28317057,Дубянская Татьяна Александровна,PERS_2a2e5602,Коровина Евгения Владимировна,1,2019,2019
PERS_28317057,Дубянская Татьяна Александровна,PERS_2c40b9b1,Гуров Никита Владимирович,1,2021,2021
PERS_28317057,Дубянская Татьяна Александровна,PERS_310b2911,Толчельников Иван Евгеньевич,1,2024,2024
PERS_28317057,Дубянская Татьяна Александровна,PERS_3357f25b,Скороходова Татьяна Григорьевна,3,2019,2024
PERS_28317057,Дубянская Татьяна Александровна,PERS_34c0d384,Павлова Мария Борисовна,2,2021,2024
PERS_28317057,Дубянская Татьяна Александровна,PERS_36dabb79,Гурия Анастасия Георгиевна,1,2021,2021
PERS_28317057,Дубянская Татьяна Александровна,PERS_37c15317,Калина А. Э.,1,2024,2024
PERS_28317057,Дубянская Татьяна Александровна,PERS_3b196639,Гордийчук Николай Валентинович,3,2019,2021
PERS_28317057,Дубянская Татьяна Александровна,PERS_3c202afd,Крапивина Раиса Николаевна,1,2024,2024
PERS_28317057,Дубянская Татьяна Александровна,PERS_3d22e8d4,Стрелков Андрей Михайлович,2,2021,2024
PERS_28317057,Дубянская Татьяна Александровна,PERS_3e105f43,Игнатьев Андрей Александрович,3,2019,2024
PERS_28317057,Дубянская Татьяна Александровна,PERS_3e952361,Хохлов Александр Николаевич,1,2021,2021
PERS_28317057,Дубянская Татьяна Александровна,PERS_3f406fe3,Кравцова Е. Р.,1,2024,2024
PERS_28317057,Дубянская Татьяна Александровна,PERS_41d6aa73,Воробьева Дарья Николаевна,2,2021,2024
PERS_28317057,Дубянская Татьяна Александровна,PERS_45cebd8f,Минаев Иван Павлович,3,2019,2024
PERS_28317057,Дубянская Татьяна Александровна,PERS_48b3bec3,Ч. Санчай,1,2019,2019
PERS_28317057,Дубянская Татьяна Александровна,PERS_4fff9d16,Минаева Маргарита Денисовна,1,2020,2020
PERS_28317057,Дубянская Татьяна Александровна,PERS_50c46233,Маретина Ксения Александровна,3,2019,2024
PERS_28317057,Дубянская Татьяна Александровна,PERS_50d73711,Смирнитская Анна Александровна,3,2019,2021
PERS_28317057,Дубянская Татьяна Александровна,PERS_5228da95,Вертоградова Виктория Викторовна,1,2021,2021
PERS_28317057,Дубянская Татьяна Александровна,PERS_56508328,Десницкая Евгения Алексеевна,4,2019,2024
PERS_28317057,Дубянская Татьяна Александровна,PERS_587b08ec,Леонов Михаил Васильевич,2,2021,2024
PERS_28317057,Дубянская Татьяна Александровна,PERS_58b39545,Ренковская Евгения Алексеевна,2,2019,2021
PERS_28317057,Дубянская Татьяна Александровна,PERS_5d34c947,Волошина Оксана Анатольевна,2,2019,2020
PERS_28317057,Дубянская Татьяна Александровна,PERS_5e2a5a5c,Столярова Екатерина Владимировна,2,2019,2024
PERS_28317057,Дубянская Татьяна Александровна,PERS_5f6fa17b,Пахомова Александра Михайловна,1,2021,2021
PERS_28317057,Дубянская Татьяна Александровна,PERS_61202bf3,Алиханова Юлия Марковна,1,2021,2021
PERS_28317057,Дубянская Татьяна Александровна,PERS_62575c35,Гусева Наталья Романовна,1,2019,2019
PERS_28317057,Дубянская Татьяна Александровна,PERS_68e9019d,Малютин Иван Иванович,1,2024,2024
PERS_28317057,Дубянская Татьяна Александровна,PERS_69750b7c,Мазурина Валентина Николаевна,2,2019,2021
PERS_28317057,Дубянская Татьяна Александровна,PERS_6a84adb8,Макаев Энвер Ахмедович,1,2021,2021
PERS_28317057,Дубянская Татьяна Александровна,PERS_6ae5c779,Фивейская Анастасия Васильевна,2,2021,2024
PERS_28317057,Дубянская Татьяна Александровна,PERS_6b867946,Смирнова Екатерина Викторовна,1,2021,2021
PERS_28317057,Дубянская Татьяна Александровна,PERS_72506535,Крылова Анастасия Сергеевна,3,2019,2024
PERS_28317057,Дубянская Татьяна Александровна,PERS_7542d270,Демченко Максим Борисович,3,2019,2024
PERS_28317057,Дубянская Татьяна Александровна,PERS_7eb0dc30,Зимина Татьяна Александровна,2,2019,2020
PERS_28317057,Дубянская Татьяна Александровна,PERS_7f908d49,Стрельцова Лилия Александровна,3,2019,2024
PERS_28317057,Дубянская Татьяна Александровна,PERS_8108c314,Ерченков Олег Николаевич,3,2019,2024
PERS_28317057,Дубянская Татьяна Александровна,PERS_829c1de5,Васильков Ярослав Владимирович,4,2019,2024
PERS_28317057,Дубянская Татьяна Александровна,PERS_8516d1e4,Гасунс Марцис Юрьевич,5,2019,2024
PERS_28317057,Дубянская Татьяна Александровна,PERS_8df3730a,Донченко Сергей Сергеевич,2,2019,2024
PERS_28317057,Дубянская Татьяна Александровна,PERS_8df81b6d,Лужинская Полина Александровна,1,2024,2024
PERS_28317057,Дубянская Татьяна Александровна,PERS_8e117242,Юдицкая Екатерина Алексеевна,2,2019,2020
PERS_28317057,Дубянская Татьяна Александровна,PERS_91b473b1,Челнокова Анна Витальевна,2,2021,2024
PERS_28317057,Дубянская Татьяна Александровна,PERS_9366fe2c,Крыштоп Людмила Эдуардовна,2,2020,2021
PERS_28317057,Дубянская Татьяна Александровна,PERS_93e2effb,Комиссаров Дмитрий Алексеевич,1,2024,2024
PERS_28317057,Дубянская Татьяна Александровна,PERS_9a855a7b,Альбедиль Маргарита Федоровна,4,2019,2024
PERS_28317057,Дубянская Татьяна Александровна,PERS_9d99092c,Рыбаков Р. Б.,3,2019,2024
PERS_28317057,Дубянская Татьяна Александровна,PERS_9e9c9566,Лекарева Ева Павловна,2,2021,2024
PERS_28317057,Дубянская Татьяна Александровна,PERS_9f398436,Куликов Леонид Игоревич,2,2020,2021
PERS_28317057,Дубянская Татьяна Александровна,PERS_a0264ac5,Бурмистров Сергей Леонидович,3,2019,2024
PERS_28317057,Дубянская Татьяна Александровна,PERS_a901d460,Фаградян Марина Александровна,3,2019,2021
PERS_28317057,Дубянская Татьяна Александровна,PERS_aa964a12,Самозванцев Андрей Михайлович,1,2021,2021
PERS_28317057,Дубянская Татьяна Александровна,PERS_ab6bf9e3,Смирнов Борис Леонидович,1,2021,2021
PERS_28317057,Дубянская Татьяна Александровна,PERS_b2c121e9,Успенская Елена Николаевна,1,2019,2019
PERS_28317057,Дубянская Татьяна Александровна,PERS_b62a9567,Курочкин Александр Юрьевич,1,2019,2019
PERS_28317057,Дубянская Татьяна Александровна,PERS_b881461b,Яковлева Мария Николаевна,1,2019,2019
PERS_28317057,Дубянская Татьяна Александровна,PERS_ba537782,М. И. Петрова,1,2021,2021
PERS_28317057,Дубянская Татьяна Александровна,PERS_bbd15f4f,Степин А. А.,1,2024,2024
PERS_28317057,Дубянская Татьяна Александровна,PERS_bc97fb65,Краснодембская Нина Георгиевна,4,2019,2024
PERS_28317057,Дубянская Татьяна Александровна,PERS_bd77e495,Корнеев Геннадий Батыревич,3,2019,2024
PERS_28317057,Дубянская Татьяна Александровна,PERS_c48611e0,Островская Елена Петровна,4,2019,2024
PERS_28317057,Дубянская Татьяна Александровна,PERS_c52dfaa0,Цветкова Светлана Олеговна,1,2019,2019
PERS_28317057,Дубянская Татьяна Александровна,PERS_c5677a3f,Зорин Алексей Валерьевич,1,2019,2019
PERS_28317057,Дубянская Татьяна Александровна,PERS_c6bbcef3,Битинайте Елена Алексеевна,2,2019,2020
PERS_28317057,Дубянская Татьяна Александровна,PERS_cb52ebc2,Лемешкина Ксения Вячеславовна,2,2020,2024
PERS_28317057,Дубянская Татьяна Александровна,PERS_cd0d4845,Обермиллер Евгений Евгеньевич,1,2024,2024
PERS_28317057,Дубянская Татьяна Александровна,PERS_ced3d7b4,Молина Анна Валерьевна,1,2024,2024
PERS_28317057,Дубянская Татьяна Александровна,PERS_cfb92c5f,Уланский Евгений Андреевич,3,2019,2021
PERS_28317057,Дубянская Татьяна Александровна,PERS_d218805b,Крюкова Виктория Юрьевна,2,2019,2024
PERS_28317057,Дубянская Татьяна Александровна,PERS_d3c5382c,Попова Ирина Фёдоровна,1,2019,2019
PERS_28317057,Дубянская Татьяна Александровна,PERS_d98da899,Рыжакова Светлана Игоревна,4,2019,2024
PERS_28317057,Дубянская Татьяна Александровна,PERS_d9d69ac2,Петров Павел Яковлевич,1,2019,2019
PERS_28317057,Дубянская Татьяна Александровна,PERS_db046be0,Сабирова Римма Наилевна,3,2019,2021
PERS_28317057,Дубянская Татьяна Александровна,PERS_e1dd6b3e,Лидова Наталья Ростиславовна,1,2024,2024
PERS_28317057,Дубянская Татьяна Александровна,PERS_e31ca12d,Вечерина Ольга Павловна,3,2019,2021
PERS_28317057,Дубянская Татьяна Александровна,PERS_e5a5ac24,Невелева Светлана Леонидовна,2,2019,2021
PERS_28317057,Дубянская Татьяна Александровна,PERS_ed83f502,Селиванова Тамара Петровна,1,2019,2019
PERS_28317057,Дубянская Татьяна Александровна,PERS_f56c5a7e,Жукова Любовь Евгеньевна,2,2021,2024
PERS_28317057,Дубянская Татьяна Александровна,PERS_f5b8b340,Вигасин Алексей Алексеевич,1,2021,2021
PERS_28317057,Дубянская Татьяна Александровна,PERS_f8ab5755,Оранская Татьяна Иосифовна,5,2019,2024
PERS_28317057,Дубянская Татьяна Александровна,PERS_f940c5b3,Стрелкова Гюзэль Владимировна,2,2021,2024
PERS_28317057,Дубянская Татьяна Александровна,PERS_fb25c80f,Ермакова Татьяна Викторовна,3,2019,2024
PERS_287fe378,Рыбакова Анна Геннадьевна,PERS_2a2e5602,Коровина Евгения Владимировна,3,2019,2026
PERS_287fe378,Рыбакова Анна Геннадьевна,PERS_310b2911,Толчельников Иван Евгеньевич,3,2024,2026
PERS_287fe378,Рыбакова Анна Геннадьевна,PERS_3357f25b,Скороходова Татьяна Григорьевна,5,2019,2026
PERS_287fe378,Рыбакова Анна Геннадьевна,PERS_34c0d384,Павлова Мария Борисовна,2,2024,2026
PERS_287fe378,Рыбакова Анна Геннадьевна,PERS_35c57654,Егорова Мария Александровна,1,2026,2026
PERS_287fe378,Рыбакова Анна Геннадьевна,PERS_377db63e,Седукова Надежда Александровна,1,2026,2026
PERS_287fe378,Рыбакова Анна Геннадьевна,PERS_37c15317,Калина А. Э.,1,2024,2024
PERS_287fe378,Рыбакова Анна Геннадьевна,PERS_37d557c2,Анисимова Дарья Дмитриевна,1,2026,2026
PERS_287fe378,Рыбакова Анна Геннадьевна,PERS_3b196639,Гордийчук Николай Валентинович,3,2019,2021
PERS_287fe378,Рыбакова Анна Геннадьевна,PERS_3c202afd,Крапивина Раиса Николаевна,1,2024,2024
PERS_287fe378,Рыбакова Анна Геннадьевна,PERS_3c7d41ac,Фомин Максим Сергеевич,1,2011,2011
PERS_287fe378,Рыбакова Анна Геннадьевна,PERS_3d22e8d4,Стрелков Андрей Михайлович,1,2024,2024
PERS_287fe378,Рыбакова Анна Геннадьевна,PERS_3e105f43,Игнатьев Андрей Александрович,6,2011,2026
PERS_287fe378,Рыбакова Анна Геннадьевна,PERS_3f406fe3,Кравцова Е. Р.,1,2024,2024
PERS_287fe378,Рыбакова Анна Геннадьевна,PERS_41d6aa73,Воробьева Дарья Николаевна,1,2024,2024
PERS_287fe378,Рыбакова Анна Геннадьевна,PERS_45cebd8f,Минаев Иван Павлович,4,2019,2026
PERS_287fe378,Рыбакова Анна Геннадьевна,PERS_467d4dbb,Клебанов Андрей Александрович,1,2021,2021
PERS_287fe378,Рыбакова Анна Геннадьевна,PERS_48b3bec3,Ч. Санчай,2,2019,2026
PERS_287fe378,Рыбакова Анна Геннадьевна,PERS_4fff9d16,Минаева Маргарита Денисовна,2,2020,2026
PERS_287fe378,Рыбакова Анна Геннадьевна,PERS_50c46233,Маретина Ксения Александровна,2,2024,2026
PERS_287fe378,Рыбакова Анна Геннадьевна,PERS_50d73711,Смирнитская Анна Александровна,3,2019,2021
PERS_287fe378,Рыбакова Анна Геннадьевна,PERS_56508328,Десницкая Евгения Алексеевна,5,2019,2026
PERS_287fe378,Рыбакова Анна Геннадьевна,PERS_587b08ec,Леонов Михаил Васильевич,2,2024,2026
PERS_287fe378,Рыбакова Анна Геннадьевна,PERS_58b39545,Ренковская Евгения Алексеевна,3,2019,2026
PERS_287fe378,Рыбакова Анна Геннадьевна,PERS_58e18506,Соколова Ирина Александровна,1,2026,2026
PERS_287fe378,Рыбакова Анна Геннадьевна,PERS_5d34c947,Волошина Оксана Анатольевна,5,2019,2026
PERS_287fe378,Рыбакова Анна Геннадьевна,PERS_5e2a5a5c,Столярова Екатерина Владимировна,2,2019,2024
PERS_287fe378,Рыбакова Анна Геннадьевна,PERS_5f6689e8,Дмитриева Виктория Алексеевна,1,2026,2026
PERS_287fe378,Рыбакова Анна Геннадьевна,PERS_68e9019d,Малютин Иван Иванович,1,2024,2024
PERS_287fe378,Рыбакова Анна Геннадьевна,PERS_6ae5c779,Фивейская Анастасия Васильевна,2,2021,2024
PERS_287fe378,Рыбакова Анна Геннадьевна,PERS_6e211759,Иванов Владимир Павлович,3,2011,2026
PERS_287fe378,Рыбакова Анна Геннадьевна,PERS_72506535,Крылова Анастасия Сергеевна,4,2019,2026
PERS_287fe378,Рыбакова Анна Геннадьевна,PERS_7542d270,Демченко Максим Борисович,5,2019,2026
PERS_287fe378,Рыбакова Анна Геннадьевна,PERS_7eb0dc30,Зимина Татьяна Александровна,2,2019,2020
PERS_287fe378,Рыбакова Анна Геннадьевна,PERS_7f908d49,Стрельцова Лилия Александровна,2,2019,2024
PERS_287fe378,Рыбакова Анна Геннадьевна,PERS_8108c314,Ерченков Олег Николаевич,3,2019,2024
PERS_287fe378,Рыбакова Анна Геннадьевна,PERS_82364943,Миллер Всеволод Фёдорович,1,2011,2011
PERS_287fe378,Рыбакова Анна Геннадьевна,PERS_829c1de5,Васильков Ярослав Владимирович,5,2019,2026
PERS_287fe378,Рыбакова Анна Геннадьевна,PERS_8516d1e4,Гасунс Марцис Юрьевич,6,2011,2024
PERS_287fe378,Рыбакова Анна Геннадьевна,PERS_8df3730a,Донченко Сергей Сергеевич,2,2019,2024
PERS_287fe378,Рыбакова Анна Геннадьевна,PERS_8df81b6d,Лужинская Полина Александровна,3,2024,2026
PERS_287fe378,Рыбакова Анна Геннадьевна,PERS_8e117242,Юдицкая Екатерина Алексеевна,3,2019,2021
PERS_287fe378,Рыбакова Анна Геннадьевна,PERS_91b473b1,Челнокова Анна Витальевна,2,2024,2026
PERS_287fe378,Рыбакова Анна Геннадьевна,PERS_92f41884,Касым Софья Васильевна,1,2026,2026
PERS_287fe378,Рыбакова Анна Геннадьевна,PERS_9366fe2c,Крыштоп Людмила Эдуардовна,1,2020,2020
PERS_287fe378,Рыбакова Анна Геннадьевна,PERS_93e2effb,Комиссаров Дмитрий Алексеевич,3,2021,2026
PERS_287fe378,Рыбакова Анна Геннадьевна,PERS_9a855a7b,Альбедиль Маргарита Федоровна,4,2019,2026
PERS_287fe378,Рыбакова Анна Геннадьевна,PERS_9d99092c,Рыбаков Р. Б.,8,2011,2026
PERS_287fe378,Рыбакова Анна Геннадьевна,PERS_9e9c9566,Лекарева Ева Павловна,2,2024,2026
PERS_287fe378,Рыбакова Анна Геннадьевна,PERS_9f398436,Куликов Леонид Игоревич,2,2020,2026
PERS_287fe378,Рыбакова Анна Геннадьевна,PERS_a0264ac5,Бурмистров Сергей Леонидович,4,2019,2026
PERS_287fe378,Рыбакова Анна Геннадьевна,PERS_a0f3d86d,Сергеева Варвара Алексеевна,2,2011,2026
PERS_287fe378,Рыбакова Анна Геннадьевна,PERS_a638a4b3,Федорова Наталья Леонидовна,1,2026,2026
PERS_287fe378,Рыбакова Анна Геннадьевна,PERS_a84aedaa,Шомахмадов Сафарали Хайбуллоевич,2,2021,2026
PERS_287fe378,Рыбакова Анна Геннадьевна,PERS_a901d460,Фаградян Марина Александровна,3,2011,2026
PERS_287fe378,Рыбакова Анна Геннадьевна,PERS_b62a9567,Курочкин Александр Юрьевич,1,2019,2019
PERS_287fe378,Рыбакова Анна Геннадьевна,PERS_b76851a7,Митруев Бембя Леонидович,1,2021,2021
PERS_287fe378,Рыбакова Анна Геннадьевна,PERS_b881461b,Яковлева Мария Николаевна,3,2019,2026
PERS_287fe378,Рыбакова Анна Геннадьевна,PERS_bbd15f4f,Степин А. А.,1,2024,2024
PERS_287fe378,Рыбакова Анна Геннадьевна,PERS_bc97fb65,Краснодембская Нина Георгиевна,4,2019,2024
PERS_287fe378,Рыбакова Анна Геннадьевна,PERS_bcaec2d8,Дружинин Владимир Юрьевич,1,2021,2021
PERS_287fe378,Рыбакова Анна Геннадьевна,PERS_bd77e495,Корнеев Геннадий Батыревич,6,2019,2026
PERS_287fe378,Рыбакова Анна Геннадьевна,PERS_c48611e0,Островская Елена Петровна,4,2019,2024
PERS_287fe378,Рыбакова Анна Геннадьевна,PERS_c52dfaa0,Цветкова Светлана Олеговна,3,2019,2026
PERS_287fe378,Рыбакова Анна Геннадьевна,PERS_c5677a3f,Зорин Алексей Валерьевич,2,2019,2021
PERS_287fe378,Рыбакова Анна Геннадьевна,PERS_c6bbcef3,Битинайте Елена Алексеевна,2,2019,2020
PERS_287fe378,Рыбакова Анна Геннадьевна,PERS_cb52ebc2,Лемешкина Ксения Вячеславовна,3,2020,2026
PERS_287fe378,Рыбакова Анна Геннадьевна,PERS_cd0d4845,Обермиллер Евгений Евгеньевич,1,2024,2024
PERS_287fe378,Рыбакова Анна Геннадьевна,PERS_ced3d7b4,Молина Анна Валерьевна,2,2024,2026
PERS_287fe378,Рыбакова Анна Геннадьевна,PERS_cfb92c5f,Уланский Евгений Андреевич,3,2019,2021
PERS_287fe378,Рыбакова Анна Геннадьевна,PERS_d01427ca,Бещук Юлия Владимировна,1,2026,2026
PERS_287fe378,Рыбакова Анна Геннадьевна,PERS_d218805b,Крюкова Виктория Юрьевна,2,2019,2024
PERS_287fe378,Рыбакова Анна Геннадьевна,PERS_d3c5382c,Попова Ирина Фёдоровна,3,2019,2026
PERS_287fe378,Рыбакова Анна Геннадьевна,PERS_d98da899,Рыжакова Светлана Игоревна,5,2019,2026
PERS_287fe378,Рыбакова Анна Геннадьевна,PERS_d9d69ac2,Петров Павел Яковлевич,1,2026,2026
PERS_287fe378,Рыбакова Анна Геннадьевна,PERS_db046be0,Сабирова Римма Наилевна,4,2019,2026
PERS_287fe378,Рыбакова Анна Геннадьевна,PERS_e1dd6b3e,Лидова Наталья Ростиславовна,3,2021,2026
PERS_287fe378,Рыбакова Анна Геннадьевна,PERS_e31ca12d,Вечерина Ольга Павловна,3,2019,2021
PERS_287fe378,Рыбакова Анна Геннадьевна,PERS_f19cd8a1,Котин Игорь Юрьевич,1,2026,2026
PERS_287fe378,Рыбакова Анна Геннадьевна,PERS_f2fef030,Мехакян Арег Гайкович,1,2021,2021
PERS_287fe378,Рыбакова Анна Геннадьевна,PERS_f56c5a7e,Жукова Любовь Евгеньевна,1,2024,2024
PERS_287fe378,Рыбакова Анна Геннадьевна,PERS_f5a69b65,Кройцер Светлана Александровна,1,2025,2025
PERS_287fe378,Рыбакова Анна Геннадьевна,PERS_f8ab5755,Оранская Татьяна Иосифовна,4,2019,2026
PERS_287fe378,Рыбакова Анна Геннадьевна,PERS_f940c5b3,Стрелкова Гюзэль Владимировна,1,2024,2024
PERS_287fe378,Рыбакова Анна Геннадьевна,PERS_fb25c80f,Ермакова Татьяна Викторовна,5,2019,2026
PERS_2a2e5602,Коровина Евгения Владимировна,PERS_310b2911,Толчельников Иван Евгеньевич,1,2026,2026
PERS_2a2e5602,Коровина Евгения Владимировна,PERS_3357f25b,Скороходова Татьяна Григорьевна,3,2019,2026
PERS_2a2e5602,Коровина Евгения Владимировна,PERS_34c0d384,Павлова Мария Борисовна,1,2026,2026
PERS_2a2e5602,Коровина Евгения Владимировна,PERS_35c57654,Егорова Мария Александровна,1,2026,2026
PERS_2a2e5602,Коровина Евгения Владимировна,PERS_377db63e,Седукова Надежда Александровна,1,2026,2026
PERS_2a2e5602,Коровина Евгения Владимировна,PERS_37d557c2,Анисимова Дарья Дмитриевна,1,2026,2026
PERS_2a2e5602,Коровина Евгения Владимировна,PERS_3b196639,Гордийчук Николай Валентинович,2,2019,2021
PERS_2a2e5602,Коровина Евгения Владимировна,PERS_3e105f43,Игнатьев Андрей Александрович,3,2019,2026
PERS_2a2e5602,Коровина Евгения Владимировна,PERS_45cebd8f,Минаев Иван Павлович,2,2019,2026
PERS_2a2e5602,Коровина Евгения Владимировна,PERS_467d4dbb,Клебанов Андрей Александрович,1,2021,2021
PERS_2a2e5602,Коровина Евгения Владимировна,PERS_48b3bec3,Ч. Санчай,2,2019,2026
PERS_2a2e5602,Коровина Евгения Владимировна,PERS_4fff9d16,Минаева Маргарита Денисовна,1,2026,2026
PERS_2a2e5602,Коровина Евгения Владимировна,PERS_50c46233,Маретина Ксения Александровна,1,2026,2026
PERS_2a2e5602,Коровина Евгения Владимировна,PERS_50d73711,Смирнитская Анна Александровна,2,2019,2021
PERS_2a2e5602,Коровина Евгения Владимировна,PERS_56508328,Десницкая Евгения Алексеевна,3,2019,2026
PERS_2a2e5602,Коровина Евгения Владимировна,PERS_587b08ec,Леонов Михаил Васильевич,1,2026,2026
PERS_2a2e5602,Коровина Евгения Владимировна,PERS_58b39545,Ренковская Евгения Алексеевна,3,2019,2026
PERS_2a2e5602,Коровина Евгения Владимировна,PERS_58e18506,Соколова Ирина Александровна,1,2026,2026
PERS_2a2e5602,Коровина Евгения Владимировна,PERS_5d34c947,Волошина Оксана Анатольевна,3,2019,2026
PERS_2a2e5602,Коровина Евгения Владимировна,PERS_5e2a5a5c,Столярова Екатерина Владимировна,1,2019,2019
PERS_2a2e5602,Коровина Евгения Владимировна,PERS_5f6689e8,Дмитриева Виктория Алексеевна,1,2026,2026
PERS_2a2e5602,Коровина Евгения Владимировна,PERS_6ae5c779,Фивейская Анастасия Васильевна,1,2021,2021
PERS_2a2e5602,Коровина Евгения Владимировна,PERS_6e211759,Иванов Владимир Павлович,2,2021,2026
PERS_2a2e5602,Коровина Евгения Владимировна,PERS_72506535,Крылова Анастасия Сергеевна,3,2019,2026
PERS_2a2e5602,Коровина Евгения Владимировна,PERS_7542d270,Демченко Максим Борисович,3,2019,2026
PERS_2a2e5602,Коровина Евгения Владимировна,PERS_7eb0dc30,Зимина Татьяна Александровна,1,2019,2019
PERS_2a2e5602,Коровина Евгения Владимировна,PERS_7f908d49,Стрельцова Лилия Александровна,1,2019,2019
PERS_2a2e5602,Коровина Евгения Владимировна,PERS_8108c314,Ерченков Олег Николаевич,1,2019,2019
PERS_2a2e5602,Коровина Евгения Владимировна,PERS_829c1de5,Васильков Ярослав Владимирович,3,2019,2026
PERS_2a2e5602,Коровина Евгения Владимировна,PERS_8516d1e4,Гасунс Марцис Юрьевич,2,2019,2021
PERS_2a2e5602,Коровина Евгения Владимировна,PERS_8df3730a,Донченко Сергей Сергеевич,1,2019,2019
PERS_2a2e5602,Коровина Евгения Владимировна,PERS_8df81b6d,Лужинская Полина Александровна,1,2026,2026
PERS_2a2e5602,Коровина Евгения Владимировна,PERS_8e117242,Юдицкая Екатерина Алексеевна,2,2019,2021
PERS_2a2e5602,Коровина Евгения Владимировна,PERS_91b473b1,Челнокова Анна Витальевна,1,2026,2026
PERS_2a2e5602,Коровина Евгения Владимировна,PERS_92f41884,Касым Софья Васильевна,1,2026,2026
PERS_2a2e5602,Коровина Евгения Владимировна,PERS_93e2effb,Комиссаров Дмитрий Алексеевич,2,2021,2026
PERS_2a2e5602,Коровина Евгения Владимировна,PERS_9a855a7b,Альбедиль Маргарита Федоровна,3,2019,2026
PERS_2a2e5602,Коровина Евгения Владимировна,PERS_9d99092c,Рыбаков Р. Б.,3,2019,2026
PERS_2a2e5602,Коровина Евгения Владимировна,PERS_9e9c9566,Лекарева Ева Павловна,1,2026,2026
PERS_2a2e5602,Коровина Евгения Владимировна,PERS_9f398436,Куликов Леонид Игоревич,1,2026,2026
PERS_2a2e5602,Коровина Евгения Владимировна,PERS_a0264ac5,Бурмистров Сергей Леонидович,3,2019,2026
PERS_2a2e5602,Коровина Евгения Владимировна,PERS_a0f3d86d,Сергеева Варвара Алексеевна,1,2026,2026
PERS_2a2e5602,Коровина Евгения Владимировна,PERS_a638a4b3,Федорова Наталья Леонидовна,1,2026,2026
PERS_2a2e5602,Коровина Евгения Владимировна,PERS_a84aedaa,Шомахмадов Сафарали Хайбуллоевич,2,2021,2026
PERS_2a2e5602,Коровина Евгения Владимировна,PERS_a901d460,Фаградян Марина Александровна,2,2019,2026
PERS_2a2e5602,Коровина Евгения Владимировна,PERS_b62a9567,Курочкин Александр Юрьевич,1,2019,2019
PERS_2a2e5602,Коровина Евгения Владимировна,PERS_b76851a7,Митруев Бембя Леонидович,1,2021,2021
PERS_2a2e5602,Коровина Евгения Владимировна,PERS_b881461b,Яковлева Мария Николаевна,2,2019,2026
PERS_2a2e5602,Коровина Евгения Владимировна,PERS_bc97fb65,Краснодембская Нина Георгиевна,2,2019,2021
PERS_2a2e5602,Коровина Евгения Владимировна,PERS_bcaec2d8,Дружинин Владимир Юрьевич,1,2021,2021
PERS_2a2e5602,Коровина Евгения Владимировна,PERS_bd77e495,Корнеев Геннадий Батыревич,3,2019,2026
PERS_2a2e5602,Коровина Евгения Владимировна,PERS_c48611e0,Островская Елена Петровна,2,2019,2021
PERS_2a2e5602,Коровина Евгения Владимировна,PERS_c52dfaa0,Цветкова Светлана Олеговна,3,2019,2026
PERS_2a2e5602,Коровина Евгения Владимировна,PERS_c5677a3f,Зорин Алексей Валерьевич,2,2019,2021
PERS_2a2e5602,Коровина Евгения Владимировна,PERS_c6bbcef3,Битинайте Елена Алексеевна,1,2019,2019
PERS_2a2e5602,Коровина Евгения Владимировна,PERS_cb52ebc2,Лемешкина Ксения Вячеславовна,1,2026,2026
PERS_2a2e5602,Коровина Евгения Владимировна,PERS_ced3d7b4,Молина Анна Валерьевна,1,2026,2026
PERS_2a2e5602,Коровина Евгения Владимировна,PERS_cfb92c5f,Уланский Евгений Андреевич,2,2019,2021
PERS_2a2e5602,Коровина Евгения Владимировна,PERS_d01427ca,Бещук Юлия Владимировна,1,2026,2026
PERS_2a2e5602,Коровина Евгения Владимировна,PERS_d218805b,Крюкова Виктория Юрьевна,1,2019,2019
PERS_2a2e5602,Коровина Евгения Владимировна,PERS_d3c5382c,Попова Ирина Фёдоровна,3,2019,2026
PERS_2a2e5602,Коровина Евгения Владимировна,PERS_d98da899,Рыжакова Светлана Игоревна,3,2019,2026
PERS_2a2e5602,Коровина Евгения Владимировна,PERS_d9d69ac2,Петров Павел Яковлевич,1,2026,2026
PERS_2a2e5602,Коровина Евгения Владимировна,PERS_db046be0,Сабирова Римма Наилевна,3,2019,2026
PERS_2a2e5602,Коровина Евгения Владимировна,PERS_e1dd6b3e,Лидова Наталья Ростиславовна,2,2021,2026
PERS_2a2e5602,Коровина Евгения Владимировна,PERS_e31ca12d,Вечерина Ольга Павловна,2,2019,2021
PERS_2a2e5602,Коровина Евгения Владимировна,PERS_f19cd8a1,Котин Игорь Юрьевич,1,2026,2026
PERS_2a2e5602,Коровина Евгения Владимировна,PERS_f2fef030,Мехакян Арег Гайкович,1,2021,2021
PERS_2a2e5602,Коровина Евгения Владимировна,PERS_f8ab5755,Оранская Татьяна Иосифовна,2,2019,2026
PERS_2a2e5602,Коровина Евгения Владимировна,PERS_fb25c80f,Ермакова Татьяна Викторовна,3,2019,2026
PERS_2c40b9b1,Гуров Никита Владимирович,PERS_34c0d384,Павлова Мария Борисовна,2,2021,2022
PERS_2c40b9b1,Гуров Никита Владимирович,PERS_36dabb79,Гурия Анастасия Георгиевна,1,2021,2021
PERS_2c40b9b1,Гуров Никита Владимирович,PERS_3b196639,Гордийчук Николай Валентинович,1,2021,2021
PERS_2c40b9b1,Гуров Никита Владимирович,PERS_3d22e8d4,Стрелков Андрей Михайлович,1,2021,2021
PERS_2c40b9b1,Гуров Никита Владимирович,PERS_3e952361,Хохлов Александр Николаевич,1,2021,2021
PERS_2c40b9b1,Гуров Никита Владимирович,PERS_3f406fe3,Кравцова Е. Р.,1,2022,2022
PERS_2c40b9b1,Гуров Никита Владимирович,PERS_41d6aa73,Воробьева Дарья Николаевна,2,2021,2022
PERS_2c40b9b1,Гуров Никита Владимирович,PERS_45cebd8f,Минаев Иван Павлович,2,2015,2021
PERS_2c40b9b1,Гуров Никита Владимирович,PERS_4fff9d16,Минаева Маргарита Денисовна,2,2015,2021
PERS_2c40b9b1,Гуров Никита Владимирович,PERS_50c46233,Маретина Ксения Александровна,1,2021,2021
PERS_2c40b9b1,Гуров Никита Владимирович,PERS_50d73711,Смирнитская Анна Александровна,1,2021,2021
PERS_2c40b9b1,Гуров Никита Владимирович,PERS_5228da95,Вертоградова Виктория Викторовна,1,2022,2022
PERS_2c40b9b1,Гуров Никита Владимирович,PERS_56508328,Десницкая Евгения Алексеевна,1,2021,2021
PERS_2c40b9b1,Гуров Никита Владимирович,PERS_587b08ec,Леонов Михаил Васильевич,1,2021,2021
PERS_2c40b9b1,Гуров Никита Владимирович,PERS_58b39545,Ренковская Евгения Алексеевна,1,2021,2021
PERS_2c40b9b1,Гуров Никита Владимирович,PERS_58e18506,Соколова Ирина Александровна,1,2022,2022
PERS_2c40b9b1,Гуров Никита Владимирович,PERS_5cae5a20,Щербатской Фёдор Ипполитович,2,2015,2021
PERS_2c40b9b1,Гуров Никита Владимирович,PERS_5f6689e8,Дмитриева Виктория Алексеевна,1,2022,2022
PERS_2c40b9b1,Гуров Никита Владимирович,PERS_5f6fa17b,Пахомова Александра Михайловна,1,2021,2021
PERS_2c40b9b1,Гуров Никита Владимирович,PERS_61202bf3,Алиханова Юлия Марковна,1,2022,2022
PERS_2c40b9b1,Гуров Никита Владимирович,PERS_69750b7c,Мазурина Валентина Николаевна,2,2021,2022
PERS_2c40b9b1,Гуров Никита Владимирович,PERS_6a84adb8,Макаев Энвер Ахмедович,1,2021,2021
PERS_2c40b9b1,Гуров Никита Владимирович,PERS_6ae5c779,Фивейская Анастасия Васильевна,1,2021,2021
PERS_2c40b9b1,Гуров Никита Владимирович,PERS_6b06637e,Ильин Григорий Фёдорович,1,2022,2022
PERS_2c40b9b1,Гуров Никита Владимирович,PERS_6b867946,Смирнова Екатерина Викторовна,1,2021,2021
PERS_2c40b9b1,Гуров Никита Владимирович,PERS_6d302e31,Лебедев Герасим Степанович,3,2015,2022
PERS_2c40b9b1,Гуров Никита Владимирович,PERS_6e211759,Иванов Владимир Павлович,1,2022,2022
PERS_2c40b9b1,Гуров Никита Владимирович,PERS_72506535,Крылова Анастасия Сергеевна,1,2021,2021
PERS_2c40b9b1,Гуров Никита Владимирович,PERS_72932969,Рерих Юрий Николаевич,2,2021,2022
PERS_2c40b9b1,Гуров Никита Владимирович,PERS_773647fc,Баранников Алексей Петрович,2,2015,2022
PERS_2c40b9b1,Гуров Никита Владимирович,PERS_7da0afff,Демичев Кирилл Андреевич,1,2022,2022
PERS_2c40b9b1,Гуров Никита Владимирович,PERS_7f908d49,Стрельцова Лилия Александровна,1,2021,2021
PERS_2c40b9b1,Гуров Никита Владимирович,PERS_823c1a9f,Розенберг Оттон Оттонович,1,2021,2021
PERS_2c40b9b1,Гуров Никита Владимирович,PERS_829c1de5,Васильков Ярослав Владимирович,2,2021,2021
PERS_2c40b9b1,Гуров Никита Владимирович,PERS_8516d1e4,Гасунс Марцис Юрьевич,1,2021,2021
PERS_2c40b9b1,Гуров Никита Владимирович,PERS_91b473b1,Челнокова Анна Витальевна,1,2021,2021
PERS_2c40b9b1,Гуров Никита Владимирович,PERS_9366fe2c,Крыштоп Людмила Эдуардовна,1,2021,2021
PERS_2c40b9b1,Гуров Никита Владимирович,PERS_9a855a7b,Альбедиль Маргарита Федоровна,1,2021,2021
PERS_2c40b9b1,Гуров Никита Владимирович,PERS_9d99092c,Рыбаков Р. Б.,1,2022,2022
PERS_2c40b9b1,Гуров Никита Владимирович,PERS_9e9c9566,Лекарева Ева Павловна,1,2021,2021
PERS_2c40b9b1,Гуров Никита Владимирович,PERS_9f398436,Куликов Леонид Игоревич,1,2021,2021
PERS_2c40b9b1,Гуров Никита Владимирович,PERS_a0264ac5,Бурмистров Сергей Леонидович,1,2021,2021
PERS_2c40b9b1,Гуров Никита Владимирович,PERS_a901d460,Фаградян Марина Александровна,2,2021,2024
PERS_2c40b9b1,Гуров Никита Владимирович,PERS_ab6bf9e3,Смирнов Борис Леонидович,3,2021,2022
PERS_2c40b9b1,Гуров Никита Владимирович,PERS_b2c121e9,Успенская Елена Николаевна,1,2022,2022
PERS_2c40b9b1,Гуров Никита Владимирович,PERS_b4cdbfb8,Эрман Владимир Гансович,1,2022,2022
PERS_2c40b9b1,Гуров Никита Владимирович,PERS_ba537782,М. И. Петрова,2,2021,2022
PERS_2c40b9b1,Гуров Никита Владимирович,PERS_bbb9116e,Кальянов Владимир Иванович,1,2022,2022
PERS_2c40b9b1,Гуров Никита Владимирович,PERS_c0b7485d,Серебряков Игорь Дмитриевич,1,2022,2022
PERS_2c40b9b1,Гуров Никита Владимирович,PERS_c48611e0,Островская Елена Петровна,1,2021,2021
PERS_2c40b9b1,Гуров Никита Владимирович,PERS_c52dfaa0,Цветкова Светлана Олеговна,1,2022,2022
PERS_2c40b9b1,Гуров Никита Владимирович,PERS_cd0d4845,Обермиллер Евгений Евгеньевич,1,2015,2015
PERS_2c40b9b1,Гуров Никита Владимирович,PERS_d3c5382c,Попова Ирина Фёдоровна,1,2022,2022
PERS_2c40b9b1,Гуров Никита Владимирович,PERS_d98da899,Рыжакова Светлана Игоревна,1,2021,2021
PERS_2c40b9b1,Гуров Никита Владимирович,PERS_d9d69ac2,Петров Павел Яковлевич,2,2021,2022
PERS_2c40b9b1,Гуров Никита Владимирович,PERS_db046be0,Сабирова Римма Наилевна,1,2021,2021
PERS_2c40b9b1,Гуров Никита Владимирович,PERS_e31ca12d,Вечерина Ольга Павловна,1,2021,2021
PERS_2c40b9b1,Гуров Никита Владимирович,PERS_e5a5ac24,Невелева Светлана Леонидовна,1,2021,2021
PERS_2c40b9b1,Гуров Никита Владимирович,PERS_f56c5a7e,Жукова Любовь Евгеньевна,1,2021,2021
PERS_2c40b9b1,Гуров Никита Владимирович,PERS_f8ab5755,Оранская Татьяна Иосифовна,1,2022,2022
PERS_2c40b9b1,Гуров Никита Владимирович,PERS_f940c5b3,Стрелкова Гюзэль Владимировна,1,2021,2021
PERS_2fd442aa,Офертас Станислав Чеславович,PERS_36dabb79,Гурия Анастасия Георгиевна,1,2024,2024
PERS_2fd442aa,Офертас Станислав Чеславович,PERS_3b196639,Гордийчук Николай Валентинович,1,2021,2021
PERS_2fd442aa,Офертас Станислав Чеславович,PERS_3c202afd,Крапивина Раиса Николаевна,1,2021,2021
PERS_2fd442aa,Офертас Станислав Чеславович,PERS_3c7d41ac,Фомин Максим Сергеевич,1,2021,2021
PERS_2fd442aa,Офертас Станислав Чеславович,PERS_3ccc9bd7,А. Солька,2,2021,2024
PERS_2fd442aa,Офертас Станислав Чеславович,PERS_41d6aa73,Воробьева Дарья Николаевна,1,2021,2021
PERS_2fd442aa,Офертас Станислав Чеславович,PERS_45a76880,Кораблин Денис Александрович,2,2021,2024
PERS_2fd442aa,Офертас Станислав Чеславович,PERS_45cebd8f,Минаев Иван Павлович,1,2024,2024
PERS_2fd442aa,Офертас Станислав Чеславович,PERS_48b3bec3,Ч. Санчай,1,2024,2024
PERS_2fd442aa,Офертас Станислав Чеславович,PERS_4fff9d16,Минаева Маргарита Денисовна,1,2024,2024
PERS_2fd442aa,Офертас Станислав Чеславович,PERS_5228da95,Вертоградова Виктория Викторовна,2,2021,2024
PERS_2fd442aa,Офертас Станислав Чеславович,PERS_587b08ec,Леонов Михаил Васильевич,1,2024,2024
PERS_2fd442aa,Офертас Станислав Чеславович,PERS_58b39545,Ренковская Евгения Алексеевна,1,2021,2021
PERS_2fd442aa,Офертас Станислав Чеславович,PERS_5ed752d9,Китинов Баатр Учаевич,2,2021,2024
PERS_2fd442aa,Офертас Станислав Чеславович,PERS_5f6fa17b,Пахомова Александра Михайловна,2,2021,2024
PERS_2fd442aa,Офертас Станислав Чеславович,PERS_6578b52d,Тюлина Елена Владимировна,2,2021,2024
PERS_2fd442aa,Офертас Станислав Чеславович,PERS_72506535,Крылова Анастасия Сергеевна,1,2021,2021
PERS_2fd442aa,Офертас Станислав Чеславович,PERS_72932969,Рерих Юрий Николаевич,2,2021,2024
PERS_2fd442aa,Офертас Станислав Чеславович,PERS_8516d1e4,Гасунс Марцис Юрьевич,1,2024,2024
PERS_2fd442aa,Офертас Станислав Чеславович,PERS_8e117242,Юдицкая Екатерина Алексеевна,1,2021,2021
PERS_2fd442aa,Офертас Станислав Чеславович,PERS_9374fd12,Вырщиков Евгений Геннадьевич,2,2021,2024
PERS_2fd442aa,Офертас Станислав Чеславович,PERS_9f398436,Куликов Леонид Игоревич,1,2021,2021
PERS_2fd442aa,Офертас Станислав Чеславович,PERS_a8983673,Вигель Нарине Липаритовна,1,2024,2024
PERS_2fd442aa,Офертас Станислав Чеславович,PERS_bd77e495,Корнеев Геннадий Батыревич,2,2021,2024
PERS_2fd442aa,Офертас Станислав Чеславович,PERS_c52dfaa0,Цветкова Светлана Олеговна,2,2021,2024
PERS_2fd442aa,Офертас Станислав Чеславович,PERS_ced3d7b4,Молина Анна Валерьевна,1,2024,2024
PERS_2fd442aa,Офертас Станислав Чеславович,PERS_da862dde,Дробышев Юлий Игорьевич,2,2021,2024
PERS_2fd442aa,Офертас Станислав Чеславович,PERS_e1dd6b3e,Лидова Наталья Ростиславовна,2,2021,2024
PERS_2fd442aa,Офертас Станислав Чеславович,PERS_e31ca12d,Вечерина Ольга Павловна,1,2021,2021
PERS_2fd442aa,Офертас Станислав Чеславович,PERS_e72d4c09,Огнева Елена Дмитриевна,1,2021,2021
PERS_2fd442aa,Офертас Станислав Чеславович,PERS_e9545a0b,Шустова Алла Михайловна,2,2021,2024
PERS_2fd442aa,Офертас Станислав Чеславович,PERS_ea44fd14,Люлина Анастасия Геннадьевна,2,2021,2024
PERS_2fd442aa,Офертас Станислав Чеславович,PERS_f2fef030,Мехакян Арег Гайкович,1,2021,2021
PERS_2fd442aa,Офертас Станислав Чеславович,PERS_f5b8b340,Вигасин Алексей Алексеевич,1,2024,2024
PERS_3009a9e0,Коган Антон Ильич,PERS_61de659d,Белов Владимир Николаевич,1,2008,2008
PERS_3009a9e0,Коган Антон Ильич,PERS_7da0afff,Демичев Кирилл Андреевич,1,2008,2008
PERS_3009a9e0,Коган Антон Ильич,PERS_8516d1e4,Гасунс Марцис Юрьевич,1,2022,2022
PERS_3009a9e0,Коган Антон Ильич,PERS_ed83f502,Селиванова Тамара Петровна,1,2008,2008
PERS_3009a9e0,Коган Антон Ильич,PERS_f5a69b65,Кройцер Светлана Александровна,1,2022,2022
PERS_310b2911,Толчельников Иван Евгеньевич,PERS_3357f25b,Скороходова Татьяна Григорьевна,2,2024,2026
PERS_310b2911,Толчельников Иван Евгеньевич,PERS_34c0d384,Павлова Мария Борисовна,2,2024,2026
PERS_310b2911,Толчельников Иван Евгеньевич,PERS_35c57654,Егорова Мария Александровна,1,2026,2026
PERS_310b2911,Толчельников Иван Евгеньевич,PERS_377db63e,Седукова Надежда Александровна,1,2026,2026
PERS_310b2911,Толчельников Иван Евгеньевич,PERS_37c15317,Калина А. Э.,1,2024,2024
PERS_310b2911,Толчельников Иван Евгеньевич,PERS_37d557c2,Анисимова Дарья Дмитриевна,1,2026,2026
PERS_310b2911,Толчельников Иван Евгеньевич,PERS_37f98454,Рудой Валерий Исаакович,1,2024,2024
PERS_310b2911,Толчельников Иван Евгеньевич,PERS_3c202afd,Крапивина Раиса Николаевна,1,2024,2024
PERS_310b2911,Толчельников Иван Евгеньевич,PERS_3d22e8d4,Стрелков Андрей Михайлович,1,2024,2024
PERS_310b2911,Толчельников Иван Евгеньевич,PERS_3e105f43,Игнатьев Андрей Александрович,3,2024,2026
PERS_310b2911,Толчельников Иван Евгеньевич,PERS_3f406fe3,Кравцова Е. Р.,1,2024,2024
PERS_310b2911,Толчельников Иван Евгеньевич,PERS_41d6aa73,Воробьева Дарья Николаевна,1,2024,2024
PERS_310b2911,Толчельников Иван Евгеньевич,PERS_45cebd8f,Минаев Иван Павлович,2,2024,2026
PERS_310b2911,Толчельников Иван Евгеньевич,PERS_467d4dbb,Клебанов Андрей Александрович,1,2025,2025
PERS_310b2911,Толчельников Иван Евгеньевич,PERS_48b3bec3,Ч. Санчай,1,2026,2026
PERS_310b2911,Толчельников Иван Евгеньевич,PERS_4fff9d16,Минаева Маргарита Денисовна,1,2026,2026
PERS_310b2911,Толчельников Иван Евгеньевич,PERS_50c46233,Маретина Ксения Александровна,2,2024,2026
PERS_310b2911,Толчельников Иван Евгеньевич,PERS_56508328,Десницкая Евгения Алексеевна,2,2024,2026
PERS_310b2911,Толчельников Иван Евгеньевич,PERS_587b08ec,Леонов Михаил Васильевич,5,2024,2026
PERS_310b2911,Толчельников Иван Евгеньевич,PERS_58b39545,Ренковская Евгения Алексеевна,1,2026,2026
PERS_310b2911,Толчельников Иван Евгеньевич,PERS_58e18506,Соколова Ирина Александровна,1,2026,2026
PERS_310b2911,Толчельников Иван Евгеньевич,PERS_5d34c947,Волошина Оксана Анатольевна,1,2026,2026
PERS_310b2911,Толчельников Иван Евгеньевич,PERS_5e2a5a5c,Столярова Екатерина Владимировна,1,2024,2024
PERS_310b2911,Толчельников Иван Евгеньевич,PERS_5f6689e8,Дмитриева Виктория Алексеевна,1,2026,2026
PERS_310b2911,Толчельников Иван Евгеньевич,PERS_68e9019d,Малютин Иван Иванович,2,2024,2024
PERS_310b2911,Толчельников Иван Евгеньевич,PERS_6ae5c779,Фивейская Анастасия Васильевна,1,2024,2024
PERS_310b2911,Толчельников Иван Евгеньевич,PERS_6e211759,Иванов Владимир Павлович,9,2025,2026
PERS_310b2911,Толчельников Иван Евгеньевич,PERS_72506535,Крылова Анастасия Сергеевна,3,2024,2026
PERS_310b2911,Толчельников Иван Евгеньевич,PERS_72932969,Рерих Юрий Николаевич,1,2025,2025
PERS_310b2911,Толчельников Иван Евгеньевич,PERS_7542d270,Демченко Максим Борисович,2,2024,2026
PERS_310b2911,Толчельников Иван Евгеньевич,PERS_7f908d49,Стрельцова Лилия Александровна,1,2024,2024
PERS_310b2911,Толчельников Иван Евгеньевич,PERS_8108c314,Ерченков Олег Николаевич,1,2024,2024
PERS_310b2911,Толчельников Иван Евгеньевич,PERS_829c1de5,Васильков Ярослав Владимирович,2,2024,2026
PERS_310b2911,Толчельников Иван Евгеньевич,PERS_8516d1e4,Гасунс Марцис Юрьевич,5,2024,2025
PERS_310b2911,Толчельников Иван Евгеньевич,PERS_8df3730a,Донченко Сергей Сергеевич,1,2024,2024
PERS_310b2911,Толчельников Иван Евгеньевич,PERS_8df81b6d,Лужинская Полина Александровна,3,2024,2026
PERS_310b2911,Толчельников Иван Евгеньевич,PERS_91b473b1,Челнокова Анна Витальевна,2,2024,2026
PERS_310b2911,Толчельников Иван Евгеньевич,PERS_92f41884,Касым Софья Васильевна,1,2026,2026
PERS_310b2911,Толчельников Иван Евгеньевич,PERS_93e2effb,Комиссаров Дмитрий Алексеевич,2,2024,2026
PERS_310b2911,Толчельников Иван Евгеньевич,PERS_9a855a7b,Альбедиль Маргарита Федоровна,2,2024,2026
PERS_310b2911,Толчельников Иван Евгеньевич,PERS_9d99092c,Рыбаков Р. Б.,3,2024,2026
PERS_310b2911,Толчельников Иван Евгеньевич,PERS_9e9c9566,Лекарева Ева Павловна,2,2024,2026
PERS_310b2911,Толчельников Иван Евгеньевич,PERS_9f398436,Куликов Леонид Игоревич,2,2025,2026
PERS_310b2911,Толчельников Иван Евгеньевич,PERS_a0264ac5,Бурмистров Сергей Леонидович,2,2024,2026
PERS_310b2911,Толчельников Иван Евгеньевич,PERS_a0f3d86d,Сергеева Варвара Алексеевна,1,2026,2026
PERS_310b2911,Толчельников Иван Евгеньевич,PERS_a638a4b3,Федорова Наталья Леонидовна,2,2025,2026
PERS_310b2911,Толчельников Иван Евгеньевич,PERS_a84aedaa,Шомахмадов Сафарали Хайбуллоевич,1,2026,2026
PERS_310b2911,Толчельников Иван Евгеньевич,PERS_a901d460,Фаградян Марина Александровна,1,2026,2026
PERS_310b2911,Толчельников Иван Евгеньевич,PERS_b881461b,Яковлева Мария Николаевна,1,2026,2026
PERS_310b2911,Толчельников Иван Евгеньевич,PERS_bbd15f4f,Степин А. А.,2,2024,2024
PERS_310b2911,Толчельников Иван Евгеньевич,PERS_bc97fb65,Краснодембская Нина Георгиевна,1,2024,2024
PERS_310b2911,Толчельников Иван Евгеньевич,PERS_bcaec2d8,Дружинин Владимир Юрьевич,1,2025,2025
PERS_310b2911,Толчельников Иван Евгеньевич,PERS_bd77e495,Корнеев Геннадий Батыревич,3,2024,2026
PERS_310b2911,Толчельников Иван Евгеньевич,PERS_c48611e0,Островская Елена Петровна,1,2024,2024
PERS_310b2911,Толчельников Иван Евгеньевич,PERS_c52dfaa0,Цветкова Светлана Олеговна,1,2026,2026
PERS_310b2911,Толчельников Иван Евгеньевич,PERS_cb52ebc2,Лемешкина Ксения Вячеславовна,2,2024,2026
PERS_310b2911,Толчельников Иван Евгеньевич,PERS_cd0d4845,Обермиллер Евгений Евгеньевич,1,2024,2024
PERS_310b2911,Толчельников Иван Евгеньевич,PERS_ced3d7b4,Молина Анна Валерьевна,2,2024,2026
PERS_310b2911,Толчельников Иван Евгеньевич,PERS_cfb92c5f,Уланский Евгений Андреевич,1,2025,2025
PERS_310b2911,Толчельников Иван Евгеньевич,PERS_d01427ca,Бещук Юлия Владимировна,1,2026,2026
PERS_310b2911,Толчельников Иван Евгеньевич,PERS_d218805b,Крюкова Виктория Юрьевна,1,2024,2024
PERS_310b2911,Толчельников Иван Евгеньевич,PERS_d3c5382c,Попова Ирина Фёдоровна,1,2026,2026
PERS_310b2911,Толчельников Иван Евгеньевич,PERS_d98da899,Рыжакова Светлана Игоревна,2,2024,2026
PERS_310b2911,Толчельников Иван Евгеньевич,PERS_d9d69ac2,Петров Павел Яковлевич,1,2026,2026
PERS_310b2911,Толчельников Иван Евгеньевич,PERS_db046be0,Сабирова Римма Наилевна,1,2026,2026
PERS_310b2911,Толчельников Иван Евгеньевич,PERS_e1dd6b3e,Лидова Наталья Ростиславовна,2,2024,2026
PERS_310b2911,Толчельников Иван Евгеньевич,PERS_ebc1c3c2,Лундышева Ольга Владимировна,1,2025,2025
PERS_310b2911,Толчельников Иван Евгеньевич,PERS_ed83f502,Селиванова Тамара Петровна,1,2023,2023
PERS_310b2911,Толчельников Иван Евгеньевич,PERS_f19cd8a1,Котин Игорь Юрьевич,1,2026,2026
PERS_310b2911,Толчельников Иван Евгеньевич,PERS_f56c5a7e,Жукова Любовь Евгеньевна,1,2024,2024
PERS_310b2911,Толчельников Иван Евгеньевич,PERS_f5a69b65,Кройцер Светлана Александровна,1,2025,2025
PERS_310b2911,Толчельников Иван Евгеньевич,PERS_f8ab5755,Оранская Татьяна Иосифовна,2,2024,2026
PERS_310b2911,Толчельников Иван Евгеньевич,PERS_f940c5b3,Стрелкова Гюзэль Владимировна,1,2024,2024
PERS_310b2911,Толчельников Иван Евгеньевич,PERS_fb25c80f,Ермакова Татьяна Викторовна,2,2024,2026
PERS_3195408b,Ратушный Данила Николаевич,PERS_37c15317,Калина А. Э.,1,2010,2010
PERS_3195408b,Ратушный Данила Николаевич,PERS_37f98454,Рудой Валерий Исаакович,1,2010,2010
PERS_3195408b,Ратушный Данила Николаевич,PERS_3e105f43,Игнатьев Андрей Александрович,1,2010,2010
PERS_3195408b,Ратушный Данила Николаевич,PERS_3e952361,Хохлов Александр Николаевич,1,2022,2022
PERS_3195408b,Ратушный Данила Николаевич,PERS_5228da95,Вертоградова Виктория Викторовна,1,2010,2010
PERS_3195408b,Ратушный Данила Николаевич,PERS_587b08ec,Леонов Михаил Васильевич,1,2023,2023
PERS_3195408b,Ратушный Данила Николаевич,PERS_5e2a5a5c,Столярова Екатерина Владимировна,1,2022,2022
PERS_3195408b,Ратушный Данила Николаевич,PERS_5f6689e8,Дмитриева Виктория Алексеевна,1,2022,2022
PERS_3195408b,Ратушный Данила Николаевич,PERS_6e211759,Иванов Владимир Павлович,1,2011,2011
PERS_3195408b,Ратушный Данила Николаевич,PERS_7542d270,Демченко Максим Борисович,1,2022,2022
PERS_3195408b,Ратушный Данила Николаевич,PERS_773647fc,Баранников Алексей Петрович,1,2022,2022
PERS_3195408b,Ратушный Данила Николаевич,PERS_7da0afff,Демичев Кирилл Андреевич,1,2010,2010
PERS_3195408b,Ратушный Данила Николаевич,PERS_8516d1e4,Гасунс Марцис Юрьевич,1,2022,2022
PERS_3195408b,Ратушный Данила Николаевич,PERS_91b473b1,Челнокова Анна Витальевна,1,2022,2022
PERS_3195408b,Ратушный Данила Николаевич,PERS_92f41884,Касым Софья Васильевна,1,2022,2022
PERS_3195408b,Ратушный Данила Николаевич,PERS_9366fe2c,Крыштоп Людмила Эдуардовна,1,2022,2022
PERS_3195408b,Ратушный Данила Николаевич,PERS_a0f3d86d,Сергеева Варвара Алексеевна,1,2010,2010
PERS_3195408b,Ратушный Данила Николаевич,PERS_a901d460,Фаградян Марина Александровна,1,2022,2022
PERS_3195408b,Ратушный Данила Николаевич,PERS_ba537782,М. И. Петрова,1,2022,2022
PERS_3195408b,Ратушный Данила Николаевич,PERS_c48611e0,Островская Елена Петровна,1,2010,2010
PERS_3195408b,Ратушный Данила Николаевич,PERS_d98da899,Рыжакова Светлана Игоревна,1,2022,2022
PERS_3195408b,Ратушный Данила Николаевич,PERS_e1d622e5,Мажитов Саттар Фазылович,1,2022,2022
PERS_3195408b,Ратушный Данила Николаевич,PERS_e72d4c09,Огнева Елена Дмитриевна,2,2023,2023
PERS_3195408b,Ратушный Данила Николаевич,PERS_ed83f502,Селиванова Тамара Петровна,1,2022,2022
PERS_3195408b,Ратушный Данила Николаевич,PERS_f56c5a7e,Жукова Любовь Евгеньевна,1,2010,2010
PERS_3195408b,Ратушный Данила Николаевич,PERS_f5a69b65,Кройцер Светлана Александровна,1,2022,2022
PERS_3357f25b,Скороходова Татьяна Григорьевна,PERS_34c0d384,Павлова Мария Борисовна,2,2024,2026
PERS_3357f25b,Скороходова Татьяна Григорьевна,PERS_35c57654,Егорова Мария Александровна,1,2026,2026
PERS_3357f25b,Скороходова Татьяна Григорьевна,PERS_377db63e,Седукова Надежда Александровна,1,2026,2026
PERS_3357f25b,Скороходова Татьяна Григорьевна,PERS_37c15317,Калина А. Э.,1,2024,2024
PERS_3357f25b,Скороходова Татьяна Григорьевна,PERS_37d557c2,Анисимова Дарья Дмитриевна,1,2026,2026
PERS_3357f25b,Скороходова Татьяна Григорьевна,PERS_3b196639,Гордийчук Николай Валентинович,3,2019,2021
PERS_3357f25b,Скороходова Татьяна Григорьевна,PERS_3c202afd,Крапивина Раиса Николаевна,1,2024,2024
PERS_3357f25b,Скороходова Татьяна Григорьевна,PERS_3d22e8d4,Стрелков Андрей Михайлович,1,2024,2024
PERS_3357f25b,Скороходова Татьяна Григорьевна,PERS_3e105f43,Игнатьев Андрей Александрович,5,2019,2026
PERS_3357f25b,Скороходова Татьяна Григорьевна,PERS_3f406fe3,Кравцова Е. Р.,1,2024,2024
PERS_3357f25b,Скороходова Татьяна Григорьевна,PERS_41d6aa73,Воробьева Дарья Николаевна,1,2024,2024
PERS_3357f25b,Скороходова Татьяна Григорьевна,PERS_45cebd8f,Минаев Иван Павлович,4,2019,2026
PERS_3357f25b,Скороходова Татьяна Григорьевна,PERS_467d4dbb,Клебанов Андрей Александрович,1,2021,2021
PERS_3357f25b,Скороходова Татьяна Григорьевна,PERS_48b3bec3,Ч. Санчай,2,2019,2026
PERS_3357f25b,Скороходова Татьяна Григорьевна,PERS_4fff9d16,Минаева Маргарита Денисовна,2,2020,2026
PERS_3357f25b,Скороходова Татьяна Григорьевна,PERS_50c46233,Маретина Ксения Александровна,2,2024,2026
PERS_3357f25b,Скороходова Татьяна Григорьевна,PERS_50d73711,Смирнитская Анна Александровна,3,2019,2021
PERS_3357f25b,Скороходова Татьяна Григорьевна,PERS_56508328,Десницкая Евгения Алексеевна,5,2019,2026
PERS_3357f25b,Скороходова Татьяна Григорьевна,PERS_587b08ec,Леонов Михаил Васильевич,2,2024,2026
PERS_3357f25b,Скороходова Татьяна Григорьевна,PERS_58b39545,Ренковская Евгения Алексеевна,3,2019,2026
PERS_3357f25b,Скороходова Татьяна Григорьевна,PERS_58e18506,Соколова Ирина Александровна,1,2026,2026
PERS_3357f25b,Скороходова Татьяна Григорьевна,PERS_5d34c947,Волошина Оксана Анатольевна,4,2019,2026
PERS_3357f25b,Скороходова Татьяна Григорьевна,PERS_5e2a5a5c,Столярова Екатерина Владимировна,2,2019,2024
PERS_3357f25b,Скороходова Татьяна Григорьевна,PERS_5f6689e8,Дмитриева Виктория Алексеевна,1,2026,2026
PERS_3357f25b,Скороходова Татьяна Григорьевна,PERS_68e9019d,Малютин Иван Иванович,1,2024,2024
PERS_3357f25b,Скороходова Татьяна Григорьевна,PERS_6ae5c779,Фивейская Анастасия Васильевна,2,2021,2024
PERS_3357f25b,Скороходова Татьяна Григорьевна,PERS_6e211759,Иванов Владимир Павлович,2,2021,2026
PERS_3357f25b,Скороходова Татьяна Григорьевна,PERS_72506535,Крылова Анастасия Сергеевна,4,2019,2026
PERS_3357f25b,Скороходова Татьяна Григорьевна,PERS_7542d270,Демченко Максим Борисович,5,2019,2026
PERS_3357f25b,Скороходова Татьяна Григорьевна,PERS_7eb0dc30,Зимина Татьяна Александровна,2,2019,2020
PERS_3357f25b,Скороходова Татьяна Григорьевна,PERS_7f908d49,Стрельцова Лилия Александровна,2,2019,2024
PERS_3357f25b,Скороходова Татьяна Григорьевна,PERS_8108c314,Ерченков Олег Николаевич,3,2019,2024
PERS_3357f25b,Скороходова Татьяна Григорьевна,PERS_829c1de5,Васильков Ярослав Владимирович,5,2019,2026
PERS_3357f25b,Скороходова Татьяна Григорьевна,PERS_8516d1e4,Гасунс Марцис Юрьевич,4,2019,2024
PERS_3357f25b,Скороходова Татьяна Григорьевна,PERS_8df3730a,Донченко Сергей Сергеевич,2,2019,2024
PERS_3357f25b,Скороходова Татьяна Григорьевна,PERS_8df81b6d,Лужинская Полина Александровна,2,2024,2026
PERS_3357f25b,Скороходова Татьяна Григорьевна,PERS_8e117242,Юдицкая Екатерина Алексеевна,3,2019,2021
PERS_3357f25b,Скороходова Татьяна Григорьевна,PERS_91b473b1,Челнокова Анна Витальевна,2,2024,2026
PERS_3357f25b,Скороходова Татьяна Григорьевна,PERS_92f41884,Касым Софья Васильевна,1,2026,2026
PERS_3357f25b,Скороходова Татьяна Григорьевна,PERS_9366fe2c,Крыштоп Людмила Эдуардовна,1,2020,2020
PERS_3357f25b,Скороходова Татьяна Григорьевна,PERS_93e2effb,Комиссаров Дмитрий Алексеевич,3,2021,2026
PERS_3357f25b,Скороходова Татьяна Григорьевна,PERS_9a855a7b,Альбедиль Маргарита Федоровна,4,2019,2026
PERS_3357f25b,Скороходова Татьяна Григорьевна,PERS_9d99092c,Рыбаков Р. Б.,5,2019,2026
PERS_3357f25b,Скороходова Татьяна Григорьевна,PERS_9e9c9566,Лекарева Ева Павловна,2,2024,2026
PERS_3357f25b,Скороходова Татьяна Григорьевна,PERS_9f398436,Куликов Леонид Игоревич,2,2020,2026
PERS_3357f25b,Скороходова Татьяна Григорьевна,PERS_a0264ac5,Бурмистров Сергей Леонидович,4,2019,2026
PERS_3357f25b,Скороходова Татьяна Григорьевна,PERS_a0f3d86d,Сергеева Варвара Алексеевна,1,2026,2026
PERS_3357f25b,Скороходова Татьяна Григорьевна,PERS_a638a4b3,Федорова Наталья Леонидовна,1,2026,2026
PERS_3357f25b,Скороходова Татьяна Григорьевна,PERS_a84aedaa,Шомахмадов Сафарали Хайбуллоевич,2,2021,2026
PERS_3357f25b,Скороходова Татьяна Григорьевна,PERS_a901d460,Фаградян Марина Александровна,2,2019,2026
PERS_3357f25b,Скороходова Татьяна Григорьевна,PERS_b62a9567,Курочкин Александр Юрьевич,1,2019,2019
PERS_3357f25b,Скороходова Татьяна Григорьевна,PERS_b76851a7,Митруев Бембя Леонидович,1,2021,2021
PERS_3357f25b,Скороходова Татьяна Григорьевна,PERS_b881461b,Яковлева Мария Николаевна,2,2019,2026
PERS_3357f25b,Скороходова Татьяна Григорьевна,PERS_bbd15f4f,Степин А. А.,1,2024,2024
PERS_3357f25b,Скороходова Татьяна Григорьевна,PERS_bc97fb65,Краснодембская Нина Георгиевна,4,2019,2024
PERS_3357f25b,Скороходова Татьяна Григорьевна,PERS_bcaec2d8,Дружинин Владимир Юрьевич,1,2021,2021
PERS_3357f25b,Скороходова Татьяна Григорьевна,PERS_bd77e495,Корнеев Геннадий Батыревич,5,2019,2026
PERS_3357f25b,Скороходова Татьяна Григорьевна,PERS_c48611e0,Островская Елена Петровна,4,2019,2024
PERS_3357f25b,Скороходова Татьяна Григорьевна,PERS_c52dfaa0,Цветкова Светлана Олеговна,3,2019,2026
PERS_3357f25b,Скороходова Татьяна Григорьевна,PERS_c5677a3f,Зорин Алексей Валерьевич,2,2019,2021
PERS_3357f25b,Скороходова Татьяна Григорьевна,PERS_c6bbcef3,Битинайте Елена Алексеевна,2,2019,2020
PERS_3357f25b,Скороходова Татьяна Григорьевна,PERS_cb52ebc2,Лемешкина Ксения Вячеславовна,3,2020,2026
PERS_3357f25b,Скороходова Татьяна Григорьевна,PERS_cd0d4845,Обермиллер Евгений Евгеньевич,1,2024,2024
PERS_3357f25b,Скороходова Татьяна Григорьевна,PERS_ced3d7b4,Молина Анна Валерьевна,2,2024,2026
PERS_3357f25b,Скороходова Татьяна Григорьевна,PERS_cfb92c5f,Уланский Евгений Андреевич,3,2019,2021
PERS_3357f25b,Скороходова Татьяна Григорьевна,PERS_d01427ca,Бещук Юлия Владимировна,1,2026,2026
PERS_3357f25b,Скороходова Татьяна Григорьевна,PERS_d218805b,Крюкова Виктория Юрьевна,2,2019,2024
PERS_3357f25b,Скороходова Татьяна Григорьевна,PERS_d3c5382c,Попова Ирина Фёдоровна,3,2019,2026
PERS_3357f25b,Скороходова Татьяна Григорьевна,PERS_d98da899,Рыжакова Светлана Игоревна,5,2019,2026
PERS_3357f25b,Скороходова Татьяна Григорьевна,PERS_d9d69ac2,Петров Павел Яковлевич,1,2026,2026
PERS_3357f25b,Скороходова Татьяна Григорьевна,PERS_db046be0,Сабирова Римма Наилевна,4,2019,2026
PERS_3357f25b,Скороходова Татьяна Григорьевна,PERS_e1dd6b3e,Лидова Наталья Ростиславовна,3,2021,2026
PERS_3357f25b,Скороходова Татьяна Григорьевна,PERS_e31ca12d,Вечерина Ольга Павловна,3,2019,2021
PERS_3357f25b,Скороходова Татьяна Григорьевна,PERS_f19cd8a1,Котин Игорь Юрьевич,1,2026,2026
PERS_3357f25b,Скороходова Татьяна Григорьевна,PERS_f2fef030,Мехакян Арег Гайкович,1,2021,2021
PERS_3357f25b,Скороходова Татьяна Григорьевна,PERS_f56c5a7e,Жукова Любовь Евгеньевна,1,2024,2024
PERS_3357f25b,Скороходова Татьяна Григорьевна,PERS_f8ab5755,Оранская Татьяна Иосифовна,4,2019,2026
PERS_3357f25b,Скороходова Татьяна Григорьевна,PERS_f940c5b3,Стрелкова Гюзэль Владимировна,1,2024,2024
PERS_3357f25b,Скороходова Татьяна Григорьевна,PERS_fb25c80f,Ермакова Татьяна Викторовна,5,2019,2026
PERS_34c0d384,Павлова Мария Борисовна,PERS_35c57654,Егорова Мария Александровна,1,2026,2026
PERS_34c0d384,Павлова Мария Борисовна,PERS_36dabb79,Гурия Анастасия Георгиевна,1,2021,2021
PERS_34c0d384,Павлова Мария Борисовна,PERS_377db63e,Седукова Надежда Александровна,1,2026,2026
PERS_34c0d384,Павлова Мария Борисовна,PERS_37c15317,Калина А. Э.,1,2024,2024
PERS_34c0d384,Павлова Мария Борисовна,PERS_37d557c2,Анисимова Дарья Дмитриевна,1,2026,2026
PERS_34c0d384,Павлова Мария Борисовна,PERS_37f98454,Рудой Валерий Исаакович,1,2019,2019
PERS_34c0d384,Павлова Мария Борисовна,PERS_3b196639,Гордийчук Николай Валентинович,1,2021,2021
PERS_34c0d384,Павлова Мария Борисовна,PERS_3c202afd,Крапивина Раиса Николаевна,1,2024,2024
PERS_34c0d384,Павлова Мария Борисовна,PERS_3d22e8d4,Стрелков Андрей Михайлович,2,2021,2024
PERS_34c0d384,Павлова Мария Борисовна,PERS_3e105f43,Игнатьев Андрей Александрович,2,2024,2026
PERS_34c0d384,Павлова Мария Борисовна,PERS_3e952361,Хохлов Александр Николаевич,1,2021,2021
PERS_34c0d384,Павлова Мария Борисовна,PERS_3f406fe3,Кравцова Е. Р.,2,2022,2024
PERS_34c0d384,Павлова Мария Борисовна,PERS_41d6aa73,Воробьева Дарья Николаевна,4,2021,2025
PERS_34c0d384,Павлова Мария Борисовна,PERS_45cebd8f,Минаев Иван Павлович,3,2011,2026
PERS_34c0d384,Павлова Мария Борисовна,PERS_48b3bec3,Ч. Санчай,1,2026,2026
PERS_34c0d384,Павлова Мария Борисовна,PERS_4dd85c67,Бётлингк Оттон Николаевич,1,2011,2011
PERS_34c0d384,Павлова Мария Борисовна,PERS_4fff9d16,Минаева Маргарита Денисовна,2,2011,2026
PERS_34c0d384,Павлова Мария Борисовна,PERS_50c46233,Маретина Ксения Александровна,3,2021,2026
PERS_34c0d384,Павлова Мария Борисовна,PERS_50d73711,Смирнитская Анна Александровна,1,2021,2021
PERS_34c0d384,Павлова Мария Борисовна,PERS_5228da95,Вертоградова Виктория Викторовна,1,2022,2022
PERS_34c0d384,Павлова Мария Борисовна,PERS_56508328,Десницкая Евгения Алексеевна,3,2021,2026
PERS_34c0d384,Павлова Мария Борисовна,PERS_587b08ec,Леонов Михаил Васильевич,4,2021,2026
PERS_34c0d384,Павлова Мария Борисовна,PERS_58b39545,Ренковская Евгения Алексеевна,2,2021,2026
PERS_34c0d384,Павлова Мария Борисовна,PERS_58e18506,Соколова Ирина Александровна,2,2022,2026
PERS_34c0d384,Павлова Мария Борисовна,PERS_5d34c947,Волошина Оксана Анатольевна,1,2026,2026
PERS_34c0d384,Павлова Мария Борисовна,PERS_5e2a5a5c,Столярова Екатерина Владимировна,1,2024,2024
PERS_34c0d384,Павлова Мария Борисовна,PERS_5f6689e8,Дмитриева Виктория Алексеевна,2,2022,2026
PERS_34c0d384,Павлова Мария Борисовна,PERS_5f6fa17b,Пахомова Александра Михайловна,1,2021,2021
PERS_34c0d384,Павлова Мария Борисовна,PERS_61202bf3,Алиханова Юлия Марковна,1,2022,2022
PERS_34c0d384,Павлова Мария Борисовна,PERS_61de659d,Белов Владимир Николаевич,1,2014,2014
PERS_34c0d384,Павлова Мария Борисовна,PERS_68e9019d,Малютин Иван Иванович,1,2024,2024
PERS_34c0d384,Павлова Мария Борисовна,PERS_69750b7c,Мазурина Валентина Николаевна,2,2021,2022
PERS_34c0d384,Павлова Мария Борисовна,PERS_6a84adb8,Макаев Энвер Ахмедович,1,2021,2021
PERS_34c0d384,Павлова Мария Борисовна,PERS_6ae5c779,Фивейская Анастасия Васильевна,2,2021,2024
PERS_34c0d384,Павлова Мария Борисовна,PERS_6b06637e,Ильин Григорий Фёдорович,1,2022,2022
PERS_34c0d384,Павлова Мария Борисовна,PERS_6b867946,Смирнова Екатерина Викторовна,2,2011,2021
PERS_34c0d384,Павлова Мария Борисовна,PERS_6d302e31,Лебедев Герасим Степанович,2,2011,2022
PERS_34c0d384,Павлова Мария Борисовна,PERS_6e211759,Иванов Владимир Павлович,4,2011,2026
PERS_34c0d384,Павлова Мария Борисовна,PERS_72506535,Крылова Анастасия Сергеевна,3,2021,2026
PERS_34c0d384,Павлова Мария Борисовна,PERS_72932969,Рерих Юрий Николаевич,1,2022,2022
PERS_34c0d384,Павлова Мария Борисовна,PERS_7542d270,Демченко Максим Борисович,2,2024,2026
PERS_34c0d384,Павлова Мария Борисовна,PERS_773647fc,Баранников Алексей Петрович,1,2022,2022
PERS_34c0d384,Павлова Мария Борисовна,PERS_7da0afff,Демичев Кирилл Андреевич,1,2022,2022
PERS_34c0d384,Павлова Мария Борисовна,PERS_7f908d49,Стрельцова Лилия Александровна,2,2021,2024
PERS_34c0d384,Павлова Мария Борисовна,PERS_8108c314,Ерченков Олег Николаевич,1,2024,2024
PERS_34c0d384,Павлова Мария Борисовна,PERS_82364943,Миллер Всеволод Фёдорович,2,2011,2016
PERS_34c0d384,Павлова Мария Борисовна,PERS_829c1de5,Васильков Ярослав Владимирович,3,2021,2026
PERS_34c0d384,Павлова Мария Борисовна,PERS_8516d1e4,Гасунс Марцис Юрьевич,9,2007,2024
PERS_34c0d384,Павлова Мария Борисовна,PERS_8df3730a,Донченко Сергей Сергеевич,1,2024,2024
PERS_34c0d384,Павлова Мария Борисовна,PERS_8df81b6d,Лужинская Полина Александровна,2,2024,2026
PERS_34c0d384,Павлова Мария Борисовна,PERS_91b473b1,Челнокова Анна Витальевна,3,2021,2026
PERS_34c0d384,Павлова Мария Борисовна,PERS_92f41884,Касым Софья Васильевна,1,2026,2026
PERS_34c0d384,Павлова Мария Борисовна,PERS_9366fe2c,Крыштоп Людмила Эдуардовна,1,2021,2021
PERS_34c0d384,Павлова Мария Борисовна,PERS_93e2effb,Комиссаров Дмитрий Алексеевич,2,2024,2026
PERS_34c0d384,Павлова Мария Борисовна,PERS_9a855a7b,Альбедиль Маргарита Федоровна,2,2024,2026
PERS_34c0d384,Павлова Мария Борисовна,PERS_9d99092c,Рыбаков Р. Б.,3,2022,2026
PERS_34c0d384,Павлова Мария Борисовна,PERS_9e9c9566,Лекарева Ева Павловна,3,2021,2026
PERS_34c0d384,Павлова Мария Борисовна,PERS_9f398436,Куликов Леонид Игоревич,2,2021,2026
PERS_34c0d384,Павлова Мария Борисовна,PERS_a0264ac5,Бурмистров Сергей Леонидович,3,2021,2026
PERS_34c0d384,Павлова Мария Борисовна,PERS_a0f3d86d,Сергеева Варвара Алексеевна,3,2012,2026
PERS_34c0d384,Павлова Мария Борисовна,PERS_a638a4b3,Федорова Наталья Леонидовна,2,2025,2026
PERS_34c0d384,Павлова Мария Борисовна,PERS_a84aedaa,Шомахмадов Сафарали Хайбуллоевич,1,2026,2026
PERS_34c0d384,Павлова Мария Борисовна,PERS_a901d460,Фаградян Марина Александровна,3,2007,2026
PERS_34c0d384,Павлова Мария Борисовна,PERS_ab6bf9e3,Смирнов Борис Леонидович,3,2011,2022
PERS_34c0d384,Павлова Мария Борисовна,PERS_b2c121e9,Успенская Елена Николаевна,1,2022,2022
PERS_34c0d384,Павлова Мария Борисовна,PERS_b4cdbfb8,Эрман Владимир Гансович,1,2022,2022
PERS_34c0d384,Павлова Мария Борисовна,PERS_b881461b,Яковлева Мария Николаевна,4,2007,2026
PERS_34c0d384,Павлова Мария Борисовна,PERS_ba537782,М. И. Петрова,4,2007,2022
PERS_34c0d384,Павлова Мария Борисовна,PERS_bbb9116e,Кальянов Владимир Иванович,2,2011,2022
PERS_34c0d384,Павлова Мария Борисовна,PERS_bbd15f4f,Степин А. А.,1,2024,2024
PERS_34c0d384,Павлова Мария Борисовна,PERS_bc97fb65,Краснодембская Нина Георгиевна,1,2024,2024
PERS_34c0d384,Павлова Мария Борисовна,PERS_bd77e495,Корнеев Геннадий Батыревич,2,2024,2026
PERS_34c0d384,Павлова Мария Борисовна,PERS_c0b7485d,Серебряков Игорь Дмитриевич,1,2022,2022
PERS_34c0d384,Павлова Мария Борисовна,PERS_c48611e0,Островская Елена Петровна,2,2021,2024
PERS_34c0d384,Павлова Мария Борисовна,PERS_c52dfaa0,Цветкова Светлана Олеговна,2,2022,2026
PERS_34c0d384,Павлова Мария Борисовна,PERS_cb52ebc2,Лемешкина Ксения Вячеславовна,2,2024,2026
PERS_34c0d384,Павлова Мария Борисовна,PERS_cd0d4845,Обермиллер Евгений Евгеньевич,1,2024,2024
PERS_34c0d384,Павлова Мария Борисовна,PERS_ced3d7b4,Молина Анна Валерьевна,2,2024,2026
PERS_34c0d384,Павлова Мария Борисовна,PERS_cfb92c5f,Уланский Евгений Андреевич,1,2019,2019
PERS_34c0d384,Павлова Мария Борисовна,PERS_d01427ca,Бещук Юлия Владимировна,1,2026,2026
PERS_34c0d384,Павлова Мария Борисовна,PERS_d218805b,Крюкова Виктория Юрьевна,1,2024,2024
PERS_34c0d384,Павлова Мария Борисовна,PERS_d3c5382c,Попова Ирина Фёдоровна,3,2007,2026
PERS_34c0d384,Павлова Мария Борисовна,PERS_d98da899,Рыжакова Светлана Игоревна,3,2021,2026
PERS_34c0d384,Павлова Мария Борисовна,PERS_d9d69ac2,Петров Павел Яковлевич,5,2007,2026
PERS_34c0d384,Павлова Мария Борисовна,PERS_db046be0,Сабирова Римма Наилевна,2,2021,2026
PERS_34c0d384,Павлова Мария Борисовна,PERS_dd17649f,Светлов Роман Викторович,1,2018,2018
PERS_34c0d384,Павлова Мария Борисовна,PERS_dfaf6803,Борисов Яков Александрович,1,2011,2011
PERS_34c0d384,Павлова Мария Борисовна,PERS_e1dd6b3e,Лидова Наталья Ростиславовна,3,2024,2026
PERS_34c0d384,Павлова Мария Борисовна,PERS_e31ca12d,Вечерина Ольга Павловна,1,2021,2021
PERS_34c0d384,Павлова Мария Борисовна,PERS_e5a5ac24,Невелева Светлана Леонидовна,1,2011,2011
PERS_34c0d384,Павлова Мария Борисовна,PERS_f19cd8a1,Котин Игорь Юрьевич,1,2026,2026
PERS_34c0d384,Павлова Мария Борисовна,PERS_f56c5a7e,Жукова Любовь Евгеньевна,3,2014,2024
PERS_34c0d384,Павлова Мария Борисовна,PERS_f5a69b65,Кройцер Светлана Александровна,1,2025,2025
PERS_34c0d384,Павлова Мария Борисовна,PERS_f5b8b340,Вигасин Алексей Алексеевич,1,2011,2011
PERS_34c0d384,Павлова Мария Борисовна,PERS_f8ab5755,Оранская Татьяна Иосифовна,4,2022,2026
PERS_34c0d384,Павлова Мария Борисовна,PERS_f940c5b3,Стрелкова Гюзэль Владимировна,2,2021,2024
PERS_34c0d384,Павлова Мария Борисовна,PERS_fb25c80f,Ермакова Татьяна Викторовна,3,2024,2026
PERS_35c57654,Егорова Мария Александровна,PERS_377db63e,Седукова Надежда Александровна,1,2026,2026
PERS_35c57654,Егорова Мария Александровна,PERS_37d557c2,Анисимова Дарья Дмитриевна,1,2026,2026
PERS_35c57654,Егорова Мария Александровна,PERS_3e105f43,Игнатьев Андрей Александрович,1,2026,2026
PERS_35c57654,Егорова Мария Александровна,PERS_45cebd8f,Минаев Иван Павлович,1,2026,2026
PERS_35c57654,Егорова Мария Александровна,PERS_48b3bec3,Ч. Санчай,1,2026,2026
PERS_35c57654,Егорова Мария Александровна,PERS_4fff9d16,Минаева Маргарита Денисовна,1,2026,2026
PERS_35c57654,Егорова Мария Александровна,PERS_50c46233,Маретина Ксения Александровна,1,2026,2026
PERS_35c57654,Егорова Мария Александровна,PERS_56508328,Десницкая Евгения Алексеевна,1,2026,2026
PERS_35c57654,Егорова Мария Александровна,PERS_587b08ec,Леонов Михаил Васильевич,1,2026,2026
PERS_35c57654,Егорова Мария Александровна,PERS_58b39545,Ренковская Евгения Алексеевна,1,2026,2026
PERS_35c57654,Егорова Мария Александровна,PERS_58e18506,Соколова Ирина Александровна,1,2026,2026
PERS_35c57654,Егорова Мария Александровна,PERS_5cae5a20,Щербатской Фёдор Ипполитович,1,2021,2021
PERS_35c57654,Егорова Мария Александровна,PERS_5d34c947,Волошина Оксана Анатольевна,1,2026,2026
PERS_35c57654,Егорова Мария Александровна,PERS_5f6689e8,Дмитриева Виктория Алексеевна,1,2026,2026
PERS_35c57654,Егорова Мария Александровна,PERS_61de659d,Белов Владимир Николаевич,1,2021,2021
PERS_35c57654,Егорова Мария Александровна,PERS_6b06637e,Ильин Григорий Фёдорович,1,2021,2021
PERS_35c57654,Егорова Мария Александровна,PERS_6e211759,Иванов Владимир Павлович,2,2021,2026
PERS_35c57654,Егорова Мария Александровна,PERS_72506535,Крылова Анастасия Сергеевна,1,2026,2026
PERS_35c57654,Егорова Мария Александровна,PERS_72932969,Рерих Юрий Николаевич,1,2021,2021
PERS_35c57654,Егорова Мария Александровна,PERS_7542d270,Демченко Максим Борисович,1,2026,2026
PERS_35c57654,Егорова Мария Александровна,PERS_829c1de5,Васильков Ярослав Владимирович,1,2026,2026
PERS_35c57654,Егорова Мария Александровна,PERS_8df81b6d,Лужинская Полина Александровна,1,2026,2026
PERS_35c57654,Егорова Мария Александровна,PERS_91b473b1,Челнокова Анна Витальевна,1,2026,2026
PERS_35c57654,Егорова Мария Александровна,PERS_92f41884,Касым Софья Васильевна,1,2026,2026
PERS_35c57654,Егорова Мария Александровна,PERS_93e2effb,Комиссаров Дмитрий Алексеевич,1,2026,2026
PERS_35c57654,Егорова Мария Александровна,PERS_9a855a7b,Альбедиль Маргарита Федоровна,1,2026,2026
PERS_35c57654,Егорова Мария Александровна,PERS_9d99092c,Рыбаков Р. Б.,1,2026,2026
PERS_35c57654,Егорова Мария Александровна,PERS_9e9c9566,Лекарева Ева Павловна,1,2026,2026
PERS_35c57654,Егорова Мария Александровна,PERS_9f398436,Куликов Леонид Игоревич,1,2026,2026
PERS_35c57654,Егорова Мария Александровна,PERS_a0264ac5,Бурмистров Сергей Леонидович,1,2026,2026
PERS_35c57654,Егорова Мария Александровна,PERS_a0f3d86d,Сергеева Варвара Алексеевна,2,2021,2026
PERS_35c57654,Егорова Мария Александровна,PERS_a638a4b3,Федорова Наталья Леонидовна,2,2021,2026
PERS_35c57654,Егорова Мария Александровна,PERS_a7f41469,Антонова Кока Александровна,1,2021,2021
PERS_35c57654,Егорова Мария Александровна,PERS_a84aedaa,Шомахмадов Сафарали Хайбуллоевич,1,2026,2026
PERS_35c57654,Егорова Мария Александровна,PERS_a901d460,Фаградян Марина Александровна,2,2021,2026
PERS_35c57654,Егорова Мария Александровна,PERS_ab6bf9e3,Смирнов Борис Леонидович,1,2021,2021
PERS_35c57654,Егорова Мария Александровна,PERS_b2c121e9,Успенская Елена Николаевна,1,2021,2021
PERS_35c57654,Егорова Мария Александровна,PERS_b881461b,Яковлева Мария Николаевна,2,2021,2026
PERS_35c57654,Егорова Мария Александровна,PERS_bd77e495,Корнеев Геннадий Батыревич,1,2026,2026
PERS_35c57654,Егорова Мария Александровна,PERS_c52dfaa0,Цветкова Светлана Олеговна,1,2026,2026
PERS_35c57654,Егорова Мария Александровна,PERS_cb52ebc2,Лемешкина Ксения Вячеславовна,1,2026,2026
PERS_35c57654,Егорова Мария Александровна,PERS_ced3d7b4,Молина Анна Валерьевна,1,2026,2026
PERS_35c57654,Егорова Мария Александровна,PERS_d01427ca,Бещук Юлия Владимировна,1,2026,2026
PERS_35c57654,Егорова Мария Александровна,PERS_d3c5382c,Попова Ирина Фёдоровна,1,2026,2026
PERS_35c57654,Егорова Мария Александровна,PERS_d98da899,Рыжакова Светлана Игоревна,1,2026,2026
PERS_35c57654,Егорова Мария Александровна,PERS_d9d69ac2,Петров Павел Яковлевич,2,2021,2026
PERS_35c57654,Егорова Мария Александровна,PERS_db046be0,Сабирова Римма Наилевна,1,2026,2026
PERS_35c57654,Егорова Мария Александровна,PERS_dd17649f,Светлов Роман Викторович,1,2021,2021
PERS_35c57654,Егорова Мария Александровна,PERS_dfaf6803,Борисов Яков Александрович,1,2021,2021
PERS_35c57654,Егорова Мария Александровна,PERS_e1dd6b3e,Лидова Наталья Ростиславовна,1,2026,2026
PERS_35c57654,Егорова Мария Александровна,PERS_f19cd8a1,Котин Игорь Юрьевич,1,2026,2026
PERS_35c57654,Егорова Мария Александровна,PERS_f1f2471d,Игнатова Мария Михайловна,1,2021,2021
PERS_35c57654,Егорова Мария Александровна,PERS_f8ab5755,Оранская Татьяна Иосифовна,1,2026,2026
PERS_35c57654,Егорова Мария Александровна,PERS_fb25c80f,Ермакова Татьяна Викторовна,1,2026,2026
PERS_36dabb79,Гурия Анастасия Георгиевна,PERS_3b196639,Гордийчук Николай Валентинович,1,2021,2021
PERS_36dabb79,Гурия Анастасия Георгиевна,PERS_3ccc9bd7,А. Солька,1,2024,2024
PERS_36dabb79,Гурия Анастасия Георгиевна,PERS_3d22e8d4,Стрелков Андрей Михайлович,1,2021,2021
PERS_36dabb79,Гурия Анастасия Георгиевна,PERS_3e952361,Хохлов Александр Николаевич,1,2021,2021
PERS_36dabb79,Гурия Анастасия Георгиевна,PERS_41d6aa73,Воробьева Дарья Николаевна,1,2021,2021
PERS_36dabb79,Гурия Анастасия Георгиевна,PERS_45a76880,Кораблин Денис Александрович,1,2024,2024
PERS_36dabb79,Гурия Анастасия Георгиевна,PERS_45cebd8f,Минаев Иван Павлович,1,2024,2024
PERS_36dabb79,Гурия Анастасия Георгиевна,PERS_48b3bec3,Ч. Санчай,1,2024,2024
PERS_36dabb79,Гурия Анастасия Георгиевна,PERS_4fff9d16,Минаева Маргарита Денисовна,1,2024,2024
PERS_36dabb79,Гурия Анастасия Георгиевна,PERS_50c46233,Маретина Ксения Александровна,1,2021,2021
PERS_36dabb79,Гурия Анастасия Георгиевна,PERS_50d73711,Смирнитская Анна Александровна,1,2021,2021
PERS_36dabb79,Гурия Анастасия Георгиевна,PERS_5228da95,Вертоградова Виктория Викторовна,1,2024,2024
PERS_36dabb79,Гурия Анастасия Георгиевна,PERS_56508328,Десницкая Евгения Алексеевна,1,2021,2021
PERS_36dabb79,Гурия Анастасия Георгиевна,PERS_587b08ec,Леонов Михаил Васильевич,2,2021,2024
PERS_36dabb79,Гурия Анастасия Георгиевна,PERS_58b39545,Ренковская Евгения Алексеевна,1,2021,2021
PERS_36dabb79,Гурия Анастасия Георгиевна,PERS_5ed752d9,Китинов Баатр Учаевич,1,2024,2024
PERS_36dabb79,Гурия Анастасия Георгиевна,PERS_5f6fa17b,Пахомова Александра Михайловна,2,2021,2024
PERS_36dabb79,Гурия Анастасия Георгиевна,PERS_6578b52d,Тюлина Елена Владимировна,1,2024,2024
PERS_36dabb79,Гурия Анастасия Георгиевна,PERS_69750b7c,Мазурина Валентина Николаевна,1,2021,2021
PERS_36dabb79,Гурия Анастасия Георгиевна,PERS_6a84adb8,Макаев Энвер Ахмедович,1,2021,2021
PERS_36dabb79,Гурия Анастасия Георгиевна,PERS_6ae5c779,Фивейская Анастасия Васильевна,1,2021,2021
PERS_36dabb79,Гурия Анастасия Георгиевна,PERS_6b867946,Смирнова Екатерина Викторовна,1,2021,2021
PERS_36dabb79,Гурия Анастасия Георгиевна,PERS_72506535,Крылова Анастасия Сергеевна,1,2021,2021
PERS_36dabb79,Гурия Анастасия Георгиевна,PERS_72932969,Рерих Юрий Николаевич,1,2024,2024
PERS_36dabb79,Гурия Анастасия Георгиевна,PERS_7f908d49,Стрельцова Лилия Александровна,1,2021,2021
PERS_36dabb79,Гурия Анастасия Георгиевна,PERS_829c1de5,Васильков Ярослав Владимирович,1,2021,2021
PERS_36dabb79,Гурия Анастасия Георгиевна,PERS_8516d1e4,Гасунс Марцис Юрьевич,2,2021,2024
PERS_36dabb79,Гурия Анастасия Георгиевна,PERS_91b473b1,Челнокова Анна Витальевна,1,2021,2021
PERS_36dabb79,Гурия Анастасия Георгиевна,PERS_9366fe2c,Крыштоп Людмила Эдуардовна,1,2021,2021
PERS_36dabb79,Гурия Анастасия Георгиевна,PERS_9374fd12,Вырщиков Евгений Геннадьевич,1,2024,2024
PERS_36dabb79,Гурия Анастасия Георгиевна,PERS_9e9c9566,Лекарева Ева Павловна,1,2021,2021
PERS_36dabb79,Гурия Анастасия Георгиевна,PERS_9f398436,Куликов Леонид Игоревич,1,2021,2021
PERS_36dabb79,Гурия Анастасия Георгиевна,PERS_a0264ac5,Бурмистров Сергей Леонидович,1,2021,2021
PERS_36dabb79,Гурия Анастасия Георгиевна,PERS_a8983673,Вигель Нарине Липаритовна,1,2024,2024
PERS_36dabb79,Гурия Анастасия Георгиевна,PERS_a901d460,Фаградян Марина Александровна,1,2021,2021
PERS_36dabb79,Гурия Анастасия Георгиевна,PERS_ab6bf9e3,Смирнов Борис Леонидович,1,2021,2021
PERS_36dabb79,Гурия Анастасия Георгиевна,PERS_ba537782,М. И. Петрова,1,2021,2021
PERS_36dabb79,Гурия Анастасия Георгиевна,PERS_bd77e495,Корнеев Геннадий Батыревич,1,2024,2024
PERS_36dabb79,Гурия Анастасия Георгиевна,PERS_c48611e0,Островская Елена Петровна,1,2021,2021
PERS_36dabb79,Гурия Анастасия Георгиевна,PERS_c52dfaa0,Цветкова Светлана Олеговна,1,2024,2024
PERS_36dabb79,Гурия Анастасия Георгиевна,PERS_ced3d7b4,Молина Анна Валерьевна,1,2024,2024
PERS_36dabb79,Гурия Анастасия Георгиевна,PERS_d98da899,Рыжакова Светлана Игоревна,1,2021,2021
PERS_36dabb79,Гурия Анастасия Георгиевна,PERS_da862dde,Дробышев Юлий Игорьевич,1,2024,2024
PERS_36dabb79,Гурия Анастасия Георгиевна,PERS_db046be0,Сабирова Римма Наилевна,1,2021,2021
PERS_36dabb79,Гурия Анастасия Георгиевна,PERS_e1dd6b3e,Лидова Наталья Ростиславовна,1,2024,2024
PERS_36dabb79,Гурия Анастасия Георгиевна,PERS_e31ca12d,Вечерина Ольга Павловна,1,2021,2021
PERS_36dabb79,Гурия Анастасия Георгиевна,PERS_e9545a0b,Шустова Алла Михайловна,1,2024,2024
PERS_36dabb79,Гурия Анастасия Георгиевна,PERS_ea44fd14,Люлина Анастасия Геннадьевна,1,2024,2024
PERS_36dabb79,Гурия Анастасия Георгиевна,PERS_f56c5a7e,Жукова Любовь Евгеньевна,1,2021,2021
PERS_36dabb79,Гурия Анастасия Георгиевна,PERS_f5b8b340,Вигасин Алексей Алексеевич,1,2024,2024
PERS_36dabb79,Гурия Анастасия Георгиевна,PERS_f940c5b3,Стрелкова Гюзэль Владимировна,1,2021,2021
PERS_377db63e,Седукова Надежда Александровна,PERS_37d557c2,Анисимова Дарья Дмитриевна,1,2026,2026
PERS_377db63e,Седукова Надежда Александровна,PERS_3e105f43,Игнатьев Андрей Александрович,1,2026,2026
PERS_377db63e,Седукова Надежда Александровна,PERS_45cebd8f,Минаев Иван Павлович,1,2026,2026
PERS_377db63e,Седукова Надежда Александровна,PERS_48b3bec3,Ч. Санчай,1,2026,2026
PERS_377db63e,Седукова Надежда Александровна,PERS_4fff9d16,Минаева Маргарита Денисовна,1,2026,2026
PERS_377db63e,Седукова Надежда Александровна,PERS_50c46233,Маретина Ксения Александровна,1,2026,2026
PERS_377db63e,Седукова Надежда Александровна,PERS_56508328,Десницкая Евгения Алексеевна,1,2026,2026
PERS_377db63e,Седукова Надежда Александровна,PERS_587b08ec,Леонов Михаил Васильевич,1,2026,2026
PERS_377db63e,Седукова Надежда Александровна,PERS_58b39545,Ренковская Евгения Алексеевна,1,2026,2026
PERS_377db63e,Седукова Надежда Александровна,PERS_58e18506,Соколова Ирина Александровна,1,2026,2026
PERS_377db63e,Седукова Надежда Александровна,PERS_5d34c947,Волошина Оксана Анатольевна,2,2021,2026
PERS_377db63e,Седукова Надежда Александровна,PERS_5f6689e8,Дмитриева Виктория Алексеевна,1,2026,2026
PERS_377db63e,Седукова Надежда Александровна,PERS_61de659d,Белов Владимир Николаевич,1,2021,2021
PERS_377db63e,Седукова Надежда Александровна,PERS_6b867946,Смирнова Екатерина Викторовна,1,2010,2010
PERS_377db63e,Седукова Надежда Александровна,PERS_6e211759,Иванов Владимир Павлович,1,2026,2026
PERS_377db63e,Седукова Надежда Александровна,PERS_72506535,Крылова Анастасия Сергеевна,1,2026,2026
PERS_377db63e,Седукова Надежда Александровна,PERS_7542d270,Демченко Максим Борисович,1,2026,2026
PERS_377db63e,Седукова Надежда Александровна,PERS_7eb0dc30,Зимина Татьяна Александровна,1,2021,2021
PERS_377db63e,Седукова Надежда Александровна,PERS_829c1de5,Васильков Ярослав Владимирович,1,2026,2026
PERS_377db63e,Седукова Надежда Александровна,PERS_8df81b6d,Лужинская Полина Александровна,1,2026,2026
PERS_377db63e,Седукова Надежда Александровна,PERS_91b473b1,Челнокова Анна Витальевна,1,2026,2026
PERS_377db63e,Седукова Надежда Александровна,PERS_92f41884,Касым Софья Васильевна,1,2026,2026
PERS_377db63e,Седукова Надежда Александровна,PERS_93e2effb,Комиссаров Дмитрий Алексеевич,1,2026,2026
PERS_377db63e,Седукова Надежда Александровна,PERS_9a855a7b,Альбедиль Маргарита Федоровна,1,2026,2026
PERS_377db63e,Седукова Надежда Александровна,PERS_9d99092c,Рыбаков Р. Б.,1,2026,2026
PERS_377db63e,Седукова Надежда Александровна,PERS_9e9c9566,Лекарева Ева Павловна,1,2026,2026
PERS_377db63e,Седукова Надежда Александровна,PERS_9f398436,Куликов Леонид Игоревич,1,2026,2026
PERS_377db63e,Седукова Надежда Александровна,PERS_a0264ac5,Бурмистров Сергей Леонидович,1,2026,2026
PERS_377db63e,Седукова Надежда Александровна,PERS_a0f3d86d,Сергеева Варвара Алексеевна,3,2010,2026
PERS_377db63e,Седукова Надежда Александровна,PERS_a638a4b3,Федорова Наталья Леонидовна,1,2026,2026
PERS_377db63e,Седукова Надежда Александровна,PERS_a84aedaa,Шомахмадов Сафарали Хайбуллоевич,1,2026,2026
PERS_377db63e,Седукова Надежда Александровна,PERS_a901d460,Фаградян Марина Александровна,1,2026,2026
PERS_377db63e,Седукова Надежда Александровна,PERS_ab6bf9e3,Смирнов Борис Леонидович,1,2010,2010
PERS_377db63e,Седукова Надежда Александровна,PERS_b881461b,Яковлева Мария Николаевна,1,2026,2026
PERS_377db63e,Седукова Надежда Александровна,PERS_bd77e495,Корнеев Геннадий Батыревич,2,2021,2026
PERS_377db63e,Седукова Надежда Александровна,PERS_c52dfaa0,Цветкова Светлана Олеговна,1,2026,2026
PERS_377db63e,Седукова Надежда Александровна,PERS_cb52ebc2,Лемешкина Ксения Вячеславовна,1,2026,2026
PERS_377db63e,Седукова Надежда Александровна,PERS_ced3d7b4,Молина Анна Валерьевна,1,2026,2026
PERS_377db63e,Седукова Надежда Александровна,PERS_d01427ca,Бещук Юлия Владимировна,1,2026,2026
PERS_377db63e,Седукова Надежда Александровна,PERS_d3c5382c,Попова Ирина Фёдоровна,1,2026,2026
PERS_377db63e,Седукова Надежда Александровна,PERS_d6ade703,Кожевникова Маргарита Николаевна,1,2010,2010
PERS_377db63e,Седукова Надежда Александровна,PERS_d98da899,Рыжакова Светлана Игоревна,1,2026,2026
PERS_377db63e,Седукова Надежда Александровна,PERS_d9d69ac2,Петров Павел Яковлевич,1,2026,2026
PERS_377db63e,Седукова Надежда Александровна,PERS_db046be0,Сабирова Римма Наилевна,1,2026,2026
PERS_377db63e,Седукова Надежда Александровна,PERS_e1dd6b3e,Лидова Наталья Ростиславовна,1,2026,2026
PERS_377db63e,Седукова Надежда Александровна,PERS_f19cd8a1,Котин Игорь Юрьевич,1,2026,2026
PERS_377db63e,Седукова Надежда Александровна,PERS_f8ab5755,Оранская Татьяна Иосифовна,1,2026,2026
PERS_377db63e,Седукова Надежда Александровна,PERS_fb25c80f,Ермакова Татьяна Викторовна,1,2026,2026
PERS_37c15317,Калина А. Э.,PERS_37f98454,Рудой Валерий Исаакович,1,2010,2010
PERS_37c15317,Калина А. Э.,PERS_3c202afd,Крапивина Раиса Николаевна,1,2024,2024
PERS_37c15317,Калина А. Э.,PERS_3d22e8d4,Стрелков Андрей Михайлович,1,2024,2024
PERS_37c15317,Калина А. Э.,PERS_3e105f43,Игнатьев Андрей Александрович,3,2010,2024
PERS_37c15317,Калина А. Э.,PERS_3f406fe3,Кравцова Е. Р.,1,2024,2024
PERS_37c15317,Калина А. Э.,PERS_41d6aa73,Воробьева Дарья Николаевна,1,2024,2024
PERS_37c15317,Калина А. Э.,PERS_45cebd8f,Минаев Иван Павлович,1,2024,2024
PERS_37c15317,Калина А. Э.,PERS_50c46233,Маретина Ксения Александровна,1,2024,2024
PERS_37c15317,Калина А. Э.,PERS_5228da95,Вертоградова Виктория Викторовна,1,2010,2010
PERS_37c15317,Калина А. Э.,PERS_56508328,Десницкая Евгения Алексеевна,1,2024,2024
PERS_37c15317,Калина А. Э.,PERS_587b08ec,Леонов Михаил Васильевич,1,2024,2024
PERS_37c15317,Калина А. Э.,PERS_5e2a5a5c,Столярова Екатерина Владимировна,1,2024,2024
PERS_37c15317,Калина А. Э.,PERS_5f6689e8,Дмитриева Виктория Алексеевна,1,2011,2011
PERS_37c15317,Калина А. Э.,PERS_68e9019d,Малютин Иван Иванович,1,2024,2024
PERS_37c15317,Калина А. Э.,PERS_6ae5c779,Фивейская Анастасия Васильевна,1,2024,2024
PERS_37c15317,Калина А. Э.,PERS_6b06637e,Ильин Григорий Фёдорович,1,2013,2013
PERS_37c15317,Калина А. Э.,PERS_6e211759,Иванов Владимир Павлович,1,2013,2013
PERS_37c15317,Калина А. Э.,PERS_72506535,Крылова Анастасия Сергеевна,1,2024,2024
PERS_37c15317,Калина А. Э.,PERS_7542d270,Демченко Максим Борисович,1,2024,2024
PERS_37c15317,Калина А. Э.,PERS_7da0afff,Демичев Кирилл Андреевич,1,2010,2010
PERS_37c15317,Калина А. Э.,PERS_7f908d49,Стрельцова Лилия Александровна,1,2024,2024
PERS_37c15317,Калина А. Э.,PERS_8108c314,Ерченков Олег Николаевич,1,2024,2024
PERS_37c15317,Калина А. Э.,PERS_82364943,Миллер Всеволод Фёдорович,1,2013,2013
PERS_37c15317,Калина А. Э.,PERS_829c1de5,Васильков Ярослав Владимирович,2,2013,2024
PERS_37c15317,Калина А. Э.,PERS_8516d1e4,Гасунс Марцис Юрьевич,2,2024,2025
PERS_37c15317,Калина А. Э.,PERS_8df3730a,Донченко Сергей Сергеевич,1,2024,2024
PERS_37c15317,Калина А. Э.,PERS_8df81b6d,Лужинская Полина Александровна,1,2024,2024
PERS_37c15317,Калина А. Э.,PERS_91b473b1,Челнокова Анна Витальевна,1,2024,2024
PERS_37c15317,Калина А. Э.,PERS_93e2effb,Комиссаров Дмитрий Алексеевич,1,2024,2024
PERS_37c15317,Калина А. Э.,PERS_9a855a7b,Альбедиль Маргарита Федоровна,1,2024,2024
PERS_37c15317,Калина А. Э.,PERS_9d99092c,Рыбаков Р. Б.,1,2024,2024
PERS_37c15317,Калина А. Э.,PERS_9e9c9566,Лекарева Ева Павловна,1,2024,2024
PERS_37c15317,Калина А. Э.,PERS_a0264ac5,Бурмистров Сергей Леонидович,1,2024,2024
PERS_37c15317,Калина А. Э.,PERS_a0f3d86d,Сергеева Варвара Алексеевна,1,2010,2010
PERS_37c15317,Калина А. Э.,PERS_a638a4b3,Федорова Наталья Леонидовна,2,2011,2013
PERS_37c15317,Калина А. Э.,PERS_ab6bf9e3,Смирнов Борис Леонидович,1,2009,2009
PERS_37c15317,Калина А. Э.,PERS_bbd15f4f,Степин А. А.,1,2024,2024
PERS_37c15317,Калина А. Э.,PERS_bc97fb65,Краснодембская Нина Георгиевна,1,2024,2024
PERS_37c15317,Калина А. Э.,PERS_bd77e495,Корнеев Геннадий Батыревич,1,2024,2024
PERS_37c15317,Калина А. Э.,PERS_c48611e0,Островская Елена Петровна,2,2010,2024
PERS_37c15317,Калина А. Э.,PERS_cb52ebc2,Лемешкина Ксения Вячеславовна,1,2024,2024
PERS_37c15317,Калина А. Э.,PERS_cd0d4845,Обермиллер Евгений Евгеньевич,1,2024,2024
PERS_37c15317,Калина А. Э.,PERS_ced3d7b4,Молина Анна Валерьевна,1,2024,2024
PERS_37c15317,Калина А. Э.,PERS_d218805b,Крюкова Виктория Юрьевна,1,2024,2024
PERS_37c15317,Калина А. Э.,PERS_d6ade703,Кожевникова Маргарита Николаевна,1,2009,2009
PERS_37c15317,Калина А. Э.,PERS_d98da899,Рыжакова Светлана Игоревна,1,2024,2024
PERS_37c15317,Калина А. Э.,PERS_e1dd6b3e,Лидова Наталья Ростиславовна,1,2024,2024
PERS_37c15317,Калина А. Э.,PERS_e5a5ac24,Невелева Светлана Леонидовна,1,2013,2013
PERS_37c15317,Калина А. Э.,PERS_f1f2471d,Игнатова Мария Михайловна,1,2015,2015
PERS_37c15317,Калина А. Э.,PERS_f56c5a7e,Жукова Любовь Евгеньевна,6,2009,2025
PERS_37c15317,Калина А. Э.,PERS_f8ab5755,Оранская Татьяна Иосифовна,1,2024,2024
PERS_37c15317,Калина А. Э.,PERS_f940c5b3,Стрелкова Гюзэль Владимировна,1,2024,2024
PERS_37c15317,Калина А. Э.,PERS_fb25c80f,Ермакова Татьяна Викторовна,1,2024,2024
PERS_37d557c2,Анисимова Дарья Дмитриевна,PERS_3e105f43,Игнатьев Андрей Александрович,1,2026,2026
PERS_37d557c2,Анисимова Дарья Дмитриевна,PERS_45cebd8f,Минаев Иван Павлович,1,2026,2026
PERS_37d557c2,Анисимова Дарья Дмитриевна,PERS_48b3bec3,Ч. Санчай,1,2026,2026
PERS_37d557c2,Анисимова Дарья Дмитриевна,PERS_4fff9d16,Минаева Маргарита Денисовна,1,2026,2026
PERS_37d557c2,Анисимова Дарья Дмитриевна,PERS_50c46233,Маретина Ксения Александровна,1,2026,2026
PERS_37d557c2,Анисимова Дарья Дмитриевна,PERS_56508328,Десницкая Евгения Алексеевна,1,2026,2026
PERS_37d557c2,Анисимова Дарья Дмитриевна,PERS_587b08ec,Леонов Михаил Васильевич,1,2026,2026
PERS_37d557c2,Анисимова Дарья Дмитриевна,PERS_58b39545,Ренковская Евгения Алексеевна,1,2026,2026
PERS_37d557c2,Анисимова Дарья Дмитриевна,PERS_58e18506,Соколова Ирина Александровна,1,2026,2026
PERS_37d557c2,Анисимова Дарья Дмитриевна,PERS_5d34c947,Волошина Оксана Анатольевна,1,2026,2026
PERS_37d557c2,Анисимова Дарья Дмитриевна,PERS_5f6689e8,Дмитриева Виктория Алексеевна,2,2025,2026
PERS_37d557c2,Анисимова Дарья Дмитриевна,PERS_69750b7c,Мазурина Валентина Николаевна,1,2025,2025
PERS_37d557c2,Анисимова Дарья Дмитриевна,PERS_6e211759,Иванов Владимир Павлович,1,2026,2026
PERS_37d557c2,Анисимова Дарья Дмитриевна,PERS_72506535,Крылова Анастасия Сергеевна,1,2026,2026
PERS_37d557c2,Анисимова Дарья Дмитриевна,PERS_7542d270,Демченко Максим Борисович,1,2026,2026
PERS_37d557c2,Анисимова Дарья Дмитриевна,PERS_829c1de5,Васильков Ярослав Владимирович,1,2026,2026
PERS_37d557c2,Анисимова Дарья Дмитриевна,PERS_8516d1e4,Гасунс Марцис Юрьевич,1,2025,2025
PERS_37d557c2,Анисимова Дарья Дмитриевна,PERS_8df81b6d,Лужинская Полина Александровна,1,2026,2026
PERS_37d557c2,Анисимова Дарья Дмитриевна,PERS_91b473b1,Челнокова Анна Витальевна,1,2026,2026
PERS_37d557c2,Анисимова Дарья Дмитриевна,PERS_92f41884,Касым Софья Васильевна,1,2026,2026
PERS_37d557c2,Анисимова Дарья Дмитриевна,PERS_93e2effb,Комиссаров Дмитрий Алексеевич,1,2026,2026
PERS_37d557c2,Анисимова Дарья Дмитриевна,PERS_9a855a7b,Альбедиль Маргарита Федоровна,1,2026,2026
PERS_37d557c2,Анисимова Дарья Дмитриевна,PERS_9d99092c,Рыбаков Р. Б.,1,2026,2026
PERS_37d557c2,Анисимова Дарья Дмитриевна,PERS_9e9c9566,Лекарева Ева Павловна,1,2026,2026
PERS_37d557c2,Анисимова Дарья Дмитриевна,PERS_9f398436,Куликов Леонид Игоревич,1,2026,2026
PERS_37d557c2,Анисимова Дарья Дмитриевна,PERS_a0264ac5,Бурмистров Сергей Леонидович,1,2026,2026
PERS_37d557c2,Анисимова Дарья Дмитриевна,PERS_a0f3d86d,Сергеева Варвара Алексеевна,1,2026,2026
PERS_37d557c2,Анисимова Дарья Дмитриевна,PERS_a638a4b3,Федорова Наталья Леонидовна,1,2026,2026
PERS_37d557c2,Анисимова Дарья Дмитриевна,PERS_a84aedaa,Шомахмадов Сафарали Хайбуллоевич,1,2026,2026
PERS_37d557c2,Анисимова Дарья Дмитриевна,PERS_a901d460,Фаградян Марина Александровна,2,2025,2026
PERS_37d557c2,Анисимова Дарья Дмитриевна,PERS_b2c121e9,Успенская Елена Николаевна,1,2025,2025
PERS_37d557c2,Анисимова Дарья Дмитриевна,PERS_b881461b,Яковлева Мария Николаевна,1,2026,2026
PERS_37d557c2,Анисимова Дарья Дмитриевна,PERS_bd77e495,Корнеев Геннадий Батыревич,2,2025,2026
PERS_37d557c2,Анисимова Дарья Дмитриевна,PERS_c52dfaa0,Цветкова Светлана Олеговна,1,2026,2026
PERS_37d557c2,Анисимова Дарья Дмитриевна,PERS_c582889e,Иткин Илья Борисович,1,2025,2025
PERS_37d557c2,Анисимова Дарья Дмитриевна,PERS_cb52ebc2,Лемешкина Ксения Вячеславовна,1,2026,2026
PERS_37d557c2,Анисимова Дарья Дмитриевна,PERS_ced3d7b4,Молина Анна Валерьевна,1,2026,2026
PERS_37d557c2,Анисимова Дарья Дмитриевна,PERS_d01427ca,Бещук Юлия Владимировна,1,2026,2026
PERS_37d557c2,Анисимова Дарья Дмитриевна,PERS_d3c5382c,Попова Ирина Фёдоровна,1,2026,2026
PERS_37d557c2,Анисимова Дарья Дмитриевна,PERS_d98da899,Рыжакова Светлана Игоревна,1,2026,2026
PERS_37d557c2,Анисимова Дарья Дмитриевна,PERS_d9d69ac2,Петров Павел Яковлевич,1,2026,2026
PERS_37d557c2,Анисимова Дарья Дмитриевна,PERS_db046be0,Сабирова Римма Наилевна,1,2026,2026
PERS_37d557c2,Анисимова Дарья Дмитриевна,PERS_e1dd6b3e,Лидова Наталья Ростиславовна,1,2026,2026
PERS_37d557c2,Анисимова Дарья Дмитриевна,PERS_f19cd8a1,Котин Игорь Юрьевич,1,2026,2026
PERS_37d557c2,Анисимова Дарья Дмитриевна,PERS_f8ab5755,Оранская Татьяна Иосифовна,1,2026,2026
PERS_37d557c2,Анисимова Дарья Дмитриевна,PERS_fb25c80f,Ермакова Татьяна Викторовна,1,2026,2026
PERS_37f98454,Рудой Валерий Исаакович,PERS_3e105f43,Игнатьев Андрей Александрович,1,2010,2010
PERS_37f98454,Рудой Валерий Исаакович,PERS_4dd85c67,Бётлингк Оттон Николаевич,1,2015,2015
PERS_37f98454,Рудой Валерий Исаакович,PERS_5228da95,Вертоградова Виктория Викторовна,1,2010,2010
PERS_37f98454,Рудой Валерий Исаакович,PERS_5cae5a20,Щербатской Фёдор Ипполитович,1,2009,2009
PERS_37f98454,Рудой Валерий Исаакович,PERS_6b867946,Смирнова Екатерина Викторовна,2,2009,2012
PERS_37f98454,Рудой Валерий Исаакович,PERS_6e211759,Иванов Владимир Павлович,1,2013,2013
PERS_37f98454,Рудой Валерий Исаакович,PERS_7da0afff,Демичев Кирилл Андреевич,1,2010,2010
PERS_37f98454,Рудой Валерий Исаакович,PERS_8516d1e4,Гасунс Марцис Юрьевич,3,2013,2017
PERS_37f98454,Рудой Валерий Исаакович,PERS_9366fe2c,Крыштоп Людмила Эдуардовна,1,2012,2012
PERS_37f98454,Рудой Валерий Исаакович,PERS_a0f3d86d,Сергеева Варвара Алексеевна,1,2010,2010
PERS_37f98454,Рудой Валерий Исаакович,PERS_ab6bf9e3,Смирнов Борис Леонидович,2,2009,2012
PERS_37f98454,Рудой Валерий Исаакович,PERS_b4cdbfb8,Эрман Владимир Гансович,2,2009,2012
PERS_37f98454,Рудой Валерий Исаакович,PERS_c48611e0,Островская Елена Петровна,5,2009,2014
PERS_37f98454,Рудой Валерий Исаакович,PERS_cfb92c5f,Уланский Евгений Андреевич,1,2019,2019
PERS_37f98454,Рудой Валерий Исаакович,PERS_dfaf6803,Борисов Яков Александрович,1,2009,2009
PERS_37f98454,Рудой Валерий Исаакович,PERS_f56c5a7e,Жукова Любовь Евгеньевна,5,2009,2014
PERS_3b196639,Гордийчук Николай Валентинович,PERS_3c202afd,Крапивина Раиса Николаевна,1,2021,2021
PERS_3b196639,Гордийчук Николай Валентинович,PERS_3c7d41ac,Фомин Максим Сергеевич,1,2021,2021
PERS_3b196639,Гордийчук Николай Валентинович,PERS_3ccc9bd7,А. Солька,1,2021,2021
PERS_3b196639,Гордийчук Николай Валентинович,PERS_3d22e8d4,Стрелков Андрей Михайлович,1,2021,2021
PERS_3b196639,Гордийчук Николай Валентинович,PERS_3e105f43,Игнатьев Андрей Александрович,3,2019,2021
PERS_3b196639,Гордийчук Николай Валентинович,PERS_3e952361,Хохлов Александр Николаевич,1,2021,2021
PERS_3b196639,Гордийчук Николай Валентинович,PERS_41d6aa73,Воробьева Дарья Николаевна,2,2021,2021
PERS_3b196639,Гордийчук Николай Валентинович,PERS_45a76880,Кораблин Денис Александрович,1,2021,2021
PERS_3b196639,Гордийчук Николай Валентинович,PERS_45cebd8f,Минаев Иван Павлович,2,2019,2020
PERS_3b196639,Гордийчук Николай Валентинович,PERS_467d4dbb,Клебанов Андрей Александрович,1,2021,2021
PERS_3b196639,Гордийчук Николай Валентинович,PERS_48b3bec3,Ч. Санчай,1,2019,2019
PERS_3b196639,Гордийчук Николай Валентинович,PERS_4fff9d16,Минаева Маргарита Денисовна,1,2020,2020
PERS_3b196639,Гордийчук Николай Валентинович,PERS_50c46233,Маретина Ксения Александровна,1,2021,2021
PERS_3b196639,Гордийчук Николай Валентинович,PERS_50d73711,Смирнитская Анна Александровна,4,2019,2021
PERS_3b196639,Гордийчук Николай Валентинович,PERS_5228da95,Вертоградова Виктория Викторовна,1,2021,2021
PERS_3b196639,Гордийчук Николай Валентинович,PERS_56508328,Десницкая Евгения Алексеевна,4,2019,2021
PERS_3b196639,Гордийчук Николай Валентинович,PERS_587b08ec,Леонов Михаил Васильевич,1,2021,2021
PERS_3b196639,Гордийчук Николай Валентинович,PERS_58b39545,Ренковская Евгения Алексеевна,4,2019,2021
PERS_3b196639,Гордийчук Николай Валентинович,PERS_5d34c947,Волошина Оксана Анатольевна,3,2019,2021
PERS_3b196639,Гордийчук Николай Валентинович,PERS_5e2a5a5c,Столярова Екатерина Владимировна,1,2019,2019
PERS_3b196639,Гордийчук Николай Валентинович,PERS_5ed752d9,Китинов Баатр Учаевич,1,2021,2021
PERS_3b196639,Гордийчук Николай Валентинович,PERS_5f6fa17b,Пахомова Александра Михайловна,2,2021,2021
PERS_3b196639,Гордийчук Николай Валентинович,PERS_6578b52d,Тюлина Елена Владимировна,1,2021,2021
PERS_3b196639,Гордийчук Николай Валентинович,PERS_69750b7c,Мазурина Валентина Николаевна,1,2021,2021
PERS_3b196639,Гордийчук Николай Валентинович,PERS_6a84adb8,Макаев Энвер Ахмедович,1,2021,2021
PERS_3b196639,Гордийчук Николай Валентинович,PERS_6ae5c779,Фивейская Анастасия Васильевна,2,2021,2021
PERS_3b196639,Гордийчук Николай Валентинович,PERS_6b867946,Смирнова Екатерина Викторовна,1,2021,2021
PERS_3b196639,Гордийчук Николай Валентинович,PERS_6e211759,Иванов Владимир Павлович,1,2021,2021
PERS_3b196639,Гордийчук Николай Валентинович,PERS_72506535,Крылова Анастасия Сергеевна,4,2019,2021
PERS_3b196639,Гордийчук Николай Валентинович,PERS_72932969,Рерих Юрий Николаевич,1,2021,2021
PERS_3b196639,Гордийчук Николай Валентинович,PERS_7542d270,Демченко Максим Борисович,3,2019,2021
PERS_3b196639,Гордийчук Николай Валентинович,PERS_7eb0dc30,Зимина Татьяна Александровна,2,2019,2020
PERS_3b196639,Гордийчук Николай Валентинович,PERS_7f908d49,Стрельцова Лилия Александровна,2,2019,2021
PERS_3b196639,Гордийчук Николай Валентинович,PERS_8108c314,Ерченков Олег Николаевич,2,2019,2020
PERS_3b196639,Гордийчук Николай Валентинович,PERS_829c1de5,Васильков Ярослав Владимирович,4,2019,2021
PERS_3b196639,Гордийчук Николай Валентинович,PERS_8516d1e4,Гасунс Марцис Юрьевич,4,2019,2021
PERS_3b196639,Гордийчук Николай Валентинович,PERS_8df3730a,Донченко Сергей Сергеевич,1,2019,2019
PERS_3b196639,Гордийчук Николай Валентинович,PERS_8e117242,Юдицкая Екатерина Алексеевна,4,2019,2021
PERS_3b196639,Гордийчук Николай Валентинович,PERS_91b473b1,Челнокова Анна Витальевна,1,2021,2021
PERS_3b196639,Гордийчук Николай Валентинович,PERS_9366fe2c,Крыштоп Людмила Эдуардовна,2,2020,2021
PERS_3b196639,Гордийчук Николай Валентинович,PERS_9374fd12,Вырщиков Евгений Геннадьевич,1,2021,2021
PERS_3b196639,Гордийчук Николай Валентинович,PERS_93e2effb,Комиссаров Дмитрий Алексеевич,1,2021,2021
PERS_3b196639,Гордийчук Николай Валентинович,PERS_9a855a7b,Альбедиль Маргарита Федоровна,2,2019,2021
PERS_3b196639,Гордийчук Николай Валентинович,PERS_9d99092c,Рыбаков Р. Б.,3,2019,2021
PERS_3b196639,Гордийчук Николай Валентинович,PERS_9e9c9566,Лекарева Ева Павловна,1,2021,2021
PERS_3b196639,Гордийчук Николай Валентинович,PERS_9f398436,Куликов Леонид Игоревич,3,2020,2021
PERS_3b196639,Гордийчук Николай Валентинович,PERS_a0264ac5,Бурмистров Сергей Леонидович,3,2019,2021
PERS_3b196639,Гордийчук Николай Валентинович,PERS_a84aedaa,Шомахмадов Сафарали Хайбуллоевич,1,2021,2021
PERS_3b196639,Гордийчук Николай Валентинович,PERS_a901d460,Фаградян Марина Александровна,2,2019,2021
PERS_3b196639,Гордийчук Николай Валентинович,PERS_ab6bf9e3,Смирнов Борис Леонидович,1,2021,2021
PERS_3b196639,Гордийчук Николай Валентинович,PERS_b62a9567,Курочкин Александр Юрьевич,1,2019,2019
PERS_3b196639,Гордийчук Николай Валентинович,PERS_b76851a7,Митруев Бембя Леонидович,1,2021,2021
PERS_3b196639,Гордийчук Николай Валентинович,PERS_b881461b,Яковлева Мария Николаевна,1,2019,2019
PERS_3b196639,Гордийчук Николай Валентинович,PERS_ba537782,М. И. Петрова,1,2021,2021
PERS_3b196639,Гордийчук Николай Валентинович,PERS_bc97fb65,Краснодембская Нина Георгиевна,3,2019,2021
PERS_3b196639,Гордийчук Николай Валентинович,PERS_bcaec2d8,Дружинин Владимир Юрьевич,1,2021,2021
PERS_3b196639,Гордийчук Николай Валентинович,PERS_bd77e495,Корнеев Геннадий Батыревич,4,2019,2021
PERS_3b196639,Гордийчук Николай Валентинович,PERS_c48611e0,Островская Елена Петровна,4,2019,2021
PERS_3b196639,Гордийчук Николай Валентинович,PERS_c52dfaa0,Цветкова Светлана Олеговна,3,2019,2021
PERS_3b196639,Гордийчук Николай Валентинович,PERS_c5677a3f,Зорин Алексей Валерьевич,2,2019,2021
PERS_3b196639,Гордийчук Николай Валентинович,PERS_c6bbcef3,Битинайте Елена Алексеевна,2,2019,2020
PERS_3b196639,Гордийчук Николай Валентинович,PERS_cb52ebc2,Лемешкина Ксения Вячеславовна,1,2020,2020
PERS_3b196639,Гордийчук Николай Валентинович,PERS_cfb92c5f,Уланский Евгений Андреевич,3,2019,2021
PERS_3b196639,Гордийчук Николай Валентинович,PERS_d218805b,Крюкова Виктория Юрьевна,1,2019,2019
PERS_3b196639,Гордийчук Николай Валентинович,PERS_d3c5382c,Попова Ирина Фёдоровна,2,2019,2021
PERS_3b196639,Гордийчук Николай Валентинович,PERS_d98da899,Рыжакова Светлана Игоревна,4,2019,2021
PERS_3b196639,Гордийчук Николай Валентинович,PERS_da862dde,Дробышев Юлий Игорьевич,1,2021,2021
PERS_3b196639,Гордийчук Николай Валентинович,PERS_db046be0,Сабирова Римма Наилевна,4,2019,2021
PERS_3b196639,Гордийчук Николай Валентинович,PERS_e1dd6b3e,Лидова Наталья Ростиславовна,2,2021,2021
PERS_3b196639,Гордийчук Николай Валентинович,PERS_e31ca12d,Вечерина Ольга Павловна,5,2019,2021
PERS_3b196639,Гордийчук Николай Валентинович,PERS_e72d4c09,Огнева Елена Дмитриевна,1,2021,2021
PERS_3b196639,Гордийчук Николай Валентинович,PERS_e9545a0b,Шустова Алла Михайловна,1,2021,2021
PERS_3b196639,Гордийчук Николай Валентинович,PERS_ea44fd14,Люлина Анастасия Геннадьевна,1,2021,2021
PERS_3b196639,Гордийчук Николай Валентинович,PERS_f2fef030,Мехакян Арег Гайкович,2,2021,2021
PERS_3b196639,Гордийчук Николай Валентинович,PERS_f56c5a7e,Жукова Любовь Евгеньевна,1,2021,2021
PERS_3b196639,Гордийчук Николай Валентинович,PERS_f8ab5755,Оранская Татьяна Иосифовна,2,2019,2020
PERS_3b196639,Гордийчук Николай Валентинович,PERS_f940c5b3,Стрелкова Гюзэль Владимировна,1,2021,2021
PERS_3b196639,Гордийчук Николай Валентинович,PERS_fb25c80f,Ермакова Татьяна Викторовна,3,2019,2021
PERS_3c202afd,Крапивина Раиса Николаевна,PERS_3c7d41ac,Фомин Максим Сергеевич,1,2021,2021
PERS_3c202afd,Крапивина Раиса Николаевна,PERS_3ccc9bd7,А. Солька,1,2021,2021
PERS_3c202afd,Крапивина Раиса Николаевна,PERS_3d22e8d4,Стрелков Андрей Михайлович,1,2024,2024
PERS_3c202afd,Крапивина Раиса Николаевна,PERS_3e105f43,Игнатьев Андрей Александрович,1,2024,2024
PERS_3c202afd,Крапивина Раиса Николаевна,PERS_3f406fe3,Кравцова Е. Р.,1,2024,2024
PERS_3c202afd,Крапивина Раиса Николаевна,PERS_41d6aa73,Воробьева Дарья Николаевна,2,2021,2024
PERS_3c202afd,Крапивина Раиса Николаевна,PERS_45a76880,Кораблин Денис Александрович,1,2021,2021
PERS_3c202afd,Крапивина Раиса Николаевна,PERS_45cebd8f,Минаев Иван Павлович,1,2024,2024
PERS_3c202afd,Крапивина Раиса Николаевна,PERS_50c46233,Маретина Ксения Александровна,1,2024,2024
PERS_3c202afd,Крапивина Раиса Николаевна,PERS_5228da95,Вертоградова Виктория Викторовна,1,2021,2021
PERS_3c202afd,Крапивина Раиса Николаевна,PERS_56508328,Десницкая Евгения Алексеевна,1,2024,2024
PERS_3c202afd,Крапивина Раиса Николаевна,PERS_587b08ec,Леонов Михаил Васильевич,1,2024,2024
PERS_3c202afd,Крапивина Раиса Николаевна,PERS_58b39545,Ренковская Евгения Алексеевна,1,2021,2021
PERS_3c202afd,Крапивина Раиса Николаевна,PERS_5d38cbae,Е. Н. Аникеева,1,2024,2024
PERS_3c202afd,Крапивина Раиса Николаевна,PERS_5e2a5a5c,Столярова Екатерина Владимировна,1,2024,2024
PERS_3c202afd,Крапивина Раиса Николаевна,PERS_5ed752d9,Китинов Баатр Учаевич,1,2021,2021
PERS_3c202afd,Крапивина Раиса Николаевна,PERS_5f6fa17b,Пахомова Александра Михайловна,1,2021,2021
PERS_3c202afd,Крапивина Раиса Николаевна,PERS_6578b52d,Тюлина Елена Владимировна,1,2021,2021
PERS_3c202afd,Крапивина Раиса Николаевна,PERS_68e9019d,Малютин Иван Иванович,1,2024,2024
PERS_3c202afd,Крапивина Раиса Николаевна,PERS_6ae5c779,Фивейская Анастасия Васильевна,1,2024,2024
PERS_3c202afd,Крапивина Раиса Николаевна,PERS_72506535,Крылова Анастасия Сергеевна,2,2021,2024
PERS_3c202afd,Крапивина Раиса Николаевна,PERS_72932969,Рерих Юрий Николаевич,1,2021,2021
PERS_3c202afd,Крапивина Раиса Николаевна,PERS_7542d270,Демченко Максим Борисович,1,2024,2024
PERS_3c202afd,Крапивина Раиса Николаевна,PERS_7f908d49,Стрельцова Лилия Александровна,1,2024,2024
PERS_3c202afd,Крапивина Раиса Николаевна,PERS_8108c314,Ерченков Олег Николаевич,1,2024,2024
PERS_3c202afd,Крапивина Раиса Николаевна,PERS_829c1de5,Васильков Ярослав Владимирович,1,2024,2024
PERS_3c202afd,Крапивина Раиса Николаевна,PERS_8516d1e4,Гасунс Марцис Юрьевич,1,2024,2024
PERS_3c202afd,Крапивина Раиса Николаевна,PERS_8df3730a,Донченко Сергей Сергеевич,1,2024,2024
PERS_3c202afd,Крапивина Раиса Николаевна,PERS_8df81b6d,Лужинская Полина Александровна,1,2024,2024
PERS_3c202afd,Крапивина Раиса Николаевна,PERS_8e117242,Юдицкая Екатерина Алексеевна,1,2021,2021
PERS_3c202afd,Крапивина Раиса Николаевна,PERS_91b473b1,Челнокова Анна Витальевна,1,2024,2024
PERS_3c202afd,Крапивина Раиса Николаевна,PERS_9374fd12,Вырщиков Евгений Геннадьевич,1,2021,2021
PERS_3c202afd,Крапивина Раиса Николаевна,PERS_93e2effb,Комиссаров Дмитрий Алексеевич,1,2024,2024
PERS_3c202afd,Крапивина Раиса Николаевна,PERS_9a855a7b,Альбедиль Маргарита Федоровна,1,2024,2024
PERS_3c202afd,Крапивина Раиса Николаевна,PERS_9d99092c,Рыбаков Р. Б.,1,2024,2024
PERS_3c202afd,Крапивина Раиса Николаевна,PERS_9e9c9566,Лекарева Ева Павловна,1,2024,2024
PERS_3c202afd,Крапивина Раиса Николаевна,PERS_9f398436,Куликов Леонид Игоревич,1,2021,2021
PERS_3c202afd,Крапивина Раиса Николаевна,PERS_a0264ac5,Бурмистров Сергей Леонидович,1,2024,2024
PERS_3c202afd,Крапивина Раиса Николаевна,PERS_bbd15f4f,Степин А. А.,1,2024,2024
PERS_3c202afd,Крапивина Раиса Николаевна,PERS_bc97fb65,Краснодембская Нина Георгиевна,1,2024,2024
PERS_3c202afd,Крапивина Раиса Николаевна,PERS_bd77e495,Корнеев Геннадий Батыревич,2,2021,2024
PERS_3c202afd,Крапивина Раиса Николаевна,PERS_c48611e0,Островская Елена Петровна,1,2024,2024
PERS_3c202afd,Крапивина Раиса Николаевна,PERS_c52dfaa0,Цветкова Светлана Олеговна,1,2021,2021
PERS_3c202afd,Крапивина Раиса Николаевна,PERS_cb52ebc2,Лемешкина Ксения Вячеславовна,1,2024,2024
PERS_3c202afd,Крапивина Раиса Николаевна,PERS_cd0d4845,Обермиллер Евгений Евгеньевич,1,2024,2024
PERS_3c202afd,Крапивина Раиса Николаевна,PERS_ced3d7b4,Молина Анна Валерьевна,1,2024,2024
PERS_3c202afd,Крапивина Раиса Николаевна,PERS_d218805b,Крюкова Виктория Юрьевна,1,2024,2024
PERS_3c202afd,Крапивина Раиса Николаевна,PERS_d98da899,Рыжакова Светлана Игоревна,1,2024,2024
PERS_3c202afd,Крапивина Раиса Николаевна,PERS_da862dde,Дробышев Юлий Игорьевич,1,2021,2021
PERS_3c202afd,Крапивина Раиса Николаевна,PERS_e1dd6b3e,Лидова Наталья Ростиславовна,2,2021,2024
PERS_3c202afd,Крапивина Раиса Николаевна,PERS_e31ca12d,Вечерина Ольга Павловна,1,2021,2021
PERS_3c202afd,Крапивина Раиса Николаевна,PERS_e72d4c09,Огнева Елена Дмитриевна,1,2021,2021
PERS_3c202afd,Крапивина Раиса Николаевна,PERS_e9545a0b,Шустова Алла Михайловна,1,2021,2021
PERS_3c202afd,Крапивина Раиса Николаевна,PERS_ea44fd14,Люлина Анастасия Геннадьевна,1,2021,2021
PERS_3c202afd,Крапивина Раиса Николаевна,PERS_f2fef030,Мехакян Арег Гайкович,1,2021,2021
PERS_3c202afd,Крапивина Раиса Николаевна,PERS_f56c5a7e,Жукова Любовь Евгеньевна,1,2024,2024
PERS_3c202afd,Крапивина Раиса Николаевна,PERS_f8ab5755,Оранская Татьяна Иосифовна,1,2024,2024
PERS_3c202afd,Крапивина Раиса Николаевна,PERS_f940c5b3,Стрелкова Гюзэль Владимировна,1,2024,2024
PERS_3c202afd,Крапивина Раиса Николаевна,PERS_fb25c80f,Ермакова Татьяна Викторовна,1,2024,2024
PERS_3c7d41ac,Фомин Максим Сергеевич,PERS_3ccc9bd7,А. Солька,1,2021,2021
PERS_3c7d41ac,Фомин Максим Сергеевич,PERS_3e105f43,Игнатьев Андрей Александрович,1,2011,2011
PERS_3c7d41ac,Фомин Максим Сергеевич,PERS_41d6aa73,Воробьева Дарья Николаевна,1,2021,2021
PERS_3c7d41ac,Фомин Максим Сергеевич,PERS_45a76880,Кораблин Денис Александрович,1,2021,2021
PERS_3c7d41ac,Фомин Максим Сергеевич,PERS_5228da95,Вертоградова Виктория Викторовна,2,2015,2021
PERS_3c7d41ac,Фомин Максим Сергеевич,PERS_58b39545,Ренковская Евгения Алексеевна,1,2021,2021
PERS_3c7d41ac,Фомин Максим Сергеевич,PERS_5ed752d9,Китинов Баатр Учаевич,1,2021,2021
PERS_3c7d41ac,Фомин Максим Сергеевич,PERS_5f6fa17b,Пахомова Александра Михайловна,1,2021,2021
PERS_3c7d41ac,Фомин Максим Сергеевич,PERS_6578b52d,Тюлина Елена Владимировна,1,2021,2021
PERS_3c7d41ac,Фомин Максим Сергеевич,PERS_6e211759,Иванов Владимир Павлович,1,2011,2011
PERS_3c7d41ac,Фомин Максим Сергеевич,PERS_72506535,Крылова Анастасия Сергеевна,1,2021,2021
PERS_3c7d41ac,Фомин Максим Сергеевич,PERS_72932969,Рерих Юрий Николаевич,1,2021,2021
PERS_3c7d41ac,Фомин Максим Сергеевич,PERS_773647fc,Баранников Алексей Петрович,1,2015,2015
PERS_3c7d41ac,Фомин Максим Сергеевич,PERS_82364943,Миллер Всеволод Фёдорович,2,2011,2015
PERS_3c7d41ac,Фомин Максим Сергеевич,PERS_8516d1e4,Гасунс Марцис Юрьевич,1,2011,2011
PERS_3c7d41ac,Фомин Максим Сергеевич,PERS_8e117242,Юдицкая Екатерина Алексеевна,1,2021,2021
PERS_3c7d41ac,Фомин Максим Сергеевич,PERS_9374fd12,Вырщиков Евгений Геннадьевич,1,2021,2021
PERS_3c7d41ac,Фомин Максим Сергеевич,PERS_9d99092c,Рыбаков Р. Б.,1,2011,2011
PERS_3c7d41ac,Фомин Максим Сергеевич,PERS_9f398436,Куликов Леонид Игоревич,1,2021,2021
PERS_3c7d41ac,Фомин Максим Сергеевич,PERS_a0f3d86d,Сергеева Варвара Алексеевна,1,2011,2011
PERS_3c7d41ac,Фомин Максим Сергеевич,PERS_a901d460,Фаградян Марина Александровна,1,2011,2011
PERS_3c7d41ac,Фомин Максим Сергеевич,PERS_bd77e495,Корнеев Геннадий Батыревич,1,2021,2021
PERS_3c7d41ac,Фомин Максим Сергеевич,PERS_c52dfaa0,Цветкова Светлана Олеговна,1,2021,2021
PERS_3c7d41ac,Фомин Максим Сергеевич,PERS_da862dde,Дробышев Юлий Игорьевич,1,2021,2021
PERS_3c7d41ac,Фомин Максим Сергеевич,PERS_e1dd6b3e,Лидова Наталья Ростиславовна,1,2021,2021
PERS_3c7d41ac,Фомин Максим Сергеевич,PERS_e31ca12d,Вечерина Ольга Павловна,1,2021,2021
PERS_3c7d41ac,Фомин Максим Сергеевич,PERS_e72d4c09,Огнева Елена Дмитриевна,1,2021,2021
PERS_3c7d41ac,Фомин Максим Сергеевич,PERS_e9545a0b,Шустова Алла Михайловна,1,2021,2021
PERS_3c7d41ac,Фомин Максим Сергеевич,PERS_ea44fd14,Люлина Анастасия Геннадьевна,1,2021,2021
PERS_3c7d41ac,Фомин Максим Сергеевич,PERS_f2fef030,Мехакян Арег Гайкович,1,2021,2021
PERS_3ccc9bd7,А. Солька,PERS_41d6aa73,Воробьева Дарья Николаевна,1,2021,2021
PERS_3ccc9bd7,А. Солька,PERS_45a76880,Кораблин Денис Александрович,2,2021,2024
PERS_3ccc9bd7,А. Солька,PERS_45cebd8f,Минаев Иван Павлович,1,2024,2024
PERS_3ccc9bd7,А. Солька,PERS_48b3bec3,Ч. Санчай,1,2024,2024
PERS_3ccc9bd7,А. Солька,PERS_4fff9d16,Минаева Маргарита Денисовна,1,2024,2024
PERS_3ccc9bd7,А. Солька,PERS_5228da95,Вертоградова Виктория Викторовна,2,2021,2024
PERS_3ccc9bd7,А. Солька,PERS_587b08ec,Леонов Михаил Васильевич,1,2024,2024
PERS_3ccc9bd7,А. Солька,PERS_58b39545,Ренковская Евгения Алексеевна,1,2021,2021
PERS_3ccc9bd7,А. Солька,PERS_5ed752d9,Китинов Баатр Учаевич,2,2021,2024
PERS_3ccc9bd7,А. Солька,PERS_5f6fa17b,Пахомова Александра Михайловна,2,2021,2024
PERS_3ccc9bd7,А. Солька,PERS_6578b52d,Тюлина Елена Владимировна,2,2021,2024
PERS_3ccc9bd7,А. Солька,PERS_72506535,Крылова Анастасия Сергеевна,1,2021,2021
PERS_3ccc9bd7,А. Солька,PERS_72932969,Рерих Юрий Николаевич,2,2021,2024
PERS_3ccc9bd7,А. Солька,PERS_8516d1e4,Гасунс Марцис Юрьевич,1,2024,2024
PERS_3ccc9bd7,А. Солька,PERS_8e117242,Юдицкая Екатерина Алексеевна,1,2021,2021
PERS_3ccc9bd7,А. Солька,PERS_9374fd12,Вырщиков Евгений Геннадьевич,2,2021,2024
PERS_3ccc9bd7,А. Солька,PERS_9f398436,Куликов Леонид Игоревич,1,2021,2021
PERS_3ccc9bd7,А. Солька,PERS_a8983673,Вигель Нарине Липаритовна,1,2024,2024
PERS_3ccc9bd7,А. Солька,PERS_bd77e495,Корнеев Геннадий Батыревич,2,2021,2024
PERS_3ccc9bd7,А. Солька,PERS_c52dfaa0,Цветкова Светлана Олеговна,2,2021,2024
PERS_3ccc9bd7,А. Солька,PERS_ced3d7b4,Молина Анна Валерьевна,1,2024,2024
PERS_3ccc9bd7,А. Солька,PERS_da862dde,Дробышев Юлий Игорьевич,2,2021,2024
PERS_3ccc9bd7,А. Солька,PERS_e1dd6b3e,Лидова Наталья Ростиславовна,2,2021,2024
PERS_3ccc9bd7,А. Солька,PERS_e31ca12d,Вечерина Ольга Павловна,1,2021,2021
PERS_3ccc9bd7,А. Солька,PERS_e72d4c09,Огнева Елена Дмитриевна,1,2021,2021
PERS_3ccc9bd7,А. Солька,PERS_e9545a0b,Шустова Алла Михайловна,2,2021,2024
PERS_3ccc9bd7,А. Солька,PERS_ea44fd14,Люлина Анастасия Геннадьевна,2,2021,2024
PERS_3ccc9bd7,А. Солька,PERS_f2fef030,Мехакян Арег Гайкович,1,2021,2021
PERS_3ccc9bd7,А. Солька,PERS_f5b8b340,Вигасин Алексей Алексеевич,1,2024,2024
PERS_3d22e8d4,Стрелков Андрей Михайлович,PERS_3e105f43,Игнатьев Андрей Александрович,1,2024,2024
PERS_3d22e8d4,Стрелков Андрей Михайлович,PERS_3e952361,Хохлов Александр Николаевич,1,2021,2021
PERS_3d22e8d4,Стрелков Андрей Михайлович,PERS_3f406fe3,Кравцова Е. Р.,1,2024,2024
PERS_3d22e8d4,Стрелков Андрей Михайлович,PERS_41d6aa73,Воробьева Дарья Николаевна,2,2021,2024
PERS_3d22e8d4,Стрелков Андрей Михайлович,PERS_45cebd8f,Минаев Иван Павлович,1,2024,2024
PERS_3d22e8d4,Стрелков Андрей Михайлович,PERS_50c46233,Маретина Ксения Александровна,2,2021,2024
PERS_3d22e8d4,Стрелков Андрей Михайлович,PERS_50d73711,Смирнитская Анна Александровна,1,2021,2021
PERS_3d22e8d4,Стрелков Андрей Михайлович,PERS_56508328,Десницкая Евгения Алексеевна,2,2021,2024
PERS_3d22e8d4,Стрелков Андрей Михайлович,PERS_587b08ec,Леонов Михаил Васильевич,2,2021,2024
PERS_3d22e8d4,Стрелков Андрей Михайлович,PERS_58b39545,Ренковская Евгения Алексеевна,1,2021,2021
PERS_3d22e8d4,Стрелков Андрей Михайлович,PERS_5e2a5a5c,Столярова Екатерина Владимировна,1,2024,2024
PERS_3d22e8d4,Стрелков Андрей Михайлович,PERS_5f6fa17b,Пахомова Александра Михайловна,1,2021,2021
PERS_3d22e8d4,Стрелков Андрей Михайлович,PERS_68e9019d,Малютин Иван Иванович,1,2024,2024
PERS_3d22e8d4,Стрелков Андрей Михайлович,PERS_69750b7c,Мазурина Валентина Николаевна,1,2021,2021
PERS_3d22e8d4,Стрелков Андрей Михайлович,PERS_6a84adb8,Макаев Энвер Ахмедович,1,2021,2021
PERS_3d22e8d4,Стрелков Андрей Михайлович,PERS_6ae5c779,Фивейская Анастасия Васильевна,2,2021,2024
PERS_3d22e8d4,Стрелков Андрей Михайлович,PERS_6b867946,Смирнова Екатерина Викторовна,1,2021,2021
PERS_3d22e8d4,Стрелков Андрей Михайлович,PERS_72506535,Крылова Анастасия Сергеевна,2,2021,2024
PERS_3d22e8d4,Стрелков Андрей Михайлович,PERS_7542d270,Демченко Максим Борисович,1,2024,2024
PERS_3d22e8d4,Стрелков Андрей Михайлович,PERS_7f908d49,Стрельцова Лилия Александровна,2,2021,2024
PERS_3d22e8d4,Стрелков Андрей Михайлович,PERS_8108c314,Ерченков Олег Николаевич,1,2024,2024
PERS_3d22e8d4,Стрелков Андрей Михайлович,PERS_829c1de5,Васильков Ярослав Владимирович,2,2021,2024
PERS_3d22e8d4,Стрелков Андрей Михайлович,PERS_8516d1e4,Гасунс Марцис Юрьевич,2,2021,2024
PERS_3d22e8d4,Стрелков Андрей Михайлович,PERS_8df3730a,Донченко Сергей Сергеевич,1,2024,2024
PERS_3d22e8d4,Стрелков Андрей Михайлович,PERS_8df81b6d,Лужинская Полина Александровна,1,2024,2024
PERS_3d22e8d4,Стрелков Андрей Михайлович,PERS_91b473b1,Челнокова Анна Витальевна,2,2021,2024
PERS_3d22e8d4,Стрелков Андрей Михайлович,PERS_9366fe2c,Крыштоп Людмила Эдуардовна,1,2021,2021
PERS_3d22e8d4,Стрелков Андрей Михайлович,PERS_93e2effb,Комиссаров Дмитрий Алексеевич,1,2024,2024
PERS_3d22e8d4,Стрелков Андрей Михайлович,PERS_9a855a7b,Альбедиль Маргарита Федоровна,1,2024,2024
PERS_3d22e8d4,Стрелков Андрей Михайлович,PERS_9d99092c,Рыбаков Р. Б.,1,2024,2024
PERS_3d22e8d4,Стрелков Андрей Михайлович,PERS_9e9c9566,Лекарева Ева Павловна,2,2021,2024
PERS_3d22e8d4,Стрелков Андрей Михайлович,PERS_9f398436,Куликов Леонид Игоревич,1,2021,2021
PERS_3d22e8d4,Стрелков Андрей Михайлович,PERS_a0264ac5,Бурмистров Сергей Леонидович,2,2021,2024
PERS_3d22e8d4,Стрелков Андрей Михайлович,PERS_a901d460,Фаградян Марина Александровна,1,2021,2021
PERS_3d22e8d4,Стрелков Андрей Михайлович,PERS_ab6bf9e3,Смирнов Борис Леонидович,1,2021,2021
PERS_3d22e8d4,Стрелков Андрей Михайлович,PERS_ba537782,М. И. Петрова,1,2021,2021
PERS_3d22e8d4,Стрелков Андрей Михайлович,PERS_bbd15f4f,Степин А. А.,1,2024,2024
PERS_3d22e8d4,Стрелков Андрей Михайлович,PERS_bc97fb65,Краснодембская Нина Георгиевна,1,2024,2024
PERS_3d22e8d4,Стрелков Андрей Михайлович,PERS_bd77e495,Корнеев Геннадий Батыревич,1,2024,2024
PERS_3d22e8d4,Стрелков Андрей Михайлович,PERS_c48611e0,Островская Елена Петровна,2,2021,2024
PERS_3d22e8d4,Стрелков Андрей Михайлович,PERS_cb52ebc2,Лемешкина Ксения Вячеславовна,1,2024,2024
PERS_3d22e8d4,Стрелков Андрей Михайлович,PERS_cd0d4845,Обермиллер Евгений Евгеньевич,1,2024,2024
PERS_3d22e8d4,Стрелков Андрей Михайлович,PERS_ced3d7b4,Молина Анна Валерьевна,1,2024,2024
PERS_3d22e8d4,Стрелков Андрей Михайлович,PERS_d218805b,Крюкова Виктория Юрьевна,1,2024,2024
PERS_3d22e8d4,Стрелков Андрей Михайлович,PERS_d98da899,Рыжакова Светлана Игоревна,2,2021,2024
PERS_3d22e8d4,Стрелков Андрей Михайлович,PERS_db046be0,Сабирова Римма Наилевна,1,2021,2021
PERS_3d22e8d4,Стрелков Андрей Михайлович,PERS_e1dd6b3e,Лидова Наталья Ростиславовна,1,2024,2024
PERS_3d22e8d4,Стрелков Андрей Михайлович,PERS_e31ca12d,Вечерина Ольга Павловна,1,2021,2021
PERS_3d22e8d4,Стрелков Андрей Михайлович,PERS_f56c5a7e,Жукова Любовь Евгеньевна,2,2021,2024
PERS_3d22e8d4,Стрелков Андрей Михайлович,PERS_f8ab5755,Оранская Татьяна Иосифовна,1,2024,2024
PERS_3d22e8d4,Стрелков Андрей Михайлович,PERS_f940c5b3,Стрелкова Гюзэль Владимировна,2,2021,2024
PERS_3d22e8d4,Стрелков Андрей Михайлович,PERS_fb25c80f,Ермакова Татьяна Викторовна,1,2024,2024
PERS_3d3b302d,Соболева Диана Владимировна,PERS_b76851a7,Митруев Бембя Леонидович,1,2023,2023
PERS_3e105f43,Игнатьев Андрей Александрович,PERS_3f406fe3,Кравцова Е. Р.,1,2024,2024
PERS_3e105f43,Игнатьев Андрей Александрович,PERS_41d6aa73,Воробьева Дарья Николаевна,1,2024,2024
PERS_3e105f43,Игнатьев Андрей Александрович,PERS_45cebd8f,Минаев Иван Павлович,4,2019,2026
PERS_3e105f43,Игнатьев Андрей Александрович,PERS_467d4dbb,Клебанов Андрей Александрович,2,2021,2025
PERS_3e105f43,Игнатьев Андрей Александрович,PERS_48b3bec3,Ч. Санчай,2,2019,2026
PERS_3e105f43,Игнатьев Андрей Александрович,PERS_4dd85c67,Бётлингк Оттон Николаевич,1,2014,2014
PERS_3e105f43,Игнатьев Андрей Александрович,PERS_4fff9d16,Минаева Маргарита Денисовна,2,2020,2026
PERS_3e105f43,Игнатьев Андрей Александрович,PERS_50c46233,Маретина Ксения Александровна,2,2024,2026
PERS_3e105f43,Игнатьев Андрей Александрович,PERS_50d73711,Смирнитская Анна Александровна,3,2019,2021
PERS_3e105f43,Игнатьев Андрей Александрович,PERS_5228da95,Вертоградова Виктория Викторовна,1,2010,2010
PERS_3e105f43,Игнатьев Андрей Александрович,PERS_56508328,Десницкая Евгения Алексеевна,5,2019,2026
PERS_3e105f43,Игнатьев Андрей Александрович,PERS_587b08ec,Леонов Михаил Васильевич,3,2024,2026
PERS_3e105f43,Игнатьев Андрей Александрович,PERS_58b39545,Ренковская Евгения Алексеевна,3,2019,2026
PERS_3e105f43,Игнатьев Андрей Александрович,PERS_58e18506,Соколова Ирина Александровна,1,2026,2026
PERS_3e105f43,Игнатьев Андрей Александрович,PERS_5d34c947,Волошина Оксана Анатольевна,4,2019,2026
PERS_3e105f43,Игнатьев Андрей Александрович,PERS_5e2a5a5c,Столярова Екатерина Владимировна,2,2019,2024
PERS_3e105f43,Игнатьев Андрей Александрович,PERS_5f6689e8,Дмитриева Виктория Алексеевна,1,2026,2026
PERS_3e105f43,Игнатьев Андрей Александрович,PERS_68e9019d,Малютин Иван Иванович,1,2024,2024
PERS_3e105f43,Игнатьев Андрей Александрович,PERS_6ae5c779,Фивейская Анастасия Васильевна,2,2021,2024
PERS_3e105f43,Игнатьев Андрей Александрович,PERS_6e211759,Иванов Владимир Павлович,4,2011,2026
PERS_3e105f43,Игнатьев Андрей Александрович,PERS_72506535,Крылова Анастасия Сергеевна,4,2019,2026
PERS_3e105f43,Игнатьев Андрей Александрович,PERS_7542d270,Демченко Максим Борисович,5,2019,2026
PERS_3e105f43,Игнатьев Андрей Александрович,PERS_7da0afff,Демичев Кирилл Андреевич,1,2010,2010
PERS_3e105f43,Игнатьев Андрей Александрович,PERS_7eb0dc30,Зимина Татьяна Александровна,2,2019,2020
PERS_3e105f43,Игнатьев Андрей Александрович,PERS_7f908d49,Стрельцова Лилия Александровна,2,2019,2024
PERS_3e105f43,Игнатьев Андрей Александрович,PERS_8108c314,Ерченков Олег Николаевич,5,2019,2026
PERS_3e105f43,Игнатьев Андрей Александрович,PERS_82364943,Миллер Всеволод Фёдорович,1,2011,2011
PERS_3e105f43,Игнатьев Андрей Александрович,PERS_829c1de5,Васильков Ярослав Владимирович,6,2014,2026
PERS_3e105f43,Игнатьев Андрей Александрович,PERS_8516d1e4,Гасунс Марцис Юрьевич,8,2011,2026
PERS_3e105f43,Игнатьев Андрей Александрович,PERS_8df3730a,Донченко Сергей Сергеевич,2,2019,2024
PERS_3e105f43,Игнатьев Андрей Александрович,PERS_8df81b6d,Лужинская Полина Александровна,2,2024,2026
PERS_3e105f43,Игнатьев Андрей Александрович,PERS_8e117242,Юдицкая Екатерина Алексеевна,3,2019,2021
PERS_3e105f43,Игнатьев Андрей Александрович,PERS_91b473b1,Челнокова Анна Витальевна,2,2024,2026
PERS_3e105f43,Игнатьев Андрей Александрович,PERS_92f41884,Касым Софья Васильевна,1,2026,2026
PERS_3e105f43,Игнатьев Андрей Александрович,PERS_9366fe2c,Крыштоп Людмила Эдуардовна,1,2020,2020
PERS_3e105f43,Игнатьев Андрей Александрович,PERS_93e2effb,Комиссаров Дмитрий Алексеевич,3,2021,2026
PERS_3e105f43,Игнатьев Андрей Александрович,PERS_9a855a7b,Альбедиль Маргарита Федоровна,4,2019,2026
PERS_3e105f43,Игнатьев Андрей Александрович,PERS_9d99092c,Рыбаков Р. Б.,6,2011,2026
PERS_3e105f43,Игнатьев Андрей Александрович,PERS_9e9c9566,Лекарева Ева Павловна,2,2024,2026
PERS_3e105f43,Игнатьев Андрей Александрович,PERS_9f398436,Куликов Леонид Игоревич,2,2020,2026
PERS_3e105f43,Игнатьев Андрей Александрович,PERS_a0264ac5,Бурмистров Сергей Леонидович,4,2019,2026
PERS_3e105f43,Игнатьев Андрей Александрович,PERS_a0f3d86d,Сергеева Варвара Алексеевна,3,2010,2026
PERS_3e105f43,Игнатьев Андрей Александрович,PERS_a638a4b3,Федорова Наталья Леонидовна,1,2026,2026
PERS_3e105f43,Игнатьев Андрей Александрович,PERS_a84aedaa,Шомахмадов Сафарали Хайбуллоевич,2,2021,2026
PERS_3e105f43,Игнатьев Андрей Александрович,PERS_a901d460,Фаградян Марина Александровна,3,2011,2026
PERS_3e105f43,Игнатьев Андрей Александрович,PERS_b62a9567,Курочкин Александр Юрьевич,1,2019,2019
PERS_3e105f43,Игнатьев Андрей Александрович,PERS_b76851a7,Митруев Бембя Леонидович,1,2021,2021
PERS_3e105f43,Игнатьев Андрей Александрович,PERS_b881461b,Яковлева Мария Николаевна,2,2019,2026
PERS_3e105f43,Игнатьев Андрей Александрович,PERS_bbb9116e,Кальянов Владимир Иванович,1,2014,2014
PERS_3e105f43,Игнатьев Андрей Александрович,PERS_bbd15f4f,Степин А. А.,1,2024,2024
PERS_3e105f43,Игнатьев Андрей Александрович,PERS_bc97fb65,Краснодембская Нина Георгиевна,4,2019,2024
PERS_3e105f43,Игнатьев Андрей Александрович,PERS_bcaec2d8,Дружинин Владимир Юрьевич,2,2021,2025
PERS_3e105f43,Игнатьев Андрей Александрович,PERS_bd77e495,Корнеев Геннадий Батыревич,5,2019,2026
PERS_3e105f43,Игнатьев Андрей Александрович,PERS_c48611e0,Островская Елена Петровна,5,2010,2024
PERS_3e105f43,Игнатьев Андрей Александрович,PERS_c52dfaa0,Цветкова Светлана Олеговна,3,2019,2026
PERS_3e105f43,Игнатьев Андрей Александрович,PERS_c5677a3f,Зорин Алексей Валерьевич,2,2019,2021
PERS_3e105f43,Игнатьев Андрей Александрович,PERS_c6bbcef3,Битинайте Елена Алексеевна,2,2019,2020
PERS_3e105f43,Игнатьев Андрей Александрович,PERS_cb52ebc2,Лемешкина Ксения Вячеславовна,3,2020,2026
PERS_3e105f43,Игнатьев Андрей Александрович,PERS_cd0d4845,Обермиллер Евгений Евгеньевич,1,2024,2024
PERS_3e105f43,Игнатьев Андрей Александрович,PERS_ced3d7b4,Молина Анна Валерьевна,2,2024,2026
PERS_3e105f43,Игнатьев Андрей Александрович,PERS_cfb92c5f,Уланский Евгений Андреевич,3,2019,2021
PERS_3e105f43,Игнатьев Андрей Александрович,PERS_d01427ca,Бещук Юлия Владимировна,1,2026,2026
PERS_3e105f43,Игнатьев Андрей Александрович,PERS_d218805b,Крюкова Виктория Юрьевна,2,2019,2024
PERS_3e105f43,Игнатьев Андрей Александрович,PERS_d3c5382c,Попова Ирина Фёдоровна,3,2019,2026
PERS_3e105f43,Игнатьев Андрей Александрович,PERS_d98da899,Рыжакова Светлана Игоревна,5,2019,2026
PERS_3e105f43,Игнатьев Андрей Александрович,PERS_d9d69ac2,Петров Павел Яковлевич,1,2026,2026
PERS_3e105f43,Игнатьев Андрей Александрович,PERS_db046be0,Сабирова Римма Наилевна,4,2019,2026
PERS_3e105f43,Игнатьев Андрей Александрович,PERS_e1dd6b3e,Лидова Наталья Ростиславовна,3,2021,2026
PERS_3e105f43,Игнатьев Андрей Александрович,PERS_e31ca12d,Вечерина Ольга Павловна,3,2019,2021
PERS_3e105f43,Игнатьев Андрей Александрович,PERS_e5a5ac24,Невелева Светлана Леонидовна,1,2014,2014
PERS_3e105f43,Игнатьев Андрей Александрович,PERS_ebc1c3c2,Лундышева Ольга Владимировна,1,2025,2025
PERS_3e105f43,Игнатьев Андрей Александрович,PERS_f19cd8a1,Котин Игорь Юрьевич,1,2026,2026
PERS_3e105f43,Игнатьев Андрей Александрович,PERS_f2fef030,Мехакян Арег Гайкович,1,2021,2021
PERS_3e105f43,Игнатьев Андрей Александрович,PERS_f56c5a7e,Жукова Любовь Евгеньевна,2,2010,2024
PERS_3e105f43,Игнатьев Андрей Александрович,PERS_f8ab5755,Оранская Татьяна Иосифовна,4,2019,2026
PERS_3e105f43,Игнатьев Андрей Александрович,PERS_f940c5b3,Стрелкова Гюзэль Владимировна,1,2024,2024
PERS_3e105f43,Игнатьев Андрей Александрович,PERS_fb25c80f,Ермакова Татьяна Викторовна,5,2019,2026
PERS_3e952361,Хохлов Александр Николаевич,PERS_41d6aa73,Воробьева Дарья Николаевна,1,2021,2021
PERS_3e952361,Хохлов Александр Николаевич,PERS_50c46233,Маретина Ксения Александровна,1,2021,2021
PERS_3e952361,Хохлов Александр Николаевич,PERS_50d73711,Смирнитская Анна Александровна,1,2021,2021
PERS_3e952361,Хохлов Александр Николаевич,PERS_56508328,Десницкая Евгения Алексеевна,1,2021,2021
PERS_3e952361,Хохлов Александр Николаевич,PERS_587b08ec,Леонов Михаил Васильевич,1,2021,2021
PERS_3e952361,Хохлов Александр Николаевич,PERS_58b39545,Ренковская Евгения Алексеевна,1,2021,2021
PERS_3e952361,Хохлов Александр Николаевич,PERS_5e2a5a5c,Столярова Екатерина Владимировна,1,2022,2022
PERS_3e952361,Хохлов Александр Николаевич,PERS_5f6689e8,Дмитриева Виктория Алексеевна,1,2022,2022
PERS_3e952361,Хохлов Александр Николаевич,PERS_5f6fa17b,Пахомова Александра Михайловна,1,2021,2021
PERS_3e952361,Хохлов Александр Николаевич,PERS_69750b7c,Мазурина Валентина Николаевна,1,2021,2021
PERS_3e952361,Хохлов Александр Николаевич,PERS_6a84adb8,Макаев Энвер Ахмедович,1,2021,2021
PERS_3e952361,Хохлов Александр Николаевич,PERS_6ae5c779,Фивейская Анастасия Васильевна,1,2021,2021
PERS_3e952361,Хохлов Александр Николаевич,PERS_6b06637e,Ильин Григорий Фёдорович,1,2026,2026
PERS_3e952361,Хохлов Александр Николаевич,PERS_6b867946,Смирнова Екатерина Викторовна,1,2021,2021
PERS_3e952361,Хохлов Александр Николаевич,PERS_72506535,Крылова Анастасия Сергеевна,1,2021,2021
PERS_3e952361,Хохлов Александр Николаевич,PERS_7542d270,Демченко Максим Борисович,1,2022,2022
PERS_3e952361,Хохлов Александр Николаевич,PERS_773647fc,Баранников Алексей Петрович,1,2022,2022
PERS_3e952361,Хохлов Александр Николаевич,PERS_7f908d49,Стрельцова Лилия Александровна,1,2021,2021
PERS_3e952361,Хохлов Александр Николаевич,PERS_829c1de5,Васильков Ярослав Владимирович,1,2021,2021
PERS_3e952361,Хохлов Александр Николаевич,PERS_8516d1e4,Гасунс Марцис Юрьевич,3,2021,2026
PERS_3e952361,Хохлов Александр Николаевич,PERS_91b473b1,Челнокова Анна Витальевна,2,2021,2022
PERS_3e952361,Хохлов Александр Николаевич,PERS_92f41884,Касым Софья Васильевна,1,2022,2022
PERS_3e952361,Хохлов Александр Николаевич,PERS_9366fe2c,Крыштоп Людмила Эдуардовна,3,2021,2026
PERS_3e952361,Хохлов Александр Николаевич,PERS_9d99092c,Рыбаков Р. Б.,1,2026,2026
PERS_3e952361,Хохлов Александр Николаевич,PERS_9e9c9566,Лекарева Ева Павловна,1,2021,2021
PERS_3e952361,Хохлов Александр Николаевич,PERS_9f398436,Куликов Леонид Игоревич,1,2021,2021
PERS_3e952361,Хохлов Александр Николаевич,PERS_a0264ac5,Бурмистров Сергей Леонидович,1,2021,2021
PERS_3e952361,Хохлов Александр Николаевич,PERS_a901d460,Фаградян Марина Александровна,2,2021,2022
PERS_3e952361,Хохлов Александр Николаевич,PERS_ab6bf9e3,Смирнов Борис Леонидович,1,2021,2021
PERS_3e952361,Хохлов Александр Николаевич,PERS_b881461b,Яковлева Мария Николаевна,1,2026,2026
PERS_3e952361,Хохлов Александр Николаевич,PERS_ba537782,М. И. Петрова,2,2021,2022
PERS_3e952361,Хохлов Александр Николаевич,PERS_bd77e495,Корнеев Геннадий Батыревич,1,2026,2026
PERS_3e952361,Хохлов Александр Николаевич,PERS_c48611e0,Островская Елена Петровна,1,2021,2021
PERS_3e952361,Хохлов Александр Николаевич,PERS_d98da899,Рыжакова Светлана Игоревна,2,2021,2022
PERS_3e952361,Хохлов Александр Николаевич,PERS_db046be0,Сабирова Римма Наилевна,1,2021,2021
PERS_3e952361,Хохлов Александр Николаевич,PERS_e1d622e5,Мажитов Саттар Фазылович,1,2022,2022
PERS_3e952361,Хохлов Александр Николаевич,PERS_e31ca12d,Вечерина Ольга Павловна,1,2021,2021
PERS_3e952361,Хохлов Александр Николаевич,PERS_ed83f502,Селиванова Тамара Петровна,1,2022,2022
PERS_3e952361,Хохлов Александр Николаевич,PERS_f56c5a7e,Жукова Любовь Евгеньевна,1,2021,2021
PERS_3e952361,Хохлов Александр Николаевич,PERS_f6f68d4b,Ульяновский Ростислав Александрович,1,2026,2026
PERS_3e952361,Хохлов Александр Николаевич,PERS_f940c5b3,Стрелкова Гюзэль Владимировна,1,2021,2021
PERS_3f406fe3,Кравцова Е. Р.,PERS_41d6aa73,Воробьева Дарья Николаевна,2,2022,2024
PERS_3f406fe3,Кравцова Е. Р.,PERS_45cebd8f,Минаев Иван Павлович,1,2024,2024
PERS_3f406fe3,Кравцова Е. Р.,PERS_50c46233,Маретина Ксения Александровна,1,2024,2024
PERS_3f406fe3,Кравцова Е. Р.,PERS_5228da95,Вертоградова Виктория Викторовна,1,2022,2022
PERS_3f406fe3,Кравцова Е. Р.,PERS_56508328,Десницкая Евгения Алексеевна,1,2024,2024
PERS_3f406fe3,Кравцова Е. Р.,PERS_587b08ec,Леонов Михаил Васильевич,1,2024,2024
PERS_3f406fe3,Кравцова Е. Р.,PERS_58e18506,Соколова Ирина Александровна,1,2022,2022
PERS_3f406fe3,Кравцова Е. Р.,PERS_5e2a5a5c,Столярова Екатерина Владимировна,1,2024,2024
PERS_3f406fe3,Кравцова Е. Р.,PERS_5f6689e8,Дмитриева Виктория Алексеевна,1,2022,2022
PERS_3f406fe3,Кравцова Е. Р.,PERS_61202bf3,Алиханова Юлия Марковна,1,2022,2022
PERS_3f406fe3,Кравцова Е. Р.,PERS_68e9019d,Малютин Иван Иванович,1,2024,2024
PERS_3f406fe3,Кравцова Е. Р.,PERS_69750b7c,Мазурина Валентина Николаевна,1,2022,2022
PERS_3f406fe3,Кравцова Е. Р.,PERS_6ae5c779,Фивейская Анастасия Васильевна,1,2024,2024
PERS_3f406fe3,Кравцова Е. Р.,PERS_6b06637e,Ильин Григорий Фёдорович,1,2022,2022
PERS_3f406fe3,Кравцова Е. Р.,PERS_6d302e31,Лебедев Герасим Степанович,1,2022,2022
PERS_3f406fe3,Кравцова Е. Р.,PERS_6e211759,Иванов Владимир Павлович,1,2022,2022
PERS_3f406fe3,Кравцова Е. Р.,PERS_72506535,Крылова Анастасия Сергеевна,1,2024,2024
PERS_3f406fe3,Кравцова Е. Р.,PERS_72932969,Рерих Юрий Николаевич,1,2022,2022
PERS_3f406fe3,Кравцова Е. Р.,PERS_7542d270,Демченко Максим Борисович,1,2024,2024
PERS_3f406fe3,Кравцова Е. Р.,PERS_773647fc,Баранников Алексей Петрович,1,2022,2022
PERS_3f406fe3,Кравцова Е. Р.,PERS_7da0afff,Демичев Кирилл Андреевич,1,2022,2022
PERS_3f406fe3,Кравцова Е. Р.,PERS_7f908d49,Стрельцова Лилия Александровна,1,2024,2024
PERS_3f406fe3,Кравцова Е. Р.,PERS_8108c314,Ерченков Олег Николаевич,1,2024,2024
PERS_3f406fe3,Кравцова Е. Р.,PERS_829c1de5,Васильков Ярослав Владимирович,1,2024,2024
PERS_3f406fe3,Кравцова Е. Р.,PERS_8516d1e4,Гасунс Марцис Юрьевич,1,2024,2024
PERS_3f406fe3,Кравцова Е. Р.,PERS_8df3730a,Донченко Сергей Сергеевич,1,2024,2024
PERS_3f406fe3,Кравцова Е. Р.,PERS_8df81b6d,Лужинская Полина Александровна,1,2024,2024
PERS_3f406fe3,Кравцова Е. Р.,PERS_91b473b1,Челнокова Анна Витальевна,1,2024,2024
PERS_3f406fe3,Кравцова Е. Р.,PERS_93e2effb,Комиссаров Дмитрий Алексеевич,1,2024,2024
PERS_3f406fe3,Кравцова Е. Р.,PERS_9a855a7b,Альбедиль Маргарита Федоровна,1,2024,2024
PERS_3f406fe3,Кравцова Е. Р.,PERS_9d99092c,Рыбаков Р. Б.,2,2022,2024
PERS_3f406fe3,Кравцова Е. Р.,PERS_9e9c9566,Лекарева Ева Павловна,1,2024,2024
PERS_3f406fe3,Кравцова Е. Р.,PERS_a0264ac5,Бурмистров Сергей Леонидович,1,2024,2024
PERS_3f406fe3,Кравцова Е. Р.,PERS_ab6bf9e3,Смирнов Борис Леонидович,1,2022,2022
PERS_3f406fe3,Кравцова Е. Р.,PERS_b2c121e9,Успенская Елена Николаевна,1,2022,2022
PERS_3f406fe3,Кравцова Е. Р.,PERS_b4cdbfb8,Эрман Владимир Гансович,1,2022,2022
PERS_3f406fe3,Кравцова Е. Р.,PERS_ba537782,М. И. Петрова,1,2022,2022
PERS_3f406fe3,Кравцова Е. Р.,PERS_bbb9116e,Кальянов Владимир Иванович,1,2022,2022
PERS_3f406fe3,Кравцова Е. Р.,PERS_bbd15f4f,Степин А. А.,1,2024,2024
PERS_3f406fe3,Кравцова Е. Р.,PERS_bc97fb65,Краснодембская Нина Георгиевна,1,2024,2024
PERS_3f406fe3,Кравцова Е. Р.,PERS_bd77e495,Корнеев Геннадий Батыревич,1,2024,2024
PERS_3f406fe3,Кравцова Е. Р.,PERS_c0b7485d,Серебряков Игорь Дмитриевич,1,2022,2022
PERS_3f406fe3,Кравцова Е. Р.,PERS_c48611e0,Островская Елена Петровна,1,2024,2024
PERS_3f406fe3,Кравцова Е. Р.,PERS_c52dfaa0,Цветкова Светлана Олеговна,1,2022,2022
PERS_3f406fe3,Кравцова Е. Р.,PERS_cb52ebc2,Лемешкина Ксения Вячеславовна,1,2024,2024
PERS_3f406fe3,Кравцова Е. Р.,PERS_cd0d4845,Обермиллер Евгений Евгеньевич,1,2024,2024
PERS_3f406fe3,Кравцова Е. Р.,PERS_ced3d7b4,Молина Анна Валерьевна,1,2024,2024
PERS_3f406fe3,Кравцова Е. Р.,PERS_d218805b,Крюкова Виктория Юрьевна,1,2024,2024
PERS_3f406fe3,Кравцова Е. Р.,PERS_d3c5382c,Попова Ирина Фёдоровна,1,2022,2022
PERS_3f406fe3,Кравцова Е. Р.,PERS_d98da899,Рыжакова Светлана Игоревна,1,2024,2024
PERS_3f406fe3,Кравцова Е. Р.,PERS_d9d69ac2,Петров Павел Яковлевич,1,2022,2022
PERS_3f406fe3,Кравцова Е. Р.,PERS_e1dd6b3e,Лидова Наталья Ростиславовна,1,2024,2024
PERS_3f406fe3,Кравцова Е. Р.,PERS_f56c5a7e,Жукова Любовь Евгеньевна,1,2024,2024
PERS_3f406fe3,Кравцова Е. Р.,PERS_f8ab5755,Оранская Татьяна Иосифовна,2,2022,2024
PERS_3f406fe3,Кравцова Е. Р.,PERS_f940c5b3,Стрелкова Гюзэль Владимировна,1,2024,2024
PERS_3f406fe3,Кравцова Е. Р.,PERS_fb25c80f,Ермакова Татьяна Викторовна,1,2024,2024
PERS_41d6aa73,Воробьева Дарья Николаевна,PERS_45a76880,Кораблин Денис Александрович,1,2021,2021
PERS_41d6aa73,Воробьева Дарья Николаевна,PERS_45cebd8f,Минаев Иван Павлович,1,2024,2024
PERS_41d6aa73,Воробьева Дарья Николаевна,PERS_50c46233,Маретина Ксения Александровна,2,2021,2024
PERS_41d6aa73,Воробьева Дарья Николаевна,PERS_50d73711,Смирнитская Анна Александровна,1,2021,2021
PERS_41d6aa73,Воробьева Дарья Николаевна,PERS_5228da95,Вертоградова Виктория Викторовна,2,2021,2022
PERS_41d6aa73,Воробьева Дарья Николаевна,PERS_56508328,Десницкая Евгения Алексеевна,2,2021,2024
PERS_41d6aa73,Воробьева Дарья Николаевна,PERS_587b08ec,Леонов Михаил Васильевич,3,2021,2025
PERS_41d6aa73,Воробьева Дарья Николаевна,PERS_58b39545,Ренковская Евгения Алексеевна,2,2021,2021
PERS_41d6aa73,Воробьева Дарья Николаевна,PERS_58e18506,Соколова Ирина Александровна,1,2022,2022
PERS_41d6aa73,Воробьева Дарья Николаевна,PERS_5e2a5a5c,Столярова Екатерина Владимировна,1,2024,2024
PERS_41d6aa73,Воробьева Дарья Николаевна,PERS_5ed752d9,Китинов Баатр Учаевич,1,2021,2021
PERS_41d6aa73,Воробьева Дарья Николаевна,PERS_5f6689e8,Дмитриева Виктория Алексеевна,1,2022,2022
PERS_41d6aa73,Воробьева Дарья Николаевна,PERS_5f6fa17b,Пахомова Александра Михайловна,2,2021,2021
PERS_41d6aa73,Воробьева Дарья Николаевна,PERS_61202bf3,Алиханова Юлия Марковна,1,2022,2022
PERS_41d6aa73,Воробьева Дарья Николаевна,PERS_6578b52d,Тюлина Елена Владимировна,1,2021,2021
PERS_41d6aa73,Воробьева Дарья Николаевна,PERS_68e9019d,Малютин Иван Иванович,1,2024,2024
PERS_41d6aa73,Воробьева Дарья Николаевна,PERS_69750b7c,Мазурина Валентина Николаевна,2,2021,2022
PERS_41d6aa73,Воробьева Дарья Николаевна,PERS_6a84adb8,Макаев Энвер Ахмедович,1,2021,2021
PERS_41d6aa73,Воробьева Дарья Николаевна,PERS_6ae5c779,Фивейская Анастасия Васильевна,2,2021,2024
PERS_41d6aa73,Воробьева Дарья Николаевна,PERS_6b06637e,Ильин Григорий Фёдорович,1,2022,2022
PERS_41d6aa73,Воробьева Дарья Николаевна,PERS_6b867946,Смирнова Екатерина Викторовна,1,2021,2021
PERS_41d6aa73,Воробьева Дарья Николаевна,PERS_6d302e31,Лебедев Герасим Степанович,1,2022,2022
PERS_41d6aa73,Воробьева Дарья Николаевна,PERS_6e211759,Иванов Владимир Павлович,1,2022,2022
PERS_41d6aa73,Воробьева Дарья Николаевна,PERS_72506535,Крылова Анастасия Сергеевна,3,2021,2024
PERS_41d6aa73,Воробьева Дарья Николаевна,PERS_72932969,Рерих Юрий Николаевич,2,2021,2022
PERS_41d6aa73,Воробьева Дарья Николаевна,PERS_7542d270,Демченко Максим Борисович,1,2024,2024
PERS_41d6aa73,Воробьева Дарья Николаевна,PERS_773647fc,Баранников Алексей Петрович,1,2022,2022
PERS_41d6aa73,Воробьева Дарья Николаевна,PERS_7da0afff,Демичев Кирилл Андреевич,1,2022,2022
PERS_41d6aa73,Воробьева Дарья Николаевна,PERS_7f908d49,Стрельцова Лилия Александровна,2,2021,2024
PERS_41d6aa73,Воробьева Дарья Николаевна,PERS_8108c314,Ерченков Олег Николаевич,1,2024,2024
PERS_41d6aa73,Воробьева Дарья Николаевна,PERS_829c1de5,Васильков Ярослав Владимирович,2,2021,2024
PERS_41d6aa73,Воробьева Дарья Николаевна,PERS_8516d1e4,Гасунс Марцис Юрьевич,3,2021,2024
PERS_41d6aa73,Воробьева Дарья Николаевна,PERS_8df3730a,Донченко Сергей Сергеевич,1,2024,2024
PERS_41d6aa73,Воробьева Дарья Николаевна,PERS_8df81b6d,Лужинская Полина Александровна,1,2024,2024
PERS_41d6aa73,Воробьева Дарья Николаевна,PERS_8e117242,Юдицкая Екатерина Алексеевна,1,2021,2021
PERS_41d6aa73,Воробьева Дарья Николаевна,PERS_91b473b1,Челнокова Анна Витальевна,2,2021,2024
PERS_41d6aa73,Воробьева Дарья Николаевна,PERS_9366fe2c,Крыштоп Людмила Эдуардовна,1,2021,2021
PERS_41d6aa73,Воробьева Дарья Николаевна,PERS_9374fd12,Вырщиков Евгений Геннадьевич,1,2021,2021
PERS_41d6aa73,Воробьева Дарья Николаевна,PERS_93e2effb,Комиссаров Дмитрий Алексеевич,1,2024,2024
PERS_41d6aa73,Воробьева Дарья Николаевна,PERS_9a855a7b,Альбедиль Маргарита Федоровна,1,2024,2024
PERS_41d6aa73,Воробьева Дарья Николаевна,PERS_9d99092c,Рыбаков Р. Б.,2,2022,2024
PERS_41d6aa73,Воробьева Дарья Николаевна,PERS_9e9c9566,Лекарева Ева Павловна,2,2021,2024
PERS_41d6aa73,Воробьева Дарья Николаевна,PERS_9f398436,Куликов Леонид Игоревич,2,2021,2021
PERS_41d6aa73,Воробьева Дарья Николаевна,PERS_a0264ac5,Бурмистров Сергей Леонидович,2,2021,2024
PERS_41d6aa73,Воробьева Дарья Николаевна,PERS_a0f3d86d,Сергеева Варвара Алексеевна,1,2025,2025
PERS_41d6aa73,Воробьева Дарья Николаевна,PERS_a638a4b3,Федорова Наталья Леонидовна,1,2025,2025
PERS_41d6aa73,Воробьева Дарья Николаевна,PERS_a901d460,Фаградян Марина Александровна,1,2021,2021
PERS_41d6aa73,Воробьева Дарья Николаевна,PERS_ab6bf9e3,Смирнов Борис Леонидович,2,2021,2022
PERS_41d6aa73,Воробьева Дарья Николаевна,PERS_b2c121e9,Успенская Елена Николаевна,1,2022,2022
PERS_41d6aa73,Воробьева Дарья Николаевна,PERS_b4cdbfb8,Эрман Владимир Гансович,1,2022,2022
PERS_41d6aa73,Воробьева Дарья Николаевна,PERS_ba537782,М. И. Петрова,2,2021,2022
PERS_41d6aa73,Воробьева Дарья Николаевна,PERS_bbb9116e,Кальянов Владимир Иванович,1,2022,2022
PERS_41d6aa73,Воробьева Дарья Николаевна,PERS_bbd15f4f,Степин А. А.,1,2024,2024
PERS_41d6aa73,Воробьева Дарья Николаевна,PERS_bc97fb65,Краснодембская Нина Георгиевна,1,2024,2024
PERS_41d6aa73,Воробьева Дарья Николаевна,PERS_bd77e495,Корнеев Геннадий Батыревич,2,2021,2024
PERS_41d6aa73,Воробьева Дарья Николаевна,PERS_c0b7485d,Серебряков Игорь Дмитриевич,1,2022,2022
PERS_41d6aa73,Воробьева Дарья Николаевна,PERS_c48611e0,Островская Елена Петровна,2,2021,2024
PERS_41d6aa73,Воробьева Дарья Николаевна,PERS_c52dfaa0,Цветкова Светлана Олеговна,2,2021,2022
PERS_41d6aa73,Воробьева Дарья Николаевна,PERS_cb52ebc2,Лемешкина Ксения Вячеславовна,1,2024,2024
PERS_41d6aa73,Воробьева Дарья Николаевна,PERS_cd0d4845,Обермиллер Евгений Евгеньевич,1,2024,2024
PERS_41d6aa73,Воробьева Дарья Николаевна,PERS_ced3d7b4,Молина Анна Валерьевна,1,2024,2024
PERS_41d6aa73,Воробьева Дарья Николаевна,PERS_d218805b,Крюкова Виктория Юрьевна,1,2024,2024
PERS_41d6aa73,Воробьева Дарья Николаевна,PERS_d3c5382c,Попова Ирина Фёдоровна,1,2022,2022
PERS_41d6aa73,Воробьева Дарья Николаевна,PERS_d98da899,Рыжакова Светлана Игоревна,2,2021,2024
PERS_41d6aa73,Воробьева Дарья Николаевна,PERS_d9d69ac2,Петров Павел Яковлевич,1,2022,2022
PERS_41d6aa73,Воробьева Дарья Николаевна,PERS_da862dde,Дробышев Юлий Игорьевич,1,2021,2021
PERS_41d6aa73,Воробьева Дарья Николаевна,PERS_db046be0,Сабирова Римма Наилевна,1,2021,2021
PERS_41d6aa73,Воробьева Дарья Николаевна,PERS_e1dd6b3e,Лидова Наталья Ростиславовна,3,2021,2025
PERS_41d6aa73,Воробьева Дарья Николаевна,PERS_e31ca12d,Вечерина Ольга Павловна,2,2021,2021
PERS_41d6aa73,Воробьева Дарья Николаевна,PERS_e72d4c09,Огнева Елена Дмитриевна,1,2021,2021
PERS_41d6aa73,Воробьева Дарья Николаевна,PERS_e9545a0b,Шустова Алла Михайловна,1,2021,2021
PERS_41d6aa73,Воробьева Дарья Николаевна,PERS_ea44fd14,Люлина Анастасия Геннадьевна,1,2021,2021
PERS_41d6aa73,Воробьева Дарья Николаевна,PERS_f2fef030,Мехакян Арег Гайкович,1,2021,2021
PERS_41d6aa73,Воробьева Дарья Николаевна,PERS_f56c5a7e,Жукова Любовь Евгеньевна,2,2021,2024
PERS_41d6aa73,Воробьева Дарья Николаевна,PERS_f5a69b65,Кройцер Светлана Александровна,1,2025,2025
PERS_41d6aa73,Воробьева Дарья Николаевна,PERS_f8ab5755,Оранская Татьяна Иосифовна,3,2022,2025
PERS_41d6aa73,Воробьева Дарья Николаевна,PERS_f940c5b3,Стрелкова Гюзэль Владимировна,2,2021,2024
PERS_41d6aa73,Воробьева Дарья Николаевна,PERS_fb25c80f,Ермакова Татьяна Викторовна,2,2024,2025
PERS_45a76880,Кораблин Денис Александрович,PERS_45cebd8f,Минаев Иван Павлович,1,2024,2024
PERS_45a76880,Кораблин Денис Александрович,PERS_48b3bec3,Ч. Санчай,1,2024,2024
PERS_45a76880,Кораблин Денис Александрович,PERS_4fff9d16,Минаева Маргарита Денисовна,1,2024,2024
PERS_45a76880,Кораблин Денис Александрович,PERS_5228da95,Вертоградова Виктория Викторовна,2,2021,2024
PERS_45a76880,Кораблин Денис Александрович,PERS_587b08ec,Леонов Михаил Васильевич,1,2024,2024
PERS_45a76880,Кораблин Денис Александрович,PERS_58b39545,Ренковская Евгения Алексеевна,1,2021,2021
PERS_45a76880,Кораблин Денис Александрович,PERS_5ed752d9,Китинов Баатр Учаевич,2,2021,2024
PERS_45a76880,Кораблин Денис Александрович,PERS_5f6fa17b,Пахомова Александра Михайловна,2,2021,2024
PERS_45a76880,Кораблин Денис Александрович,PERS_6578b52d,Тюлина Елена Владимировна,2,2021,2024
PERS_45a76880,Кораблин Денис Александрович,PERS_72506535,Крылова Анастасия Сергеевна,1,2021,2021
PERS_45a76880,Кораблин Денис Александрович,PERS_72932969,Рерих Юрий Николаевич,2,2021,2024
PERS_45a76880,Кораблин Денис Александрович,PERS_8516d1e4,Гасунс Марцис Юрьевич,1,2024,2024
PERS_45a76880,Кораблин Денис Александрович,PERS_8e117242,Юдицкая Екатерина Алексеевна,1,2021,2021
PERS_45a76880,Кораблин Денис Александрович,PERS_9374fd12,Вырщиков Евгений Геннадьевич,2,2021,2024
PERS_45a76880,Кораблин Денис Александрович,PERS_9f398436,Куликов Леонид Игоревич,1,2021,2021
PERS_45a76880,Кораблин Денис Александрович,PERS_a8983673,Вигель Нарине Липаритовна,1,2024,2024
PERS_45a76880,Кораблин Денис Александрович,PERS_bd77e495,Корнеев Геннадий Батыревич,2,2021,2024
PERS_45a76880,Кораблин Денис Александрович,PERS_c52dfaa0,Цветкова Светлана Олеговна,2,2021,2024
PERS_45a76880,Кораблин Денис Александрович,PERS_ced3d7b4,Молина Анна Валерьевна,1,2024,2024
PERS_45a76880,Кораблин Денис Александрович,PERS_da862dde,Дробышев Юлий Игорьевич,2,2021,2024
PERS_45a76880,Кораблин Денис Александрович,PERS_e1dd6b3e,Лидова Наталья Ростиславовна,2,2021,2024
PERS_45a76880,Кораблин Денис Александрович,PERS_e31ca12d,Вечерина Ольга Павловна,1,2021,2021
PERS_45a76880,Кораблин Денис Александрович,PERS_e72d4c09,Огнева Елена Дмитриевна,1,2021,2021
PERS_45a76880,Кораблин Денис Александрович,PERS_e9545a0b,Шустова Алла Михайловна,2,2021,2024
PERS_45a76880,Кораблин Денис Александрович,PERS_ea44fd14,Люлина Анастасия Геннадьевна,2,2021,2024
PERS_45a76880,Кораблин Денис Александрович,PERS_f2fef030,Мехакян Арег Гайкович,1,2021,2021
PERS_45a76880,Кораблин Денис Александрович,PERS_f5b8b340,Вигасин Алексей Алексеевич,1,2024,2024
PERS_45cebd8f,Минаев Иван Павлович,PERS_48b3bec3,Ч. Санчай,3,2019,2026
PERS_45cebd8f,Минаев Иван Павлович,PERS_4dd85c67,Бётлингк Оттон Николаевич,2,2007,2011
PERS_45cebd8f,Минаев Иван Павлович,PERS_4fff9d16,Минаева Маргарита Денисовна,11,2007,2026
PERS_45cebd8f,Минаев Иван Павлович,PERS_50c46233,Маретина Ксения Александровна,2,2024,2026
PERS_45cebd8f,Минаев Иван Павлович,PERS_50d73711,Смирнитская Анна Александровна,2,2019,2020
PERS_45cebd8f,Минаев Иван Павлович,PERS_5228da95,Вертоградова Виктория Викторовна,1,2024,2024
PERS_45cebd8f,Минаев Иван Павлович,PERS_56508328,Десницкая Евгения Алексеевна,4,2019,2026
PERS_45cebd8f,Минаев Иван Павлович,PERS_587b08ec,Леонов Михаил Васильевич,3,2024,2026
PERS_45cebd8f,Минаев Иван Павлович,PERS_58b39545,Ренковская Евгения Алексеевна,2,2019,2026
PERS_45cebd8f,Минаев Иван Павлович,PERS_58e18506,Соколова Ирина Александровна,1,2026,2026
PERS_45cebd8f,Минаев Иван Павлович,PERS_5cae5a20,Щербатской Фёдор Ипполитович,4,2007,2021
PERS_45cebd8f,Минаев Иван Павлович,PERS_5d34c947,Волошина Оксана Анатольевна,3,2019,2026
PERS_45cebd8f,Минаев Иван Павлович,PERS_5e2a5a5c,Столярова Екатерина Владимировна,2,2019,2024
PERS_45cebd8f,Минаев Иван Павлович,PERS_5ed752d9,Китинов Баатр Учаевич,1,2024,2024
PERS_45cebd8f,Минаев Иван Павлович,PERS_5f6689e8,Дмитриева Виктория Алексеевна,1,2026,2026
PERS_45cebd8f,Минаев Иван Павлович,PERS_5f6fa17b,Пахомова Александра Михайловна,1,2024,2024
PERS_45cebd8f,Минаев Иван Павлович,PERS_6578b52d,Тюлина Елена Владимировна,1,2024,2024
PERS_45cebd8f,Минаев Иван Павлович,PERS_68e9019d,Малютин Иван Иванович,1,2024,2024
PERS_45cebd8f,Минаев Иван Павлович,PERS_6ae5c779,Фивейская Анастасия Васильевна,1,2024,2024
PERS_45cebd8f,Минаев Иван Павлович,PERS_6b867946,Смирнова Екатерина Викторовна,1,2011,2011
PERS_45cebd8f,Минаев Иван Павлович,PERS_6d302e31,Лебедев Герасим Степанович,6,2007,2021
PERS_45cebd8f,Минаев Иван Павлович,PERS_6e211759,Иванов Владимир Павлович,3,2011,2026
PERS_45cebd8f,Минаев Иван Павлович,PERS_72506535,Крылова Анастасия Сергеевна,3,2019,2026
PERS_45cebd8f,Минаев Иван Павлович,PERS_72932969,Рерих Юрий Николаевич,2,2021,2024
PERS_45cebd8f,Минаев Иван Павлович,PERS_7542d270,Демченко Максим Борисович,4,2019,2026
PERS_45cebd8f,Минаев Иван Павлович,PERS_773647fc,Баранников Алексей Петрович,2,2012,2015
PERS_45cebd8f,Минаев Иван Павлович,PERS_7eb0dc30,Зимина Татьяна Александровна,2,2019,2020
PERS_45cebd8f,Минаев Иван Павлович,PERS_7f908d49,Стрельцова Лилия Александровна,2,2019,2024
PERS_45cebd8f,Минаев Иван Павлович,PERS_8108c314,Ерченков Олег Николаевич,3,2019,2024
PERS_45cebd8f,Минаев Иван Павлович,PERS_82364943,Миллер Всеволод Фёдорович,3,2011,2013
PERS_45cebd8f,Минаев Иван Павлович,PERS_823c1a9f,Розенберг Оттон Оттонович,1,2021,2021
PERS_45cebd8f,Минаев Иван Павлович,PERS_829c1de5,Васильков Ярослав Владимирович,5,2019,2026
PERS_45cebd8f,Минаев Иван Павлович,PERS_8516d1e4,Гасунс Марцис Юрьевич,8,2007,2024
PERS_45cebd8f,Минаев Иван Павлович,PERS_8df3730a,Донченко Сергей Сергеевич,2,2019,2024
PERS_45cebd8f,Минаев Иван Павлович,PERS_8df81b6d,Лужинская Полина Александровна,2,2024,2026
PERS_45cebd8f,Минаев Иван Павлович,PERS_8e117242,Юдицкая Екатерина Алексеевна,2,2019,2020
PERS_45cebd8f,Минаев Иван Павлович,PERS_91b473b1,Челнокова Анна Витальевна,2,2024,2026
PERS_45cebd8f,Минаев Иван Павлович,PERS_92f41884,Касым Софья Васильевна,1,2026,2026
PERS_45cebd8f,Минаев Иван Павлович,PERS_9366fe2c,Крыштоп Людмила Эдуардовна,1,2020,2020
PERS_45cebd8f,Минаев Иван Павлович,PERS_9374fd12,Вырщиков Евгений Геннадьевич,1,2024,2024
PERS_45cebd8f,Минаев Иван Павлович,PERS_93e2effb,Комиссаров Дмитрий Алексеевич,2,2024,2026
PERS_45cebd8f,Минаев Иван Павлович,PERS_9a855a7b,Альбедиль Маргарита Федоровна,4,2019,2026
PERS_45cebd8f,Минаев Иван Павлович,PERS_9d99092c,Рыбаков Р. Б.,4,2019,2026
PERS_45cebd8f,Минаев Иван Павлович,PERS_9e9c9566,Лекарева Ева Павловна,2,2024,2026
PERS_45cebd8f,Минаев Иван Павлович,PERS_9f398436,Куликов Леонид Игоревич,2,2020,2026
PERS_45cebd8f,Минаев Иван Павлович,PERS_a0264ac5,Бурмистров Сергей Леонидович,3,2019,2026
PERS_45cebd8f,Минаев Иван Павлович,PERS_a0f3d86d,Сергеева Варвара Алексеевна,1,2026,2026
PERS_45cebd8f,Минаев Иван Павлович,PERS_a638a4b3,Федорова Наталья Леонидовна,1,2026,2026
PERS_45cebd8f,Минаев Иван Павлович,PERS_a84aedaa,Шомахмадов Сафарали Хайбуллоевич,1,2026,2026
PERS_45cebd8f,Минаев Иван Павлович,PERS_a8983673,Вигель Нарине Липаритовна,1,2024,2024
PERS_45cebd8f,Минаев Иван Павлович,PERS_a901d460,Фаградян Марина Александровна,3,2007,2026
PERS_45cebd8f,Минаев Иван Павлович,PERS_ab6bf9e3,Смирнов Борис Леонидович,2,2011,2021
PERS_45cebd8f,Минаев Иван Павлович,PERS_b62a9567,Курочкин Александр Юрьевич,1,2019,2019
PERS_45cebd8f,Минаев Иван Павлович,PERS_b881461b,Яковлева Мария Николаевна,4,2011,2026
PERS_45cebd8f,Минаев Иван Павлович,PERS_ba537782,М. И. Петрова,4,2007,2012
PERS_45cebd8f,Минаев Иван Павлович,PERS_bbb9116e,Кальянов Владимир Иванович,1,2011,2011
PERS_45cebd8f,Минаев Иван Павлович,PERS_bbd15f4f,Степин А. А.,1,2024,2024
PERS_45cebd8f,Минаев Иван Павлович,PERS_bc97fb65,Краснодембская Нина Георгиевна,3,2019,2024
PERS_45cebd8f,Минаев Иван Павлович,PERS_bd77e495,Корнеев Геннадий Батыревич,5,2019,2026
PERS_45cebd8f,Минаев Иван Павлович,PERS_c0b7485d,Серебряков Игорь Дмитриевич,1,2007,2007
PERS_45cebd8f,Минаев Иван Павлович,PERS_c48611e0,Островская Елена Петровна,3,2019,2024
PERS_45cebd8f,Минаев Иван Павлович,PERS_c52dfaa0,Цветкова Светлана Олеговна,3,2019,2026
PERS_45cebd8f,Минаев Иван Павлович,PERS_c5677a3f,Зорин Алексей Валерьевич,1,2019,2019
PERS_45cebd8f,Минаев Иван Павлович,PERS_c6bbcef3,Битинайте Елена Алексеевна,2,2019,2020
PERS_45cebd8f,Минаев Иван Павлович,PERS_cb52ebc2,Лемешкина Ксения Вячеславовна,3,2020,2026
PERS_45cebd8f,Минаев Иван Павлович,PERS_cd0d4845,Обермиллер Евгений Евгеньевич,2,2015,2024
PERS_45cebd8f,Минаев Иван Павлович,PERS_ced3d7b4,Молина Анна Валерьевна,3,2024,2026
PERS_45cebd8f,Минаев Иван Павлович,PERS_cfb92c5f,Уланский Евгений Андреевич,3,2017,2020
PERS_45cebd8f,Минаев Иван Павлович,PERS_d01427ca,Бещук Юлия Владимировна,1,2026,2026
PERS_45cebd8f,Минаев Иван Павлович,PERS_d218805b,Крюкова Виктория Юрьевна,2,2019,2024
PERS_45cebd8f,Минаев Иван Павлович,PERS_d3c5382c,Попова Ирина Фёдоровна,3,2007,2026
PERS_45cebd8f,Минаев Иван Павлович,PERS_d98da899,Рыжакова Светлана Игоревна,4,2019,2026
PERS_45cebd8f,Минаев Иван Павлович,PERS_d9d69ac2,Петров Павел Яковлевич,8,2007,2026
PERS_45cebd8f,Минаев Иван Павлович,PERS_da862dde,Дробышев Юлий Игорьевич,1,2024,2024
PERS_45cebd8f,Минаев Иван Павлович,PERS_db046be0,Сабирова Римма Наилевна,3,2019,2026
PERS_45cebd8f,Минаев Иван Павлович,PERS_dfaf6803,Борисов Яков Александрович,1,2011,2011
PERS_45cebd8f,Минаев Иван Павлович,PERS_e1dd6b3e,Лидова Наталья Ростиславовна,3,2024,2026
PERS_45cebd8f,Минаев Иван Павлович,PERS_e31ca12d,Вечерина Ольга Павловна,2,2019,2020
PERS_45cebd8f,Минаев Иван Павлович,PERS_e5a5ac24,Невелева Светлана Леонидовна,2,2011,2021
PERS_45cebd8f,Минаев Иван Павлович,PERS_e9545a0b,Шустова Алла Михайловна,1,2024,2024
PERS_45cebd8f,Минаев Иван Павлович,PERS_ea44fd14,Люлина Анастасия Геннадьевна,1,2024,2024
PERS_45cebd8f,Минаев Иван Павлович,PERS_f19cd8a1,Котин Игорь Юрьевич,1,2026,2026
PERS_45cebd8f,Минаев Иван Павлович,PERS_f56c5a7e,Жукова Любовь Евгеньевна,1,2024,2024
PERS_45cebd8f,Минаев Иван Павлович,PERS_f5b8b340,Вигасин Алексей Алексеевич,2,2011,2024
PERS_45cebd8f,Минаев Иван Павлович,PERS_f8ab5755,Оранская Татьяна Иосифовна,4,2019,2026
PERS_45cebd8f,Минаев Иван Павлович,PERS_f940c5b3,Стрелкова Гюзэль Владимировна,1,2024,2024
PERS_45cebd8f,Минаев Иван Павлович,PERS_fb25c80f,Ермакова Татьяна Викторовна,4,2019,2026
PERS_467d4dbb,Клебанов Андрей Александрович,PERS_50d73711,Смирнитская Анна Александровна,1,2021,2021
PERS_467d4dbb,Клебанов Андрей Александрович,PERS_56508328,Десницкая Евгения Алексеевна,1,2021,2021
PERS_467d4dbb,Клебанов Андрей Александрович,PERS_587b08ec,Леонов Михаил Васильевич,1,2025,2025
PERS_467d4dbb,Клебанов Андрей Александрович,PERS_58b39545,Ренковская Евгения Алексеевна,1,2021,2021
PERS_467d4dbb,Клебанов Андрей Александрович,PERS_5d34c947,Волошина Оксана Анатольевна,1,2021,2021
PERS_467d4dbb,Клебанов Андрей Александрович,PERS_6ae5c779,Фивейская Анастасия Васильевна,1,2021,2021
PERS_467d4dbb,Клебанов Андрей Александрович,PERS_6e211759,Иванов Владимир Павлович,3,2021,2025
PERS_467d4dbb,Клебанов Андрей Александрович,PERS_72506535,Крылова Анастасия Сергеевна,1,2021,2021
PERS_467d4dbb,Клебанов Андрей Александрович,PERS_7542d270,Демченко Максим Борисович,1,2021,2021
PERS_467d4dbb,Клебанов Андрей Александрович,PERS_829c1de5,Васильков Ярослав Владимирович,1,2021,2021
PERS_467d4dbb,Клебанов Андрей Александрович,PERS_8516d1e4,Гасунс Марцис Юрьевич,2,2021,2025
PERS_467d4dbb,Клебанов Андрей Александрович,PERS_8e117242,Юдицкая Екатерина Алексеевна,1,2021,2021
PERS_467d4dbb,Клебанов Андрей Александрович,PERS_93e2effb,Комиссаров Дмитрий Алексеевич,1,2021,2021
PERS_467d4dbb,Клебанов Андрей Александрович,PERS_9a855a7b,Альбедиль Маргарита Федоровна,1,2021,2021
PERS_467d4dbb,Клебанов Андрей Александрович,PERS_9d99092c,Рыбаков Р. Б.,1,2021,2021
PERS_467d4dbb,Клебанов Андрей Александрович,PERS_a0264ac5,Бурмистров Сергей Леонидович,1,2021,2021
PERS_467d4dbb,Клебанов Андрей Александрович,PERS_a84aedaa,Шомахмадов Сафарали Хайбуллоевич,1,2021,2021
PERS_467d4dbb,Клебанов Андрей Александрович,PERS_b76851a7,Митруев Бембя Леонидович,1,2021,2021
PERS_467d4dbb,Клебанов Андрей Александрович,PERS_bc97fb65,Краснодембская Нина Георгиевна,1,2021,2021
PERS_467d4dbb,Клебанов Андрей Александрович,PERS_bcaec2d8,Дружинин Владимир Юрьевич,2,2021,2025
PERS_467d4dbb,Клебанов Андрей Александрович,PERS_bd77e495,Корнеев Геннадий Батыревич,1,2021,2021
PERS_467d4dbb,Клебанов Андрей Александрович,PERS_c48611e0,Островская Елена Петровна,1,2021,2021
PERS_467d4dbb,Клебанов Андрей Александрович,PERS_c52dfaa0,Цветкова Светлана Олеговна,1,2021,2021
PERS_467d4dbb,Клебанов Андрей Александрович,PERS_c5677a3f,Зорин Алексей Валерьевич,1,2021,2021
PERS_467d4dbb,Клебанов Андрей Александрович,PERS_cfb92c5f,Уланский Евгений Андреевич,2,2021,2021
PERS_467d4dbb,Клебанов Андрей Александрович,PERS_d3c5382c,Попова Ирина Фёдоровна,1,2021,2021
PERS_467d4dbb,Клебанов Андрей Александрович,PERS_d98da899,Рыжакова Светлана Игоревна,1,2021,2021
PERS_467d4dbb,Клебанов Андрей Александрович,PERS_db046be0,Сабирова Римма Наилевна,1,2021,2021
PERS_467d4dbb,Клебанов Андрей Александрович,PERS_e1dd6b3e,Лидова Наталья Ростиславовна,1,2021,2021
PERS_467d4dbb,Клебанов Андрей Александрович,PERS_e31ca12d,Вечерина Ольга Павловна,1,2021,2021
PERS_467d4dbb,Клебанов Андрей Александрович,PERS_ebc1c3c2,Лундышева Ольга Владимировна,1,2025,2025
PERS_467d4dbb,Клебанов Андрей Александрович,PERS_f2fef030,Мехакян Арег Гайкович,1,2021,2021
PERS_467d4dbb,Клебанов Андрей Александрович,PERS_fb25c80f,Ермакова Татьяна Викторовна,1,2021,2021
PERS_48b3bec3,Ч. Санчай,PERS_4fff9d16,Минаева Маргарита Денисовна,2,2024,2026
PERS_48b3bec3,Ч. Санчай,PERS_50c46233,Маретина Ксения Александровна,1,2026,2026
PERS_48b3bec3,Ч. Санчай,PERS_50d73711,Смирнитская Анна Александровна,1,2019,2019
PERS_48b3bec3,Ч. Санчай,PERS_5228da95,Вертоградова Виктория Викторовна,1,2024,2024
PERS_48b3bec3,Ч. Санчай,PERS_56508328,Десницкая Евгения Алексеевна,2,2019,2026
PERS_48b3bec3,Ч. Санчай,PERS_587b08ec,Леонов Михаил Васильевич,2,2024,2026
PERS_48b3bec3,Ч. Санчай,PERS_58b39545,Ренковская Евгения Алексеевна,2,2019,2026
PERS_48b3bec3,Ч. Санчай,PERS_58e18506,Соколова Ирина Александровна,2,2022,2026
PERS_48b3bec3,Ч. Санчай,PERS_5d34c947,Волошина Оксана Анатольевна,2,2019,2026
PERS_48b3bec3,Ч. Санчай,PERS_5e2a5a5c,Столярова Екатерина Владимировна,1,2019,2019
PERS_48b3bec3,Ч. Санчай,PERS_5ed752d9,Китинов Баатр Учаевич,1,2024,2024
PERS_48b3bec3,Ч. Санчай,PERS_5f6689e8,Дмитриева Виктория Алексеевна,1,2026,2026
PERS_48b3bec3,Ч. Санчай,PERS_5f6fa17b,Пахомова Александра Михайловна,1,2024,2024
PERS_48b3bec3,Ч. Санчай,PERS_6578b52d,Тюлина Елена Владимировна,1,2024,2024
PERS_48b3bec3,Ч. Санчай,PERS_6e211759,Иванов Владимир Павлович,1,2026,2026
PERS_48b3bec3,Ч. Санчай,PERS_72506535,Крылова Анастасия Сергеевна,2,2019,2026
PERS_48b3bec3,Ч. Санчай,PERS_72932969,Рерих Юрий Николаевич,1,2024,2024
PERS_48b3bec3,Ч. Санчай,PERS_7542d270,Демченко Максим Борисович,2,2019,2026
PERS_48b3bec3,Ч. Санчай,PERS_7eb0dc30,Зимина Татьяна Александровна,1,2019,2019
PERS_48b3bec3,Ч. Санчай,PERS_7f908d49,Стрельцова Лилия Александровна,1,2019,2019
PERS_48b3bec3,Ч. Санчай,PERS_8108c314,Ерченков Олег Николаевич,1,2019,2019
PERS_48b3bec3,Ч. Санчай,PERS_829c1de5,Васильков Ярослав Владимирович,2,2019,2026
PERS_48b3bec3,Ч. Санчай,PERS_8516d1e4,Гасунс Марцис Юрьевич,2,2019,2024
PERS_48b3bec3,Ч. Санчай,PERS_8df3730a,Донченко Сергей Сергеевич,1,2019,2019
PERS_48b3bec3,Ч. Санчай,PERS_8df81b6d,Лужинская Полина Александровна,1,2026,2026
PERS_48b3bec3,Ч. Санчай,PERS_8e117242,Юдицкая Екатерина Алексеевна,1,2019,2019
PERS_48b3bec3,Ч. Санчай,PERS_91b473b1,Челнокова Анна Витальевна,1,2026,2026
PERS_48b3bec3,Ч. Санчай,PERS_92f41884,Касым Софья Васильевна,1,2026,2026
PERS_48b3bec3,Ч. Санчай,PERS_9374fd12,Вырщиков Евгений Геннадьевич,1,2024,2024
PERS_48b3bec3,Ч. Санчай,PERS_93e2effb,Комиссаров Дмитрий Алексеевич,1,2026,2026
PERS_48b3bec3,Ч. Санчай,PERS_9a855a7b,Альбедиль Маргарита Федоровна,2,2019,2026
PERS_48b3bec3,Ч. Санчай,PERS_9d99092c,Рыбаков Р. Б.,2,2019,2026
PERS_48b3bec3,Ч. Санчай,PERS_9e9c9566,Лекарева Ева Павловна,1,2026,2026
PERS_48b3bec3,Ч. Санчай,PERS_9f398436,Куликов Леонид Игоревич,1,2026,2026
PERS_48b3bec3,Ч. Санчай,PERS_a0264ac5,Бурмистров Сергей Леонидович,2,2019,2026
PERS_48b3bec3,Ч. Санчай,PERS_a0f3d86d,Сергеева Варвара Алексеевна,1,2026,2026
PERS_48b3bec3,Ч. Санчай,PERS_a638a4b3,Федорова Наталья Леонидовна,1,2026,2026
PERS_48b3bec3,Ч. Санчай,PERS_a84aedaa,Шомахмадов Сафарали Хайбуллоевич,1,2026,2026
PERS_48b3bec3,Ч. Санчай,PERS_a8983673,Вигель Нарине Липаритовна,1,2024,2024
PERS_48b3bec3,Ч. Санчай,PERS_a901d460,Фаградян Марина Александровна,2,2019,2026
PERS_48b3bec3,Ч. Санчай,PERS_b62a9567,Курочкин Александр Юрьевич,1,2019,2019
PERS_48b3bec3,Ч. Санчай,PERS_b881461b,Яковлева Мария Николаевна,2,2019,2026
PERS_48b3bec3,Ч. Санчай,PERS_bc97fb65,Краснодембская Нина Георгиевна,1,2019,2019
PERS_48b3bec3,Ч. Санчай,PERS_bd77e495,Корнеев Геннадий Батыревич,3,2019,2026
PERS_48b3bec3,Ч. Санчай,PERS_c48611e0,Островская Елена Петровна,1,2019,2019
PERS_48b3bec3,Ч. Санчай,PERS_c52dfaa0,Цветкова Светлана Олеговна,3,2019,2026
PERS_48b3bec3,Ч. Санчай,PERS_c5677a3f,Зорин Алексей Валерьевич,1,2019,2019
PERS_48b3bec3,Ч. Санчай,PERS_c6bbcef3,Битинайте Елена Алексеевна,1,2019,2019
PERS_48b3bec3,Ч. Санчай,PERS_cb52ebc2,Лемешкина Ксения Вячеславовна,1,2026,2026
PERS_48b3bec3,Ч. Санчай,PERS_ced3d7b4,Молина Анна Валерьевна,2,2024,2026
PERS_48b3bec3,Ч. Санчай,PERS_cfb92c5f,Уланский Евгений Андреевич,1,2019,2019
PERS_48b3bec3,Ч. Санчай,PERS_d01427ca,Бещук Юлия Владимировна,1,2026,2026
PERS_48b3bec3,Ч. Санчай,PERS_d218805b,Крюкова Виктория Юрьевна,1,2019,2019
PERS_48b3bec3,Ч. Санчай,PERS_d3c5382c,Попова Ирина Фёдоровна,2,2019,2026
PERS_48b3bec3,Ч. Санчай,PERS_d98da899,Рыжакова Светлана Игоревна,2,2019,2026
PERS_48b3bec3,Ч. Санчай,PERS_d9d69ac2,Петров Павел Яковлевич,1,2026,2026
PERS_48b3bec3,Ч. Санчай,PERS_da862dde,Дробышев Юлий Игорьевич,1,2024,2024
PERS_48b3bec3,Ч. Санчай,PERS_db046be0,Сабирова Римма Наилевна,2,2019,2026
PERS_48b3bec3,Ч. Санчай,PERS_e1dd6b3e,Лидова Наталья Ростиславовна,2,2024,2026
PERS_48b3bec3,Ч. Санчай,PERS_e31ca12d,Вечерина Ольга Павловна,1,2019,2019
PERS_48b3bec3,Ч. Санчай,PERS_e9545a0b,Шустова Алла Михайловна,1,2024,2024
PERS_48b3bec3,Ч. Санчай,PERS_ea44fd14,Люлина Анастасия Геннадьевна,1,2024,2024
PERS_48b3bec3,Ч. Санчай,PERS_f19cd8a1,Котин Игорь Юрьевич,1,2026,2026
PERS_48b3bec3,Ч. Санчай,PERS_f56c5a7e,Жукова Любовь Евгеньевна,1,2022,2022
PERS_48b3bec3,Ч. Санчай,PERS_f5b8b340,Вигасин Алексей Алексеевич,1,2024,2024
PERS_48b3bec3,Ч. Санчай,PERS_f8ab5755,Оранская Татьяна Иосифовна,2,2019,2026
PERS_48b3bec3,Ч. Санчай,PERS_fb25c80f,Ермакова Татьяна Викторовна,2,2019,2026
PERS_4dd85c67,Бётлингк Оттон Николаевич,PERS_4fff9d16,Минаева Маргарита Денисовна,2,2007,2011
PERS_4dd85c67,Бётлингк Оттон Николаевич,PERS_5228da95,Вертоградова Виктория Викторовна,1,2011,2011
PERS_4dd85c67,Бётлингк Оттон Николаевич,PERS_5cae5a20,Щербатской Фёдор Ипполитович,1,2015,2015
PERS_4dd85c67,Бётлингк Оттон Николаевич,PERS_5d34c947,Волошина Оксана Анатольевна,1,2009,2009
PERS_4dd85c67,Бётлингк Оттон Николаевич,PERS_68e9019d,Малютин Иван Иванович,1,2025,2025
PERS_4dd85c67,Бётлингк Оттон Николаевич,PERS_6b06637e,Ильин Григорий Фёдорович,1,2015,2015
PERS_4dd85c67,Бётлингк Оттон Николаевич,PERS_6b867946,Смирнова Екатерина Викторовна,4,2011,2021
PERS_4dd85c67,Бётлингк Оттон Николаевич,PERS_6d302e31,Лебедев Герасим Степанович,2,2007,2011
PERS_4dd85c67,Бётлингк Оттон Николаевич,PERS_6e211759,Иванов Владимир Павлович,2,2009,2011
PERS_4dd85c67,Бётлингк Оттон Николаевич,PERS_72506535,Крылова Анастасия Сергеевна,1,2018,2018
PERS_4dd85c67,Бётлингк Оттон Николаевич,PERS_7da0afff,Демичев Кирилл Андреевич,1,2013,2013
PERS_4dd85c67,Бётлингк Оттон Николаевич,PERS_8108c314,Ерченков Олег Николаевич,1,2015,2015
PERS_4dd85c67,Бётлингк Оттон Николаевич,PERS_82364943,Миллер Всеволод Фёдорович,4,2007,2015
PERS_4dd85c67,Бётлингк Оттон Николаевич,PERS_829c1de5,Васильков Ярослав Владимирович,2,2014,2018
PERS_4dd85c67,Бётлингк Оттон Николаевич,PERS_8516d1e4,Гасунс Марцис Юрьевич,17,2007,2025
PERS_4dd85c67,Бётлингк Оттон Николаевич,PERS_9366fe2c,Крыштоп Людмила Эдуардовна,1,2025,2025
PERS_4dd85c67,Бётлингк Оттон Николаевич,PERS_a0f3d86d,Сергеева Варвара Алексеевна,3,2009,2018
PERS_4dd85c67,Бётлингк Оттон Николаевич,PERS_a901d460,Фаградян Марина Александровна,5,2007,2016
PERS_4dd85c67,Бётлингк Оттон Николаевич,PERS_ab6bf9e3,Смирнов Борис Леонидович,5,2011,2021
PERS_4dd85c67,Бётлингк Оттон Николаевич,PERS_b4cdbfb8,Эрман Владимир Гансович,1,2015,2015
PERS_4dd85c67,Бётлингк Оттон Николаевич,PERS_b881461b,Яковлева Мария Николаевна,1,2011,2011
PERS_4dd85c67,Бётлингк Оттон Николаевич,PERS_ba537782,М. И. Петрова,2,2007,2011
PERS_4dd85c67,Бётлингк Оттон Николаевич,PERS_bbb9116e,Кальянов Владимир Иванович,5,2011,2023
PERS_4dd85c67,Бётлингк Оттон Николаевич,PERS_c0b7485d,Серебряков Игорь Дмитриевич,1,2007,2007
PERS_4dd85c67,Бётлингк Оттон Николаевич,PERS_cfb92c5f,Уланский Евгений Андреевич,4,2017,2025
PERS_4dd85c67,Бётлингк Оттон Николаевич,PERS_d3c5382c,Попова Ирина Фёдоровна,1,2007,2007
PERS_4dd85c67,Бётлингк Оттон Николаевич,PERS_d6ade703,Кожевникова Маргарита Николаевна,1,2011,2011
PERS_4dd85c67,Бётлингк Оттон Николаевич,PERS_d9d69ac2,Петров Павел Яковлевич,2,2007,2011
PERS_4dd85c67,Бётлингк Оттон Николаевич,PERS_dfaf6803,Борисов Яков Александрович,1,2011,2011
PERS_4dd85c67,Бётлингк Оттон Николаевич,PERS_e5a5ac24,Невелева Светлана Леонидовна,3,2011,2018
PERS_4dd85c67,Бётлингк Оттон Николаевич,PERS_f56c5a7e,Жукова Любовь Евгеньевна,4,2009,2015
PERS_4dd85c67,Бётлингк Оттон Николаевич,PERS_f5a69b65,Кройцер Светлана Александровна,1,2022,2022
PERS_4dd85c67,Бётлингк Оттон Николаевич,PERS_f5b8b340,Вигасин Алексей Алексеевич,4,2011,2013
PERS_4fff9d16,Минаева Маргарита Денисовна,PERS_50c46233,Маретина Ксения Александровна,1,2026,2026
PERS_4fff9d16,Минаева Маргарита Денисовна,PERS_50d73711,Смирнитская Анна Александровна,1,2020,2020
PERS_4fff9d16,Минаева Маргарита Денисовна,PERS_5228da95,Вертоградова Виктория Викторовна,1,2024,2024
PERS_4fff9d16,Минаева Маргарита Денисовна,PERS_56508328,Десницкая Евгения Алексеевна,2,2020,2026
PERS_4fff9d16,Минаева Маргарита Денисовна,PERS_587b08ec,Леонов Михаил Васильевич,2,2024,2026
PERS_4fff9d16,Минаева Маргарита Денисовна,PERS_58b39545,Ренковская Евгения Алексеевна,1,2026,2026
PERS_4fff9d16,Минаева Маргарита Денисовна,PERS_58e18506,Соколова Ирина Александровна,1,2026,2026
PERS_4fff9d16,Минаева Маргарита Денисовна,PERS_5cae5a20,Щербатской Фёдор Ипполитович,3,2012,2021
PERS_4fff9d16,Минаева Маргарита Денисовна,PERS_5d34c947,Волошина Оксана Анатольевна,2,2020,2026
PERS_4fff9d16,Минаева Маргарита Денисовна,PERS_5ed752d9,Китинов Баатр Учаевич,1,2024,2024
PERS_4fff9d16,Минаева Маргарита Денисовна,PERS_5f6689e8,Дмитриева Виктория Алексеевна,1,2026,2026
PERS_4fff9d16,Минаева Маргарита Денисовна,PERS_5f6fa17b,Пахомова Александра Михайловна,1,2024,2024
PERS_4fff9d16,Минаева Маргарита Денисовна,PERS_6578b52d,Тюлина Елена Владимировна,1,2024,2024
PERS_4fff9d16,Минаева Маргарита Денисовна,PERS_6b867946,Смирнова Екатерина Викторовна,1,2011,2011
PERS_4fff9d16,Минаева Маргарита Денисовна,PERS_6d302e31,Лебедев Герасим Степанович,5,2007,2021
PERS_4fff9d16,Минаева Маргарита Денисовна,PERS_6e211759,Иванов Владимир Павлович,3,2011,2026
PERS_4fff9d16,Минаева Маргарита Денисовна,PERS_72506535,Крылова Анастасия Сергеевна,1,2026,2026
PERS_4fff9d16,Минаева Маргарита Денисовна,PERS_72932969,Рерих Юрий Николаевич,2,2021,2024
PERS_4fff9d16,Минаева Маргарита Денисовна,PERS_7542d270,Демченко Максим Борисович,2,2020,2026
PERS_4fff9d16,Минаева Маргарита Денисовна,PERS_773647fc,Баранников Алексей Петрович,2,2012,2015
PERS_4fff9d16,Минаева Маргарита Денисовна,PERS_7eb0dc30,Зимина Татьяна Александровна,1,2020,2020
PERS_4fff9d16,Минаева Маргарита Денисовна,PERS_8108c314,Ерченков Олег Николаевич,1,2020,2020
PERS_4fff9d16,Минаева Маргарита Денисовна,PERS_82364943,Миллер Всеволод Фёдорович,2,2011,2012
PERS_4fff9d16,Минаева Маргарита Денисовна,PERS_823c1a9f,Розенберг Оттон Оттонович,1,2021,2021
PERS_4fff9d16,Минаева Маргарита Денисовна,PERS_829c1de5,Васильков Ярослав Владимирович,3,2020,2026
PERS_4fff9d16,Минаева Маргарита Денисовна,PERS_8516d1e4,Гасунс Марцис Юрьевич,5,2011,2024
PERS_4fff9d16,Минаева Маргарита Денисовна,PERS_8df81b6d,Лужинская Полина Александровна,1,2026,2026
PERS_4fff9d16,Минаева Маргарита Денисовна,PERS_8e117242,Юдицкая Екатерина Алексеевна,1,2020,2020
PERS_4fff9d16,Минаева Маргарита Денисовна,PERS_91b473b1,Челнокова Анна Витальевна,1,2026,2026
PERS_4fff9d16,Минаева Маргарита Денисовна,PERS_92f41884,Касым Софья Васильевна,1,2026,2026
PERS_4fff9d16,Минаева Маргарита Денисовна,PERS_9366fe2c,Крыштоп Людмила Эдуардовна,1,2020,2020
PERS_4fff9d16,Минаева Маргарита Денисовна,PERS_9374fd12,Вырщиков Евгений Геннадьевич,1,2024,2024
PERS_4fff9d16,Минаева Маргарита Денисовна,PERS_93e2effb,Комиссаров Дмитрий Алексеевич,1,2026,2026
PERS_4fff9d16,Минаева Маргарита Денисовна,PERS_9a855a7b,Альбедиль Маргарита Федоровна,2,2021,2026
PERS_4fff9d16,Минаева Маргарита Денисовна,PERS_9d99092c,Рыбаков Р. Б.,2,2020,2026
PERS_4fff9d16,Минаева Маргарита Денисовна,PERS_9e9c9566,Лекарева Ева Павловна,1,2026,2026
PERS_4fff9d16,Минаева Маргарита Денисовна,PERS_9f398436,Куликов Леонид Игоревич,2,2020,2026
PERS_4fff9d16,Минаева Маргарита Денисовна,PERS_a0264ac5,Бурмистров Сергей Леонидович,1,2026,2026
PERS_4fff9d16,Минаева Маргарита Денисовна,PERS_a0f3d86d,Сергеева Варвара Алексеевна,1,2026,2026
PERS_4fff9d16,Минаева Маргарита Денисовна,PERS_a638a4b3,Федорова Наталья Леонидовна,1,2026,2026
PERS_4fff9d16,Минаева Маргарита Денисовна,PERS_a84aedaa,Шомахмадов Сафарали Хайбуллоевич,1,2026,2026
PERS_4fff9d16,Минаева Маргарита Денисовна,PERS_a8983673,Вигель Нарине Липаритовна,1,2024,2024
PERS_4fff9d16,Минаева Маргарита Денисовна,PERS_a901d460,Фаградян Марина Александровна,1,2026,2026
PERS_4fff9d16,Минаева Маргарита Денисовна,PERS_ab6bf9e3,Смирнов Борис Леонидович,2,2011,2021
PERS_4fff9d16,Минаева Маргарита Денисовна,PERS_b881461b,Яковлева Мария Николаевна,2,2011,2026
PERS_4fff9d16,Минаева Маргарита Денисовна,PERS_ba537782,М. И. Петрова,3,2007,2012
PERS_4fff9d16,Минаева Маргарита Денисовна,PERS_bbb9116e,Кальянов Владимир Иванович,1,2011,2011
PERS_4fff9d16,Минаева Маргарита Денисовна,PERS_bc97fb65,Краснодембская Нина Георгиевна,1,2020,2020
PERS_4fff9d16,Минаева Маргарита Денисовна,PERS_bd77e495,Корнеев Геннадий Батыревич,3,2020,2026
PERS_4fff9d16,Минаева Маргарита Денисовна,PERS_c0b7485d,Серебряков Игорь Дмитриевич,1,2007,2007
PERS_4fff9d16,Минаева Маргарита Денисовна,PERS_c48611e0,Островская Елена Петровна,1,2020,2020
PERS_4fff9d16,Минаева Маргарита Денисовна,PERS_c52dfaa0,Цветкова Светлана Олеговна,2,2024,2026
PERS_4fff9d16,Минаева Маргарита Денисовна,PERS_c6bbcef3,Битинайте Елена Алексеевна,1,2020,2020
PERS_4fff9d16,Минаева Маргарита Денисовна,PERS_cb52ebc2,Лемешкина Ксения Вячеславовна,2,2020,2026
PERS_4fff9d16,Минаева Маргарита Денисовна,PERS_cd0d4845,Обермиллер Евгений Евгеньевич,1,2015,2015
PERS_4fff9d16,Минаева Маргарита Денисовна,PERS_ced3d7b4,Молина Анна Валерьевна,2,2024,2026
PERS_4fff9d16,Минаева Маргарита Денисовна,PERS_cfb92c5f,Уланский Евгений Андреевич,2,2017,2020
PERS_4fff9d16,Минаева Маргарита Денисовна,PERS_d01427ca,Бещук Юлия Владимировна,1,2026,2026
PERS_4fff9d16,Минаева Маргарита Денисовна,PERS_d3c5382c,Попова Ирина Фёдоровна,2,2007,2026
PERS_4fff9d16,Минаева Маргарита Денисовна,PERS_d98da899,Рыжакова Светлана Игоревна,2,2020,2026
PERS_4fff9d16,Минаева Маргарита Денисовна,PERS_d9d69ac2,Петров Павел Яковлевич,6,2007,2026
PERS_4fff9d16,Минаева Маргарита Денисовна,PERS_da862dde,Дробышев Юлий Игорьевич,1,2024,2024
PERS_4fff9d16,Минаева Маргарита Денисовна,PERS_db046be0,Сабирова Римма Наилевна,2,2020,2026
PERS_4fff9d16,Минаева Маргарита Денисовна,PERS_dfaf6803,Борисов Яков Александрович,1,2011,2011
PERS_4fff9d16,Минаева Маргарита Денисовна,PERS_e1dd6b3e,Лидова Наталья Ростиславовна,2,2024,2026
PERS_4fff9d16,Минаева Маргарита Денисовна,PERS_e31ca12d,Вечерина Ольга Павловна,1,2020,2020
PERS_4fff9d16,Минаева Маргарита Денисовна,PERS_e5a5ac24,Невелева Светлана Леонидовна,2,2011,2021
PERS_4fff9d16,Минаева Маргарита Денисовна,PERS_e9545a0b,Шустова Алла Михайловна,1,2024,2024
PERS_4fff9d16,Минаева Маргарита Денисовна,PERS_ea44fd14,Люлина Анастасия Геннадьевна,1,2024,2024
PERS_4fff9d16,Минаева Маргарита Денисовна,PERS_f19cd8a1,Котин Игорь Юрьевич,1,2026,2026
PERS_4fff9d16,Минаева Маргарита Денисовна,PERS_f5b8b340,Вигасин Алексей Алексеевич,2,2011,2024
PERS_4fff9d16,Минаева Маргарита Денисовна,PERS_f8ab5755,Оранская Татьяна Иосифовна,2,2020,2026
PERS_4fff9d16,Минаева Маргарита Денисовна,PERS_fb25c80f,Ермакова Татьяна Викторовна,2,2020,2026
PERS_50c46233,Маретина Ксения Александровна,PERS_50d73711,Смирнитская Анна Александровна,1,2021,2021
PERS_50c46233,Маретина Ксения Александровна,PERS_56508328,Десницкая Евгения Алексеевна,3,2021,2026
PERS_50c46233,Маретина Ксения Александровна,PERS_587b08ec,Леонов Михаил Васильевич,3,2021,2026
PERS_50c46233,Маретина Ксения Александровна,PERS_58b39545,Ренковская Евгения Алексеевна,2,2021,2026
PERS_50c46233,Маретина Ксения Александровна,PERS_58e18506,Соколова Ирина Александровна,1,2026,2026
PERS_50c46233,Маретина Ксения Александровна,PERS_5d34c947,Волошина Оксана Анатольевна,1,2026,2026
PERS_50c46233,Маретина Ксения Александровна,PERS_5e2a5a5c,Столярова Екатерина Владимировна,1,2024,2024
PERS_50c46233,Маретина Ксения Александровна,PERS_5f6689e8,Дмитриева Виктория Алексеевна,1,2026,2026
PERS_50c46233,Маретина Ксения Александровна,PERS_5f6fa17b,Пахомова Александра Михайловна,1,2021,2021
PERS_50c46233,Маретина Ксения Александровна,PERS_62575c35,Гусева Наталья Романовна,1,2019,2019
PERS_50c46233,Маретина Ксения Александровна,PERS_68e9019d,Малютин Иван Иванович,1,2024,2024
PERS_50c46233,Маретина Ксения Александровна,PERS_69750b7c,Мазурина Валентина Николаевна,2,2019,2021
PERS_50c46233,Маретина Ксения Александровна,PERS_6a84adb8,Макаев Энвер Ахмедович,1,2021,2021
PERS_50c46233,Маретина Ксения Александровна,PERS_6ae5c779,Фивейская Анастасия Васильевна,2,2021,2024
PERS_50c46233,Маретина Ксения Александровна,PERS_6b867946,Смирнова Екатерина Викторовна,1,2021,2021
PERS_50c46233,Маретина Ксения Александровна,PERS_6e211759,Иванов Владимир Павлович,1,2026,2026
PERS_50c46233,Маретина Ксения Александровна,PERS_72506535,Крылова Анастасия Сергеевна,3,2021,2026
PERS_50c46233,Маретина Ксения Александровна,PERS_7542d270,Демченко Максим Борисович,2,2024,2026
PERS_50c46233,Маретина Ксения Александровна,PERS_7f908d49,Стрельцова Лилия Александровна,2,2021,2024
PERS_50c46233,Маретина Ксения Александровна,PERS_8108c314,Ерченков Олег Николаевич,1,2024,2024
PERS_50c46233,Маретина Ксения Александровна,PERS_829c1de5,Васильков Ярослав Владимирович,3,2021,2026
PERS_50c46233,Маретина Ксения Александровна,PERS_8516d1e4,Гасунс Марцис Юрьевич,2,2021,2024
PERS_50c46233,Маретина Ксения Александровна,PERS_8df3730a,Донченко Сергей Сергеевич,1,2024,2024
PERS_50c46233,Маретина Ксения Александровна,PERS_8df81b6d,Лужинская Полина Александровна,2,2024,2026
PERS_50c46233,Маретина Ксения Александровна,PERS_91b473b1,Челнокова Анна Витальевна,3,2021,2026
PERS_50c46233,Маретина Ксения Александровна,PERS_92f41884,Касым Софья Васильевна,1,2026,2026
PERS_50c46233,Маретина Ксения Александровна,PERS_9366fe2c,Крыштоп Людмила Эдуардовна,1,2021,2021
PERS_50c46233,Маретина Ксения Александровна,PERS_93e2effb,Комиссаров Дмитрий Алексеевич,2,2024,2026
PERS_50c46233,Маретина Ксения Александровна,PERS_9a855a7b,Альбедиль Маргарита Федоровна,4,2019,2026
PERS_50c46233,Маретина Ксения Александровна,PERS_9d99092c,Рыбаков Р. Б.,2,2024,2026
PERS_50c46233,Маретина Ксения Александровна,PERS_9e9c9566,Лекарева Ева Павловна,3,2021,2026
PERS_50c46233,Маретина Ксения Александровна,PERS_9f398436,Куликов Леонид Игоревич,2,2021,2026
PERS_50c46233,Маретина Ксения Александровна,PERS_a0264ac5,Бурмистров Сергей Леонидович,3,2021,2026
PERS_50c46233,Маретина Ксения Александровна,PERS_a0f3d86d,Сергеева Варвара Алексеевна,1,2026,2026
PERS_50c46233,Маретина Ксения Александровна,PERS_a638a4b3,Федорова Наталья Леонидовна,2,2026,2026
PERS_50c46233,Маретина Ксения Александровна,PERS_a84aedaa,Шомахмадов Сафарали Хайбуллоевич,1,2026,2026
PERS_50c46233,Маретина Ксения Александровна,PERS_a901d460,Фаградян Марина Александровна,2,2021,2026
PERS_50c46233,Маретина Ксения Александровна,PERS_ab6bf9e3,Смирнов Борис Леонидович,1,2021,2021
PERS_50c46233,Маретина Ксения Александровна,PERS_b2c121e9,Успенская Елена Николаевна,1,2019,2019
PERS_50c46233,Маретина Ксения Александровна,PERS_b881461b,Яковлева Мария Николаевна,1,2026,2026
PERS_50c46233,Маретина Ксения Александровна,PERS_ba537782,М. И. Петрова,1,2021,2021
PERS_50c46233,Маретина Ксения Александровна,PERS_bbd15f4f,Степин А. А.,1,2024,2024
PERS_50c46233,Маретина Ксения Александровна,PERS_bc97fb65,Краснодембская Нина Георгиевна,2,2019,2024
PERS_50c46233,Маретина Ксения Александровна,PERS_bd77e495,Корнеев Геннадий Батыревич,2,2024,2026
PERS_50c46233,Маретина Ксения Александровна,PERS_c48611e0,Островская Елена Петровна,2,2021,2024
PERS_50c46233,Маретина Ксения Александровна,PERS_c52dfaa0,Цветкова Светлана Олеговна,1,2026,2026
PERS_50c46233,Маретина Ксения Александровна,PERS_cb52ebc2,Лемешкина Ксения Вячеславовна,3,2024,2026
PERS_50c46233,Маретина Ксения Александровна,PERS_cd0d4845,Обермиллер Евгений Евгеньевич,1,2024,2024
PERS_50c46233,Маретина Ксения Александровна,PERS_ced3d7b4,Молина Анна Валерьевна,2,2024,2026
PERS_50c46233,Маретина Ксения Александровна,PERS_d01427ca,Бещук Юлия Владимировна,1,2026,2026
PERS_50c46233,Маретина Ксения Александровна,PERS_d218805b,Крюкова Виктория Юрьевна,1,2024,2024
PERS_50c46233,Маретина Ксения Александровна,PERS_d3c5382c,Попова Ирина Фёдоровна,1,2026,2026
PERS_50c46233,Маретина Ксения Александровна,PERS_d98da899,Рыжакова Светлана Игоревна,3,2021,2026
PERS_50c46233,Маретина Ксения Александровна,PERS_d9d69ac2,Петров Павел Яковлевич,2,2019,2026
PERS_50c46233,Маретина Ксения Александровна,PERS_db046be0,Сабирова Римма Наилевна,2,2021,2026
PERS_50c46233,Маретина Ксения Александровна,PERS_e1dd6b3e,Лидова Наталья Ростиславовна,2,2024,2026
PERS_50c46233,Маретина Ксения Александровна,PERS_e31ca12d,Вечерина Ольга Павловна,1,2021,2021
PERS_50c46233,Маретина Ксения Александровна,PERS_e5a5ac24,Невелева Светлана Леонидовна,1,2019,2019
PERS_50c46233,Маретина Ксения Александровна,PERS_ed83f502,Селиванова Тамара Петровна,1,2019,2019
PERS_50c46233,Маретина Ксения Александровна,PERS_f19cd8a1,Котин Игорь Юрьевич,2,2026,2026
PERS_50c46233,Маретина Ксения Александровна,PERS_f56c5a7e,Жукова Любовь Евгеньевна,2,2021,2024
PERS_50c46233,Маретина Ксения Александровна,PERS_f8ab5755,Оранская Татьяна Иосифовна,3,2019,2026
PERS_50c46233,Маретина Ксения Александровна,PERS_f940c5b3,Стрелкова Гюзэль Владимировна,2,2021,2024
PERS_50c46233,Маретина Ксения Александровна,PERS_fb25c80f,Ермакова Татьяна Викторовна,2,2024,2026
PERS_50d73711,Смирнитская Анна Александровна,PERS_56508328,Десницкая Евгения Алексеевна,4,2019,2021
PERS_50d73711,Смирнитская Анна Александровна,PERS_587b08ec,Леонов Михаил Васильевич,1,2021,2021
PERS_50d73711,Смирнитская Анна Александровна,PERS_58b39545,Ренковская Евгения Алексеевна,3,2019,2021
PERS_50d73711,Смирнитская Анна Александровна,PERS_5d34c947,Волошина Оксана Анатольевна,3,2019,2021
PERS_50d73711,Смирнитская Анна Александровна,PERS_5e2a5a5c,Столярова Екатерина Владимировна,1,2019,2019
PERS_50d73711,Смирнитская Анна Александровна,PERS_5f6fa17b,Пахомова Александра Михайловна,1,2021,2021
PERS_50d73711,Смирнитская Анна Александровна,PERS_69750b7c,Мазурина Валентина Николаевна,1,2021,2021
PERS_50d73711,Смирнитская Анна Александровна,PERS_6a84adb8,Макаев Энвер Ахмедович,1,2021,2021
PERS_50d73711,Смирнитская Анна Александровна,PERS_6ae5c779,Фивейская Анастасия Васильевна,2,2021,2021
PERS_50d73711,Смирнитская Анна Александровна,PERS_6b867946,Смирнова Екатерина Викторовна,1,2021,2021
PERS_50d73711,Смирнитская Анна Александровна,PERS_6e211759,Иванов Владимир Павлович,1,2021,2021
PERS_50d73711,Смирнитская Анна Александровна,PERS_72506535,Крылова Анастасия Сергеевна,3,2019,2021
PERS_50d73711,Смирнитская Анна Александровна,PERS_7542d270,Демченко Максим Борисович,3,2019,2021
PERS_50d73711,Смирнитская Анна Александровна,PERS_7eb0dc30,Зимина Татьяна Александровна,2,2019,2020
PERS_50d73711,Смирнитская Анна Александровна,PERS_7f908d49,Стрельцова Лилия Александровна,2,2019,2021
PERS_50d73711,Смирнитская Анна Александровна,PERS_8108c314,Ерченков Олег Николаевич,2,2019,2020
PERS_50d73711,Смирнитская Анна Александровна,PERS_829c1de5,Васильков Ярослав Владимирович,4,2019,2021
PERS_50d73711,Смирнитская Анна Александровна,PERS_8516d1e4,Гасунс Марцис Юрьевич,6,2019,2022
PERS_50d73711,Смирнитская Анна Александровна,PERS_8df3730a,Донченко Сергей Сергеевич,1,2019,2019
PERS_50d73711,Смирнитская Анна Александровна,PERS_8e117242,Юдицкая Екатерина Алексеевна,3,2019,2021
PERS_50d73711,Смирнитская Анна Александровна,PERS_91b473b1,Челнокова Анна Витальевна,1,2021,2021
PERS_50d73711,Смирнитская Анна Александровна,PERS_9366fe2c,Крыштоп Людмила Эдуардовна,2,2020,2021
PERS_50d73711,Смирнитская Анна Александровна,PERS_93e2effb,Комиссаров Дмитрий Алексеевич,1,2021,2021
PERS_50d73711,Смирнитская Анна Александровна,PERS_9a855a7b,Альбедиль Маргарита Федоровна,2,2019,2021
PERS_50d73711,Смирнитская Анна Александровна,PERS_9d99092c,Рыбаков Р. Б.,3,2019,2021
PERS_50d73711,Смирнитская Анна Александровна,PERS_9e9c9566,Лекарева Ева Павловна,1,2021,2021
PERS_50d73711,Смирнитская Анна Александровна,PERS_9f398436,Куликов Леонид Игоревич,2,2020,2021
PERS_50d73711,Смирнитская Анна Александровна,PERS_a0264ac5,Бурмистров Сергей Леонидович,3,2019,2021
PERS_50d73711,Смирнитская Анна Александровна,PERS_a84aedaa,Шомахмадов Сафарали Хайбуллоевич,1,2021,2021
PERS_50d73711,Смирнитская Анна Александровна,PERS_a901d460,Фаградян Марина Александровна,2,2019,2021
PERS_50d73711,Смирнитская Анна Александровна,PERS_ab6bf9e3,Смирнов Борис Леонидович,1,2021,2021
PERS_50d73711,Смирнитская Анна Александровна,PERS_b62a9567,Курочкин Александр Юрьевич,1,2019,2019
PERS_50d73711,Смирнитская Анна Александровна,PERS_b76851a7,Митруев Бембя Леонидович,1,2021,2021
PERS_50d73711,Смирнитская Анна Александровна,PERS_b881461b,Яковлева Мария Николаевна,1,2019,2019
PERS_50d73711,Смирнитская Анна Александровна,PERS_ba537782,М. И. Петрова,1,2021,2021
PERS_50d73711,Смирнитская Анна Александровна,PERS_bc97fb65,Краснодембская Нина Георгиевна,3,2019,2021
PERS_50d73711,Смирнитская Анна Александровна,PERS_bcaec2d8,Дружинин Владимир Юрьевич,1,2021,2021
PERS_50d73711,Смирнитская Анна Александровна,PERS_bd77e495,Корнеев Геннадий Батыревич,3,2019,2021
PERS_50d73711,Смирнитская Анна Александровна,PERS_c48611e0,Островская Елена Петровна,4,2019,2021
PERS_50d73711,Смирнитская Анна Александровна,PERS_c52dfaa0,Цветкова Светлана Олеговна,2,2019,2021
PERS_50d73711,Смирнитская Анна Александровна,PERS_c5677a3f,Зорин Алексей Валерьевич,2,2019,2021
PERS_50d73711,Смирнитская Анна Александровна,PERS_c6bbcef3,Битинайте Елена Алексеевна,2,2019,2020
PERS_50d73711,Смирнитская Анна Александровна,PERS_cb52ebc2,Лемешкина Ксения Вячеславовна,1,2020,2020
PERS_50d73711,Смирнитская Анна Александровна,PERS_cfb92c5f,Уланский Евгений Андреевич,3,2019,2021
PERS_50d73711,Смирнитская Анна Александровна,PERS_d218805b,Крюкова Виктория Юрьевна,1,2019,2019
PERS_50d73711,Смирнитская Анна Александровна,PERS_d3c5382c,Попова Ирина Фёдоровна,2,2019,2021
PERS_50d73711,Смирнитская Анна Александровна,PERS_d98da899,Рыжакова Светлана Игоревна,4,2019,2021
PERS_50d73711,Смирнитская Анна Александровна,PERS_db046be0,Сабирова Римма Наилевна,4,2019,2021
PERS_50d73711,Смирнитская Анна Александровна,PERS_e1dd6b3e,Лидова Наталья Ростиславовна,1,2021,2021
PERS_50d73711,Смирнитская Анна Александровна,PERS_e31ca12d,Вечерина Ольга Павловна,4,2019,2021
PERS_50d73711,Смирнитская Анна Александровна,PERS_f2fef030,Мехакян Арег Гайкович,1,2021,2021
PERS_50d73711,Смирнитская Анна Александровна,PERS_f56c5a7e,Жукова Любовь Евгеньевна,1,2021,2021
PERS_50d73711,Смирнитская Анна Александровна,PERS_f8ab5755,Оранская Татьяна Иосифовна,2,2019,2020
PERS_50d73711,Смирнитская Анна Александровна,PERS_f940c5b3,Стрелкова Гюзэль Владимировна,1,2021,2021
PERS_50d73711,Смирнитская Анна Александровна,PERS_fb25c80f,Ермакова Татьяна Викторовна,3,2019,2021
PERS_5228da95,Вертоградова Виктория Викторовна,PERS_587b08ec,Леонов Михаил Васильевич,2,2012,2024
PERS_5228da95,Вертоградова Виктория Викторовна,PERS_58b39545,Ренковская Евгения Алексеевна,1,2021,2021
PERS_5228da95,Вертоградова Виктория Викторовна,PERS_58e18506,Соколова Ирина Александровна,1,2022,2022
PERS_5228da95,Вертоградова Виктория Викторовна,PERS_5ed752d9,Китинов Баатр Учаевич,2,2021,2024
PERS_5228da95,Вертоградова Виктория Викторовна,PERS_5f6689e8,Дмитриева Виктория Алексеевна,2,2012,2022
PERS_5228da95,Вертоградова Виктория Викторовна,PERS_5f6fa17b,Пахомова Александра Михайловна,2,2021,2024
PERS_5228da95,Вертоградова Виктория Викторовна,PERS_61202bf3,Алиханова Юлия Марковна,4,2020,2022
PERS_5228da95,Вертоградова Виктория Викторовна,PERS_61de659d,Белов Владимир Николаевич,1,2007,2007
PERS_5228da95,Вертоградова Виктория Викторовна,PERS_62575c35,Гусева Наталья Романовна,1,2011,2011
PERS_5228da95,Вертоградова Виктория Викторовна,PERS_6578b52d,Тюлина Елена Владимировна,2,2021,2024
PERS_5228da95,Вертоградова Виктория Викторовна,PERS_69750b7c,Мазурина Валентина Николаевна,1,2022,2022
PERS_5228da95,Вертоградова Виктория Викторовна,PERS_6b06637e,Ильин Григорий Фёдорович,2,2012,2022
PERS_5228da95,Вертоградова Виктория Викторовна,PERS_6d302e31,Лебедев Герасим Степанович,1,2022,2022
PERS_5228da95,Вертоградова Виктория Викторовна,PERS_6e211759,Иванов Владимир Павлович,2,2012,2022
PERS_5228da95,Вертоградова Виктория Викторовна,PERS_72506535,Крылова Анастасия Сергеевна,1,2021,2021
PERS_5228da95,Вертоградова Виктория Викторовна,PERS_72932969,Рерих Юрий Николаевич,4,2021,2024
PERS_5228da95,Вертоградова Виктория Викторовна,PERS_773647fc,Баранников Алексей Петрович,3,2012,2022
PERS_5228da95,Вертоградова Виктория Викторовна,PERS_7da0afff,Демичев Кирилл Андреевич,2,2010,2022
PERS_5228da95,Вертоградова Виктория Викторовна,PERS_82364943,Миллер Всеволод Фёдорович,1,2015,2015
PERS_5228da95,Вертоградова Виктория Викторовна,PERS_829c1de5,Васильков Ярослав Владимирович,1,2012,2012
PERS_5228da95,Вертоградова Виктория Викторовна,PERS_8516d1e4,Гасунс Марцис Юрьевич,3,2011,2024
PERS_5228da95,Вертоградова Виктория Викторовна,PERS_8e117242,Юдицкая Екатерина Алексеевна,1,2021,2021
PERS_5228da95,Вертоградова Виктория Викторовна,PERS_92868e4f,Жутаев Дар Игоревич,1,2020,2020
PERS_5228da95,Вертоградова Виктория Викторовна,PERS_9374fd12,Вырщиков Евгений Геннадьевич,2,2021,2024
PERS_5228da95,Вертоградова Виктория Викторовна,PERS_9d99092c,Рыбаков Р. Б.,1,2022,2022
PERS_5228da95,Вертоградова Виктория Викторовна,PERS_9f398436,Куликов Леонид Игоревич,2,2012,2021
PERS_5228da95,Вертоградова Виктория Викторовна,PERS_a0f3d86d,Сергеева Варвара Алексеевна,4,2010,2020
PERS_5228da95,Вертоградова Виктория Викторовна,PERS_a638a4b3,Федорова Наталья Леонидовна,1,2020,2020
PERS_5228da95,Вертоградова Виктория Викторовна,PERS_a8983673,Вигель Нарине Липаритовна,1,2024,2024
PERS_5228da95,Вертоградова Виктория Викторовна,PERS_aa964a12,Самозванцев Андрей Михайлович,3,2012,2021
PERS_5228da95,Вертоградова Виктория Викторовна,PERS_ab6bf9e3,Смирнов Борис Леонидович,2,2012,2022
PERS_5228da95,Вертоградова Виктория Викторовна,PERS_b2c121e9,Успенская Елена Николаевна,1,2022,2022
PERS_5228da95,Вертоградова Виктория Викторовна,PERS_b4cdbfb8,Эрман Владимир Гансович,3,2012,2022
PERS_5228da95,Вертоградова Виктория Викторовна,PERS_b881461b,Яковлева Мария Николаевна,1,2012,2012
PERS_5228da95,Вертоградова Виктория Викторовна,PERS_ba537782,М. И. Петрова,2,2015,2022
PERS_5228da95,Вертоградова Виктория Викторовна,PERS_bbb9116e,Кальянов Владимир Иванович,2,2015,2022
PERS_5228da95,Вертоградова Виктория Викторовна,PERS_bd77e495,Корнеев Геннадий Батыревич,2,2021,2024
PERS_5228da95,Вертоградова Виктория Викторовна,PERS_c0b7485d,Серебряков Игорь Дмитриевич,1,2022,2022
PERS_5228da95,Вертоградова Виктория Викторовна,PERS_c48611e0,Островская Елена Петровна,1,2010,2010
PERS_5228da95,Вертоградова Виктория Викторовна,PERS_c52dfaa0,Цветкова Светлана Олеговна,3,2021,2024
PERS_5228da95,Вертоградова Виктория Викторовна,PERS_ced3d7b4,Молина Анна Валерьевна,1,2024,2024
PERS_5228da95,Вертоградова Виктория Викторовна,PERS_d3c5382c,Попова Ирина Фёдоровна,1,2022,2022
PERS_5228da95,Вертоградова Виктория Викторовна,PERS_d9d69ac2,Петров Павел Яковлевич,2,2015,2022
PERS_5228da95,Вертоградова Виктория Викторовна,PERS_da862dde,Дробышев Юлий Игорьевич,2,2021,2024
PERS_5228da95,Вертоградова Виктория Викторовна,PERS_e1dd6b3e,Лидова Наталья Ростиславовна,2,2021,2024
PERS_5228da95,Вертоградова Виктория Викторовна,PERS_e31ca12d,Вечерина Ольга Павловна,1,2021,2021
PERS_5228da95,Вертоградова Виктория Викторовна,PERS_e5a5ac24,Невелева Светлана Леонидовна,2,2012,2021
PERS_5228da95,Вертоградова Виктория Викторовна,PERS_e72d4c09,Огнева Елена Дмитриевна,1,2021,2021
PERS_5228da95,Вертоградова Виктория Викторовна,PERS_e9545a0b,Шустова Алла Михайловна,2,2021,2024
PERS_5228da95,Вертоградова Виктория Викторовна,PERS_ea44fd14,Люлина Анастасия Геннадьевна,2,2021,2024
PERS_5228da95,Вертоградова Виктория Викторовна,PERS_f2fef030,Мехакян Арег Гайкович,1,2021,2021
PERS_5228da95,Вертоградова Виктория Викторовна,PERS_f56c5a7e,Жукова Любовь Евгеньевна,1,2010,2010
PERS_5228da95,Вертоградова Виктория Викторовна,PERS_f5b8b340,Вигасин Алексей Алексеевич,4,2011,2024
PERS_5228da95,Вертоградова Виктория Викторовна,PERS_f6f68d4b,Ульяновский Ростислав Александрович,1,2011,2011
PERS_5228da95,Вертоградова Виктория Викторовна,PERS_f8ab5755,Оранская Татьяна Иосифовна,2,2021,2022
PERS_526da44f,Шапошникова Дарья Сергеевна,PERS_8516d1e4,Гасунс Марцис Юрьевич,1,2025,2025
PERS_526da44f,Шапошникова Дарья Сергеевна,PERS_dfaf6803,Борисов Яков Александрович,3,2025,2026
PERS_56508328,Десницкая Евгения Алексеевна,PERS_587b08ec,Леонов Михаил Васильевич,3,2021,2026
PERS_56508328,Десницкая Евгения Алексеевна,PERS_58b39545,Ренковская Евгения Алексеевна,4,2019,2026
PERS_56508328,Десницкая Евгения Алексеевна,PERS_58e18506,Соколова Ирина Александровна,1,2026,2026
PERS_56508328,Десницкая Евгения Алексеевна,PERS_5d34c947,Волошина Оксана Анатольевна,4,2019,2026
PERS_56508328,Десницкая Евгения Алексеевна,PERS_5e2a5a5c,Столярова Екатерина Владимировна,2,2019,2024
PERS_56508328,Десницкая Евгения Алексеевна,PERS_5f6689e8,Дмитриева Виктория Алексеевна,1,2026,2026
PERS_56508328,Десницкая Евгения Алексеевна,PERS_5f6fa17b,Пахомова Александра Михайловна,1,2021,2021
PERS_56508328,Десницкая Евгения Алексеевна,PERS_68e9019d,Малютин Иван Иванович,1,2024,2024
PERS_56508328,Десницкая Евгения Алексеевна,PERS_69750b7c,Мазурина Валентина Николаевна,1,2021,2021
PERS_56508328,Десницкая Евгения Алексеевна,PERS_6a84adb8,Макаев Энвер Ахмедович,1,2021,2021
PERS_56508328,Десницкая Евгения Алексеевна,PERS_6ae5c779,Фивейская Анастасия Васильевна,3,2021,2024
PERS_56508328,Десницкая Евгения Алексеевна,PERS_6b867946,Смирнова Екатерина Викторовна,1,2021,2021
PERS_56508328,Десницкая Евгения Алексеевна,PERS_6e211759,Иванов Владимир Павлович,2,2021,2026
PERS_56508328,Десницкая Евгения Алексеевна,PERS_72506535,Крылова Анастасия Сергеевна,5,2019,2026
PERS_56508328,Десницкая Евгения Алексеевна,PERS_7542d270,Демченко Максим Борисович,5,2019,2026
PERS_56508328,Десницкая Евгения Алексеевна,PERS_773647fc,Баранников Алексей Петрович,1,2013,2013
PERS_56508328,Десницкая Евгения Алексеевна,PERS_7eb0dc30,Зимина Татьяна Александровна,2,2019,2020
PERS_56508328,Десницкая Евгения Алексеевна,PERS_7f908d49,Стрельцова Лилия Александровна,3,2019,2024
PERS_56508328,Десницкая Евгения Алексеевна,PERS_8108c314,Ерченков Олег Николаевич,3,2019,2024
PERS_56508328,Десницкая Евгения Алексеевна,PERS_829c1de5,Васильков Ярослав Владимирович,6,2019,2026
PERS_56508328,Десницкая Евгения Алексеевна,PERS_8516d1e4,Гасунс Марцис Юрьевич,5,2019,2024
PERS_56508328,Десницкая Евгения Алексеевна,PERS_8df3730a,Донченко Сергей Сергеевич,2,2019,2024
PERS_56508328,Десницкая Евгения Алексеевна,PERS_8df81b6d,Лужинская Полина Александровна,2,2024,2026
PERS_56508328,Десницкая Евгения Алексеевна,PERS_8e117242,Юдицкая Екатерина Алексеевна,3,2019,2021
PERS_56508328,Десницкая Евгения Алексеевна,PERS_91b473b1,Челнокова Анна Витальевна,3,2021,2026
PERS_56508328,Десницкая Евгения Алексеевна,PERS_92f41884,Касым Софья Васильевна,1,2026,2026
PERS_56508328,Десницкая Евгения Алексеевна,PERS_9366fe2c,Крыштоп Людмила Эдуардовна,2,2020,2021
PERS_56508328,Десницкая Евгения Алексеевна,PERS_93e2effb,Комиссаров Дмитрий Алексеевич,3,2021,2026
PERS_56508328,Десницкая Евгения Алексеевна,PERS_9a855a7b,Альбедиль Маргарита Федоровна,4,2019,2026
PERS_56508328,Десницкая Евгения Алексеевна,PERS_9d99092c,Рыбаков Р. Б.,5,2019,2026
PERS_56508328,Десницкая Евгения Алексеевна,PERS_9e9c9566,Лекарева Ева Павловна,3,2021,2026
PERS_56508328,Десницкая Евгения Алексеевна,PERS_9f398436,Куликов Леонид Игоревич,3,2020,2026
PERS_56508328,Десницкая Евгения Алексеевна,PERS_a0264ac5,Бурмистров Сергей Леонидович,5,2019,2026
PERS_56508328,Десницкая Евгения Алексеевна,PERS_a0f3d86d,Сергеева Варвара Алексеевна,1,2026,2026
PERS_56508328,Десницкая Евгения Алексеевна,PERS_a638a4b3,Федорова Наталья Леонидовна,1,2026,2026
PERS_56508328,Десницкая Евгения Алексеевна,PERS_a84aedaa,Шомахмадов Сафарали Хайбуллоевич,2,2021,2026
PERS_56508328,Десницкая Евгения Алексеевна,PERS_a901d460,Фаградян Марина Александровна,3,2019,2026
PERS_56508328,Десницкая Евгения Алексеевна,PERS_ab6bf9e3,Смирнов Борис Леонидович,1,2021,2021
PERS_56508328,Десницкая Евгения Алексеевна,PERS_b62a9567,Курочкин Александр Юрьевич,1,2019,2019
PERS_56508328,Десницкая Евгения Алексеевна,PERS_b76851a7,Митруев Бембя Леонидович,1,2021,2021
PERS_56508328,Десницкая Евгения Алексеевна,PERS_b881461b,Яковлева Мария Николаевна,2,2019,2026
PERS_56508328,Десницкая Евгения Алексеевна,PERS_ba537782,М. И. Петрова,1,2021,2021
PERS_56508328,Десницкая Евгения Алексеевна,PERS_bbd15f4f,Степин А. А.,1,2024,2024
PERS_56508328,Десницкая Евгения Алексеевна,PERS_bc97fb65,Краснодембская Нина Георгиевна,4,2019,2024
PERS_56508328,Десницкая Евгения Алексеевна,PERS_bcaec2d8,Дружинин Владимир Юрьевич,1,2021,2021
PERS_56508328,Десницкая Евгения Алексеевна,PERS_bd77e495,Корнеев Геннадий Батыревич,5,2019,2026
PERS_56508328,Десницкая Евгения Алексеевна,PERS_c48611e0,Островская Елена Петровна,5,2019,2024
PERS_56508328,Десницкая Евгения Алексеевна,PERS_c52dfaa0,Цветкова Светлана Олеговна,3,2019,2026
PERS_56508328,Десницкая Евгения Алексеевна,PERS_c5677a3f,Зорин Алексей Валерьевич,2,2019,2021
PERS_56508328,Десницкая Евгения Алексеевна,PERS_c6bbcef3,Битинайте Елена Алексеевна,2,2019,2020
PERS_56508328,Десницкая Евгения Алексеевна,PERS_cb52ebc2,Лемешкина Ксения Вячеславовна,3,2020,2026
PERS_56508328,Десницкая Евгения Алексеевна,PERS_cd0d4845,Обермиллер Евгений Евгеньевич,1,2024,2024
PERS_56508328,Десницкая Евгения Алексеевна,PERS_ced3d7b4,Молина Анна Валерьевна,2,2024,2026
PERS_56508328,Десницкая Евгения Алексеевна,PERS_cfb92c5f,Уланский Евгений Андреевич,3,2019,2021
PERS_56508328,Десницкая Евгения Алексеевна,PERS_d01427ca,Бещук Юлия Владимировна,1,2026,2026
PERS_56508328,Десницкая Евгения Алексеевна,PERS_d218805b,Крюкова Виктория Юрьевна,2,2019,2024
PERS_56508328,Десницкая Евгения Алексеевна,PERS_d3c5382c,Попова Ирина Фёдоровна,3,2019,2026
PERS_56508328,Десницкая Евгения Алексеевна,PERS_d98da899,Рыжакова Светлана Игоревна,6,2019,2026
PERS_56508328,Десницкая Евгения Алексеевна,PERS_d9d69ac2,Петров Павел Яковлевич,1,2026,2026
PERS_56508328,Десницкая Евгения Алексеевна,PERS_db046be0,Сабирова Римма Наилевна,5,2019,2026
PERS_56508328,Десницкая Евгения Алексеевна,PERS_e1dd6b3e,Лидова Наталья Ростиславовна,3,2021,2026
PERS_56508328,Десницкая Евгения Алексеевна,PERS_e31ca12d,Вечерина Ольга Павловна,4,2019,2021
PERS_56508328,Десницкая Евгения Алексеевна,PERS_f19cd8a1,Котин Игорь Юрьевич,1,2026,2026
PERS_56508328,Десницкая Евгения Алексеевна,PERS_f2fef030,Мехакян Арег Гайкович,1,2021,2021
PERS_56508328,Десницкая Евгения Алексеевна,PERS_f56c5a7e,Жукова Любовь Евгеньевна,2,2021,2024
PERS_56508328,Десницкая Евгения Алексеевна,PERS_f8ab5755,Оранская Татьяна Иосифовна,4,2019,2026
PERS_56508328,Десницкая Евгения Алексеевна,PERS_f940c5b3,Стрелкова Гюзэль Владимировна,2,2021,2024
PERS_56508328,Десницкая Евгения Алексеевна,PERS_fb25c80f,Ермакова Татьяна Викторовна,5,2019,2026
PERS_587b08ec,Леонов Михаил Васильевич,PERS_58b39545,Ренковская Евгения Алексеевна,2,2021,2026
PERS_587b08ec,Леонов Михаил Васильевич,PERS_58e18506,Соколова Ирина Александровна,1,2026,2026
PERS_587b08ec,Леонов Михаил Васильевич,PERS_5d34c947,Волошина Оксана Анатольевна,3,2024,2026
PERS_587b08ec,Леонов Михаил Васильевич,PERS_5e2a5a5c,Столярова Екатерина Владимировна,1,2024,2024
PERS_587b08ec,Леонов Михаил Васильевич,PERS_5ed752d9,Китинов Баатр Учаевич,1,2024,2024
PERS_587b08ec,Леонов Михаил Васильевич,PERS_5f6689e8,Дмитриева Виктория Алексеевна,2,2012,2026
PERS_587b08ec,Леонов Михаил Васильевич,PERS_5f6fa17b,Пахомова Александра Михайловна,3,2021,2026
PERS_587b08ec,Леонов Михаил Васильевич,PERS_6578b52d,Тюлина Елена Владимировна,1,2024,2024
PERS_587b08ec,Леонов Михаил Васильевич,PERS_68e9019d,Малютин Иван Иванович,3,2023,2024
PERS_587b08ec,Леонов Михаил Васильевич,PERS_69750b7c,Мазурина Валентина Николаевна,1,2021,2021
PERS_587b08ec,Леонов Михаил Васильевич,PERS_6a84adb8,Макаев Энвер Ахмедович,1,2021,2021
PERS_587b08ec,Леонов Михаил Васильевич,PERS_6ae5c779,Фивейская Анастасия Васильевна,2,2021,2024
PERS_587b08ec,Леонов Михаил Васильевич,PERS_6b06637e,Ильин Григорий Фёдорович,2,2012,2024
PERS_587b08ec,Леонов Михаил Васильевич,PERS_6b867946,Смирнова Екатерина Викторовна,1,2021,2021
PERS_587b08ec,Леонов Михаил Васильевич,PERS_6e211759,Иванов Владимир Павлович,3,2012,2026
PERS_587b08ec,Леонов Михаил Васильевич,PERS_72506535,Крылова Анастасия Сергеевна,3,2021,2026
PERS_587b08ec,Леонов Михаил Васильевич,PERS_72932969,Рерих Юрий Николаевич,1,2024,2024
PERS_587b08ec,Леонов Михаил Васильевич,PERS_7542d270,Демченко Максим Борисович,4,2024,2026
PERS_587b08ec,Леонов Михаил Васильевич,PERS_773647fc,Баранников Алексей Петрович,1,2012,2012
PERS_587b08ec,Леонов Михаил Васильевич,PERS_7f908d49,Стрельцова Лилия Александровна,2,2021,2024
PERS_587b08ec,Леонов Михаил Васильевич,PERS_8108c314,Ерченков Олег Николаевич,2,2024,2025
PERS_587b08ec,Леонов Михаил Васильевич,PERS_829c1de5,Васильков Ярослав Владимирович,4,2012,2026
PERS_587b08ec,Леонов Михаил Васильевич,PERS_8516d1e4,Гасунс Марцис Юрьевич,10,2021,2025
PERS_587b08ec,Леонов Михаил Васильевич,PERS_8df3730a,Донченко Сергей Сергеевич,1,2024,2024
PERS_587b08ec,Леонов Михаил Васильевич,PERS_8df81b6d,Лужинская Полина Александровна,2,2024,2026
PERS_587b08ec,Леонов Михаил Васильевич,PERS_91b473b1,Челнокова Анна Витальевна,3,2021,2026
PERS_587b08ec,Леонов Михаил Васильевич,PERS_92f41884,Касым Софья Васильевна,1,2026,2026
PERS_587b08ec,Леонов Михаил Васильевич,PERS_9366fe2c,Крыштоп Людмила Эдуардовна,1,2021,2021
PERS_587b08ec,Леонов Михаил Васильевич,PERS_9374fd12,Вырщиков Евгений Геннадьевич,1,2024,2024
PERS_587b08ec,Леонов Михаил Васильевич,PERS_93e2effb,Комиссаров Дмитрий Алексеевич,2,2024,2026
PERS_587b08ec,Леонов Михаил Васильевич,PERS_9a855a7b,Альбедиль Маргарита Федоровна,2,2024,2026
PERS_587b08ec,Леонов Михаил Васильевич,PERS_9d99092c,Рыбаков Р. Б.,2,2024,2026
PERS_587b08ec,Леонов Михаил Васильевич,PERS_9e9c9566,Лекарева Ева Павловна,3,2021,2026
PERS_587b08ec,Леонов Михаил Васильевич,PERS_9f398436,Куликов Леонид Игоревич,4,2012,2026
PERS_587b08ec,Леонов Михаил Васильевич,PERS_a0264ac5,Бурмистров Сергей Леонидович,3,2021,2026
PERS_587b08ec,Леонов Михаил Васильевич,PERS_a0f3d86d,Сергеева Варвара Алексеевна,4,2012,2026
PERS_587b08ec,Леонов Михаил Васильевич,PERS_a638a4b3,Федорова Наталья Леонидовна,2,2025,2026
PERS_587b08ec,Леонов Михаил Васильевич,PERS_a84aedaa,Шомахмадов Сафарали Хайбуллоевич,1,2026,2026
PERS_587b08ec,Леонов Михаил Васильевич,PERS_a8983673,Вигель Нарине Липаритовна,1,2024,2024
PERS_587b08ec,Леонов Михаил Васильевич,PERS_a901d460,Фаградян Марина Александровна,4,2021,2026
PERS_587b08ec,Леонов Михаил Васильевич,PERS_aa964a12,Самозванцев Андрей Михайлович,1,2012,2012
PERS_587b08ec,Леонов Михаил Васильевич,PERS_ab6bf9e3,Смирнов Борис Леонидович,2,2012,2021
PERS_587b08ec,Леонов Михаил Васильевич,PERS_b4cdbfb8,Эрман Владимир Гансович,1,2012,2012
PERS_587b08ec,Леонов Михаил Васильевич,PERS_b881461b,Яковлева Мария Николаевна,2,2012,2026
PERS_587b08ec,Леонов Михаил Васильевич,PERS_ba537782,М. И. Петрова,1,2021,2021
PERS_587b08ec,Леонов Михаил Васильевич,PERS_bbd15f4f,Степин А. А.,2,2024,2024
PERS_587b08ec,Леонов Михаил Васильевич,PERS_bc97fb65,Краснодембская Нина Георгиевна,1,2024,2024
PERS_587b08ec,Леонов Михаил Васильевич,PERS_bcaec2d8,Дружинин Владимир Юрьевич,2,2023,2025
PERS_587b08ec,Леонов Михаил Васильевич,PERS_bd77e495,Корнеев Геннадий Батыревич,3,2024,2026
PERS_587b08ec,Леонов Михаил Васильевич,PERS_c48611e0,Островская Елена Петровна,2,2021,2024
PERS_587b08ec,Леонов Михаил Васильевич,PERS_c52dfaa0,Цветкова Светлана Олеговна,2,2024,2026
PERS_587b08ec,Леонов Михаил Васильевич,PERS_cb52ebc2,Лемешкина Ксения Вячеславовна,2,2024,2026
PERS_587b08ec,Леонов Михаил Васильевич,PERS_cd0d4845,Обермиллер Евгений Евгеньевич,1,2024,2024
PERS_587b08ec,Леонов Михаил Васильевич,PERS_ced3d7b4,Молина Анна Валерьевна,3,2024,2026
PERS_587b08ec,Леонов Михаил Васильевич,PERS_d01427ca,Бещук Юлия Владимировна,1,2026,2026
PERS_587b08ec,Леонов Михаил Васильевич,PERS_d218805b,Крюкова Виктория Юрьевна,1,2024,2024
PERS_587b08ec,Леонов Михаил Васильевич,PERS_d3c5382c,Попова Ирина Фёдоровна,1,2026,2026
PERS_587b08ec,Леонов Михаил Васильевич,PERS_d98da899,Рыжакова Светлана Игоревна,3,2021,2026
PERS_587b08ec,Леонов Михаил Васильевич,PERS_d9d69ac2,Петров Павел Яковлевич,1,2026,2026
PERS_587b08ec,Леонов Михаил Васильевич,PERS_da862dde,Дробышев Юлий Игорьевич,1,2024,2024
PERS_587b08ec,Леонов Михаил Васильевич,PERS_db046be0,Сабирова Римма Наилевна,2,2021,2026
PERS_587b08ec,Леонов Михаил Васильевич,PERS_e1dd6b3e,Лидова Наталья Ростиславовна,4,2024,2026
PERS_587b08ec,Леонов Михаил Васильевич,PERS_e31ca12d,Вечерина Ольга Павловна,1,2021,2021
PERS_587b08ec,Леонов Михаил Васильевич,PERS_e5a5ac24,Невелева Светлана Леонидовна,1,2012,2012
PERS_587b08ec,Леонов Михаил Васильевич,PERS_e72d4c09,Огнева Елена Дмитриевна,1,2023,2023
PERS_587b08ec,Леонов Михаил Васильевич,PERS_e9545a0b,Шустова Алла Михайловна,1,2024,2024
PERS_587b08ec,Леонов Михаил Васильевич,PERS_ea44fd14,Люлина Анастасия Геннадьевна,1,2024,2024
PERS_587b08ec,Леонов Михаил Васильевич,PERS_ebc1c3c2,Лундышева Ольга Владимировна,3,2025,2026
PERS_587b08ec,Леонов Михаил Васильевич,PERS_f19cd8a1,Котин Игорь Юрьевич,1,2026,2026
PERS_587b08ec,Леонов Михаил Васильевич,PERS_f56c5a7e,Жукова Любовь Евгеньевна,2,2021,2024
PERS_587b08ec,Леонов Михаил Васильевич,PERS_f5a69b65,Кройцер Светлана Александровна,1,2025,2025
PERS_587b08ec,Леонов Михаил Васильевич,PERS_f5b8b340,Вигасин Алексей Алексеевич,2,2012,2024
PERS_587b08ec,Леонов Михаил Васильевич,PERS_f8ab5755,Оранская Татьяна Иосифовна,3,2024,2026
PERS_587b08ec,Леонов Михаил Васильевич,PERS_f940c5b3,Стрелкова Гюзэль Владимировна,2,2021,2024
PERS_587b08ec,Леонов Михаил Васильевич,PERS_fb25c80f,Ермакова Татьяна Викторовна,3,2024,2026
PERS_58b39545,Ренковская Евгения Алексеевна,PERS_58e18506,Соколова Ирина Александровна,1,2026,2026
PERS_58b39545,Ренковская Евгения Алексеевна,PERS_5d34c947,Волошина Оксана Анатольевна,3,2019,2026
PERS_58b39545,Ренковская Евгения Алексеевна,PERS_5e2a5a5c,Столярова Екатерина Владимировна,1,2019,2019
PERS_58b39545,Ренковская Евгения Алексеевна,PERS_5ed752d9,Китинов Баатр Учаевич,1,2021,2021
PERS_58b39545,Ренковская Евгения Алексеевна,PERS_5f6689e8,Дмитриева Виктория Алексеевна,1,2026,2026
PERS_58b39545,Ренковская Евгения Алексеевна,PERS_5f6fa17b,Пахомова Александра Михайловна,2,2021,2021
PERS_58b39545,Ренковская Евгения Алексеевна,PERS_6578b52d,Тюлина Елена Владимировна,1,2021,2021
PERS_58b39545,Ренковская Евгения Алексеевна,PERS_69750b7c,Мазурина Валентина Николаевна,1,2021,2021
PERS_58b39545,Ренковская Евгения Алексеевна,PERS_6a84adb8,Макаев Энвер Ахмедович,1,2021,2021
PERS_58b39545,Ренковская Евгения Алексеевна,PERS_6ae5c779,Фивейская Анастасия Васильевна,2,2021,2021
PERS_58b39545,Ренковская Евгения Алексеевна,PERS_6b867946,Смирнова Екатерина Викторовна,1,2021,2021
PERS_58b39545,Ренковская Евгения Алексеевна,PERS_6e211759,Иванов Владимир Павлович,2,2021,2026
PERS_58b39545,Ренковская Евгения Алексеевна,PERS_72506535,Крылова Анастасия Сергеевна,5,2019,2026
PERS_58b39545,Ренковская Евгения Алексеевна,PERS_72932969,Рерих Юрий Николаевич,1,2021,2021
PERS_58b39545,Ренковская Евгения Алексеевна,PERS_7542d270,Демченко Максим Борисович,3,2019,2026
PERS_58b39545,Ренковская Евгения Алексеевна,PERS_7eb0dc30,Зимина Татьяна Александровна,1,2019,2019
PERS_58b39545,Ренковская Евгения Алексеевна,PERS_7f908d49,Стрельцова Лилия Александровна,2,2019,2021
PERS_58b39545,Ренковская Евгения Алексеевна,PERS_8108c314,Ерченков Олег Николаевич,1,2019,2019
PERS_58b39545,Ренковская Евгения Алексеевна,PERS_829c1de5,Васильков Ярослав Владимирович,4,2019,2026
PERS_58b39545,Ренковская Евгения Алексеевна,PERS_8516d1e4,Гасунс Марцис Юрьевич,3,2019,2021
PERS_58b39545,Ренковская Евгения Алексеевна,PERS_8df3730a,Донченко Сергей Сергеевич,1,2019,2019
PERS_58b39545,Ренковская Евгения Алексеевна,PERS_8df81b6d,Лужинская Полина Александровна,1,2026,2026
PERS_58b39545,Ренковская Евгения Алексеевна,PERS_8e117242,Юдицкая Екатерина Алексеевна,3,2019,2021
PERS_58b39545,Ренковская Евгения Алексеевна,PERS_91b473b1,Челнокова Анна Витальевна,2,2021,2026
PERS_58b39545,Ренковская Евгения Алексеевна,PERS_92f41884,Касым Софья Васильевна,1,2026,2026
PERS_58b39545,Ренковская Евгения Алексеевна,PERS_9366fe2c,Крыштоп Людмила Эдуардовна,1,2021,2021
PERS_58b39545,Ренковская Евгения Алексеевна,PERS_9374fd12,Вырщиков Евгений Геннадьевич,1,2021,2021
PERS_58b39545,Ренковская Евгения Алексеевна,PERS_93e2effb,Комиссаров Дмитрий Алексеевич,2,2021,2026
PERS_58b39545,Ренковская Евгения Алексеевна,PERS_9a855a7b,Альбедиль Маргарита Федоровна,3,2019,2026
PERS_58b39545,Ренковская Евгения Алексеевна,PERS_9d99092c,Рыбаков Р. Б.,3,2019,2026
PERS_58b39545,Ренковская Евгения Алексеевна,PERS_9e9c9566,Лекарева Ева Павловна,2,2021,2026
PERS_58b39545,Ренковская Евгения Алексеевна,PERS_9f398436,Куликов Леонид Игоревич,3,2021,2026
PERS_58b39545,Ренковская Евгения Алексеевна,PERS_a0264ac5,Бурмистров Сергей Леонидович,4,2019,2026
PERS_58b39545,Ренковская Евгения Алексеевна,PERS_a0f3d86d,Сергеева Варвара Алексеевна,1,2026,2026
PERS_58b39545,Ренковская Евгения Алексеевна,PERS_a638a4b3,Федорова Наталья Леонидовна,1,2026,2026
PERS_58b39545,Ренковская Евгения Алексеевна,PERS_a84aedaa,Шомахмадов Сафарали Хайбуллоевич,2,2021,2026
PERS_58b39545,Ренковская Евгения Алексеевна,PERS_a901d460,Фаградян Марина Александровна,3,2019,2026
PERS_58b39545,Ренковская Евгения Алексеевна,PERS_ab6bf9e3,Смирнов Борис Леонидович,1,2021,2021
PERS_58b39545,Ренковская Евгения Алексеевна,PERS_b62a9567,Курочкин Александр Юрьевич,1,2019,2019
PERS_58b39545,Ренковская Евгения Алексеевна,PERS_b76851a7,Митруев Бембя Леонидович,1,2021,2021
PERS_58b39545,Ренковская Евгения Алексеевна,PERS_b881461b,Яковлева Мария Николаевна,2,2019,2026
PERS_58b39545,Ренковская Евгения Алексеевна,PERS_ba537782,М. И. Петрова,1,2021,2021
PERS_58b39545,Ренковская Евгения Алексеевна,PERS_bc97fb65,Краснодембская Нина Георгиевна,2,2019,2021
PERS_58b39545,Ренковская Евгения Алексеевна,PERS_bcaec2d8,Дружинин Владимир Юрьевич,1,2021,2021
PERS_58b39545,Ренковская Евгения Алексеевна,PERS_bd77e495,Корнеев Геннадий Батыревич,4,2019,2026
PERS_58b39545,Ренковская Евгения Алексеевна,PERS_c48611e0,Островская Елена Петровна,3,2019,2021
PERS_58b39545,Ренковская Евгения Алексеевна,PERS_c52dfaa0,Цветкова Светлана Олеговна,4,2019,2026
PERS_58b39545,Ренковская Евгения Алексеевна,PERS_c5677a3f,Зорин Алексей Валерьевич,2,2019,2021
PERS_58b39545,Ренковская Евгения Алексеевна,PERS_c6bbcef3,Битинайте Елена Алексеевна,1,2019,2019
PERS_58b39545,Ренковская Евгения Алексеевна,PERS_cb52ebc2,Лемешкина Ксения Вячеславовна,1,2026,2026
PERS_58b39545,Ренковская Евгения Алексеевна,PERS_ced3d7b4,Молина Анна Валерьевна,1,2026,2026
PERS_58b39545,Ренковская Евгения Алексеевна,PERS_cfb92c5f,Уланский Евгений Андреевич,2,2019,2021
PERS_58b39545,Ренковская Евгения Алексеевна,PERS_d01427ca,Бещук Юлия Владимировна,1,2026,2026
PERS_58b39545,Ренковская Евгения Алексеевна,PERS_d218805b,Крюкова Виктория Юрьевна,1,2019,2019
PERS_58b39545,Ренковская Евгения Алексеевна,PERS_d3c5382c,Попова Ирина Фёдоровна,3,2019,2026
PERS_58b39545,Ренковская Евгения Алексеевна,PERS_d98da899,Рыжакова Светлана Игоревна,4,2019,2026
PERS_58b39545,Ренковская Евгения Алексеевна,PERS_d9d69ac2,Петров Павел Яковлевич,1,2026,2026
PERS_58b39545,Ренковская Евгения Алексеевна,PERS_da862dde,Дробышев Юлий Игорьевич,1,2021,2021
PERS_58b39545,Ренковская Евгения Алексеевна,PERS_db046be0,Сабирова Римма Наилевна,4,2019,2026
PERS_58b39545,Ренковская Евгения Алексеевна,PERS_e1dd6b3e,Лидова Наталья Ростиславовна,3,2021,2026
PERS_58b39545,Ренковская Евгения Алексеевна,PERS_e31ca12d,Вечерина Ольга Павловна,4,2019,2021
PERS_58b39545,Ренковская Евгения Алексеевна,PERS_e72d4c09,Огнева Елена Дмитриевна,1,2021,2021
PERS_58b39545,Ренковская Евгения Алексеевна,PERS_e9545a0b,Шустова Алла Михайловна,1,2021,2021
PERS_58b39545,Ренковская Евгения Алексеевна,PERS_ea44fd14,Люлина Анастасия Геннадьевна,1,2021,2021
PERS_58b39545,Ренковская Евгения Алексеевна,PERS_f19cd8a1,Котин Игорь Юрьевич,1,2026,2026
PERS_58b39545,Ренковская Евгения Алексеевна,PERS_f2fef030,Мехакян Арег Гайкович,2,2021,2021
PERS_58b39545,Ренковская Евгения Алексеевна,PERS_f56c5a7e,Жукова Любовь Евгеньевна,1,2021,2021
PERS_58b39545,Ренковская Евгения Алексеевна,PERS_f8ab5755,Оранская Татьяна Иосифовна,2,2019,2026
PERS_58b39545,Ренковская Евгения Алексеевна,PERS_f940c5b3,Стрелкова Гюзэль Владимировна,1,2021,2021
PERS_58b39545,Ренковская Евгения Алексеевна,PERS_fb25c80f,Ермакова Татьяна Викторовна,3,2019,2026
PERS_58e18506,Соколова Ирина Александровна,PERS_5cae5a20,Щербатской Фёдор Ипполитович,1,2021,2021
PERS_58e18506,Соколова Ирина Александровна,PERS_5d34c947,Волошина Оксана Анатольевна,1,2026,2026
PERS_58e18506,Соколова Ирина Александровна,PERS_5f6689e8,Дмитриева Виктория Алексеевна,2,2022,2026
PERS_58e18506,Соколова Ирина Александровна,PERS_61202bf3,Алиханова Юлия Марковна,1,2022,2022
PERS_58e18506,Соколова Ирина Александровна,PERS_69750b7c,Мазурина Валентина Николаевна,1,2022,2022
PERS_58e18506,Соколова Ирина Александровна,PERS_6b06637e,Ильин Григорий Фёдорович,1,2022,2022
PERS_58e18506,Соколова Ирина Александровна,PERS_6d302e31,Лебедев Герасим Степанович,1,2022,2022
PERS_58e18506,Соколова Ирина Александровна,PERS_6e211759,Иванов Владимир Павлович,2,2022,2026
PERS_58e18506,Соколова Ирина Александровна,PERS_72506535,Крылова Анастасия Сергеевна,1,2026,2026
PERS_58e18506,Соколова Ирина Александровна,PERS_72932969,Рерих Юрий Николаевич,1,2022,2022
PERS_58e18506,Соколова Ирина Александровна,PERS_7542d270,Демченко Максим Борисович,1,2026,2026
PERS_58e18506,Соколова Ирина Александровна,PERS_773647fc,Баранников Алексей Петрович,1,2022,2022
PERS_58e18506,Соколова Ирина Александровна,PERS_7da0afff,Демичев Кирилл Андреевич,1,2022,2022
PERS_58e18506,Соколова Ирина Александровна,PERS_829c1de5,Васильков Ярослав Владимирович,1,2026,2026
PERS_58e18506,Соколова Ирина Александровна,PERS_8516d1e4,Гасунс Марцис Юрьевич,1,2017,2017
PERS_58e18506,Соколова Ирина Александровна,PERS_8df81b6d,Лужинская Полина Александровна,1,2026,2026
PERS_58e18506,Соколова Ирина Александровна,PERS_91b473b1,Челнокова Анна Витальевна,1,2026,2026
PERS_58e18506,Соколова Ирина Александровна,PERS_92f41884,Касым Софья Васильевна,1,2026,2026
PERS_58e18506,Соколова Ирина Александровна,PERS_93e2effb,Комиссаров Дмитрий Алексеевич,1,2026,2026
PERS_58e18506,Соколова Ирина Александровна,PERS_9a855a7b,Альбедиль Маргарита Федоровна,1,2026,2026
PERS_58e18506,Соколова Ирина Александровна,PERS_9d99092c,Рыбаков Р. Б.,2,2022,2026
PERS_58e18506,Соколова Ирина Александровна,PERS_9e9c9566,Лекарева Ева Павловна,1,2026,2026
PERS_58e18506,Соколова Ирина Александровна,PERS_9f398436,Куликов Леонид Игоревич,2,2025,2026
PERS_58e18506,Соколова Ирина Александровна,PERS_a0264ac5,Бурмистров Сергей Леонидович,1,2026,2026
PERS_58e18506,Соколова Ирина Александровна,PERS_a0f3d86d,Сергеева Варвара Алексеевна,1,2026,2026
PERS_58e18506,Соколова Ирина Александровна,PERS_a638a4b3,Федорова Наталья Леонидовна,1,2026,2026
PERS_58e18506,Соколова Ирина Александровна,PERS_a84aedaa,Шомахмадов Сафарали Хайбуллоевич,1,2026,2026
PERS_58e18506,Соколова Ирина Александровна,PERS_a901d460,Фаградян Марина Александровна,1,2026,2026
PERS_58e18506,Соколова Ирина Александровна,PERS_aa964a12,Самозванцев Андрей Михайлович,1,2025,2025
PERS_58e18506,Соколова Ирина Александровна,PERS_ab6bf9e3,Смирнов Борис Леонидович,1,2022,2022
PERS_58e18506,Соколова Ирина Александровна,PERS_b2c121e9,Успенская Елена Николаевна,1,2022,2022
PERS_58e18506,Соколова Ирина Александровна,PERS_b4cdbfb8,Эрман Владимир Гансович,1,2022,2022
PERS_58e18506,Соколова Ирина Александровна,PERS_b881461b,Яковлева Мария Николаевна,1,2026,2026
PERS_58e18506,Соколова Ирина Александровна,PERS_ba537782,М. И. Петрова,1,2022,2022
PERS_58e18506,Соколова Ирина Александровна,PERS_bbb9116e,Кальянов Владимир Иванович,1,2022,2022
PERS_58e18506,Соколова Ирина Александровна,PERS_bd77e495,Корнеев Геннадий Батыревич,1,2026,2026
PERS_58e18506,Соколова Ирина Александровна,PERS_c0b7485d,Серебряков Игорь Дмитриевич,1,2022,2022
PERS_58e18506,Соколова Ирина Александровна,PERS_c52dfaa0,Цветкова Светлана Олеговна,2,2022,2026
PERS_58e18506,Соколова Ирина Александровна,PERS_cb52ebc2,Лемешкина Ксения Вячеславовна,1,2026,2026
PERS_58e18506,Соколова Ирина Александровна,PERS_ced3d7b4,Молина Анна Валерьевна,1,2026,2026
PERS_58e18506,Соколова Ирина Александровна,PERS_d01427ca,Бещук Юлия Владимировна,1,2026,2026
PERS_58e18506,Соколова Ирина Александровна,PERS_d3c5382c,Попова Ирина Фёдоровна,2,2022,2026
PERS_58e18506,Соколова Ирина Александровна,PERS_d98da899,Рыжакова Светлана Игоревна,1,2026,2026
PERS_58e18506,Соколова Ирина Александровна,PERS_d9d69ac2,Петров Павел Яковлевич,2,2022,2026
PERS_58e18506,Соколова Ирина Александровна,PERS_db046be0,Сабирова Римма Наилевна,1,2026,2026
PERS_58e18506,Соколова Ирина Александровна,PERS_e1dd6b3e,Лидова Наталья Ростиславовна,1,2026,2026
PERS_58e18506,Соколова Ирина Александровна,PERS_f19cd8a1,Котин Игорь Юрьевич,1,2026,2026
PERS_58e18506,Соколова Ирина Александровна,PERS_f56c5a7e,Жукова Любовь Евгеньевна,1,2022,2022
PERS_58e18506,Соколова Ирина Александровна,PERS_f8ab5755,Оранская Татьяна Иосифовна,2,2022,2026
PERS_58e18506,Соколова Ирина Александровна,PERS_fb25c80f,Ермакова Татьяна Викторовна,1,2026,2026
PERS_5cae5a20,Щербатской Фёдор Ипполитович,PERS_5f6689e8,Дмитриева Виктория Алексеевна,1,2014,2014
PERS_5cae5a20,Щербатской Фёдор Ипполитович,PERS_61202bf3,Алиханова Юлия Марковна,1,2022,2022
PERS_5cae5a20,Щербатской Фёдор Ипполитович,PERS_61de659d,Белов Владимир Николаевич,1,2021,2021
PERS_5cae5a20,Щербатской Фёдор Ипполитович,PERS_69750b7c,Мазурина Валентина Николаевна,1,2016,2016
PERS_5cae5a20,Щербатской Фёдор Ипполитович,PERS_6b06637e,Ильин Григорий Фёдорович,2,2014,2021
PERS_5cae5a20,Щербатской Фёдор Ипполитович,PERS_6b867946,Смирнова Екатерина Викторовна,3,2009,2025
PERS_5cae5a20,Щербатской Фёдор Ипполитович,PERS_6d302e31,Лебедев Герасим Степанович,5,2007,2021
PERS_5cae5a20,Щербатской Фёдор Ипполитович,PERS_6e211759,Иванов Владимир Павлович,2,2010,2021
PERS_5cae5a20,Щербатской Фёдор Ипполитович,PERS_72932969,Рерих Юрий Николаевич,2,2021,2021
PERS_5cae5a20,Щербатской Фёдор Ипполитович,PERS_773647fc,Баранников Алексей Петрович,3,2012,2025
PERS_5cae5a20,Щербатской Фёдор Ипполитович,PERS_82364943,Миллер Всеволод Фёдорович,4,2012,2015
PERS_5cae5a20,Щербатской Фёдор Ипполитович,PERS_823c1a9f,Розенберг Оттон Оттонович,1,2021,2021
PERS_5cae5a20,Щербатской Фёдор Ипполитович,PERS_829c1de5,Васильков Ярослав Владимирович,1,2021,2021
PERS_5cae5a20,Щербатской Фёдор Ипполитович,PERS_8516d1e4,Гасунс Марцис Юрьевич,13,2007,2022
PERS_5cae5a20,Щербатской Фёдор Ипполитович,PERS_9366fe2c,Крыштоп Людмила Эдуардовна,1,2025,2025
PERS_5cae5a20,Щербатской Фёдор Ипполитович,PERS_9a855a7b,Альбедиль Маргарита Федоровна,1,2021,2021
PERS_5cae5a20,Щербатской Фёдор Ипполитович,PERS_9f398436,Куликов Леонид Игоревич,1,2007,2007
PERS_5cae5a20,Щербатской Фёдор Ипполитович,PERS_a0f3d86d,Сергеева Варвара Алексеевна,4,2014,2021
PERS_5cae5a20,Щербатской Фёдор Ипполитович,PERS_a638a4b3,Федорова Наталья Леонидовна,2,2014,2021
PERS_5cae5a20,Щербатской Фёдор Ипполитович,PERS_a7f41469,Антонова Кока Александровна,1,2021,2021
PERS_5cae5a20,Щербатской Фёдор Ипполитович,PERS_a901d460,Фаградян Марина Александровна,8,2007,2021
PERS_5cae5a20,Щербатской Фёдор Ипполитович,PERS_ab6bf9e3,Смирнов Борис Леонидович,5,2009,2025
PERS_5cae5a20,Щербатской Фёдор Ипполитович,PERS_b2c121e9,Успенская Елена Николаевна,1,2021,2021
PERS_5cae5a20,Щербатской Фёдор Ипполитович,PERS_b4cdbfb8,Эрман Владимир Гансович,3,2009,2015
PERS_5cae5a20,Щербатской Фёдор Ипполитович,PERS_b5dd77b1,Мрачковская Арина Витальевна,1,2015,2015
PERS_5cae5a20,Щербатской Фёдор Ипполитович,PERS_b881461b,Яковлева Мария Николаевна,2,2014,2021
PERS_5cae5a20,Щербатской Фёдор Ипполитович,PERS_ba537782,М. И. Петрова,4,2007,2015
PERS_5cae5a20,Щербатской Фёдор Ипполитович,PERS_bbb9116e,Кальянов Владимир Иванович,2,2007,2023
PERS_5cae5a20,Щербатской Фёдор Ипполитович,PERS_c48611e0,Островская Елена Петровна,2,2009,2014
PERS_5cae5a20,Щербатской Фёдор Ипполитович,PERS_cd0d4845,Обермиллер Евгений Евгеньевич,1,2015,2015
PERS_5cae5a20,Щербатской Фёдор Ипполитович,PERS_cfb92c5f,Уланский Евгений Андреевич,1,2018,2018
PERS_5cae5a20,Щербатской Фёдор Ипполитович,PERS_d3c5382c,Попова Ирина Фёдоровна,1,2025,2025
PERS_5cae5a20,Щербатской Фёдор Ипполитович,PERS_d9d69ac2,Петров Павел Яковлевич,6,2007,2021
PERS_5cae5a20,Щербатской Фёдор Ипполитович,PERS_dd17649f,Светлов Роман Викторович,1,2021,2021
PERS_5cae5a20,Щербатской Фёдор Ипполитович,PERS_dfaf6803,Борисов Яков Александрович,3,2009,2025
PERS_5cae5a20,Щербатской Фёдор Ипполитович,PERS_e5a5ac24,Невелева Светлана Леонидовна,1,2021,2021
PERS_5cae5a20,Щербатской Фёдор Ипполитович,PERS_f1f2471d,Игнатова Мария Михайловна,1,2021,2021
PERS_5cae5a20,Щербатской Фёдор Ипполитович,PERS_f56c5a7e,Жукова Любовь Евгеньевна,3,2009,2015
PERS_5cae5a20,Щербатской Фёдор Ипполитович,PERS_f5b8b340,Вигасин Алексей Алексеевич,1,2011,2011
PERS_5d34c947,Волошина Оксана Анатольевна,PERS_5e2a5a5c,Столярова Екатерина Владимировна,1,2019,2019
PERS_5d34c947,Волошина Оксана Анатольевна,PERS_5f6689e8,Дмитриева Виктория Алексеевна,1,2026,2026
PERS_5d34c947,Волошина Оксана Анатольевна,PERS_61de659d,Белов Владимир Николаевич,1,2021,2021
PERS_5d34c947,Волошина Оксана Анатольевна,PERS_6ae5c779,Фивейская Анастасия Васильевна,1,2021,2021
PERS_5d34c947,Волошина Оксана Анатольевна,PERS_6b06637e,Ильин Григорий Фёдорович,2,2018,2024
PERS_5d34c947,Волошина Оксана Анатольевна,PERS_6e211759,Иванов Владимир Павлович,2,2021,2026
PERS_5d34c947,Волошина Оксана Анатольевна,PERS_72506535,Крылова Анастасия Сергеевна,3,2019,2026
PERS_5d34c947,Волошина Оксана Анатольевна,PERS_7542d270,Демченко Максим Борисович,4,2019,2026
PERS_5d34c947,Волошина Оксана Анатольевна,PERS_7eb0dc30,Зимина Татьяна Александровна,3,2019,2021
PERS_5d34c947,Волошина Оксана Анатольевна,PERS_7f908d49,Стрельцова Лилия Александровна,1,2019,2019
PERS_5d34c947,Волошина Оксана Анатольевна,PERS_8108c314,Ерченков Олег Николаевич,2,2019,2020
PERS_5d34c947,Волошина Оксана Анатольевна,PERS_829c1de5,Васильков Ярослав Владимирович,5,2019,2026
PERS_5d34c947,Волошина Оксана Анатольевна,PERS_8516d1e4,Гасунс Марцис Юрьевич,15,2018,2026
PERS_5d34c947,Волошина Оксана Анатольевна,PERS_8df3730a,Донченко Сергей Сергеевич,1,2019,2019
PERS_5d34c947,Волошина Оксана Анатольевна,PERS_8df81b6d,Лужинская Полина Александровна,1,2026,2026
PERS_5d34c947,Волошина Оксана Анатольевна,PERS_8e117242,Юдицкая Екатерина Алексеевна,3,2019,2021
PERS_5d34c947,Волошина Оксана Анатольевна,PERS_91b473b1,Челнокова Анна Витальевна,1,2026,2026
PERS_5d34c947,Волошина Оксана Анатольевна,PERS_92f41884,Касым Софья Васильевна,1,2026,2026
PERS_5d34c947,Волошина Оксана Анатольевна,PERS_9366fe2c,Крыштоп Людмила Эдуардовна,1,2020,2020
PERS_5d34c947,Волошина Оксана Анатольевна,PERS_93e2effb,Комиссаров Дмитрий Алексеевич,2,2021,2026
PERS_5d34c947,Волошина Оксана Анатольевна,PERS_9a855a7b,Альбедиль Маргарита Федоровна,3,2019,2026
PERS_5d34c947,Волошина Оксана Анатольевна,PERS_9d99092c,Рыбаков Р. Б.,5,2019,2026
PERS_5d34c947,Волошина Оксана Анатольевна,PERS_9e9c9566,Лекарева Ева Павловна,1,2026,2026
PERS_5d34c947,Волошина Оксана Анатольевна,PERS_9f398436,Куликов Леонид Игоревич,2,2020,2026
PERS_5d34c947,Волошина Оксана Анатольевна,PERS_a0264ac5,Бурмистров Сергей Леонидович,3,2019,2026
PERS_5d34c947,Волошина Оксана Анатольевна,PERS_a0f3d86d,Сергеева Варвара Алексеевна,2,2021,2026
PERS_5d34c947,Волошина Оксана Анатольевна,PERS_a638a4b3,Федорова Наталья Леонидовна,1,2026,2026
PERS_5d34c947,Волошина Оксана Анатольевна,PERS_a84aedaa,Шомахмадов Сафарали Хайбуллоевич,2,2021,2026
PERS_5d34c947,Волошина Оксана Анатольевна,PERS_a901d460,Фаградян Марина Александровна,2,2019,2026
PERS_5d34c947,Волошина Оксана Анатольевна,PERS_b62a9567,Курочкин Александр Юрьевич,1,2019,2019
PERS_5d34c947,Волошина Оксана Анатольевна,PERS_b76851a7,Митруев Бембя Леонидович,1,2021,2021
PERS_5d34c947,Волошина Оксана Анатольевна,PERS_b881461b,Яковлева Мария Николаевна,3,2019,2026
PERS_5d34c947,Волошина Оксана Анатольевна,PERS_bc97fb65,Краснодембская Нина Георгиевна,3,2019,2021
PERS_5d34c947,Волошина Оксана Анатольевна,PERS_bcaec2d8,Дружинин Владимир Юрьевич,1,2021,2021
PERS_5d34c947,Волошина Оксана Анатольевна,PERS_bd77e495,Корнеев Геннадий Батыревич,7,2019,2026
PERS_5d34c947,Волошина Оксана Анатольевна,PERS_c48611e0,Островская Елена Петровна,3,2019,2021
PERS_5d34c947,Волошина Оксана Анатольевна,PERS_c52dfaa0,Цветкова Светлана Олеговна,3,2019,2026
PERS_5d34c947,Волошина Оксана Анатольевна,PERS_c5677a3f,Зорин Алексей Валерьевич,2,2019,2021
PERS_5d34c947,Волошина Оксана Анатольевна,PERS_c582889e,Иткин Илья Борисович,1,2018,2018
PERS_5d34c947,Волошина Оксана Анатольевна,PERS_c6bbcef3,Битинайте Елена Алексеевна,2,2019,2020
PERS_5d34c947,Волошина Оксана Анатольевна,PERS_cb52ebc2,Лемешкина Ксения Вячеславовна,2,2020,2026
PERS_5d34c947,Волошина Оксана Анатольевна,PERS_ced3d7b4,Молина Анна Валерьевна,1,2026,2026
PERS_5d34c947,Волошина Оксана Анатольевна,PERS_cfb92c5f,Уланский Евгений Андреевич,4,2018,2021
PERS_5d34c947,Волошина Оксана Анатольевна,PERS_d01427ca,Бещук Юлия Владимировна,1,2026,2026
PERS_5d34c947,Волошина Оксана Анатольевна,PERS_d218805b,Крюкова Виктория Юрьевна,1,2019,2019
PERS_5d34c947,Волошина Оксана Анатольевна,PERS_d3c5382c,Попова Ирина Фёдоровна,4,2019,2026
PERS_5d34c947,Волошина Оксана Анатольевна,PERS_d98da899,Рыжакова Светлана Игоревна,4,2019,2026
PERS_5d34c947,Волошина Оксана Анатольевна,PERS_d9d69ac2,Петров Павел Яковлевич,2,2026,2026
PERS_5d34c947,Волошина Оксана Анатольевна,PERS_db046be0,Сабирова Римма Наилевна,4,2019,2026
PERS_5d34c947,Волошина Оксана Анатольевна,PERS_dfaf6803,Борисов Яков Александрович,1,2026,2026
PERS_5d34c947,Волошина Оксана Анатольевна,PERS_e1dd6b3e,Лидова Наталья Ростиславовна,2,2021,2026
PERS_5d34c947,Волошина Оксана Анатольевна,PERS_e31ca12d,Вечерина Ольга Павловна,3,2019,2021
PERS_5d34c947,Волошина Оксана Анатольевна,PERS_f19cd8a1,Котин Игорь Юрьевич,1,2026,2026
PERS_5d34c947,Волошина Оксана Анатольевна,PERS_f2fef030,Мехакян Арег Гайкович,1,2021,2021
PERS_5d34c947,Волошина Оксана Анатольевна,PERS_f8ab5755,Оранская Татьяна Иосифовна,3,2019,2026
PERS_5d34c947,Волошина Оксана Анатольевна,PERS_fb25c80f,Ермакова Татьяна Викторовна,4,2019,2026
PERS_5d38cbae,Е. Н. Аникеева,PERS_6b867946,Смирнова Екатерина Викторовна,1,2025,2025
PERS_5d38cbae,Е. Н. Аникеева,PERS_829c1de5,Васильков Ярослав Владимирович,1,2025,2025
PERS_5d38cbae,Е. Н. Аникеева,PERS_8516d1e4,Гасунс Марцис Юрьевич,1,2025,2025
PERS_5d38cbae,Е. Н. Аникеева,PERS_ab6bf9e3,Смирнов Борис Леонидович,1,2025,2025
PERS_5d38cbae,Е. Н. Аникеева,PERS_bbb9116e,Кальянов Владимир Иванович,1,2025,2025
PERS_5d38cbae,Е. Н. Аникеева,PERS_e5a5ac24,Невелева Светлана Леонидовна,1,2025,2025
PERS_5e2a5a5c,Столярова Екатерина Владимировна,PERS_5f6689e8,Дмитриева Виктория Алексеевна,1,2022,2022
PERS_5e2a5a5c,Столярова Екатерина Владимировна,PERS_68e9019d,Малютин Иван Иванович,1,2024,2024
PERS_5e2a5a5c,Столярова Екатерина Владимировна,PERS_6ae5c779,Фивейская Анастасия Васильевна,1,2024,2024
PERS_5e2a5a5c,Столярова Екатерина Владимировна,PERS_72506535,Крылова Анастасия Сергеевна,2,2019,2024
PERS_5e2a5a5c,Столярова Екатерина Владимировна,PERS_7542d270,Демченко Максим Борисович,3,2019,2024
PERS_5e2a5a5c,Столярова Екатерина Владимировна,PERS_773647fc,Баранников Алексей Петрович,1,2022,2022
PERS_5e2a5a5c,Столярова Екатерина Владимировна,PERS_7eb0dc30,Зимина Татьяна Александровна,1,2019,2019
PERS_5e2a5a5c,Столярова Екатерина Владимировна,PERS_7f908d49,Стрельцова Лилия Александровна,2,2019,2024
PERS_5e2a5a5c,Столярова Екатерина Владимировна,PERS_8108c314,Ерченков Олег Николаевич,2,2019,2024
PERS_5e2a5a5c,Столярова Екатерина Владимировна,PERS_829c1de5,Васильков Ярослав Владимирович,2,2019,2024
PERS_5e2a5a5c,Столярова Екатерина Владимировна,PERS_8516d1e4,Гасунс Марцис Юрьевич,3,2019,2024
PERS_5e2a5a5c,Столярова Екатерина Владимировна,PERS_8df3730a,Донченко Сергей Сергеевич,2,2019,2024
PERS_5e2a5a5c,Столярова Екатерина Владимировна,PERS_8df81b6d,Лужинская Полина Александровна,1,2024,2024
PERS_5e2a5a5c,Столярова Екатерина Владимировна,PERS_8e117242,Юдицкая Екатерина Алексеевна,1,2019,2019
PERS_5e2a5a5c,Столярова Екатерина Владимировна,PERS_91b473b1,Челнокова Анна Витальевна,2,2022,2024
PERS_5e2a5a5c,Столярова Екатерина Владимировна,PERS_92f41884,Касым Софья Васильевна,1,2022,2022
PERS_5e2a5a5c,Столярова Екатерина Владимировна,PERS_9366fe2c,Крыштоп Людмила Эдуардовна,1,2022,2022
PERS_5e2a5a5c,Столярова Екатерина Владимировна,PERS_93e2effb,Комиссаров Дмитрий Алексеевич,1,2024,2024
PERS_5e2a5a5c,Столярова Екатерина Владимировна,PERS_9a855a7b,Альбедиль Маргарита Федоровна,2,2019,2024
PERS_5e2a5a5c,Столярова Екатерина Владимировна,PERS_9d99092c,Рыбаков Р. Б.,2,2019,2024
PERS_5e2a5a5c,Столярова Екатерина Владимировна,PERS_9e9c9566,Лекарева Ева Павловна,1,2024,2024
PERS_5e2a5a5c,Столярова Екатерина Владимировна,PERS_a0264ac5,Бурмистров Сергей Леонидович,2,2019,2024
PERS_5e2a5a5c,Столярова Екатерина Владимировна,PERS_a901d460,Фаградян Марина Александровна,2,2019,2022
PERS_5e2a5a5c,Столярова Екатерина Владимировна,PERS_b62a9567,Курочкин Александр Юрьевич,1,2019,2019
PERS_5e2a5a5c,Столярова Екатерина Владимировна,PERS_b881461b,Яковлева Мария Николаевна,1,2019,2019
PERS_5e2a5a5c,Столярова Екатерина Владимировна,PERS_ba537782,М. И. Петрова,1,2022,2022
PERS_5e2a5a5c,Столярова Екатерина Владимировна,PERS_bbd15f4f,Степин А. А.,1,2024,2024
PERS_5e2a5a5c,Столярова Екатерина Владимировна,PERS_bc97fb65,Краснодембская Нина Георгиевна,2,2019,2024
PERS_5e2a5a5c,Столярова Екатерина Владимировна,PERS_bd77e495,Корнеев Геннадий Батыревич,2,2019,2024
PERS_5e2a5a5c,Столярова Екатерина Владимировна,PERS_c48611e0,Островская Елена Петровна,2,2019,2024
PERS_5e2a5a5c,Столярова Екатерина Владимировна,PERS_c52dfaa0,Цветкова Светлана Олеговна,1,2019,2019
PERS_5e2a5a5c,Столярова Екатерина Владимировна,PERS_c5677a3f,Зорин Алексей Валерьевич,1,2019,2019
PERS_5e2a5a5c,Столярова Екатерина Владимировна,PERS_c6bbcef3,Битинайте Елена Алексеевна,1,2019,2019
PERS_5e2a5a5c,Столярова Екатерина Владимировна,PERS_cb52ebc2,Лемешкина Ксения Вячеславовна,1,2024,2024
PERS_5e2a5a5c,Столярова Екатерина Владимировна,PERS_cd0d4845,Обермиллер Евгений Евгеньевич,1,2024,2024
PERS_5e2a5a5c,Столярова Екатерина Владимировна,PERS_ced3d7b4,Молина Анна Валерьевна,1,2024,2024
PERS_5e2a5a5c,Столярова Екатерина Владимировна,PERS_cfb92c5f,Уланский Евгений Андреевич,1,2019,2019
PERS_5e2a5a5c,Столярова Екатерина Владимировна,PERS_d218805b,Крюкова Виктория Юрьевна,2,2019,2024
PERS_5e2a5a5c,Столярова Екатерина Владимировна,PERS_d3c5382c,Попова Ирина Фёдоровна,1,2019,2019
PERS_5e2a5a5c,Столярова Екатерина Владимировна,PERS_d98da899,Рыжакова Светлана Игоревна,3,2019,2024
PERS_5e2a5a5c,Столярова Екатерина Владимировна,PERS_db046be0,Сабирова Римма Наилевна,1,2019,2019
PERS_5e2a5a5c,Столярова Екатерина Владимировна,PERS_e1d622e5,Мажитов Саттар Фазылович,1,2022,2022
PERS_5e2a5a5c,Столярова Екатерина Владимировна,PERS_e1dd6b3e,Лидова Наталья Ростиславовна,1,2024,2024
PERS_5e2a5a5c,Столярова Екатерина Владимировна,PERS_e31ca12d,Вечерина Ольга Павловна,1,2019,2019
PERS_5e2a5a5c,Столярова Екатерина Владимировна,PERS_ed83f502,Селиванова Тамара Петровна,1,2022,2022
PERS_5e2a5a5c,Столярова Екатерина Владимировна,PERS_f56c5a7e,Жукова Любовь Евгеньевна,1,2024,2024
PERS_5e2a5a5c,Столярова Екатерина Владимировна,PERS_f8ab5755,Оранская Татьяна Иосифовна,2,2019,2024
PERS_5e2a5a5c,Столярова Екатерина Владимировна,PERS_f940c5b3,Стрелкова Гюзэль Владимировна,1,2024,2024
PERS_5e2a5a5c,Столярова Екатерина Владимировна,PERS_fb25c80f,Ермакова Татьяна Викторовна,2,2019,2024
PERS_5ed752d9,Китинов Баатр Учаевич,PERS_5f6fa17b,Пахомова Александра Михайловна,2,2021,2024
PERS_5ed752d9,Китинов Баатр Учаевич,PERS_6578b52d,Тюлина Елена Владимировна,2,2021,2024
PERS_5ed752d9,Китинов Баатр Учаевич,PERS_72506535,Крылова Анастасия Сергеевна,1,2021,2021
PERS_5ed752d9,Китинов Баатр Учаевич,PERS_72932969,Рерих Юрий Николаевич,2,2021,2024
PERS_5ed752d9,Китинов Баатр Учаевич,PERS_8516d1e4,Гасунс Марцис Юрьевич,1,2024,2024
PERS_5ed752d9,Китинов Баатр Учаевич,PERS_8e117242,Юдицкая Екатерина Алексеевна,1,2021,2021
PERS_5ed752d9,Китинов Баатр Учаевич,PERS_9374fd12,Вырщиков Евгений Геннадьевич,2,2021,2024
PERS_5ed752d9,Китинов Баатр Учаевич,PERS_9f398436,Куликов Леонид Игоревич,1,2021,2021
PERS_5ed752d9,Китинов Баатр Учаевич,PERS_a8983673,Вигель Нарине Липаритовна,1,2024,2024
PERS_5ed752d9,Китинов Баатр Учаевич,PERS_bd77e495,Корнеев Геннадий Батыревич,2,2021,2024
PERS_5ed752d9,Китинов Баатр Учаевич,PERS_c52dfaa0,Цветкова Светлана Олеговна,2,2021,2024
PERS_5ed752d9,Китинов Баатр Учаевич,PERS_ced3d7b4,Молина Анна Валерьевна,1,2024,2024
PERS_5ed752d9,Китинов Баатр Учаевич,PERS_da862dde,Дробышев Юлий Игорьевич,2,2021,2024
PERS_5ed752d9,Китинов Баатр Учаевич,PERS_e1dd6b3e,Лидова Наталья Ростиславовна,2,2021,2024
PERS_5ed752d9,Китинов Баатр Учаевич,PERS_e31ca12d,Вечерина Ольга Павловна,1,2021,2021
PERS_5ed752d9,Китинов Баатр Учаевич,PERS_e72d4c09,Огнева Елена Дмитриевна,1,2021,2021
PERS_5ed752d9,Китинов Баатр Учаевич,PERS_e9545a0b,Шустова Алла Михайловна,2,2021,2024
PERS_5ed752d9,Китинов Баатр Учаевич,PERS_ea44fd14,Люлина Анастасия Геннадьевна,2,2021,2024
PERS_5ed752d9,Китинов Баатр Учаевич,PERS_f2fef030,Мехакян Арег Гайкович,1,2021,2021
PERS_5ed752d9,Китинов Баатр Учаевич,PERS_f5b8b340,Вигасин Алексей Алексеевич,1,2024,2024
PERS_5f6689e8,Дмитриева Виктория Алексеевна,PERS_61202bf3,Алиханова Юлия Марковна,1,2022,2022
PERS_5f6689e8,Дмитриева Виктория Алексеевна,PERS_61de659d,Белов Владимир Николаевич,1,2012,2012
PERS_5f6689e8,Дмитриева Виктория Алексеевна,PERS_69750b7c,Мазурина Валентина Николаевна,1,2022,2022
PERS_5f6689e8,Дмитриева Виктория Алексеевна,PERS_6b06637e,Ильин Григорий Фёдорович,3,2012,2022
PERS_5f6689e8,Дмитриева Виктория Алексеевна,PERS_6b867946,Смирнова Екатерина Викторовна,1,2014,2014
PERS_5f6689e8,Дмитриева Виктория Алексеевна,PERS_6d302e31,Лебедев Герасим Степанович,1,2022,2022
PERS_5f6689e8,Дмитриева Виктория Алексеевна,PERS_6e211759,Иванов Владимир Павлович,3,2012,2026
PERS_5f6689e8,Дмитриева Виктория Алексеевна,PERS_72506535,Крылова Анастасия Сергеевна,1,2026,2026
PERS_5f6689e8,Дмитриева Виктория Алексеевна,PERS_72932969,Рерих Юрий Николаевич,1,2022,2022
PERS_5f6689e8,Дмитриева Виктория Алексеевна,PERS_7542d270,Демченко Максим Борисович,3,2020,2026
PERS_5f6689e8,Дмитриева Виктория Алексеевна,PERS_773647fc,Баранников Алексей Петрович,3,2012,2022
PERS_5f6689e8,Дмитриева Виктория Алексеевна,PERS_7da0afff,Демичев Кирилл Андреевич,1,2022,2022
PERS_5f6689e8,Дмитриева Виктория Алексеевна,PERS_82364943,Миллер Всеволод Фёдорович,2,2012,2018
PERS_5f6689e8,Дмитриева Виктория Алексеевна,PERS_829c1de5,Васильков Ярослав Владимирович,2,2012,2026
PERS_5f6689e8,Дмитриева Виктория Алексеевна,PERS_8516d1e4,Гасунс Марцис Юрьевич,2,2018,2022
PERS_5f6689e8,Дмитриева Виктория Алексеевна,PERS_8df81b6d,Лужинская Полина Александровна,1,2026,2026
PERS_5f6689e8,Дмитриева Виктория Алексеевна,PERS_91b473b1,Челнокова Анна Витальевна,2,2022,2026
PERS_5f6689e8,Дмитриева Виктория Алексеевна,PERS_92f41884,Касым Софья Васильевна,2,2022,2026
PERS_5f6689e8,Дмитриева Виктория Алексеевна,PERS_9366fe2c,Крыштоп Людмила Эдуардовна,1,2022,2022
PERS_5f6689e8,Дмитриева Виктория Алексеевна,PERS_93e2effb,Комиссаров Дмитрий Алексеевич,1,2026,2026
PERS_5f6689e8,Дмитриева Виктория Алексеевна,PERS_9a855a7b,Альбедиль Маргарита Федоровна,1,2026,2026
PERS_5f6689e8,Дмитриева Виктория Алексеевна,PERS_9d99092c,Рыбаков Р. Б.,3,2012,2026
PERS_5f6689e8,Дмитриева Виктория Алексеевна,PERS_9e9c9566,Лекарева Ева Павловна,1,2026,2026
PERS_5f6689e8,Дмитриева Виктория Алексеевна,PERS_9f398436,Куликов Леонид Игоревич,2,2012,2026
PERS_5f6689e8,Дмитриева Виктория Алексеевна,PERS_a0264ac5,Бурмистров Сергей Леонидович,1,2026,2026
PERS_5f6689e8,Дмитриева Виктория Алексеевна,PERS_a0f3d86d,Сергеева Варвара Алексеевна,3,2012,2026
PERS_5f6689e8,Дмитриева Виктория Алексеевна,PERS_a638a4b3,Федорова Наталья Леонидовна,3,2011,2026
PERS_5f6689e8,Дмитриева Виктория Алексеевна,PERS_a84aedaa,Шомахмадов Сафарали Хайбуллоевич,1,2026,2026
PERS_5f6689e8,Дмитриева Виктория Алексеевна,PERS_a901d460,Фаградян Марина Александровна,3,2012,2026
PERS_5f6689e8,Дмитриева Виктория Алексеевна,PERS_aa964a12,Самозванцев Андрей Михайлович,1,2012,2012
PERS_5f6689e8,Дмитриева Виктория Алексеевна,PERS_ab6bf9e3,Смирнов Борис Леонидович,3,2012,2022
PERS_5f6689e8,Дмитриева Виктория Алексеевна,PERS_b2c121e9,Успенская Елена Николаевна,2,2022,2025
PERS_5f6689e8,Дмитриева Виктория Алексеевна,PERS_b4cdbfb8,Эрман Владимир Гансович,2,2012,2022
PERS_5f6689e8,Дмитриева Виктория Алексеевна,PERS_b62a9567,Курочкин Александр Юрьевич,1,2012,2012
PERS_5f6689e8,Дмитриева Виктория Алексеевна,PERS_b881461b,Яковлева Мария Николаевна,3,2012,2026
PERS_5f6689e8,Дмитриева Виктория Алексеевна,PERS_ba537782,М. И. Петрова,2,2022,2022
PERS_5f6689e8,Дмитриева Виктория Алексеевна,PERS_bbb9116e,Кальянов Владимир Иванович,1,2022,2022
PERS_5f6689e8,Дмитриева Виктория Алексеевна,PERS_bd77e495,Корнеев Геннадий Батыревич,1,2026,2026
PERS_5f6689e8,Дмитриева Виктория Алексеевна,PERS_c0b7485d,Серебряков Игорь Дмитриевич,1,2022,2022
PERS_5f6689e8,Дмитриева Виктория Алексеевна,PERS_c48611e0,Островская Елена Петровна,1,2014,2014
PERS_5f6689e8,Дмитриева Виктория Алексеевна,PERS_c52dfaa0,Цветкова Светлана Олеговна,2,2022,2026
PERS_5f6689e8,Дмитриева Виктория Алексеевна,PERS_c582889e,Иткин Илья Борисович,1,2025,2025
PERS_5f6689e8,Дмитриева Виктория Алексеевна,PERS_cb52ebc2,Лемешкина Ксения Вячеславовна,1,2026,2026
PERS_5f6689e8,Дмитриева Виктория Алексеевна,PERS_ced3d7b4,Молина Анна Валерьевна,1,2026,2026
PERS_5f6689e8,Дмитриева Виктория Алексеевна,PERS_cfb92c5f,Уланский Евгений Андреевич,1,2018,2018
PERS_5f6689e8,Дмитриева Виктория Алексеевна,PERS_d01427ca,Бещук Юлия Владимировна,1,2026,2026
PERS_5f6689e8,Дмитриева Виктория Алексеевна,PERS_d3c5382c,Попова Ирина Фёдоровна,2,2022,2026
PERS_5f6689e8,Дмитриева Виктория Алексеевна,PERS_d98da899,Рыжакова Светлана Игоревна,2,2022,2026
PERS_5f6689e8,Дмитриева Виктория Алексеевна,PERS_d9d69ac2,Петров Павел Яковлевич,2,2022,2026
PERS_5f6689e8,Дмитриева Виктория Алексеевна,PERS_db046be0,Сабирова Римма Наилевна,2,2020,2026
PERS_5f6689e8,Дмитриева Виктория Алексеевна,PERS_e1d622e5,Мажитов Саттар Фазылович,1,2022,2022
PERS_5f6689e8,Дмитриева Виктория Алексеевна,PERS_e1dd6b3e,Лидова Наталья Ростиславовна,1,2026,2026
PERS_5f6689e8,Дмитриева Виктория Алексеевна,PERS_e5a5ac24,Невелева Светлана Леонидовна,1,2012,2012
PERS_5f6689e8,Дмитриева Виктория Алексеевна,PERS_e8396809,Вишну Шукла,1,2012,2012
PERS_5f6689e8,Дмитриева Виктория Алексеевна,PERS_ed83f502,Селиванова Тамара Петровна,1,2022,2022
PERS_5f6689e8,Дмитриева Виктория Алексеевна,PERS_f19cd8a1,Котин Игорь Юрьевич,1,2026,2026
PERS_5f6689e8,Дмитриева Виктория Алексеевна,PERS_f56c5a7e,Жукова Любовь Евгеньевна,1,2011,2011
PERS_5f6689e8,Дмитриева Виктория Алексеевна,PERS_f5b8b340,Вигасин Алексей Алексеевич,1,2012,2012
PERS_5f6689e8,Дмитриева Виктория Алексеевна,PERS_f8ab5755,Оранская Татьяна Иосифовна,2,2022,2026
PERS_5f6689e8,Дмитриева Виктория Алексеевна,PERS_fb25c80f,Ермакова Татьяна Викторовна,1,2026,2026
PERS_5f6fa17b,Пахомова Александра Михайловна,PERS_6578b52d,Тюлина Елена Владимировна,2,2021,2024
PERS_5f6fa17b,Пахомова Александра Михайловна,PERS_69750b7c,Мазурина Валентина Николаевна,1,2021,2021
PERS_5f6fa17b,Пахомова Александра Михайловна,PERS_6a84adb8,Макаев Энвер Ахмедович,1,2021,2021
PERS_5f6fa17b,Пахомова Александра Михайловна,PERS_6ae5c779,Фивейская Анастасия Васильевна,1,2021,2021
PERS_5f6fa17b,Пахомова Александра Михайловна,PERS_6b867946,Смирнова Екатерина Викторовна,1,2021,2021
PERS_5f6fa17b,Пахомова Александра Михайловна,PERS_6e211759,Иванов Владимир Павлович,1,2026,2026
PERS_5f6fa17b,Пахомова Александра Михайловна,PERS_72506535,Крылова Анастасия Сергеевна,2,2021,2021
PERS_5f6fa17b,Пахомова Александра Михайловна,PERS_72932969,Рерих Юрий Николаевич,2,2021,2024
PERS_5f6fa17b,Пахомова Александра Михайловна,PERS_7542d270,Демченко Максим Борисович,2,2026,2026
PERS_5f6fa17b,Пахомова Александра Михайловна,PERS_7f908d49,Стрельцова Лилия Александровна,1,2021,2021
PERS_5f6fa17b,Пахомова Александра Михайловна,PERS_829c1de5,Васильков Ярослав Владимирович,1,2021,2021
PERS_5f6fa17b,Пахомова Александра Михайловна,PERS_8516d1e4,Гасунс Марцис Юрьевич,5,2019,2026
PERS_5f6fa17b,Пахомова Александра Михайловна,PERS_8e117242,Юдицкая Екатерина Алексеевна,1,2021,2021
PERS_5f6fa17b,Пахомова Александра Михайловна,PERS_91b473b1,Челнокова Анна Витальевна,1,2021,2021
PERS_5f6fa17b,Пахомова Александра Михайловна,PERS_9366fe2c,Крыштоп Людмила Эдуардовна,1,2021,2021
PERS_5f6fa17b,Пахомова Александра Михайловна,PERS_9374fd12,Вырщиков Евгений Геннадьевич,2,2021,2024
PERS_5f6fa17b,Пахомова Александра Михайловна,PERS_9e9c9566,Лекарева Ева Павловна,1,2021,2021
PERS_5f6fa17b,Пахомова Александра Михайловна,PERS_9f398436,Куликов Леонид Игоревич,2,2021,2021
PERS_5f6fa17b,Пахомова Александра Михайловна,PERS_a0264ac5,Бурмистров Сергей Леонидович,1,2021,2021
PERS_5f6fa17b,Пахомова Александра Михайловна,PERS_a0f3d86d,Сергеева Варвара Алексеевна,3,2026,2026
PERS_5f6fa17b,Пахомова Александра Михайловна,PERS_a8983673,Вигель Нарине Липаритовна,1,2024,2024
PERS_5f6fa17b,Пахомова Александра Михайловна,PERS_a901d460,Фаградян Марина Александровна,1,2021,2021
PERS_5f6fa17b,Пахомова Александра Михайловна,PERS_ab6bf9e3,Смирнов Борис Леонидович,1,2021,2021
PERS_5f6fa17b,Пахомова Александра Михайловна,PERS_ba537782,М. И. Петрова,1,2021,2021
PERS_5f6fa17b,Пахомова Александра Михайловна,PERS_bd77e495,Корнеев Геннадий Батыревич,2,2021,2024
PERS_5f6fa17b,Пахомова Александра Михайловна,PERS_c48611e0,Островская Елена Петровна,1,2021,2021
PERS_5f6fa17b,Пахомова Александра Михайловна,PERS_c52dfaa0,Цветкова Светлана Олеговна,2,2021,2024
PERS_5f6fa17b,Пахомова Александра Михайловна,PERS_ced3d7b4,Молина Анна Валерьевна,1,2024,2024
PERS_5f6fa17b,Пахомова Александра Михайловна,PERS_cfb92c5f,Уланский Евгений Андреевич,1,2019,2019
PERS_5f6fa17b,Пахомова Александра Михайловна,PERS_d98da899,Рыжакова Светлана Игоревна,1,2021,2021
PERS_5f6fa17b,Пахомова Александра Михайловна,PERS_da862dde,Дробышев Юлий Игорьевич,2,2021,2024
PERS_5f6fa17b,Пахомова Александра Михайловна,PERS_db046be0,Сабирова Римма Наилевна,1,2021,2021
PERS_5f6fa17b,Пахомова Александра Михайловна,PERS_e1dd6b3e,Лидова Наталья Ростиславовна,2,2021,2024
PERS_5f6fa17b,Пахомова Александра Михайловна,PERS_e31ca12d,Вечерина Ольга Павловна,2,2021,2021
PERS_5f6fa17b,Пахомова Александра Михайловна,PERS_e72d4c09,Огнева Елена Дмитриевна,1,2021,2021
PERS_5f6fa17b,Пахомова Александра Михайловна,PERS_e9545a0b,Шустова Алла Михайловна,2,2021,2024
PERS_5f6fa17b,Пахомова Александра Михайловна,PERS_ea44fd14,Люлина Анастасия Геннадьевна,2,2021,2024
PERS_5f6fa17b,Пахомова Александра Михайловна,PERS_ebc1c3c2,Лундышева Ольга Владимировна,2,2026,2026
PERS_5f6fa17b,Пахомова Александра Михайловна,PERS_f2fef030,Мехакян Арег Гайкович,1,2021,2021
PERS_5f6fa17b,Пахомова Александра Михайловна,PERS_f56c5a7e,Жукова Любовь Евгеньевна,1,2021,2021
PERS_5f6fa17b,Пахомова Александра Михайловна,PERS_f5b8b340,Вигасин Алексей Алексеевич,1,2024,2024
PERS_5f6fa17b,Пахомова Александра Михайловна,PERS_f940c5b3,Стрелкова Гюзэль Владимировна,1,2021,2021
PERS_61202bf3,Алиханова Юлия Марковна,PERS_69750b7c,Мазурина Валентина Николаевна,1,2022,2022
PERS_61202bf3,Алиханова Юлия Марковна,PERS_6b06637e,Ильин Григорий Фёдорович,1,2022,2022
PERS_61202bf3,Алиханова Юлия Марковна,PERS_6d302e31,Лебедев Герасим Степанович,1,2022,2022
PERS_61202bf3,Алиханова Юлия Марковна,PERS_6e211759,Иванов Владимир Павлович,1,2022,2022
PERS_61202bf3,Алиханова Юлия Марковна,PERS_72932969,Рерих Юрий Николаевич,1,2022,2022
PERS_61202bf3,Алиханова Юлия Марковна,PERS_773647fc,Баранников Алексей Петрович,1,2022,2022
PERS_61202bf3,Алиханова Юлия Марковна,PERS_7da0afff,Демичев Кирилл Андреевич,1,2022,2022
PERS_61202bf3,Алиханова Юлия Марковна,PERS_8516d1e4,Гасунс Марцис Юрьевич,1,2022,2022
PERS_61202bf3,Алиханова Юлия Марковна,PERS_9d99092c,Рыбаков Р. Б.,1,2022,2022
PERS_61202bf3,Алиханова Юлия Марковна,PERS_a0f3d86d,Сергеева Варвара Алексеевна,1,2020,2020
PERS_61202bf3,Алиханова Юлия Марковна,PERS_a638a4b3,Федорова Наталья Леонидовна,1,2020,2020
PERS_61202bf3,Алиханова Юлия Марковна,PERS_aa964a12,Самозванцев Андрей Михайлович,2,2020,2021
PERS_61202bf3,Алиханова Юлия Марковна,PERS_ab6bf9e3,Смирнов Борис Леонидович,1,2022,2022
PERS_61202bf3,Алиханова Юлия Марковна,PERS_b2c121e9,Успенская Елена Николаевна,1,2022,2022
PERS_61202bf3,Алиханова Юлия Марковна,PERS_b4cdbfb8,Эрман Владимир Гансович,2,2022,2022
PERS_61202bf3,Алиханова Юлия Марковна,PERS_ba537782,М. И. Петрова,1,2022,2022
PERS_61202bf3,Алиханова Юлия Марковна,PERS_bbb9116e,Кальянов Владимир Иванович,1,2022,2022
PERS_61202bf3,Алиханова Юлия Марковна,PERS_c0b7485d,Серебряков Игорь Дмитриевич,1,2022,2022
PERS_61202bf3,Алиханова Юлия Марковна,PERS_c52dfaa0,Цветкова Светлана Олеговна,1,2022,2022
PERS_61202bf3,Алиханова Юлия Марковна,PERS_d3c5382c,Попова Ирина Фёдоровна,1,2022,2022
PERS_61202bf3,Алиханова Юлия Марковна,PERS_d9d69ac2,Петров Павел Яковлевич,1,2022,2022
PERS_61202bf3,Алиханова Юлия Марковна,PERS_e5a5ac24,Невелева Светлана Леонидовна,1,2021,2021
PERS_61202bf3,Алиханова Юлия Марковна,PERS_f5b8b340,Вигасин Алексей Алексеевич,1,2021,2021
PERS_61202bf3,Алиханова Юлия Марковна,PERS_f8ab5755,Оранская Татьяна Иосифовна,2,2021,2022
PERS_61de659d,Белов Владимир Николаевич,PERS_6b06637e,Ильин Григорий Фёдорович,1,2021,2021
PERS_61de659d,Белов Владимир Николаевич,PERS_6e211759,Иванов Владимир Павлович,2,2014,2021
PERS_61de659d,Белов Владимир Николаевич,PERS_72932969,Рерих Юрий Николаевич,1,2021,2021
PERS_61de659d,Белов Владимир Николаевич,PERS_7da0afff,Демичев Кирилл Андреевич,1,2008,2008
PERS_61de659d,Белов Владимир Николаевич,PERS_7eb0dc30,Зимина Татьяна Александровна,1,2021,2021
PERS_61de659d,Белов Владимир Николаевич,PERS_8108c314,Ерченков Олег Николаевич,1,2015,2015
PERS_61de659d,Белов Владимир Николаевич,PERS_8516d1e4,Гасунс Марцис Юрьевич,4,2014,2019
PERS_61de659d,Белов Владимир Николаевич,PERS_9d99092c,Рыбаков Р. Б.,1,2012,2012
PERS_61de659d,Белов Владимир Николаевич,PERS_a0f3d86d,Сергеева Варвара Алексеевна,2,2021,2021
PERS_61de659d,Белов Владимир Николаевич,PERS_a638a4b3,Федорова Наталья Леонидовна,1,2021,2021
PERS_61de659d,Белов Владимир Николаевич,PERS_a7f41469,Антонова Кока Александровна,1,2021,2021
PERS_61de659d,Белов Владимир Николаевич,PERS_a901d460,Фаградян Марина Александровна,2,2012,2021
PERS_61de659d,Белов Владимир Николаевич,PERS_ab6bf9e3,Смирнов Борис Леонидович,2,2015,2021
PERS_61de659d,Белов Владимир Николаевич,PERS_b2c121e9,Успенская Елена Николаевна,1,2021,2021
PERS_61de659d,Белов Владимир Николаевич,PERS_b62a9567,Курочкин Александр Юрьевич,1,2012,2012
PERS_61de659d,Белов Владимир Николаевич,PERS_b881461b,Яковлева Мария Николаевна,1,2021,2021
PERS_61de659d,Белов Владимир Николаевич,PERS_bd77e495,Корнеев Геннадий Батыревич,1,2021,2021
PERS_61de659d,Белов Владимир Николаевич,PERS_cfb92c5f,Уланский Евгений Андреевич,2,2018,2019
PERS_61de659d,Белов Владимир Николаевич,PERS_d9d69ac2,Петров Павел Яковлевич,1,2021,2021
PERS_61de659d,Белов Владимир Николаевич,PERS_dd17649f,Светлов Роман Викторович,1,2021,2021
PERS_61de659d,Белов Владимир Николаевич,PERS_dfaf6803,Борисов Яков Александрович,1,2021,2021
PERS_61de659d,Белов Владимир Николаевич,PERS_e8396809,Вишну Шукла,1,2016,2016
PERS_61de659d,Белов Владимир Николаевич,PERS_ed83f502,Селиванова Тамара Петровна,1,2008,2008
PERS_61de659d,Белов Владимир Николаевич,PERS_f1f2471d,Игнатова Мария Михайловна,1,2021,2021
PERS_61de659d,Белов Владимир Николаевич,PERS_f56c5a7e,Жукова Любовь Евгеньевна,2,2014,2015
PERS_62575c35,Гусева Наталья Романовна,PERS_69750b7c,Мазурина Валентина Николаевна,1,2019,2019
PERS_62575c35,Гусева Наталья Романовна,PERS_8516d1e4,Гасунс Марцис Юрьевич,1,2011,2011
PERS_62575c35,Гусева Наталья Романовна,PERS_9a855a7b,Альбедиль Маргарита Федоровна,1,2019,2019
PERS_62575c35,Гусева Наталья Романовна,PERS_b2c121e9,Успенская Елена Николаевна,1,2019,2019
PERS_62575c35,Гусева Наталья Романовна,PERS_bc97fb65,Краснодембская Нина Георгиевна,1,2019,2019
PERS_62575c35,Гусева Наталья Романовна,PERS_d9d69ac2,Петров Павел Яковлевич,1,2019,2019
PERS_62575c35,Гусева Наталья Романовна,PERS_e5a5ac24,Невелева Светлана Леонидовна,1,2019,2019
PERS_62575c35,Гусева Наталья Романовна,PERS_ed83f502,Селиванова Тамара Петровна,1,2019,2019
PERS_62575c35,Гусева Наталья Романовна,PERS_f6f68d4b,Ульяновский Ростислав Александрович,1,2011,2011
PERS_62575c35,Гусева Наталья Романовна,PERS_f8ab5755,Оранская Татьяна Иосифовна,1,2019,2019
PERS_6578b52d,Тюлина Елена Владимировна,PERS_72506535,Крылова Анастасия Сергеевна,1,2021,2021
PERS_6578b52d,Тюлина Елена Владимировна,PERS_72932969,Рерих Юрий Николаевич,2,2021,2024
PERS_6578b52d,Тюлина Елена Владимировна,PERS_8516d1e4,Гасунс Марцис Юрьевич,1,2024,2024
PERS_6578b52d,Тюлина Елена Владимировна,PERS_8e117242,Юдицкая Екатерина Алексеевна,1,2021,2021
PERS_6578b52d,Тюлина Елена Владимировна,PERS_9374fd12,Вырщиков Евгений Геннадьевич,2,2021,2024
PERS_6578b52d,Тюлина Елена Владимировна,PERS_9f398436,Куликов Леонид Игоревич,1,2021,2021
PERS_6578b52d,Тюлина Елена Владимировна,PERS_a8983673,Вигель Нарине Липаритовна,1,2024,2024
PERS_6578b52d,Тюлина Елена Владимировна,PERS_bd77e495,Корнеев Геннадий Батыревич,2,2021,2024
PERS_6578b52d,Тюлина Елена Владимировна,PERS_c52dfaa0,Цветкова Светлана Олеговна,2,2021,2024
PERS_6578b52d,Тюлина Елена Владимировна,PERS_ced3d7b4,Молина Анна Валерьевна,1,2024,2024
PERS_6578b52d,Тюлина Елена Владимировна,PERS_da862dde,Дробышев Юлий Игорьевич,2,2021,2024
PERS_6578b52d,Тюлина Елена Владимировна,PERS_e1dd6b3e,Лидова Наталья Ростиславовна,2,2021,2024
PERS_6578b52d,Тюлина Елена Владимировна,PERS_e31ca12d,Вечерина Ольга Павловна,1,2021,2021
PERS_6578b52d,Тюлина Елена Владимировна,PERS_e72d4c09,Огнева Елена Дмитриевна,1,2021,2021
PERS_6578b52d,Тюлина Елена Владимировна,PERS_e9545a0b,Шустова Алла Михайловна,2,2021,2024
PERS_6578b52d,Тюлина Елена Владимировна,PERS_ea44fd14,Люлина Анастасия Геннадьевна,2,2021,2024
PERS_6578b52d,Тюлина Елена Владимировна,PERS_f2fef030,Мехакян Арег Гайкович,1,2021,2021
PERS_6578b52d,Тюлина Елена Владимировна,PERS_f5b8b340,Вигасин Алексей Алексеевич,1,2024,2024
PERS_68e9019d,Малютин Иван Иванович,PERS_6ae5c779,Фивейская Анастасия Васильевна,1,2024,2024
PERS_68e9019d,Малютин Иван Иванович,PERS_72506535,Крылова Анастасия Сергеевна,1,2024,2024
PERS_68e9019d,Малютин Иван Иванович,PERS_7542d270,Демченко Максим Борисович,1,2024,2024
PERS_68e9019d,Малютин Иван Иванович,PERS_7f908d49,Стрельцова Лилия Александровна,1,2024,2024
PERS_68e9019d,Малютин Иван Иванович,PERS_8108c314,Ерченков Олег Николаевич,1,2024,2024
PERS_68e9019d,Малютин Иван Иванович,PERS_82364943,Миллер Всеволод Фёдорович,1,2025,2025
PERS_68e9019d,Малютин Иван Иванович,PERS_829c1de5,Васильков Ярослав Владимирович,1,2024,2024
PERS_68e9019d,Малютин Иван Иванович,PERS_8516d1e4,Гасунс Марцис Юрьевич,4,2023,2024
PERS_68e9019d,Малютин Иван Иванович,PERS_8df3730a,Донченко Сергей Сергеевич,1,2024,2024
PERS_68e9019d,Малютин Иван Иванович,PERS_8df81b6d,Лужинская Полина Александровна,1,2024,2024
PERS_68e9019d,Малютин Иван Иванович,PERS_91b473b1,Челнокова Анна Витальевна,1,2024,2024
PERS_68e9019d,Малютин Иван Иванович,PERS_93e2effb,Комиссаров Дмитрий Алексеевич,1,2024,2024
PERS_68e9019d,Малютин Иван Иванович,PERS_9a855a7b,Альбедиль Маргарита Федоровна,1,2024,2024
PERS_68e9019d,Малютин Иван Иванович,PERS_9d99092c,Рыбаков Р. Б.,1,2024,2024
PERS_68e9019d,Малютин Иван Иванович,PERS_9e9c9566,Лекарева Ева Павловна,1,2024,2024
PERS_68e9019d,Малютин Иван Иванович,PERS_a0264ac5,Бурмистров Сергей Леонидович,1,2024,2024
PERS_68e9019d,Малютин Иван Иванович,PERS_a901d460,Фаградян Марина Александровна,1,2025,2025
PERS_68e9019d,Малютин Иван Иванович,PERS_b4cdbfb8,Эрман Владимир Гансович,1,2024,2024
PERS_68e9019d,Малютин Иван Иванович,PERS_bbd15f4f,Степин А. А.,2,2024,2024
PERS_68e9019d,Малютин Иван Иванович,PERS_bc97fb65,Краснодембская Нина Георгиевна,1,2024,2024
PERS_68e9019d,Малютин Иван Иванович,PERS_bcaec2d8,Дружинин Владимир Юрьевич,1,2023,2023
PERS_68e9019d,Малютин Иван Иванович,PERS_bd77e495,Корнеев Геннадий Батыревич,1,2024,2024
PERS_68e9019d,Малютин Иван Иванович,PERS_c48611e0,Островская Елена Петровна,1,2024,2024
PERS_68e9019d,Малютин Иван Иванович,PERS_cb52ebc2,Лемешкина Ксения Вячеславовна,1,2024,2024
PERS_68e9019d,Малютин Иван Иванович,PERS_cd0d4845,Обермиллер Евгений Евгеньевич,2,2024,2025
PERS_68e9019d,Малютин Иван Иванович,PERS_ced3d7b4,Молина Анна Валерьевна,1,2024,2024
PERS_68e9019d,Малютин Иван Иванович,PERS_cfb92c5f,Уланский Евгений Андреевич,2,2023,2024
PERS_68e9019d,Малютин Иван Иванович,PERS_d218805b,Крюкова Виктория Юрьевна,1,2024,2024
PERS_68e9019d,Малютин Иван Иванович,PERS_d98da899,Рыжакова Светлана Игоревна,1,2024,2024
PERS_68e9019d,Малютин Иван Иванович,PERS_e1dd6b3e,Лидова Наталья Ростиславовна,1,2024,2024
PERS_68e9019d,Малютин Иван Иванович,PERS_e5a5ac24,Невелева Светлана Леонидовна,1,2024,2024
PERS_68e9019d,Малютин Иван Иванович,PERS_f56c5a7e,Жукова Любовь Евгеньевна,1,2024,2024
PERS_68e9019d,Малютин Иван Иванович,PERS_f8ab5755,Оранская Татьяна Иосифовна,1,2024,2024
PERS_68e9019d,Малютин Иван Иванович,PERS_f940c5b3,Стрелкова Гюзэль Владимировна,1,2024,2024
PERS_68e9019d,Малютин Иван Иванович,PERS_fb25c80f,Ермакова Татьяна Викторовна,1,2024,2024
PERS_69750b7c,Мазурина Валентина Николаевна,PERS_6a84adb8,Макаев Энвер Ахмедович,1,2021,2021
PERS_69750b7c,Мазурина Валентина Николаевна,PERS_6ae5c779,Фивейская Анастасия Васильевна,1,2021,2021
PERS_69750b7c,Мазурина Валентина Николаевна,PERS_6b06637e,Ильин Григорий Фёдорович,1,2022,2022
PERS_69750b7c,Мазурина Валентина Николаевна,PERS_6b867946,Смирнова Екатерина Викторовна,1,2021,2021
PERS_69750b7c,Мазурина Валентина Николаевна,PERS_6d302e31,Лебедев Герасим Степанович,1,2022,2022
PERS_69750b7c,Мазурина Валентина Николаевна,PERS_6e211759,Иванов Владимир Павлович,2,2016,2022
PERS_69750b7c,Мазурина Валентина Николаевна,PERS_72506535,Крылова Анастасия Сергеевна,1,2021,2021
PERS_69750b7c,Мазурина Валентина Николаевна,PERS_72932969,Рерих Юрий Николаевич,1,2022,2022
PERS_69750b7c,Мазурина Валентина Николаевна,PERS_773647fc,Баранников Алексей Петрович,1,2022,2022
PERS_69750b7c,Мазурина Валентина Николаевна,PERS_7da0afff,Демичев Кирилл Андреевич,2,2008,2022
PERS_69750b7c,Мазурина Валентина Николаевна,PERS_7f908d49,Стрельцова Лилия Александровна,1,2021,2021
PERS_69750b7c,Мазурина Валентина Николаевна,PERS_82364943,Миллер Всеволод Фёдорович,1,2015,2015
PERS_69750b7c,Мазурина Валентина Николаевна,PERS_829c1de5,Васильков Ярослав Владимирович,1,2021,2021
PERS_69750b7c,Мазурина Валентина Николаевна,PERS_8516d1e4,Гасунс Марцис Юрьевич,6,2008,2025
PERS_69750b7c,Мазурина Валентина Николаевна,PERS_91b473b1,Челнокова Анна Витальевна,1,2021,2021
PERS_69750b7c,Мазурина Валентина Николаевна,PERS_9366fe2c,Крыштоп Людмила Эдуардовна,1,2021,2021
PERS_69750b7c,Мазурина Валентина Николаевна,PERS_9a855a7b,Альбедиль Маргарита Федоровна,1,2019,2019
PERS_69750b7c,Мазурина Валентина Николаевна,PERS_9d99092c,Рыбаков Р. Б.,1,2022,2022
PERS_69750b7c,Мазурина Валентина Николаевна,PERS_9e9c9566,Лекарева Ева Павловна,1,2021,2021
PERS_69750b7c,Мазурина Валентина Николаевна,PERS_9f398436,Куликов Леонид Игоревич,1,2021,2021
PERS_69750b7c,Мазурина Валентина Николаевна,PERS_a0264ac5,Бурмистров Сергей Леонидович,1,2021,2021
PERS_69750b7c,Мазурина Валентина Николаевна,PERS_a0f3d86d,Сергеева Варвара Алексеевна,1,2008,2008
PERS_69750b7c,Мазурина Валентина Николаевна,PERS_a901d460,Фаградян Марина Александровна,3,2016,2025
PERS_69750b7c,Мазурина Валентина Николаевна,PERS_ab6bf9e3,Смирнов Борис Леонидович,2,2021,2022
PERS_69750b7c,Мазурина Валентина Николаевна,PERS_b2c121e9,Успенская Елена Николаевна,2,2019,2022
PERS_69750b7c,Мазурина Валентина Николаевна,PERS_b4cdbfb8,Эрман Владимир Гансович,1,2022,2022
PERS_69750b7c,Мазурина Валентина Николаевна,PERS_ba537782,М. И. Петрова,2,2021,2022
PERS_69750b7c,Мазурина Валентина Николаевна,PERS_bbb9116e,Кальянов Владимир Иванович,1,2022,2022
PERS_69750b7c,Мазурина Валентина Николаевна,PERS_bc97fb65,Краснодембская Нина Георгиевна,1,2019,2019
PERS_69750b7c,Мазурина Валентина Николаевна,PERS_bd77e495,Корнеев Геннадий Батыревич,1,2025,2025
PERS_69750b7c,Мазурина Валентина Николаевна,PERS_c0b7485d,Серебряков Игорь Дмитриевич,1,2022,2022
PERS_69750b7c,Мазурина Валентина Николаевна,PERS_c48611e0,Островская Елена Петровна,1,2021,2021
PERS_69750b7c,Мазурина Валентина Николаевна,PERS_c52dfaa0,Цветкова Светлана Олеговна,1,2022,2022
PERS_69750b7c,Мазурина Валентина Николаевна,PERS_d3c5382c,Попова Ирина Фёдоровна,1,2022,2022
PERS_69750b7c,Мазурина Валентина Николаевна,PERS_d98da899,Рыжакова Светлана Игоревна,1,2021,2021
PERS_69750b7c,Мазурина Валентина Николаевна,PERS_d9d69ac2,Петров Павел Яковлевич,2,2019,2022
PERS_69750b7c,Мазурина Валентина Николаевна,PERS_db046be0,Сабирова Римма Наилевна,1,2021,2021
PERS_69750b7c,Мазурина Валентина Николаевна,PERS_dd17649f,Светлов Роман Викторович,1,2008,2008
PERS_69750b7c,Мазурина Валентина Николаевна,PERS_e31ca12d,Вечерина Ольга Павловна,1,2021,2021
PERS_69750b7c,Мазурина Валентина Николаевна,PERS_e5a5ac24,Невелева Светлана Леонидовна,1,2019,2019
PERS_69750b7c,Мазурина Валентина Николаевна,PERS_ed83f502,Селиванова Тамара Петровна,1,2019,2019
PERS_69750b7c,Мазурина Валентина Николаевна,PERS_f56c5a7e,Жукова Любовь Евгеньевна,3,2008,2021
PERS_69750b7c,Мазурина Валентина Николаевна,PERS_f5b8b340,Вигасин Алексей Алексеевич,1,2016,2016
PERS_69750b7c,Мазурина Валентина Николаевна,PERS_f8ab5755,Оранская Татьяна Иосифовна,2,2019,2022
PERS_69750b7c,Мазурина Валентина Николаевна,PERS_f940c5b3,Стрелкова Гюзэль Владимировна,1,2021,2021
PERS_6a84adb8,Макаев Энвер Ахмедович,PERS_6ae5c779,Фивейская Анастасия Васильевна,1,2021,2021
PERS_6a84adb8,Макаев Энвер Ахмедович,PERS_6b867946,Смирнова Екатерина Викторовна,1,2021,2021
PERS_6a84adb8,Макаев Энвер Ахмедович,PERS_72506535,Крылова Анастасия Сергеевна,1,2021,2021
PERS_6a84adb8,Макаев Энвер Ахмедович,PERS_7f908d49,Стрельцова Лилия Александровна,1,2021,2021
PERS_6a84adb8,Макаев Энвер Ахмедович,PERS_829c1de5,Васильков Ярослав Владимирович,1,2021,2021
PERS_6a84adb8,Макаев Энвер Ахмедович,PERS_8516d1e4,Гасунс Марцис Юрьевич,2,2018,2021
PERS_6a84adb8,Макаев Энвер Ахмедович,PERS_91b473b1,Челнокова Анна Витальевна,1,2021,2021
PERS_6a84adb8,Макаев Энвер Ахмедович,PERS_9366fe2c,Крыштоп Людмила Эдуардовна,1,2021,2021
PERS_6a84adb8,Макаев Энвер Ахмедович,PERS_9e9c9566,Лекарева Ева Павловна,1,2021,2021
PERS_6a84adb8,Макаев Энвер Ахмедович,PERS_9f398436,Куликов Леонид Игоревич,1,2021,2021
PERS_6a84adb8,Макаев Энвер Ахмедович,PERS_a0264ac5,Бурмистров Сергей Леонидович,1,2021,2021
PERS_6a84adb8,Макаев Энвер Ахмедович,PERS_a901d460,Фаградян Марина Александровна,1,2021,2021
PERS_6a84adb8,Макаев Энвер Ахмедович,PERS_ab6bf9e3,Смирнов Борис Леонидович,1,2021,2021
PERS_6a84adb8,Макаев Энвер Ахмедович,PERS_b4cdbfb8,Эрман Владимир Гансович,1,2018,2018
PERS_6a84adb8,Макаев Энвер Ахмедович,PERS_ba537782,М. И. Петрова,1,2021,2021
PERS_6a84adb8,Макаев Энвер Ахмедович,PERS_c48611e0,Островская Елена Петровна,1,2021,2021
PERS_6a84adb8,Макаев Энвер Ахмедович,PERS_d98da899,Рыжакова Светлана Игоревна,1,2021,2021
PERS_6a84adb8,Макаев Энвер Ахмедович,PERS_db046be0,Сабирова Римма Наилевна,1,2021,2021
PERS_6a84adb8,Макаев Энвер Ахмедович,PERS_e31ca12d,Вечерина Ольга Павловна,1,2021,2021
PERS_6a84adb8,Макаев Энвер Ахмедович,PERS_ebc1c3c2,Лундышева Ольга Владимировна,1,2026,2026
PERS_6a84adb8,Макаев Энвер Ахмедович,PERS_f56c5a7e,Жукова Любовь Евгеньевна,1,2021,2021
PERS_6a84adb8,Макаев Энвер Ахмедович,PERS_f940c5b3,Стрелкова Гюзэль Владимировна,1,2021,2021
PERS_6ae5c779,Фивейская Анастасия Васильевна,PERS_6b867946,Смирнова Екатерина Викторовна,1,2021,2021
PERS_6ae5c779,Фивейская Анастасия Васильевна,PERS_6e211759,Иванов Владимир Павлович,1,2021,2021
PERS_6ae5c779,Фивейская Анастасия Васильевна,PERS_72506535,Крылова Анастасия Сергеевна,3,2021,2024
PERS_6ae5c779,Фивейская Анастасия Васильевна,PERS_7542d270,Демченко Максим Борисович,2,2021,2024
PERS_6ae5c779,Фивейская Анастасия Васильевна,PERS_7f908d49,Стрельцова Лилия Александровна,2,2021,2024
PERS_6ae5c779,Фивейская Анастасия Васильевна,PERS_8108c314,Ерченков Олег Николаевич,1,2024,2024
PERS_6ae5c779,Фивейская Анастасия Васильевна,PERS_829c1de5,Васильков Ярослав Владимирович,3,2021,2024
PERS_6ae5c779,Фивейская Анастасия Васильевна,PERS_8516d1e4,Гасунс Марцис Юрьевич,3,2021,2024
PERS_6ae5c779,Фивейская Анастасия Васильевна,PERS_8df3730a,Донченко Сергей Сергеевич,1,2024,2024
PERS_6ae5c779,Фивейская Анастасия Васильевна,PERS_8df81b6d,Лужинская Полина Александровна,1,2024,2024
PERS_6ae5c779,Фивейская Анастасия Васильевна,PERS_8e117242,Юдицкая Екатерина Алексеевна,1,2021,2021
PERS_6ae5c779,Фивейская Анастасия Васильевна,PERS_91b473b1,Челнокова Анна Витальевна,2,2021,2024
PERS_6ae5c779,Фивейская Анастасия Васильевна,PERS_9366fe2c,Крыштоп Людмила Эдуардовна,1,2021,2021
PERS_6ae5c779,Фивейская Анастасия Васильевна,PERS_93e2effb,Комиссаров Дмитрий Алексеевич,2,2021,2024
PERS_6ae5c779,Фивейская Анастасия Васильевна,PERS_9a855a7b,Альбедиль Маргарита Федоровна,2,2021,2024
PERS_6ae5c779,Фивейская Анастасия Васильевна,PERS_9d99092c,Рыбаков Р. Б.,2,2021,2024
PERS_6ae5c779,Фивейская Анастасия Васильевна,PERS_9e9c9566,Лекарева Ева Павловна,2,2021,2024
PERS_6ae5c779,Фивейская Анастасия Васильевна,PERS_9f398436,Куликов Леонид Игоревич,1,2021,2021
PERS_6ae5c779,Фивейская Анастасия Васильевна,PERS_a0264ac5,Бурмистров Сергей Леонидович,3,2021,2024
PERS_6ae5c779,Фивейская Анастасия Васильевна,PERS_a84aedaa,Шомахмадов Сафарали Хайбуллоевич,1,2021,2021
PERS_6ae5c779,Фивейская Анастасия Васильевна,PERS_a901d460,Фаградян Марина Александровна,1,2021,2021
PERS_6ae5c779,Фивейская Анастасия Васильевна,PERS_ab6bf9e3,Смирнов Борис Леонидович,1,2021,2021
PERS_6ae5c779,Фивейская Анастасия Васильевна,PERS_b76851a7,Митруев Бембя Леонидович,1,2021,2021
PERS_6ae5c779,Фивейская Анастасия Васильевна,PERS_ba537782,М. И. Петрова,1,2021,2021
PERS_6ae5c779,Фивейская Анастасия Васильевна,PERS_bbd15f4f,Степин А. А.,1,2024,2024
PERS_6ae5c779,Фивейская Анастасия Васильевна,PERS_bc97fb65,Краснодембская Нина Георгиевна,2,2021,2024
PERS_6ae5c779,Фивейская Анастасия Васильевна,PERS_bcaec2d8,Дружинин Владимир Юрьевич,1,2021,2021
PERS_6ae5c779,Фивейская Анастасия Васильевна,PERS_bd77e495,Корнеев Геннадий Батыревич,2,2021,2024
PERS_6ae5c779,Фивейская Анастасия Васильевна,PERS_c48611e0,Островская Елена Петровна,3,2021,2024
PERS_6ae5c779,Фивейская Анастасия Васильевна,PERS_c52dfaa0,Цветкова Светлана Олеговна,1,2021,2021
PERS_6ae5c779,Фивейская Анастасия Васильевна,PERS_c5677a3f,Зорин Алексей Валерьевич,1,2021,2021
PERS_6ae5c779,Фивейская Анастасия Васильевна,PERS_cb52ebc2,Лемешкина Ксения Вячеславовна,1,2024,2024
PERS_6ae5c779,Фивейская Анастасия Васильевна,PERS_cd0d4845,Обермиллер Евгений Евгеньевич,1,2024,2024
PERS_6ae5c779,Фивейская Анастасия Васильевна,PERS_ced3d7b4,Молина Анна Валерьевна,1,2024,2024
PERS_6ae5c779,Фивейская Анастасия Васильевна,PERS_cfb92c5f,Уланский Евгений Андреевич,1,2021,2021
PERS_6ae5c779,Фивейская Анастасия Васильевна,PERS_d218805b,Крюкова Виктория Юрьевна,1,2024,2024
PERS_6ae5c779,Фивейская Анастасия Васильевна,PERS_d3c5382c,Попова Ирина Фёдоровна,1,2021,2021
PERS_6ae5c779,Фивейская Анастасия Васильевна,PERS_d98da899,Рыжакова Светлана Игоревна,3,2021,2024
PERS_6ae5c779,Фивейская Анастасия Васильевна,PERS_db046be0,Сабирова Римма Наилевна,2,2021,2021
PERS_6ae5c779,Фивейская Анастасия Васильевна,PERS_e1dd6b3e,Лидова Наталья Ростиславовна,2,2021,2024
PERS_6ae5c779,Фивейская Анастасия Васильевна,PERS_e31ca12d,Вечерина Ольга Павловна,2,2021,2021
PERS_6ae5c779,Фивейская Анастасия Васильевна,PERS_f2fef030,Мехакян Арег Гайкович,1,2021,2021
PERS_6ae5c779,Фивейская Анастасия Васильевна,PERS_f56c5a7e,Жукова Любовь Евгеньевна,2,2021,2024
PERS_6ae5c779,Фивейская Анастасия Васильевна,PERS_f8ab5755,Оранская Татьяна Иосифовна,1,2024,2024
PERS_6ae5c779,Фивейская Анастасия Васильевна,PERS_f940c5b3,Стрелкова Гюзэль Владимировна,2,2021,2024
PERS_6ae5c779,Фивейская Анастасия Васильевна,PERS_fb25c80f,Ермакова Татьяна Викторовна,2,2021,2024
PERS_6b06637e,Ильин Григорий Фёдорович,PERS_6b867946,Смирнова Екатерина Викторовна,1,2014,2014
PERS_6b06637e,Ильин Григорий Фёдорович,PERS_6d302e31,Лебедев Герасим Степанович,1,2022,2022
PERS_6b06637e,Ильин Григорий Фёдорович,PERS_6e211759,Иванов Владимир Павлович,4,2012,2022
PERS_6b06637e,Ильин Григорий Фёдорович,PERS_72932969,Рерих Юрий Николаевич,2,2021,2022
PERS_6b06637e,Ильин Григорий Фёдорович,PERS_773647fc,Баранников Алексей Петрович,2,2012,2022
PERS_6b06637e,Ильин Григорий Фёдорович,PERS_7da0afff,Демичев Кирилл Андреевич,1,2022,2022
PERS_6b06637e,Ильин Григорий Фёдорович,PERS_82364943,Миллер Всеволод Фёдорович,1,2013,2013
PERS_6b06637e,Ильин Григорий Фёдорович,PERS_829c1de5,Васильков Ярослав Владимирович,2,2012,2013
PERS_6b06637e,Ильин Григорий Фёдорович,PERS_8516d1e4,Гасунс Марцис Юрьевич,2,2018,2026
PERS_6b06637e,Ильин Григорий Фёдорович,PERS_9366fe2c,Крыштоп Людмила Эдуардовна,1,2026,2026
PERS_6b06637e,Ильин Григорий Фёдорович,PERS_9d99092c,Рыбаков Р. Б.,2,2022,2026
PERS_6b06637e,Ильин Григорий Фёдорович,PERS_9f398436,Куликов Леонид Игоревич,1,2012,2012
PERS_6b06637e,Ильин Григорий Фёдорович,PERS_a0f3d86d,Сергеева Варвара Алексеевна,3,2012,2021
PERS_6b06637e,Ильин Григорий Фёдорович,PERS_a638a4b3,Федорова Наталья Леонидовна,3,2013,2021
PERS_6b06637e,Ильин Григорий Фёдорович,PERS_a7f41469,Антонова Кока Александровна,1,2021,2021
PERS_6b06637e,Ильин Григорий Фёдорович,PERS_a901d460,Фаградян Марина Александровна,1,2021,2021
PERS_6b06637e,Ильин Григорий Фёдорович,PERS_aa964a12,Самозванцев Андрей Михайлович,1,2012,2012
PERS_6b06637e,Ильин Григорий Фёдорович,PERS_ab6bf9e3,Смирнов Борис Леонидович,4,2012,2022
PERS_6b06637e,Ильин Григорий Фёдорович,PERS_b2c121e9,Успенская Елена Николаевна,3,2010,2022
PERS_6b06637e,Ильин Григорий Фёдорович,PERS_b4cdbfb8,Эрман Владимир Гансович,2,2012,2022
PERS_6b06637e,Ильин Григорий Фёдорович,PERS_b881461b,Яковлева Мария Николаевна,4,2012,2026
PERS_6b06637e,Ильин Григорий Фёдорович,PERS_ba537782,М. И. Петрова,1,2022,2022
PERS_6b06637e,Ильин Григорий Фёдорович,PERS_bbb9116e,Кальянов Владимир Иванович,1,2022,2022
PERS_6b06637e,Ильин Григорий Фёдорович,PERS_bd77e495,Корнеев Геннадий Батыревич,1,2026,2026
PERS_6b06637e,Ильин Григорий Фёдорович,PERS_c0b7485d,Серебряков Игорь Дмитриевич,1,2022,2022
PERS_6b06637e,Ильин Григорий Фёдорович,PERS_c48611e0,Островская Елена Петровна,1,2014,2014
PERS_6b06637e,Ильин Григорий Фёдорович,PERS_c52dfaa0,Цветкова Светлана Олеговна,1,2022,2022
PERS_6b06637e,Ильин Григорий Фёдорович,PERS_c582889e,Иткин Илья Борисович,1,2018,2018
PERS_6b06637e,Ильин Григорий Фёдорович,PERS_cfb92c5f,Уланский Евгений Андреевич,1,2018,2018
PERS_6b06637e,Ильин Григорий Фёдорович,PERS_d3c5382c,Попова Ирина Фёдоровна,1,2022,2022
PERS_6b06637e,Ильин Григорий Фёдорович,PERS_d9d69ac2,Петров Павел Яковлевич,2,2021,2022
PERS_6b06637e,Ильин Григорий Фёдорович,PERS_dd17649f,Светлов Роман Викторович,1,2021,2021
PERS_6b06637e,Ильин Григорий Фёдорович,PERS_dfaf6803,Борисов Яков Александрович,1,2021,2021
PERS_6b06637e,Ильин Григорий Фёдорович,PERS_e5a5ac24,Невелева Светлана Леонидовна,2,2012,2013
PERS_6b06637e,Ильин Григорий Фёдорович,PERS_f1f2471d,Игнатова Мария Михайловна,1,2021,2021
PERS_6b06637e,Ильин Григорий Фёдорович,PERS_f56c5a7e,Жукова Любовь Евгеньевна,2,2013,2015
PERS_6b06637e,Ильин Григорий Фёдорович,PERS_f5b8b340,Вигасин Алексей Алексеевич,1,2012,2012
PERS_6b06637e,Ильин Григорий Фёдорович,PERS_f6f68d4b,Ульяновский Ростислав Александрович,1,2026,2026
PERS_6b06637e,Ильин Григорий Фёдорович,PERS_f8ab5755,Оранская Татьяна Иосифовна,1,2022,2022
PERS_6b867946,Смирнова Екатерина Викторовна,PERS_6d302e31,Лебедев Герасим Степанович,1,2011,2011
PERS_6b867946,Смирнова Екатерина Викторовна,PERS_6e211759,Иванов Владимир Павлович,1,2011,2011
PERS_6b867946,Смирнова Екатерина Викторовна,PERS_72506535,Крылова Анастасия Сергеевна,1,2021,2021
PERS_6b867946,Смирнова Екатерина Викторовна,PERS_72932969,Рерих Юрий Николаевич,1,2014,2014
PERS_6b867946,Смирнова Екатерина Викторовна,PERS_773647fc,Баранников Алексей Петрович,1,2025,2025
PERS_6b867946,Смирнова Екатерина Викторовна,PERS_7da0afff,Демичев Кирилл Андреевич,1,2013,2013
PERS_6b867946,Смирнова Екатерина Викторовна,PERS_7f908d49,Стрельцова Лилия Александровна,1,2021,2021
PERS_6b867946,Смирнова Екатерина Викторовна,PERS_8108c314,Ерченков Олег Николаевич,1,2015,2015
PERS_6b867946,Смирнова Екатерина Викторовна,PERS_82364943,Миллер Всеволод Фёдорович,1,2011,2011
PERS_6b867946,Смирнова Екатерина Викторовна,PERS_829c1de5,Васильков Ярослав Владимирович,6,2020,2025
PERS_6b867946,Смирнова Екатерина Викторовна,PERS_8516d1e4,Гасунс Марцис Юрьевич,10,2011,2025
PERS_6b867946,Смирнова Екатерина Викторовна,PERS_91b473b1,Челнокова Анна Витальевна,1,2021,2021
PERS_6b867946,Смирнова Екатерина Викторовна,PERS_9366fe2c,Крыштоп Людмила Эдуардовна,4,2012,2025
PERS_6b867946,Смирнова Екатерина Викторовна,PERS_9e9c9566,Лекарева Ева Павловна,1,2021,2021
PERS_6b867946,Смирнова Екатерина Викторовна,PERS_9f398436,Куликов Леонид Игоревич,1,2021,2021
PERS_6b867946,Смирнова Екатерина Викторовна,PERS_a0264ac5,Бурмистров Сергей Леонидович,1,2021,2021
PERS_6b867946,Смирнова Екатерина Викторовна,PERS_a0f3d86d,Сергеева Варвара Алексеевна,2,2010,2014
PERS_6b867946,Смирнова Екатерина Викторовна,PERS_a638a4b3,Федорова Наталья Леонидовна,1,2014,2014
PERS_6b867946,Смирнова Екатерина Викторовна,PERS_a901d460,Фаградян Марина Александровна,1,2021,2021
PERS_6b867946,Смирнова Екатерина Викторовна,PERS_ab6bf9e3,Смирнов Борис Леонидович,40,2009,2025
PERS_6b867946,Смирнова Екатерина Викторовна,PERS_b4cdbfb8,Эрман Владимир Гансович,2,2009,2012
PERS_6b867946,Смирнова Екатерина Викторовна,PERS_b881461b,Яковлева Мария Николаевна,3,2011,2014
PERS_6b867946,Смирнова Екатерина Викторовна,PERS_ba537782,М. И. Петрова,2,2011,2021
PERS_6b867946,Смирнова Екатерина Викторовна,PERS_bbb9116e,Кальянов Владимир Иванович,2,2011,2025
PERS_6b867946,Смирнова Екатерина Викторовна,PERS_c48611e0,Островская Елена Петровна,3,2009,2021
PERS_6b867946,Смирнова Екатерина Викторовна,PERS_cfb92c5f,Уланский Евгений Андреевич,3,2021,2025
PERS_6b867946,Смирнова Екатерина Викторовна,PERS_d3c5382c,Попова Ирина Фёдоровна,1,2025,2025
PERS_6b867946,Смирнова Екатерина Викторовна,PERS_d6ade703,Кожевникова Маргарита Николаевна,1,2010,2010
PERS_6b867946,Смирнова Екатерина Викторовна,PERS_d98da899,Рыжакова Светлана Игоревна,1,2021,2021
PERS_6b867946,Смирнова Екатерина Викторовна,PERS_d9d69ac2,Петров Павел Яковлевич,1,2011,2011
PERS_6b867946,Смирнова Екатерина Викторовна,PERS_db046be0,Сабирова Римма Наилевна,1,2021,2021
PERS_6b867946,Смирнова Екатерина Викторовна,PERS_dfaf6803,Борисов Яков Александрович,5,2009,2025
PERS_6b867946,Смирнова Екатерина Викторовна,PERS_e31ca12d,Вечерина Ольга Павловна,1,2021,2021
PERS_6b867946,Смирнова Екатерина Викторовна,PERS_e5a5ac24,Невелева Светлана Леонидовна,3,2011,2025
PERS_6b867946,Смирнова Екатерина Викторовна,PERS_e8396809,Вишну Шукла,1,2014,2014
PERS_6b867946,Смирнова Екатерина Викторовна,PERS_f56c5a7e,Жукова Любовь Евгеньевна,7,2009,2024
PERS_6b867946,Смирнова Екатерина Викторовна,PERS_f5a69b65,Кройцер Светлана Александровна,1,2023,2023
PERS_6b867946,Смирнова Екатерина Викторовна,PERS_f5b8b340,Вигасин Алексей Алексеевич,2,2011,2013
PERS_6b867946,Смирнова Екатерина Викторовна,PERS_f940c5b3,Стрелкова Гюзэль Владимировна,1,2021,2021
PERS_6d302e31,Лебедев Герасим Степанович,PERS_6e211759,Иванов Владимир Павлович,2,2011,2022
PERS_6d302e31,Лебедев Герасим Степанович,PERS_72932969,Рерих Юрий Николаевич,2,2021,2022
PERS_6d302e31,Лебедев Герасим Степанович,PERS_773647fc,Баранников Алексей Петрович,3,2012,2022
PERS_6d302e31,Лебедев Герасим Степанович,PERS_7da0afff,Демичев Кирилл Андреевич,1,2022,2022
PERS_6d302e31,Лебедев Герасим Степанович,PERS_82364943,Миллер Всеволод Фёдорович,2,2011,2012
PERS_6d302e31,Лебедев Герасим Степанович,PERS_823c1a9f,Розенберг Оттон Оттонович,1,2021,2021
PERS_6d302e31,Лебедев Герасим Степанович,PERS_829c1de5,Васильков Ярослав Владимирович,1,2021,2021
PERS_6d302e31,Лебедев Герасим Степанович,PERS_8516d1e4,Гасунс Марцис Юрьевич,4,2007,2020
PERS_6d302e31,Лебедев Герасим Степанович,PERS_9a855a7b,Альбедиль Маргарита Федоровна,1,2021,2021
PERS_6d302e31,Лебедев Герасим Степанович,PERS_9d99092c,Рыбаков Р. Б.,1,2022,2022
PERS_6d302e31,Лебедев Герасим Степанович,PERS_9f398436,Куликов Леонид Игоревич,1,2007,2007
PERS_6d302e31,Лебедев Герасим Степанович,PERS_a901d460,Фаградян Марина Александровна,1,2007,2007
PERS_6d302e31,Лебедев Герасим Степанович,PERS_ab6bf9e3,Смирнов Борис Леонидович,3,2011,2022
PERS_6d302e31,Лебедев Герасим Степанович,PERS_b2c121e9,Успенская Елена Николаевна,1,2022,2022
PERS_6d302e31,Лебедев Герасим Степанович,PERS_b4cdbfb8,Эрман Владимир Гансович,1,2022,2022
PERS_6d302e31,Лебедев Герасим Степанович,PERS_b881461b,Яковлева Мария Николаевна,1,2011,2011
PERS_6d302e31,Лебедев Герасим Степанович,PERS_ba537782,М. И. Петрова,6,2007,2022
PERS_6d302e31,Лебедев Герасим Степанович,PERS_bbb9116e,Кальянов Владимир Иванович,3,2007,2022
PERS_6d302e31,Лебедев Герасим Степанович,PERS_c0b7485d,Серебряков Игорь Дмитриевич,2,2007,2022
PERS_6d302e31,Лебедев Герасим Степанович,PERS_c52dfaa0,Цветкова Светлана Олеговна,1,2022,2022
PERS_6d302e31,Лебедев Герасим Степанович,PERS_cd0d4845,Обермиллер Евгений Евгеньевич,1,2015,2015
PERS_6d302e31,Лебедев Герасим Степанович,PERS_cfb92c5f,Уланский Евгений Андреевич,2,2020,2023
PERS_6d302e31,Лебедев Герасим Степанович,PERS_d3c5382c,Попова Ирина Фёдоровна,2,2007,2022
PERS_6d302e31,Лебедев Герасим Степанович,PERS_d9d69ac2,Петров Павел Яковлевич,7,2007,2022
PERS_6d302e31,Лебедев Герасим Степанович,PERS_dfaf6803,Борисов Яков Александрович,1,2011,2011
PERS_6d302e31,Лебедев Герасим Степанович,PERS_e5a5ac24,Невелева Светлана Леонидовна,2,2011,2021
PERS_6d302e31,Лебедев Герасим Степанович,PERS_f5b8b340,Вигасин Алексей Алексеевич,1,2011,2011
PERS_6d302e31,Лебедев Герасим Степанович,PERS_f8ab5755,Оранская Татьяна Иосифовна,1,2022,2022
PERS_6e211759,Иванов Владимир Павлович,PERS_72506535,Крылова Анастасия Сергеевна,2,2021,2026
PERS_6e211759,Иванов Владимир Павлович,PERS_72932969,Рерих Юрий Николаевич,3,2021,2025
PERS_6e211759,Иванов Владимир Павлович,PERS_7542d270,Демченко Максим Борисович,3,2021,2026
PERS_6e211759,Иванов Владимир Павлович,PERS_773647fc,Баранников Алексей Петрович,2,2012,2022
PERS_6e211759,Иванов Владимир Павлович,PERS_7da0afff,Демичев Кирилл Андреевич,1,2022,2022
PERS_6e211759,Иванов Владимир Павлович,PERS_82364943,Миллер Всеволод Фёдорович,3,2011,2013
PERS_6e211759,Иванов Владимир Павлович,PERS_829c1de5,Васильков Ярослав Владимирович,4,2012,2026
PERS_6e211759,Иванов Владимир Павлович,PERS_8516d1e4,Гасунс Марцис Юрьевич,16,2011,2026
PERS_6e211759,Иванов Владимир Павлович,PERS_8df81b6d,Лужинская Полина Александровна,1,2026,2026
PERS_6e211759,Иванов Владимир Павлович,PERS_8e117242,Юдицкая Екатерина Алексеевна,1,2021,2021
PERS_6e211759,Иванов Владимир Павлович,PERS_91b473b1,Челнокова Анна Витальевна,1,2026,2026
PERS_6e211759,Иванов Владимир Павлович,PERS_92f41884,Касым Софья Васильевна,1,2026,2026
PERS_6e211759,Иванов Владимир Павлович,PERS_93e2effb,Комиссаров Дмитрий Алексеевич,2,2021,2026
PERS_6e211759,Иванов Владимир Павлович,PERS_9a855a7b,Альбедиль Маргарита Федоровна,2,2021,2026
PERS_6e211759,Иванов Владимир Павлович,PERS_9d99092c,Рыбаков Р. Б.,4,2011,2026
PERS_6e211759,Иванов Владимир Павлович,PERS_9e9c9566,Лекарева Ева Павловна,1,2026,2026
PERS_6e211759,Иванов Владимир Павлович,PERS_9f398436,Куликов Леонид Игоревич,2,2012,2026
PERS_6e211759,Иванов Владимир Павлович,PERS_a0264ac5,Бурмистров Сергей Леонидович,2,2021,2026
PERS_6e211759,Иванов Владимир Павлович,PERS_a0f3d86d,Сергеева Варвара Алексеевна,6,2009,2026
PERS_6e211759,Иванов Владимир Павлович,PERS_a638a4b3,Федорова Наталья Леонидовна,4,2013,2026
PERS_6e211759,Иванов Владимир Павлович,PERS_a7f41469,Антонова Кока Александровна,1,2021,2021
PERS_6e211759,Иванов Владимир Павлович,PERS_a84aedaa,Шомахмадов Сафарали Хайбуллоевич,2,2021,2026
PERS_6e211759,Иванов Владимир Павлович,PERS_a901d460,Фаградян Марина Александровна,5,2009,2026
PERS_6e211759,Иванов Владимир Павлович,PERS_aa964a12,Самозванцев Андрей Михайлович,1,2012,2012
PERS_6e211759,Иванов Владимир Павлович,PERS_ab6bf9e3,Смирнов Борис Леонидович,4,2011,2022
PERS_6e211759,Иванов Владимир Павлович,PERS_b2c121e9,Успенская Елена Николаевна,2,2021,2022
PERS_6e211759,Иванов Владимир Павлович,PERS_b4cdbfb8,Эрман Владимир Гансович,2,2012,2022
PERS_6e211759,Иванов Владимир Павлович,PERS_b76851a7,Митруев Бембя Леонидович,1,2021,2021
PERS_6e211759,Иванов Владимир Павлович,PERS_b881461b,Яковлева Мария Николаевна,4,2011,2026
PERS_6e211759,Иванов Владимир Павлович,PERS_ba537782,М. И. Петрова,2,2011,2022
PERS_6e211759,Иванов Владимир Павлович,PERS_bbb9116e,Кальянов Владимир Иванович,2,2011,2022
PERS_6e211759,Иванов Владимир Павлович,PERS_bc97fb65,Краснодембская Нина Георгиевна,1,2021,2021
PERS_6e211759,Иванов Владимир Павлович,PERS_bcaec2d8,Дружинин Владимир Юрьевич,2,2021,2025
PERS_6e211759,Иванов Владимир Павлович,PERS_bd77e495,Корнеев Геннадий Батыревич,2,2021,2026
PERS_6e211759,Иванов Владимир Павлович,PERS_c0b7485d,Серебряков Игорь Дмитриевич,1,2022,2022
PERS_6e211759,Иванов Владимир Павлович,PERS_c48611e0,Островская Елена Петровна,1,2021,2021
PERS_6e211759,Иванов Владимир Павлович,PERS_c52dfaa0,Цветкова Светлана Олеговна,3,2021,2026
PERS_6e211759,Иванов Владимир Павлович,PERS_c5677a3f,Зорин Алексей Валерьевич,1,2021,2021
PERS_6e211759,Иванов Владимир Павлович,PERS_cb52ebc2,Лемешкина Ксения Вячеславовна,1,2026,2026
PERS_6e211759,Иванов Владимир Павлович,PERS_ced3d7b4,Молина Анна Валерьевна,1,2026,2026
PERS_6e211759,Иванов Владимир Павлович,PERS_cfb92c5f,Уланский Евгений Андреевич,3,2017,2021
PERS_6e211759,Иванов Владимир Павлович,PERS_d01427ca,Бещук Юлия Владимировна,1,2026,2026
PERS_6e211759,Иванов Владимир Павлович,PERS_d3c5382c,Попова Ирина Фёдоровна,3,2021,2026
PERS_6e211759,Иванов Владимир Павлович,PERS_d98da899,Рыжакова Светлана Игоревна,2,2021,2026
PERS_6e211759,Иванов Владимир Павлович,PERS_d9d69ac2,Петров Павел Яковлевич,6,2011,2026
PERS_6e211759,Иванов Владимир Павлович,PERS_db046be0,Сабирова Римма Наилевна,2,2021,2026
PERS_6e211759,Иванов Владимир Павлович,PERS_dd17649f,Светлов Роман Викторович,1,2021,2021
PERS_6e211759,Иванов Владимир Павлович,PERS_dfaf6803,Борисов Яков Александрович,2,2011,2021
PERS_6e211759,Иванов Владимир Павлович,PERS_e1dd6b3e,Лидова Наталья Ростиславовна,2,2021,2026
PERS_6e211759,Иванов Владимир Павлович,PERS_e31ca12d,Вечерина Ольга Павловна,1,2021,2021
PERS_6e211759,Иванов Владимир Павлович,PERS_e5a5ac24,Невелева Светлана Леонидовна,3,2011,2013
PERS_6e211759,Иванов Владимир Павлович,PERS_ebc1c3c2,Лундышева Ольга Владимировна,2,2025,2026
PERS_6e211759,Иванов Владимир Павлович,PERS_f19cd8a1,Котин Игорь Юрьевич,1,2026,2026
PERS_6e211759,Иванов Владимир Павлович,PERS_f1f2471d,Игнатова Мария Михайловна,1,2021,2021
PERS_6e211759,Иванов Владимир Павлович,PERS_f2fef030,Мехакян Арег Гайкович,1,2021,2021
PERS_6e211759,Иванов Владимир Павлович,PERS_f56c5a7e,Жукова Любовь Евгеньевна,5,2009,2014
PERS_6e211759,Иванов Владимир Павлович,PERS_f5b8b340,Вигасин Алексей Алексеевич,3,2011,2016
PERS_6e211759,Иванов Владимир Павлович,PERS_f8ab5755,Оранская Татьяна Иосифовна,2,2022,2026
PERS_6e211759,Иванов Владимир Павлович,PERS_fb25c80f,Ермакова Татьяна Викторовна,2,2021,2026
PERS_72506535,Крылова Анастасия Сергеевна,PERS_72932969,Рерих Юрий Николаевич,1,2021,2021
PERS_72506535,Крылова Анастасия Сергеевна,PERS_7542d270,Демченко Максим Борисович,4,2019,2026
PERS_72506535,Крылова Анастасия Сергеевна,PERS_7eb0dc30,Зимина Татьяна Александровна,1,2019,2019
PERS_72506535,Крылова Анастасия Сергеевна,PERS_7f908d49,Стрельцова Лилия Александровна,3,2019,2024
PERS_72506535,Крылова Анастасия Сергеевна,PERS_8108c314,Ерченков Олег Николаевич,2,2019,2024
PERS_72506535,Крылова Анастасия Сергеевна,PERS_82364943,Миллер Всеволод Фёдорович,1,2015,2015
PERS_72506535,Крылова Анастасия Сергеевна,PERS_829c1de5,Васильков Ярослав Владимирович,7,2014,2026
PERS_72506535,Крылова Анастасия Сергеевна,PERS_8516d1e4,Гасунс Марцис Юрьевич,6,2016,2025
PERS_72506535,Крылова Анастасия Сергеевна,PERS_8df3730a,Донченко Сергей Сергеевич,2,2019,2024
PERS_72506535,Крылова Анастасия Сергеевна,PERS_8df81b6d,Лужинская Полина Александровна,2,2024,2026
PERS_72506535,Крылова Анастасия Сергеевна,PERS_8e117242,Юдицкая Екатерина Алексеевна,3,2019,2021
PERS_72506535,Крылова Анастасия Сергеевна,PERS_91b473b1,Челнокова Анна Витальевна,3,2021,2026
PERS_72506535,Крылова Анастасия Сергеевна,PERS_92f41884,Касым Софья Васильевна,1,2026,2026
PERS_72506535,Крылова Анастасия Сергеевна,PERS_9366fe2c,Крыштоп Людмила Эдуардовна,1,2021,2021
PERS_72506535,Крылова Анастасия Сергеевна,PERS_9374fd12,Вырщиков Евгений Геннадьевич,1,2021,2021
PERS_72506535,Крылова Анастасия Сергеевна,PERS_93e2effb,Комиссаров Дмитрий Алексеевич,3,2021,2026
PERS_72506535,Крылова Анастасия Сергеевна,PERS_9a855a7b,Альбедиль Маргарита Федоровна,4,2019,2026
PERS_72506535,Крылова Анастасия Сергеевна,PERS_9d99092c,Рыбаков Р. Б.,4,2019,2026
PERS_72506535,Крылова Анастасия Сергеевна,PERS_9e9c9566,Лекарева Ева Павловна,3,2021,2026
PERS_72506535,Крылова Анастасия Сергеевна,PERS_9f398436,Куликов Леонид Игоревич,4,2021,2026
PERS_72506535,Крылова Анастасия Сергеевна,PERS_a0264ac5,Бурмистров Сергей Леонидович,5,2019,2026
PERS_72506535,Крылова Анастасия Сергеевна,PERS_a0f3d86d,Сергеева Варвара Алексеевна,2,2018,2026
PERS_72506535,Крылова Анастасия Сергеевна,PERS_a638a4b3,Федорова Наталья Леонидовна,1,2026,2026
PERS_72506535,Крылова Анастасия Сергеевна,PERS_a84aedaa,Шомахмадов Сафарали Хайбуллоевич,2,2021,2026
PERS_72506535,Крылова Анастасия Сергеевна,PERS_a901d460,Фаградян Марина Александровна,3,2019,2026
PERS_72506535,Крылова Анастасия Сергеевна,PERS_ab6bf9e3,Смирнов Борис Леонидович,1,2021,2021
PERS_72506535,Крылова Анастасия Сергеевна,PERS_b62a9567,Курочкин Александр Юрьевич,1,2019,2019
PERS_72506535,Крылова Анастасия Сергеевна,PERS_b76851a7,Митруев Бембя Леонидович,1,2021,2021
PERS_72506535,Крылова Анастасия Сергеевна,PERS_b881461b,Яковлева Мария Николаевна,3,2015,2026
PERS_72506535,Крылова Анастасия Сергеевна,PERS_ba537782,М. И. Петрова,2,2015,2021
PERS_72506535,Крылова Анастасия Сергеевна,PERS_bbd15f4f,Степин А. А.,1,2024,2024
PERS_72506535,Крылова Анастасия Сергеевна,PERS_bc97fb65,Краснодембская Нина Георгиевна,3,2019,2024
PERS_72506535,Крылова Анастасия Сергеевна,PERS_bcaec2d8,Дружинин Владимир Юрьевич,1,2021,2021
PERS_72506535,Крылова Анастасия Сергеевна,PERS_bd77e495,Корнеев Геннадий Батыревич,5,2019,2026
PERS_72506535,Крылова Анастасия Сергеевна,PERS_c48611e0,Островская Елена Петровна,4,2019,2024
PERS_72506535,Крылова Анастасия Сергеевна,PERS_c52dfaa0,Цветкова Светлана Олеговна,4,2019,2026
PERS_72506535,Крылова Анастасия Сергеевна,PERS_c5677a3f,Зорин Алексей Валерьевич,2,2019,2021
PERS_72506535,Крылова Анастасия Сергеевна,PERS_c6bbcef3,Битинайте Елена Алексеевна,1,2019,2019
PERS_72506535,Крылова Анастасия Сергеевна,PERS_cb52ebc2,Лемешкина Ксения Вячеславовна,2,2024,2026
PERS_72506535,Крылова Анастасия Сергеевна,PERS_cd0d4845,Обермиллер Евгений Евгеньевич,1,2024,2024
PERS_72506535,Крылова Анастасия Сергеевна,PERS_ced3d7b4,Молина Анна Валерьевна,2,2024,2026
PERS_72506535,Крылова Анастасия Сергеевна,PERS_cfb92c5f,Уланский Евгений Андреевич,2,2019,2021
PERS_72506535,Крылова Анастасия Сергеевна,PERS_d01427ca,Бещук Юлия Владимировна,1,2026,2026
PERS_72506535,Крылова Анастасия Сергеевна,PERS_d218805b,Крюкова Виктория Юрьевна,2,2019,2024
PERS_72506535,Крылова Анастасия Сергеевна,PERS_d3c5382c,Попова Ирина Фёдоровна,3,2019,2026
PERS_72506535,Крылова Анастасия Сергеевна,PERS_d98da899,Рыжакова Светлана Игоревна,5,2019,2026
PERS_72506535,Крылова Анастасия Сергеевна,PERS_d9d69ac2,Петров Павел Яковлевич,2,2015,2026
PERS_72506535,Крылова Анастасия Сергеевна,PERS_da862dde,Дробышев Юлий Игорьевич,1,2021,2021
PERS_72506535,Крылова Анастасия Сергеевна,PERS_db046be0,Сабирова Римма Наилевна,4,2019,2026
PERS_72506535,Крылова Анастасия Сергеевна,PERS_e1dd6b3e,Лидова Наталья Ростиславовна,4,2021,2026
PERS_72506535,Крылова Анастасия Сергеевна,PERS_e31ca12d,Вечерина Ольга Павловна,4,2019,2021
PERS_72506535,Крылова Анастасия Сергеевна,PERS_e5a5ac24,Невелева Светлана Леонидовна,2,2014,2018
PERS_72506535,Крылова Анастасия Сергеевна,PERS_e72d4c09,Огнева Елена Дмитриевна,1,2021,2021
PERS_72506535,Крылова Анастасия Сергеевна,PERS_e9545a0b,Шустова Алла Михайловна,1,2021,2021
PERS_72506535,Крылова Анастасия Сергеевна,PERS_ea44fd14,Люлина Анастасия Геннадьевна,1,2021,2021
PERS_72506535,Крылова Анастасия Сергеевна,PERS_f19cd8a1,Котин Игорь Юрьевич,1,2026,2026
PERS_72506535,Крылова Анастасия Сергеевна,PERS_f2fef030,Мехакян Арег Гайкович,2,2021,2021
PERS_72506535,Крылова Анастасия Сергеевна,PERS_f56c5a7e,Жукова Любовь Евгеньевна,2,2021,2024
PERS_72506535,Крылова Анастасия Сергеевна,PERS_f8ab5755,Оранская Татьяна Иосифовна,3,2019,2026
PERS_72506535,Крылова Анастасия Сергеевна,PERS_f940c5b3,Стрелкова Гюзэль Владимировна,2,2021,2024
PERS_72506535,Крылова Анастасия Сергеевна,PERS_fb25c80f,Ермакова Татьяна Викторовна,4,2019,2026
PERS_72932969,Рерих Юрий Николаевич,PERS_773647fc,Баранников Алексей Петрович,1,2022,2022
PERS_72932969,Рерих Юрий Николаевич,PERS_7da0afff,Демичев Кирилл Андреевич,1,2022,2022
PERS_72932969,Рерих Юрий Николаевич,PERS_82364943,Миллер Всеволод Фёдорович,1,2015,2015
PERS_72932969,Рерих Юрий Николаевич,PERS_823c1a9f,Розенберг Оттон Оттонович,1,2021,2021
PERS_72932969,Рерих Юрий Николаевич,PERS_829c1de5,Васильков Ярослав Владимирович,1,2021,2021
PERS_72932969,Рерих Юрий Николаевич,PERS_8516d1e4,Гасунс Марцис Юрьевич,4,2014,2024
PERS_72932969,Рерих Юрий Николаевич,PERS_8e117242,Юдицкая Екатерина Алексеевна,1,2021,2021
PERS_72932969,Рерих Юрий Николаевич,PERS_9374fd12,Вырщиков Евгений Геннадьевич,2,2021,2024
PERS_72932969,Рерих Юрий Николаевич,PERS_9a855a7b,Альбедиль Маргарита Федоровна,1,2021,2021
PERS_72932969,Рерих Юрий Николаевич,PERS_9d99092c,Рыбаков Р. Б.,2,2022,2022
PERS_72932969,Рерих Юрий Николаевич,PERS_9f398436,Куликов Леонид Игоревич,1,2021,2021
PERS_72932969,Рерих Юрий Николаевич,PERS_a0f3d86d,Сергеева Варвара Алексеевна,1,2021,2021
PERS_72932969,Рерих Юрий Николаевич,PERS_a638a4b3,Федорова Наталья Леонидовна,2,2010,2021
PERS_72932969,Рерих Юрий Николаевич,PERS_a7f41469,Антонова Кока Александровна,1,2021,2021
PERS_72932969,Рерих Юрий Николаевич,PERS_a8983673,Вигель Нарине Липаритовна,1,2024,2024
PERS_72932969,Рерих Юрий Николаевич,PERS_a901d460,Фаградян Марина Александровна,1,2021,2021
PERS_72932969,Рерих Юрий Николаевич,PERS_ab6bf9e3,Смирнов Борис Леонидович,5,2014,2022
PERS_72932969,Рерих Юрий Николаевич,PERS_b2c121e9,Успенская Елена Николаевна,2,2021,2022
PERS_72932969,Рерих Юрий Николаевич,PERS_b4cdbfb8,Эрман Владимир Гансович,2,2015,2022
PERS_72932969,Рерих Юрий Николаевич,PERS_b881461b,Яковлева Мария Николаевна,2,2014,2021
PERS_72932969,Рерих Юрий Николаевич,PERS_ba537782,М. И. Петрова,1,2022,2022
PERS_72932969,Рерих Юрий Николаевич,PERS_bbb9116e,Кальянов Владимир Иванович,1,2022,2022
PERS_72932969,Рерих Юрий Николаевич,PERS_bd77e495,Корнеев Геннадий Батыревич,2,2021,2024
PERS_72932969,Рерих Юрий Николаевич,PERS_c0b7485d,Серебряков Игорь Дмитриевич,1,2022,2022
PERS_72932969,Рерих Юрий Николаевич,PERS_c52dfaa0,Цветкова Светлана Олеговна,3,2021,2024
PERS_72932969,Рерих Юрий Николаевич,PERS_ced3d7b4,Молина Анна Валерьевна,1,2024,2024
PERS_72932969,Рерих Юрий Николаевич,PERS_d3c5382c,Попова Ирина Фёдоровна,1,2022,2022
PERS_72932969,Рерих Юрий Николаевич,PERS_d9d69ac2,Петров Павел Яковлевич,3,2021,2022
PERS_72932969,Рерих Юрий Николаевич,PERS_da862dde,Дробышев Юлий Игорьевич,2,2021,2024
PERS_72932969,Рерих Юрий Николаевич,PERS_dd17649f,Светлов Роман Викторович,1,2021,2021
PERS_72932969,Рерих Юрий Николаевич,PERS_dfaf6803,Борисов Яков Александрович,3,2010,2021
PERS_72932969,Рерих Юрий Николаевич,PERS_e1dd6b3e,Лидова Наталья Ростиславовна,2,2021,2024
PERS_72932969,Рерих Юрий Николаевич,PERS_e31ca12d,Вечерина Ольга Павловна,1,2021,2021
PERS_72932969,Рерих Юрий Николаевич,PERS_e5a5ac24,Невелева Светлана Леонидовна,1,2021,2021
PERS_72932969,Рерих Юрий Николаевич,PERS_e72d4c09,Огнева Елена Дмитриевна,1,2021,2021
PERS_72932969,Рерих Юрий Николаевич,PERS_e8396809,Вишну Шукла,1,2014,2014
PERS_72932969,Рерих Юрий Николаевич,PERS_e9545a0b,Шустова Алла Михайловна,2,2021,2024
PERS_72932969,Рерих Юрий Николаевич,PERS_ea44fd14,Люлина Анастасия Геннадьевна,2,2021,2024
PERS_72932969,Рерих Юрий Николаевич,PERS_f1f2471d,Игнатова Мария Михайловна,1,2021,2021
PERS_72932969,Рерих Юрий Николаевич,PERS_f2fef030,Мехакян Арег Гайкович,1,2021,2021
PERS_72932969,Рерих Юрий Николаевич,PERS_f56c5a7e,Жукова Любовь Евгеньевна,1,2014,2014
PERS_72932969,Рерих Юрий Николаевич,PERS_f5b8b340,Вигасин Алексей Алексеевич,1,2024,2024
PERS_72932969,Рерих Юрий Николаевич,PERS_f6f68d4b,Ульяновский Ростислав Александрович,1,2022,2022
PERS_72932969,Рерих Юрий Николаевич,PERS_f8ab5755,Оранская Татьяна Иосифовна,1,2022,2022
PERS_7542d270,Демченко Максим Борисович,PERS_773647fc,Баранников Алексей Петрович,1,2022,2022
PERS_7542d270,Демченко Максим Борисович,PERS_7eb0dc30,Зимина Татьяна Александровна,2,2019,2020
PERS_7542d270,Демченко Максим Борисович,PERS_7f908d49,Стрельцова Лилия Александровна,2,2019,2024
PERS_7542d270,Демченко Максим Борисович,PERS_8108c314,Ерченков Олег Николаевич,3,2019,2024
PERS_7542d270,Демченко Максим Борисович,PERS_829c1de5,Васильков Ярослав Владимирович,6,2019,2026
PERS_7542d270,Демченко Максим Борисович,PERS_8516d1e4,Гасунс Марцис Юрьевич,6,2019,2026
PERS_7542d270,Демченко Максим Борисович,PERS_8df3730a,Донченко Сергей Сергеевич,2,2019,2024
PERS_7542d270,Демченко Максим Борисович,PERS_8df81b6d,Лужинская Полина Александровна,2,2024,2026
PERS_7542d270,Демченко Максим Борисович,PERS_8e117242,Юдицкая Екатерина Алексеевна,3,2019,2021
PERS_7542d270,Демченко Максим Борисович,PERS_91b473b1,Челнокова Анна Витальевна,3,2022,2026
PERS_7542d270,Демченко Максим Борисович,PERS_92f41884,Касым Софья Васильевна,2,2022,2026
PERS_7542d270,Демченко Максим Борисович,PERS_9366fe2c,Крыштоп Людмила Эдуардовна,2,2020,2022
PERS_7542d270,Демченко Максим Борисович,PERS_93e2effb,Комиссаров Дмитрий Алексеевич,3,2021,2026
PERS_7542d270,Демченко Максим Борисович,PERS_9a855a7b,Альбедиль Маргарита Федоровна,4,2019,2026
PERS_7542d270,Демченко Максим Борисович,PERS_9d99092c,Рыбаков Р. Б.,5,2019,2026
PERS_7542d270,Демченко Максим Борисович,PERS_9e9c9566,Лекарева Ева Павловна,2,2024,2026
PERS_7542d270,Демченко Максим Борисович,PERS_9f398436,Куликов Леонид Игоревич,2,2020,2026
PERS_7542d270,Демченко Максим Борисович,PERS_a0264ac5,Бурмистров Сергей Леонидович,4,2019,2026
PERS_7542d270,Демченко Максим Борисович,PERS_a0f3d86d,Сергеева Варвара Алексеевна,3,2026,2026
PERS_7542d270,Демченко Максим Борисович,PERS_a638a4b3,Федорова Наталья Леонидовна,1,2026,2026
PERS_7542d270,Демченко Максим Борисович,PERS_a84aedaa,Шомахмадов Сафарали Хайбуллоевич,2,2021,2026
PERS_7542d270,Демченко Максим Борисович,PERS_a901d460,Фаградян Марина Александровна,3,2019,2026
PERS_7542d270,Демченко Максим Борисович,PERS_b62a9567,Курочкин Александр Юрьевич,1,2019,2019
PERS_7542d270,Демченко Максим Борисович,PERS_b76851a7,Митруев Бембя Леонидович,1,2021,2021
PERS_7542d270,Демченко Максим Борисович,PERS_b881461b,Яковлева Мария Николаевна,2,2019,2026
PERS_7542d270,Демченко Максим Борисович,PERS_ba537782,М. И. Петрова,1,2022,2022
PERS_7542d270,Демченко Максим Борисович,PERS_bbd15f4f,Степин А. А.,1,2024,2024
PERS_7542d270,Демченко Максим Борисович,PERS_bc97fb65,Краснодембская Нина Георгиевна,4,2019,2024
PERS_7542d270,Демченко Максим Борисович,PERS_bcaec2d8,Дружинин Владимир Юрьевич,1,2021,2021
PERS_7542d270,Демченко Максим Борисович,PERS_bd77e495,Корнеев Геннадий Батыревич,5,2019,2026
PERS_7542d270,Демченко Максим Борисович,PERS_c48611e0,Островская Елена Петровна,4,2019,2024
PERS_7542d270,Демченко Максим Борисович,PERS_c52dfaa0,Цветкова Светлана Олеговна,3,2019,2026
PERS_7542d270,Демченко Максим Борисович,PERS_c5677a3f,Зорин Алексей Валерьевич,2,2019,2021
PERS_7542d270,Демченко Максим Борисович,PERS_c6bbcef3,Битинайте Елена Алексеевна,2,2019,2020
PERS_7542d270,Демченко Максим Борисович,PERS_cb52ebc2,Лемешкина Ксения Вячеславовна,3,2020,2026
PERS_7542d270,Демченко Максим Борисович,PERS_cd0d4845,Обермиллер Евгений Евгеньевич,1,2024,2024
PERS_7542d270,Демченко Максим Борисович,PERS_ced3d7b4,Молина Анна Валерьевна,2,2024,2026
PERS_7542d270,Демченко Максим Борисович,PERS_cfb92c5f,Уланский Евгений Андреевич,3,2019,2021
PERS_7542d270,Демченко Максим Борисович,PERS_d01427ca,Бещук Юлия Владимировна,1,2026,2026
PERS_7542d270,Демченко Максим Борисович,PERS_d218805b,Крюкова Виктория Юрьевна,2,2019,2024
PERS_7542d270,Демченко Максим Борисович,PERS_d3c5382c,Попова Ирина Фёдоровна,3,2019,2026
PERS_7542d270,Демченко Максим Борисович,PERS_d98da899,Рыжакова Светлана Игоревна,7,2019,2026
PERS_7542d270,Демченко Максим Борисович,PERS_d9d69ac2,Петров Павел Яковлевич,1,2026,2026
PERS_7542d270,Демченко Максим Борисович,PERS_db046be0,Сабирова Римма Наилевна,5,2019,2026
PERS_7542d270,Демченко Максим Борисович,PERS_e1d622e5,Мажитов Саттар Фазылович,1,2022,2022
PERS_7542d270,Демченко Максим Борисович,PERS_e1dd6b3e,Лидова Наталья Ростиславовна,3,2021,2026
PERS_7542d270,Демченко Максим Борисович,PERS_e31ca12d,Вечерина Ольга Павловна,3,2019,2021
PERS_7542d270,Демченко Максим Борисович,PERS_e8396809,Вишну Шукла,1,2025,2025
PERS_7542d270,Демченко Максим Борисович,PERS_ebc1c3c2,Лундышева Ольга Владимировна,3,2026,2026
PERS_7542d270,Демченко Максим Борисович,PERS_ed83f502,Селиванова Тамара Петровна,1,2022,2022
PERS_7542d270,Демченко Максим Борисович,PERS_f19cd8a1,Котин Игорь Юрьевич,1,2026,2026
PERS_7542d270,Демченко Максим Борисович,PERS_f2fef030,Мехакян Арег Гайкович,1,2021,2021
PERS_7542d270,Демченко Максим Борисович,PERS_f56c5a7e,Жукова Любовь Евгеньевна,1,2024,2024
PERS_7542d270,Демченко Максим Борисович,PERS_f8ab5755,Оранская Татьяна Иосифовна,5,2019,2026
PERS_7542d270,Демченко Максим Борисович,PERS_f940c5b3,Стрелкова Гюзэль Владимировна,1,2024,2024
PERS_7542d270,Демченко Максим Борисович,PERS_fb25c80f,Ермакова Татьяна Викторовна,6,2019,2026
PERS_773647fc,Баранников Алексей Петрович,PERS_7da0afff,Демичев Кирилл Андреевич,1,2022,2022
PERS_773647fc,Баранников Алексей Петрович,PERS_82364943,Миллер Всеволод Фёдорович,2,2012,2015
PERS_773647fc,Баранников Алексей Петрович,PERS_829c1de5,Васильков Ярослав Владимирович,1,2012,2012
PERS_773647fc,Баранников Алексей Петрович,PERS_8516d1e4,Гасунс Марцис Юрьевич,2,2012,2022
PERS_773647fc,Баранников Алексей Петрович,PERS_91b473b1,Челнокова Анна Витальевна,1,2022,2022
PERS_773647fc,Баранников Алексей Петрович,PERS_92f41884,Касым Софья Васильевна,1,2022,2022
PERS_773647fc,Баранников Алексей Петрович,PERS_9366fe2c,Крыштоп Людмила Эдуардовна,2,2022,2025
PERS_773647fc,Баранников Алексей Петрович,PERS_9d99092c,Рыбаков Р. Б.,1,2022,2022
PERS_773647fc,Баранников Алексей Петрович,PERS_9f398436,Куликов Леонид Игоревич,1,2012,2012
PERS_773647fc,Баранников Алексей Петрович,PERS_a0f3d86d,Сергеева Варвара Алексеевна,1,2012,2012
PERS_773647fc,Баранников Алексей Петрович,PERS_a901d460,Фаградян Марина Александровна,2,2019,2022
PERS_773647fc,Баранников Алексей Петрович,PERS_aa964a12,Самозванцев Андрей Михайлович,1,2012,2012
PERS_773647fc,Баранников Алексей Петрович,PERS_ab6bf9e3,Смирнов Борис Леонидович,3,2012,2025
PERS_773647fc,Баранников Алексей Петрович,PERS_b2c121e9,Успенская Елена Николаевна,1,2022,2022
PERS_773647fc,Баранников Алексей Петрович,PERS_b4cdbfb8,Эрман Владимир Гансович,2,2012,2022
PERS_773647fc,Баранников Алексей Петрович,PERS_b881461b,Яковлева Мария Николаевна,1,2012,2012
PERS_773647fc,Баранников Алексей Петрович,PERS_ba537782,М. И. Петрова,3,2012,2022
PERS_773647fc,Баранников Алексей Петрович,PERS_bbb9116e,Кальянов Владимир Иванович,1,2022,2022
PERS_773647fc,Баранников Алексей Петрович,PERS_c0b7485d,Серебряков Игорь Дмитриевич,1,2022,2022
PERS_773647fc,Баранников Алексей Петрович,PERS_c52dfaa0,Цветкова Светлана Олеговна,1,2022,2022
PERS_773647fc,Баранников Алексей Петрович,PERS_cd0d4845,Обермиллер Евгений Евгеньевич,1,2015,2015
PERS_773647fc,Баранников Алексей Петрович,PERS_d3c5382c,Попова Ирина Фёдоровна,2,2022,2025
PERS_773647fc,Баранников Алексей Петрович,PERS_d98da899,Рыжакова Светлана Игоревна,1,2022,2022
PERS_773647fc,Баранников Алексей Петрович,PERS_d9d69ac2,Петров Павел Яковлевич,2,2012,2022
PERS_773647fc,Баранников Алексей Петрович,PERS_dfaf6803,Борисов Яков Александрович,1,2025,2025
PERS_773647fc,Баранников Алексей Петрович,PERS_e1d622e5,Мажитов Саттар Фазылович,1,2022,2022
PERS_773647fc,Баранников Алексей Петрович,PERS_e5a5ac24,Невелева Светлана Леонидовна,1,2012,2012
PERS_773647fc,Баранников Алексей Петрович,PERS_ed83f502,Селиванова Тамара Петровна,1,2022,2022
PERS_773647fc,Баранников Алексей Петрович,PERS_f5b8b340,Вигасин Алексей Алексеевич,1,2012,2012
PERS_773647fc,Баранников Алексей Петрович,PERS_f8ab5755,Оранская Татьяна Иосифовна,1,2022,2022
PERS_7da0afff,Демичев Кирилл Андреевич,PERS_8516d1e4,Гасунс Марцис Юрьевич,2,2013,2023
PERS_7da0afff,Демичев Кирилл Андреевич,PERS_9d99092c,Рыбаков Р. Б.,1,2022,2022
PERS_7da0afff,Демичев Кирилл Андреевич,PERS_a0f3d86d,Сергеева Варвара Алексеевна,2,2008,2010
PERS_7da0afff,Демичев Кирилл Андреевич,PERS_ab6bf9e3,Смирнов Борис Леонидович,2,2013,2022
PERS_7da0afff,Демичев Кирилл Андреевич,PERS_b2c121e9,Успенская Елена Николаевна,1,2022,2022
PERS_7da0afff,Демичев Кирилл Андреевич,PERS_b4cdbfb8,Эрман Владимир Гансович,1,2022,2022
PERS_7da0afff,Демичев Кирилл Андреевич,PERS_ba537782,М. И. Петрова,1,2022,2022
PERS_7da0afff,Демичев Кирилл Андреевич,PERS_bbb9116e,Кальянов Владимир Иванович,1,2022,2022
PERS_7da0afff,Демичев Кирилл Андреевич,PERS_c0b7485d,Серебряков Игорь Дмитриевич,1,2022,2022
PERS_7da0afff,Демичев Кирилл Андреевич,PERS_c48611e0,Островская Елена Петровна,1,2010,2010
PERS_7da0afff,Демичев Кирилл Андреевич,PERS_c52dfaa0,Цветкова Светлана Олеговна,1,2022,2022
PERS_7da0afff,Демичев Кирилл Андреевич,PERS_d3c5382c,Попова Ирина Фёдоровна,1,2022,2022
PERS_7da0afff,Демичев Кирилл Андреевич,PERS_d9d69ac2,Петров Павел Яковлевич,1,2022,2022
PERS_7da0afff,Демичев Кирилл Андреевич,PERS_dd17649f,Светлов Роман Викторович,1,2008,2008
PERS_7da0afff,Демичев Кирилл Андреевич,PERS_ed83f502,Селиванова Тамара Петровна,1,2008,2008
PERS_7da0afff,Демичев Кирилл Андреевич,PERS_f56c5a7e,Жукова Любовь Евгеньевна,2,2008,2010
PERS_7da0afff,Демичев Кирилл Андреевич,PERS_f5b8b340,Вигасин Алексей Алексеевич,1,2013,2013
PERS_7da0afff,Демичев Кирилл Андреевич,PERS_f8ab5755,Оранская Татьяна Иосифовна,1,2022,2022
PERS_7eb0dc30,Зимина Татьяна Александровна,PERS_7f908d49,Стрельцова Лилия Александровна,1,2019,2019
PERS_7eb0dc30,Зимина Татьяна Александровна,PERS_8108c314,Ерченков Олег Николаевич,2,2019,2020
PERS_7eb0dc30,Зимина Татьяна Александровна,PERS_829c1de5,Васильков Ярослав Владимирович,2,2019,2020
PERS_7eb0dc30,Зимина Татьяна Александровна,PERS_8516d1e4,Гасунс Марцис Юрьевич,2,2019,2020
PERS_7eb0dc30,Зимина Татьяна Александровна,PERS_8df3730a,Донченко Сергей Сергеевич,1,2019,2019
PERS_7eb0dc30,Зимина Татьяна Александровна,PERS_8e117242,Юдицкая Екатерина Алексеевна,2,2019,2020
PERS_7eb0dc30,Зимина Татьяна Александровна,PERS_9366fe2c,Крыштоп Людмила Эдуардовна,1,2020,2020
PERS_7eb0dc30,Зимина Татьяна Александровна,PERS_9a855a7b,Альбедиль Маргарита Федоровна,1,2019,2019
PERS_7eb0dc30,Зимина Татьяна Александровна,PERS_9d99092c,Рыбаков Р. Б.,2,2019,2020
PERS_7eb0dc30,Зимина Татьяна Александровна,PERS_9f398436,Куликов Леонид Игоревич,1,2020,2020
PERS_7eb0dc30,Зимина Татьяна Александровна,PERS_a0264ac5,Бурмистров Сергей Леонидович,1,2019,2019
PERS_7eb0dc30,Зимина Татьяна Александровна,PERS_a0f3d86d,Сергеева Варвара Алексеевна,1,2021,2021
PERS_7eb0dc30,Зимина Татьяна Александровна,PERS_a901d460,Фаградян Марина Александровна,1,2019,2019
PERS_7eb0dc30,Зимина Татьяна Александровна,PERS_b62a9567,Курочкин Александр Юрьевич,1,2019,2019
PERS_7eb0dc30,Зимина Татьяна Александровна,PERS_b881461b,Яковлева Мария Николаевна,1,2019,2019
PERS_7eb0dc30,Зимина Татьяна Александровна,PERS_bc97fb65,Краснодембская Нина Георгиевна,2,2019,2020
PERS_7eb0dc30,Зимина Татьяна Александровна,PERS_bd77e495,Корнеев Геннадий Батыревич,3,2019,2021
PERS_7eb0dc30,Зимина Татьяна Александровна,PERS_c48611e0,Островская Елена Петровна,2,2019,2020
PERS_7eb0dc30,Зимина Татьяна Александровна,PERS_c52dfaa0,Цветкова Светлана Олеговна,1,2019,2019
PERS_7eb0dc30,Зимина Татьяна Александровна,PERS_c5677a3f,Зорин Алексей Валерьевич,1,2019,2019
PERS_7eb0dc30,Зимина Татьяна Александровна,PERS_c6bbcef3,Битинайте Елена Алексеевна,2,2019,2020
PERS_7eb0dc30,Зимина Татьяна Александровна,PERS_cb52ebc2,Лемешкина Ксения Вячеславовна,1,2020,2020
PERS_7eb0dc30,Зимина Татьяна Александровна,PERS_cfb92c5f,Уланский Евгений Андреевич,2,2019,2020
PERS_7eb0dc30,Зимина Татьяна Александровна,PERS_d218805b,Крюкова Виктория Юрьевна,1,2019,2019
PERS_7eb0dc30,Зимина Татьяна Александровна,PERS_d3c5382c,Попова Ирина Фёдоровна,1,2019,2019
PERS_7eb0dc30,Зимина Татьяна Александровна,PERS_d98da899,Рыжакова Светлана Игоревна,2,2019,2020
PERS_7eb0dc30,Зимина Татьяна Александровна,PERS_db046be0,Сабирова Римма Наилевна,2,2019,2020
PERS_7eb0dc30,Зимина Татьяна Александровна,PERS_e31ca12d,Вечерина Ольга Павловна,2,2019,2020
PERS_7eb0dc30,Зимина Татьяна Александровна,PERS_f8ab5755,Оранская Татьяна Иосифовна,2,2019,2020
PERS_7eb0dc30,Зимина Татьяна Александровна,PERS_fb25c80f,Ермакова Татьяна Викторовна,2,2019,2020
PERS_7f908d49,Стрельцова Лилия Александровна,PERS_8108c314,Ерченков Олег Николаевич,2,2019,2024
PERS_7f908d49,Стрельцова Лилия Александровна,PERS_829c1de5,Васильков Ярослав Владимирович,3,2019,2024
PERS_7f908d49,Стрельцова Лилия Александровна,PERS_8516d1e4,Гасунс Марцис Юрьевич,3,2019,2024
PERS_7f908d49,Стрельцова Лилия Александровна,PERS_8df3730a,Донченко Сергей Сергеевич,2,2019,2024
PERS_7f908d49,Стрельцова Лилия Александровна,PERS_8df81b6d,Лужинская Полина Александровна,1,2024,2024
PERS_7f908d49,Стрельцова Лилия Александровна,PERS_8e117242,Юдицкая Екатерина Алексеевна,1,2019,2019
PERS_7f908d49,Стрельцова Лилия Александровна,PERS_91b473b1,Челнокова Анна Витальевна,2,2021,2024
PERS_7f908d49,Стрельцова Лилия Александровна,PERS_9366fe2c,Крыштоп Людмила Эдуардовна,1,2021,2021
PERS_7f908d49,Стрельцова Лилия Александровна,PERS_93e2effb,Комиссаров Дмитрий Алексеевич,1,2024,2024
PERS_7f908d49,Стрельцова Лилия Александровна,PERS_9a855a7b,Альбедиль Маргарита Федоровна,2,2019,2024
PERS_7f908d49,Стрельцова Лилия Александровна,PERS_9d99092c,Рыбаков Р. Б.,2,2019,2024
PERS_7f908d49,Стрельцова Лилия Александровна,PERS_9e9c9566,Лекарева Ева Павловна,2,2021,2024
PERS_7f908d49,Стрельцова Лилия Александровна,PERS_9f398436,Куликов Леонид Игоревич,1,2021,2021
PERS_7f908d49,Стрельцова Лилия Александровна,PERS_a0264ac5,Бурмистров Сергей Леонидович,3,2019,2024
PERS_7f908d49,Стрельцова Лилия Александровна,PERS_a901d460,Фаградян Марина Александровна,2,2019,2021
PERS_7f908d49,Стрельцова Лилия Александровна,PERS_ab6bf9e3,Смирнов Борис Леонидович,1,2021,2021
PERS_7f908d49,Стрельцова Лилия Александровна,PERS_b62a9567,Курочкин Александр Юрьевич,1,2019,2019
PERS_7f908d49,Стрельцова Лилия Александровна,PERS_b881461b,Яковлева Мария Николаевна,1,2019,2019
PERS_7f908d49,Стрельцова Лилия Александровна,PERS_ba537782,М. И. Петрова,1,2021,2021
PERS_7f908d49,Стрельцова Лилия Александровна,PERS_bbd15f4f,Степин А. А.,1,2024,2024
PERS_7f908d49,Стрельцова Лилия Александровна,PERS_bc97fb65,Краснодембская Нина Георгиевна,2,2019,2024
PERS_7f908d49,Стрельцова Лилия Александровна,PERS_bd77e495,Корнеев Геннадий Батыревич,2,2019,2024
PERS_7f908d49,Стрельцова Лилия Александровна,PERS_c48611e0,Островская Елена Петровна,3,2019,2024
PERS_7f908d49,Стрельцова Лилия Александровна,PERS_c52dfaa0,Цветкова Светлана Олеговна,1,2019,2019
PERS_7f908d49,Стрельцова Лилия Александровна,PERS_c5677a3f,Зорин Алексей Валерьевич,1,2019,2019
PERS_7f908d49,Стрельцова Лилия Александровна,PERS_c6bbcef3,Битинайте Елена Алексеевна,1,2019,2019
PERS_7f908d49,Стрельцова Лилия Александровна,PERS_cb52ebc2,Лемешкина Ксения Вячеславовна,1,2024,2024
PERS_7f908d49,Стрельцова Лилия Александровна,PERS_cd0d4845,Обермиллер Евгений Евгеньевич,1,2024,2024
PERS_7f908d49,Стрельцова Лилия Александровна,PERS_ced3d7b4,Молина Анна Валерьевна,1,2024,2024
PERS_7f908d49,Стрельцова Лилия Александровна,PERS_cfb92c5f,Уланский Евгений Андреевич,1,2019,2019
PERS_7f908d49,Стрельцова Лилия Александровна,PERS_d218805b,Крюкова Виктория Юрьевна,2,2019,2024
PERS_7f908d49,Стрельцова Лилия Александровна,PERS_d3c5382c,Попова Ирина Фёдоровна,1,2019,2019
PERS_7f908d49,Стрельцова Лилия Александровна,PERS_d98da899,Рыжакова Светлана Игоревна,3,2019,2024
PERS_7f908d49,Стрельцова Лилия Александровна,PERS_db046be0,Сабирова Римма Наилевна,2,2019,2021
PERS_7f908d49,Стрельцова Лилия Александровна,PERS_e1dd6b3e,Лидова Наталья Ростиславовна,1,2024,2024
PERS_7f908d49,Стрельцова Лилия Александровна,PERS_e31ca12d,Вечерина Ольга Павловна,2,2019,2021
PERS_7f908d49,Стрельцова Лилия Александровна,PERS_f56c5a7e,Жукова Любовь Евгеньевна,2,2021,2024
PERS_7f908d49,Стрельцова Лилия Александровна,PERS_f8ab5755,Оранская Татьяна Иосифовна,2,2019,2024
PERS_7f908d49,Стрельцова Лилия Александровна,PERS_f940c5b3,Стрелкова Гюзэль Владимировна,2,2021,2024
PERS_7f908d49,Стрельцова Лилия Александровна,PERS_fb25c80f,Ермакова Татьяна Викторовна,2,2019,2024
PERS_8108c314,Ерченков Олег Николаевич,PERS_829c1de5,Васильков Ярослав Владимирович,3,2019,2024
PERS_8108c314,Ерченков Олег Николаевич,PERS_8516d1e4,Гасунс Марцис Юрьевич,6,2015,2026
PERS_8108c314,Ерченков Олег Николаевич,PERS_8df3730a,Донченко Сергей Сергеевич,2,2019,2024
PERS_8108c314,Ерченков Олег Николаевич,PERS_8df81b6d,Лужинская Полина Александровна,1,2024,2024
PERS_8108c314,Ерченков Олег Николаевич,PERS_8e117242,Юдицкая Екатерина Алексеевна,2,2019,2020
PERS_8108c314,Ерченков Олег Николаевич,PERS_91b473b1,Челнокова Анна Витальевна,1,2024,2024
PERS_8108c314,Ерченков Олег Николаевич,PERS_9366fe2c,Крыштоп Людмила Эдуардовна,1,2020,2020
PERS_8108c314,Ерченков Олег Николаевич,PERS_93e2effb,Комиссаров Дмитрий Алексеевич,1,2024,2024
PERS_8108c314,Ерченков Олег Николаевич,PERS_9a855a7b,Альбедиль Маргарита Федоровна,2,2019,2024
PERS_8108c314,Ерченков Олег Николаевич,PERS_9d99092c,Рыбаков Р. Б.,3,2019,2024
PERS_8108c314,Ерченков Олег Николаевич,PERS_9e9c9566,Лекарева Ева Павловна,1,2024,2024
PERS_8108c314,Ерченков Олег Николаевич,PERS_9f398436,Куликов Леонид Игоревич,1,2020,2020
PERS_8108c314,Ерченков Олег Николаевич,PERS_a0264ac5,Бурмистров Сергей Леонидович,2,2019,2024
PERS_8108c314,Ерченков Олег Николаевич,PERS_a901d460,Фаградян Марина Александровна,3,2019,2021
PERS_8108c314,Ерченков Олег Николаевич,PERS_ab6bf9e3,Смирнов Борис Леонидович,3,2015,2015
PERS_8108c314,Ерченков Олег Николаевич,PERS_b4cdbfb8,Эрман Владимир Гансович,1,2015,2015
PERS_8108c314,Ерченков Олег Николаевич,PERS_b62a9567,Курочкин Александр Юрьевич,1,2019,2019
PERS_8108c314,Ерченков Олег Николаевич,PERS_b881461b,Яковлева Мария Николаевна,1,2019,2019
PERS_8108c314,Ерченков Олег Николаевич,PERS_bbd15f4f,Степин А. А.,1,2024,2024
PERS_8108c314,Ерченков Олег Николаевич,PERS_bc97fb65,Краснодембская Нина Георгиевна,3,2019,2024
PERS_8108c314,Ерченков Олег Николаевич,PERS_bd77e495,Корнеев Геннадий Батыревич,3,2019,2024
PERS_8108c314,Ерченков Олег Николаевич,PERS_c48611e0,Островская Елена Петровна,3,2019,2024
PERS_8108c314,Ерченков Олег Николаевич,PERS_c52dfaa0,Цветкова Светлана Олеговна,1,2019,2019
PERS_8108c314,Ерченков Олег Николаевич,PERS_c5677a3f,Зорин Алексей Валерьевич,1,2019,2019
PERS_8108c314,Ерченков Олег Николаевич,PERS_c6bbcef3,Битинайте Елена Алексеевна,2,2019,2020
PERS_8108c314,Ерченков Олег Николаевич,PERS_cb52ebc2,Лемешкина Ксения Вячеславовна,2,2020,2024
PERS_8108c314,Ерченков Олег Николаевич,PERS_cd0d4845,Обермиллер Евгений Евгеньевич,1,2024,2024
PERS_8108c314,Ерченков Олег Николаевич,PERS_ced3d7b4,Молина Анна Валерьевна,1,2024,2024
PERS_8108c314,Ерченков Олег Николаевич,PERS_cfb92c5f,Уланский Евгений Андреевич,3,2019,2020
PERS_8108c314,Ерченков Олег Николаевич,PERS_d218805b,Крюкова Виктория Юрьевна,2,2019,2024
PERS_8108c314,Ерченков Олег Николаевич,PERS_d3c5382c,Попова Ирина Фёдоровна,1,2019,2019
PERS_8108c314,Ерченков Олег Николаевич,PERS_d98da899,Рыжакова Светлана Игоревна,3,2019,2024
PERS_8108c314,Ерченков Олег Николаевич,PERS_db046be0,Сабирова Римма Наилевна,2,2019,2020
PERS_8108c314,Ерченков Олег Николаевич,PERS_e1dd6b3e,Лидова Наталья Ростиславовна,1,2024,2024
PERS_8108c314,Ерченков Олег Николаевич,PERS_e31ca12d,Вечерина Ольга Павловна,2,2019,2020
PERS_8108c314,Ерченков Олег Николаевич,PERS_f56c5a7e,Жукова Любовь Евгеньевна,2,2015,2024
PERS_8108c314,Ерченков Олег Николаевич,PERS_f8ab5755,Оранская Татьяна Иосифовна,3,2019,2024
PERS_8108c314,Ерченков Олег Николаевич,PERS_f940c5b3,Стрелкова Гюзэль Владимировна,1,2024,2024
PERS_8108c314,Ерченков Олег Николаевич,PERS_fb25c80f,Ермакова Татьяна Викторовна,3,2019,2024
PERS_82364943,Миллер Всеволод Фёдорович,PERS_829c1de5,Васильков Ярослав Владимирович,1,2013,2013
PERS_82364943,Миллер Всеволод Фёдорович,PERS_8516d1e4,Гасунс Марцис Юрьевич,19,2007,2024
PERS_82364943,Миллер Всеволод Фёдорович,PERS_9d99092c,Рыбаков Р. Б.,1,2011,2011
PERS_82364943,Миллер Всеволод Фёдорович,PERS_a0f3d86d,Сергеева Варвара Алексеевна,2,2011,2015
PERS_82364943,Миллер Всеволод Фёдорович,PERS_a638a4b3,Федорова Наталья Леонидовна,1,2013,2013
PERS_82364943,Миллер Всеволод Фёдорович,PERS_a901d460,Фаградян Марина Александровна,4,2008,2015
PERS_82364943,Миллер Всеволод Фёдорович,PERS_ab6bf9e3,Смирнов Борис Леонидович,3,2011,2015
PERS_82364943,Миллер Всеволод Фёдорович,PERS_b4cdbfb8,Эрман Владимир Гансович,3,2008,2015
PERS_82364943,Миллер Всеволод Фёдорович,PERS_b881461b,Яковлева Мария Николаевна,3,2011,2015
PERS_82364943,Миллер Всеволод Фёдорович,PERS_ba537782,М. И. Петрова,3,2011,2015
PERS_82364943,Миллер Всеволод Фёдорович,PERS_bbb9116e,Кальянов Владимир Иванович,1,2011,2011
PERS_82364943,Миллер Всеволод Фёдорович,PERS_cd0d4845,Обермиллер Евгений Евгеньевич,1,2025,2025
PERS_82364943,Миллер Всеволод Фёдорович,PERS_cfb92c5f,Уланский Евгений Андреевич,4,2018,2024
PERS_82364943,Миллер Всеволод Фёдорович,PERS_d9d69ac2,Петров Павел Яковлевич,4,2011,2015
PERS_82364943,Миллер Всеволод Фёдорович,PERS_dfaf6803,Борисов Яков Александрович,1,2011,2011
PERS_82364943,Миллер Всеволод Фёдорович,PERS_e5a5ac24,Невелева Светлана Леонидовна,2,2011,2013
PERS_82364943,Миллер Всеволод Фёдорович,PERS_e8396809,Вишну Шукла,1,2012,2012
PERS_82364943,Миллер Всеволод Фёдорович,PERS_f56c5a7e,Жукова Любовь Евгеньевна,1,2013,2013
PERS_82364943,Миллер Всеволод Фёдорович,PERS_f5b8b340,Вигасин Алексей Алексеевич,1,2011,2011
PERS_823c1a9f,Розенберг Оттон Оттонович,PERS_829c1de5,Васильков Ярослав Владимирович,1,2021,2021
PERS_823c1a9f,Розенберг Оттон Оттонович,PERS_9a855a7b,Альбедиль Маргарита Федоровна,1,2021,2021
PERS_823c1a9f,Розенберг Оттон Оттонович,PERS_ab6bf9e3,Смирнов Борис Леонидович,1,2021,2021
PERS_823c1a9f,Розенберг Оттон Оттонович,PERS_d9d69ac2,Петров Павел Яковлевич,1,2021,2021
PERS_823c1a9f,Розенберг Оттон Оттонович,PERS_e5a5ac24,Невелева Светлана Леонидовна,1,2021,2021
PERS_829c1de5,Васильков Ярослав Владимирович,PERS_8516d1e4,Гасунс Марцис Юрьевич,8,2014,2025
PERS_829c1de5,Васильков Ярослав Владимирович,PERS_8df3730a,Донченко Сергей Сергеевич,2,2019,2024
PERS_829c1de5,Васильков Ярослав Владимирович,PERS_8df81b6d,Лужинская Полина Александровна,2,2024,2026
PERS_829c1de5,Васильков Ярослав Владимирович,PERS_8e117242,Юдицкая Екатерина Алексеевна,3,2019,2021
PERS_829c1de5,Васильков Ярослав Владимирович,PERS_91b473b1,Челнокова Анна Витальевна,3,2021,2026
PERS_829c1de5,Васильков Ярослав Владимирович,PERS_92f41884,Касым Софья Васильевна,1,2026,2026
PERS_829c1de5,Васильков Ярослав Владимирович,PERS_9366fe2c,Крыштоп Людмила Эдуардовна,2,2020,2021
PERS_829c1de5,Васильков Ярослав Владимирович,PERS_93e2effb,Комиссаров Дмитрий Алексеевич,3,2021,2026
PERS_829c1de5,Васильков Ярослав Владимирович,PERS_9a855a7b,Альбедиль Маргарита Федоровна,5,2019,2026
PERS_829c1de5,Васильков Ярослав Владимирович,PERS_9d99092c,Рыбаков Р. Б.,5,2019,2026
PERS_829c1de5,Васильков Ярослав Владимирович,PERS_9e9c9566,Лекарева Ева Павловна,3,2021,2026
PERS_829c1de5,Васильков Ярослав Владимирович,PERS_9f398436,Куликов Леонид Игоревич,4,2012,2026
PERS_829c1de5,Васильков Ярослав Владимирович,PERS_a0264ac5,Бурмистров Сергей Леонидович,5,2019,2026
PERS_829c1de5,Васильков Ярослав Владимирович,PERS_a0f3d86d,Сергеева Варвара Алексеевна,3,2012,2026
PERS_829c1de5,Васильков Ярослав Владимирович,PERS_a638a4b3,Федорова Наталья Леонидовна,2,2013,2026
PERS_829c1de5,Васильков Ярослав Владимирович,PERS_a84aedaa,Шомахмадов Сафарали Хайбуллоевич,2,2021,2026
PERS_829c1de5,Васильков Ярослав Владимирович,PERS_a901d460,Фаградян Марина Александровна,3,2019,2026
PERS_829c1de5,Васильков Ярослав Владимирович,PERS_aa964a12,Самозванцев Андрей Михайлович,1,2012,2012
PERS_829c1de5,Васильков Ярослав Владимирович,PERS_ab6bf9e3,Смирнов Борис Леонидович,9,2012,2025
PERS_829c1de5,Васильков Ярослав Владимирович,PERS_b4cdbfb8,Эрман Владимир Гансович,1,2012,2012
PERS_829c1de5,Васильков Ярослав Владимирович,PERS_b62a9567,Курочкин Александр Юрьевич,1,2019,2019
PERS_829c1de5,Васильков Ярослав Владимирович,PERS_b76851a7,Митруев Бембя Леонидович,1,2021,2021
PERS_829c1de5,Васильков Ярослав Владимирович,PERS_b881461b,Яковлева Мария Николаевна,3,2012,2026
PERS_829c1de5,Васильков Ярослав Владимирович,PERS_ba537782,М. И. Петрова,1,2021,2021
PERS_829c1de5,Васильков Ярослав Владимирович,PERS_bbb9116e,Кальянов Владимир Иванович,2,2014,2025
PERS_829c1de5,Васильков Ярослав Владимирович,PERS_bbd15f4f,Степин А. А.,1,2024,2024
PERS_829c1de5,Васильков Ярослав Владимирович,PERS_bc97fb65,Краснодембская Нина Георгиевна,4,2019,2024
PERS_829c1de5,Васильков Ярослав Владимирович,PERS_bcaec2d8,Дружинин Владимир Юрьевич,1,2021,2021
PERS_829c1de5,Васильков Ярослав Владимирович,PERS_bd77e495,Корнеев Геннадий Батыревич,5,2019,2026
PERS_829c1de5,Васильков Ярослав Владимирович,PERS_c48611e0,Островская Елена Петровна,5,2019,2024
PERS_829c1de5,Васильков Ярослав Владимирович,PERS_c52dfaa0,Цветкова Светлана Олеговна,3,2019,2026
PERS_829c1de5,Васильков Ярослав Владимирович,PERS_c5677a3f,Зорин Алексей Валерьевич,2,2019,2021
PERS_829c1de5,Васильков Ярослав Владимирович,PERS_c6bbcef3,Битинайте Елена Алексеевна,2,2019,2020
PERS_829c1de5,Васильков Ярослав Владимирович,PERS_cb52ebc2,Лемешкина Ксения Вячеславовна,3,2020,2026
PERS_829c1de5,Васильков Ярослав Владимирович,PERS_cd0d4845,Обермиллер Евгений Евгеньевич,1,2024,2024
PERS_829c1de5,Васильков Ярослав Владимирович,PERS_ced3d7b4,Молина Анна Валерьевна,2,2024,2026
PERS_829c1de5,Васильков Ярослав Владимирович,PERS_cfb92c5f,Уланский Евгений Андреевич,5,2019,2024
PERS_829c1de5,Васильков Ярослав Владимирович,PERS_d01427ca,Бещук Юлия Владимировна,1,2026,2026
PERS_829c1de5,Васильков Ярослав Владимирович,PERS_d218805b,Крюкова Виктория Юрьевна,2,2019,2024
PERS_829c1de5,Васильков Ярослав Владимирович,PERS_d3c5382c,Попова Ирина Фёдоровна,4,2019,2026
PERS_829c1de5,Васильков Ярослав Владимирович,PERS_d98da899,Рыжакова Светлана Игоревна,7,2019,2026
PERS_829c1de5,Васильков Ярослав Владимирович,PERS_d9d69ac2,Петров Павел Яковлевич,2,2021,2026
PERS_829c1de5,Васильков Ярослав Владимирович,PERS_db046be0,Сабирова Римма Наилевна,5,2019,2026
PERS_829c1de5,Васильков Ярослав Владимирович,PERS_e1dd6b3e,Лидова Наталья Ростиславовна,3,2021,2026
PERS_829c1de5,Васильков Ярослав Владимирович,PERS_e31ca12d,Вечерина Ольга Павловна,4,2019,2021
PERS_829c1de5,Васильков Ярослав Владимирович,PERS_e5a5ac24,Невелева Светлана Леонидовна,8,2012,2025
PERS_829c1de5,Васильков Ярослав Владимирович,PERS_f19cd8a1,Котин Игорь Юрьевич,1,2026,2026
PERS_829c1de5,Васильков Ярослав Владимирович,PERS_f2fef030,Мехакян Арег Гайкович,1,2021,2021
PERS_829c1de5,Васильков Ярослав Владимирович,PERS_f56c5a7e,Жукова Любовь Евгеньевна,4,2013,2024
PERS_829c1de5,Васильков Ярослав Владимирович,PERS_f5b8b340,Вигасин Алексей Алексеевич,1,2012,2012
PERS_829c1de5,Васильков Ярослав Владимирович,PERS_f8ab5755,Оранская Татьяна Иосифовна,5,2019,2026
PERS_829c1de5,Васильков Ярослав Владимирович,PERS_f940c5b3,Стрелкова Гюзэль Владимировна,2,2021,2024
PERS_829c1de5,Васильков Ярослав Владимирович,PERS_fb25c80f,Ермакова Татьяна Викторовна,6,2019,2026
PERS_8516d1e4,Гасунс Марцис Юрьевич,PERS_8df3730a,Донченко Сергей Сергеевич,2,2019,2024
PERS_8516d1e4,Гасунс Марцис Юрьевич,PERS_8df81b6d,Лужинская Полина Александровна,1,2024,2024
PERS_8516d1e4,Гасунс Марцис Юрьевич,PERS_8e117242,Юдицкая Екатерина Алексеевна,3,2019,2021
PERS_8516d1e4,Гасунс Марцис Юрьевич,PERS_91b473b1,Челнокова Анна Витальевна,3,2021,2024
PERS_8516d1e4,Гасунс Марцис Юрьевич,PERS_92f41884,Касым Софья Васильевна,1,2022,2022
PERS_8516d1e4,Гасунс Марцис Юрьевич,PERS_9366fe2c,Крыштоп Людмила Эдуардовна,6,2020,2026
PERS_8516d1e4,Гасунс Марцис Юрьевич,PERS_9374fd12,Вырщиков Евгений Геннадьевич,1,2024,2024
PERS_8516d1e4,Гасунс Марцис Юрьевич,PERS_93e2effb,Комиссаров Дмитрий Алексеевич,2,2021,2024
PERS_8516d1e4,Гасунс Марцис Юрьевич,PERS_9a855a7b,Альбедиль Маргарита Федоровна,3,2019,2024
PERS_8516d1e4,Гасунс Марцис Юрьевич,PERS_9d99092c,Рыбаков Р. Б.,9,2011,2026
PERS_8516d1e4,Гасунс Марцис Юрьевич,PERS_9e9c9566,Лекарева Ева Павловна,2,2021,2024
PERS_8516d1e4,Гасунс Марцис Юрьевич,PERS_9f398436,Куликов Леонид Игоревич,3,2020,2025
PERS_8516d1e4,Гасунс Марцис Юрьевич,PERS_a0264ac5,Бурмистров Сергей Леонидович,4,2019,2024
PERS_8516d1e4,Гасунс Марцис Юрьевич,PERS_a0f3d86d,Сергеева Варвара Алексеевна,7,2011,2026
PERS_8516d1e4,Гасунс Марцис Юрьевич,PERS_a84aedaa,Шомахмадов Сафарали Хайбуллоевич,1,2021,2021
PERS_8516d1e4,Гасунс Марцис Юрьевич,PERS_a8983673,Вигель Нарине Липаритовна,1,2024,2024
PERS_8516d1e4,Гасунс Марцис Юрьевич,PERS_a901d460,Фаградян Марина Александровна,23,2007,2026
PERS_8516d1e4,Гасунс Марцис Юрьевич,PERS_aa964a12,Самозванцев Андрей Михайлович,1,2019,2019
PERS_8516d1e4,Гасунс Марцис Юрьевич,PERS_ab6bf9e3,Смирнов Борис Леонидович,14,2011,2025
PERS_8516d1e4,Гасунс Марцис Юрьевич,PERS_b4cdbfb8,Эрман Владимир Гансович,7,2007,2018
PERS_8516d1e4,Гасунс Марцис Юрьевич,PERS_b5dd77b1,Мрачковская Арина Витальевна,1,2015,2015
PERS_8516d1e4,Гасунс Марцис Юрьевич,PERS_b62a9567,Курочкин Александр Юрьевич,1,2019,2019
PERS_8516d1e4,Гасунс Марцис Юрьевич,PERS_b76851a7,Митруев Бембя Леонидович,2,2021,2021
PERS_8516d1e4,Гасунс Марцис Юрьевич,PERS_b881461b,Яковлева Мария Николаевна,8,2007,2026
PERS_8516d1e4,Гасунс Марцис Юрьевич,PERS_ba537782,М. И. Петрова,8,2007,2022
PERS_8516d1e4,Гасунс Марцис Юрьевич,PERS_bbb9116e,Кальянов Владимир Иванович,6,2011,2025
PERS_8516d1e4,Гасунс Марцис Юрьевич,PERS_bbd15f4f,Степин А. А.,2,2024,2024
PERS_8516d1e4,Гасунс Марцис Юрьевич,PERS_bc97fb65,Краснодембская Нина Георгиевна,4,2019,2024
PERS_8516d1e4,Гасунс Марцис Юрьевич,PERS_bcaec2d8,Дружинин Владимир Юрьевич,4,2021,2026
PERS_8516d1e4,Гасунс Марцис Юрьевич,PERS_bd77e495,Корнеев Геннадий Батыревич,9,2019,2026
PERS_8516d1e4,Гасунс Марцис Юрьевич,PERS_c1cc76b9,А. Я. Таран,2,2015,2022
PERS_8516d1e4,Гасунс Марцис Юрьевич,PERS_c48611e0,Островская Елена Петровна,6,2014,2024
PERS_8516d1e4,Гасунс Марцис Юрьевич,PERS_c52dfaa0,Цветкова Светлана Олеговна,3,2019,2024
PERS_8516d1e4,Гасунс Марцис Юрьевич,PERS_c5677a3f,Зорин Алексей Валерьевич,2,2019,2021
PERS_8516d1e4,Гасунс Марцис Юрьевич,PERS_c582889e,Иткин Илья Борисович,2,2018,2025
PERS_8516d1e4,Гасунс Марцис Юрьевич,PERS_c6bbcef3,Битинайте Елена Алексеевна,2,2019,2020
PERS_8516d1e4,Гасунс Марцис Юрьевич,PERS_cb52ebc2,Лемешкина Ксения Вячеславовна,2,2020,2024
PERS_8516d1e4,Гасунс Марцис Юрьевич,PERS_cd0d4845,Обермиллер Евгений Евгеньевич,1,2024,2024
PERS_8516d1e4,Гасунс Марцис Юрьевич,PERS_ced3d7b4,Молина Анна Валерьевна,2,2024,2024
PERS_8516d1e4,Гасунс Марцис Юрьевич,PERS_cfb92c5f,Уланский Евгений Андреевич,33,2017,2025
PERS_8516d1e4,Гасунс Марцис Юрьевич,PERS_d218805b,Крюкова Виктория Юрьевна,3,2019,2024
PERS_8516d1e4,Гасунс Марцис Юрьевич,PERS_d3c5382c,Попова Ирина Фёдоровна,4,2007,2022
PERS_8516d1e4,Гасунс Марцис Юрьевич,PERS_d98da899,Рыжакова Светлана Игоревна,6,2019,2024
PERS_8516d1e4,Гасунс Марцис Юрьевич,PERS_d9d69ac2,Петров Павел Яковлевич,11,2007,2026
PERS_8516d1e4,Гасунс Марцис Юрьевич,PERS_da862dde,Дробышев Юлий Игорьевич,1,2024,2024
PERS_8516d1e4,Гасунс Марцис Юрьевич,PERS_db046be0,Сабирова Римма Наилевна,4,2019,2021
PERS_8516d1e4,Гасунс Марцис Юрьевич,PERS_dd17649f,Светлов Роман Викторович,1,2018,2018
PERS_8516d1e4,Гасунс Марцис Юрьевич,PERS_dfaf6803,Борисов Яков Александрович,7,2011,2026
PERS_8516d1e4,Гасунс Марцис Юрьевич,PERS_e1d622e5,Мажитов Саттар Фазылович,1,2022,2022
PERS_8516d1e4,Гасунс Марцис Юрьевич,PERS_e1dd6b3e,Лидова Наталья Ростиславовна,3,2021,2024
PERS_8516d1e4,Гасунс Марцис Юрьевич,PERS_e31ca12d,Вечерина Ольга Павловна,4,2019,2021
PERS_8516d1e4,Гасунс Марцис Юрьевич,PERS_e5a5ac24,Невелева Светлана Леонидовна,5,2011,2025
PERS_8516d1e4,Гасунс Марцис Юрьевич,PERS_e8396809,Вишну Шукла,2,2014,2015
PERS_8516d1e4,Гасунс Марцис Юрьевич,PERS_e9545a0b,Шустова Алла Михайловна,1,2024,2024
PERS_8516d1e4,Гасунс Марцис Юрьевич,PERS_ea44fd14,Люлина Анастасия Геннадьевна,1,2024,2024
PERS_8516d1e4,Гасунс Марцис Юрьевич,PERS_ebc1c3c2,Лундышева Ольга Владимировна,3,2022,2026
PERS_8516d1e4,Гасунс Марцис Юрьевич,PERS_ed83f502,Селиванова Тамара Петровна,2,2022,2023
PERS_8516d1e4,Гасунс Марцис Юрьевич,PERS_f2fef030,Мехакян Арег Гайкович,1,2021,2021
PERS_8516d1e4,Гасунс Марцис Юрьевич,PERS_f56c5a7e,Жукова Любовь Евгеньевна,15,2008,2025
PERS_8516d1e4,Гасунс Марцис Юрьевич,PERS_f5a69b65,Кройцер Светлана Александровна,5,2021,2023
PERS_8516d1e4,Гасунс Марцис Юрьевич,PERS_f5b8b340,Вигасин Алексей Алексеевич,7,2011,2024
PERS_8516d1e4,Гасунс Марцис Юрьевич,PERS_f6f68d4b,Ульяновский Ростислав Александрович,2,2011,2026
PERS_8516d1e4,Гасунс Марцис Юрьевич,PERS_f8ab5755,Оранская Татьяна Иосифовна,3,2019,2024
PERS_8516d1e4,Гасунс Марцис Юрьевич,PERS_f940c5b3,Стрелкова Гюзэль Владимировна,2,2021,2024
PERS_8516d1e4,Гасунс Марцис Юрьевич,PERS_fb25c80f,Ермакова Татьяна Викторовна,4,2019,2024
PERS_8df3730a,Донченко Сергей Сергеевич,PERS_8df81b6d,Лужинская Полина Александровна,1,2024,2024
PERS_8df3730a,Донченко Сергей Сергеевич,PERS_8e117242,Юдицкая Екатерина Алексеевна,1,2019,2019
PERS_8df3730a,Донченко Сергей Сергеевич,PERS_91b473b1,Челнокова Анна Витальевна,1,2024,2024
PERS_8df3730a,Донченко Сергей Сергеевич,PERS_93e2effb,Комиссаров Дмитрий Алексеевич,1,2024,2024
PERS_8df3730a,Донченко Сергей Сергеевич,PERS_9a855a7b,Альбедиль Маргарита Федоровна,2,2019,2024
PERS_8df3730a,Донченко Сергей Сергеевич,PERS_9d99092c,Рыбаков Р. Б.,2,2019,2024
PERS_8df3730a,Донченко Сергей Сергеевич,PERS_9e9c9566,Лекарева Ева Павловна,1,2024,2024
PERS_8df3730a,Донченко Сергей Сергеевич,PERS_a0264ac5,Бурмистров Сергей Леонидович,2,2019,2024
PERS_8df3730a,Донченко Сергей Сергеевич,PERS_a901d460,Фаградян Марина Александровна,1,2019,2019
PERS_8df3730a,Донченко Сергей Сергеевич,PERS_b62a9567,Курочкин Александр Юрьевич,1,2019,2019
PERS_8df3730a,Донченко Сергей Сергеевич,PERS_b881461b,Яковлева Мария Николаевна,1,2019,2019
PERS_8df3730a,Донченко Сергей Сергеевич,PERS_bbd15f4f,Степин А. А.,1,2024,2024
PERS_8df3730a,Донченко Сергей Сергеевич,PERS_bc97fb65,Краснодембская Нина Георгиевна,2,2019,2024
PERS_8df3730a,Донченко Сергей Сергеевич,PERS_bd77e495,Корнеев Геннадий Батыревич,2,2019,2024
PERS_8df3730a,Донченко Сергей Сергеевич,PERS_c48611e0,Островская Елена Петровна,2,2019,2024
PERS_8df3730a,Донченко Сергей Сергеевич,PERS_c52dfaa0,Цветкова Светлана Олеговна,1,2019,2019
PERS_8df3730a,Донченко Сергей Сергеевич,PERS_c5677a3f,Зорин Алексей Валерьевич,1,2019,2019
PERS_8df3730a,Донченко Сергей Сергеевич,PERS_c6bbcef3,Битинайте Елена Алексеевна,1,2019,2019
PERS_8df3730a,Донченко Сергей Сергеевич,PERS_cb52ebc2,Лемешкина Ксения Вячеславовна,1,2024,2024
PERS_8df3730a,Донченко Сергей Сергеевич,PERS_cd0d4845,Обермиллер Евгений Евгеньевич,1,2024,2024
PERS_8df3730a,Донченко Сергей Сергеевич,PERS_ced3d7b4,Молина Анна Валерьевна,1,2024,2024
PERS_8df3730a,Донченко Сергей Сергеевич,PERS_cfb92c5f,Уланский Евгений Андреевич,1,2019,2019
PERS_8df3730a,Донченко Сергей Сергеевич,PERS_d218805b,Крюкова Виктория Юрьевна,2,2019,2024
PERS_8df3730a,Донченко Сергей Сергеевич,PERS_d3c5382c,Попова Ирина Фёдоровна,1,2019,2019
PERS_8df3730a,Донченко Сергей Сергеевич,PERS_d98da899,Рыжакова Светлана Игоревна,2,2019,2024
PERS_8df3730a,Донченко Сергей Сергеевич,PERS_db046be0,Сабирова Римма Наилевна,1,2019,2019
PERS_8df3730a,Донченко Сергей Сергеевич,PERS_e1dd6b3e,Лидова Наталья Ростиславовна,1,2024,2024
PERS_8df3730a,Донченко Сергей Сергеевич,PERS_e31ca12d,Вечерина Ольга Павловна,1,2019,2019
PERS_8df3730a,Донченко Сергей Сергеевич,PERS_f56c5a7e,Жукова Любовь Евгеньевна,1,2024,2024
PERS_8df3730a,Донченко Сергей Сергеевич,PERS_f8ab5755,Оранская Татьяна Иосифовна,2,2019,2024
PERS_8df3730a,Донченко Сергей Сергеевич,PERS_f940c5b3,Стрелкова Гюзэль Владимировна,1,2024,2024
PERS_8df3730a,Донченко Сергей Сергеевич,PERS_fb25c80f,Ермакова Татьяна Викторовна,2,2019,2024
PERS_8df81b6d,Лужинская Полина Александровна,PERS_91b473b1,Челнокова Анна Витальевна,2,2024,2026
PERS_8df81b6d,Лужинская Полина Александровна,PERS_92f41884,Касым Софья Васильевна,1,2026,2026
PERS_8df81b6d,Лужинская Полина Александровна,PERS_93e2effb,Комиссаров Дмитрий Алексеевич,2,2024,2026
PERS_8df81b6d,Лужинская Полина Александровна,PERS_9a855a7b,Альбедиль Маргарита Федоровна,2,2024,2026
PERS_8df81b6d,Лужинская Полина Александровна,PERS_9d99092c,Рыбаков Р. Б.,3,2024,2026
PERS_8df81b6d,Лужинская Полина Александровна,PERS_9e9c9566,Лекарева Ева Павловна,2,2024,2026
PERS_8df81b6d,Лужинская Полина Александровна,PERS_9f398436,Куликов Леонид Игоревич,1,2026,2026
PERS_8df81b6d,Лужинская Полина Александровна,PERS_a0264ac5,Бурмистров Сергей Леонидович,2,2024,2026
PERS_8df81b6d,Лужинская Полина Александровна,PERS_a0f3d86d,Сергеева Варвара Алексеевна,1,2026,2026
PERS_8df81b6d,Лужинская Полина Александровна,PERS_a638a4b3,Федорова Наталья Леонидовна,1,2026,2026
PERS_8df81b6d,Лужинская Полина Александровна,PERS_a84aedaa,Шомахмадов Сафарали Хайбуллоевич,1,2026,2026
PERS_8df81b6d,Лужинская Полина Александровна,PERS_a901d460,Фаградян Марина Александровна,1,2026,2026
PERS_8df81b6d,Лужинская Полина Александровна,PERS_b881461b,Яковлева Мария Николаевна,1,2026,2026
PERS_8df81b6d,Лужинская Полина Александровна,PERS_bbd15f4f,Степин А. А.,1,2024,2024
PERS_8df81b6d,Лужинская Полина Александровна,PERS_bc97fb65,Краснодембская Нина Георгиевна,1,2024,2024
PERS_8df81b6d,Лужинская Полина Александровна,PERS_bd77e495,Корнеев Геннадий Батыревич,2,2024,2026
PERS_8df81b6d,Лужинская Полина Александровна,PERS_c48611e0,Островская Елена Петровна,1,2024,2024
PERS_8df81b6d,Лужинская Полина Александровна,PERS_c52dfaa0,Цветкова Светлана Олеговна,1,2026,2026
PERS_8df81b6d,Лужинская Полина Александровна,PERS_cb52ebc2,Лемешкина Ксения Вячеславовна,2,2024,2026
PERS_8df81b6d,Лужинская Полина Александровна,PERS_cd0d4845,Обермиллер Евгений Евгеньевич,1,2024,2024
PERS_8df81b6d,Лужинская Полина Александровна,PERS_ced3d7b4,Молина Анна Валерьевна,2,2024,2026
PERS_8df81b6d,Лужинская Полина Александровна,PERS_d01427ca,Бещук Юлия Владимировна,1,2026,2026
PERS_8df81b6d,Лужинская Полина Александровна,PERS_d218805b,Крюкова Виктория Юрьевна,1,2024,2024
PERS_8df81b6d,Лужинская Полина Александровна,PERS_d3c5382c,Попова Ирина Фёдоровна,1,2026,2026
PERS_8df81b6d,Лужинская Полина Александровна,PERS_d98da899,Рыжакова Светлана Игоревна,2,2024,2026
PERS_8df81b6d,Лужинская Полина Александровна,PERS_d9d69ac2,Петров Павел Яковлевич,1,2026,2026
PERS_8df81b6d,Лужинская Полина Александровна,PERS_db046be0,Сабирова Римма Наилевна,1,2026,2026
PERS_8df81b6d,Лужинская Полина Александровна,PERS_e1dd6b3e,Лидова Наталья Ростиславовна,2,2024,2026
PERS_8df81b6d,Лужинская Полина Александровна,PERS_f19cd8a1,Котин Игорь Юрьевич,1,2026,2026
PERS_8df81b6d,Лужинская Полина Александровна,PERS_f56c5a7e,Жукова Любовь Евгеньевна,1,2024,2024
PERS_8df81b6d,Лужинская Полина Александровна,PERS_f5a69b65,Кройцер Светлана Александровна,1,2025,2025
PERS_8df81b6d,Лужинская Полина Александровна,PERS_f8ab5755,Оранская Татьяна Иосифовна,2,2024,2026
PERS_8df81b6d,Лужинская Полина Александровна,PERS_f940c5b3,Стрелкова Гюзэль Владимировна,1,2024,2024
PERS_8df81b6d,Лужинская Полина Александровна,PERS_fb25c80f,Ермакова Татьяна Викторовна,2,2024,2026
PERS_8e117242,Юдицкая Екатерина Алексеевна,PERS_9366fe2c,Крыштоп Людмила Эдуардовна,1,2020,2020
PERS_8e117242,Юдицкая Екатерина Алексеевна,PERS_9374fd12,Вырщиков Евгений Геннадьевич,1,2021,2021
PERS_8e117242,Юдицкая Екатерина Алексеевна,PERS_93e2effb,Комиссаров Дмитрий Алексеевич,1,2021,2021
PERS_8e117242,Юдицкая Екатерина Алексеевна,PERS_9a855a7b,Альбедиль Маргарита Федоровна,2,2019,2021
PERS_8e117242,Юдицкая Екатерина Алексеевна,PERS_9d99092c,Рыбаков Р. Б.,3,2019,2021
PERS_8e117242,Юдицкая Екатерина Алексеевна,PERS_9f398436,Куликов Леонид Игоревич,2,2020,2021
PERS_8e117242,Юдицкая Екатерина Алексеевна,PERS_a0264ac5,Бурмистров Сергей Леонидович,2,2019,2021
PERS_8e117242,Юдицкая Екатерина Алексеевна,PERS_a84aedaa,Шомахмадов Сафарали Хайбуллоевич,1,2021,2021
PERS_8e117242,Юдицкая Екатерина Алексеевна,PERS_a901d460,Фаградян Марина Александровна,1,2019,2019
PERS_8e117242,Юдицкая Екатерина Алексеевна,PERS_b62a9567,Курочкин Александр Юрьевич,1,2019,2019
PERS_8e117242,Юдицкая Екатерина Алексеевна,PERS_b76851a7,Митруев Бембя Леонидович,1,2021,2021
PERS_8e117242,Юдицкая Екатерина Алексеевна,PERS_b881461b,Яковлева Мария Николаевна,1,2019,2019
PERS_8e117242,Юдицкая Екатерина Алексеевна,PERS_bc97fb65,Краснодембская Нина Георгиевна,3,2019,2021
PERS_8e117242,Юдицкая Екатерина Алексеевна,PERS_bcaec2d8,Дружинин Владимир Юрьевич,1,2021,2021
PERS_8e117242,Юдицкая Екатерина Алексеевна,PERS_bd77e495,Корнеев Геннадий Батыревич,4,2019,2021
PERS_8e117242,Юдицкая Екатерина Алексеевна,PERS_c48611e0,Островская Елена Петровна,3,2019,2021
PERS_8e117242,Юдицкая Екатерина Алексеевна,PERS_c52dfaa0,Цветкова Светлана Олеговна,3,2019,2021
PERS_8e117242,Юдицкая Екатерина Алексеевна,PERS_c5677a3f,Зорин Алексей Валерьевич,2,2019,2021
PERS_8e117242,Юдицкая Екатерина Алексеевна,PERS_c6bbcef3,Битинайте Елена Алексеевна,2,2019,2020
PERS_8e117242,Юдицкая Екатерина Алексеевна,PERS_cb52ebc2,Лемешкина Ксения Вячеславовна,1,2020,2020
PERS_8e117242,Юдицкая Екатерина Алексеевна,PERS_cfb92c5f,Уланский Евгений Андреевич,3,2019,2021
PERS_8e117242,Юдицкая Екатерина Алексеевна,PERS_d218805b,Крюкова Виктория Юрьевна,1,2019,2019
PERS_8e117242,Юдицкая Екатерина Алексеевна,PERS_d3c5382c,Попова Ирина Фёдоровна,2,2019,2021
PERS_8e117242,Юдицкая Екатерина Алексеевна,PERS_d98da899,Рыжакова Светлана Игоревна,3,2019,2021
PERS_8e117242,Юдицкая Екатерина Алексеевна,PERS_da862dde,Дробышев Юлий Игорьевич,1,2021,2021
PERS_8e117242,Юдицкая Екатерина Алексеевна,PERS_db046be0,Сабирова Римма Наилевна,3,2019,2021
PERS_8e117242,Юдицкая Екатерина Алексеевна,PERS_e1dd6b3e,Лидова Наталья Ростиславовна,2,2021,2021
PERS_8e117242,Юдицкая Екатерина Алексеевна,PERS_e31ca12d,Вечерина Ольга Павловна,4,2019,2021
PERS_8e117242,Юдицкая Екатерина Алексеевна,PERS_e72d4c09,Огнева Елена Дмитриевна,1,2021,2021
PERS_8e117242,Юдицкая Екатерина Алексеевна,PERS_e9545a0b,Шустова Алла Михайловна,1,2021,2021
PERS_8e117242,Юдицкая Екатерина Алексеевна,PERS_ea44fd14,Люлина Анастасия Геннадьевна,1,2021,2021
PERS_8e117242,Юдицкая Екатерина Алексеевна,PERS_f2fef030,Мехакян Арег Гайкович,2,2021,2021
PERS_8e117242,Юдицкая Екатерина Алексеевна,PERS_f8ab5755,Оранская Татьяна Иосифовна,2,2019,2020
PERS_8e117242,Юдицкая Екатерина Алексеевна,PERS_fb25c80f,Ермакова Татьяна Викторовна,3,2019,2021
PERS_91b473b1,Челнокова Анна Витальевна,PERS_92f41884,Касым Софья Васильевна,2,2022,2026
PERS_91b473b1,Челнокова Анна Витальевна,PERS_9366fe2c,Крыштоп Людмила Эдуардовна,2,2021,2022
PERS_91b473b1,Челнокова Анна Витальевна,PERS_93e2effb,Комиссаров Дмитрий Алексеевич,2,2024,2026
PERS_91b473b1,Челнокова Анна Витальевна,PERS_9a855a7b,Альбедиль Маргарита Федоровна,2,2024,2026
PERS_91b473b1,Челнокова Анна Витальевна,PERS_9d99092c,Рыбаков Р. Б.,2,2024,2026
PERS_91b473b1,Челнокова Анна Витальевна,PERS_9e9c9566,Лекарева Ева Павловна,3,2021,2026
PERS_91b473b1,Челнокова Анна Витальевна,PERS_9f398436,Куликов Леонид Игоревич,2,2021,2026
PERS_91b473b1,Челнокова Анна Витальевна,PERS_a0264ac5,Бурмистров Сергей Леонидович,3,2021,2026
PERS_91b473b1,Челнокова Анна Витальевна,PERS_a0f3d86d,Сергеева Варвара Алексеевна,1,2026,2026
PERS_91b473b1,Челнокова Анна Витальевна,PERS_a638a4b3,Федорова Наталья Леонидовна,1,2026,2026
PERS_91b473b1,Челнокова Анна Витальевна,PERS_a84aedaa,Шомахмадов Сафарали Хайбуллоевич,1,2026,2026
PERS_91b473b1,Челнокова Анна Витальевна,PERS_a901d460,Фаградян Марина Александровна,3,2021,2026
PERS_91b473b1,Челнокова Анна Витальевна,PERS_ab6bf9e3,Смирнов Борис Леонидович,1,2021,2021
PERS_91b473b1,Челнокова Анна Витальевна,PERS_b881461b,Яковлева Мария Николаевна,1,2026,2026
PERS_91b473b1,Челнокова Анна Витальевна,PERS_ba537782,М. И. Петрова,2,2021,2022
PERS_91b473b1,Челнокова Анна Витальевна,PERS_bbd15f4f,Степин А. А.,1,2024,2024
PERS_91b473b1,Челнокова Анна Витальевна,PERS_bc97fb65,Краснодембская Нина Георгиевна,1,2024,2024
PERS_91b473b1,Челнокова Анна Витальевна,PERS_bd77e495,Корнеев Геннадий Батыревич,2,2024,2026
PERS_91b473b1,Челнокова Анна Витальевна,PERS_c48611e0,Островская Елена Петровна,2,2021,2024
PERS_91b473b1,Челнокова Анна Витальевна,PERS_c52dfaa0,Цветкова Светлана Олеговна,1,2026,2026
PERS_91b473b1,Челнокова Анна Витальевна,PERS_cb52ebc2,Лемешкина Ксения Вячеславовна,2,2024,2026
PERS_91b473b1,Челнокова Анна Витальевна,PERS_cd0d4845,Обермиллер Евгений Евгеньевич,1,2024,2024
PERS_91b473b1,Челнокова Анна Витальевна,PERS_ced3d7b4,Молина Анна Валерьевна,2,2024,2026
PERS_91b473b1,Челнокова Анна Витальевна,PERS_d01427ca,Бещук Юлия Владимировна,1,2026,2026
PERS_91b473b1,Челнокова Анна Витальевна,PERS_d218805b,Крюкова Виктория Юрьевна,1,2024,2024
PERS_91b473b1,Челнокова Анна Витальевна,PERS_d3c5382c,Попова Ирина Фёдоровна,1,2026,2026
PERS_91b473b1,Челнокова Анна Витальевна,PERS_d98da899,Рыжакова Светлана Игоревна,4,2021,2026
PERS_91b473b1,Челнокова Анна Витальевна,PERS_d9d69ac2,Петров Павел Яковлевич,1,2026,2026
PERS_91b473b1,Челнокова Анна Витальевна,PERS_db046be0,Сабирова Римма Наилевна,2,2021,2026
PERS_91b473b1,Челнокова Анна Витальевна,PERS_e1d622e5,Мажитов Саттар Фазылович,1,2022,2022
PERS_91b473b1,Челнокова Анна Витальевна,PERS_e1dd6b3e,Лидова Наталья Ростиславовна,2,2024,2026
PERS_91b473b1,Челнокова Анна Витальевна,PERS_e31ca12d,Вечерина Ольга Павловна,1,2021,2021
PERS_91b473b1,Челнокова Анна Витальевна,PERS_ed83f502,Селиванова Тамара Петровна,1,2022,2022
PERS_91b473b1,Челнокова Анна Витальевна,PERS_f19cd8a1,Котин Игорь Юрьевич,1,2026,2026
PERS_91b473b1,Челнокова Анна Витальевна,PERS_f56c5a7e,Жукова Любовь Евгеньевна,2,2021,2024
PERS_91b473b1,Челнокова Анна Витальевна,PERS_f8ab5755,Оранская Татьяна Иосифовна,2,2024,2026
PERS_91b473b1,Челнокова Анна Витальевна,PERS_f940c5b3,Стрелкова Гюзэль Владимировна,2,2021,2024
PERS_91b473b1,Челнокова Анна Витальевна,PERS_fb25c80f,Ермакова Татьяна Викторовна,2,2024,2026
PERS_92f41884,Касым Софья Васильевна,PERS_9366fe2c,Крыштоп Людмила Эдуардовна,1,2022,2022
PERS_92f41884,Касым Софья Васильевна,PERS_93e2effb,Комиссаров Дмитрий Алексеевич,1,2026,2026
PERS_92f41884,Касым Софья Васильевна,PERS_9a855a7b,Альбедиль Маргарита Федоровна,1,2026,2026
PERS_92f41884,Касым Софья Васильевна,PERS_9d99092c,Рыбаков Р. Б.,1,2026,2026
PERS_92f41884,Касым Софья Васильевна,PERS_9e9c9566,Лекарева Ева Павловна,1,2026,2026
PERS_92f41884,Касым Софья Васильевна,PERS_9f398436,Куликов Леонид Игоревич,1,2026,2026
PERS_92f41884,Касым Софья Васильевна,PERS_a0264ac5,Бурмистров Сергей Леонидович,1,2026,2026
PERS_92f41884,Касым Софья Васильевна,PERS_a0f3d86d,Сергеева Варвара Алексеевна,1,2026,2026
PERS_92f41884,Касым Софья Васильевна,PERS_a638a4b3,Федорова Наталья Леонидовна,1,2026,2026
PERS_92f41884,Касым Софья Васильевна,PERS_a84aedaa,Шомахмадов Сафарали Хайбуллоевич,1,2026,2026
PERS_92f41884,Касым Софья Васильевна,PERS_a901d460,Фаградян Марина Александровна,2,2022,2026
PERS_92f41884,Касым Софья Васильевна,PERS_b881461b,Яковлева Мария Николаевна,1,2026,2026
PERS_92f41884,Касым Софья Васильевна,PERS_ba537782,М. И. Петрова,1,2022,2022
PERS_92f41884,Касым Софья Васильевна,PERS_bd77e495,Корнеев Геннадий Батыревич,1,2026,2026
PERS_92f41884,Касым Софья Васильевна,PERS_c52dfaa0,Цветкова Светлана Олеговна,1,2026,2026
PERS_92f41884,Касым Софья Васильевна,PERS_cb52ebc2,Лемешкина Ксения Вячеславовна,1,2026,2026
PERS_92f41884,Касым Софья Васильевна,PERS_ced3d7b4,Молина Анна Валерьевна,1,2026,2026
PERS_92f41884,Касым Софья Васильевна,PERS_d01427ca,Бещук Юлия Владимировна,1,2026,2026
PERS_92f41884,Касым Софья Васильевна,PERS_d3c5382c,Попова Ирина Фёдоровна,1,2026,2026
PERS_92f41884,Касым Софья Васильевна,PERS_d98da899,Рыжакова Светлана Игоревна,2,2022,2026
PERS_92f41884,Касым Софья Васильевна,PERS_d9d69ac2,Петров Павел Яковлевич,1,2026,2026
PERS_92f41884,Касым Софья Васильевна,PERS_db046be0,Сабирова Римма Наилевна,1,2026,2026
PERS_92f41884,Касым Софья Васильевна,PERS_e1d622e5,Мажитов Саттар Фазылович,1,2022,2022
PERS_92f41884,Касым Софья Васильевна,PERS_e1dd6b3e,Лидова Наталья Ростиславовна,1,2026,2026
PERS_92f41884,Касым Софья Васильевна,PERS_ed83f502,Селиванова Тамара Петровна,1,2022,2022
PERS_92f41884,Касым Софья Васильевна,PERS_f19cd8a1,Котин Игорь Юрьевич,1,2026,2026
PERS_92f41884,Касым Софья Васильевна,PERS_f8ab5755,Оранская Татьяна Иосифовна,1,2026,2026
PERS_92f41884,Касым Софья Васильевна,PERS_fb25c80f,Ермакова Татьяна Викторовна,1,2026,2026
PERS_9366fe2c,Крыштоп Людмила Эдуардовна,PERS_9d99092c,Рыбаков Р. Б.,2,2020,2026
PERS_9366fe2c,Крыштоп Людмила Эдуардовна,PERS_9e9c9566,Лекарева Ева Павловна,1,2021,2021
PERS_9366fe2c,Крыштоп Людмила Эдуардовна,PERS_9f398436,Куликов Леонид Игоревич,2,2020,2021
PERS_9366fe2c,Крыштоп Людмила Эдуардовна,PERS_a0264ac5,Бурмистров Сергей Леонидович,1,2021,2021
PERS_9366fe2c,Крыштоп Людмила Эдуардовна,PERS_a901d460,Фаградян Марина Александровна,2,2021,2022
PERS_9366fe2c,Крыштоп Людмила Эдуардовна,PERS_ab6bf9e3,Смирнов Борис Леонидович,4,2012,2025
PERS_9366fe2c,Крыштоп Людмила Эдуардовна,PERS_b4cdbfb8,Эрман Владимир Гансович,1,2012,2012
PERS_9366fe2c,Крыштоп Людмила Эдуардовна,PERS_b881461b,Яковлева Мария Николаевна,1,2026,2026
PERS_9366fe2c,Крыштоп Людмила Эдуардовна,PERS_ba537782,М. И. Петрова,2,2021,2022
PERS_9366fe2c,Крыштоп Людмила Эдуардовна,PERS_bc97fb65,Краснодембская Нина Георгиевна,1,2020,2020
PERS_9366fe2c,Крыштоп Людмила Эдуардовна,PERS_bd77e495,Корнеев Геннадий Батыревич,2,2020,2026
PERS_9366fe2c,Крыштоп Людмила Эдуардовна,PERS_c48611e0,Островская Елена Петровна,2,2020,2021
PERS_9366fe2c,Крыштоп Людмила Эдуардовна,PERS_c6bbcef3,Битинайте Елена Алексеевна,1,2020,2020
PERS_9366fe2c,Крыштоп Людмила Эдуардовна,PERS_cb52ebc2,Лемешкина Ксения Вячеславовна,1,2020,2020
PERS_9366fe2c,Крыштоп Людмила Эдуардовна,PERS_cfb92c5f,Уланский Евгений Андреевич,2,2020,2025
PERS_9366fe2c,Крыштоп Людмила Эдуардовна,PERS_d218805b,Крюкова Виктория Юрьевна,1,2023,2023
PERS_9366fe2c,Крыштоп Людмила Эдуардовна,PERS_d3c5382c,Попова Ирина Фёдоровна,1,2025,2025
PERS_9366fe2c,Крыштоп Людмила Эдуардовна,PERS_d98da899,Рыжакова Светлана Игоревна,3,2020,2022
PERS_9366fe2c,Крыштоп Людмила Эдуардовна,PERS_db046be0,Сабирова Римма Наилевна,2,2020,2021
PERS_9366fe2c,Крыштоп Людмила Эдуардовна,PERS_dfaf6803,Борисов Яков Александрович,1,2025,2025
PERS_9366fe2c,Крыштоп Людмила Эдуардовна,PERS_e1d622e5,Мажитов Саттар Фазылович,1,2022,2022
PERS_9366fe2c,Крыштоп Людмила Эдуардовна,PERS_e31ca12d,Вечерина Ольга Павловна,2,2020,2021
PERS_9366fe2c,Крыштоп Людмила Эдуардовна,PERS_ed83f502,Селиванова Тамара Петровна,1,2022,2022
PERS_9366fe2c,Крыштоп Людмила Эдуардовна,PERS_f56c5a7e,Жукова Любовь Евгеньевна,2,2012,2021
PERS_9366fe2c,Крыштоп Людмила Эдуардовна,PERS_f6f68d4b,Ульяновский Ростислав Александрович,1,2026,2026
PERS_9366fe2c,Крыштоп Людмила Эдуардовна,PERS_f8ab5755,Оранская Татьяна Иосифовна,1,2020,2020
PERS_9366fe2c,Крыштоп Людмила Эдуардовна,PERS_f940c5b3,Стрелкова Гюзэль Владимировна,1,2021,2021
PERS_9366fe2c,Крыштоп Людмила Эдуардовна,PERS_fb25c80f,Ермакова Татьяна Викторовна,1,2020,2020
PERS_9374fd12,Вырщиков Евгений Геннадьевич,PERS_9f398436,Куликов Леонид Игоревич,1,2021,2021
PERS_9374fd12,Вырщиков Евгений Геннадьевич,PERS_a8983673,Вигель Нарине Липаритовна,1,2024,2024
PERS_9374fd12,Вырщиков Евгений Геннадьевич,PERS_bd77e495,Корнеев Геннадий Батыревич,2,2021,2024
PERS_9374fd12,Вырщиков Евгений Геннадьевич,PERS_c52dfaa0,Цветкова Светлана Олеговна,2,2021,2024
PERS_9374fd12,Вырщиков Евгений Геннадьевич,PERS_ced3d7b4,Молина Анна Валерьевна,1,2024,2024
PERS_9374fd12,Вырщиков Евгений Геннадьевич,PERS_da862dde,Дробышев Юлий Игорьевич,2,2021,2024
PERS_9374fd12,Вырщиков Евгений Геннадьевич,PERS_e1dd6b3e,Лидова Наталья Ростиславовна,2,2021,2024
PERS_9374fd12,Вырщиков Евгений Геннадьевич,PERS_e31ca12d,Вечерина Ольга Павловна,1,2021,2021
PERS_9374fd12,Вырщиков Евгений Геннадьевич,PERS_e72d4c09,Огнева Елена Дмитриевна,1,2021,2021
PERS_9374fd12,Вырщиков Евгений Геннадьевич,PERS_e9545a0b,Шустова Алла Михайловна,2,2021,2024
PERS_9374fd12,Вырщиков Евгений Геннадьевич,PERS_ea44fd14,Люлина Анастасия Геннадьевна,2,2021,2024
PERS_9374fd12,Вырщиков Евгений Геннадьевич,PERS_f2fef030,Мехакян Арег Гайкович,1,2021,2021
PERS_9374fd12,Вырщиков Евгений Геннадьевич,PERS_f5b8b340,Вигасин Алексей Алексеевич,1,2024,2024
PERS_93e2effb,Комиссаров Дмитрий Алексеевич,PERS_9a855a7b,Альбедиль Маргарита Федоровна,3,2021,2026
PERS_93e2effb,Комиссаров Дмитрий Алексеевич,PERS_9d99092c,Рыбаков Р. Б.,3,2021,2026
PERS_93e2effb,Комиссаров Дмитрий Алексеевич,PERS_9e9c9566,Лекарева Ева Павловна,2,2024,2026
PERS_93e2effb,Комиссаров Дмитрий Алексеевич,PERS_9f398436,Куликов Леонид Игоревич,1,2026,2026
PERS_93e2effb,Комиссаров Дмитрий Алексеевич,PERS_a0264ac5,Бурмистров Сергей Леонидович,3,2021,2026
PERS_93e2effb,Комиссаров Дмитрий Алексеевич,PERS_a0f3d86d,Сергеева Варвара Алексеевна,1,2026,2026
PERS_93e2effb,Комиссаров Дмитрий Алексеевич,PERS_a638a4b3,Федорова Наталья Леонидовна,1,2026,2026
PERS_93e2effb,Комиссаров Дмитрий Алексеевич,PERS_a84aedaa,Шомахмадов Сафарали Хайбуллоевич,2,2021,2026
PERS_93e2effb,Комиссаров Дмитрий Алексеевич,PERS_a901d460,Фаградян Марина Александровна,1,2026,2026
PERS_93e2effb,Комиссаров Дмитрий Алексеевич,PERS_b76851a7,Митруев Бембя Леонидович,1,2021,2021
PERS_93e2effb,Комиссаров Дмитрий Алексеевич,PERS_b881461b,Яковлева Мария Николаевна,1,2026,2026
PERS_93e2effb,Комиссаров Дмитрий Алексеевич,PERS_bbd15f4f,Степин А. А.,1,2024,2024
PERS_93e2effb,Комиссаров Дмитрий Алексеевич,PERS_bc97fb65,Краснодембская Нина Георгиевна,2,2021,2024
PERS_93e2effb,Комиссаров Дмитрий Алексеевич,PERS_bcaec2d8,Дружинин Владимир Юрьевич,1,2021,2021
PERS_93e2effb,Комиссаров Дмитрий Алексеевич,PERS_bd77e495,Корнеев Геннадий Батыревич,3,2021,2026
PERS_93e2effb,Комиссаров Дмитрий Алексеевич,PERS_c48611e0,Островская Елена Петровна,2,2021,2024
PERS_93e2effb,Комиссаров Дмитрий Алексеевич,PERS_c52dfaa0,Цветкова Светлана Олеговна,2,2021,2026
PERS_93e2effb,Комиссаров Дмитрий Алексеевич,PERS_c5677a3f,Зорин Алексей Валерьевич,1,2021,2021
PERS_93e2effb,Комиссаров Дмитрий Алексеевич,PERS_cb52ebc2,Лемешкина Ксения Вячеславовна,2,2024,2026
PERS_93e2effb,Комиссаров Дмитрий Алексеевич,PERS_cd0d4845,Обермиллер Евгений Евгеньевич,1,2024,2024
PERS_93e2effb,Комиссаров Дмитрий Алексеевич,PERS_ced3d7b4,Молина Анна Валерьевна,2,2024,2026
PERS_93e2effb,Комиссаров Дмитрий Алексеевич,PERS_cfb92c5f,Уланский Евгений Андреевич,1,2021,2021
PERS_93e2effb,Комиссаров Дмитрий Алексеевич,PERS_d01427ca,Бещук Юлия Владимировна,1,2026,2026
PERS_93e2effb,Комиссаров Дмитрий Алексеевич,PERS_d218805b,Крюкова Виктория Юрьевна,1,2024,2024
PERS_93e2effb,Комиссаров Дмитрий Алексеевич,PERS_d3c5382c,Попова Ирина Фёдоровна,2,2021,2026
PERS_93e2effb,Комиссаров Дмитрий Алексеевич,PERS_d98da899,Рыжакова Светлана Игоревна,3,2021,2026
PERS_93e2effb,Комиссаров Дмитрий Алексеевич,PERS_d9d69ac2,Петров Павел Яковлевич,1,2026,2026
PERS_93e2effb,Комиссаров Дмитрий Алексеевич,PERS_db046be0,Сабирова Римма Наилевна,2,2021,2026
PERS_93e2effb,Комиссаров Дмитрий Алексеевич,PERS_e1dd6b3e,Лидова Наталья Ростиславовна,3,2021,2026
PERS_93e2effb,Комиссаров Дмитрий Алексеевич,PERS_e31ca12d,Вечерина Ольга Павловна,1,2021,2021
PERS_93e2effb,Комиссаров Дмитрий Алексеевич,PERS_f19cd8a1,Котин Игорь Юрьевич,1,2026,2026
PERS_93e2effb,Комиссаров Дмитрий Алексеевич,PERS_f2fef030,Мехакян Арег Гайкович,1,2021,2021
PERS_93e2effb,Комиссаров Дмитрий Алексеевич,PERS_f56c5a7e,Жукова Любовь Евгеньевна,1,2024,2024
PERS_93e2effb,Комиссаров Дмитрий Алексеевич,PERS_f8ab5755,Оранская Татьяна Иосифовна,2,2024,2026
PERS_93e2effb,Комиссаров Дмитрий Алексеевич,PERS_f940c5b3,Стрелкова Гюзэль Владимировна,1,2024,2024
PERS_93e2effb,Комиссаров Дмитрий Алексеевич,PERS_fb25c80f,Ермакова Татьяна Викторовна,3,2021,2026
PERS_9a855a7b,Альбедиль Маргарита Федоровна,PERS_9d99092c,Рыбаков Р. Б.,4,2019,2026
PERS_9a855a7b,Альбедиль Маргарита Федоровна,PERS_9e9c9566,Лекарева Ева Павловна,2,2024,2026
PERS_9a855a7b,Альбедиль Маргарита Федоровна,PERS_9f398436,Куликов Леонид Игоревич,1,2026,2026
PERS_9a855a7b,Альбедиль Маргарита Федоровна,PERS_a0264ac5,Бурмистров Сергей Леонидович,4,2019,2026
PERS_9a855a7b,Альбедиль Маргарита Федоровна,PERS_a0f3d86d,Сергеева Варвара Алексеевна,1,2026,2026
PERS_9a855a7b,Альбедиль Маргарита Федоровна,PERS_a638a4b3,Федорова Наталья Леонидовна,2,2026,2026
PERS_9a855a7b,Альбедиль Маргарита Федоровна,PERS_a84aedaa,Шомахмадов Сафарали Хайбуллоевич,2,2021,2026
PERS_9a855a7b,Альбедиль Маргарита Федоровна,PERS_a901d460,Фаградян Марина Александровна,3,2019,2026
PERS_9a855a7b,Альбедиль Маргарита Федоровна,PERS_ab6bf9e3,Смирнов Борис Леонидович,1,2021,2021
PERS_9a855a7b,Альбедиль Маргарита Федоровна,PERS_b2c121e9,Успенская Елена Николаевна,1,2019,2019
PERS_9a855a7b,Альбедиль Маргарита Федоровна,PERS_b62a9567,Курочкин Александр Юрьевич,1,2019,2019
PERS_9a855a7b,Альбедиль Маргарита Федоровна,PERS_b76851a7,Митруев Бембя Леонидович,1,2021,2021
PERS_9a855a7b,Альбедиль Маргарита Федоровна,PERS_b881461b,Яковлева Мария Николаевна,2,2019,2026
PERS_9a855a7b,Альбедиль Маргарита Федоровна,PERS_bbd15f4f,Степин А. А.,1,2024,2024
PERS_9a855a7b,Альбедиль Маргарита Федоровна,PERS_bc97fb65,Краснодембская Нина Георгиевна,4,2019,2024
PERS_9a855a7b,Альбедиль Маргарита Федоровна,PERS_bcaec2d8,Дружинин Владимир Юрьевич,1,2021,2021
PERS_9a855a7b,Альбедиль Маргарита Федоровна,PERS_bd77e495,Корнеев Геннадий Батыревич,4,2019,2026
PERS_9a855a7b,Альбедиль Маргарита Федоровна,PERS_c48611e0,Островская Елена Петровна,3,2019,2024
PERS_9a855a7b,Альбедиль Маргарита Федоровна,PERS_c52dfaa0,Цветкова Светлана Олеговна,3,2019,2026
PERS_9a855a7b,Альбедиль Маргарита Федоровна,PERS_c5677a3f,Зорин Алексей Валерьевич,2,2019,2021
PERS_9a855a7b,Альбедиль Маргарита Федоровна,PERS_c6bbcef3,Битинайте Елена Алексеевна,1,2019,2019
PERS_9a855a7b,Альбедиль Маргарита Федоровна,PERS_cb52ebc2,Лемешкина Ксения Вячеславовна,3,2024,2026
PERS_9a855a7b,Альбедиль Маргарита Федоровна,PERS_cd0d4845,Обермиллер Евгений Евгеньевич,1,2024,2024
PERS_9a855a7b,Альбедиль Маргарита Федоровна,PERS_ced3d7b4,Молина Анна Валерьевна,2,2024,2026
PERS_9a855a7b,Альбедиль Маргарита Федоровна,PERS_cfb92c5f,Уланский Евгений Андреевич,3,2019,2021
PERS_9a855a7b,Альбедиль Маргарита Федоровна,PERS_d01427ca,Бещук Юлия Владимировна,1,2026,2026
PERS_9a855a7b,Альбедиль Маргарита Федоровна,PERS_d218805b,Крюкова Виктория Юрьевна,2,2019,2024
PERS_9a855a7b,Альбедиль Маргарита Федоровна,PERS_d3c5382c,Попова Ирина Фёдоровна,3,2019,2026
PERS_9a855a7b,Альбедиль Маргарита Федоровна,PERS_d98da899,Рыжакова Светлана Игоревна,4,2019,2026
PERS_9a855a7b,Альбедиль Маргарита Федоровна,PERS_d9d69ac2,Петров Павел Яковлевич,3,2019,2026
PERS_9a855a7b,Альбедиль Маргарита Федоровна,PERS_db046be0,Сабирова Римма Наилевна,3,2019,2026
PERS_9a855a7b,Альбедиль Маргарита Федоровна,PERS_e1dd6b3e,Лидова Наталья Ростиславовна,3,2021,2026
PERS_9a855a7b,Альбедиль Маргарита Федоровна,PERS_e31ca12d,Вечерина Ольга Павловна,2,2019,2021
PERS_9a855a7b,Альбедиль Маргарита Федоровна,PERS_e5a5ac24,Невелева Светлана Леонидовна,2,2019,2021
PERS_9a855a7b,Альбедиль Маргарита Федоровна,PERS_ed83f502,Селиванова Тамара Петровна,1,2019,2019
PERS_9a855a7b,Альбедиль Маргарита Федоровна,PERS_f19cd8a1,Котин Игорь Юрьевич,2,2026,2026
PERS_9a855a7b,Альбедиль Маргарита Федоровна,PERS_f2fef030,Мехакян Арег Гайкович,1,2021,2021
PERS_9a855a7b,Альбедиль Маргарита Федоровна,PERS_f56c5a7e,Жукова Любовь Евгеньевна,1,2024,2024
PERS_9a855a7b,Альбедиль Маргарита Федоровна,PERS_f8ab5755,Оранская Татьяна Иосифовна,4,2019,2026
PERS_9a855a7b,Альбедиль Маргарита Федоровна,PERS_f940c5b3,Стрелкова Гюзэль Владимировна,1,2024,2024
PERS_9a855a7b,Альбедиль Маргарита Федоровна,PERS_fb25c80f,Ермакова Татьяна Викторовна,4,2019,2026
PERS_9d99092c,Рыбаков Р. Б.,PERS_9e9c9566,Лекарева Ева Павловна,2,2024,2026
PERS_9d99092c,Рыбаков Р. Б.,PERS_9f398436,Куликов Леонид Игоревич,2,2020,2026
PERS_9d99092c,Рыбаков Р. Б.,PERS_a0264ac5,Бурмистров Сергей Леонидович,4,2019,2026
PERS_9d99092c,Рыбаков Р. Б.,PERS_a0f3d86d,Сергеева Варвара Алексеевна,2,2011,2026
PERS_9d99092c,Рыбаков Р. Б.,PERS_a638a4b3,Федорова Наталья Леонидовна,1,2026,2026
PERS_9d99092c,Рыбаков Р. Б.,PERS_a84aedaa,Шомахмадов Сафарали Хайбуллоевич,2,2021,2026
PERS_9d99092c,Рыбаков Р. Б.,PERS_a901d460,Фаградян Марина Александровна,4,2011,2026
PERS_9d99092c,Рыбаков Р. Б.,PERS_ab6bf9e3,Смирнов Борис Леонидович,1,2022,2022
PERS_9d99092c,Рыбаков Р. Б.,PERS_b2c121e9,Успенская Елена Николаевна,1,2022,2022
PERS_9d99092c,Рыбаков Р. Б.,PERS_b4cdbfb8,Эрман Владимир Гансович,1,2022,2022
PERS_9d99092c,Рыбаков Р. Б.,PERS_b62a9567,Курочкин Александр Юрьевич,2,2012,2019
PERS_9d99092c,Рыбаков Р. Б.,PERS_b76851a7,Митруев Бембя Леонидович,1,2021,2021
PERS_9d99092c,Рыбаков Р. Б.,PERS_b881461b,Яковлева Мария Николаевна,4,2019,2026
PERS_9d99092c,Рыбаков Р. Б.,PERS_ba537782,М. И. Петрова,1,2022,2022
PERS_9d99092c,Рыбаков Р. Б.,PERS_bbb9116e,Кальянов Владимир Иванович,1,2022,2022
PERS_9d99092c,Рыбаков Р. Б.,PERS_bbd15f4f,Степин А. А.,1,2024,2024
PERS_9d99092c,Рыбаков Р. Б.,PERS_bc97fb65,Краснодембская Нина Георгиевна,4,2019,2024
PERS_9d99092c,Рыбаков Р. Б.,PERS_bcaec2d8,Дружинин Владимир Юрьевич,1,2021,2021
PERS_9d99092c,Рыбаков Р. Б.,PERS_bd77e495,Корнеев Геннадий Батыревич,7,2019,2026
PERS_9d99092c,Рыбаков Р. Б.,PERS_c0b7485d,Серебряков Игорь Дмитриевич,1,2022,2022
PERS_9d99092c,Рыбаков Р. Б.,PERS_c48611e0,Островская Елена Петровна,4,2019,2024
PERS_9d99092c,Рыбаков Р. Б.,PERS_c52dfaa0,Цветкова Светлана Олеговна,4,2019,2026
PERS_9d99092c,Рыбаков Р. Б.,PERS_c5677a3f,Зорин Алексей Валерьевич,2,2019,2021
PERS_9d99092c,Рыбаков Р. Б.,PERS_c6bbcef3,Битинайте Елена Алексеевна,2,2019,2020
PERS_9d99092c,Рыбаков Р. Б.,PERS_cb52ebc2,Лемешкина Ксения Вячеславовна,3,2020,2026
PERS_9d99092c,Рыбаков Р. Б.,PERS_cd0d4845,Обермиллер Евгений Евгеньевич,1,2024,2024
PERS_9d99092c,Рыбаков Р. Б.,PERS_ced3d7b4,Молина Анна Валерьевна,2,2024,2026
PERS_9d99092c,Рыбаков Р. Б.,PERS_cfb92c5f,Уланский Евгений Андреевич,3,2019,2021
PERS_9d99092c,Рыбаков Р. Б.,PERS_d01427ca,Бещук Юлия Владимировна,1,2026,2026
PERS_9d99092c,Рыбаков Р. Б.,PERS_d218805b,Крюкова Виктория Юрьевна,2,2019,2024
PERS_9d99092c,Рыбаков Р. Б.,PERS_d3c5382c,Попова Ирина Фёдоровна,4,2019,2026
PERS_9d99092c,Рыбаков Р. Б.,PERS_d98da899,Рыжакова Светлана Игоревна,5,2019,2026
PERS_9d99092c,Рыбаков Р. Б.,PERS_d9d69ac2,Петров Павел Яковлевич,2,2022,2026
PERS_9d99092c,Рыбаков Р. Б.,PERS_db046be0,Сабирова Римма Наилевна,4,2019,2026
PERS_9d99092c,Рыбаков Р. Б.,PERS_e1dd6b3e,Лидова Наталья Ростиславовна,3,2021,2026
PERS_9d99092c,Рыбаков Р. Б.,PERS_e31ca12d,Вечерина Ольга Павловна,3,2019,2021
PERS_9d99092c,Рыбаков Р. Б.,PERS_f19cd8a1,Котин Игорь Юрьевич,1,2026,2026
PERS_9d99092c,Рыбаков Р. Б.,PERS_f2fef030,Мехакян Арег Гайкович,1,2021,2021
PERS_9d99092c,Рыбаков Р. Б.,PERS_f56c5a7e,Жукова Любовь Евгеньевна,1,2024,2024
PERS_9d99092c,Рыбаков Р. Б.,PERS_f5a69b65,Кройцер Светлана Александровна,1,2025,2025
PERS_9d99092c,Рыбаков Р. Б.,PERS_f6f68d4b,Ульяновский Ростислав Александрович,2,2022,2026
PERS_9d99092c,Рыбаков Р. Б.,PERS_f8ab5755,Оранская Татьяна Иосифовна,5,2019,2026
PERS_9d99092c,Рыбаков Р. Б.,PERS_f940c5b3,Стрелкова Гюзэль Владимировна,1,2024,2024
PERS_9d99092c,Рыбаков Р. Б.,PERS_fb25c80f,Ермакова Татьяна Викторовна,5,2019,2026
PERS_9e9c9566,Лекарева Ева Павловна,PERS_9f398436,Куликов Леонид Игоревич,2,2021,2026
PERS_9e9c9566,Лекарева Ева Павловна,PERS_a0264ac5,Бурмистров Сергей Леонидович,3,2021,2026
PERS_9e9c9566,Лекарева Ева Павловна,PERS_a0f3d86d,Сергеева Варвара Алексеевна,1,2026,2026
PERS_9e9c9566,Лекарева Ева Павловна,PERS_a638a4b3,Федорова Наталья Леонидовна,1,2026,2026
PERS_9e9c9566,Лекарева Ева Павловна,PERS_a84aedaa,Шомахмадов Сафарали Хайбуллоевич,1,2026,2026
PERS_9e9c9566,Лекарева Ева Павловна,PERS_a901d460,Фаградян Марина Александровна,2,2021,2026
PERS_9e9c9566,Лекарева Ева Павловна,PERS_ab6bf9e3,Смирнов Борис Леонидович,1,2021,2021
PERS_9e9c9566,Лекарева Ева Павловна,PERS_b881461b,Яковлева Мария Николаевна,1,2026,2026
PERS_9e9c9566,Лекарева Ева Павловна,PERS_ba537782,М. И. Петрова,1,2021,2021
PERS_9e9c9566,Лекарева Ева Павловна,PERS_bbd15f4f,Степин А. А.,1,2024,2024
PERS_9e9c9566,Лекарева Ева Павловна,PERS_bc97fb65,Краснодембская Нина Георгиевна,1,2024,2024
PERS_9e9c9566,Лекарева Ева Павловна,PERS_bd77e495,Корнеев Геннадий Батыревич,2,2024,2026
PERS_9e9c9566,Лекарева Ева Павловна,PERS_c48611e0,Островская Елена Петровна,2,2021,2024
PERS_9e9c9566,Лекарева Ева Павловна,PERS_c52dfaa0,Цветкова Светлана Олеговна,1,2026,2026
PERS_9e9c9566,Лекарева Ева Павловна,PERS_cb52ebc2,Лемешкина Ксения Вячеславовна,2,2024,2026
PERS_9e9c9566,Лекарева Ева Павловна,PERS_cd0d4845,Обермиллер Евгений Евгеньевич,1,2024,2024
PERS_9e9c9566,Лекарева Ева Павловна,PERS_ced3d7b4,Молина Анна Валерьевна,2,2024,2026
PERS_9e9c9566,Лекарева Ева Павловна,PERS_d01427ca,Бещук Юлия Владимировна,1,2026,2026
PERS_9e9c9566,Лекарева Ева Павловна,PERS_d218805b,Крюкова Виктория Юрьевна,1,2024,2024
PERS_9e9c9566,Лекарева Ева Павловна,PERS_d3c5382c,Попова Ирина Фёдоровна,1,2026,2026
PERS_9e9c9566,Лекарева Ева Павловна,PERS_d98da899,Рыжакова Светлана Игоревна,3,2021,2026
PERS_9e9c9566,Лекарева Ева Павловна,PERS_d9d69ac2,Петров Павел Яковлевич,1,2026,2026
PERS_9e9c9566,Лекарева Ева Павловна,PERS_db046be0,Сабирова Римма Наилевна,2,2021,2026
PERS_9e9c9566,Лекарева Ева Павловна,PERS_e1dd6b3e,Лидова Наталья Ростиславовна,2,2024,2026
PERS_9e9c9566,Лекарева Ева Павловна,PERS_e31ca12d,Вечерина Ольга Павловна,1,2021,2021
PERS_9e9c9566,Лекарева Ева Павловна,PERS_f19cd8a1,Котин Игорь Юрьевич,1,2026,2026
PERS_9e9c9566,Лекарева Ева Павловна,PERS_f56c5a7e,Жукова Любовь Евгеньевна,2,2021,2024
PERS_9e9c9566,Лекарева Ева Павловна,PERS_f8ab5755,Оранская Татьяна Иосифовна,2,2024,2026
PERS_9e9c9566,Лекарева Ева Павловна,PERS_f940c5b3,Стрелкова Гюзэль Владимировна,2,2021,2024
PERS_9e9c9566,Лекарева Ева Павловна,PERS_fb25c80f,Ермакова Татьяна Викторовна,2,2024,2026
PERS_9f398436,Куликов Леонид Игоревич,PERS_a0264ac5,Бурмистров Сергей Леонидович,2,2021,2026
PERS_9f398436,Куликов Леонид Игоревич,PERS_a0f3d86d,Сергеева Варвара Алексеевна,2,2012,2026
PERS_9f398436,Куликов Леонид Игоревич,PERS_a638a4b3,Федорова Наталья Леонидовна,1,2026,2026
PERS_9f398436,Куликов Леонид Игоревич,PERS_a84aedaa,Шомахмадов Сафарали Хайбуллоевич,1,2026,2026
PERS_9f398436,Куликов Леонид Игоревич,PERS_a901d460,Фаградян Марина Александровна,3,2021,2026
PERS_9f398436,Куликов Леонид Игоревич,PERS_aa964a12,Самозванцев Андрей Михайлович,2,2012,2025
PERS_9f398436,Куликов Леонид Игоревич,PERS_ab6bf9e3,Смирнов Борис Леонидович,2,2012,2021
PERS_9f398436,Куликов Леонид Игоревич,PERS_b4cdbfb8,Эрман Владимир Гансович,1,2012,2012
PERS_9f398436,Куликов Леонид Игоревич,PERS_b881461b,Яковлева Мария Николаевна,2,2012,2026
PERS_9f398436,Куликов Леонид Игоревич,PERS_ba537782,М. И. Петрова,2,2007,2021
PERS_9f398436,Куликов Леонид Игоревич,PERS_bbb9116e,Кальянов Владимир Иванович,1,2007,2007
PERS_9f398436,Куликов Леонид Игоревич,PERS_bc97fb65,Краснодембская Нина Георгиевна,1,2020,2020
PERS_9f398436,Куликов Леонид Игоревич,PERS_bd77e495,Корнеев Геннадий Батыревич,3,2020,2026
PERS_9f398436,Куликов Леонид Игоревич,PERS_c48611e0,Островская Елена Петровна,2,2020,2021
PERS_9f398436,Куликов Леонид Игоревич,PERS_c52dfaa0,Цветкова Светлана Олеговна,2,2021,2026
PERS_9f398436,Куликов Леонид Игоревич,PERS_c6bbcef3,Битинайте Елена Алексеевна,1,2020,2020
PERS_9f398436,Куликов Леонид Игоревич,PERS_cb52ebc2,Лемешкина Ксения Вячеславовна,2,2020,2026
PERS_9f398436,Куликов Леонид Игоревич,PERS_ced3d7b4,Молина Анна Валерьевна,1,2026,2026
PERS_9f398436,Куликов Леонид Игоревич,PERS_cfb92c5f,Уланский Евгений Андреевич,1,2020,2020
PERS_9f398436,Куликов Леонид Игоревич,PERS_d01427ca,Бещук Юлия Владимировна,1,2026,2026
PERS_9f398436,Куликов Леонид Игоревич,PERS_d3c5382c,Попова Ирина Фёдоровна,1,2026,2026
PERS_9f398436,Куликов Леонид Игоревич,PERS_d98da899,Рыжакова Светлана Игоревна,3,2020,2026
PERS_9f398436,Куликов Леонид Игоревич,PERS_d9d69ac2,Петров Павел Яковлевич,2,2007,2026
PERS_9f398436,Куликов Леонид Игоревич,PERS_da862dde,Дробышев Юлий Игорьевич,1,2021,2021
PERS_9f398436,Куликов Леонид Игоревич,PERS_db046be0,Сабирова Римма Наилевна,3,2020,2026
PERS_9f398436,Куликов Леонид Игоревич,PERS_e1dd6b3e,Лидова Наталья Ростиславовна,2,2021,2026
PERS_9f398436,Куликов Леонид Игоревич,PERS_e31ca12d,Вечерина Ольга Павловна,3,2020,2021
PERS_9f398436,Куликов Леонид Игоревич,PERS_e5a5ac24,Невелева Светлана Леонидовна,1,2012,2012
PERS_9f398436,Куликов Леонид Игоревич,PERS_e72d4c09,Огнева Елена Дмитриевна,1,2021,2021
PERS_9f398436,Куликов Леонид Игоревич,PERS_e9545a0b,Шустова Алла Михайловна,1,2021,2021
PERS_9f398436,Куликов Леонид Игоревич,PERS_ea44fd14,Люлина Анастасия Геннадьевна,1,2021,2021
PERS_9f398436,Куликов Леонид Игоревич,PERS_f19cd8a1,Котин Игорь Юрьевич,1,2026,2026
PERS_9f398436,Куликов Леонид Игоревич,PERS_f2fef030,Мехакян Арег Гайкович,1,2021,2021
PERS_9f398436,Куликов Леонид Игоревич,PERS_f56c5a7e,Жукова Любовь Евгеньевна,1,2021,2021
PERS_9f398436,Куликов Леонид Игоревич,PERS_f5b8b340,Вигасин Алексей Алексеевич,1,2012,2012
PERS_9f398436,Куликов Леонид Игоревич,PERS_f8ab5755,Оранская Татьяна Иосифовна,2,2020,2026
PERS_9f398436,Куликов Леонид Игоревич,PERS_f940c5b3,Стрелкова Гюзэль Владимировна,1,2021,2021
PERS_9f398436,Куликов Леонид Игоревич,PERS_fb25c80f,Ермакова Татьяна Викторовна,2,2020,2026
PERS_a0264ac5,Бурмистров Сергей Леонидович,PERS_a0f3d86d,Сергеева Варвара Алексеевна,1,2026,2026
PERS_a0264ac5,Бурмистров Сергей Леонидович,PERS_a638a4b3,Федорова Наталья Леонидовна,1,2026,2026
PERS_a0264ac5,Бурмистров Сергей Леонидович,PERS_a84aedaa,Шомахмадов Сафарали Хайбуллоевич,2,2021,2026
PERS_a0264ac5,Бурмистров Сергей Леонидович,PERS_a901d460,Фаградян Марина Александровна,3,2019,2026
PERS_a0264ac5,Бурмистров Сергей Леонидович,PERS_ab6bf9e3,Смирнов Борис Леонидович,1,2021,2021
PERS_a0264ac5,Бурмистров Сергей Леонидович,PERS_b62a9567,Курочкин Александр Юрьевич,1,2019,2019
PERS_a0264ac5,Бурмистров Сергей Леонидович,PERS_b76851a7,Митруев Бембя Леонидович,1,2021,2021
PERS_a0264ac5,Бурмистров Сергей Леонидович,PERS_b881461b,Яковлева Мария Николаевна,2,2019,2026
PERS_a0264ac5,Бурмистров Сергей Леонидович,PERS_ba537782,М. И. Петрова,1,2021,2021
PERS_a0264ac5,Бурмистров Сергей Леонидович,PERS_bbd15f4f,Степин А. А.,1,2024,2024
PERS_a0264ac5,Бурмистров Сергей Леонидович,PERS_bc97fb65,Краснодембская Нина Георгиевна,3,2019,2024
PERS_a0264ac5,Бурмистров Сергей Леонидович,PERS_bcaec2d8,Дружинин Владимир Юрьевич,1,2021,2021
PERS_a0264ac5,Бурмистров Сергей Леонидович,PERS_bd77e495,Корнеев Геннадий Батыревич,4,2019,2026
PERS_a0264ac5,Бурмистров Сергей Леонидович,PERS_c48611e0,Островская Елена Петровна,4,2019,2024
PERS_a0264ac5,Бурмистров Сергей Леонидович,PERS_c52dfaa0,Цветкова Светлана Олеговна,3,2019,2026
PERS_a0264ac5,Бурмистров Сергей Леонидович,PERS_c5677a3f,Зорин Алексей Валерьевич,2,2019,2021
PERS_a0264ac5,Бурмистров Сергей Леонидович,PERS_c6bbcef3,Битинайте Елена Алексеевна,1,2019,2019
PERS_a0264ac5,Бурмистров Сергей Леонидович,PERS_cb52ebc2,Лемешкина Ксения Вячеславовна,2,2024,2026
PERS_a0264ac5,Бурмистров Сергей Леонидович,PERS_cd0d4845,Обермиллер Евгений Евгеньевич,1,2024,2024
PERS_a0264ac5,Бурмистров Сергей Леонидович,PERS_ced3d7b4,Молина Анна Валерьевна,2,2024,2026
PERS_a0264ac5,Бурмистров Сергей Леонидович,PERS_cfb92c5f,Уланский Евгений Андреевич,2,2019,2021
PERS_a0264ac5,Бурмистров Сергей Леонидович,PERS_d01427ca,Бещук Юлия Владимировна,1,2026,2026
PERS_a0264ac5,Бурмистров Сергей Леонидович,PERS_d218805b,Крюкова Виктория Юрьевна,2,2019,2024
PERS_a0264ac5,Бурмистров Сергей Леонидович,PERS_d3c5382c,Попова Ирина Фёдоровна,3,2019,2026
PERS_a0264ac5,Бурмистров Сергей Леонидович,PERS_d98da899,Рыжакова Светлана Игоревна,5,2019,2026
PERS_a0264ac5,Бурмистров Сергей Леонидович,PERS_d9d69ac2,Петров Павел Яковлевич,1,2026,2026
PERS_a0264ac5,Бурмистров Сергей Леонидович,PERS_db046be0,Сабирова Римма Наилевна,4,2019,2026
PERS_a0264ac5,Бурмистров Сергей Леонидович,PERS_e1dd6b3e,Лидова Наталья Ростиславовна,3,2021,2026
PERS_a0264ac5,Бурмистров Сергей Леонидович,PERS_e31ca12d,Вечерина Ольга Павловна,3,2019,2021
PERS_a0264ac5,Бурмистров Сергей Леонидович,PERS_f19cd8a1,Котин Игорь Юрьевич,1,2026,2026
PERS_a0264ac5,Бурмистров Сергей Леонидович,PERS_f2fef030,Мехакян Арег Гайкович,1,2021,2021
PERS_a0264ac5,Бурмистров Сергей Леонидович,PERS_f56c5a7e,Жукова Любовь Евгеньевна,2,2021,2024
PERS_a0264ac5,Бурмистров Сергей Леонидович,PERS_f8ab5755,Оранская Татьяна Иосифовна,3,2019,2026
PERS_a0264ac5,Бурмистров Сергей Леонидович,PERS_f940c5b3,Стрелкова Гюзэль Владимировна,2,2021,2024
PERS_a0264ac5,Бурмистров Сергей Леонидович,PERS_fb25c80f,Ермакова Татьяна Викторовна,4,2019,2026
PERS_a0f3d86d,Сергеева Варвара Алексеевна,PERS_a638a4b3,Федорова Наталья Леонидовна,5,2014,2026
PERS_a0f3d86d,Сергеева Варвара Алексеевна,PERS_a7f41469,Антонова Кока Александровна,1,2021,2021
PERS_a0f3d86d,Сергеева Варвара Алексеевна,PERS_a84aedaa,Шомахмадов Сафарали Хайбуллоевич,1,2026,2026
PERS_a0f3d86d,Сергеева Варвара Алексеевна,PERS_a901d460,Фаградян Марина Александровна,6,2009,2026
PERS_a0f3d86d,Сергеева Варвара Алексеевна,PERS_aa964a12,Самозванцев Андрей Михайлович,3,2012,2020
PERS_a0f3d86d,Сергеева Варвара Алексеевна,PERS_ab6bf9e3,Смирнов Борис Леонидович,4,2010,2021
PERS_a0f3d86d,Сергеева Варвара Алексеевна,PERS_b2c121e9,Успенская Елена Николаевна,1,2021,2021
PERS_a0f3d86d,Сергеева Варвара Алексеевна,PERS_b4cdbfb8,Эрман Владимир Гансович,1,2012,2012
PERS_a0f3d86d,Сергеева Варвара Алексеевна,PERS_b881461b,Яковлева Мария Николаевна,4,2012,2026
PERS_a0f3d86d,Сергеева Варвара Алексеевна,PERS_ba537782,М. И. Петрова,1,2015,2015
PERS_a0f3d86d,Сергеева Варвара Алексеевна,PERS_bbb9116e,Кальянов Владимир Иванович,1,2015,2015
PERS_a0f3d86d,Сергеева Варвара Алексеевна,PERS_bd77e495,Корнеев Геннадий Батыревич,2,2021,2026
PERS_a0f3d86d,Сергеева Варвара Алексеевна,PERS_c48611e0,Островская Елена Петровна,2,2010,2014
PERS_a0f3d86d,Сергеева Варвара Алексеевна,PERS_c52dfaa0,Цветкова Светлана Олеговна,1,2026,2026
PERS_a0f3d86d,Сергеева Варвара Алексеевна,PERS_cb52ebc2,Лемешкина Ксения Вячеславовна,1,2026,2026
PERS_a0f3d86d,Сергеева Варвара Алексеевна,PERS_ced3d7b4,Молина Анна Валерьевна,1,2026,2026
PERS_a0f3d86d,Сергеева Варвара Алексеевна,PERS_cfb92c5f,Уланский Евгений Андреевич,1,2021,2021
PERS_a0f3d86d,Сергеева Варвара Алексеевна,PERS_d01427ca,Бещук Юлия Владимировна,1,2026,2026
PERS_a0f3d86d,Сергеева Варвара Алексеевна,PERS_d3c5382c,Попова Ирина Фёдоровна,1,2026,2026
PERS_a0f3d86d,Сергеева Варвара Алексеевна,PERS_d6ade703,Кожевникова Маргарита Николаевна,1,2010,2010
PERS_a0f3d86d,Сергеева Варвара Алексеевна,PERS_d98da899,Рыжакова Светлана Игоревна,1,2026,2026
PERS_a0f3d86d,Сергеева Варвара Алексеевна,PERS_d9d69ac2,Петров Павел Яковлевич,3,2015,2026
PERS_a0f3d86d,Сергеева Варвара Алексеевна,PERS_db046be0,Сабирова Римма Наилевна,1,2026,2026
PERS_a0f3d86d,Сергеева Варвара Алексеевна,PERS_dd17649f,Светлов Роман Викторович,2,2008,2021
PERS_a0f3d86d,Сергеева Варвара Алексеевна,PERS_dfaf6803,Борисов Яков Александрович,1,2021,2021
PERS_a0f3d86d,Сергеева Варвара Алексеевна,PERS_e1dd6b3e,Лидова Наталья Ростиславовна,2,2025,2026
PERS_a0f3d86d,Сергеева Варвара Алексеевна,PERS_e5a5ac24,Невелева Светлана Леонидовна,2,2012,2018
PERS_a0f3d86d,Сергеева Варвара Алексеевна,PERS_ebc1c3c2,Лундышева Ольга Владимировна,2,2026,2026
PERS_a0f3d86d,Сергеева Варвара Алексеевна,PERS_f19cd8a1,Котин Игорь Юрьевич,1,2026,2026
PERS_a0f3d86d,Сергеева Варвара Алексеевна,PERS_f1f2471d,Игнатова Мария Михайловна,1,2021,2021
PERS_a0f3d86d,Сергеева Варвара Алексеевна,PERS_f56c5a7e,Жукова Любовь Евгеньевна,5,2008,2018
PERS_a0f3d86d,Сергеева Варвара Алексеевна,PERS_f5a69b65,Кройцер Светлана Александровна,1,2025,2025
PERS_a0f3d86d,Сергеева Варвара Алексеевна,PERS_f5b8b340,Вигасин Алексей Алексеевич,2,2012,2016
PERS_a0f3d86d,Сергеева Варвара Алексеевна,PERS_f8ab5755,Оранская Татьяна Иосифовна,2,2025,2026
PERS_a0f3d86d,Сергеева Варвара Алексеевна,PERS_fb25c80f,Ермакова Татьяна Викторовна,2,2025,2026
PERS_a638a4b3,Федорова Наталья Леонидовна,PERS_a7f41469,Антонова Кока Александровна,1,2021,2021
PERS_a638a4b3,Федорова Наталья Леонидовна,PERS_a84aedaa,Шомахмадов Сафарали Хайбуллоевич,1,2026,2026
PERS_a638a4b3,Федорова Наталья Леонидовна,PERS_a901d460,Фаградян Марина Александровна,2,2021,2026
PERS_a638a4b3,Федорова Наталья Леонидовна,PERS_aa964a12,Самозванцев Андрей Михайлович,1,2020,2020
PERS_a638a4b3,Федорова Наталья Леонидовна,PERS_ab6bf9e3,Смирнов Борис Леонидович,3,2014,2021
PERS_a638a4b3,Федорова Наталья Леонидовна,PERS_b2c121e9,Успенская Елена Николаевна,1,2021,2021
PERS_a638a4b3,Федорова Наталья Леонидовна,PERS_b881461b,Яковлева Мария Николаевна,3,2014,2026
PERS_a638a4b3,Федорова Наталья Леонидовна,PERS_bd77e495,Корнеев Геннадий Батыревич,1,2026,2026
PERS_a638a4b3,Федорова Наталья Леонидовна,PERS_c0b7485d,Серебряков Игорь Дмитриевич,1,2013,2013
PERS_a638a4b3,Федорова Наталья Леонидовна,PERS_c48611e0,Островская Елена Петровна,1,2014,2014
PERS_a638a4b3,Федорова Наталья Леонидовна,PERS_c52dfaa0,Цветкова Светлана Олеговна,1,2026,2026
PERS_a638a4b3,Федорова Наталья Леонидовна,PERS_cb52ebc2,Лемешкина Ксения Вячеславовна,2,2026,2026
PERS_a638a4b3,Федорова Наталья Леонидовна,PERS_ced3d7b4,Молина Анна Валерьевна,1,2026,2026
PERS_a638a4b3,Федорова Наталья Леонидовна,PERS_d01427ca,Бещук Юлия Владимировна,1,2026,2026
PERS_a638a4b3,Федорова Наталья Леонидовна,PERS_d3c5382c,Попова Ирина Фёдоровна,1,2026,2026
PERS_a638a4b3,Федорова Наталья Леонидовна,PERS_d98da899,Рыжакова Светлана Игоревна,1,2026,2026
PERS_a638a4b3,Федорова Наталья Леонидовна,PERS_d9d69ac2,Петров Павел Яковлевич,3,2013,2026
PERS_a638a4b3,Федорова Наталья Леонидовна,PERS_db046be0,Сабирова Римма Наилевна,1,2026,2026
PERS_a638a4b3,Федорова Наталья Леонидовна,PERS_dd17649f,Светлов Роман Викторович,1,2021,2021
PERS_a638a4b3,Федорова Наталья Леонидовна,PERS_dfaf6803,Борисов Яков Александрович,2,2010,2021
PERS_a638a4b3,Федорова Наталья Леонидовна,PERS_e1dd6b3e,Лидова Наталья Ростиславовна,2,2025,2026
PERS_a638a4b3,Федорова Наталья Леонидовна,PERS_e5a5ac24,Невелева Светлана Леонидовна,2,2013,2013
PERS_a638a4b3,Федорова Наталья Леонидовна,PERS_ed83f502,Селиванова Тамара Петровна,1,2013,2013
PERS_a638a4b3,Федорова Наталья Леонидовна,PERS_f19cd8a1,Котин Игорь Юрьевич,2,2026,2026
PERS_a638a4b3,Федорова Наталья Леонидовна,PERS_f1f2471d,Игнатова Мария Михайловна,1,2021,2021
PERS_a638a4b3,Федорова Наталья Леонидовна,PERS_f56c5a7e,Жукова Любовь Евгеньевна,2,2011,2013
PERS_a638a4b3,Федорова Наталья Леонидовна,PERS_f5a69b65,Кройцер Светлана Александровна,1,2025,2025
PERS_a638a4b3,Федорова Наталья Леонидовна,PERS_f8ab5755,Оранская Татьяна Иосифовна,2,2025,2026
PERS_a638a4b3,Федорова Наталья Леонидовна,PERS_fb25c80f,Ермакова Татьяна Викторовна,2,2025,2026
PERS_a7f41469,Антонова Кока Александровна,PERS_a901d460,Фаградян Марина Александровна,1,2021,2021
PERS_a7f41469,Антонова Кока Александровна,PERS_ab6bf9e3,Смирнов Борис Леонидович,1,2021,2021
PERS_a7f41469,Антонова Кока Александровна,PERS_b2c121e9,Успенская Елена Николаевна,1,2021,2021
PERS_a7f41469,Антонова Кока Александровна,PERS_b881461b,Яковлева Мария Николаевна,1,2021,2021
PERS_a7f41469,Антонова Кока Александровна,PERS_d9d69ac2,Петров Павел Яковлевич,1,2021,2021
PERS_a7f41469,Антонова Кока Александровна,PERS_dd17649f,Светлов Роман Викторович,1,2021,2021
PERS_a7f41469,Антонова Кока Александровна,PERS_dfaf6803,Борисов Яков Александрович,1,2021,2021
PERS_a7f41469,Антонова Кока Александровна,PERS_f1f2471d,Игнатова Мария Михайловна,1,2021,2021
PERS_a84aedaa,Шомахмадов Сафарали Хайбуллоевич,PERS_a901d460,Фаградян Марина Александровна,1,2026,2026
PERS_a84aedaa,Шомахмадов Сафарали Хайбуллоевич,PERS_b76851a7,Митруев Бембя Леонидович,1,2021,2021
PERS_a84aedaa,Шомахмадов Сафарали Хайбуллоевич,PERS_b881461b,Яковлева Мария Николаевна,1,2026,2026
PERS_a84aedaa,Шомахмадов Сафарали Хайбуллоевич,PERS_bc97fb65,Краснодембская Нина Георгиевна,1,2021,2021
PERS_a84aedaa,Шомахмадов Сафарали Хайбуллоевич,PERS_bcaec2d8,Дружинин Владимир Юрьевич,1,2021,2021
PERS_a84aedaa,Шомахмадов Сафарали Хайбуллоевич,PERS_bd77e495,Корнеев Геннадий Батыревич,2,2021,2026
PERS_a84aedaa,Шомахмадов Сафарали Хайбуллоевич,PERS_c48611e0,Островская Елена Петровна,1,2021,2021
PERS_a84aedaa,Шомахмадов Сафарали Хайбуллоевич,PERS_c52dfaa0,Цветкова Светлана Олеговна,2,2021,2026
PERS_a84aedaa,Шомахмадов Сафарали Хайбуллоевич,PERS_c5677a3f,Зорин Алексей Валерьевич,1,2021,2021
PERS_a84aedaa,Шомахмадов Сафарали Хайбуллоевич,PERS_cb52ebc2,Лемешкина Ксения Вячеславовна,1,2026,2026
PERS_a84aedaa,Шомахмадов Сафарали Хайбуллоевич,PERS_ced3d7b4,Молина Анна Валерьевна,1,2026,2026
PERS_a84aedaa,Шомахмадов Сафарали Хайбуллоевич,PERS_cfb92c5f,Уланский Евгений Андреевич,1,2021,2021
PERS_a84aedaa,Шомахмадов Сафарали Хайбуллоевич,PERS_d01427ca,Бещук Юлия Владимировна,1,2026,2026
PERS_a84aedaa,Шомахмадов Сафарали Хайбуллоевич,PERS_d3c5382c,Попова Ирина Фёдоровна,2,2021,2026
PERS_a84aedaa,Шомахмадов Сафарали Хайбуллоевич,PERS_d98da899,Рыжакова Светлана Игоревна,2,2021,2026
PERS_a84aedaa,Шомахмадов Сафарали Хайбуллоевич,PERS_d9d69ac2,Петров Павел Яковлевич,1,2026,2026
PERS_a84aedaa,Шомахмадов Сафарали Хайбуллоевич,PERS_db046be0,Сабирова Римма Наилевна,2,2021,2026
PERS_a84aedaa,Шомахмадов Сафарали Хайбуллоевич,PERS_e1dd6b3e,Лидова Наталья Ростиславовна,2,2021,2026
PERS_a84aedaa,Шомахмадов Сафарали Хайбуллоевич,PERS_e31ca12d,Вечерина Ольга Павловна,1,2021,2021
PERS_a84aedaa,Шомахмадов Сафарали Хайбуллоевич,PERS_f19cd8a1,Котин Игорь Юрьевич,1,2026,2026
PERS_a84aedaa,Шомахмадов Сафарали Хайбуллоевич,PERS_f2fef030,Мехакян Арег Гайкович,1,2021,2021
PERS_a84aedaa,Шомахмадов Сафарали Хайбуллоевич,PERS_f8ab5755,Оранская Татьяна Иосифовна,1,2026,2026
PERS_a84aedaa,Шомахмадов Сафарали Хайбуллоевич,PERS_fb25c80f,Ермакова Татьяна Викторовна,2,2021,2026
PERS_a8983673,Вигель Нарине Липаритовна,PERS_bd77e495,Корнеев Геннадий Батыревич,1,2024,2024
PERS_a8983673,Вигель Нарине Липаритовна,PERS_c52dfaa0,Цветкова Светлана Олеговна,1,2024,2024
PERS_a8983673,Вигель Нарине Липаритовна,PERS_ced3d7b4,Молина Анна Валерьевна,1,2024,2024
PERS_a8983673,Вигель Нарине Липаритовна,PERS_da862dde,Дробышев Юлий Игорьевич,1,2024,2024
PERS_a8983673,Вигель Нарине Липаритовна,PERS_e1dd6b3e,Лидова Наталья Ростиславовна,1,2024,2024
PERS_a8983673,Вигель Нарине Липаритовна,PERS_e9545a0b,Шустова Алла Михайловна,1,2024,2024
PERS_a8983673,Вигель Нарине Липаритовна,PERS_ea44fd14,Люлина Анастасия Геннадьевна,1,2024,2024
PERS_a8983673,Вигель Нарине Липаритовна,PERS_f5b8b340,Вигасин Алексей Алексеевич,1,2024,2024
PERS_a901d460,Фаградян Марина Александровна,PERS_ab6bf9e3,Смирнов Борис Леонидович,2,2021,2021
PERS_a901d460,Фаградян Марина Александровна,PERS_b2c121e9,Успенская Елена Николаевна,1,2021,2021
PERS_a901d460,Фаградян Марина Александровна,PERS_b4cdbfb8,Эрман Владимир Гансович,2,2007,2008
PERS_a901d460,Фаградян Марина Александровна,PERS_b62a9567,Курочкин Александр Юрьевич,2,2012,2019
PERS_a901d460,Фаградян Марина Александровна,PERS_b881461b,Яковлева Мария Николаевна,4,2007,2026
PERS_a901d460,Фаградян Марина Александровна,PERS_ba537782,М. И. Петрова,4,2007,2022
PERS_a901d460,Фаградян Марина Александровна,PERS_bc97fb65,Краснодембская Нина Георгиевна,1,2019,2019
PERS_a901d460,Фаградян Марина Александровна,PERS_bd77e495,Корнеев Геннадий Батыревич,3,2019,2026
PERS_a901d460,Фаградян Марина Александровна,PERS_c48611e0,Островская Елена Петровна,2,2019,2021
PERS_a901d460,Фаградян Марина Александровна,PERS_c52dfaa0,Цветкова Светлана Олеговна,2,2019,2026
PERS_a901d460,Фаградян Марина Александровна,PERS_c5677a3f,Зорин Алексей Валерьевич,1,2019,2019
PERS_a901d460,Фаградян Марина Александровна,PERS_c6bbcef3,Битинайте Елена Алексеевна,1,2019,2019
PERS_a901d460,Фаградян Марина Александровна,PERS_cb52ebc2,Лемешкина Ксения Вячеславовна,1,2026,2026
PERS_a901d460,Фаградян Марина Александровна,PERS_ced3d7b4,Молина Анна Валерьевна,1,2026,2026
PERS_a901d460,Фаградян Марина Александровна,PERS_cfb92c5f,Уланский Евгений Андреевич,5,2018,2023
PERS_a901d460,Фаградян Марина Александровна,PERS_d01427ca,Бещук Юлия Владимировна,1,2026,2026
PERS_a901d460,Фаградян Марина Александровна,PERS_d218805b,Крюкова Виктория Юрьевна,1,2019,2019
PERS_a901d460,Фаградян Марина Александровна,PERS_d3c5382c,Попова Ирина Фёдоровна,3,2007,2026
PERS_a901d460,Фаградян Марина Александровна,PERS_d98da899,Рыжакова Светлана Игоревна,4,2019,2026
PERS_a901d460,Фаградян Марина Александровна,PERS_d9d69ac2,Петров Павел Яковлевич,5,2007,2026
PERS_a901d460,Фаградян Марина Александровна,PERS_db046be0,Сабирова Римма Наилевна,3,2019,2026
PERS_a901d460,Фаградян Марина Александровна,PERS_dd17649f,Светлов Роман Викторович,2,2016,2021
PERS_a901d460,Фаградян Марина Александровна,PERS_dfaf6803,Борисов Яков Александрович,1,2021,2021
PERS_a901d460,Фаградян Марина Александровна,PERS_e1d622e5,Мажитов Саттар Фазылович,1,2022,2022
PERS_a901d460,Фаградян Марина Александровна,PERS_e1dd6b3e,Лидова Наталья Ростиславовна,1,2026,2026
PERS_a901d460,Фаградян Марина Александровна,PERS_e31ca12d,Вечерина Ольга Павловна,2,2019,2021
PERS_a901d460,Фаградян Марина Александровна,PERS_ed83f502,Селиванова Тамара Петровна,1,2022,2022
PERS_a901d460,Фаградян Марина Александровна,PERS_f19cd8a1,Котин Игорь Юрьевич,1,2026,2026
PERS_a901d460,Фаградян Марина Александровна,PERS_f1f2471d,Игнатова Мария Михайловна,1,2021,2021
PERS_a901d460,Фаградян Марина Александровна,PERS_f56c5a7e,Жукова Любовь Евгеньевна,3,2009,2021
PERS_a901d460,Фаградян Марина Александровна,PERS_f8ab5755,Оранская Татьяна Иосифовна,2,2019,2026
PERS_a901d460,Фаградян Марина Александровна,PERS_f940c5b3,Стрелкова Гюзэль Владимировна,1,2021,2021
PERS_a901d460,Фаградян Марина Александровна,PERS_fb25c80f,Ермакова Татьяна Викторовна,2,2019,2026
PERS_aa964a12,Самозванцев Андрей Михайлович,PERS_ab6bf9e3,Смирнов Борис Леонидович,1,2012,2012
PERS_aa964a12,Самозванцев Андрей Михайлович,PERS_b4cdbfb8,Эрман Владимир Гансович,1,2012,2012
PERS_aa964a12,Самозванцев Андрей Михайлович,PERS_b881461b,Яковлева Мария Николаевна,1,2012,2012
PERS_aa964a12,Самозванцев Андрей Михайлович,PERS_cfb92c5f,Уланский Евгений Андреевич,1,2019,2019
PERS_aa964a12,Самозванцев Андрей Михайлович,PERS_e5a5ac24,Невелева Светлана Леонидовна,2,2012,2021
PERS_aa964a12,Самозванцев Андрей Михайлович,PERS_f56c5a7e,Жукова Любовь Евгеньевна,2,2016,2019
PERS_aa964a12,Самозванцев Андрей Михайлович,PERS_f5b8b340,Вигасин Алексей Алексеевич,3,2012,2021
PERS_aa964a12,Самозванцев Андрей Михайлович,PERS_f8ab5755,Оранская Татьяна Иосифовна,1,2021,2021
PERS_ab6bf9e3,Смирнов Борис Леонидович,PERS_b2c121e9,Успенская Елена Николаевна,2,2021,2022
PERS_ab6bf9e3,Смирнов Борис Леонидович,PERS_b4cdbfb8,Эрман Владимир Гансович,6,2009,2022
PERS_ab6bf9e3,Смирнов Борис Леонидович,PERS_b881461b,Яковлева Мария Николаевна,5,2011,2021
PERS_ab6bf9e3,Смирнов Борис Леонидович,PERS_ba537782,М. И. Петрова,3,2011,2022
PERS_ab6bf9e3,Смирнов Борис Леонидович,PERS_bbb9116e,Кальянов Владимир Иванович,3,2011,2025
PERS_ab6bf9e3,Смирнов Борис Леонидович,PERS_c0b7485d,Серебряков Игорь Дмитриевич,1,2022,2022
PERS_ab6bf9e3,Смирнов Борис Леонидович,PERS_c48611e0,Островская Елена Петровна,3,2009,2021
PERS_ab6bf9e3,Смирнов Борис Леонидович,PERS_c52dfaa0,Цветкова Светлана Олеговна,1,2022,2022
PERS_ab6bf9e3,Смирнов Борис Леонидович,PERS_cfb92c5f,Уланский Евгений Андреевич,3,2021,2025
PERS_ab6bf9e3,Смирнов Борис Леонидович,PERS_d3c5382c,Попова Ирина Фёдоровна,2,2022,2025
PERS_ab6bf9e3,Смирнов Борис Леонидович,PERS_d6ade703,Кожевникова Маргарита Николаевна,2,2009,2010
PERS_ab6bf9e3,Смирнов Борис Леонидович,PERS_d98da899,Рыжакова Светлана Игоревна,1,2021,2021
PERS_ab6bf9e3,Смирнов Борис Леонидович,PERS_d9d69ac2,Петров Павел Яковлевич,4,2011,2022
PERS_ab6bf9e3,Смирнов Борис Леонидович,PERS_db046be0,Сабирова Римма Наилевна,1,2021,2021
PERS_ab6bf9e3,Смирнов Борис Леонидович,PERS_dd17649f,Светлов Роман Викторович,1,2021,2021
PERS_ab6bf9e3,Смирнов Борис Леонидович,PERS_dfaf6803,Борисов Яков Александрович,6,2009,2025
PERS_ab6bf9e3,Смирнов Борис Леонидович,PERS_e1d622e5,Мажитов Саттар Фазылович,1,2009,2009
PERS_ab6bf9e3,Смирнов Борис Леонидович,PERS_e31ca12d,Вечерина Ольга Павловна,1,2021,2021
PERS_ab6bf9e3,Смирнов Борис Леонидович,PERS_e5a5ac24,Невелева Светлана Леонидовна,5,2011,2025
PERS_ab6bf9e3,Смирнов Борис Леонидович,PERS_e8396809,Вишну Шукла,1,2014,2014
PERS_ab6bf9e3,Смирнов Борис Леонидович,PERS_f1f2471d,Игнатова Мария Михайловна,1,2021,2021
PERS_ab6bf9e3,Смирнов Борис Леонидович,PERS_f56c5a7e,Жукова Любовь Евгеньевна,9,2009,2024
PERS_ab6bf9e3,Смирнов Борис Леонидович,PERS_f5a69b65,Кройцер Светлана Александровна,1,2023,2023
PERS_ab6bf9e3,Смирнов Борис Леонидович,PERS_f5b8b340,Вигасин Алексей Алексеевич,3,2011,2013
PERS_ab6bf9e3,Смирнов Борис Леонидович,PERS_f8ab5755,Оранская Татьяна Иосифовна,1,2022,2022
PERS_ab6bf9e3,Смирнов Борис Леонидович,PERS_f940c5b3,Стрелкова Гюзэль Владимировна,1,2021,2021
PERS_b2c121e9,Успенская Елена Николаевна,PERS_b4cdbfb8,Эрман Владимир Гансович,1,2022,2022
PERS_b2c121e9,Успенская Елена Николаевна,PERS_b881461b,Яковлева Мария Николаевна,1,2021,2021
PERS_b2c121e9,Успенская Елена Николаевна,PERS_ba537782,М. И. Петрова,1,2022,2022
PERS_b2c121e9,Успенская Елена Николаевна,PERS_bbb9116e,Кальянов Владимир Иванович,1,2022,2022
PERS_b2c121e9,Успенская Елена Николаевна,PERS_bc97fb65,Краснодембская Нина Георгиевна,1,2019,2019
PERS_b2c121e9,Успенская Елена Николаевна,PERS_c0b7485d,Серебряков Игорь Дмитриевич,1,2022,2022
PERS_b2c121e9,Успенская Елена Николаевна,PERS_c52dfaa0,Цветкова Светлана Олеговна,1,2022,2022
PERS_b2c121e9,Успенская Елена Николаевна,PERS_c582889e,Иткин Илья Борисович,1,2025,2025
PERS_b2c121e9,Успенская Елена Николаевна,PERS_d3c5382c,Попова Ирина Фёдоровна,1,2022,2022
PERS_b2c121e9,Успенская Елена Николаевна,PERS_d9d69ac2,Петров Павел Яковлевич,3,2019,2022
PERS_b2c121e9,Успенская Елена Николаевна,PERS_dd17649f,Светлов Роман Викторович,1,2021,2021
PERS_b2c121e9,Успенская Елена Николаевна,PERS_dfaf6803,Борисов Яков Александрович,1,2021,2021
PERS_b2c121e9,Успенская Елена Николаевна,PERS_e5a5ac24,Невелева Светлана Леонидовна,1,2019,2019
PERS_b2c121e9,Успенская Елена Николаевна,PERS_ed83f502,Селиванова Тамара Петровна,1,2019,2019
PERS_b2c121e9,Успенская Елена Николаевна,PERS_f1f2471d,Игнатова Мария Михайловна,1,2021,2021
PERS_b2c121e9,Успенская Елена Николаевна,PERS_f8ab5755,Оранская Татьяна Иосифовна,2,2019,2022
PERS_b4cdbfb8,Эрман Владимир Гансович,PERS_b5dd77b1,Мрачковская Арина Витальевна,1,2015,2015
PERS_b4cdbfb8,Эрман Владимир Гансович,PERS_b881461b,Яковлева Мария Николаевна,2,2007,2012
PERS_b4cdbfb8,Эрман Владимир Гансович,PERS_ba537782,М. И. Петрова,2,2015,2022
PERS_b4cdbfb8,Эрман Владимир Гансович,PERS_bbb9116e,Кальянов Владимир Иванович,1,2022,2022
PERS_b4cdbfb8,Эрман Владимир Гансович,PERS_c0b7485d,Серебряков Игорь Дмитриевич,1,2022,2022
PERS_b4cdbfb8,Эрман Владимир Гансович,PERS_c48611e0,Островская Елена Петровна,1,2009,2009
PERS_b4cdbfb8,Эрман Владимир Гансович,PERS_c52dfaa0,Цветкова Светлана Олеговна,1,2022,2022
PERS_b4cdbfb8,Эрман Владимир Гансович,PERS_d3c5382c,Попова Ирина Фёдоровна,1,2022,2022
PERS_b4cdbfb8,Эрман Владимир Гансович,PERS_d9d69ac2,Петров Павел Яковлевич,2,2015,2022
PERS_b4cdbfb8,Эрман Владимир Гансович,PERS_dfaf6803,Борисов Яков Александрович,1,2009,2009
PERS_b4cdbfb8,Эрман Владимир Гансович,PERS_e5a5ac24,Невелева Светлана Леонидовна,3,2011,2024
PERS_b4cdbfb8,Эрман Владимир Гансович,PERS_f56c5a7e,Жукова Любовь Евгеньевна,3,2009,2015
PERS_b4cdbfb8,Эрман Владимир Гансович,PERS_f5b8b340,Вигасин Алексей Алексеевич,1,2012,2012
PERS_b4cdbfb8,Эрман Владимир Гансович,PERS_f8ab5755,Оранская Татьяна Иосифовна,1,2022,2022
PERS_b5dd77b1,Мрачковская Арина Витальевна,PERS_ba537782,М. И. Петрова,1,2015,2015
PERS_b5dd77b1,Мрачковская Арина Витальевна,PERS_d9d69ac2,Петров Павел Яковлевич,1,2015,2015
PERS_b5dd77b1,Мрачковская Арина Витальевна,PERS_f56c5a7e,Жукова Любовь Евгеньевна,1,2015,2015
PERS_b62a9567,Курочкин Александр Юрьевич,PERS_b881461b,Яковлева Мария Николаевна,1,2019,2019
PERS_b62a9567,Курочкин Александр Юрьевич,PERS_bc97fb65,Краснодембская Нина Георгиевна,1,2019,2019
PERS_b62a9567,Курочкин Александр Юрьевич,PERS_bd77e495,Корнеев Геннадий Батыревич,1,2019,2019
PERS_b62a9567,Курочкин Александр Юрьевич,PERS_c48611e0,Островская Елена Петровна,1,2019,2019
PERS_b62a9567,Курочкин Александр Юрьевич,PERS_c52dfaa0,Цветкова Светлана Олеговна,1,2019,2019
PERS_b62a9567,Курочкин Александр Юрьевич,PERS_c5677a3f,Зорин Алексей Валерьевич,1,2019,2019
PERS_b62a9567,Курочкин Александр Юрьевич,PERS_c6bbcef3,Битинайте Елена Алексеевна,1,2019,2019
PERS_b62a9567,Курочкин Александр Юрьевич,PERS_cfb92c5f,Уланский Евгений Андреевич,1,2019,2019
PERS_b62a9567,Курочкин Александр Юрьевич,PERS_d218805b,Крюкова Виктория Юрьевна,1,2019,2019
PERS_b62a9567,Курочкин Александр Юрьевич,PERS_d3c5382c,Попова Ирина Фёдоровна,1,2019,2019
PERS_b62a9567,Курочкин Александр Юрьевич,PERS_d98da899,Рыжакова Светлана Игоревна,1,2019,2019
PERS_b62a9567,Курочкин Александр Юрьевич,PERS_db046be0,Сабирова Римма Наилевна,1,2019,2019
PERS_b62a9567,Курочкин Александр Юрьевич,PERS_e31ca12d,Вечерина Ольга Павловна,1,2019,2019
PERS_b62a9567,Курочкин Александр Юрьевич,PERS_f8ab5755,Оранская Татьяна Иосифовна,1,2019,2019
PERS_b62a9567,Курочкин Александр Юрьевич,PERS_fb25c80f,Ермакова Татьяна Викторовна,1,2019,2019
PERS_b76851a7,Митруев Бембя Леонидович,PERS_bc97fb65,Краснодембская Нина Георгиевна,1,2021,2021
PERS_b76851a7,Митруев Бембя Леонидович,PERS_bcaec2d8,Дружинин Владимир Юрьевич,1,2021,2021
PERS_b76851a7,Митруев Бембя Леонидович,PERS_bd77e495,Корнеев Геннадий Батыревич,1,2021,2021
PERS_b76851a7,Митруев Бембя Леонидович,PERS_c48611e0,Островская Елена Петровна,1,2021,2021
PERS_b76851a7,Митруев Бембя Леонидович,PERS_c52dfaa0,Цветкова Светлана Олеговна,1,2021,2021
PERS_b76851a7,Митруев Бембя Леонидович,PERS_c5677a3f,Зорин Алексей Валерьевич,1,2021,2021
PERS_b76851a7,Митруев Бембя Леонидович,PERS_cfb92c5f,Уланский Евгений Андреевич,1,2021,2021
PERS_b76851a7,Митруев Бембя Леонидович,PERS_d3c5382c,Попова Ирина Фёдоровна,1,2021,2021
PERS_b76851a7,Митруев Бембя Леонидович,PERS_d98da899,Рыжакова Светлана Игоревна,1,2021,2021
PERS_b76851a7,Митруев Бембя Леонидович,PERS_db046be0,Сабирова Римма Наилевна,1,2021,2021
PERS_b76851a7,Митруев Бембя Леонидович,PERS_e1dd6b3e,Лидова Наталья Ростиславовна,1,2021,2021
PERS_b76851a7,Митруев Бембя Леонидович,PERS_e31ca12d,Вечерина Ольга Павловна,1,2021,2021
PERS_b76851a7,Митруев Бембя Леонидович,PERS_f2fef030,Мехакян Арег Гайкович,1,2021,2021
PERS_b76851a7,Митруев Бембя Леонидович,PERS_fb25c80f,Ермакова Татьяна Викторовна,1,2021,2021
PERS_b881461b,Яковлева Мария Николаевна,PERS_ba537782,М. И. Петрова,4,2007,2015
PERS_b881461b,Яковлева Мария Николаевна,PERS_bbb9116e,Кальянов Владимир Иванович,1,2011,2011
PERS_b881461b,Яковлева Мария Николаевна,PERS_bc97fb65,Краснодембская Нина Георгиевна,1,2019,2019
PERS_b881461b,Яковлева Мария Николаевна,PERS_bd77e495,Корнеев Геннадий Батыревич,4,2019,2026
PERS_b881461b,Яковлева Мария Николаевна,PERS_c48611e0,Островская Елена Петровна,2,2014,2019
PERS_b881461b,Яковлева Мария Николаевна,PERS_c52dfaa0,Цветкова Светлана Олеговна,2,2019,2026
PERS_b881461b,Яковлева Мария Николаевна,PERS_c5677a3f,Зорин Алексей Валерьевич,1,2019,2019
PERS_b881461b,Яковлева Мария Николаевна,PERS_c6bbcef3,Битинайте Елена Алексеевна,1,2019,2019
PERS_b881461b,Яковлева Мария Николаевна,PERS_cb52ebc2,Лемешкина Ксения Вячеславовна,1,2026,2026
PERS_b881461b,Яковлева Мария Николаевна,PERS_ced3d7b4,Молина Анна Валерьевна,1,2026,2026
PERS_b881461b,Яковлева Мария Николаевна,PERS_cfb92c5f,Уланский Евгений Андреевич,1,2019,2019
PERS_b881461b,Яковлева Мария Николаевна,PERS_d01427ca,Бещук Юлия Владимировна,1,2026,2026
PERS_b881461b,Яковлева Мария Николаевна,PERS_d218805b,Крюкова Виктория Юрьевна,1,2019,2019
PERS_b881461b,Яковлева Мария Николаевна,PERS_d3c5382c,Попова Ирина Фёдоровна,3,2007,2026
PERS_b881461b,Яковлева Мария Николаевна,PERS_d98da899,Рыжакова Светлана Игоревна,2,2019,2026
PERS_b881461b,Яковлева Мария Николаевна,PERS_d9d69ac2,Петров Павел Яковлевич,8,2007,2026
PERS_b881461b,Яковлева Мария Николаевна,PERS_db046be0,Сабирова Римма Наилевна,2,2019,2026
PERS_b881461b,Яковлева Мария Николаевна,PERS_dd17649f,Светлов Роман Викторович,2,2018,2021
PERS_b881461b,Яковлева Мария Николаевна,PERS_dfaf6803,Борисов Яков Александрович,2,2011,2021
PERS_b881461b,Яковлева Мария Николаевна,PERS_e1dd6b3e,Лидова Наталья Ростиславовна,1,2026,2026
PERS_b881461b,Яковлева Мария Николаевна,PERS_e31ca12d,Вечерина Ольга Павловна,1,2019,2019
PERS_b881461b,Яковлева Мария Николаевна,PERS_e5a5ac24,Невелева Светлана Леонидовна,2,2011,2012
PERS_b881461b,Яковлева Мария Николаевна,PERS_e8396809,Вишну Шукла,1,2014,2014
PERS_b881461b,Яковлева Мария Николаевна,PERS_f19cd8a1,Котин Игорь Юрьевич,1,2026,2026
PERS_b881461b,Яковлева Мария Николаевна,PERS_f1f2471d,Игнатова Мария Михайловна,1,2021,2021
PERS_b881461b,Яковлева Мария Николаевна,PERS_f56c5a7e,Жукова Любовь Евгеньевна,1,2014,2014
PERS_b881461b,Яковлева Мария Николаевна,PERS_f5b8b340,Вигасин Алексей Алексеевич,2,2011,2012
PERS_b881461b,Яковлева Мария Николаевна,PERS_f6f68d4b,Ульяновский Ростислав Александрович,1,2026,2026
PERS_b881461b,Яковлева Мария Николаевна,PERS_f8ab5755,Оранская Татьяна Иосифовна,2,2019,2026
PERS_b881461b,Яковлева Мария Николаевна,PERS_fb25c80f,Ермакова Татьяна Викторовна,2,2019,2026
PERS_ba537782,М. И. Петрова,PERS_bbb9116e,Кальянов Владимир Иванович,4,2007,2022
PERS_ba537782,М. И. Петрова,PERS_c0b7485d,Серебряков Игорь Дмитриевич,2,2007,2022
PERS_ba537782,М. И. Петрова,PERS_c48611e0,Островская Елена Петровна,1,2021,2021
PERS_ba537782,М. И. Петрова,PERS_c52dfaa0,Цветкова Светлана Олеговна,1,2022,2022
PERS_ba537782,М. И. Петрова,PERS_d3c5382c,Попова Ирина Фёдоровна,3,2007,2022
PERS_ba537782,М. И. Петрова,PERS_d98da899,Рыжакова Светлана Игоревна,2,2021,2022
PERS_ba537782,М. И. Петрова,PERS_d9d69ac2,Петров Павел Яковлевич,15,2007,2026
PERS_ba537782,М. И. Петрова,PERS_db046be0,Сабирова Римма Наилевна,1,2021,2021
PERS_ba537782,М. И. Петрова,PERS_dfaf6803,Борисов Яков Александрович,1,2011,2011
PERS_ba537782,М. И. Петрова,PERS_e1d622e5,Мажитов Саттар Фазылович,1,2022,2022
PERS_ba537782,М. И. Петрова,PERS_e31ca12d,Вечерина Ольга Павловна,1,2021,2021
PERS_ba537782,М. И. Петрова,PERS_e5a5ac24,Невелева Светлана Леонидовна,1,2011,2011
PERS_ba537782,М. И. Петрова,PERS_ed83f502,Селиванова Тамара Петровна,1,2022,2022
PERS_ba537782,М. И. Петрова,PERS_f56c5a7e,Жукова Любовь Евгеньевна,3,2015,2021
PERS_ba537782,М. И. Петрова,PERS_f5a69b65,Кройцер Светлана Александровна,1,2022,2022
PERS_ba537782,М. И. Петрова,PERS_f5b8b340,Вигасин Алексей Алексеевич,1,2011,2011
PERS_ba537782,М. И. Петрова,PERS_f8ab5755,Оранская Татьяна Иосифовна,1,2022,2022
PERS_ba537782,М. И. Петрова,PERS_f940c5b3,Стрелкова Гюзэль Владимировна,1,2021,2021
PERS_bbb9116e,Кальянов Владимир Иванович,PERS_c0b7485d,Серебряков Игорь Дмитриевич,1,2022,2022
PERS_bbb9116e,Кальянов Владимир Иванович,PERS_c52dfaa0,Цветкова Светлана Олеговна,1,2022,2022
PERS_bbb9116e,Кальянов Владимир Иванович,PERS_d3c5382c,Попова Ирина Фёдоровна,1,2022,2022
PERS_bbb9116e,Кальянов Владимир Иванович,PERS_d9d69ac2,Петров Павел Яковлевич,4,2007,2022
PERS_bbb9116e,Кальянов Владимир Иванович,PERS_dfaf6803,Борисов Яков Александрович,2,2011,2013
PERS_bbb9116e,Кальянов Владимир Иванович,PERS_e5a5ac24,Невелева Светлана Леонидовна,3,2011,2025
PERS_bbb9116e,Кальянов Владимир Иванович,PERS_f5b8b340,Вигасин Алексей Алексеевич,1,2011,2011
PERS_bbb9116e,Кальянов Владимир Иванович,PERS_f8ab5755,Оранская Татьяна Иосифовна,1,2022,2022
PERS_bbd15f4f,Степин А. А.,PERS_bc97fb65,Краснодембская Нина Георгиевна,1,2024,2024
PERS_bbd15f4f,Степин А. А.,PERS_bd77e495,Корнеев Геннадий Батыревич,1,2024,2024
PERS_bbd15f4f,Степин А. А.,PERS_c48611e0,Островская Елена Петровна,1,2024,2024
PERS_bbd15f4f,Степин А. А.,PERS_cb52ebc2,Лемешкина Ксения Вячеславовна,1,2024,2024
PERS_bbd15f4f,Степин А. А.,PERS_cd0d4845,Обермиллер Евгений Евгеньевич,1,2024,2024
PERS_bbd15f4f,Степин А. А.,PERS_ced3d7b4,Молина Анна Валерьевна,1,2024,2024
PERS_bbd15f4f,Степин А. А.,PERS_d218805b,Крюкова Виктория Юрьевна,1,2024,2024
PERS_bbd15f4f,Степин А. А.,PERS_d98da899,Рыжакова Светлана Игоревна,1,2024,2024
PERS_bbd15f4f,Степин А. А.,PERS_e1dd6b3e,Лидова Наталья Ростиславовна,1,2024,2024
PERS_bbd15f4f,Степин А. А.,PERS_f56c5a7e,Жукова Любовь Евгеньевна,1,2024,2024
PERS_bbd15f4f,Степин А. А.,PERS_f8ab5755,Оранская Татьяна Иосифовна,1,2024,2024
PERS_bbd15f4f,Степин А. А.,PERS_f940c5b3,Стрелкова Гюзэль Владимировна,1,2024,2024
PERS_bbd15f4f,Степин А. А.,PERS_fb25c80f,Ермакова Татьяна Викторовна,1,2024,2024
PERS_bc97fb65,Краснодембская Нина Георгиевна,PERS_bcaec2d8,Дружинин Владимир Юрьевич,1,2021,2021
PERS_bc97fb65,Краснодембская Нина Георгиевна,PERS_bd77e495,Корнеев Геннадий Батыревич,4,2019,2024
PERS_bc97fb65,Краснодембская Нина Георгиевна,PERS_c48611e0,Островская Елена Петровна,4,2019,2024
PERS_bc97fb65,Краснодембская Нина Георгиевна,PERS_c52dfaa0,Цветкова Светлана Олеговна,2,2019,2021
PERS_bc97fb65,Краснодембская Нина Георгиевна,PERS_c5677a3f,Зорин Алексей Валерьевич,2,2019,2021
PERS_bc97fb65,Краснодембская Нина Георгиевна,PERS_c6bbcef3,Битинайте Елена Алексеевна,2,2019,2020
PERS_bc97fb65,Краснодембская Нина Георгиевна,PERS_cb52ebc2,Лемешкина Ксения Вячеславовна,2,2020,2024
PERS_bc97fb65,Краснодембская Нина Георгиевна,PERS_cd0d4845,Обермиллер Евгений Евгеньевич,1,2024,2024
PERS_bc97fb65,Краснодембская Нина Георгиевна,PERS_ced3d7b4,Молина Анна Валерьевна,1,2024,2024
PERS_bc97fb65,Краснодембская Нина Георгиевна,PERS_cfb92c5f,Уланский Евгений Андреевич,3,2019,2021
PERS_bc97fb65,Краснодембская Нина Георгиевна,PERS_d218805b,Крюкова Виктория Юрьевна,2,2019,2024
PERS_bc97fb65,Краснодембская Нина Георгиевна,PERS_d3c5382c,Попова Ирина Фёдоровна,2,2019,2021
PERS_bc97fb65,Краснодембская Нина Георгиевна,PERS_d98da899,Рыжакова Светлана Игоревна,4,2019,2024
PERS_bc97fb65,Краснодембская Нина Георгиевна,PERS_d9d69ac2,Петров Павел Яковлевич,1,2019,2019
PERS_bc97fb65,Краснодембская Нина Георгиевна,PERS_db046be0,Сабирова Римма Наилевна,3,2019,2021
PERS_bc97fb65,Краснодембская Нина Георгиевна,PERS_e1dd6b3e,Лидова Наталья Ростиславовна,2,2021,2024
PERS_bc97fb65,Краснодембская Нина Георгиевна,PERS_e31ca12d,Вечерина Ольга Павловна,3,2019,2021
PERS_bc97fb65,Краснодембская Нина Георгиевна,PERS_e5a5ac24,Невелева Светлана Леонидовна,1,2019,2019
PERS_bc97fb65,Краснодембская Нина Георгиевна,PERS_ed83f502,Селиванова Тамара Петровна,1,2019,2019
PERS_bc97fb65,Краснодембская Нина Георгиевна,PERS_f2fef030,Мехакян Арег Гайкович,1,2021,2021
PERS_bc97fb65,Краснодембская Нина Георгиевна,PERS_f56c5a7e,Жукова Любовь Евгеньевна,1,2024,2024
PERS_bc97fb65,Краснодембская Нина Георгиевна,PERS_f8ab5755,Оранская Татьяна Иосифовна,4,2019,2024
PERS_bc97fb65,Краснодембская Нина Георгиевна,PERS_f940c5b3,Стрелкова Гюзэль Владимировна,1,2024,2024
PERS_bc97fb65,Краснодембская Нина Георгиевна,PERS_fb25c80f,Ермакова Татьяна Викторовна,4,2019,2024
PERS_bcaec2d8,Дружинин Владимир Юрьевич,PERS_bd77e495,Корнеев Геннадий Батыревич,1,2021,2021
PERS_bcaec2d8,Дружинин Владимир Юрьевич,PERS_c48611e0,Островская Елена Петровна,1,2021,2021
PERS_bcaec2d8,Дружинин Владимир Юрьевич,PERS_c52dfaa0,Цветкова Светлана Олеговна,1,2021,2021
PERS_bcaec2d8,Дружинин Владимир Юрьевич,PERS_c5677a3f,Зорин Алексей Валерьевич,1,2021,2021
PERS_bcaec2d8,Дружинин Владимир Юрьевич,PERS_cfb92c5f,Уланский Евгений Андреевич,1,2021,2021
PERS_bcaec2d8,Дружинин Владимир Юрьевич,PERS_d3c5382c,Попова Ирина Фёдоровна,1,2021,2021
PERS_bcaec2d8,Дружинин Владимир Юрьевич,PERS_d98da899,Рыжакова Светлана Игоревна,1,2021,2021
PERS_bcaec2d8,Дружинин Владимир Юрьевич,PERS_db046be0,Сабирова Римма Наилевна,1,2021,2021
PERS_bcaec2d8,Дружинин Владимир Юрьевич,PERS_e1dd6b3e,Лидова Наталья Ростиславовна,1,2021,2021
PERS_bcaec2d8,Дружинин Владимир Юрьевич,PERS_e31ca12d,Вечерина Ольга Павловна,1,2021,2021
PERS_bcaec2d8,Дружинин Владимир Юрьевич,PERS_ebc1c3c2,Лундышева Ольга Владимировна,1,2025,2025
PERS_bcaec2d8,Дружинин Владимир Юрьевич,PERS_f2fef030,Мехакян Арег Гайкович,1,2021,2021
PERS_bcaec2d8,Дружинин Владимир Юрьевич,PERS_fb25c80f,Ермакова Татьяна Викторовна,1,2021,2021
PERS_bd77e495,Корнеев Геннадий Батыревич,PERS_c48611e0,Островская Елена Петровна,4,2019,2024
PERS_bd77e495,Корнеев Геннадий Батыревич,PERS_c52dfaa0,Цветкова Светлана Олеговна,5,2019,2026
PERS_bd77e495,Корнеев Геннадий Батыревич,PERS_c5677a3f,Зорин Алексей Валерьевич,2,2019,2021
PERS_bd77e495,Корнеев Геннадий Батыревич,PERS_c6bbcef3,Битинайте Елена Алексеевна,2,2019,2020
PERS_bd77e495,Корнеев Геннадий Батыревич,PERS_cb52ebc2,Лемешкина Ксения Вячеславовна,3,2020,2026
PERS_bd77e495,Корнеев Геннадий Батыревич,PERS_cd0d4845,Обермиллер Евгений Евгеньевич,1,2024,2024
PERS_bd77e495,Корнеев Геннадий Батыревич,PERS_ced3d7b4,Молина Анна Валерьевна,3,2024,2026
PERS_bd77e495,Корнеев Геннадий Батыревич,PERS_cfb92c5f,Уланский Евгений Андреевич,3,2019,2021
PERS_bd77e495,Корнеев Геннадий Батыревич,PERS_d01427ca,Бещук Юлия Владимировна,1,2026,2026
PERS_bd77e495,Корнеев Геннадий Батыревич,PERS_d218805b,Крюкова Виктория Юрьевна,2,2019,2024
PERS_bd77e495,Корнеев Геннадий Батыревич,PERS_d3c5382c,Попова Ирина Фёдоровна,3,2019,2026
PERS_bd77e495,Корнеев Геннадий Батыревич,PERS_d98da899,Рыжакова Светлана Игоревна,5,2019,2026
PERS_bd77e495,Корнеев Геннадий Батыревич,PERS_d9d69ac2,Петров Павел Яковлевич,1,2026,2026
PERS_bd77e495,Корнеев Геннадий Батыревич,PERS_da862dde,Дробышев Юлий Игорьевич,2,2021,2024
PERS_bd77e495,Корнеев Геннадий Батыревич,PERS_db046be0,Сабирова Римма Наилевна,4,2019,2026
PERS_bd77e495,Корнеев Геннадий Батыревич,PERS_e1dd6b3e,Лидова Наталья Ростиславовна,5,2021,2026
PERS_bd77e495,Корнеев Геннадий Батыревич,PERS_e31ca12d,Вечерина Ольга Павловна,4,2019,2021
PERS_bd77e495,Корнеев Геннадий Батыревич,PERS_e72d4c09,Огнева Елена Дмитриевна,1,2021,2021
PERS_bd77e495,Корнеев Геннадий Батыревич,PERS_e9545a0b,Шустова Алла Михайловна,2,2021,2024
PERS_bd77e495,Корнеев Геннадий Батыревич,PERS_ea44fd14,Люлина Анастасия Геннадьевна,2,2021,2024
PERS_bd77e495,Корнеев Геннадий Батыревич,PERS_f19cd8a1,Котин Игорь Юрьевич,1,2026,2026
PERS_bd77e495,Корнеев Геннадий Батыревич,PERS_f2fef030,Мехакян Арег Гайкович,2,2021,2021
PERS_bd77e495,Корнеев Геннадий Батыревич,PERS_f56c5a7e,Жукова Любовь Евгеньевна,1,2024,2024
PERS_bd77e495,Корнеев Геннадий Батыревич,PERS_f5b8b340,Вигасин Алексей Алексеевич,1,2024,2024
PERS_bd77e495,Корнеев Геннадий Батыревич,PERS_f6f68d4b,Ульяновский Ростислав Александрович,1,2026,2026
PERS_bd77e495,Корнеев Геннадий Батыревич,PERS_f8ab5755,Оранская Татьяна Иосифовна,4,2019,2026
PERS_bd77e495,Корнеев Геннадий Батыревич,PERS_f940c5b3,Стрелкова Гюзэль Владимировна,1,2024,2024
PERS_bd77e495,Корнеев Геннадий Батыревич,PERS_fb25c80f,Ермакова Татьяна Викторовна,5,2019,2026
PERS_c0b7485d,Серебряков Игорь Дмитриевич,PERS_c52dfaa0,Цветкова Светлана Олеговна,1,2022,2022
PERS_c0b7485d,Серебряков Игорь Дмитриевич,PERS_d3c5382c,Попова Ирина Фёдоровна,2,2007,2022
PERS_c0b7485d,Серебряков Игорь Дмитриевич,PERS_d9d69ac2,Петров Павел Яковлевич,3,2007,2022
PERS_c0b7485d,Серебряков Игорь Дмитриевич,PERS_e5a5ac24,Невелева Светлана Леонидовна,1,2013,2013
PERS_c0b7485d,Серебряков Игорь Дмитриевич,PERS_ed83f502,Селиванова Тамара Петровна,1,2013,2013
PERS_c0b7485d,Серебряков Игорь Дмитриевич,PERS_f8ab5755,Оранская Татьяна Иосифовна,1,2022,2022
PERS_c48611e0,Островская Елена Петровна,PERS_c52dfaa0,Цветкова Светлана Олеговна,2,2019,2021
PERS_c48611e0,Островская Елена Петровна,PERS_c5677a3f,Зорин Алексей Валерьевич,2,2019,2021
PERS_c48611e0,Островская Елена Петровна,PERS_c6bbcef3,Битинайте Елена Алексеевна,2,2019,2020
PERS_c48611e0,Островская Елена Петровна,PERS_cb52ebc2,Лемешкина Ксения Вячеславовна,2,2020,2024
PERS_c48611e0,Островская Елена Петровна,PERS_cd0d4845,Обермиллер Евгений Евгеньевич,1,2024,2024
PERS_c48611e0,Островская Елена Петровна,PERS_ced3d7b4,Молина Анна Валерьевна,1,2024,2024
PERS_c48611e0,Островская Елена Петровна,PERS_cfb92c5f,Уланский Евгений Андреевич,3,2019,2021
PERS_c48611e0,Островская Елена Петровна,PERS_d218805b,Крюкова Виктория Юрьевна,2,2019,2024
PERS_c48611e0,Островская Елена Петровна,PERS_d3c5382c,Попова Ирина Фёдоровна,2,2019,2021
PERS_c48611e0,Островская Елена Петровна,PERS_d98da899,Рыжакова Светлана Игоревна,5,2019,2024
PERS_c48611e0,Островская Елена Петровна,PERS_db046be0,Сабирова Римма Наилевна,4,2019,2021
PERS_c48611e0,Островская Елена Петровна,PERS_dfaf6803,Борисов Яков Александрович,1,2009,2009
PERS_c48611e0,Островская Елена Петровна,PERS_e1dd6b3e,Лидова Наталья Ростиславовна,2,2021,2024
PERS_c48611e0,Островская Елена Петровна,PERS_e31ca12d,Вечерина Ольга Павловна,4,2019,2021
PERS_c48611e0,Островская Елена Петровна,PERS_f2fef030,Мехакян Арег Гайкович,1,2021,2021
PERS_c48611e0,Островская Елена Петровна,PERS_f56c5a7e,Жукова Любовь Евгеньевна,6,2009,2024
PERS_c48611e0,Островская Елена Петровна,PERS_f8ab5755,Оранская Татьяна Иосифовна,3,2019,2024
PERS_c48611e0,Островская Елена Петровна,PERS_f940c5b3,Стрелкова Гюзэль Владимировна,2,2021,2024
PERS_c48611e0,Островская Елена Петровна,PERS_fb25c80f,Ермакова Татьяна Викторовна,4,2019,2024
PERS_c52dfaa0,Цветкова Светлана Олеговна,PERS_c5677a3f,Зорин Алексей Валерьевич,2,2019,2021
PERS_c52dfaa0,Цветкова Светлана Олеговна,PERS_c6bbcef3,Битинайте Елена Алексеевна,1,2019,2019
PERS_c52dfaa0,Цветкова Светлана Олеговна,PERS_cb52ebc2,Лемешкина Ксения Вячеславовна,1,2026,2026
PERS_c52dfaa0,Цветкова Светлана Олеговна,PERS_ced3d7b4,Молина Анна Валерьевна,2,2024,2026
PERS_c52dfaa0,Цветкова Светлана Олеговна,PERS_cfb92c5f,Уланский Евгений Андреевич,2,2019,2021
PERS_c52dfaa0,Цветкова Светлана Олеговна,PERS_d01427ca,Бещук Юлия Владимировна,1,2026,2026
PERS_c52dfaa0,Цветкова Светлана Олеговна,PERS_d218805b,Крюкова Виктория Юрьевна,1,2019,2019
PERS_c52dfaa0,Цветкова Светлана Олеговна,PERS_d3c5382c,Попова Ирина Фёдоровна,4,2019,2026
PERS_c52dfaa0,Цветкова Светлана Олеговна,PERS_d98da899,Рыжакова Светлана Игоревна,3,2019,2026
PERS_c52dfaa0,Цветкова Светлана Олеговна,PERS_d9d69ac2,Петров Павел Яковлевич,2,2022,2026
PERS_c52dfaa0,Цветкова Светлана Олеговна,PERS_da862dde,Дробышев Юлий Игорьевич,2,2021,2024
PERS_c52dfaa0,Цветкова Светлана Олеговна,PERS_db046be0,Сабирова Римма Наилевна,3,2019,2026
PERS_c52dfaa0,Цветкова Светлана Олеговна,PERS_e1dd6b3e,Лидова Наталья Ростиславовна,4,2021,2026
PERS_c52dfaa0,Цветкова Светлана Олеговна,PERS_e31ca12d,Вечерина Ольга Павловна,3,2019,2021
PERS_c52dfaa0,Цветкова Светлана Олеговна,PERS_e72d4c09,Огнева Елена Дмитриевна,1,2021,2021
PERS_c52dfaa0,Цветкова Светлана Олеговна,PERS_e9545a0b,Шустова Алла Михайловна,2,2021,2024
PERS_c52dfaa0,Цветкова Светлана Олеговна,PERS_ea44fd14,Люлина Анастасия Геннадьевна,2,2021,2024
PERS_c52dfaa0,Цветкова Светлана Олеговна,PERS_f19cd8a1,Котин Игорь Юрьевич,1,2026,2026
PERS_c52dfaa0,Цветкова Светлана Олеговна,PERS_f2fef030,Мехакян Арег Гайкович,2,2021,2021
PERS_c52dfaa0,Цветкова Светлана Олеговна,PERS_f5b8b340,Вигасин Алексей Алексеевич,1,2024,2024
PERS_c52dfaa0,Цветкова Светлана Олеговна,PERS_f8ab5755,Оранская Татьяна Иосифовна,3,2019,2026
PERS_c52dfaa0,Цветкова Светлана Олеговна,PERS_fb25c80f,Ермакова Татьяна Викторовна,3,2019,2026
PERS_c5677a3f,Зорин Алексей Валерьевич,PERS_c6bbcef3,Битинайте Елена Алексеевна,1,2019,2019
PERS_c5677a3f,Зорин Алексей Валерьевич,PERS_cfb92c5f,Уланский Евгений Андреевич,2,2019,2021
PERS_c5677a3f,Зорин Алексей Валерьевич,PERS_d218805b,Крюкова Виктория Юрьевна,1,2019,2019
PERS_c5677a3f,Зорин Алексей Валерьевич,PERS_d3c5382c,Попова Ирина Фёдоровна,2,2019,2021
PERS_c5677a3f,Зорин Алексей Валерьевич,PERS_d98da899,Рыжакова Светлана Игоревна,2,2019,2021
PERS_c5677a3f,Зорин Алексей Валерьевич,PERS_db046be0,Сабирова Римма Наилевна,2,2019,2021
PERS_c5677a3f,Зорин Алексей Валерьевич,PERS_e1dd6b3e,Лидова Наталья Ростиславовна,1,2021,2021
PERS_c5677a3f,Зорин Алексей Валерьевич,PERS_e31ca12d,Вечерина Ольга Павловна,2,2019,2021
PERS_c5677a3f,Зорин Алексей Валерьевич,PERS_f2fef030,Мехакян Арег Гайкович,1,2021,2021
PERS_c5677a3f,Зорин Алексей Валерьевич,PERS_f8ab5755,Оранская Татьяна Иосифовна,1,2019,2019
PERS_c5677a3f,Зорин Алексей Валерьевич,PERS_fb25c80f,Ермакова Татьяна Викторовна,2,2019,2021
PERS_c582889e,Иткин Илья Борисович,PERS_cfb92c5f,Уланский Евгений Андреевич,1,2018,2018
PERS_c6bbcef3,Битинайте Елена Алексеевна,PERS_cb52ebc2,Лемешкина Ксения Вячеславовна,1,2020,2020
PERS_c6bbcef3,Битинайте Елена Алексеевна,PERS_cfb92c5f,Уланский Евгений Андреевич,2,2019,2020
PERS_c6bbcef3,Битинайте Елена Алексеевна,PERS_d218805b,Крюкова Виктория Юрьевна,1,2019,2019
PERS_c6bbcef3,Битинайте Елена Алексеевна,PERS_d3c5382c,Попова Ирина Фёдоровна,1,2019,2019
PERS_c6bbcef3,Битинайте Елена Алексеевна,PERS_d98da899,Рыжакова Светлана Игоревна,2,2019,2020
PERS_c6bbcef3,Битинайте Елена Алексеевна,PERS_db046be0,Сабирова Римма Наилевна,2,2019,2020
PERS_c6bbcef3,Битинайте Елена Алексеевна,PERS_e31ca12d,Вечерина Ольга Павловна,2,2019,2020
PERS_c6bbcef3,Битинайте Елена Алексеевна,PERS_f8ab5755,Оранская Татьяна Иосифовна,2,2019,2020
PERS_c6bbcef3,Битинайте Елена Алексеевна,PERS_fb25c80f,Ермакова Татьяна Викторовна,2,2019,2020
PERS_cb52ebc2,Лемешкина Ксения Вячеславовна,PERS_cd0d4845,Обермиллер Евгений Евгеньевич,1,2024,2024
PERS_cb52ebc2,Лемешкина Ксения Вячеславовна,PERS_ced3d7b4,Молина Анна Валерьевна,2,2024,2026
PERS_cb52ebc2,Лемешкина Ксения Вячеславовна,PERS_cfb92c5f,Уланский Евгений Андреевич,1,2020,2020
PERS_cb52ebc2,Лемешкина Ксения Вячеславовна,PERS_d01427ca,Бещук Юлия Владимировна,1,2026,2026
PERS_cb52ebc2,Лемешкина Ксения Вячеславовна,PERS_d218805b,Крюкова Виктория Юрьевна,1,2024,2024
PERS_cb52ebc2,Лемешкина Ксения Вячеславовна,PERS_d3c5382c,Попова Ирина Фёдоровна,1,2026,2026
PERS_cb52ebc2,Лемешкина Ксения Вячеславовна,PERS_d98da899,Рыжакова Светлана Игоревна,3,2020,2026
PERS_cb52ebc2,Лемешкина Ксения Вячеславовна,PERS_d9d69ac2,Петров Павел Яковлевич,1,2026,2026
PERS_cb52ebc2,Лемешкина Ксения Вячеславовна,PERS_db046be0,Сабирова Римма Наилевна,2,2020,2026
PERS_cb52ebc2,Лемешкина Ксения Вячеславовна,PERS_e1dd6b3e,Лидова Наталья Ростиславовна,2,2024,2026
PERS_cb52ebc2,Лемешкина Ксения Вячеславовна,PERS_e31ca12d,Вечерина Ольга Павловна,1,2020,2020
PERS_cb52ebc2,Лемешкина Ксения Вячеславовна,PERS_f19cd8a1,Котин Игорь Юрьевич,2,2026,2026
PERS_cb52ebc2,Лемешкина Ксения Вячеславовна,PERS_f56c5a7e,Жукова Любовь Евгеньевна,1,2024,2024
PERS_cb52ebc2,Лемешкина Ксения Вячеславовна,PERS_f8ab5755,Оранская Татьяна Иосифовна,3,2020,2026
PERS_cb52ebc2,Лемешкина Ксения Вячеславовна,PERS_f940c5b3,Стрелкова Гюзэль Владимировна,1,2024,2024
PERS_cb52ebc2,Лемешкина Ксения Вячеславовна,PERS_fb25c80f,Ермакова Татьяна Викторовна,3,2020,2026
PERS_cd0d4845,Обермиллер Евгений Евгеньевич,PERS_ced3d7b4,Молина Анна Валерьевна,1,2024,2024
PERS_cd0d4845,Обермиллер Евгений Евгеньевич,PERS_d218805b,Крюкова Виктория Юрьевна,1,2024,2024
PERS_cd0d4845,Обермиллер Евгений Евгеньевич,PERS_d98da899,Рыжакова Светлана Игоревна,1,2024,2024
PERS_cd0d4845,Обермиллер Евгений Евгеньевич,PERS_e1dd6b3e,Лидова Наталья Ростиславовна,1,2024,2024
PERS_cd0d4845,Обермиллер Евгений Евгеньевич,PERS_f56c5a7e,Жукова Любовь Евгеньевна,1,2024,2024
PERS_cd0d4845,Обермиллер Евгений Евгеньевич,PERS_f8ab5755,Оранская Татьяна Иосифовна,1,2024,2024
PERS_cd0d4845,Обермиллер Евгений Евгеньевич,PERS_f940c5b3,Стрелкова Гюзэль Владимировна,1,2024,2024
PERS_cd0d4845,Обермиллер Евгений Евгеньевич,PERS_fb25c80f,Ермакова Татьяна Викторовна,1,2024,2024
PERS_ced3d7b4,Молина Анна Валерьевна,PERS_d01427ca,Бещук Юлия Владимировна,1,2026,2026
PERS_ced3d7b4,Молина Анна Валерьевна,PERS_d218805b,Крюкова Виктория Юрьевна,1,2024,2024
PERS_ced3d7b4,Молина Анна Валерьевна,PERS_d3c5382c,Попова Ирина Фёдоровна,1,2026,2026
PERS_ced3d7b4,Молина Анна Валерьевна,PERS_d98da899,Рыжакова Светлана Игоревна,2,2024,2026
PERS_ced3d7b4,Молина Анна Валерьевна,PERS_d9d69ac2,Петров Павел Яковлевич,1,2026,2026
PERS_ced3d7b4,Молина Анна Валерьевна,PERS_da862dde,Дробышев Юлий Игорьевич,1,2024,2024
PERS_ced3d7b4,Молина Анна Валерьевна,PERS_db046be0,Сабирова Римма Наилевна,1,2026,2026
PERS_ced3d7b4,Молина Анна Валерьевна,PERS_e1dd6b3e,Лидова Наталья Ростиславовна,3,2024,2026
PERS_ced3d7b4,Молина Анна Валерьевна,PERS_e9545a0b,Шустова Алла Михайловна,1,2024,2024
PERS_ced3d7b4,Молина Анна Валерьевна,PERS_ea44fd14,Люлина Анастасия Геннадьевна,1,2024,2024
PERS_ced3d7b4,Молина Анна Валерьевна,PERS_f19cd8a1,Котин Игорь Юрьевич,1,2026,2026
PERS_ced3d7b4,Молина Анна Валерьевна,PERS_f56c5a7e,Жукова Любовь Евгеньевна,1,2024,2024
PERS_ced3d7b4,Молина Анна Валерьевна,PERS_f5b8b340,Вигасин Алексей Алексеевич,1,2024,2024
PERS_ced3d7b4,Молина Анна Валерьевна,PERS_f8ab5755,Оранская Татьяна Иосифовна,2,2024,2026
PERS_ced3d7b4,Молина Анна Валерьевна,PERS_f940c5b3,Стрелкова Гюзэль Владимировна,1,2024,2024
PERS_ced3d7b4,Молина Анна Валерьевна,PERS_fb25c80f,Ермакова Татьяна Викторовна,2,2024,2026
PERS_cfb92c5f,Уланский Евгений Андреевич,PERS_d218805b,Крюкова Виктория Юрьевна,1,2019,2019
PERS_cfb92c5f,Уланский Евгений Андреевич,PERS_d3c5382c,Попова Ирина Фёдоровна,2,2019,2021
PERS_cfb92c5f,Уланский Евгений Андреевич,PERS_d98da899,Рыжакова Светлана Игоревна,3,2019,2021
PERS_cfb92c5f,Уланский Евгений Андреевич,PERS_d9d69ac2,Петров Павел Яковлевич,2,2017,2017
PERS_cfb92c5f,Уланский Евгений Андреевич,PERS_db046be0,Сабирова Римма Наилевна,3,2019,2021
PERS_cfb92c5f,Уланский Евгений Андреевич,PERS_dd17649f,Светлов Роман Викторович,1,2026,2026
PERS_cfb92c5f,Уланский Евгений Андреевич,PERS_dfaf6803,Борисов Яков Александрович,1,2019,2019
PERS_cfb92c5f,Уланский Евгений Андреевич,PERS_e1dd6b3e,Лидова Наталья Ростиславовна,1,2021,2021
PERS_cfb92c5f,Уланский Евгений Андреевич,PERS_e31ca12d,Вечерина Ольга Павловна,3,2019,2021
PERS_cfb92c5f,Уланский Евгений Андреевич,PERS_f2fef030,Мехакян Арег Гайкович,1,2021,2021
PERS_cfb92c5f,Уланский Евгений Андреевич,PERS_f56c5a7e,Жукова Любовь Евгеньевна,4,2018,2024
PERS_cfb92c5f,Уланский Евгений Андреевич,PERS_f8ab5755,Оранская Татьяна Иосифовна,2,2019,2020
PERS_cfb92c5f,Уланский Евгений Андреевич,PERS_fb25c80f,Ермакова Татьяна Викторовна,3,2019,2021
PERS_d01427ca,Бещук Юлия Владимировна,PERS_d3c5382c,Попова Ирина Фёдоровна,1,2026,2026
PERS_d01427ca,Бещук Юлия Владимировна,PERS_d98da899,Рыжакова Светлана Игоревна,1,2026,2026
PERS_d01427ca,Бещук Юлия Владимировна,PERS_d9d69ac2,Петров Павел Яковлевич,1,2026,2026
PERS_d01427ca,Бещук Юлия Владимировна,PERS_db046be0,Сабирова Римма Наилевна,1,2026,2026
PERS_d01427ca,Бещук Юлия Владимировна,PERS_e1dd6b3e,Лидова Наталья Ростиславовна,1,2026,2026
PERS_d01427ca,Бещук Юлия Владимировна,PERS_f19cd8a1,Котин Игорь Юрьевич,1,2026,2026
PERS_d01427ca,Бещук Юлия Владимировна,PERS_f8ab5755,Оранская Татьяна Иосифовна,1,2026,2026
PERS_d01427ca,Бещук Юлия Владимировна,PERS_fb25c80f,Ермакова Татьяна Викторовна,1,2026,2026
PERS_d218805b,Крюкова Виктория Юрьевна,PERS_d3c5382c,Попова Ирина Фёдоровна,1,2019,2019
PERS_d218805b,Крюкова Виктория Юрьевна,PERS_d98da899,Рыжакова Светлана Игоревна,2,2019,2024
PERS_d218805b,Крюкова Виктория Юрьевна,PERS_db046be0,Сабирова Римма Наилевна,1,2019,2019
PERS_d218805b,Крюкова Виктория Юрьевна,PERS_e1dd6b3e,Лидова Наталья Ростиславовна,1,2024,2024
PERS_d218805b,Крюкова Виктория Юрьевна,PERS_e31ca12d,Вечерина Ольга Павловна,1,2019,2019
PERS_d218805b,Крюкова Виктория Юрьевна,PERS_f56c5a7e,Жукова Любовь Евгеньевна,1,2024,2024
PERS_d218805b,Крюкова Виктория Юрьевна,PERS_f8ab5755,Оранская Татьяна Иосифовна,2,2019,2024
PERS_d218805b,Крюкова Виктория Юрьевна,PERS_f940c5b3,Стрелкова Гюзэль Владимировна,1,2024,2024
PERS_d218805b,Крюкова Виктория Юрьевна,PERS_fb25c80f,Ермакова Татьяна Викторовна,2,2019,2024
PERS_d3c5382c,Попова Ирина Фёдоровна,PERS_d98da899,Рыжакова Светлана Игоревна,3,2019,2026
PERS_d3c5382c,Попова Ирина Фёдоровна,PERS_d9d69ac2,Петров Павел Яковлевич,4,2007,2026
PERS_d3c5382c,Попова Ирина Фёдоровна,PERS_db046be0,Сабирова Римма Наилевна,3,2019,2026
PERS_d3c5382c,Попова Ирина Фёдоровна,PERS_dfaf6803,Борисов Яков Александрович,1,2025,2025
PERS_d3c5382c,Попова Ирина Фёдоровна,PERS_e1dd6b3e,Лидова Наталья Ростиславовна,2,2021,2026
PERS_d3c5382c,Попова Ирина Фёдоровна,PERS_e31ca12d,Вечерина Ольга Павловна,2,2019,2021
PERS_d3c5382c,Попова Ирина Фёдоровна,PERS_f19cd8a1,Котин Игорь Юрьевич,1,2026,2026
PERS_d3c5382c,Попова Ирина Фёдоровна,PERS_f2fef030,Мехакян Арег Гайкович,1,2021,2021
PERS_d3c5382c,Попова Ирина Фёдоровна,PERS_f8ab5755,Оранская Татьяна Иосифовна,3,2019,2026
PERS_d3c5382c,Попова Ирина Фёдоровна,PERS_fb25c80f,Ермакова Татьяна Викторовна,3,2019,2026
PERS_d6ade703,Кожевникова Маргарита Николаевна,PERS_f56c5a7e,Жукова Любовь Евгеньевна,1,2009,2009
PERS_d98da899,Рыжакова Светлана Игоревна,PERS_d9d69ac2,Петров Павел Яковлевич,1,2026,2026
PERS_d98da899,Рыжакова Светлана Игоревна,PERS_db046be0,Сабирова Римма Наилевна,5,2019,2026
PERS_d98da899,Рыжакова Светлана Игоревна,PERS_e1d622e5,Мажитов Саттар Фазылович,1,2022,2022
PERS_d98da899,Рыжакова Светлана Игоревна,PERS_e1dd6b3e,Лидова Наталья Ростиславовна,3,2021,2026
PERS_d98da899,Рыжакова Светлана Игоревна,PERS_e31ca12d,Вечерина Ольга Павловна,4,2019,2021
PERS_d98da899,Рыжакова Светлана Игоревна,PERS_ed83f502,Селиванова Тамара Петровна,1,2022,2022
PERS_d98da899,Рыжакова Светлана Игоревна,PERS_f19cd8a1,Котин Игорь Юрьевич,1,2026,2026
PERS_d98da899,Рыжакова Светлана Игоревна,PERS_f2fef030,Мехакян Арег Гайкович,1,2021,2021
PERS_d98da899,Рыжакова Светлана Игоревна,PERS_f56c5a7e,Жукова Любовь Евгеньевна,2,2021,2024
PERS_d98da899,Рыжакова Светлана Игоревна,PERS_f8ab5755,Оранская Татьяна Иосифовна,5,2019,2026
PERS_d98da899,Рыжакова Светлана Игоревна,PERS_f940c5b3,Стрелкова Гюзэль Владимировна,2,2021,2024
PERS_d98da899,Рыжакова Светлана Игоревна,PERS_fb25c80f,Ермакова Татьяна Викторовна,6,2019,2026
PERS_d9d69ac2,Петров Павел Яковлевич,PERS_db046be0,Сабирова Римма Наилевна,1,2026,2026
PERS_d9d69ac2,Петров Павел Яковлевич,PERS_dd17649f,Светлов Роман Викторович,2,2018,2021
PERS_d9d69ac2,Петров Павел Яковлевич,PERS_dfaf6803,Борисов Яков Александрович,3,2011,2026
PERS_d9d69ac2,Петров Павел Яковлевич,PERS_e1dd6b3e,Лидова Наталья Ростиславовна,1,2026,2026
PERS_d9d69ac2,Петров Павел Яковлевич,PERS_e5a5ac24,Невелева Светлана Леонидовна,4,2011,2021
PERS_d9d69ac2,Петров Павел Яковлевич,PERS_ed83f502,Селиванова Тамара Петровна,2,2013,2019
PERS_d9d69ac2,Петров Павел Яковлевич,PERS_f19cd8a1,Котин Игорь Юрьевич,1,2026,2026
PERS_d9d69ac2,Петров Павел Яковлевич,PERS_f1f2471d,Игнатова Мария Михайловна,1,2021,2021
PERS_d9d69ac2,Петров Павел Яковлевич,PERS_f56c5a7e,Жукова Любовь Евгеньевна,2,2015,2017
PERS_d9d69ac2,Петров Павел Яковлевич,PERS_f5a69b65,Кройцер Светлана Александровна,1,2022,2022
PERS_d9d69ac2,Петров Павел Яковлевич,PERS_f5b8b340,Вигасин Алексей Алексеевич,1,2011,2011
PERS_d9d69ac2,Петров Павел Яковлевич,PERS_f8ab5755,Оранская Татьяна Иосифовна,3,2019,2026
PERS_d9d69ac2,Петров Павел Яковлевич,PERS_fb25c80f,Ермакова Татьяна Викторовна,1,2026,2026
PERS_da862dde,Дробышев Юлий Игорьевич,PERS_e1dd6b3e,Лидова Наталья Ростиславовна,2,2021,2024
PERS_da862dde,Дробышев Юлий Игорьевич,PERS_e31ca12d,Вечерина Ольга Павловна,1,2021,2021
PERS_da862dde,Дробышев Юлий Игорьевич,PERS_e72d4c09,Огнева Елена Дмитриевна,1,2021,2021
PERS_da862dde,Дробышев Юлий Игорьевич,PERS_e9545a0b,Шустова Алла Михайловна,2,2021,2024
PERS_da862dde,Дробышев Юлий Игорьевич,PERS_ea44fd14,Люлина Анастасия Геннадьевна,2,2021,2024
PERS_da862dde,Дробышев Юлий Игорьевич,PERS_f2fef030,Мехакян Арег Гайкович,1,2021,2021
PERS_da862dde,Дробышев Юлий Игорьевич,PERS_f5b8b340,Вигасин Алексей Алексеевич,1,2024,2024
PERS_db046be0,Сабирова Римма Наилевна,PERS_e1dd6b3e,Лидова Наталья Ростиславовна,2,2021,2026
PERS_db046be0,Сабирова Римма Наилевна,PERS_e31ca12d,Вечерина Ольга Павловна,4,2019,2021
PERS_db046be0,Сабирова Римма Наилевна,PERS_f19cd8a1,Котин Игорь Юрьевич,1,2026,2026
PERS_db046be0,Сабирова Римма Наилевна,PERS_f2fef030,Мехакян Арег Гайкович,1,2021,2021
PERS_db046be0,Сабирова Римма Наилевна,PERS_f56c5a7e,Жукова Любовь Евгеньевна,1,2021,2021
PERS_db046be0,Сабирова Римма Наилевна,PERS_f8ab5755,Оранская Татьяна Иосифовна,3,2019,2026
PERS_db046be0,Сабирова Римма Наилевна,PERS_f940c5b3,Стрелкова Гюзэль Владимировна,1,2021,2021
PERS_db046be0,Сабирова Римма Наилевна,PERS_fb25c80f,Ермакова Татьяна Викторовна,4,2019,2026
PERS_dd17649f,Светлов Роман Викторович,PERS_dfaf6803,Борисов Яков Александрович,1,2021,2021
PERS_dd17649f,Светлов Роман Викторович,PERS_f1f2471d,Игнатова Мария Михайловна,1,2021,2021
PERS_dd17649f,Светлов Роман Викторович,PERS_f56c5a7e,Жукова Любовь Евгеньевна,1,2008,2008
PERS_dd17649f,Светлов Роман Викторович,PERS_f5a69b65,Кройцер Светлана Александровна,1,2022,2022
PERS_dfaf6803,Борисов Яков Александрович,PERS_e5a5ac24,Невелева Светлана Леонидовна,1,2011,2011
PERS_dfaf6803,Борисов Яков Александрович,PERS_f1f2471d,Игнатова Мария Михайловна,1,2021,2021
PERS_dfaf6803,Борисов Яков Александрович,PERS_f56c5a7e,Жукова Любовь Евгеньевна,1,2009,2009
PERS_dfaf6803,Борисов Яков Александрович,PERS_f5b8b340,Вигасин Алексей Алексеевич,1,2011,2011
PERS_e1d622e5,Мажитов Саттар Фазылович,PERS_ed83f502,Селиванова Тамара Петровна,2,2022,2025
PERS_e1dd6b3e,Лидова Наталья Ростиславовна,PERS_e31ca12d,Вечерина Ольга Павловна,2,2021,2021
PERS_e1dd6b3e,Лидова Наталья Ростиславовна,PERS_e72d4c09,Огнева Елена Дмитриевна,1,2021,2021
PERS_e1dd6b3e,Лидова Наталья Ростиславовна,PERS_e9545a0b,Шустова Алла Михайловна,2,2021,2024
PERS_e1dd6b3e,Лидова Наталья Ростиславовна,PERS_ea44fd14,Люлина Анастасия Геннадьевна,2,2021,2024
PERS_e1dd6b3e,Лидова Наталья Ростиславовна,PERS_f19cd8a1,Котин Игорь Юрьевич,1,2026,2026
PERS_e1dd6b3e,Лидова Наталья Ростиславовна,PERS_f2fef030,Мехакян Арег Гайкович,2,2021,2021
PERS_e1dd6b3e,Лидова Наталья Ростиславовна,PERS_f56c5a7e,Жукова Любовь Евгеньевна,1,2024,2024
PERS_e1dd6b3e,Лидова Наталья Ростиславовна,PERS_f5a69b65,Кройцер Светлана Александровна,1,2025,2025
PERS_e1dd6b3e,Лидова Наталья Ростиславовна,PERS_f5b8b340,Вигасин Алексей Алексеевич,1,2024,2024
PERS_e1dd6b3e,Лидова Наталья Ростиславовна,PERS_f8ab5755,Оранская Татьяна Иосифовна,3,2024,2026
PERS_e1dd6b3e,Лидова Наталья Ростиславовна,PERS_f940c5b3,Стрелкова Гюзэль Владимировна,1,2024,2024
PERS_e1dd6b3e,Лидова Наталья Ростиславовна,PERS_fb25c80f,Ермакова Татьяна Викторовна,4,2021,2026
PERS_e31ca12d,Вечерина Ольга Павловна,PERS_e72d4c09,Огнева Елена Дмитриевна,1,2021,2021
PERS_e31ca12d,Вечерина Ольга Павловна,PERS_e9545a0b,Шустова Алла Михайловна,1,2021,2021
PERS_e31ca12d,Вечерина Ольга Павловна,PERS_ea44fd14,Люлина Анастасия Геннадьевна,1,2021,2021
PERS_e31ca12d,Вечерина Ольга Павловна,PERS_f2fef030,Мехакян Арег Гайкович,2,2021,2021
PERS_e31ca12d,Вечерина Ольга Павловна,PERS_f56c5a7e,Жукова Любовь Евгеньевна,1,2021,2021
PERS_e31ca12d,Вечерина Ольга Павловна,PERS_f8ab5755,Оранская Татьяна Иосифовна,2,2019,2020
PERS_e31ca12d,Вечерина Ольга Павловна,PERS_f940c5b3,Стрелкова Гюзэль Владимировна,1,2021,2021
PERS_e31ca12d,Вечерина Ольга Павловна,PERS_fb25c80f,Ермакова Татьяна Викторовна,3,2019,2021
PERS_e5a5ac24,Невелева Светлана Леонидовна,PERS_ed83f502,Селиванова Тамара Петровна,2,2013,2019
PERS_e5a5ac24,Невелева Светлана Леонидовна,PERS_f56c5a7e,Жукова Любовь Евгеньевна,1,2013,2013
PERS_e5a5ac24,Невелева Светлана Леонидовна,PERS_f5b8b340,Вигасин Алексей Алексеевич,3,2011,2021
PERS_e5a5ac24,Невелева Светлана Леонидовна,PERS_f8ab5755,Оранская Татьяна Иосифовна,2,2019,2021
PERS_e72d4c09,Огнева Елена Дмитриевна,PERS_e9545a0b,Шустова Алла Михайловна,1,2021,2021
PERS_e72d4c09,Огнева Елена Дмитриевна,PERS_ea44fd14,Люлина Анастасия Геннадьевна,1,2021,2021
PERS_e72d4c09,Огнева Елена Дмитриевна,PERS_f2fef030,Мехакян Арег Гайкович,1,2021,2021
PERS_e8396809,Вишну Шукла,PERS_f56c5a7e,Жукова Любовь Евгеньевна,1,2014,2014
PERS_e9545a0b,Шустова Алла Михайловна,PERS_ea44fd14,Люлина Анастасия Геннадьевна,2,2021,2024
PERS_e9545a0b,Шустова Алла Михайловна,PERS_f2fef030,Мехакян Арег Гайкович,1,2021,2021
PERS_e9545a0b,Шустова Алла Михайловна,PERS_f5b8b340,Вигасин Алексей Алексеевич,1,2024,2024
PERS_ea44fd14,Люлина Анастасия Геннадьевна,PERS_f2fef030,Мехакян Арег Гайкович,1,2021,2021
PERS_ea44fd14,Люлина Анастасия Геннадьевна,PERS_f5b8b340,Вигасин Алексей Алексеевич,1,2024,2024
PERS_ed83f502,Селиванова Тамара Петровна,PERS_f56c5a7e,Жукова Любовь Евгеньевна,1,2011,2011
PERS_ed83f502,Селиванова Тамара Петровна,PERS_f8ab5755,Оранская Татьяна Иосифовна,1,2019,2019
PERS_f19cd8a1,Котин Игорь Юрьевич,PERS_f8ab5755,Оранская Татьяна Иосифовна,1,2026,2026
PERS_f19cd8a1,Котин Игорь Юрьевич,PERS_fb25c80f,Ермакова Татьяна Викторовна,1,2026,2026
PERS_f2fef030,Мехакян Арег Гайкович,PERS_fb25c80f,Ермакова Татьяна Викторовна,1,2021,2021
PERS_f56c5a7e,Жукова Любовь Евгеньевна,PERS_f5b8b340,Вигасин Алексей Алексеевич,1,2016,2016
PERS_f56c5a7e,Жукова Любовь Евгеньевна,PERS_f8ab5755,Оранская Татьяна Иосифовна,1,2024,2024
PERS_f56c5a7e,Жукова Любовь Евгеньевна,PERS_f940c5b3,Стрелкова Гюзэль Владимировна,2,2021,2024
PERS_f56c5a7e,Жукова Любовь Евгеньевна,PERS_fb25c80f,Ермакова Татьяна Викторовна,1,2024,2024
PERS_f5a69b65,Кройцер Светлана Александровна,PERS_f5b8b340,Вигасин Алексей Алексеевич,1,2021,2021
PERS_f5a69b65,Кройцер Светлана Александровна,PERS_f8ab5755,Оранская Татьяна Иосифовна,1,2025,2025
PERS_f5a69b65,Кройцер Светлана Александровна,PERS_fb25c80f,Ермакова Татьяна Викторовна,1,2025,2025
PERS_f5b8b340,Вигасин Алексей Алексеевич,PERS_f8ab5755,Оранская Татьяна Иосифовна,1,2021,2021
PERS_f8ab5755,Оранская Татьяна Иосифовна,PERS_f940c5b3,Стрелкова Гюзэль Владимировна,1,2024,2024
PERS_f8ab5755,Оранская Татьяна Иосифовна,PERS_fb25c80f,Ермакова Татьяна Викторовна,6,2019,2026
PERS_f940c5b3,Стрелкова Гюзэль Владимировна,PERS_fb25c80f,Ермакова Татьяна Викторовна,1,2024,2024
