keyword,label,status,reason,presentations,zograf,roerich,examples
индия,индия,hidden,слишком общий региональный маркер,181,130,51,Индийское паломничество в сравнительном аспекте | По следам Петербуржца в Индии: путешествие князя Салтыкова | Заметки о роли индийской диаспоры в пропаганде языка и литературы хинди | Сон Урмилы в современной индийской прозе
текст,текст,hidden,слишком общий источниковедческий маркер,110,64,46,Предание в тексте и предание в камне: сюжет просветления Будды на рельефе Большой Ступы в Санчи | Тело агхори как «живой текст»: визуальность и перформанс в производстве религиозного авторитета | Окна в иной мир: изобразительные тексты и линия жизни индийской художницы-парси Катаюн Саклат (1938- 2026): антропологический взгляд | Проблемы изучения традиционного индийского текста «Абхисамая-аланкара» (на тибетском языке)
буддизм,буддизм,public,предметный термин,95,58,37,"Наука абхидхармы в буддийской ментальной традиции средневековой Индии | Сесил Бендалл как публикатор буддийских письменных памятников | Начальный сюжет в житийной литературе раннего буддизма, его вариативность и смысловое наполнение | Формульное выражение yāvatī yānasya bhūmis в буддийских канонических текстах"
традиция,традиция,hidden,слишком общий дисциплинарный маркер,76,36,40,"«Местный колорит» в литературной традиции Ориссы | Традиция толкования упанишад: контекст, философское значение и интерпретация ключевой фразы «tat tvam asi» («Ты есть то») | Ведийский ритуал Праваргья (pravargya): текстовая традиция и ритуальная практика | Златоликие образы Дипанкары Будды и традиция проведения фестиваля Самьяк маха дана в Патане. Шишова-Маретина Ксения Александровна (Санкт-Петербург). Архетип опасной женственности в индуизме"
санскрит,санскрит,public,предметный термин,66,38,28,«Шри Рамананда-чаритам» Рамбхадрачарьи как образец современной санскритской махакавьи | Зачем в санскрите три прошедших времени? | Планиметрические модели тела человека в санскритских трактатах по искусству и в стенописи Аджанты | Микушевич как переводчик санскритской поэзии
язык,язык,public,предметный термин,61,37,24,Заметки о роли индийской диаспоры в пропаганде языка и литературы хинди | Южноандаманские языки: к вопросу о возможностях внешнего сравнения | Лексика языка куллуи: этимологии 2026 года | Пословицы и поговорки Индии и России как аспект межкультурной коммуникации (проектная деятельность на уроках языка хинди)
философия,философия,hidden,слишком общий дисциплинарный маркер,54,43,11,"Индийская философия в свете компаративного подхода Поля Массон-Урселя | Вклад Абхинавагупты в развитие шиваитской доктрины философского монизма в отличной от адвайта- веданты парадигме | Интерпретация идей Упанишад в философском наследии Р. Тагора: религиозная онтология | Особая священная игра» Гулабрао Махараджа как игровая модель индуистской сотериологии: космология, философия и бхакти"
история,история,hidden,слишком общий дисциплинарный маркер,50,31,19,Паришишты как исторический источник: проблемы датировки и классификации поздневедийской ритуальной литературы | К истории поступления индийских памятников в Эрмитаж: новые открытия | Миф о Потопе и тыкве у дравидийских племен: к вопросу об истории контактов дравидов и мунда | Исторические и историографические особенности монгольской летописи начала XVIII в.: Гомбоджаб. «Течение Ганга»
образ,образ,hidden,слишком общее аналитическое слово,49,32,17,"Средневековая фольклорная формула и литературное клише: образ, мотив | Златоликие образы Дипанкары Будды и традиция проведения фестиваля Самьяк маха дана в Патане. Шишова-Маретина Ксения Александровна (Санкт-Петербург). Архетип опасной женственности в индуизме | Образ вишаканья в художественной культуре древней и средневековой Индии | От демоницы к мстительнице: Переосмысление образа ведьмы в современном индийском кинематографе"
литература,литература,hidden,слишком общий дисциплинарный маркер,47,30,17,"Заметки о роли индийской диаспоры в пропаганде языка и литературы хинди | Салман Рушди и русская литература: тайный роман? | Средневековая фольклорная формула и литературное клише: образ, мотив | «Местный колорит» в литературной традиции Ориссы"
поэзия,поэзия,public,предметный термин,46,30,16,Образ времени в поэзии Бхартрихари | «Наука поэзии» (Кавьяшастра) в трудах ранних аланкариков | Микушевич как переводчик санскритской поэзии | Тема угона скота (veṭci) в древнетамильской поэзии и литературной теории
тибет,тибет,public,предметный термин,39,17,22,"Проблемы изучения традиционного индийского текста «Абхисамая-аланкара» (на тибетском языке) | Отношения между государством Корё и Тибетом в эпоху Юань (конец XIII – начало XIV вв.) | Трактат Марко Паллиса, предостерегающий Тибет о последствиях Кали-юги (об атрибутировании и содержании тибетского ксилографа из Архива музея Рерихов (Филиал Государственного музея Востока)) | Санскритский перевод одного тибетского текста"
тамильский,тамильский,public,предметный термин,35,20,15,О семантических переходах с участием терминов родства в старотамильском языке | Kaṇita Caturam 108: тамильский числовой квадрат из храма Натараджи в Чидамбараме | Список тамильских каст у Бартоломеуса Цигенбальга: книжная традиция vs историческая реальность | Коллекция тамильских рукописей М.С. Андреева из Индийского фонда ИВР РАН
перевод,перевод,public,предметный термин,32,19,13,Перевод в практике преподавания хинди в средней школе | Уроки Герхарда Оберхаммера. По следам перевода книги «Структуры йоговской медитации» | Анализ переводов М. Зощенко на хинди и на бенгали с помощью метрик readability | Проблемы реконструкции системы йоги Патанджали на основе переводов «корневого» текста «Йога-сутр» и толкования Бходжи («Rājamārtaṇḍa»)
ведийский,ведийский,public,предметный термин,31,24,7,"Ведийский ритуал Праваргья (pravargya): текстовая традиция и ритуальная практика | Ведийский гапакс batá- и частица bata / vata: семантика, контекст, этимология | Мантры в ведийских шраута-ритуалах. | Ведийское vrā́- «барышня» (?): Этимология, семантика, контекст."
древнеиндийский,древнеиндийский,hidden,слишком общий регионально-хронологический маркер,31,16,15,Имперфект в древнеиндийском эпосе | Новые древнеиндийские праформы на материале этимологий лексики языка куллуи | О понятиях «канон» и «классика» в контексте древнеиндийской литературы | Похищение и возвращение жён в древнеиндийском эпосе и параллели в древнегреческих сюжетах
средневековый,средневековый,hidden,слишком общий хронологический маркер,30,12,18,"Средневековая фольклорная формула и литературное клише: образ, мотив | Наука абхидхармы в буддийской ментальной традиции средневековой Индии | Образ вишаканья в художественной культуре древней и средневековой Индии | Роль персоязычных версий индийских текстов в формировании средневековой тюркоязычной литературы Южного Кавказа (на примере памятника «Калила и Димна»)"
источник,источник,hidden,слишком общий источниковедческий маркер,29,14,15,Паришишты как исторический источник: проблемы датировки и классификации поздневедийской ритуальной литературы | Индийские истоки и источники философствования Р. Тагора: «Садхана» как опыт объяснения Своего Другому | Чанпинская битва 260 г. до н.э.: когда встречаются источники и археология | Этнорелигиозная картина уйгуров по китайским источникам XIV-XIX вв
контекст,контекст,hidden,методическое слово без предметной привязки,29,20,9,"Традиция толкования упанишад: контекст, философское значение и интерпретация ключевой фразы «tat tvam asi» («Ты есть то») | Према Рамаяна и Шри Ситарама-чаритра-дарпана как примеры Рамаян XX века в контексте современной литературы на бходжпури и майтхили | Социально-политический контекст романов Даймонд Шамшера Рана | О понятиях «канон» и «классика» в контексте древнеиндийской литературы"
современный,современный,hidden,слишком общий хронологический маркер,29,24,5,«Шри Рамананда-чаритам» Рамбхадрачарьи как образец современной санскритской махакавьи | Сон Урмилы в современной индийской прозе | Према Рамаяна и Шри Ситарама-чаритра-дарпана как примеры Рамаян XX века в контексте современной литературы на бходжпури и майтхили | Что такое тантра? К вопросу об определении тантры/тантризма в современной тантрологии
ритуал,ритуал,public,предметный термин,28,16,12,Ведийский ритуал Праваргья (pravargya): текстовая традиция и ритуальная практика | Сикхи в диаспоре: ритуалы детства | Мадхупарка при жертвоприношениях сомы в ритуале Атитхьешти (ātithyeṣṭi) | Ритуал приема почетного гостя при жертвоприношениях сомы
будда,будда,public,предметный термин,27,14,13,Предание в тексте и предание в камне: сюжет просветления Будды на рельефе Большой Ступы в Санчи | Златоликие образы Дипанкары Будды и традиция проведения фестиваля Самьяк маха дана в Патане. Шишова-Маретина Ксения Александровна (Санкт-Петербург). Архетип опасной женственности в индуизме | Будда Дипанкара и традиция его почитания в Долине Катманду | Значение иконографии Будды Мучилинды в культуре и искусстве Кхмерской империи XII–XIII вв
древний,древний,hidden,слишком общий хронологический маркер,27,9,18,Образ вишаканья в художественной культуре древней и средневековой Индии | Выкуп невесты (śulka) в Древней Индии: шастрическая и эпическая традиции | Воссоздавая историю древней Индии: исследовательский опыт Раджендролала Митро | Феномен в jalacārin в архитектуре храмов Карнатаки древних и средних веков
сюжет,сюжет,hidden,слишком общее аналитическое слово,27,20,7,"Предание в тексте и предание в камне: сюжет просветления Будды на рельефе Большой Ступы в Санчи | Начальный сюжет в житийной литературе раннего буддизма, его вариативность и смысловое наполнение | Павакутху Кералы: артисты и основные сюжеты, мифо-ритуальные истоки исполнительских традиций | Бодхисаттва — стрелок из лука. Буддийский сюжет и его аналоги"
культура,культура,hidden,слишком общий дисциплинарный маркер,26,11,15,Образ вишаканья в художественной культуре древней и средневековой Индии | Значение иконографии Будды Мучилинды в культуре и искусстве Кхмерской империи XII–XIII вв | Этимология и семантика цветообозначения «черный» в культуре Китая | Этимология и семантика цветообозначения «красный» в китайской культуре
новый,новый,hidden,оценочное или служебное слово заголовка,26,20,6,К истории поступления индийских памятников в Эрмитаж: новые открытия | Возвращаясь к третьей книге Махабхараты: новый взгляд | Новые древнеиндийские праформы на материале этимологий лексики языка куллуи | Комментарии Б. Н. Пандита на «Шивасутры»: новый взгляд на коренной текст трики
юрий_рерих,юрий_рерих,public,предметный термин,26,0,26,"Вклад Ю.Н. Рериха в историю российских экспедиций в Центральную Азию. К 100-летию начала Центрально-Азиатской экспедиции Н.К. Рериха | Некоторые тхангка из коллекции Ю.Н. Рериха (Новые исследования) | Ю.Н. Рерих о происхождении монгольской письменности | О письмах Ю.Н. Рериха из коллекции Д. Тарчина (Колумбийский университет, Нью-Йорк, США)"
бенгальский,бенгальский,public,предметный термин,24,24,0,Анализ переводов М. Зощенко на хинди и на бенгали с помощью метрик readability | Бенгальский стихотворный размер пояр и его разновидности | Три системы бенгальского стихосложения | Образы тигра и рыбы в бенгальской фразеологии
религия,религия,hidden,слишком общий дисциплинарный маркер,24,16,8,"Интерпретация идей Упанишад в философском наследии Р. Тагора: религиозная онтология | Тело агхори как «живой текст»: визуальность и перформанс в производстве религиозного авторитета | Культ корзины у гондов, джайнская икона аягапатта и буддийский алтарь: еще раз о смене религиозной парадигмы в Древней Индии | Культ корзины в Древней Индии и смена религиозной парадигмы"
концепция,концепция,hidden,слишком общее аналитическое слово,23,15,8,"Арьядэва и Чандракирти о концепции anātma | Отражение концепции ""нисходящего времени"" (descending time) в Катха Упанишаде | Рождение концепции иконографии Шивы Натараджи в скульптуре пещерных храмов Южной Индии | Поздний Р.Тагор и «Бхагавадгита»: переосмысляя концепцию о долге"
миф,миф,public,предметный термин,23,20,3,"Миф о Потопе и тыкве у племен западной Индии | Яйцо, курица и Тримурти: миф о Шакти в фольклоре мадига | Миф о Потопе и тыкве у дравидийских племен: к вопросу об истории контактов дравидов и мунда | Бхеру-джи и мать Кали в деревенском Раджастхане: мифы, культ, фольклор"
коллекция,коллекция,public,предметный термин,22,13,9,"Об одном диафильме В. Чатопадаева из коллекции МАЭ РАН | Некоторые тхангка из коллекции Ю.Н. Рериха (Новые исследования) | О письмах Ю.Н. Рериха из коллекции Д. Тарчина (Колумбийский университет, Нью-Йорк, США) | Вспомнить все: ганджифа и забытая карточная игра «Сидаста» из коллекции А.М. и Л.А. Мервартов"
ранний,ранний,hidden,слишком общий хронологический маркер,22,13,9,"Начальный сюжет в житийной литературе раннего буддизма, его вариативность и смысловое наполнение | «Наука поэзии» (Кавьяшастра) в трудах ранних аланкариков | Исследования древнеиндийских текстов как ключевое направление в ранней японской буддологии | Формирование понятия пустоты в ранней махаяне"
традиционный,традиционный,hidden,слишком общий дисциплинарный маркер,22,17,5,"Проблемы изучения традиционного индийского текста «Абхисамая-аланкара» (на тибетском языке) | Проблемы интерпретации традиционного текста в произведениях индийских художников конца XIX – начала XX века | Из истории фиксации традиционного сказителя хобуксарких ойратов Аримпиля (1923–1994) | Традиционные индийские классификации: образцовые, удобные, проблематичные"
пали,пали,public,предметный термин,21,3,18,Яджня Ригведы и «другая яджня» палийского канона | Metta–Karaṇīya – Любовь как этический императив в раннебуддийской сотериологии на материале Метта сутты и Тевиджджа сутты Палийского канона | Анаттавада «палийского Будды» в её философских и сотериологических координатах | Палийская и санскритские версии сюжетов о самопожертвовании бодхисатвы-зайца
учение,учение,hidden,слишком общее аналитическое слово,21,19,2,Учение санкхьи в «Брихадараньяка-упанишаде» | «Наишкармья-сиддхи» (I. 52) Сурешвары как структура для реконструкции учения Шанкары об освобождении | Особенности толкования Нового Завета в учении Свами Вивекананды | Телеологический аргумент в пользу существования Бога в учении Свами Вивекананды
канон,канон,public,предметный термин,20,8,12,О понятиях «канон» и «классика» в контексте древнеиндийской литературы | Яджня Ригведы и «другая яджня» палийского канона | Metta–Karaṇīya – Любовь как этический императив в раннебуддийской сотериологии на материале Метта сутты и Тевиджджа сутты Палийского канона | Роль «Тируттондар тирувандади» Намби Андар Намби в формировании шиваитского канона
термин,термин,hidden,слишком общее аналитическое слово,20,13,7,О семантических переходах с участием терминов родства в старотамильском языке | К вопросу о переводе буддийского термина бодхи (菩提) на китайский язык | Трактовка панинийского термина savarṇa комментаторами парибхаш | Возможности понимания и написания термина «санскрит»
рамаяна,рамаяна,public,предметный термин,19,13,6,Сита и Агни в «Рамаяне» Вальмики | Према Рамаяна и Шри Ситарама-чаритра-дарпана как примеры Рамаян XX века в контексте современной литературы на бходжпури и майтхили | Сита и Агни в «Рамаяне» Вальмики | «Город победы» Рушди — ответ «Рамаяне» самого скандального автора 20 столетия
век,век,hidden,слишком общий хронологический маркер,18,15,3,Према Рамаяна и Шри Ситарама-чаритра-дарпана как примеры Рамаян XX века в контексте современной литературы на бходжпури и майтхили | Проблемы интерпретации традиционного текста в произведениях индийских художников конца XIX – начала XX века | Феномен в jalacārin в архитектуре храмов Карнатаки древних и средних веков | Буддийский Ренессанс в Южной Азии конец XIX – сер. XX века: история и перспективы
исток,исток,hidden,слишком общее слово заголовка,18,13,5,"Индийские истоки и источники философствования Р. Тагора: «Садхана» как опыт объяснения Своего Другому | Павакутху Кералы: артисты и основные сюжеты, мифо-ритуальные истоки исполнительских традиций | Суфизм в Индии: истоки и течения | «… Есть некая рыба, которая чюдовидна имать»: возможные истоки и неочевидные связи одного композитного существа индийской миниатюры"
культ,культ,public,предметный термин,18,7,11,"Бхеру-джи и мать Кали в деревенском Раджастхане: мифы, культ, фольклор | К проблеме происхождения варны кшатриев: культ воинской элиты в индоарийской традиции (по данным археологии и петроглифики) | Культ корзины у гондов, джайнская икона аягапатта и буддийский алтарь: еще раз о смене религиозной парадигмы в Древней Индии | Культ корзины в Древней Индии и смена религиозной парадигмы"
представление,представление,hidden,слишком общее аналитическое слово,18,11,7,"«Они из секты Пифагора»: представления об индуизме трех итальянских купцов второй половины XVI в. | Скрытое / явное: представления о знании у племенных народов Южной Карнатаки | Представления пуран о священном тексте как культовом предмете | Поэтическое представление о духовном и мирском благе в гимнах наянаров (сборник ""Деварам"")"
ритуальный,ритуальный,public,предметный термин,18,14,4,Паришишты как исторический источник: проблемы датировки и классификации поздневедийской ритуальной литературы | Структура ниданы из «Панчавимшатика-праджняпарамиты» в аспекте ритуальной практики | Ведийский ритуал Праваргья (pravargya): текстовая традиция и ритуальная практика | Ритуальные предметы и украшения в контексте обрядов жизненного цикла неваров
собрание,собрание,hidden,слишком общее слово заголовка,18,10,8,Миниатюры рагамала в отечественных собраниях | Тханки в собрании И. П. Минаева (МАЭ РАН) | Некоторые тангка из собрания Ю.Н. Рериха. Новые исследования | Две тханки из собрания И.П. Минаева (МАЭ РАН) и традиция странствующих рассказчиков (лама манипа) в Гималайском регионе
тантра,тантра,public,предметный термин,18,15,3,Тантрические парадигмы в игровых системах Востока: сравнительный анализ “Джняна чаупады” и “Салам намшак” сквозь призму индуистской и буддийской тантры | Что такое тантра? К вопросу об определении тантры/тантризма в современной тантрологии | Обряд панчамакара в каулических тантрах | Сотериологический ракурс «йогического суицида» (utkrānti) в традиционной индуистской йоге и тантре
практика,практика,hidden,слишком общее аналитическое слово,17,13,4,"Перевод в практике преподавания хинди в средней школе | Структура ниданы из «Панчавимшатика-праджняпарамиты» в аспекте ритуальной практики | Ведийский ритуал Праваргья (pravargya): текстовая традиция и ритуальная практика | Огонь, вода и память: погребальные практики сикхов в мультикультурной среде"
пураны,пураны,public,предметный термин,17,1,16,Представления пуран о священном тексте как культовом предмете | Обряды «жизненного цикла» скульптуры по материалам пуран | Представление о годе в концепции времени пуран | Особенности представлений о творении вселенной и ее истории в пуранах
два,два,hidden,числительное без предметной привязки,16,11,5,«Тень» Ситы и «призрак» Елены: две истории о похищенных жёнах | Дворец небесный и дворец земной: две схожие главы «Лалитавистары» и их функциональная роль в общей композиции текста | О двух родственных джатакаставах в «Лалитавистаре» и «Раштрапалапариприччха-сутре» | Две формы атомизма в буддизме
драма,драма,public,предметный термин,16,9,7,Драма как категория и жанр в древнеиндийской поэтике | Недосказанность/прерванность речи в классической санскритской драме | Некоторые структурные особенности пролога классической санскритской драмы» | Предварительные замечания к проблеме речевого сбоя в древнеиндийской теории драмы
махабхарат,Махабхарата,public,предметный термин,16,13,3,"Возвращаясь к третьей книге Махабхараты: новый взгляд | Гадание о суженом по зеркалу в «Махабхарате»: индоиранский и индоевропейский фон | ""Махабхарата"" как текст культурной памяти | Принципы построения верениц древнеиндийских имён в «Вишнусахасранаме» («Махабхарата» XII.135)"
трактат,трактат,public,предметный термин,16,6,10,Теория познания в мадхьямаке-сватантрике (по трактату Бхававивеки «Мадхьямака-хридая») | Идеи йогачары в трактате Асанги «Абхидхармасамуччая» (первая глава) | Планиметрические модели тела человека в санскритских трактатах по искусству и в стенописи Аджанты | Коммуникативный дискурс трактата «Таттвасанграха»
хинди,хинди,public,предметный термин,16,16,0,Заметки о роли индийской диаспоры в пропаганде языка и литературы хинди | Перевод в практике преподавания хинди в средней школе | Пословицы и поговорки Индии и России как аспект межкультурной коммуникации (проектная деятельность на уроках языка хинди) | Анализ переводов М. Зощенко на хинди и на бенгали с помощью метрик readability
этимология,этимология,public,предметный термин,16,9,7,"Kumāra: этимология и мифология | Лексика языка куллуи: этимологии 2026 года | Новые древнеиндийские праформы на материале этимологий лексики языка куллуи | Ведийский гапакс batá- и частица bata / vata: семантика, контекст, этимология"
индуистский,индуистский,public,предметный термин,15,14,1,"Особая священная игра» Гулабрао Махараджа как игровая модель индуистской сотериологии: космология, философия и бхакти | Тантрические парадигмы в игровых системах Востока: сравнительный анализ “Джняна чаупады” и “Салам намшак” сквозь призму индуистской и буддийской тантры | Кула и кауладхарма: центральная универсалия индуистского тантризма. | Сотериологический ракурс «йогического суицида» (utkrānti) в традиционной индуистской йоге и тантре"
китайский,китайский,public,предметный термин,15,4,11,"Этнорелигиозная картина уйгуров по китайским источникам XIV-XIX вв | К вопросу о переводе буддийского термина бодхи (菩提) на китайский язык | Этимология и семантика цветообозначения «красный» в китайской культуре | Происхождение китайского иероглифа 佛 «фо» (Будда, буддизм)"
классический,классический,hidden,слишком общий хронологический маркер,15,9,6,Лексикализация дезидератива в классическом санскрите | Недосказанность/прерванность речи в классической санскритской драме | Некоторые структурные особенности пролога классической санскритской драмы» | Феномен речевого сбоя как средство художественной выразительности в структуре классической санскритской драмы
культурный,культурный,hidden,слишком общий дисциплинарный маркер,15,10,5,"Исторические идеи просветительства Ахамади Дониша в культурном коде Таджикистана | ""Махабхарата"" как текст культурной памяти | Многообразие культурных традиций и влияний в средневековой Индии: от династий до социальных изменений | Скифский язык, топонимы Скифии и Центральной Азии, индоевропейские языки: культурные заимствования из Индии и культур древнего Понта Эвксинского"
первый,первый,hidden,числительное без предметной привязки,15,7,8,Идеи йогачары в трактате Асанги «Абхидхармасамуччая» (первая глава) | «Третий поворот колеса дхармы» и его первые брахманистские оппоненты | Несколько замечаний о введении и первой части «Тирумантирама» | Начало гирлянды. Первые известные серии миниатюр рагамала
понятие,понятие,hidden,слишком общее аналитическое слово,15,10,5,О понятиях «канон» и «классика» в контексте древнеиндийской литературы | О понятии «вкус» (rasa) в древнеиндийской традиции | Формирование понятия пустоты в ранней махаяне | Понятие религиозного инклюзивизма у П. Хакера
поэма,поэма,public,предметный термин,15,10,5,Восхождение Урмилы в поэме Майтхилишарана Гупты «Сакет» | Смысл и понимание войны в средневековой Южной Индии (поэма Джаянкондара «Парани о войне в Калинге») | Любовные и религиозные мотивы в средневековой тамильской поэме «Тирукковейар» Маниккавасахара | Эстетика комического в поэме «Kaliṅkattupparaṇi»
ригведа,ригведа,public,предметный термин,15,13,2,К интерпретации Ригведы: śiśnadevāḥ | Яджня Ригведы и «другая яджня» палийского канона | О терминологии ‘воды’ в космогонических гимнах Ригведы | Фоносемантическая структура ведийского текста (на примере гимна Ригведы I.7)
семантика,семантика,public,предметный термин,15,10,5,"Ведийский гапакс batá- и частица bata / vata: семантика, контекст, этимология | Этимология и семантика цветообозначения «черный» в культуре Китая | Средний залог в санскрите. К семантике категории | Этимология и семантика цветообозначения «красный» в китайской культуре"
абхинавагупта,абхинавагупта,public,предметный термин,14,7,7,Вклад Абхинавагупты в развитие шиваитской доктрины философского монизма в отличной от адвайта- веданты парадигме | Интерпретация теизма «Бхагавадгиты» Шанкарой и Абхинавагуптой (на материале их комментариев к «Бхагавадгите) | Монистический теизм (адвайта-ишваравада) Абхинавагупты в сопоставлении с ишваравадой адвайты Шанкары на материале их комментариев к «Бхагавадгите». | О предельном предмете в «Парамартхасаре» Абхинавагупты
бхакти,бхакти,public,предметный термин,14,6,8,"Особая священная игра» Гулабрао Махараджа как игровая модель индуистской сотериологии: космология, философия и бхакти | Проблема бхакти в «Ожерельи Величаний Шивы» — «Шивастотравали» (Śivastotrāvalī) Утпаладевы | Кришнаитские коды проповеди северо-индийского бхакти | Проявление чувств в лирике кришнаитского бхакти XVI в"
индуизм,индуизм,public,предметный термин,14,12,2,"«Они из секты Пифагора»: представления об индуизме трех итальянских купцов второй половины XVI в. | ""Башни с нишами"" в индуизме. Об одном типе храмовых шикхар в архитектуре Чалукьев | Златоликие образы Дипанкары Будды и традиция проведения фестиваля Самьяк маха дана в Патане. Шишова-Маретина Ксения Александровна (Санкт-Петербург). Архетип опасной женственности в индуизме | О роли змея (nāga) в вайшнавском культе раннего периода индуизма"
мир,мир,hidden,слишком общее слово заголовка,14,8,6,Окна в иной мир: изобразительные тексты и линия жизни индийской художницы-парси Катаюн Саклат (1938- 2026): антропологический взгляд | Небесные боги в картине мира буддийской агиографии: признаки эволюции («Лалитавистара») | Интерпретация эвтаназии в буддийской картине мира | Ṛddhi и священные следы прошлого: чудо в картине мира буддиста-паломника
мотив,мотив,public,предметный термин,14,9,5,"Средневековая фольклорная формула и литературное клише: образ, мотив | О не-волшебной помощнице в сказках парья: вариант фольклорного мотива | Мотивы «Сказания о Джаландхаре в «Падма-пуране» | Мотив царской процессии в жизнеописаниях Будды"
слово,слово,hidden,слишком общее слово заголовка,14,8,6,Синтез сложных слов tatpuruṣa и karmadhāraya в грамматике Панини | Инородные предметы в ушах Благословенного: к слову об одной редкой иконографической схеме в буддийском искусстве | Об этимологии слова «мангус» | Несколько этимологий арготических слов среднеазиатских цыган на фоне дискуссий последнего полувека об истории цыган
теория,теория,hidden,слишком общее аналитическое слово,14,9,5,Теория познания в мадхьямаке-сватантрике (по трактату Бхававивеки «Мадхьямака-хридая») | О теории просодии в «Натьяшастре» | Тема угона скота (veṭci) в древнетамильской поэзии и литературной теории | Учение о цвете Ксенократа Сикионского и теория цвето-культурной компетенции чхави Древней Индии
центральный,центральный,hidden,слишком общий географический маркер,14,5,9,"Описание Центральной Азии в «Хождении в пять индийских царств» | Вклад Ю.Н. Рериха в историю российских экспедиций в Центральную Азию. К 100-летию начала Центрально-Азиатской экспедиции Н.К. Рериха | Кула и кауладхарма: центральная универсалия индуистского тантризма. | Падаяни, мудиетту, тиятту: ритуальные исполнительские традиции центральной Кералы"
бог,бог,public,предметный термин,13,9,4,Небесные боги в картине мира буддийской агиографии: признаки эволюции («Лалитавистара») | Телеологический аргумент в пользу существования Бога в учении Свами Вивекананды | Проповедь Личного Безличного Бога в учении Свами Вивекананды | Кангдзей: «Подношения гневным божеcтвам»
васубандх,васубандх,public,предметный термин,13,10,3,"Анализ аморальных поступков в «Абхидхармакоше» Васубандху | Брахман в ""Абхидхармакошабхашье"" Васубандху | Великая галлюцинация сознания по «Вимшике» Васубандху | Проблемы атомизма по «Вимшике» Васубандху и «Аламбана-парикше» Дигнаги"
классификация,классификация,hidden,методическое слово без предметной привязки,13,8,5,"Паришишты как исторический источник: проблемы датировки и классификации поздневедийской ритуальной литературы | Индийские классификации: принципы различения поэтических украшений (аланкар) | Традиционные индийские классификации: образцовые, удобные, проблематичные | Этимологическая классификация лексики в индийской и европейской грамматической традиции на примере языка куллуи"
книга,книга,hidden,слишком общее слово заголовка,13,12,1,Уроки Герхарда Оберхаммера. По следам перевода книги «Структуры йоговской медитации» | Возвращаясь к третьей книге Махабхараты: новый взгляд | Как лучше представить западному читателю историю индийской философии: размышление по поводу книги В. Эльтшингера и И. Ратье «Что такое индийская философия?» | Переоценка различных методологических подходов по исследованию индийской философии: по следам книги В. Адлури и Д. Багчи «The Nay Science: A History of German Indology»
минаев,минаев,public,предметный термин,13,10,3,В.В. Верещагин и И.П. Минаев: русские путешественники в Гималаях | «Не одне грандиозныя прелести Гималаев»: итоги путешествия И. П. Минаева в Кумаон (1875) | Тханки в собрании И. П. Минаева (МАЭ РАН) | Две тханки из собрания И.П. Минаева (МАЭ РАН) и традиция странствующих рассказчиков (лама манипа) в Гималайском регионе
параллель,параллель,hidden,слишком общее сравнительное слово,13,6,7,"Похищение и возвращение жён в древнеиндийском эпосе и параллели в древнегреческих сюжетах | «Брахма-стути» из «Бхушунди Рамаяны»: текстология, смыслы, параллели | К авестийско-ведийским параллелям о собаке | Шива Саптасварамурти из Пареля. Иконография, интерпретации, параллели"
рерих,рерих,public,предметный термин,13,0,13,"Вклад Ю.Н. Рериха в историю российских экспедиций в Центральную Азию. К 100-летию начала Центрально-Азиатской экспедиции Н.К. Рериха | Трактат Марко Паллиса, предостерегающий Тибет о последствиях Кали-юги (об атрибутировании и содержании тибетского ксилографа из Архива музея Рерихов (Филиал Государственного музея Востока)) | Памятные даты – стимул к новым поискам: 150 лет со дня рождения Павла Риттера и 120 лет со дня рождения Юрия Рериха. (доклад онлайн) | Образы бодхисаттвы Авалокитешвары в коллекции Кабинета Рериха: Авалокитешвара – податель прозрения"
роман,роман,public,предметный термин,13,12,1,Салман Рушди и русская литература: тайный роман? | Социально-политический контекст романов Даймонд Шамшера Рана | Метафора воды как сюжетообразующий прием романа Абрахама Вергезе «Завет воды» | Новый роман Салмана Рушди «Кишот» и его индийская составляющая
храм,храм,public,предметный термин,13,4,9,Kaṇita Caturam 108: тамильский числовой квадрат из храма Натараджи в Чидамбараме | Рождение концепции иконографии Шивы Натараджи в скульптуре пещерных храмов Южной Индии | Эволюция архитектуры джайнских пещерных храмов Махараштры в контексте скального зодчества Индии | Джайнские пещерные храмы Махараштры в контексте развития скальной архитектуры Индии
жизнь,жизнь,public,предметный термин,12,9,3,Окна в иной мир: изобразительные тексты и линия жизни индийской художницы-парси Катаюн Саклат (1938- 2026): антропологический взгляд | «Жизнь Будды» Ашвагхоши и Серебряный век русской культуры | Жизнь и реалии Кумаона в народных песнях-ньоли | Ритуальная жизнь делийского даргаха
изображение,изображение,public,предметный термин,12,3,9,К идентификации тантрических изображений Ямантаки в монастыре Юнъань-сы 永安寺 провинции Шаньси 山西省 | Способы изображения животных в литературной санскритской джатаке | Фронтальное и трёхчетвертное изображение лица в западно-индийской миниатюре XII–XV вв | Первые известные изображения раг. Тексты и контекст
искусство,искусство,public,предметный термин,12,7,5,Инородные предметы в ушах Благословенного: к слову об одной редкой иконографической схеме в буддийском искусстве | Значение иконографии Будды Мучилинды в культуре и искусстве Кхмерской империи XII–XIII вв | Калмаки в литературе и искусстве могольской Индии | Планиметрические модели тела человека в санскритских трактатах по искусству и в стенописи Аджанты
комментарий,комментарий,public,предметный термин,12,7,5,Коннотативные особенности йогической лексики Виджнянабхикшу (на примере комментария к 1.1 «Pātañjalayogaśāstram») | Интерпретация теизма «Бхагавадгиты» Шанкарой и Абхинавагуптой (на материале их комментариев к «Бхагавадгите) | Комментарии Б. Н. Пандита на «Шивасутры»: новый взгляд на коренной текст трики | Prasādapratibhodbhava (Śatapañcāśatka) Матричеты: тохарский перевод и комментарий
надпись,надпись,public,предметный термин,12,5,7,Надписи на медных предметах протоиндийской письменностью | Надписи на колонне Гелиодора | Прагматика перечней в эпиграфическом тексте (к открытию надписей брахми III–II вв. до н.э. в Центральной Индии) | Концепция «марьяда» в непальских надписях
начало,начало,public,предметный термин,12,6,6,Проблемы интерпретации традиционного текста в произведениях индийских художников конца XIX – начала XX века | Отношения между государством Корё и Тибетом в эпоху Юань (конец XIII – начало XIV вв.) | Исторические и историографические особенности монгольской летописи начала XVIII в.: Гомбоджаб. «Течение Ганга» | Вклад Ю.Н. Рериха в историю российских экспедиций в Центральную Азию. К 100-летию начала Центрально-Азиатской экспедиции Н.К. Рериха
непал,непал,public,предметный термин,12,5,7,Почитание Индры в Непале: живая архаика | Роль представителя династии Тхакури (Тхакуджуджу) в ритуальной передаче власти в Непале | Путешествие И. П. Минаева в Непал: обстоятельства и результаты | Некоторые аспекты культа живой богини Кумари в Непале
обряд,обряд,public,предметный термин,12,7,5,Самбхары в обряде установления жертвенных огней (agnyādheya) | Обряд панчамакара в каулических тантрах | Ритуальные предметы и украшения в контексте обрядов жизненного цикла неваров | Обряды «жизненного цикла» скульптуры по материалам пуран
рукопись,рукопись,public,предметный термин,12,10,2,Фарс Шанкхадхары «Латакамелака» и ее рукопись из Библиотеки им. Кешара (Катманду) | Рецепция Маджджхима-никаи в рукописях Э. Гуссерля | Коллекция тамильских рукописей М.С. Андреева из Индийского фонда ИВР РАН | Индийское царство и индийские диковины в средневековых ирландских рукописях XV в. «Романа об Александре»
русский,русский,hidden,слишком общий регионально-языковой маркер,12,7,5,Салман Рушди и русская литература: тайный роман? | В.В. Верещагин и И.П. Минаев: русские путешественники в Гималаях | О возможности передачи санскритских стихотворных размеров в русских переводах | Россия и русские в произведениях Салмана Рушди
сказание,сказание,public,предметный термин,12,11,1,"«Сказание о Лиле» в «Йога- васиштхе» | От эпического предания до буддийского сказания и обратно: история Шьямы | Мотивы «Сказания о Джаландхаре в «Падма-пуране» | ""Нисхождение в образе рыбы"": сказание фольклорной традиции пастухов-голла"
сутра,сутра,public,предметный термин,12,6,6,Сюжет «обращения братьев Кашьяпов» в «Сутре о благом явлении царевича»: неожиданные повороты | Пример использования парибхаш при прочтении сутр Панини | Мантра и сутра как форма построения ведийских текстов | Обращение к буддийским сутрам «неясного» происхождения при императорском дворе в Японии в VIII в
театр,театр,public,предметный термин,12,11,1,"Пенпавакутху: новая форма театра плоских фигур Кералы | Кукольный театр Западной Бенгалии | ""Бхагавата мела натакам"": театр и ритуал в деревне Мелаттур (Тамилнад) | Искусство протеста. Политический театр в Индии: истоки и развитие"
формирование,формирование,public,предметный термин,12,8,4,Роль персоязычных версий индийских текстов в формировании средневековой тюркоязычной литературы Южного Кавказа (на примере памятника «Калила и Димна») | Формирование понятия пустоты в ранней махаяне | Вклад Ю.Н. Рериха в формирование «транскультурного пространства» Калимпонга (1950-е гг. ХХ в.) | Роль «Тируттондар тирувандади» Намби Андар Намби в формировании шиваитского канона
школа,школа,public,предметный термин,12,7,5,Перевод в практике преподавания хинди в средней школе | Роль и значение школы крама в структуре философии кашмирского шиваизма | Роль языка в познании абсолютного согласно школе Гелук | «Возрожденные» ведийские ритуалы: яджна на Асси гхат и в школе девочек «Панини Канья Махавидьялая» в Варанаси
эпос,эпос,public,предметный термин,12,9,3,Имперфект в древнеиндийском эпосе | Похищение и возвращение жён в древнеиндийском эпосе и параллели в древнегреческих сюжетах | Политик читает и пересказывает эпос. «Рамаяна» и «Махабхарата» в переложении Чакраварти Раджагопалачари | Неопознанные индоевропейские мотивы в санскритском эпосе
азия,азия,public,предметный термин,11,3,8,"Описание Центральной Азии в «Хождении в пять индийских царств» | Вклад Ю.Н. Рериха в историю российских экспедиций в Центральную Азию. К 100-летию начала Центрально-Азиатской экспедиции Н.К. Рериха | Буддийский Ренессанс в Южной Азии конец XIX – сер. XX века: история и перспективы | Скифский язык, топонимы Скифии и Центральной Азии, индоевропейские языки: культурные заимствования из Индии и культур древнего Понта Эвксинского"
время,время,public,предметный термин,11,5,6,"Отражение концепции ""нисходящего времени"" (descending time) в Катха Упанишаде | Зачем в санскрите три прошедших времени? | Образ времени в поэзии Бхартрихари | Представление о годе в концепции времени пуран"
кашмирский,кашмирский,public,предметный термин,11,6,5,Роль и значение школы крама в структуре философии кашмирского шиваизма | Проблема зла и концепция лилавады в кашмирском шиваизме | Европейская феноменология и буддизм в свете спора представителей кашмирской школы Пратьябхиджня с буддистами | Социально-философские концепции Калачакратантры с некоторыми параллелями в Кашмирском Шиваизме
лалитавистара,лалитавистара,public,предметный термин,11,7,4,Небесные боги в картине мира буддийской агиографии: признаки эволюции («Лалитавистара») | Дворец небесный и дворец земной: две схожие главы «Лалитавистары» и их функциональная роль в общей композиции текста | Чайтья в трех версиях «Лалитавистары»: взаимодействие текста и паломнической традиции | Стилистика Амаравати и поэтика «Лалитавистары»
описание,описание,public,предметный термин,11,5,6,Описание Центральной Азии в «Хождении в пять индийских царств» | Бодхисаттва в образе пишачи: следы комической традиции в описании аскезы Гаутамы | О методах описания санскритских классических стихотворных размеров | Стиль кавья в двух описаниях спящего гарема – в «Рамаяне» и в «Жизни Будды» Ашвагхоши
поэтический,поэтический,public,предметный термин,11,5,6,"Поэтическое представление о духовном и мирском благе в гимнах наянаров (сборник ""Деварам"") | Индийские классификации: принципы различения поэтических украшений (аланкар) | Тема леса в поэтических антологиях Бхартрихари и Видьякары | Визуальная поэзия или поэтический рисунок Рабиндраната Тагора: традиция каллиграфии и фигуры-лампы"
речь,речь,public,предметный термин,11,7,4,"Вьякарана: не наука о языке, а методология синтеза речи (философский подход) | Недосказанность/прерванность речи в классической санскритской драме | Народно-разговорная речь и приемы ее стилизации в поэзии североиндийского бхакти | Речь во сне и грезы наяву в классической санскритской драме"
система,система,public,предметный термин,11,8,3,Тантрические парадигмы в игровых системах Востока: сравнительный анализ “Джняна чаупады” и “Салам намшак” сквозь призму индуистской и буддийской тантры | Проблемы реконструкции системы йоги Патанджали на основе переводов «корневого» текста «Йога-сутр» и толкования Бходжи («Rājamārtaṇḍa») | Парадигмальное мышление брахманов. Связь философских универсалий и варно-кастовой системы в Индии | Три системы бенгальского стихосложения
стиль,стиль,public,предметный термин,11,8,3,"Скульптура Нритья Шивы из храма Мандапешвара в Мумбаи. Стиль, иконография, аналогии | К анализу устройства «Шрибхашья» Рамануджи: содержание, композиция, стиль | Sattriya Ассама: о преобразовании ритуального представления бхакатов в еще один «классический танцевальный стиль» Индии | «Бхрамара-гита» Сурдаса: к характеристике стиля"
тагор,тагор,public,предметный термин,11,9,2,Интерпретация идей Упанишад в философском наследии Р. Тагора: религиозная онтология | Индийские истоки и источники философствования Р. Тагора: «Садхана» как опыт объяснения Своего Другому | Поздний Р.Тагор и «Бхагавадгита»: переосмысляя концепцию о долге | Понимание истории Индии в социальной философии Рабиндраната Тагора
шива,шива,public,предметный термин,11,6,5,"Рождение концепции иконографии Шивы Натараджи в скульптуре пещерных храмов Южной Индии | Проблема бхакти в «Ожерельи Величаний Шивы» — «Шивастотравали» (Śivastotrāvalī) Утпаладевы | Образ Деви с младенцем Шивой в контексте развития иконографии Богини-Матери в скульптуре Бенгалии | Скульптура Нритья Шивы из храма Мандапешвара в Мумбаи. Стиль, иконография, аналогии"
эпический,эпический,public,предметный термин,11,6,5,Эпическая санкхья в беседе царя Джанаки и отшельницы Сулабхи (МБХ 12.308) | Выкуп невесты (śulka) в Древней Индии: шастрическая и эпическая традиции | От эпического предания до буддийского сказания и обратно: история Шьямы | Опыт передачи эпической шлоки в русской переводческой традиции
версия,версия,public,предметный термин,10,7,3,Роль персоязычных версий индийских текстов в формировании средневековой тюркоязычной литературы Южного Кавказа (на примере памятника «Калила и Димна») | Чайтья в трех версиях «Лалитавистары»: взаимодействие текста и паломнической традиции | Палийская и санскритские версии сюжетов о самопожертвовании бодхисатвы-зайца | Еще раз о буквальном переводе третьей версии «Калачакра-тантры» Буддийского канона
восприятие,восприятие,public,предметный термин,10,6,4,Четыре вида непосредственного восприятия в «Капле логики» Дхармакирти | Критика целей дефиниций (лакшана) в «Кхандана-кханда-кхадья» Шри Харши (на примере дефиниции восприятия) | Почему Дигнага называет определение восприятия Васубандху асара (лишенным сути)? Медленное чтение «Прамана-самуччая-вритти» ( | «Апофатический» подход в буддийской теории восприятия
глава,глава,public,предметный термин,10,7,3,"Идеи йогачары в трактате Асанги «Абхидхармасамуччая» (первая глава) | Дворец небесный и дворец земной: две схожие главы «Лалитавистары» и их функциональная роль в общей композиции текста | Зеркало, конец иллюзии. Или как удовлетворить тайно влюбленную, касающуюся кувшинами грудей отражения возлюбленного. Учение об отражении в 3-й главе «Тантра-алоки» Абхинавагупты | Содержание первой главы Шрикалачакра-тантры согласно ее комментарию"
западный,западный,public,предметный термин,10,6,4,Миф о Потопе и тыкве у племен западной Индии | Как лучше представить западному читателю историю индийской философии: размышление по поводу книги В. Эльтшингера и И. Ратье «Что такое индийская философия?» | Новый поворот традиции шраута: Сагничит Трисахасра Атиратра Сомаяга 2024 в Западной Бенгалии | Кукольный театр Западной Бенгалии
знание,знание,public,предметный термин,10,8,2,Скрытое / явное: представления о знании у племенных народов Южной Карнатаки | Сравнительный анализ космологических представлений на полях вишнуитской и джайнской «джняна чаупады» (игры знания) XVIII — XIX вв | «Индийская „игра знания“: один эпизод культурного трансфера» | Антропоморфная образность «игры знания»: телесная метафора и метафора путешествия
иконография,иконография,public,предметный термин,10,6,4,"Рождение концепции иконографии Шивы Натараджи в скульптуре пещерных храмов Южной Индии | Значение иконографии Будды Мучилинды в культуре и искусстве Кхмерской империи XII–XIII вв | Образ Деви с младенцем Шивой в контексте развития иконографии Богини-Матери в скульптуре Бенгалии | Скульптура Нритья Шивы из храма Мандапешвара в Мумбаи. Стиль, иконография, аналогии"
неварский,неварский,public,предметный термин,10,9,1,Ритуальный комплекс родильных обрядов в неварском буддизме | Ритуальный комплекс похоронных обрядов в неварском буддизме | «Давай поженимся»: Свадебные ритуалы в неварском буддизме | Ритуалы божественной старости в неварском буддизме
непальский,непальский,public,предметный термин,10,7,3,Непальский вариант Гаруды | Непальский Маччхендранатх: ритуально-мифологический контекст | Непальский монастырь Копан: встреча Востока и Запада | Иконография и функции непальских дхара/хити
панини,панини,public,предметный термин,10,10,0,Синтез сложных слов tatpuruṣa и karmadhāraya в грамматике Панини | Синтез глагольной словоформы в грамматике Панини | Правило lopa в грамматике Панини | Конструкция odanam pacyate и ее анализ в традиции Панини
понимание,понимание,public,предметный термин,10,7,3,К пониманию бхаваны в пурва-мимансе | Смысл и понимание войны в средневековой Южной Индии (поэма Джаянкондара «Парани о войне в Калинге») | Понимание истории Индии в социальной философии Рабиндраната Тагора | Проблемы понимания санскритской метрики
прием,прием,public,предметный термин,10,6,4,Метафора воды как сюжетообразующий прием романа Абрахама Вергезе «Завет воды» | Ритуал приема почетного гостя при жертвоприношениях сомы | Приемы композиции групп текстов в палийской «Типитаке» | Народно-разговорная речь и приемы ее стилизации в поэзии североиндийского бхакти
происхождение,происхождение,public,предметный термин,10,5,5,"К проблеме происхождения варны кшатриев: культ воинской элиты в индоарийской традиции (по данным археологии и петроглифики) | Ю.Н. Рерих о происхождении монгольской письменности | Происхождение китайского иероглифа 佛 «фо» (Будда, буддизм) | Обращение к буддийским сутрам «неясного» происхождения при императорском дворе в Японии в VIII в"
реконструкция,реконструкция,public,предметный термин,10,7,3,«Наишкармья-сиддхи» (I. 52) Сурешвары как структура для реконструкции учения Шанкары об освобождении | Проблемы реконструкции системы йоги Патанджали на основе переводов «корневого» текста «Йога-сутр» и толкования Бходжи («Rājamārtaṇḍa») | «Моя мать и твоя мать – какая родня?» Об обозначениях братьев и сестер и возможностях прадравидийской реконструкции | К реконструкции языковых контактов в области Шангшунг в дотибетскую эпоху
священный,священный,public,предметный термин,10,5,5,"Особая священная игра» Гулабрао Махараджа как игровая модель индуистской сотериологии: космология, философия и бхакти | Священные огни в шраута-ритуалах | Представления пуран о священном тексте как культовом предмете | Священные зороастрийские тексты и переписка парсийских жрецов с зороастрийскими жрецами Ирана"
терминология,терминология,public,предметный термин,10,9,1,О терминологии ‘воды’ в космогонических гимнах Ригведы | Полисемия в области терминологии родства – дравидийские и индоарийские языки | Опыт построения словаря-тезауруса древнеиндийской лингвистической терминологии (на материале грамматики Панини) | Техническая терминология тантрийской йоги в «Виджняна Бхайрава тантре»
бенгалия,бенгалия,public,предметный термин,9,7,2,Голод в Бенгалии 1943 года и его отражение в творчестве индийских художников | Образ Деви с младенцем Шивой в контексте развития иконографии Богини-Матери в скульптуре Бенгалии | Новый поворот традиции шраута: Сагничит Трисахасра Атиратра Сомаяга 2024 в Западной Бенгалии | Кукольный театр Западной Бенгалии
богиня,богиня,public,предметный термин,9,7,2,Преображение богини Кали: точка зрения «Маханирвана-тантры» | Миф о Гхоре и Богине в Йогини-тантре | Богиня с гхантой и гхатом. Дурга (?) в иконографической программе буддийского храма Аурангабада | Некоторые аспекты культа живой богини Кумари в Непале
бхартрихари,бхартрихари,public,предметный термин,9,7,2,Образ времени в поэзии Бхартрихари | Был ли Бхартрихари сторонником шабда-адвайты? | Тема леса в поэтических антологиях Бхартрихари и Видьякары | Enjambement в поэзии Бхартрихари
веданта,веданта,public,предметный термин,9,9,0,Вклад Абхинавагупты в развитие шиваитской доктрины философского монизма в отличной от адвайта- веданты парадигме | Истоки учения о Шри в вишишта-адвайта веданте | О философской и религиозной значимости некоторых текстов Веданта Дешики | Философское учение Веданта Дешики в системе вишишта-адвайта-веданты
жанр,жанр,public,предметный термин,9,6,3,Драма как категория и жанр в древнеиндийской поэтике | Жанр послания в религиозной поэзии | Бхаджаны-проповеди Миры Баи: к вопросу о стилистике жанра | Особенности жанра парибхаша на примере сутр Апастамбы
игра,игра,public,предметный термин,9,6,3,"Особая священная игра» Гулабрао Махараджа как игровая модель индуистской сотериологии: космология, философия и бхакти | Сравнительный анализ космологических представлений на полях вишнуитской и джайнской «джняна чаупады» (игры знания) XVIII — XIX вв | Вспомнить все: ганджифа и забытая карточная игра «Сидаста» из коллекции А.М. и Л.А. Мервартов | О манерах театральной игры: категория вритти в «Натьяшастре»"
идея,идея,public,предметный термин,9,5,4,Интерпретация идей Упанишад в философском наследии Р. Тагора: религиозная онтология | Идеи йогачары в трактате Асанги «Абхидхармасамуччая» (первая глава) | Исторические идеи просветительства Ахамади Дониша в культурном коде Таджикистана | Отражение монгольских имперских идей в средневековых вьетнамских источниках
индоевропейский,индоевропейский,public,предметный термин,9,8,1,"Гадание о суженом по зеркалу в «Махабхарате»: индоиранский и индоевропейский фон | Неопознанные индоевропейские мотивы в санскритском эпосе | Скифский язык, топонимы Скифии и Центральной Азии, индоевропейские языки: культурные заимствования из Индии и культур древнего Понта Эвксинского | От демонической к человеческой сексуальности? Индо-иранский миф о первобытном инцесте Ями и Ямы и его индоевропейские корни"
композиция,композиция,public,предметный термин,9,7,2,"Дворец небесный и дворец земной: две схожие главы «Лалитавистары» и их функциональная роль в общей композиции текста | К анализу устройства «Шрибхашья» Рамануджи: содержание, композиция, стиль | Композиция «Апастамба-шраутасутры»: базовые ритуалы (prakṛti) и их модификации (vikṛti) | Приемы композиции групп текстов в палийской «Типитаке»"
лексика,лексика,public,предметный термин,9,7,2,Лексика языка куллуи: этимологии 2026 года | Коннотативные особенности йогической лексики Виджнянабхикшу (на примере комментария к 1.1 «Pātañjalayogaśāstram») | Новые древнеиндийские праформы на материале этимологий лексики языка куллуи | Новые индоарийские этимологии лексики языка куллуи
маэ_ран,маэ_ран,public,предметный термин,9,7,2,Об одном диафильме В. Чатопадаева из коллекции МАЭ РАН | Г*. (Санкт-Петербург). Семья Рудневых как собиратели коллекций для МАЭ РАН | Д. Д. Руднев как радетель пополнения коллекций МАЭ РАН | Тханки в собрании И. П. Минаева (МАЭ РАН)
народный,народный,public,предметный термин,9,8,1,"Жизнь и реалии Кумаона в народных песнях-ньоли | Народные песни о Хардоле, принце Орччхи | «Народная веданта» в произведениях Шричандры (XVI в.) | Катхпутли: народные марионетки Раджастхана"
наука,наука,public,предметный термин,9,4,5,"Прамана-вада «Таттва-сандарбхи» Дживы Госвами в оптике неклассической эпистемологии науки | Наука абхидхармы в буддийской ментальной традиции средневековой Индии | «Наука поэзии» (Кавьяшастра) в трудах ранних аланкариков | Вьякарана: не наука о языке, а методология синтеза речи (философский подход)"
развитие,развитие,public,предметный термин,9,7,2,Вклад Абхинавагупты в развитие шиваитской доктрины философского монизма в отличной от адвайта- веданты парадигме | Образ Деви с младенцем Шивой в контексте развития иконографии Богини-Матери в скульптуре Бенгалии | Джайнские пещерные храмы Махараштры в контексте развития скальной архитектуры Индии | Этапы развития тамильского языкового пуризма
сознание,сознание,public,предметный термин,9,7,2,"Индийская философия сознания через призму цивилизационной демаркации «Восток-Запад» | Проблема сознания в философии адвайта-веданты Сурешвары. | Великая галлюцинация сознания по «Вимшике» Васубандху | Источники сознания, компоненты познавательного акта и учение о трех мирах в Абхидхарма-самуччае Асанги"
тантрический,тантрический,public,предметный термин,9,6,3,Тантрические парадигмы в игровых системах Востока: сравнительный анализ “Джняна чаупады” и “Салам намшак” сквозь призму индуистской и буддийской тантры | К идентификации тантрических изображений Ямантаки в монастыре Юнъань-сы 永安寺 провинции Шаньси 山西省 | Особенности тантрического аскетизма | Рецепция тантрического текста в совеременной культуре: случай Аллена Гинзберга
творчество,творчество,public,предметный термин,9,8,1,Голод в Бенгалии 1943 года и его отражение в творчестве индийских художников | Ведийский санскрит и индийская философия в творчестве композитора А. Н. Скрябина | Санскрит и индийская философия в творчестве композитора А.Н. Скрябина | Как Кришна с Горакхой силой мерялись: Столкновение разных мистических течений в творчестве Малика Мухаммада Джаяси
три,три,public,предметный термин,9,7,2,«Они из секты Пифагора»: представления об индуизме трех итальянских купцов второй половины XVI в. | Зачем в санскрите три прошедших времени? | Три системы бенгальского стихосложения | Чайтья в трех версиях «Лалитавистары»: взаимодействие текста и паломнической традиции
форма,форма,hidden,методическое слово без предметной привязки,9,7,2,Пенпавакутху: новая форма театра плоских фигур Кералы | Многообразие форм Шивы на примере коллекции Государственного музея истории религии | Две формы атомизма в буддизме | Поэтические формы средневекового тамильского бхакти
царь,царь,public,предметный термин,9,8,1,"Эпическая санкхья в беседе царя Джанаки и отшельницы Сулабхи (МБХ 12.308) | О гимне Авалокитешваре, приписываемом тибетскому царю Сонгцэн-гампо | Текст по культу Ваджрапани и восьми царей нагов в свитке XIII века Дх-178 из собрания ИВР РАН | «Юные» в окружении царя Раджасинхи II—го (XVII век, Шри Ланка)"
человек,человек,public,предметный термин,9,6,3,"Планиметрические модели тела человека в санскритских трактатах по искусству и в стенописи Аджанты | «Религия Человека»: свобода и традиция в философствовании Рабиндраната Тагора | Человек и судьба (в пословицах хинди) | «Песни якшей», игры людей: о социальных, культурных и художественных особенностях якшаганы Карнатаки В программе возможны изменения и дополнения"
что,что,public,предметный термин,9,6,3,Чему и как учит Панчатантра | Что такое тантра? К вопросу об определении тантры/тантризма в современной тантрологии | Как лучше представить западному читателю историю индийской философии: размышление по поводу книги В. Эльтшингера и И. Ратье «Что такое индийская философия?» | Что отличает индийскую эпистемическую культуру от западной?
шиваизм,шиваизм,public,предметный термин,9,5,4,Роль и значение школы крама в структуре философии кашмирского шиваизма | Проблема зла и концепция лилавады в кашмирском шиваизме | Социально-философские концепции Калачакратантры с некоторыми параллелями в Кашмирском Шиваизме | Психология Бога в кашмирском шиваизме и у Якоба Беме
южная_индия,Южная Индия,public,предметный термин,9,6,3,Рождение концепции иконографии Шивы Натараджи в скульптуре пещерных храмов Южной Индии | Смысл и понимание войны в средневековой Южной Индии (поэма Джаянкондара «Парани о войне в Калинге») | Эволюция струнного музыкального инструмента вины на материале скульптуры пещерных храмов южной Индии (I–X вв.) | Музыкальные колонны Южной Индии
южный,южный,public,предметный термин,9,8,1,"Скрытое / явное: представления о знании у племенных народов Южной Карнатаки | Роль персоязычных версий индийских текстов в формировании средневековой тюркоязычной литературы Южного Кавказа (на примере памятника «Калила и Димна») | Буддийский Ренессанс в Южной Азии конец XIX – сер. XX века: история и перспективы | Ранние священные тексты на соранг-сомпенг как ключ к истории создания культа «Матар Баном» у племени сора (южные мунда, Орисса)"
взгляд,взгляд,public,предметный термин,8,7,1,Окна в иной мир: изобразительные тексты и линия жизни индийской художницы-парси Катаюн Саклат (1938- 2026): антропологический взгляд | Возвращаясь к третьей книге Махабхараты: новый взгляд | Комментарии Б. Н. Пандита на «Шивасутры»: новый взгляд на коренной текст трики | Женщины и сатьяграха: взгляд М. К. Ганди
вишну,вишну,public,предметный термин,8,7,1,"В защиту Вишну Шипивишты: «Аз есьм Шипивишта!» (РВ 7.100.6) | Рассказы для детей об аватарах Вишну | Концепция аватар Вишну в поэме Магхи «Шишупалавадха» | Садханы Харихарихаривахана-Авалокитешвары (Авалокитешвары, восседающего на Вишну, гаруде и льве) из тибетского буддийского канона C"
возможный,возможный,public,предметный термин,8,6,2,"«… Есть некая рыба, которая чюдовидна имать»: возможные истоки и неочевидные связи одного композитного существа индийской миниатюры | Традиция «Лалитавистары»: возможные истоки | Сюжет встречи с Дипанкарой: функциональная роль в текстовой традиции и возможные генетические связи | «Песни якшей», игры людей: о социальных, культурных и художественных особенностях якшаганы Карнатаки В программе возможны изменения и дополнения"
возрождение,возрождение,public,предметный термин,8,7,1,"Найти нормативную этику в традиционных текстах: сверхзадача и её решение мыслителями Бенгальского Возрождения. | Анкхья-нат: обряд и драма средневекового Ассама, и их возрождение сегодня | Морализаторство как феномен мысли и культуры Бенгальского Возрождения | «Открытие Индии» сквозь призму традиционного текста: опыт мыслителей Бенгальского Возрождения"
гимн,гимн,public,предметный термин,8,8,0,"Поэтическое представление о духовном и мирском благе в гимнах наянаров (сборник ""Деварам"") | О терминологии ‘воды’ в космогонических гимнах Ригведы | Фоносемантическая структура ведийского текста (на примере гимна Ригведы I.7) | О джатакаставе как разновидности буддийского гимна"
грамматика,грамматика,public,предметный термин,8,7,1,Синтез сложных слов tatpuruṣa и karmadhāraya в грамматике Панини | Синтез глагольной словоформы в грамматике Панини | Правило lopa в грамматике Панини | Опыт построения словаря-тезауруса древнеиндийской лингвистической терминологии (на материале грамматики Панини)
джайнский,джайнский,public,предметный термин,8,2,6,"Эволюция архитектуры джайнских пещерных храмов Махараштры в контексте скального зодчества Индии | Сравнительный анализ космологических представлений на полях вишнуитской и джайнской «джняна чаупады» (игры знания) XVIII — XIX вв | Джайнские пещерные храмы Махараштры в контексте развития скальной архитектуры Индии | Культ корзины у гондов, джайнская икона аягапатта и буддийский алтарь: еще раз о смене религиозной парадигмы в Древней Индии"
джатака,джатака,public,предметный термин,8,3,5,О сюжетах по джатаке Махаджанака в сингальской коллекции МАЭ | Мотивный анализ сюжета «Джатаки о павлине» Харибхатты (IV–V вв. н.э.) | Способы изображения животных в литературной санскритской джатаке | Сюжетные схемы санскритских джатак Харибхатты (IV–V в.)
европейский,европейский,public,предметный термин,8,5,3,"Журнал “Stepping stones” – гималайская культура, буддизм и философия перенниализма сквозь призму взглядов европейских исследователей | Фольклор европейских рома (цыган) и мифы индийских племен | Этимологическая классификация лексики в индийской и европейской грамматической традиции на примере языка куллуи | Санскритские очки европейской лингвистики XIX века"
ланка,ланка,public,предметный термин,8,8,0,"Ведды в современном укладе жизни Шри Ланки | У сингальских мастеров по дереву (Шри Ланка, осень 2014 г.) | Духи умерших в представлениях и обрядовой жизни веддов Шри Ланки | В деревне Ампития (Шри Ланка) через 100 лет после Людмилы Мерварт"
натьяшастр,натьяшастр,public,предметный термин,8,4,4,О теории просодии в «Натьяшастре» | Тригата в «Натьяшастре»: религиозное и символическое значение | О манерах театральной игры: категория вритти в «Натьяшастре» | Mārganātyam. Театральная практика и теория «Натьяшастры» сегодня
предмет,предмет,public,предметный термин,8,6,2,"Инородные предметы в ушах Благословенного: к слову об одной редкой иконографической схеме в буддийском искусстве | Представления пуран о священном тексте как культовом предмете | Абхисамаяланкара как предмет буддийского образования | Литература хинди как предмет школьной программы в Индии: история куррикулума, ценности и цели обучения"
принцип,принцип,public,предметный термин,8,3,5,Индийские классификации: принципы различения поэтических украшений (аланкар) | Принципы построения верениц древнеиндийских имён в «Вишнусахасранаме» («Махабхарата» XII.135) | Тибетский принцип чой-йон и его значение для тибето-цинских отношений | Становление культа Рудры-Шивы по древнеиндийским священным текстам традиции шрути: от мифологемы к философскому принципу
пространство,пространство,public,предметный термин,8,1,7,Представления о времени и пространстве в «Прета-канде» «Гаруда-пураны» | Вклад Ю.Н. Рериха в формирование «транскультурного пространства» Калимпонга (1950-е гг. ХХ в.) | Символы в обозначении пространства и чисел и их истолкование (по текстам вастувидьи из пуран) | Сакральная защита пространства долины Катманду
сакральный,сакральный,public,предметный термин,8,2,6,Танец суфийских дервишейволчков ритуала «сама» и сакральный «танец вихря» (fr. dance vertige) «Мистерии» А.Н. Скрябина | Сравнительный анализ образов сакрального в тамильских храмовых мифах и в сказах П. П. Бажова | Сюжет о Будде в ранних буддийских сакральных текстах | Сакральная география Бодхгаи и текстовая традиция
символика,символика,public,предметный термин,8,4,4,О нарративной символике бронзовой фигурки танцующего Бала-Кришны | Тальварная рукоять и ее символика | Дидактика и символика в тибетской литературе (на примере «Песни о роге яка» из собрания «сто тысяч песен Миларепы») | К вопросу о символике горы Мэру
танец,танец,public,предметный термин,8,6,2,"Танец суфийских дервишейволчков ритуала «сама» и сакральный «танец вихря» (fr. dance vertige) «Мистерии» А.Н. Скрябина | Танцы с сосудами и вокруг. Гарба Гуджарата и сходные обряды и представления Южной Азии | Мифология танца и образ Индры в джайнизме | Манипури и Манипур: о танцах, искусстве и политике"
фольклор,фольклор,public,предметный термин,8,8,0,"Яйцо, курица и Тримурти: миф о Шакти в фольклоре мадига | Внешние и внутренние связи индийского фольклора по данным каталога Ю.Е. Березкина и Е.Н. Дувакина | Бхеру-джи и мать Кали в деревенском Раджастхане: мифы, культ, фольклор | Фольклор европейских рома (цыган) и мифы индийских племен"
шанкара,шанкара,public,предметный термин,8,8,0,«Наишкармья-сиддхи» (I. 52) Сурешвары как структура для реконструкции учения Шанкары об освобождении | Интерпретация теизма «Бхагавадгиты» Шанкарой и Абхинавагуптой (на материале их комментариев к «Бхагавадгите) | Монистический теизм (адвайта-ишваравада) Абхинавагупты в сопоставлении с ишваравадой адвайты Шанкары на материале их комментариев к «Бхагавадгите». | Проблема интерпретации действия в комментарии Шанкары на Бхагавадгиту
архитектура,архитектура,public,предметный термин,7,4,3,"""Башни с нишами"" в индуизме. Об одном типе храмовых шикхар в архитектуре Чалукьев | Эволюция архитектуры джайнских пещерных храмов Махараштры в контексте скального зодчества Индии | Джайнские пещерные храмы Махараштры в контексте развития скальной архитектуры Индии | Феномен в jalacārin в архитектуре храмов Карнатаки древних и средних веков"
божество,божество,public,предметный термин,7,4,3,Очеловечивание божеств в пьесе Ватсараджи «Самудраматхана» (XII вв.) | Божества и образы триграмм китайской «Книги Перемен» на свитке из коллекции Рерихов в Государственном Музее Востока | Брак с божеством как форма медиации в неварском обществе | Индийские божества судьбы и их индоевропейские параллели
бхагавадгита,бхагавадгита,public,предметный термин,7,7,0,Интерпретация теизма «Бхагавадгиты» Шанкарой и Абхинавагуптой (на материале их комментариев к «Бхагавадгите) | Монистический теизм (адвайта-ишваравада) Абхинавагупты в сопоставлении с ишваравадой адвайты Шанкары на материале их комментариев к «Бхагавадгите». | Поздний Р.Тагор и «Бхагавадгита»: переосмысляя концепцию о долге | Проблема интерпретации действия в комментарии Шанкары на Бхагавадгиту
восточный,восточный,public,предметный термин,7,4,3,"Буддизм в Восточном Туркестане | Западная философия и восточная медитация в учении Ошо Раджниша. | Конь без всадника и дерево джамбу: к интерпретации рельефа на восточных воротах Большой Ступы в Санчи | Серайкела, Майюрбхандж, Пурулиа: феномен чхау на плато Чхота Нагпур (Восточная Индия)"
диалект,диалект,public,предметный термин,7,2,5,Разрази его гром! Метеорологические явления в песенном фольклоре на диалектах хинди Центральной Индии | Нетибетская лексика в тибетских диалектах Балтистана и Каргила: попытка этимологической классификации | Из поэзии на диалектах | Тибетский идиом области Амдо в наши дни: между диалектом и языком
дискурс,дискурс,public,предметный термин,7,4,3,"Метафорический дискурс «Бхаванакрамы» Камалашилы | Коммуникативный дискурс трактата «Таттвасанграха» | «Во отдаленном краю границы пребывающий, исповедая веру манджушринову»: о буддийском дискурсе в калмыцкой политике императора Юнчжэна (1723–1735) | Категория санграха в буддийском философском дискурсе"
дискуссия,дискуссия,public,предметный термин,7,5,2,Несколько этимологий арготических слов среднеазиатских цыган на фоне дискуссий последнего полувека об истории цыган | «Барахмах» Нанака и дискуссия о реформе сикхского календаря | Дискуссия между буддистами и санкхьяиками о существовании и природе атмана в разделе «Атмапарикша» «Таттвасанграхи» Шанатаракшиты | Использование вторичного текста (цитирование) как средство ведения дискуссии в «Вопросе о субъекте (пудгале)» в «Катхаваттху 1.1»
дхарма,дхарма,public,предметный термин,7,6,1,«Третий поворот колеса дхармы» и его первые брахманистские оппоненты | Предсказания об исчезновении Дхармы как фактор зарождения традиционной историографии буддизма | Дхарма и буддология. Актуальные проблемы | Теория преемственности Дхармы в доктрине «сангоку маппо» в японском буддизме
ивр_ран,ивр_ран,public,предметный термин,7,7,0,Коллекция тамильских рукописей М.С. Андреева из Индийского фонда ИВР РАН | Неатрибутированный санскритский фрагмент SI 3480 из Сериндийского фонда ИВР РАН | Санскритский фрагмент «Артхавинишчая-сутры» из Сериндийского фонда ИВР РАН | Тангутские ксилографы письмом ‘сиддхам’ из собрания ИВР РАН
изменение,изменение,public,предметный термин,7,4,3,"Многообразие культурных традиций и влияний в средневековой Индии: от династий до социальных изменений | Изменение роли яджаманы в шраута-ритуалах: традиция и современность | Изменение межкастовых взаимоотношений в домусульманском Кашмире | «Песни якшей», игры людей: о социальных, культурных и художественных особенностях якшаганы Карнатаки В программе возможны изменения и дополнения"
йога,йога,public,предметный термин,7,6,1,Проблемы реконструкции системы йоги Патанджали на основе переводов «корневого» текста «Йога-сутр» и толкования Бходжи («Rājamārtaṇḍa») | Квази-трансцендентальные разоблачение объектных областей индрий в буддийской йоге | Сотериологический ракурс «йогического суицида» (utkrānti) в традиционной индуистской йоге и тантре | Техническая терминология тантрийской йоги в «Виджняна Бхайрава тантре»
калачакр-тантра,калачакр-тантра,public,предметный термин,7,1,6,Ю.М. Парфионович: штрихи жизненного пути. Парфионович – продолжатель исследований Ю.Н. Рериха в области тибетологии. Совместная деятельность Ю.М. Парфионовича и В. С. Дылыковой по изучению и переводу «Калачакра-тантры». И.В. Григорьев. Ю.М. Парфионович и будущее отечественной буддологии | О некоторых особенностях языка «Калачакра-тантры» | О двух подходах к одному тексту «Калачакра-тантры» | Sarvajña-bhāṣā — всеведущий и синкретический язык Калачакра-тантры
категория,категория,public,предметный термин,7,5,2,Драма как категория и жанр в древнеиндийской поэтике | Средний залог в санскрите. К семантике категории | О манерах театральной игры: категория вритти в «Натьяшастре» | Категория санграха в буддийском философском дискурсе
концепт,концепт,public,предметный термин,7,6,1,Имперская идея или этнический стереотип? Концепт «монгол» в первой половине XIII в | Буддийская феноменология бессамостности (Опыт анализа концептов Я и «просто-я» Чже Цонкапы) | Концепты брахманистского философского дискурса и их связь с женским принципом народного индуизма | Концепт «майя» у Шанкары и Абхинавагупты: сходство и различие
между,между,public,предметный термин,7,3,4,Ауробиндо Гхош: между разумом и мистической интуицией | Отношения между государством Корё и Тибетом в эпоху Юань (конец XIII – начало XIV вв.) | Дискуссия между буддистами и санкхьяиками о существовании и природе атмана в разделе «Атмапарикша» «Таттвасанграхи» Шанатаракшиты | Полемика о субъекте между буддистами и ньяя-вайшешиками в «Таттвасанграхе» Шантаракшиты
монгольский,монгольский,public,предметный термин,7,0,7,Исторические и историографические особенности монгольской летописи начала XVIII в.: Гомбоджаб. «Течение Ганга» | Ю.Н. Рерих о происхождении монгольской письменности | Угроза монгольских вторжений в Японию глазами Нитирэна | Отражение монгольских имперских идей в средневековых вьетнамских источниках
москва,москва,hidden,географический маркер уже вынесен в отдельную фасетку,7,3,4,"В поисках современного подхода к прозе Премчанда.Коровина Евгения Владимировна, Ренковская Евгения Алексеевна (Москва). Экспедиция к памятникам протоиндийской цивилизации на территории Индии | (НИ, Москва). Сура (surā) в ведийских ритуалах Ваджапея и Саутрамани | Поталака – местопребывание Авалокитешвары и один из его образов в тибетской традиции. (Танка из собрания Кабинета Ю.Н. Рериха, ИВ РАН, Москва) | Изображение Канакавасты, архата из Кашмира: часть полиптиха или отдельная танка? (Танка из собрания Кабинета Ю.Н. Рериха, ИВ РАН, Москва)"
отражение,отражение,public,предметный термин,7,3,4,"Голод в Бенгалии 1943 года и его отражение в творчестве индийских художников | Отражение концепции ""нисходящего времени"" (descending time) в Катха Упанишаде | Отражение монгольских имперских идей в средневековых вьетнамских источниках | Зеркало, конец иллюзии. Или как удовлетворить тайно влюбленную, касающуюся кувшинами грудей отражения возлюбленного. Учение об отражении в 3-й главе «Тантра-алоки» Абхинавагупты"
памятник,памятник,public,предметный термин,7,4,3,"К истории поступления индийских памятников в Эрмитаж: новые открытия | Сесил Бендалл как публикатор буддийских письменных памятников | Роль персоязычных версий индийских текстов в формировании средневековой тюркоязычной литературы Южного Кавказа (на примере памятника «Калила и Димна») | В поисках современного подхода к прозе Премчанда.Коровина Евгения Владимировна, Ренковская Евгения Алексеевна (Москва). Экспедиция к памятникам протоиндийской цивилизации на территории Индии"
программа,программа,public,предметный термин,7,5,2,"Литература хинди как предмет школьной программы в Индии: история куррикулума, ценности и цели обучения | Богиня с гхантой и гхатом. Дурга (?) в иконографической программе буддийского храма Аурангабада | «Песни якшей», игры людей: о социальных, культурных и художественных особенностях якшаганы Карнатаки В программе возможны изменения и дополнения | Образ карлика в иконографической программе индийского храма (Аджанта, Эллора, Аурангабад) V – X вв"
проповедь,проповедь,public,предметный термин,7,5,2,Проповедь Личного Безличного Бога в учении Свами Вивекананды | Кришнаитские коды проповеди северо-индийского бхакти | Чудеса и проповеди в лесу Урувильва. Первые последователи Будды по китайской версии биографии Будды (III в.) | Трансформации сюжетов о просветлении и первой проповеди Будды в свете ранних китайских переводов сутр (II—III вв.)
раннебуддийский,раннебуддийский,public,предметный термин,7,2,5,Metta–Karaṇīya – Любовь как этический императив в раннебуддийской сотериологии на материале Метта сутты и Тевиджджа сутты Палийского канона | Ученичество как сюжет раннебуддийской литературы | Механизмы интертекста в раннебуддийской текстовой традиции | Концепция «пратитья-самутпада» в раннебуддийской литературе (по материалам палийского канона)
скульптура,скульптура,public,предметный термин,7,3,4,"Рождение концепции иконографии Шивы Натараджи в скульптуре пещерных храмов Южной Индии | Образ Деви с младенцем Шивой в контексте развития иконографии Богини-Матери в скульптуре Бенгалии | Обряды «жизненного цикла» скульптуры по материалам пуран | Скульптура Нритья Шивы из храма Мандапешвара в Мумбаи. Стиль, иконография, аналогии"
след,след,public,предметный термин,7,5,2,По следам Петербуржца в Индии: путешествие князя Салтыкова | Уроки Герхарда Оберхаммера. По следам перевода книги «Структуры йоговской медитации» | Бодхисаттва в образе пишачи: следы комической традиции в описании аскезы Гаутамы | Переоценка различных методологических подходов по исследованию индийской философии: по следам книги В. Адлури и Д. Багчи «The Nay Science: A History of German Indology»
социальный,социальный,public,предметный термин,7,4,3,"Санньяса и Брахмалока: смерть, социальная или физическая, как опосредующий этап пути к освобождению в адвайта-веданте | Многообразие культурных традиций и влияний в средневековой Индии: от династий до социальных изменений | Понимание истории Индии в социальной философии Рабиндраната Тагора | Bhavāi Гуджарата: о культурном смысле и социальных функциях традиционного театра"
способ,способ,public,предметный термин,7,5,2,Словослияние в куллуи как способ словообразования | Способы изображения животных в литературной санскритской джатаке | Способы сокрытия мантр в тантрических текстах | Агамический текст как способ самоопределения ведической традиции (на примере «Шива сутры»)
сравнительный,сравнительный,hidden,методическое слово без предметной привязки,7,6,1,Индийское паломничество в сравнительном аспекте | Тантрические парадигмы в игровых системах Востока: сравнительный анализ “Джняна чаупады” и “Салам намшак” сквозь призму индуистской и буддийской тантры | Сравнительный анализ космологических представлений на полях вишнуитской и джайнской «джняна чаупады» (игры знания) XVIII — XIX вв | Сравнительный анализ образов сакрального в тамильских храмовых мифах и в сказах П. П. Бажова
текстовый,текстовый,public,предметный термин,7,1,6,Ведийский ритуал Праваргья (pravargya): текстовая традиция и ритуальная практика | Сюжет встречи с Дипанкарой: функциональная роль в текстовой традиции и возможные генетические связи | Брахмадева и его комментарий к «Дравья-санграха-вритти» в контексте джайнской текстовой традиции | Механизмы интертекста в раннебуддийской текстовой традиции
упанишад,упанишад,public,предметный термин,7,7,0,"Интерпретация идей Упанишад в философском наследии Р. Тагора: религиозная онтология | Традиция толкования упанишад: контекст, философское значение и интерпретация ключевой фразы «tat tvam asi» («Ты есть то») | Отражение концепции ""нисходящего времени"" (descending time) в Катха Упанишаде | Диалоги в ранних Упанишадах: от агона к риторике"
формула,формула,public,предметный термин,7,6,1,"Средневековая фольклорная формула и литературное клише: образ, мотив | Как уложить пять формул в одну строфу? «Архивирующие» возможности санскрита в математических сочинениях средневековой Индии | Формулы и заимствования в средневековой лирике бхакти | Формула «бхукти — мукти» и сотериологический антиномизм индуистской тантры"
функция,функция,public,предметный термин,7,6,1,Функции вождя в традиционном обществе веддов в прошлом и настоящем | Иконография и функции непальских дхара/хити | Риторический вопрос и его функция в индийской средневековой поэзии бхакти | О роли и функции диалогических поэм буддийского канона
храмовый,храмовый,public,предметный термин,7,5,2,"""Башни с нишами"" в индуизме. Об одном типе храмовых шикхар в архитектуре Чалукьев | Морфология деревянной храмовой архитектуры Химачал-Прадеша (Индия) | Интерпретация датировки появления буддизма в Японии в традиционных источниках и храмовых хрониках энги | Сравнительный анализ образов сакрального в тамильских храмовых мифах и в сказах П. П. Бажова"
цикл,цикл,public,предметный термин,7,3,4,Ритуальные предметы и украшения в контексте обрядов жизненного цикла неваров | Обряды «жизненного цикла» скульптуры по материалам пуран | Поэтический цикл Кабилара о князе Пари | Ритуалы жизненного цикла у народности лимбу
часть,часть,public,предметный термин,7,3,4,"Абхисамаяаланкара: вводная часть | Несколько замечаний о введении и первой части «Тирумантирама» | Некоторые особенности праздника семи неварских селений юго-западной части Долины Катманду | Изображение Канакавасты, архата из Кашмира: часть полиптиха или отдельная танка? (Танка из собрания Кабинета Ю.Н. Рериха, ИВ РАН, Москва)"
эволюция,эволюция,public,предметный термин,7,4,3,Небесные боги в картине мира буддийской агиографии: признаки эволюции («Лалитавистара») | Эволюция архитектуры джайнских пещерных храмов Махараштры в контексте скального зодчества Индии | Эволюция струнного музыкального инструмента вины на материале скульптуры пещерных храмов южной Индии (I–X вв.) | Эволюция буддистского учения о не-«я»: две концепции анатмавады
абхидхарма,абхидхарма,public,предметный термин,6,6,0,Наука абхидхармы в буддийской ментальной традиции средневековой Индии | Место «Компендиума Абхидхармы» Асанги в философии буддизма махаяны | Абхидхарма как когнитивная стратегия | Абхидхарма и абхивиная: взгляд со стороны двух раннебуддийских традиций
артхашастр,артхашастр,public,предметный термин,6,1,5,"Связка текст-смысл-мышление в «Артхашастре» Каутильи: уникальность и стандартность | Семь сокровищ чакравартина и их пространственная локализация (палийский канон, «Артхашастра») | Прогулки по городу с Хануманом (один эпизод из «Рамаяны» и его параллели в Артхашастре Каутильи и в палийском каноне) | Глава о надзирателе за архивом в «Артхашастре» Каутильи в контексте информации надписей времени Гуптов"
брахман,брахман,public,предметный термин,6,5,1,"Парадигмальное мышление брахманов. Связь философских универсалий и варно-кастовой системы в Индии | Почему Брахман наделен природой звука (шабда-таттва)? | Несколько замечаний о Брахмане и сущем | Брахман в ""Абхидхармакошабхашье"" Васубандху"
вивекананда,вивекананда,public,предметный термин,6,6,0,Особенности толкования Нового Завета в учении Свами Вивекананды | Телеологический аргумент в пользу существования Бога в учении Свами Вивекананды | Проповедь Личного Безличного Бога в учении Свами Вивекананды | История Индии в философской интерпретации Свами Вивекананды.
вода,вода,public,предметный термин,6,5,1,"Огонь, вода и память: погребальные практики сикхов в мультикультурной среде | Метафора воды как сюжетообразующий прием романа Абрахама Вергезе «Завет воды» | О терминологии ‘воды’ в космогонических гимнах Ригведы | 101 синоним воды в ведийском словаре «Нигханту»"
война,война,public,предметный термин,6,3,3,Буддизм и война: исторический обзор | Смысл и понимание войны в средневековой Южной Индии (поэма Джаянкондара «Парани о войне в Калинге») | Магические средства ведения войны на монголо-тибетском фронте | Война в контексте истории буддистов-ойратов
диаспора,диаспора,public,предметный термин,6,6,0,Заметки о роли индийской диаспоры в пропаганде языка и литературы хинди | Сикхи в диаспоре: ритуалы детства | Карибский текст индийской диаспоры | «Рамаяна» Далджита Награ — новый текст индийской диаспоры
дравидология,дравидология,public,предметный термин,6,4,2,Миф о Потопе и тыкве у дравидийских племен: к вопросу об истории контактов дравидов и мунда | Полисемия в области терминологии родства – дравидийские и индоарийские языки | Модели мотивации понятий «муж» и «жена» в дравидийских языках | Семантика терминологии родства в языке брахуи в общедравидийском контексте
зеркало,зеркало,public,предметный термин,6,2,4,"Метафора зеркала в «Бхаванакраме» Камалашилы | Гадание о суженом по зеркалу в «Махабхарате»: индоиранский и индоевропейский фон | Зеркало, конец иллюзии. Или как удовлетворить тайно влюбленную, касающуюся кувшинами грудей отражения возлюбленного. Учение об отражении в 3-й главе «Тантра-алоки» Абхинавагупты | Чидамбарам и его дикшитары в зеркале «Панниру тирумурей»"
иконографический,иконографический,public,предметный термин,6,3,3,Инородные предметы в ушах Благословенного: к слову об одной редкой иконографической схеме в буддийском искусстве | Музыкальные инструменты в руках богов. К вопросу об иконографических атрибутах в искусстве Индии V—Х вв | Богиня с гхантой и гхатом. Дурга (?) в иконографической программе буддийского храма Аурангабада | Дивьядхвани и девадундубхи – иконографические мотивы божественной музыки в джайнской скульптуре Эллоры
кабинет,кабинет,public,предметный термин,6,0,6,"Образы бодхисаттвы Авалокитешвары в коллекции Кабинета Рериха: Авалокитешвара – податель прозрения | Поталака – местопребывание Авалокитешвары и один из его образов в тибетской традиции. (Танка из собрания Кабинета Ю.Н. Рериха, ИВ РАН, Москва) | Изображение Канакавасты, архата из Кашмира: часть полиптиха или отдельная танка? (Танка из собрания Кабинета Ю.Н. Рериха, ИВ РАН, Москва) | Всадник Шамбалы (танка из собрания Мемориального кабинета Ю.Н. Рериха ИВ РАН)"
картина,картина,public,предметный термин,6,3,3,Небесные боги в картине мира буддийской агиографии: признаки эволюции («Лалитавистара») | Этнорелигиозная картина уйгуров по китайским источникам XIV-XIX вв | Интерпретация эвтаназии в буддийской картине мира | Ṛddhi и священные следы прошлого: чудо в картине мира буддиста-паломника
куллуи,куллуи,public,предметный термин,6,4,2,Лексика языка куллуи: этимологии 2026 года | Новые древнеиндийские праформы на материале этимологий лексики языка куллуи | Новые индоарийские этимологии лексики языка куллуи | Словослияние в куллуи как способ словообразования
лебедев,лебедев,public,предметный термин,6,5,1,Герасим Лебедев как этномузыколог: Лондонский концерт | Герасим Лебедев и британская элита колониальной Калькутты: момент разрыва | Герасим Лебедев и британская элита колониальной Калькутты | Новое о Герасиме Лебедеве
легенда,легенда,public,предметный термин,6,3,3,Плач матери Будды по мертвому сыну: об одном эпизоде из легенды о просветлении | Легенда о рыбаке (на ирландском языке) | Некоторые аспекты взаимопроникновения индуизма и буддизма в контексте непальских легенд и религиозной практики | Легенда о поэте-ребёнке. Самбандар: миф и реальность
лингвистика,лингвистика,public,предметный термин,6,5,1,Опыт построения словаря-тезауруса древнеиндийской лингвистической терминологии (на материале грамматики Панини) | Санскритские очки европейской лингвистики XIX века | Индийские и тибетские лингвистические штудии Д. Г. Мессершмидта | Вопрос о дардском элементе в дотибетском населении Ладакха и Балтистана как лингвистическая проблема
метафора,метафора,public,предметный термин,6,5,1,Метафора зеркала в «Бхаванакраме» Камалашилы | Метафора воды как сюжетообразующий прием романа Абрахама Вергезе «Завет воды» | Антропоморфная образность «игры знания»: телесная метафора и метафора путешествия | Метафора сосуда в непальском буддизме
мифология,мифология,public,предметный термин,6,6,0,"Kumāra: этимология и мифология | Мифология танца и образ Индры в джайнизме | Мифология «Йогини-тантры» | Метафизика, мифология, повседневная жизнь: гендерный ракурс южноиндийской традиции"
модель,модель,public,предметный термин,6,4,2,"Особая священная игра» Гулабрао Махараджа как игровая модель индуистской сотериологии: космология, философия и бхакти | Модели интерпретации телесности в хатха-йоге | Планиметрические модели тела человека в санскритских трактатах по искусству и в стенописи Аджанты | Модели мотивации понятий «муж» и «жена» в дравидийских языках"
музей,музей,public,предметный термин,6,1,5,"Многообразие форм Шивы на примере коллекции Государственного музея истории религии | Трактат Марко Паллиса, предостерегающий Тибет о последствиях Кали-юги (об атрибутировании и содержании тибетского ксилографа из Архива музея Рерихов (Филиал Государственного музея Востока)) | Божества и образы триграмм китайской «Книги Перемен» на свитке из коллекции Рерихов в Государственном Музее Востока | Намтар Будды Шакьямуни в тибетской и китайской (пекинской) традициях (танки из коллекций Одесского и Киевского музеев Украины)"
мунда,мунда,public,предметный термин,6,6,0,"Миф о Потопе и тыкве у дравидийских племен: к вопросу об истории контактов дравидов и мунда | Ранние священные тексты на соранг-сомпенг как ключ к истории создания культа «Матар Баном» у племени сора (южные мунда, Орисса) | Онлайн-корпус текстов на языках южных мунда: задачи и специфика | Поэзия народов мунда"
народ,народ,public,предметный термин,6,4,2,Скрытое / явное: представления о знании у племенных народов Южной Карнатаки | Четыре народа в «Йогини-тантре» | Поэзия народов мунда | «Коровьи войны» (на материале скотоводческого эпоса народов Центральной Индии и Декана)
несколько,несколько,public,предметный термин,6,2,4,Несколько этимологий арготических слов среднеазиатских цыган на фоне дискуссий последнего полувека об истории цыган | Несколько замечаний о Брахмане и сущем | Несколько замечаний о введении и первой части «Тирумантирама» | Несколько слов о «я» и Адвайте в свете узнавания себя как предельного обладающего в толкованиях Абхинавагупты на «Ишварапратьябхиджня-карике» Утпаладевы
область,область,public,предметный термин,6,1,5,Квази-трансцендентальные разоблачение объектных областей индрий в буддийской йоге | К реконструкции языковых контактов в области Шангшунг в дотибетскую эпоху | Полисемия в области терминологии родства – дравидийские и индоарийские языки | Ю.М. Парфионович: штрихи жизненного пути. Парфионович – продолжатель исследований Ю.Н. Рериха в области тибетологии. Совместная деятельность Ю.М. Парфионовича и В. С. Дылыковой по изучению и переводу «Калачакра-тантры». И.В. Григорьев. Ю.М. Парфионович и будущее отечественной буддологии
общество,общество,public,предметный термин,6,5,1,История Ситы и Рамы глазами современных индийских поэтов-мистиков и ее релевантность для современного индийского общества | Функции вождя в традиционном обществе веддов в прошлом и настоящем | Брак с божеством как форма медиации в неварском обществе | Санскара «посвящение в ученики» (упанаяна): её место и значение в ряду других санскар и в древней разработке стратификации индийского общества
парадигма,парадигма,public,предметный термин,6,3,3,"Вклад Абхинавагупты в развитие шиваитской доктрины философского монизма в отличной от адвайта- веданты парадигме | Тантрические парадигмы в игровых системах Востока: сравнительный анализ “Джняна чаупады” и “Салам намшак” сквозь призму индуистской и буддийской тантры | Культ корзины у гондов, джайнская икона аягапатта и буддийский алтарь: еще раз о смене религиозной парадигмы в Древней Индии | Культ корзины в Древней Индии и смена религиозной парадигмы"
передача,передача,public,предметный термин,6,3,3,О возможности передачи санскритских стихотворных размеров в русских переводах | Опыт передачи эпической шлоки в русской переводческой традиции | Роль представителя династии Тхакури (Тхакуджуджу) в ритуальной передаче власти в Непале | Брахманы намбудири: некоторые особенности традиции передачи ведийских текстов
письмо,письмо,public,предметный термин,6,3,3,"О письмах Ю.Н. Рериха из коллекции Д. Тарчина (Колумбийский университет, Нью-Йорк, США) | И. П. Минаев и Дж. Л. Киплинг: коллекции и письма | Тангутские ксилографы письмом ‘сиддхам’ из собрания ИВР РАН | Бог и человек в поэзии Тагора. От «Иша-упанишады» до «Писем о России»"
племя,племя,public,предметный термин,6,6,0,Адиваси. Загадочное племя тода | Миф о Потопе и тыкве у племен западной Индии | Миф о Потопе и тыкве у дравидийских племен: к вопросу об истории контактов дравидов и мунда | Фольклор европейских рома (цыган) и мифы индийских племен
познание,познание,public,предметный термин,6,4,2,Теория познания в мадхьямаке-сватантрике (по трактату Бхававивеки «Мадхьямака-хридая») | Индийские шастры с точки зрения современной методологии познания | Роль языка в познании абсолютного согласно школе Гелук | Обоснование невозможности чувственного познания в «Прасаннападе» Чандракирти
поэтика,поэтика,public,предметный термин,6,3,3,Драма как категория и жанр в древнеиндийской поэтике | Стилистика Амаравати и поэтика «Лалитавистары» | Элементы игровой поэтики в махаянском описании ступеней бодхисаттвы в текстах «Большой Праджняпарамиты» | Словесные фигуры и принцип «непрямого высказывания» (вакрокти) в средневековой поэтике
произведение,произведение,public,предметный термин,6,5,1,Проблемы интерпретации традиционного текста в произведениях индийских художников конца XIX – начала XX века | Россия и русские в произведениях Салмана Рушди | «Народная веданта» в произведениях Шричандры (XVI в.) | О происхождении некоторых ашрамных практик в произведениях Калидасы
путь,путь,public,предметный термин,6,2,4,"Санньяса и Брахмалока: смерть, социальная или физическая, как опосредующий этап пути к освобождению в адвайта-веданте | Стадии пути к освобождению по «Найшкармья-сиддхи» (I.52) Сурешвары | Ю.М. Парфионович: штрихи жизненного пути. Парфионович – продолжатель исследований Ю.Н. Рериха в области тибетологии. Совместная деятельность Ю.М. Парфионовича и В. С. Дылыковой по изучению и переводу «Калачакра-тантры». И.В. Григорьев. Ю.М. Парфионович и будущее отечественной буддологии | Проблемы датировки трактата Бхамахи и пути ее решения"
реальность,реальность,public,предметный термин,6,4,2,Список тамильских каст у Бартоломеуса Цигенбальга: книжная традиция vs историческая реальность | Майя в учениях новых индийских гуру — иллюзия или реальность | Легенда о поэте-ребёнке. Самбандар: миф и реальность | Дискуссия о четырех блаженствах: об одной стратегии для интерпретации истинной природы реальности в посвящении Хеваджра-тантры
родство,родство,public,предметный термин,6,5,1,О семантических переходах с участием терминов родства в старотамильском языке | Полисемия в области терминологии родства – дравидийские и индоарийские языки | Терминология родства в гондванских языках | Семантика терминологии родства в языке брахуи в общедравидийском контексте
рождение,рождение,public,предметный термин,6,4,2,Рождение концепции иконографии Шивы Натараджи в скульптуре пещерных храмов Южной Индии | Вклад Ю.В. Кнорозова в исследование протоиндийских текстов. К 100-летию со дня рождения | Памятные даты – стимул к новым поискам: 150 лет со дня рождения Павла Риттера и 120 лет со дня рождения Юрия Рериха. (доклад онлайн) | Рождение героя или сакрального персонажа в индийской повествовательной традиции (к интерпретации композиции «Сон Майи»)
рушдить,рушдить,public,предметный термин,6,6,0,Салман Рушди и русская литература: тайный роман? | «Город победы» Рушди — ответ «Рамаяне» самого скандального автора 20 столетия | Россия и русские в произведениях Салмана Рушди | Новый роман Салмана Рушди «Кишот» и его индийская составляющая
символический,символический,public,предметный термин,6,3,3,"Тригата в «Натьяшастре»: религиозное и символическое значение | Майтхуна, слияние лотоса и ваджры, или о некоторых особенностях символического языка сандхья-бхаша буддизма ваджраяны | Символический язык буддизма ваджраяны на примере «Калачакра Тантры» | О символическом языке вещей"
смысл,смысл,public,предметный термин,6,6,0,"Развертка, свертка и смысл в индийской философии | «Брахма-стути» из «Бхушунди Рамаяны»: текстология, смыслы, параллели | Рамаитская поэзия Айодхьи XIX-XX вв.: образы, смыслы и подходы к переводу на русский язык | Смысл и понимание войны в средневековой Южной Индии (поэма Джаянкондара «Парани о войне в Калинге»)"
средство,средство,public,предметный термин,6,3,3,Магические средства ведения войны на монголо-тибетском фронте | Инклюзивизм как концептуальное средство для изучения индийской культуры | Индийский мифологический сериал как средство идеологической пропаганды | Феномен речевого сбоя как средство художественной выразительности в структуре классической санскритской драмы
стихотворный,стихотворный,public,предметный термин,6,5,1,Бенгальский стихотворный размер пояр и его разновидности | О возможности передачи санскритских стихотворных размеров в русских переводах | О методах описания санскритских классических стихотворных размеров | Традиционная классификация санскритских стихотворных размеров
толкование,толкование,hidden,методическое слово без предметной привязки,6,4,2,"Традиция толкования упанишад: контекст, философское значение и интерпретация ключевой фразы «tat tvam asi» («Ты есть то») | Проблемы реконструкции системы йоги Патанджали на основе переводов «корневого» текста «Йога-сутр» и толкования Бходжи («Rājamārtaṇḍa») | Особенности толкования Нового Завета в учении Свами Вивекананды | О толковании первой строфы «Аштанга-хридаи» средневековыми комментаторами (на примере Арунадатты, Хемадри и Инду)"
фольклорный,фольклорный,public,предметный термин,6,6,0,"Средневековая фольклорная формула и литературное клише: образ, мотив | О не-волшебной помощнице в сказках парья: вариант фольклорного мотива | ""Нисхождение в образе рыбы"": сказание фольклорной традиции пастухов-голла | Фольклорные элементы в сказании о Ратне (XVII век)"
фонд,фонд,public,предметный термин,6,6,0,Коллекция тамильских рукописей М.С. Андреева из Индийского фонда ИВР РАН | Неатрибутированный санскритский фрагмент SI 3480 из Сериндийского фонда ИВР РАН | Санскритский фрагмент «Артхавинишчая-сутры» из Сериндийского фонда ИВР РАН | Текущие переводческие проекты Фонда «Сохраним Тибет!» и изд-ва «Нартанг»
элемент,элемент,public,предметный термин,6,3,3,"Кушанская этимология, поздние бактро-скифские царства и интересные элементы индо-парфянской нумизматики | Элементы шаманских практик в воинских традициях Индии | Фольклорные элементы в сказании о Ратне (XVII век) | Вопрос о дардском элементе в дотибетском населении Ладакха и Балтистана как лингвистическая проблема"
антология,антология,public,предметный термин,5,1,4,Тема леса в поэтических антологиях Бхартрихари и Видьякары | К выходу Антологии индо-ирландских текстов | Особенности художественной структуры тамильской антологии «Калиттохей» (на примере песни 92) | Система образов поэзии кавья на примере лирических стихов из антологии Видьякары «Субхашитаратнакоша»
ассам,ассам,public,предметный термин,5,3,2,"Российская экспедиция в Ассам 1911-1912 гг | Sattriya Ассама: о преобразовании ритуального представления бхакатов в еще один «классический танцевальный стиль» Индии | Анкхья-нат: обряд и драма средневекового Ассама, и их возрождение сегодня | Саттрия: рождение нового индийского классического танца в Ассаме Лаборатория «Театрика» (Москва – С.-Петербург). Видеоматериал по традиции чхоу"
британский,британский,public,предметный термин,5,5,0,Научные связи Ф.И.Щербатского с британскими востоковедами в 1930-е гг | Британское колониальное чиновничество в литературном наследии Дж. Оруэлла | Культура повседневности британского чиновничества в Индии и Непале (по наблюдениям И. П. Минаева) | Герасим Лебедев и британская элита колониальной Калькутты: момент разрыва
вакьяпадий,вакьяпадий,public,предметный термин,5,5,0,"Атман как синоним дравьи в «Вакьяпадии» (ВП 3.2.1) | «Функциональный подход» в «Вакьяпадии» и артхакрия в философии Дхармакирти | Язык и внеязыковая действительность в «Вакьяпадии» Бхартрихари | Спхота, джати, пашьянти и пратибха в «Вакьяпадии» — к проблеме разграничения терминов"
вариант,вариант,public,предметный термин,5,5,0,Непальский вариант Гаруды | Локальные варианты Дурга Пуджи в Колкате | О не-волшебной помощнице в сказках парья: вариант фольклорного мотива | Кумаонский Голудев: локальный вариант индуизма
вастувидья,вастувидья,public,предметный термин,5,0,5,Некоторые особенности текстов по вастувидье в пуранах и их интерпретация в современной массовой культуре | Вода и водоемы в трактатах по вастувидье в пуранах | Культ Нарасинхи в трактатах по вастувидье в пуранах | Культ Нарасинхи в трактатах по вастувидье в пуранах
ведды,ведды,public,предметный термин,5,5,0,Об особенностях традиционной пищи веддов | Функции вождя в традиционном обществе веддов в прошлом и настоящем | Дифференциация веддов (взгляд извне и изнутри) | Этнографические группы веддов (история и современность)
влияние,влияние,public,предметный термин,5,4,1,Многообразие культурных традиций и влияний в средневековой Индии: от династий до социальных изменений | Учение д-ра Маханамбраты Брахмачари как квинтэссенция идей бенгальского ренессанса и его влияние на Томаса Мертона | Кришна исполняет зикр: следы влияния бхакти на суфизм братства Чиштийя | Некоторые особенности неварского буддизма и его влияние на религиозную жизнь Непала
восток,восток,public,предметный термин,5,3,2,"Тантрические парадигмы в игровых системах Востока: сравнительный анализ “Джняна чаупады” и “Салам намшак” сквозь призму индуистской и буддийской тантры | Непальский монастырь Копан: встреча Востока и Запада | Трактат Марко Паллиса, предостерегающий Тибет о последствиях Кали-юги (об атрибутировании и содержании тибетского ксилографа из Архива музея Рерихов (Филиал Государственного музея Востока)) | Божества и образы триграмм китайской «Книги Перемен» на свитке из коллекции Рерихов в Государственном Музее Востока"
ганди,ганди,public,предметный термин,5,5,0,Женщины и сатьяграха: взгляд М. К. Ганди | Живое древо религий М. К. Ганди. | М. К. Ганди — неортодоксальный „ортодокс“ | Этико-интуитивистский подход М.К. Ганди к пониманию традиционных текстов
герой,герой,public,предметный термин,5,3,2,Рождение героя или сакрального персонажа в индийской повествовательной традиции (к интерпретации композиции «Сон Майи») | Язык богини Кали. Я.В. Васильков. Эпические герои и боги (в «Махабхарате» и не только) | Ситуация ухода героя в классической тамильской поэзии | Индийские памятники героям в сравнительном освещении (К вопросу о материальном соответствии поэтической формуле «непреходящая слава»)
глаз,глаз,public,предметный термин,5,4,1,Угроза монгольских вторжений в Японию глазами Нитирэна | История Ситы и Рамы глазами современных индийских поэтов-мистиков и ее релевантность для современного индийского общества | История индийской философии глазами Свами Вивекананды: опыт реконструкции | Ведды глазами сингалов: в прошлом и настоящем
город,город,public,предметный термин,5,3,2,«Город победы» Рушди — ответ «Рамаяне» самого скандального автора 20 столетия | 'Айодхья Махатмья'. Средневековый путеводитель по Айодхье и его топонимы на современной карте города | Камень-трава или плод из города Синтры: история одного индийского фитонима | Обряд адхивасана («вселение») и его роль в формировании образов храма и города
датировка,датировка,public,предметный термин,5,2,3,Паришишты как исторический источник: проблемы датировки и классификации поздневедийской ритуальной литературы | Проблемы датировки «Нандикешваракашики» | Астрологические манускрипты на танкри из коллекции Кхубрама Кхушдиля (Химачал-Прадеш): особенности текстов и датировка | Интерпретация датировки появления буддизма в Японии в традиционных источниках и храмовых хрониках энги
доктрина,доктрина,public,предметный термин,5,4,1,Вклад Абхинавагупты в развитие шиваитской доктрины философского монизма в отличной от адвайта- веданты парадигме | Сотериологическая доктрина Шри-вайшнавизма в трактате Пиллея Локачарьи «Мумукшупади» | Критика Шанкарой доктрины спхотавады | Теория преемственности Дхармы в доктрине «сангоку маппо» в японском буддизме
другой,другой,public,предметный термин,5,3,2,Индийские истоки и источники философствования Р. Тагора: «Садхана» как опыт объяснения Своего Другому | Яджня Ригведы и «другая яджня» палийского канона | Санскара «посвящение в ученики» (упанаяна): её место и значение в ряду других санскар и в древней разработке стратификации индийского общества | Другой в традиции индуизма и философии Бенгальского Возрождения: Опыт сопоставления
духовный,духовный,public,предметный термин,5,4,1,"Поэтическое представление о духовном и мирском благе в гимнах наянаров (сборник ""Деварам"") | О телесном и духовном бессмертии в индуистском тантризме | Классификация видов духовного освобождения в индуистской тантре | Семантика глагольного корня muc- и проблематика духовного освобождения в ведийских упанишадах"
женский,женский,public,предметный термин,5,5,0,Женские голоса в каввали: гендер и традиции | Женские образы древнеиндийского эпоса и позднейшего фольклора на фоне норм дхармашастры | Концепты брахманистского философского дискурса и их связь с женским принципом народного индуизма | Тамильские женские божества в средневековой литературе
живой,живой,public,предметный термин,5,4,1,Тело агхори как «живой текст»: визуальность и перформанс в производстве религиозного авторитета | Живое древо религий М. К. Ганди. | Почитание Индры в Непале: живая архаика | Некоторые аспекты культа живой богини Кумари в Непале
живопись,живопись,public,предметный термин,5,1,4,Синкретизм буддизма и шаманизма Тувы в живописи Шоя Чурука | Образ Йусуфа в могольской живописи: к вопросу атрибуции | Живопись и графика Гималайского региона в коллекции И.П.Минаева (МАЭ РАН): некоторые аспекты атрибуции и интерпретации | Живопись и графика из собрания И. П. Минаева (МАЭ РАН): опыт классификации
конец,конец,public,предметный термин,5,2,3,"Проблемы интерпретации традиционного текста в произведениях индийских художников конца XIX – начала XX века | Отношения между государством Корё и Тибетом в эпоху Юань (конец XIII – начало XIV вв.) | Буддийский Ренессанс в Южной Азии конец XIX – сер. XX века: история и перспективы | Зеркало, конец иллюзии. Или как удовлетворить тайно влюбленную, касающуюся кувшинами грудей отражения возлюбленного. Учение об отражении в 3-й главе «Тантра-алоки» Абхинавагупты"
корень,корень,public,предметный термин,5,4,1,От демонической к человеческой сексуальности? Индо-иранский миф о первобытном инцесте Ями и Ямы и его индоевропейские корни | Семантика глагольного корня bhram и его дериватов на материале древнеиндийского эпоса и поэзии | Расширение и распространение: о некоторых особенностях употребления глагольного корня bṛh в «Ригведе» | Семантика глагольного корня muc- и проблематика духовного освобождения в ведийских упанишадах
ладакх,ладакх,public,предметный термин,5,3,2,Борьба за собственный язык в Ладакхе (на материале полевых исследований) | Борьба за собственный язык в Ладакхе | Вопрос о дардском элементе в дотибетском населении Ладакха и Балтистана как лингвистическая проблема | Моравская миссия в Ладакхе. «Тибетское» христианство и вклад моравских братьев в развитие языка ладакхи
мантра,мантра,public,предметный термин,5,5,0,"Мантры в ведийских шраута-ритуалах. | Сура vs. сома в жертвоприношении Саутрамани: мифы, ритуальные действия, мантры | Комментарий к коренной мантре Ваджракилаи | Способы сокрытия мантр в тантрических текстах"
могольский,могольский,public,предметный термин,5,0,5,Калмаки в литературе и искусстве могольской Индии | Образ Йусуфа в могольской живописи: к вопросу атрибуции | К вопросу о могольском изобразительном «мультилингвизме» и культурной экстравертности | Мотив dad-u dām в могольском монаршем портрете: к вопросу о генезисе и семантике
мыслитель,мыслитель,public,предметный термин,5,5,0,Найти нормативную этику в традиционных текстах: сверхзадача и её решение мыслителями Бенгальского Возрождения. | «Открытие Индии» сквозь призму традиционного текста: опыт мыслителей Бенгальского Возрождения | Особенности интерпретации традиционных текстов мыслителями Бенгальского Возрождения | Традиция в интерпретации мыслителей Бенгальского Возрождения
наследие,наследие,public,предметный термин,5,5,0,Интерпретация идей Упанишад в философском наследии Р. Тагора: религиозная онтология | Трудности в изучении философского наследия Дигнаги: опыт переводчика и историка философии | «К истолкованию мифа о Махишамардани» в научном наследии М.И. Тубянского | Британское колониальное чиновничество в литературном наследии Дж. Оруэлла
натарадж,натарадж,public,предметный термин,5,4,1,Kaṇita Caturam 108: тамильский числовой квадрат из храма Натараджи в Чидамбараме | Рождение концепции иконографии Шивы Натараджи в скульптуре пещерных храмов Южной Индии | «Унмей вилаккам» как источник по иконологии Шивы Натараджи | Значение творчества Тирумулара для формирования изобразительного канона Шивы Натараджи в Чидамбараме
научный,научный,public,предметный термин,5,3,2,Научные связи Ф.И.Щербатского с британскими востоковедами в 1930-е гг | Улан-Баторский период в научной карьере Ю.Н. Рериха. 1926-1927 годы | Дарджилингский период в научной карьере Ю.Н. Рериха | «К истолкованию мифа о Махишамардани» в научном наследии М.И. Тубянского
оберхаммер,оберхаммер,public,предметный термин,5,5,0,Уроки Герхарда Оберхаммера. По следам перевода книги «Структуры йоговской медитации» | Г. Оберхаммер и проблема исследования когнитивного потенциала религиозного опыта | Абсолютная встреча как феномен трансцендентальной герменевтики Г. Оберхаммера | Основные идеи религиозной герменевтики Г. Оберхаммера в аспекте изучения вишишта-адвайта-веданты
определение,определение,public,предметный термин,5,4,1,"Что такое тантра? К вопросу об определении тантры/тантризма в современной тантрологии | К вопросу об определении понятия apratiṣṭhita-nirvāṇa | «Мудрость незапятнанная, окруженная свитой...». О структуре определения термина «abhidharma» в «Абхидхармакошабхашье» Васубандху | Почему Дигнага называет определение восприятия Васубандху асара (лишенным сути)? Медленное чтение «Прамана-самуччая-вритти» ("
ордалия,ордалия,public,предметный термин,5,3,2,Ордалия раскаленной монетой (taptamàşa): текст и реальность | Ордалия освященной водой (kosha) | Ордалия раскаленной монетой: шастрический текст и «свидетельства» испытаний | Ордалия весами: проблемы интерпретации результатов взвешивания
освобождение,освобождение,public,предметный термин,5,5,0,"Санньяса и Брахмалока: смерть, социальная или физическая, как опосредующий этап пути к освобождению в адвайта-веданте | «Наишкармья-сиддхи» (I. 52) Сурешвары как структура для реконструкции учения Шанкары об освобождении | Стадии пути к освобождению по «Найшкармья-сиддхи» (I.52) Сурешвары | Классификация видов духовного освобождения в индуистской тантре"
основа,основа,hidden,методическое слово без предметной привязки,5,4,1,Проблемы реконструкции системы йоги Патанджали на основе переводов «корневого» текста «Йога-сутр» и толкования Бходжи («Rājamārtaṇḍa») | Об особенностях индийской философии на основе южноазиатской схемы рациональности | Актуализация информативной основы средневекового текста Центральной Азии в современном мире (на примере «Тарих-и Рашиди» Мирзы Хайдара Дуглата») | Посвящение в знание мудрости в Гухьясамаджатантре (на основе Abhishekanirukti)
открытие,открытие,public,предметный термин,5,3,2,К истории поступления индийских памятников в Эрмитаж: новые открытия | Прагматика перечней в эпиграфическом тексте (к открытию надписей брахми III–II вв. до н.э. в Центральной Индии) | «Открытие Индии» сквозь призму традиционного текста: опыт мыслителей Бенгальского Возрождения | Открытие буддийской надписи брахми (II в. до н. э.) в Центральной Индии: к истокам традиции именования ранних буддийских школ
персонаж,персонаж,public,предметный термин,5,2,3,Основные сюжеты и персонажи индийского театра теней | Наги как персонажи непальских легенд | Рождение героя или сакрального персонажа в индийской повествовательной традиции (к интерпретации композиции «Сон Майи») | Текст – персонаж в древней махакавье
песня,песня,public,предметный термин,5,2,3,"Народные песни о Хардоле, принце Орччхи | Поэма «Десять песен»: перевод и чтение на тамильском языке | Особенности художественной структуры тамильской антологии «Калиттохей» (на примере песни 92) | Дидактика и символика в тибетской литературе (на примере «Песни о роге яка» из собрания «сто тысяч песен Миларепы»)"
пещерный,пещерный,public,предметный термин,5,2,3,Рождение концепции иконографии Шивы Натараджи в скульптуре пещерных храмов Южной Индии | Эволюция архитектуры джайнских пещерных храмов Махараштры в контексте скального зодчества Индии | Джайнские пещерные храмы Махараштры в контексте развития скальной архитектуры Индии | Эволюция струнного музыкального инструмента вины на материале скульптуры пещерных храмов южной Индии (I–X вв.)
письменность,письменность,public,предметный термин,5,4,1,Ю.Н. Рерих о происхождении монгольской письменности | Надписи на медных предметах протоиндийской письменностью | Удвоение знаков в протоиндийской письменности | Каталоги знаков хараппской письменности: материалы к сравнению
поздний,поздний,public,предметный термин,5,3,2,"Кушанская этимология, поздние бактро-скифские царства и интересные элементы индо-парфянской нумизматики | Поздний Р.Тагор и «Бхагавадгита»: переосмысляя концепцию о долге | Женские образы древнеиндийского эпоса и позднейшего фольклора на фоне норм дхармашастры | О поздней версии Калачакра-тантры"
последний,последний,public,предметный термин,5,3,2,Несколько этимологий арготических слов среднеазиатских цыган на фоне дискуссий последнего полувека об истории цыган | «Бахиранга-парибхаша»: последнее слово за Нагоджибхаттой или Бронкхорстом? | «Рамаяна» в драме Бхавабхути «Последние деяния Рамы» | К проблеме складывания сикхского двора и придворной культуры при последних шести гуру
предварительный,предварительный,public,предметный термин,5,3,2,"Предварительные замечания к проблеме речевого сбоя в древнеиндийской теории драмы | К анализу стиха Ригведа 1.120.11, или Предварительные заметки о ведийском автомобиле | Неварский «повествовательный свиток» в собрании МАЭ РАН (коллекция И. П. Минаева). Предварительное сообщение | Новые открытия на Гонур-тепе. Предварительное сообщение"
протоиндийский,протоиндийский,public,предметный термин,5,5,0,"Надписи на медных предметах протоиндийской письменностью | В поисках современного подхода к прозе Премчанда.Коровина Евгения Владимировна, Ренковская Евгения Алексеевна (Москва). Экспедиция к памятникам протоиндийской цивилизации на территории Индии | Вклад Ю.В. Кнорозова в исследование протоиндийских текстов. К 100-летию со дня рождения | Удвоение знаков в протоиндийской письменности"
путешествие,путешествие,public,предметный термин,5,2,3,По следам Петербуржца в Индии: путешествие князя Салтыкова | «Не одне грандиозныя прелести Гималаев»: итоги путешествия И. П. Минаева в Кумаон (1875) | Антропоморфная образность «игры знания»: телесная метафора и метафора путешествия | Путешествие И. П. Минаева в Непал: обстоятельства и результаты
размер,размер,public,предметный термин,5,5,0,Бенгальский стихотворный размер пояр и его разновидности | О возможности передачи санскритских стихотворных размеров в русских переводах | О методах описания санскритских классических стихотворных размеров | Традиционная классификация санскритских стихотворных размеров
раманудж,раманудж,public,предметный термин,5,5,0,"К анализу устройства «Шрибхашья» Рамануджи: содержание, композиция, стиль | К (посмертному) изданию полного перевода (В. С. Семенцова) «Гитабхашьи» Рамануджи на русском языке | «Гадья» Рамануджи: венец или крест исследователя философии вишишта-адвайты? | Проблемы перевода «Шрибхашьи» Рамануджи"
религиозно-философский,религиозно-философский,public,предметный термин,5,5,0,Вивекананда и его учителя: преемственность религиозно-философских взглядов | Г. Оберхаммер и его принципы изучения религиозно-философских текстов школы вишишта-адвайта-веданты | Образ индуизма в религиозно-философской мысли Бенгальского Ренессанса | Некоторые аспекты полемического дискурса в индийских религиозно-философских традициях
сборник,сборник,public,предметный термин,5,4,1,"Поэтическое представление о духовном и мирском благе в гимнах наянаров (сборник ""Деварам"") | Два новых сборника «индийских текстов» Далджита Награ | О сборнике садхан, переведенном Б. И. Панкратовым в 1930-е гг. в Пекине | Две поэмы на тему разлуки из тамильского сборника Паттуппатту: Муллейппатту и Недунальвадей. Опыт сравнения"
свами,свами,public,предметный термин,5,5,0,Особенности толкования Нового Завета в учении Свами Вивекананды | Телеологический аргумент в пользу существования Бога в учении Свами Вивекананды | Проповедь Личного Безличного Бога в учении Свами Вивекананды | История Индии в философской интерпретации Свами Вивекананды.
свет,свет,public,предметный термин,5,3,2,Индийская философия в свете компаративного подхода Поля Массон-Урселя | Несколько слов о «я» и Адвайте в свете узнавания себя как предельного обладающего в толкованиях Абхинавагупты на «Ишварапратьябхиджня-карике» Утпаладевы | Проблема квалия в свете буддийской философии | Европейская феноменология и буддизм в свете спора представителей кашмирской школы Пратьябхиджня с буддистами
североиндийский,североиндийский,public,предметный термин,5,3,2,Народно-разговорная речь и приемы ее стилизации в поэзии североиндийского бхакти | Небывальщины и парадоксы в средневековой североиндийской поэзии | «Зачин» в североиндийской поэзии бхакти | Ирония: «риторическая фигура» в Североиндийской поэзии бхакти
согласно,согласно,public,предметный термин,5,3,2,Роль языка в познании абсолютного согласно школе Гелук | Содержание первой главы Шрикалачакра-тантры согласно ее комментарию | Заметки о структуре расположения скульптурных изображений в храмовых комплексах согласно «Агни-пуране» | Samarasa и svasamvedya в абхишека-патале Хеваджра-тантры согласно Муктавалихеваджрапаньджике Ратнакарашанти
содержание,содержание,public,предметный термин,5,3,2,"К анализу устройства «Шрибхашья» Рамануджи: содержание, композиция, стиль | Трактат Марко Паллиса, предостерегающий Тибет о последствиях Кали-юги (об атрибутировании и содержании тибетского ксилографа из Архива музея Рерихов (Филиал Государственного музея Востока)) | Содержание первой главы Шрикалачакра-тантры согласно ее комментарию | О происхождении культурных архаизмов в позднем слое содержания «Махабхараты» (на примере темы воинских братств)"
соотношение,соотношение,public,предметный термин,5,2,3,"Вопрос о соотношении субъекта-пудгалы, дискретности мышления-читты и устойчивости характеристик личности в тексте «Катхаваттху» (фрагмент 1.1.193-1.1.196) | Особенности соотношения «лексема – понятие» в санскритских и палийских источниках | Проблема соотношения этики и знания в йоге и индуистской тантре | Соотношение «чистая земля» – «нечистая земля», «чистый народ – «нечистый народ» по материалам «Манусмрити» и «Артхашастры» Каутильи"
стих,стих,public,предметный термин,5,2,3,"К анализу стиха Ригведа 1.120.11, или Предварительные заметки о ведийском автомобиле | О стихах, приписываемых Бхартрихари | Переводы стихов на язык непали | Система образов поэзии кавья на примере лирических стихов из антологии Видьякары «Субхашитаратнакоша»"
строфа,строфа,public,предметный термин,5,3,2,"Почему у монаха-дигамбара рог на голове? Попытка интерпретации одной строфы из философского диспута в прахасане «Латакамелака» | О толковании первой строфы «Аштанга-хридаи» средневековыми комментаторами (на примере Арунадатты, Хемадри и Инду) | Как уложить пять формул в одну строфу? «Архивирующие» возможности санскрита в математических сочинениях средневековой Индии | Строфы о бодхичитте во второй главе Гухьясамаджа тантры"
существование,существование,public,предметный термин,5,3,2,Дхармакирти о существовании | Телеологический аргумент в пользу существования Бога в учении Свами Вивекананды | Дискуссия между буддистами и санкхьяиками о существовании и природе атмана в разделе «Атмапарикша» «Таттвасанграхи» Шанатаракшиты | Опровержение существования субъекта в полемике с вайшешиками по вопросу о существовании субъекта в «Пудгалавинишчае» Васубандху
схема,схема,public,предметный термин,5,4,1,Инородные предметы в ушах Благословенного: к слову об одной редкой иконографической схеме в буддийском искусстве | Об особенностях индийской философии на основе южноазиатской схемы рациональности | Сюжетные схемы санскритских джатак Харибхатты (IV–V в.) | Индийская схема рациональности и некоторые ее приложения к индийской философии
танка,танка,public,предметный термин,5,0,5,"Поталака – местопребывание Авалокитешвары и один из его образов в тибетской традиции. (Танка из собрания Кабинета Ю.Н. Рериха, ИВ РАН, Москва) | Изображение Канакавасты, архата из Кашмира: часть полиптиха или отдельная танка? (Танка из собрания Кабинета Ю.Н. Рериха, ИВ РАН, Москва) | Всадник Шамбалы (танка из собрания Мемориального кабинета Ю.Н. Рериха ИВ РАН) | Белый Старец. Танка из коллекции Кабинета Юрия Рериха (ИВ РАН, Москва)"
тантризм,тантризм,public,предметный термин,5,5,0,Что такое тантра? К вопросу об определении тантры/тантризма в современной тантрологии | Кула и кауладхарма: центральная универсалия индуистского тантризма. | Женщины-гуру в текстах индуистского тантризма | О телесном и духовном бессмертии в индуистском тантризме
типология,типология,public,предметный термин,5,4,1,Типология индийских аскетов по санскритским источникам | Интерпретация канонической типологии архатов в буддийских экзегетических источниках | Тамильские родственники в общедравидийском контексте: семантика и типология | От Индии до Кара-тепе: к типологии древнеиндийского эпиграфического текста
труд,труд,public,предметный термин,5,4,1,Метод кодировки чисел в трудах индийского математика Арьябхаты | «Наука поэзии» (Кавьяшастра) в трудах ранних аланкариков | О «новых» теориях действия в грамматических трудах Нагеши Бхатты | Санскритские наречия в трудах бенгальских грамматистов (Дживы Госвамина и Баларамы Панчананы)
фигура,фигура,public,предметный термин,5,4,1,Пенпавакутху: новая форма театра плоских фигур Кералы | Ирония: «риторическая фигура» в Североиндийской поэзии бхакти | Символические фигуры «Ригведы» (на примере гимна «К Речи») | Словесные фигуры и принцип «непрямого высказывания» (вакрокти) в средневековой поэтике
фрагмент,фрагмент,public,предметный термин,5,3,2,"Неатрибутированный санскритский фрагмент SI 3480 из Сериндийского фонда ИВР РАН | Санскритский фрагмент «Артхавинишчая-сутры» из Сериндийского фонда ИВР РАН | Вопрос о соотношении субъекта-пудгалы, дискретности мышления-читты и устойчивости характеристик личности в тексте «Катхаваттху» (фрагмент 1.1.193-1.1.196) | Тамильская баллада «Сказание о Кусалаване» (kucalavaṉ katai): особенности трактовки фрагмента «Рамаяны»"
христианский,христианский,public,предметный термин,5,5,0,Христианская книга на индийских языках XVI — XVII вв.: ретроспективный библиографический указатель | Христианская книга Индийского субконтинента XVI—XIX вв | Первопечатная христианская книга в Индии (XVI—XVII вв.) | О первых христианских миссионерах в Индии
царство,царство,public,предметный термин,5,1,4,"Описание Центральной Азии в «Хождении в пять индийских царств» | Кушанская этимология, поздние бактро-скифские царства и интересные элементы индо-парфянской нумизматики | Индийское царство и индийские диковины в средневековых ирландских рукописях XV в. «Романа об Александре» | Сказание об Индейском царстве» как источник представлений об Индии в древней Руси"
шиваитский,шиваитский,public,предметный термин,5,3,2,Вклад Абхинавагупты в развитие шиваитской доктрины философского монизма в отличной от адвайта- веданты парадигме | Роль «Тируттондар тирувандади» Намби Андар Намби в формировании шиваитского канона | «Тирумурейканда-пуранам» Умапати Шивачарьи как завершающее звено в формировании тамильского шиваитского канона | Место и роль Сундарара в структуре шиваитского канона «Панниру Тирумурей»
эпизод,эпизод,public,предметный термин,5,4,1,«Индийская „игра знания“: один эпизод культурного трансфера» | Плач матери Будды по мертвому сыну: об одном эпизоде из легенды о просветлении | В начале странствий. Эпизод абхинишкрамана в «Сутре о благом явлении царевича» | Прогулки по городу с Хануманом (один эпизод из «Рамаяны» и его параллели в Артхашастре Каутильи и в палийском каноне)
эпоха,эпоха,public,предметный термин,5,1,4,Отношения между государством Корё и Тибетом в эпоху Юань (конец XIII – начало XIV вв.) | К реконструкции языковых контактов в области Шангшунг в дотибетскую эпоху | Вербальный панегирик индийского монаршего портрета эпохи Моголов | Идеал sajjana в литературе гуптской эпохи
япония,япония,public,предметный термин,5,0,5,Угроза монгольских вторжений в Японию глазами Нитирэна | Интерпретация датировки появления буддизма в Японии в традиционных источниках и храмовых хрониках энги | Обращение к буддийским сутрам «неясного» происхождения при императорском дворе в Японии в VIII в | Будда Вайрочана и космология «Аватамсака- сутры» в Японии
японский,японский,public,предметный термин,5,0,5,Исследования древнеиндийских текстов как ключевое направление в ранней японской буддологии | Образ Ганеши в японском буддизме | Образ Рахулы в японских ритуальных текстах косики | Теория преемственности Дхармы в доктрине «сангоку маппо» в японском буддизме
абхидхармакош,абхидхармакош,public,предметный термин,4,4,0,Анализ аморальных поступков в «Абхидхармакоше» Васубандху | О значении термина «саутрантика» в «Абхидхармакоше» Васубандху | Абхидхармакоша: проблема авторства | От смерти к новому рождению. Учение о промежуточном существовании в «Абхидхармакоше» Васубандху
авалокитешвара,авалокитешвара,public,предметный термин,4,2,2,"Образы бодхисаттвы Авалокитешвары в коллекции Кабинета Рериха: Авалокитешвара – податель прозрения | Поталака – местопребывание Авалокитешвары и один из его образов в тибетской традиции. (Танка из собрания Кабинета Ю.Н. Рериха, ИВ РАН, Москва) | О гимне Авалокитешваре, приписываемом тибетскому царю Сонгцэн-гампо | Садханы Харихарихаривахана-Авалокитешвары (Авалокитешвары, восседающего на Вишну, гаруде и льве) из тибетского буддийского канона C"
адивась,адивась,public,предметный термин,4,4,0,Адиваси. Загадочное племя тода | Репрезентация образа адиваси в популярном индийском кинематографе | О стереотипизации адиваси в популярной культуре Индии | Современное искусство адиваси: некоторые особенности музейной репрезентации в Индии и Европе
археология,археология,public,предметный термин,4,1,3,Чанпинская битва 260 г. до н.э.: когда встречаются источники и археология | К проблеме происхождения варны кшатриев: культ воинской элиты в индоарийской традиции (по данным археологии и петроглифики) | «Археология» раннебуддийского доктринального текста на примере главы о буддхакшетрах («полях Будд») из Махавасту | Археология раннебуддийского доктринального текста на примере текста о буддхакшетрах из «Махавасту»
атомизм,атомизм,public,предметный термин,4,3,1,Две формы атомизма в буддизме | Проблемы атомизма по «Вимшике» Васубандху и «Аламбана-парикше» Дигнаги | Происхождение атомизма: лингвистическая гипотеза | Опровержение атомизма в трактате Васубандху Виджняптиматратасиддхи («Доказательство единственности сознания»)
буддист,буддист,public,предметный термин,4,0,4,Дискуссия между буддистами и санкхьяиками о существовании и природе атмана в разделе «Атмапарикша» «Таттвасанграхи» Шанатаракшиты | Полемика о субъекте между буддистами и ньяя-вайшешиками в «Таттвасанграхе» Шантаракшиты | Европейская феноменология и буддизм в свете спора представителей кашмирской школы Пратьябхиджня с буддистами | Спор Абхинавагупты и Утпаладевы с буддистами в первой части «Ишварапратьябхиджня-вимаршини»
буддология,буддология,public,предметный термин,4,1,3,Исследования древнеиндийских текстов как ключевое направление в ранней японской буддологии | О буддологии в тексте Abhisamayālaṅkāra (тиб. Mngon rtogs rgyan) | Ю.М. Парфионович: штрихи жизненного пути. Парфионович – продолжатель исследований Ю.Н. Рериха в области тибетологии. Совместная деятельность Ю.М. Парфионовича и В. С. Дылыковой по изучению и переводу «Калачакра-тантры». И.В. Григорьев. Ю.М. Парфионович и будущее отечественной буддологии | Дхарма и буддология. Актуальные проблемы
вальмик,вальмик,public,предметный термин,4,3,1,"Сита и Агни в «Рамаяне» Вальмики | Сита и Агни в «Рамаяне» Вальмики | «Мини-Бхагавадгита» в четвертой «книге» «Рамаяны» Вальмики | Отношение к женщине в эпосе (на примере «Рамаяны» Вальмики, «Адбхута Рамаяны» и «Адхьятма Рамаяны»)"
варна,варна,public,предметный термин,4,2,2,"К проблеме происхождения варны кшатриев: культ воинской элиты в индоарийской традиции (по данным археологии и петроглифики) | Теоморфные образы варн санскрита в контексте индуистской тантры | Варна – это фонема, буква, звук или …? | Варна – фон, фонема, звукотип"
взаимоотношение,взаимоотношение,public,предметный термин,4,2,2,Изменение межкастовых взаимоотношений в домусульманском Кашмире | Южноиндийские божества: некоторые аспекты гендерных взаимоотношений | Танцовщица и покровитель: начни и расик восточных областей Индии. Контексты взаимоотношений | О взаимоотношении религиозных конфессий в средневековом Тамилнаде
внутренний,внутренний,public,предметный термин,4,2,2,Внешние и внутренние связи индийского фольклора по данным каталога Ю.Е. Березкина и Е.Н. Дувакина | Религия как инструмент внутренней политики Индии | Символизм десяти воплощений Вишну во внутренней Калачакра-тантре | Рерихи во внутренней Монголии в 1935 г
воинский,воинский,public,предметный термин,4,2,2,К проблеме происхождения варны кшатриев: культ воинской элиты в индоарийской традиции (по данным археологии и петроглифики) | Элементы шаманских практик в воинских традициях Индии | К проблеме взаимодействия буддизма и воинской культуры у ойратов | О происхождении культурных архаизмов в позднем слое содержания «Махабхараты» (на примере темы воинских братств)
воплощение,воплощение,public,предметный термин,4,1,3,Дайва-арадхана Тулунаду (Южная Индия): сценарий и воплощение | Могольская концепция богоизбранности и светоносности и ее визуальное воплощение | Символизм десяти воплощений Вишну во внутренней Калачакра-тантре | Сюжет о воплощении Вишну в фольклорном тексте телугу (Матсьяватарам)
востоковед,востоковед,public,предметный термин,4,3,1,"Востоковед Павел Яковлевич Петров (1814–1875), его библиотека и архив | Научные связи Ф.И.Щербатского с британскими востоковедами в 1930-е гг | Индия в воспоминаниях востоковеда В. А. Иванова | Востоковед Ю.Н. Рерих: начало пути в науке"
герасим,герасим,public,предметный термин,4,3,1,Герасим Лебедев как этномузыколог: Лондонский концерт | Герасим Лебедев и британская элита колониальной Калькутты: момент разрыва | Герасим Лебедев и британская элита колониальной Калькутты | Новое о Герасиме Лебедеве
герменевтика,герменевтика,public,предметный термин,4,4,0,Абсолютная встреча как феномен трансцендентальной герменевтики Г. Оберхаммера | «Унмада нирукта». «Безумная этимология»: об особенностях мистической герменевтики тантры (на примере интерпретации первой мангала-шлоки «Тантралоки») | Основные идеи религиозной герменевтики Г. Оберхаммера в аспекте изучения вишишта-адвайта-веданты | Об астрологической герменевтике в медицинских текстах (Аюрведа)
глагольный,глагольный,public,предметный термин,4,3,1,Синтез глагольной словоформы в грамматике Панини | Семантика глагольного корня bhram и его дериватов на материале древнеиндийского эпоса и поэзии | Расширение и распространение: о некоторых особенностях употребления глагольного корня bṛh в «Ригведе» | Семантика глагольного корня muc- и проблематика духовного освобождения в ведийских упанишадах
действие,действие,public,предметный термин,4,3,1,"Проблема интерпретации действия в комментарии Шанкары на Бхагавадгиту | Сура vs. сома в жертвоприношении Саутрамани: мифы, ритуальные действия, мантры | О «новых» теориях действия в грамматических трудах Нагеши Бхатты | Проблема сновидения и «ошибочные действия» в натаке Бхасы «Свапнавасавадатта»"
деревня,деревня,public,предметный термин,4,4,0,"""Бхагавата мела натакам"": театр и ритуал в деревне Мелаттур (Тамилнад) | В деревне Ампития (Шри Ланка) через 100 лет после Людмилы Мерварт | Современные баулы: от деревни до концертного зала | Тема деревни в «Саттасаи»"
дигнагой,дигнагой,public,предметный термин,4,2,2,Опровержение позиции вайшешики Дигнагой | Трудности в изучении философского наследия Дигнаги: опыт переводчика и историка философии | Проблемы атомизма по «Вимшике» Васубандху и «Аламбана-парикше» Дигнаги | Почему Дигнага называет определение восприятия Васубандху асара (лишенным сути)? Медленное чтение «Прамана-самуччая-вритти» (
дипанкара,дипанкара,public,предметный термин,4,3,1,"Златоликие образы Дипанкары Будды и традиция проведения фестиваля Самьяк маха дана в Патане. Шишова-Маретина Ксения Александровна (Санкт-Петербург). Архетип опасной женственности в индуизме | Будда Дипанкара и традиция его почитания в Долине Катманду | Сюжет встречи с Дипанкарой: функциональная роль в текстовой традиции и возможные генетические связи | Будда Дипанкара, идущий по дороге. Сюжеты пророчества в ранней буддийской литературе"
дополнение,дополнение,public,предметный термин,4,4,0,"Атхарваведа 1.2. (Шаунака): дополнение к переводам | «Песни якшей», игры людей: о социальных, культурных и художественных особенностях якшаганы Карнатаки В программе возможны изменения и дополнения | «Бенгальский стиль» в индийском танце: традиционное, креативное, политическое измерения В программе возможны изменения и дополнения Приглашаются все желающие | «Ādau vāda āsīt»: о переводах Библии на санскрит. В программе возможны изменения и дополнения"
дхармакиртеть,дхармакиртеть,public,предметный термин,4,4,0,Дхармакирти о существовании | Четыре вида непосредственного восприятия в «Капле логики» Дхармакирти | «Функциональный подход» в «Вакьяпадии» и артхакрия в философии Дхармакирти | Бхартрихари и Дхармакирти о возможности рефлексивного акта познания
животное,животное,public,предметный термин,4,3,1,Вредные существа и животные в авестийской и ведической традиции | Способы изображения животных в литературной санскритской джатаке | Атиратра Агничаяна: замещение жертвенных животных в ритуалах | Образы фантастических животных в средневековой архитектуре Индии
жизненный,жизненный,public,предметный термин,4,2,2,Ритуальные предметы и украшения в контексте обрядов жизненного цикла неваров | Обряды «жизненного цикла» скульптуры по материалам пуран | Ю.М. Парфионович: штрихи жизненного пути. Парфионович – продолжатель исследований Ю.Н. Рериха в области тибетологии. Совместная деятельность Ю.М. Парфионовича и В. С. Дылыковой по изучению и переводу «Калачакра-тантры». И.В. Григорьев. Ю.М. Парфионович и будущее отечественной буддологии | Ритуалы жизненного цикла у народности лимбу
загадка,загадка,public,предметный термин,4,2,2,"Загадка саммелана-янтры в «Куньджитангхриставе» Умапати Шивачарьи | Загадка эдуки – монумента опрокинутого мира (эпиграфика, эпос, пураны) | Старый парк Пушпакарандаки (одна из загадок «Глиняной повозки») | Загадки поэмы Джаяси «Падмават»"
заимствование,заимствование,public,предметный термин,4,1,3,"Скифский язык, топонимы Скифии и Центральной Азии, индоевропейские языки: культурные заимствования из Индии и культур древнего Понта Эвксинского | Формулы и заимствования в средневековой лирике бхакти | Теория и практика заимствований санскритской литературной традиции | Тюркский каган и сасанидский шаханшах: к вопросу об идеологических заимствованиях древних тюрков у иранцев"
замечание,замечание,public,предметный термин,4,1,3,Несколько замечаний о Брахмане и сущем | Несколько замечаний о введении и первой части «Тирумантирама» | Предварительные замечания к проблеме речевого сбоя в древнеиндийской теории драмы | Замечания по формальной стороне Рикпратишакхьи
ив_ран,ив_ран,public,предметный термин,4,0,4,"Поталака – местопребывание Авалокитешвары и один из его образов в тибетской традиции. (Танка из собрания Кабинета Ю.Н. Рериха, ИВ РАН, Москва) | Изображение Канакавасты, архата из Кашмира: часть полиптиха или отдельная танка? (Танка из собрания Кабинета Ю.Н. Рериха, ИВ РАН, Москва) | Всадник Шамбалы (танка из собрания Мемориального кабинета Ю.Н. Рериха ИВ РАН) | Белый Старец. Танка из коллекции Кабинета Юрия Рериха (ИВ РАН, Москва)"
изобразительный,изобразительный,public,предметный термин,4,2,2,"Окна в иной мир: изобразительные тексты и линия жизни индийской художницы-парси Катаюн Саклат (1938- 2026): антропологический взгляд | Волосы Будды: паломнический и житийный нарратив, изобразительная традиция | К вопросу о могольском изобразительном «мультилингвизме» и культурной экстравертности | Значение творчества Тирумулара для формирования изобразительного канона Шивы Натараджи в Чидамбараме"
имперский,имперский,public,предметный термин,4,0,4,Этапы сложения имперской идеологии у средневековых монголов | Отражение монгольских имперских идей в средневековых вьетнамских источниках | Отражение монгольских имперских идей в тибетской историографии. LX РЕРИХОВСКИЕ ЧТЕНИЯ | Имперская идея или этнический стереотип? Концепт «монгол» в первой половине XIII в
инструмент,инструмент,public,предметный термин,4,2,2,Эволюция струнного музыкального инструмента вины на материале скульптуры пещерных храмов южной Индии (I–X вв.) | Музыкальные инструменты в руках богов. К вопросу об иконографических атрибутах в искусстве Индии V—Х вв | Интерпретация рельефа с изображением Дурги с музыкальными инструментами из буддийского пещерного храма Аурангабада | Религия как инструмент внутренней политики Индии
ирландский,ирландский,public,предметный термин,4,0,4,Индийское царство и индийские диковины в средневековых ирландских рукописях XV в. «Романа об Александре» | Легенда о рыбаке (на ирландском языке) | Описание Индии в средневековых ирландских источниках | (Великобритания). Сюжеты религиозного обращения в палийской и средневековой ирландской литературе. Нарративная традиция
кабир,кабир,public,предметный термин,4,2,2,Кабир о бхакти | Поэзия Кабира и раджастханский фольклор | Проповедь Кабира: некоторые особенности языка и стиля | Аспекты влияния религиозно-философских доктрин на творчество Кабира. Закрытие конференции
кали,кали,public,предметный термин,4,4,0,"Преображение богини Кали: точка зрения «Маханирвана-тантры» | Бхеру-джи и мать Кали в деревенском Раджастхане: мифы, культ, фольклор | Язык богини Кали. Я.В. Васильков. Эпические герои и боги (в «Махабхарате» и не только) | Язык богини Кали: проблемы интерпретации"
канонический,канонический,public,предметный термин,4,4,0,Формульное выражение yāvatī yānasya bhūmis в буддийских канонических текстах | Склонность к конфликтам в образе Махакашьяпы в буддийских канонических текстах | Интерпретация канонической типологии архатов в буддийских экзегетических источниках | «Тируттондар тирувандади» Намби Андара Намби (Роль редактора в формировании канонического списка бхактов-наянаров)
катманду,катманду,public,предметный термин,4,2,2,Фарс Шанкхадхары «Латакамелака» и ее рукопись из Библиотеки им. Кешара (Катманду) | Будда Дипанкара и традиция его почитания в Долине Катманду | Некоторые особенности праздника семи неварских селений юго-западной части Долины Катманду | Сакральная защита пространства долины Катманду
катхаваттх,катхаваттх,public,предметный термин,4,2,2,"Вопрос о соотношении субъекта-пудгалы, дискретности мышления-читты и устойчивости характеристик личности в тексте «Катхаваттху» (фрагмент 1.1.193-1.1.196) | Вопрос о божественности Будды в «Катхаваттху» 21.5—21.6 | Использование вторичного текста (цитирование) как средство ведения дискуссии в «Вопросе о субъекте (пудгале)» в «Катхаваттху 1.1» | Фрагмент дискуссии о пудгале в «Катхаваттху» I.1: пудгала и скандхи"
каутилья,каутилья,public,предметный термин,4,1,3,"Связка текст-смысл-мышление в «Артхашастре» Каутильи: уникальность и стандартность | Прогулки по городу с Хануманом (один эпизод из «Рамаяны» и его параллели в Артхашастре Каутильи и в палийском каноне) | Глава о надзирателе за архивом в «Артхашастре» Каутильи в контексте информации надписей времени Гуптов | Соотношение «чистая земля» – «нечистая земля», «чистый народ – «нечистый народ» по материалам «Манусмрити» и «Артхашастры» Каутильи"
кинематограф,кинематограф,public,предметный термин,4,4,0,"От демоницы к мстительнице: Переосмысление образа ведьмы в современном индийском кинематографе | «Глупец», «Незнакомец», «Человек-эпоха»: три ипостаси князя Мышкина в индийском кинематографе | Репрезентация образа адиваси в популярном индийском кинематографе | Старая сказка на новый лад: Девдас в индийском кинематографе 21 века"
когнитивный,когнитивный,public,предметный термин,4,3,1,Абхидхарма как когнитивная стратегия | Г. Оберхаммер и проблема исследования когнитивного потенциала религиозного опыта | Семантика терминологии родства в малых дравидийских языках: когнитивные аспекты | Восприятие и телесность в буддизме и в современных когнитивных концепциях «отелесненного ума» (embodied mind)
код,код,public,предметный термин,4,1,3,Исторические идеи просветительства Ахамади Дониша в культурном коде Таджикистана | Кришнаитские коды проповеди северо-индийского бхакти | Смена парадигмы? Числовые «коды» в структуре индийских математических сочинений древности и средневековья | Об интерпретационном коде ранневедийской литературы (вед. śatabhuji)
колониальный,колониальный,public,предметный термин,4,4,0,Проблема индианизации колониальной армии на страницах индийской прессы в 1910-х — 1940-х годах | Британское колониальное чиновничество в литературном наследии Дж. Оруэлла | Герасим Лебедев и британская элита колониальной Калькутты: момент разрыва | Герасим Лебедев и британская элита колониальной Калькутты
комплекс,комплекс,public,предметный термин,4,4,0,Ритуальный комплекс родильных обрядов в неварском буддизме | Ритуальный комплекс похоронных обрядов в неварском буддизме | Заметки о структуре расположения скульптурных изображений в храмовых комплексах согласно «Агни-пуране» | О «священной географии» в творчестве Тирунянасамбандара (шиваитский поэтический комплекс «Деварам»)
кочевник,кочевник,public,предметный термин,4,0,4,Ю.Н. Рерих о кочевниках Тибета | Магическое воздействие на погоду в культуре кочевников Центральной Азии | Отражение оппозиции «свой – чужой» в традиционных представлениях о землепользовании кочевников Центральной Азии | Степные кочевники – иранцы II тыс. до н. э. – I тыс. н. э. и их языки
кришна,кришна,public,предметный термин,4,4,0,Кришна исполняет зикр: следы влияния бхакти на суфизм братства Чиштийя | Как Кришна с Горакхой силой мерялись: Столкновение разных мистических течений в творчестве Малика Мухаммада Джаяси | Образ Кришны в Махабхагавата-пуране | Образ Кришны в поэзии Миры Баи
майя,майя,public,предметный термин,4,2,2,Майя в учениях новых индийских гуру — иллюзия или реальность | Рождение героя или сакрального персонажа в индийской повествовательной традиции (к интерпретации композиции «Сон Майи») | Концепт «майя» у Шанкары и Абхинавагупты: сходство и различие | Миф о Нараде из пуран: проблема интерпретации понятия майя в древнеиндийской текстовой традиции
махакавие,махакавие,public,предметный термин,4,2,2,«Шри Рамананда-чаритам» Рамбхадрачарьи как образец современной санскритской махакавьи | Сцены приема гостя в древней махакавье | Текст – персонаж в древней махакавье | Плач в составе древней махакавьи
маэ,маэ,public,предметный термин,4,4,0,Коллекция № ВХ ЭФЗК 495 для МАЭ (состав и значение) | О сюжетах по джатаке Махаджанака в сингальской коллекции МАЭ | Индо-иранская сабля-шамшир из собрания МАЭ | Меч-посох из собрания МАЭ
мерварт,мерварт,public,предметный термин,4,4,0,Александр Михайлович Мерварт: судьба ученого | Вспомнить все: ганджифа и забытая карточная игра «Сидаста» из коллекции А.М. и Л.А. Мервартов | Опись Л. А. Мерварт коллекции № 3015 в собрании МАЭ РАН как образец музейного документа | В деревне Ампития (Шри Ланка) через 100 лет после Людмилы Мерварт
методология,методология,public,предметный термин,4,2,2,"Индийские шастры с точки зрения современной методологии познания | Вьякарана: не наука о языке, а методология синтеза речи (философский подход) | Проблемы методологии при интертекстуальном анализе палийских и санскритских текстов | Как сравнивать индийскую и западную эпистемологию? Опыт создания методологии компаративного исследования"
миниатюра,миниатюра,public,предметный термин,4,2,2,"«… Есть некая рыба, которая чюдовидна имать»: возможные истоки и неочевидные связи одного композитного существа индийской миниатюры | Миниатюры рагамала в отечественных собраниях | Начало гирлянды. Первые известные серии миниатюр рагамала | Фронтальное и трёхчетвертное изображение лица в западно-индийской миниатюре XII–XV вв"
мира_баи,мира_баи,public,предметный термин,4,2,2,Бхаджаны-проповеди Миры Баи: к вопросу о стилистике жанра | «Лирическая героиня» Миры Баи | Образ Кришны в поэзии Миры Баи | Песенная техника проповеди Миры Баи: подступы к исследованию
монастырь,монастырь,public,предметный термин,4,1,3,Непальский монастырь Копан: встреча Востока и Запада | К идентификации тантрических изображений Ямантаки в монастыре Юнъань-сы 永安寺 провинции Шаньси 山西省 | «Стела монастыря Шакья 释迦院碑» 1257 г. в Монголии – изучение и анализ текста | Ритуал poṣadha в буддийских монастырях кушанского Термеза I – IV в. н. э. (реконструкция)
музыкальный,музыкальный,public,предметный термин,4,1,3,Эволюция струнного музыкального инструмента вины на материале скульптуры пещерных храмов южной Индии (I–X вв.) | Музыкальные колонны Южной Индии | Музыкальные инструменты в руках богов. К вопросу об иконографических атрибутах в искусстве Индии V—Х вв | Интерпретация рельефа с изображением Дурги с музыкальными инструментами из буддийского пещерного храма Аурангабада
найти,найти,public,предметный термин,4,3,1,"Найти нормативную этику в традиционных текстах: сверхзадача и её решение мыслителями Бенгальского Возрождения. | Вновь найденный ксилограф с санскритским алфавитом в трех графических вариантах, привезенный Д. Мессершмидтом из Сибири в 1727 г | Индийская монета, найденная при раскопках Тилля-тепе | Ян Потоцкий и тибетская рукопись, найденная в Калмыкии"
непосредственный,непосредственный,public,предметный термин,4,3,1,Четыре вида непосредственного восприятия в «Капле логики» Дхармакирти | Непосредственное восприятие как знание из слов по материалам «Веданта-парибхаши» Дхармараджи | Непосредственное восприятие через слово. По «Веданта-парибхаше» Дхармараджи | В чем непосредственность непосредственного восприятия в буддийской эпистемологии?
обращение,обращение,public,предметный термин,4,1,3,Сюжет «обращения братьев Кашьяпов» в «Сутре о благом явлении царевича»: неожиданные повороты | Обращение к буддийским сутрам «неясного» происхождения при императорском дворе в Японии в VIII в | Обращение к участникам конференции | (Великобритания). Сюжеты религиозного обращения в палийской и средневековой ирландской литературе. Нарративная традиция
огонь,огонь,public,предметный термин,4,2,2,"Огонь, вода и память: погребальные практики сикхов в мультикультурной среде | Самбхары в обряде установления жертвенных огней (agnyādheya) | Священные огни в шраута-ритуалах | Зороастрийский культ огня и ритуалы парсов Индии"
опровержение,опровержение,public,предметный термин,4,2,2,Опровержение позиции вайшешики Дигнагой | Опровержение существования субъекта в полемике с вайшешиками по вопросу о существовании субъекта в «Пудгалавинишчае» Васубандху | Проблемы интерпретации концепции восьми опровержений в «Катхаватху» | Опровержение атомизма в трактате Васубандху Виджняптиматратасиддхи («Доказательство единственности сознания»)
орисса,орисса,public,предметный термин,4,3,1,"«Местный колорит» в литературной традиции Ориссы | Ранние священные тексты на соранг-сомпенг как ключ к истории создания культа «Матар Баном» у племени сора (южные мунда, Орисса) | О некоторых особенностях росписей осакотхи (штат Орисса) | Санскритизация перформанса: преобразования традиций Bhūta-kolam (Тулунаду) и Chhau (Орисса)"
основной,основной,public,предметный термин,4,4,0,"Павакутху Кералы: артисты и основные сюжеты, мифо-ритуальные истоки исполнительских традиций | Основные сюжеты и персонажи индийского театра теней | Основные идеи религиозной герменевтики Г. Оберхаммера в аспекте изучения вишишта-адвайта-веданты | Эпос «Катама Раджу Катха» — основные особенности сюжета"
парибхаша,парибхаша,public,предметный термин,4,3,1,Трактовка панинийского термина savarṇa комментаторами парибхаш | Пример использования парибхаш при прочтении сутр Панини | Парибхаша — интерпретационные правила грамматики Панини | Особенности жанра парибхаша на примере сутр Апастамбы
парс,парс,public,предметный термин,4,3,1,Зороастрийский культ огня и ритуалы парсов Индии | Трансформации культурной идентичности парсов Бомбея | Община парсов в мультикультурном Бомбее (по произведениям Рохинтона Мистри) | «Сахар в молоке»: Ауто-представления об «индийском» и «персидском» в современной религиозной культуре парсов
поворот,поворот,public,предметный термин,4,1,3,«Третий поворот колеса дхармы» и его первые брахманистские оппоненты | Новый поворот традиции шраута: Сагничит Трисахасра Атиратра Сомаяга 2024 в Западной Бенгалии | Сюжет «обращения братьев Кашьяпов» в «Сутре о благом явлении царевича»: неожиданные повороты | «Культурологический поворот» в исследованиях Ю.Н. Рериха и Л.Н. Гумилёва
политика,политика,public,предметный термин,4,3,1,"«Во отдаленном краю границы пребывающий, исповедая веру манджушринову»: о буддийском дискурсе в калмыцкой политике императора Юнчжэна (1723–1735) | Манипури и Манипур: о танцах, искусстве и политике | Религия как инструмент внутренней политики Индии | Санскритизация и философские проблемы языковой политики"
посвящение,посвящение,public,предметный термин,4,3,1,Социовозрастная инициация и монашеское посвящение в неварском буддизме | Санскара «посвящение в ученики» (упанаяна): её место и значение в ряду других санскар и в древней разработке стратификации индийского общества | Дискуссия о четырех блаженствах: об одной стратегии для интерпретации истинной природы реальности в посвящении Хеваджра-тантры | Посвящение в знание мудрости в Гухьясамаджатантре (на основе Abhishekanirukti)
построение,построение,public,предметный термин,4,2,2,Принципы построения верениц древнеиндийских имён в «Вишнусахасранаме» («Махабхарата» XII.135) | Опыт построения словаря-тезауруса древнеиндийской лингвистической терминологии (на материале грамматики Панини) | Мантра и сутра как форма построения ведийских текстов | Буддийские святыни в «Записках» Сюань-Цзана: построение текста
почетный,почетный,public,предметный термин,4,1,3,Ритуал приема почетного гостя при жертвоприношениях сомы | Вратьи в контексте ритуала приема почетного гостя (atithi) | Прием почетного гостя-атитхи по материалам древнеиндийских ритуальных текстов | Прием почетного гостя-атитхи в санскритской текстовой традиции (по дхармасутре Апастамбы)
почитание,почитание,public,предметный термин,4,4,0,Будда Дипанкара и традиция его почитания в Долине Катманду | Традиции и ритуалы почитания манускриптов в писаниях шайва | Почитание Индры в Непале: живая архаика | Символика и способы почитания богини Тары в индуизме (с демонстрацией видеоматериалов)
предание,предание,public,предметный термин,4,3,1,Предание в тексте и предание в камне: сюжет просветления Будды на рельефе Большой Ступы в Санчи | От эпического предания до буддийского сказания и обратно: история Шьямы | Боги «из разряда синих» в предании о дарении чаши в «Лалитавистаре» | Тема времени в буддийских преданиях о Варанаси
представитель,представитель,public,предметный термин,4,2,2,Роль представителя династии Тхакури (Тхакуджуджу) в ритуальной передаче власти в Непале | Европейская феноменология и буддизм в свете спора представителей кашмирской школы Пратьябхиджня с буддистами | «Юный» как представитель измененного состояния сознания | Об особенностях самосознания представителей «низких каст» в современных условиях
призма,призма,public,предметный термин,4,2,2,"Тантрические парадигмы в игровых системах Востока: сравнительный анализ “Джняна чаупады” и “Салам намшак” сквозь призму индуистской и буддийской тантры | Индийская философия сознания через призму цивилизационной демаркации «Восток-Запад» | Журнал “Stepping stones” – гималайская культура, буддизм и философия перенниализма сквозь призму взглядов европейских исследователей | «Открытие Индии» сквозь призму традиционного текста: опыт мыслителей Бенгальского Возрождения"
природа,природа,public,предметный термин,4,3,1,Почему Брахман наделен природой звука (шабда-таттва)? | Дискуссия между буддистами и санкхьяиками о существовании и природе атмана в разделе «Атмапарикша» «Таттвасанграхи» Шанатаракшиты | Проблема уникальности природы человеческой души в философской системе Ямуначарьи | Дискуссия о четырех блаженствах: об одной стратегии для интерпретации истинной природы реальности в посвящении Хеваджра-тантры
проза,проза,public,предметный термин,4,4,0,"Сон Урмилы в современной индийской прозе | В поисках современного подхода к прозе Премчанда.Коровина Евгения Владимировна, Ренковская Евгения Алексеевна (Москва). Экспедиция к памятникам протоиндийской цивилизации на территории Индии | «Рассказ о рани Кетаки» Инш-алла Хана в контексте развития ранней прозы на хинди и урду | Сюжет «Повести о Насикете» Садала Мишры в контексте истории прозы хинди"
рабиндранат,рабиндранат,public,предметный термин,4,3,1,Понимание истории Индии в социальной философии Рабиндраната Тагора | Визуальная поэзия или поэтический рисунок Рабиндраната Тагора: традиция каллиграфии и фигуры-лампы | «Религия Человека»: свобода и традиция в философствовании Рабиндраната Тагора | Рабиндранат Тагор: уровни поэтического высказывания
раджастхан,раджастхан,public,предметный термин,4,4,0,"Бхеру-джи и мать Кали в деревенском Раджастхане: мифы, культ, фольклор | Особенности празднования Холи в Раджастхане (по материалам полевых исследований) | Катхпутли: народные марионетки Раджастхана | Сказители, музыканты и танцоры. К вопросу о происхождении и кастовой дхарме так называемых катхаков Раджастхана"
рассказ,рассказ,public,предметный термин,4,4,0,Рассказы для детей об аватарах Вишну | Рассказы о мастерстве в древнеиндийской городской литературе | Научно-фантастические рассказы Хумаюна Ахмеда | «Рассказ о рани Кетаки» Инш-алла Хана в контексте развития ранней прозы на хинди и урду
рельеф,рельеф,public,предметный термин,4,3,1,Предание в тексте и предание в камне: сюжет просветления Будды на рельефе Большой Ступы в Санчи | Конь без всадника и дерево джамбу: к интерпретации рельефа на восточных воротах Большой Ступы в Санчи | Интерпретация рельефа с изображением Дурги с музыкальными инструментами из буддийского пещерного храма Аурангабада | Изображение и текст: древнеиндийские рельефы и буддийские вербальные тексты
россия,россия,public,предметный термин,4,2,2,Пословицы и поговорки Индии и России как аспект межкультурной коммуникации (проектная деятельность на уроках языка хинди) | Россия и русские в произведениях Салмана Рушди | Ю.Н. Рерих и история индологии в России | Бог и человек в поэзии Тагора. От «Иша-упанишады» до «Писем о России»
символ,символ,public,предметный термин,4,2,2,"«Белые шапки»: интерпретации и эндемичность религиозного символа в начале XVIII в | Материальные атрибуты (лук, стрелы, топорик) как этнические символы автохтонов Шри Ланки | Символы в обозначении пространства и чисел и их истолкование (по текстам вастувидьи из пуран) | Интерпретация символов ‘ом’ и ‘сиддхам’ в мангала-шлоках санскритских рукописей"
сингал,сингал,public,предметный термин,4,4,0,О некоторых специфических жестах в бытовом этикете сингалов | Ведды глазами сингалов: в прошлом и настоящем | Неизвестный речевой феномен у сингалов Шри Ланки | Образ птицы в масочном театре сингалов (Шри Ланка)
синтез,синтез,public,предметный термин,4,4,0,"Синтез сложных слов tatpuruṣa и karmadhāraya в грамматике Панини | Синтез глагольной словоформы в грамматике Панини | Вьякарана: не наука о языке, а методология синтеза речи (философский подход) | Элементы культурного синтеза в бенгальской поэзии XVII века"
сит,сит,public,предметный термин,4,3,1,Сита и Агни в «Рамаяне» Вальмики | Сита и Агни в «Рамаяне» Вальмики | «Тень» Ситы и «призрак» Елены: две истории о похищенных жёнах | История Ситы и Рамы глазами современных индийских поэтов-мистиков и ее релевантность для современного индийского общества
сказка,сказка,public,предметный термин,4,4,0,Пещера дивов в сказке на языке парья | О не-волшебной помощнице в сказках парья: вариант фольклорного мотива | Старая сказка на новый лад: Девдас в индийском кинематографе 21 века | Индийский эпос «Дхола-Мару» и «Сказка о царе Салтане» А.С.Пушкина
словарь,словарь,public,предметный термин,4,3,1,Переписка О.Н. Бетлингка по поводу Петербургских словарей и судьба лексикографа | 101 синоним воды в ведийском словаре «Нигханту» | Этнокультурные особенности «Тибетско-русско-английского словаря с санскритскими параллелями» Ю.Н. Рериха | Словарь «Амаракоша» как отражение индийской картины мира
смена,смена,public,предметный термин,4,0,4,"Культ корзины у гондов, джайнская икона аягапатта и буддийский алтарь: еще раз о смене религиозной парадигмы в Древней Индии | Культ корзины в Древней Индии и смена религиозной парадигмы | Смена парадигмы? Числовые «коды» в структуре индийских математических сочинений древности и средневековья | Смена мотивировок в средневековом тексте: две «Рамаяны»"
современность,современность,public,предметный термин,4,3,1,Изменение роли яджаманы в шраута-ритуалах: традиция и современность | Этнографические группы веддов (история и современность) | Южноиндийский театр теней «толпава кутху»: традиция и современность | Брахмаракшас: от древности к современности
создание,создание,public,предметный термин,4,3,1,"Ранние священные тексты на соранг-сомпенг как ключ к истории создания культа «Матар Баном» у племени сора (южные мунда, Орисса) | Мифологии северных мунда как источник для реконструкции сюжета создания человека у населения евразийских степей в эпоху бронзы C | «Саттрия: опыт создания классического танца в современном Ассаме» | Как сравнивать индийскую и западную эпистемологию? Опыт создания методологии компаративного исследования"
сообщение,сообщение,public,предметный термин,4,3,1,"Сообщение о смерти Чингис-хана в русских летописях | Неварский «повествовательный свиток» в собрании МАЭ РАН (коллекция И. П. Минаева). Предварительное сообщение | Новые открытия на Гонур-тепе. Предварительное сообщение | Перевод Г.С.Лебедевым поэмы Бхарат Чондро Рая «Биддешундор» (по рукописи, хранящейся в РГИА). Предварительное сообщение"
состав,состав,public,предметный термин,4,4,0,Коллекция № ВХ ЭФЗК 495 для МАЭ (состав и значение) | Сказание о Ратнакалике (в составе поэмы «Лор и Чандрани») | О звуковом составе ведийского текста | Плач в составе древней махакавьи
сосуд,сосуд,public,предметный термин,4,4,0,Танцы с сосудами и вокруг. Гарба Гуджарата и сходные обряды и представления Южной Азии | Размышления по поводу двух древнегреческих сосудов (XVI — VII вв. до н. э.) | Метафора сосуда в непальском буддизме | Чудесный сосуд Манимехалей: попытка интерпретации
сотериологический,сотериологический,public,предметный термин,4,3,1,Анаттавада «палийского Будды» в её философских и сотериологических координатах | Сотериологический ракурс «йогического суицида» (utkrānti) в традиционной индуистской йоге и тантре | Сотериологическая доктрина Шри-вайшнавизма в трактате Пиллея Локачарьи «Мумукшупади» | Формула «бхукти — мукти» и сотериологический антиномизм индуистской тантры
сотериология,сотериология,public,предметный термин,4,2,2,"Особая священная игра» Гулабрао Махараджа как игровая модель индуистской сотериологии: космология, философия и бхакти | Metta–Karaṇīya – Любовь как этический императив в раннебуддийской сотериологии на материале Метта сутты и Тевиджджа сутты Палийского канона | Онтология и сотериология «Ананда-сутр» П.Р. Саркара | Множественность будд и сотериология махасангхиков"
старый,старый,hidden,оценочное или служебное слово заголовка,4,3,1,Старый парк Пушпакарандаки (одна из загадок «Глиняной повозки») | Старая сказка на новый лад: Девдас в индийском кинематографе 21 века | Тема весны в старой тамильской поэзии | (Москва). Тема марудам в старой тамильской поэзии
субъект,субъект,public,предметный термин,4,0,4,Полемика о субъекте между буддистами и ньяя-вайшешиками в «Таттвасанграхе» Шантаракшиты | Использование вторичного текста (цитирование) как средство ведения дискуссии в «Вопросе о субъекте (пудгале)» в «Катхаваттху 1.1» | Опровержение существования субъекта в полемике с вайшешиками по вопросу о существовании субъекта в «Пудгалавинишчае» Васубандху | Еще раз о субъекте: «Ишварапратьябхиджня-вимаршини» Абхинавагупты
судьба,судьба,public,предметный термин,4,4,0,Александр Михайлович Мерварт: судьба ученого | Переписка О.Н. Бетлингка по поводу Петербургских словарей и судьба лексикографа | Индийские божества судьбы и их индоевропейские параллели | Человек и судьба (в пословицах хинди)
таттвасанграха,таттвасанграха,public,предметный термин,4,2,2,Коммуникативный дискурс трактата «Таттвасанграха» | Полемика с мимансаками об атмане в «Таттвасанграхе» Шантаракшиты | Дискуссия между буддистами и санкхьяиками о существовании и природе атмана в разделе «Атмапарикша» «Таттвасанграхи» Шанатаракшиты | Полемика о субъекте между буддистами и ньяя-вайшешиками в «Таттвасанграхе» Шантаракшиты
третий,третий,public,предметный термин,4,3,1,«Третий поворот колеса дхармы» и его первые брахманистские оппоненты | Возвращаясь к третьей книге Махабхараты: новый взгляд | Еще раз о буквальном переводе третьей версии «Калачакра-тантры» Буддийского канона | «Третье измерение» в непальской поэзии
фон,фон,public,предметный термин,4,3,1,"Гадание о суженом по зеркалу в «Махабхарате»: индоиранский и индоевропейский фон | Несколько этимологий арготических слов среднеазиатских цыган на фоне дискуссий последнего полувека об истории цыган | Женские образы древнеиндийского эпоса и позднейшего фольклора на фоне норм дхармашастры | Варна – фон, фонема, звукотип"
художественный,художественный,public,предметный термин,4,2,2,"Образ вишаканья в художественной культуре древней и средневековой Индии | Феномен речевого сбоя как средство художественной выразительности в структуре классической санскритской драмы | Особенности художественной структуры тамильской антологии «Калиттохей» (на примере песни 92) | «Песни якшей», игры людей: о социальных, культурных и художественных особенностях якшаганы Карнатаки В программе возможны изменения и дополнения"
царский,царский,public,предметный термин,4,2,2,Мотив царской процессии в жизнеописаниях Будды | Тема царской охоты (на материале письменных памятников Индии и Ирландии) | Царские наложницы в санскритских и античных источниках | Некоторые наблюдения над царской титулатурой индо-греков. 4. С.-
через,через,public,предметный термин,4,2,2,Индийская философия сознания через призму цивилизационной демаркации «Восток-Запад» | В деревне Ампития (Шри Ланка) через 100 лет после Людмилы Мерварт | Айодхья через 20 лет после конфликта: о современных проявлениях индуистского фундаментализма (наблюдения и немного размышлений) | Непосредственное восприятие через слово. По «Веданта-парибхаше» Дхармараджи
чтение,чтение,public,предметный термин,4,1,3,Отражение монгольских имперских идей в тибетской историографии. LX РЕРИХОВСКИЕ ЧТЕНИЯ | Поэма «Десять песен»: перевод и чтение на тамильском языке | Почему Дигнага называет определение восприятия Васубандху асара (лишенным сути)? Медленное чтение «Прамана-самуччая-вритти» ( | Санскритские квантитативные стихотворные размеры: реконструкция чтения
шастр,шастр,public,предметный термин,4,1,3,Индийские шастры с точки зрения современной методологии познания | Панчатантра как шастра и как тантра | Уровень смысла в текстах шастр: концепты или понятия? | Махабхарата и шастры в ранней индийской эпиграфике
шраута-ритуал,шраута-ритуал,public,предметный термин,4,1,3,Священные огни в шраута-ритуалах | Мантры в ведийских шраута-ритуалах. | К вопросу о замещениях (pratinidhi) при проведении шраута-ритуалов | Изменение роли яджаманы в шраута-ритуалах: традиция и современность
экспедиция,экспедиция,public,предметный термин,4,3,1,"Экспедиция Психо-Неврологического института в Индию в 1913 | Вклад Ю.Н. Рериха в историю российских экспедиций в Центральную Азию. К 100-летию начала Центрально-Азиатской экспедиции Н.К. Рериха | Российская экспедиция в Ассам 1911-1912 гг | В поисках современного подхода к прозе Премчанда.Коровина Евгения Владимировна, Ренковская Евгения Алексеевна (Москва). Экспедиция к памятникам протоиндийской цивилизации на территории Индии"
эпистемология,эпистемология,public,предметный термин,4,4,0,Прамана-вада «Таттва-сандарбхи» Дживы Госвами в оптике неклассической эпистемологии науки | Вьявахара как универсум установления достоверности знания в индийской эпистемологии и логике (праманаваде) | Как сравнивать индийскую и западную эпистемологию? Опыт создания методологии компаративного исследования | В чем непосредственность непосредственного восприятия в буддийской эпистемологии?
этнографический,этнографический,public,предметный термин,4,4,0,Этнографические сборы В.И. Липского на Цейлоне в начале XX в | Архетип двойничества в романе С. Рушди «Ярость»: этнографический субстрат | Этнографические группы веддов (история и современность) | Старинные португальские частушки в этнографическом контексте Южной Азии
явление,явление,public,предметный термин,4,2,2,Сюжет «обращения братьев Кашьяпов» в «Сутре о благом явлении царевича»: неожиданные повороты | Разрази его гром! Метеорологические явления в песенном фольклоре на диалектах хинди Центральной Индии | В начале странствий. Эпизод абхинишкрамана в «Сутре о благом явлении царевича» | «Казаклык как социальное явление»
абсолютный,абсолютный,public,предметный термин,3,2,1,Роль языка в познании абсолютного согласно школе Гелук | Абсолютная встреча как феномен трансцендентальной герменевтики Г. Оберхаммера | Символические модели Абсолютного Сознания в религиозно-мистической философии Кашмирского шиваизма. Некоторые методологические вопросы
аватар,аватар,public,предметный термин,3,3,0,Рассказы для детей об аватарах Вишну | Концепция аватар Вишну в поэме Магхи «Шишупалавадха» | Интерпретация учения об аватарах Вишну в «Девибхагавата-пуране»
автор,автор,public,предметный термин,3,2,1,«Город победы» Рушди — ответ «Рамаяне» самого скандального автора 20 столетия | Практики движения праны в текстах кашмирских авторов | Несколько индийских слов в передаче античных авторов
адвайта,адвайта,public,предметный термин,3,2,1,Вклад Абхинавагупты в развитие шиваитской доктрины философского монизма в отличной от адвайта- веданты парадигме | Монистический теизм (адвайта-ишваравада) Абхинавагупты в сопоставлении с ишваравадой адвайты Шанкары на материале их комментариев к «Бхагавадгите». | Агамы как источник философии радикальной Адвайты
айодхие,айодхие,public,предметный термин,3,3,0,"'Айодхья Махатмья'. Средневековый путеводитель по Айодхье и его топонимы на современной карте города | Рамаитская поэзия Айодхьи XIX-XX вв.: образы, смыслы и подходы к переводу на русский язык | Айодхья через 20 лет после конфликта: о современных проявлениях индуистского фундаментализма (наблюдения и немного размышлений)"
акт,акт,public,предметный термин,3,3,0,"Источники сознания, компоненты познавательного акта и учение о трех мирах в Абхидхарма-самуччае Асанги | Бхартрихари и Дхармакирти о возможности рефлексивного акта познания | Психология акта самопожертвования в изображении драматургов 7-го века"
актуальный,актуальный,hidden,оценочное или служебное слово заголовка,3,3,0,Дхарма и буддология. Актуальные проблемы | Потенциальное и актуальное в буддийском учении о восприятии | Актуальные проблемы изучения «Бхагавадгиты»
алфавит,алфавит,public,предметный термин,3,2,1,"Неприzнанный zнак: вопрос о модернизации бенгальского алфавита в современном медиапространстве | Вновь найденный ксилограф с санскритским алфавитом в трех графических вариантах, привезенный Д. Мессершмидтом из Сибири в 1727 г | Символизм санскритского алфавита (али-кали) в Калачакра-тантре"
античный,античный,public,предметный термин,3,1,2,«Век Кроноса» и «Сатья-юга»: два вида «первобытного коммунизма» и античных теорий социогенеза | Царские наложницы в санскритских и античных источниках | Несколько индийских слов в передаче античных авторов
архив,архив,public,предметный термин,3,2,1,"Востоковед Павел Яковлевич Петров (1814–1875), его библиотека и архив | Трактат Марко Паллиса, предостерегающий Тибет о последствиях Кали-юги (об атрибутировании и содержании тибетского ксилографа из Архива музея Рерихов (Филиал Государственного музея Востока)) | Глава о надзирателе за архивом в «Артхашастре» Каутильи в контексте информации надписей времени Гуптов"
асанга,асанга,public,предметный термин,3,3,0,"Идеи йогачары в трактате Асанги «Абхидхармасамуччая» (первая глава) | Место «Компендиума Абхидхармы» Асанги в философии буддизма махаяны | Источники сознания, компоненты познавательного акта и учение о трех мирах в Абхидхарма-самуччае Асанги"
астрологический,астрологический,public,предметный термин,3,2,1,Астрологические манускрипты на танкри из коллекции Кхубрама Кхушдиля (Химачал-Прадеш): особенности текстов и датировка | Джьотиша и Аюрведа: астрологическая семантика в классической индийской медицине | Об астрологической герменевтике в медицинских текстах (Аюрведа)
атрибуция,атрибуция,public,предметный термин,3,1,2,Образ Йусуфа в могольской живописи: к вопросу атрибуции | Живопись и графика Гималайского региона в коллекции И.П.Минаева (МАЭ РАН): некоторые аспекты атрибуции и интерпретации | «Костыль факира»: атрибуция и некоторые вопросы бытования
аурангабад,аурангабад,public,предметный термин,3,0,3,"Богиня с гхантой и гхатом. Дурга (?) в иконографической программе буддийского храма Аурангабада | Интерпретация рельефа с изображением Дурги с музыкальными инструментами из буддийского пещерного храма Аурангабада | Образ карлика в иконографической программе индийского храма (Аджанта, Эллора, Аурангабад) V – X вв"
ашвагхошить,ашвагхошить,public,предметный термин,3,1,2,«Жизнь Будды» Ашвагхоши и Серебряный век русской культуры | История Капилавасту в поэме Ашвагхоши «Саундарананда» | Стиль кавья в двух описаниях спящего гарема – в «Рамаяне» и в «Жизни Будды» Ашвагхоши
баул,баул,public,предметный термин,3,3,0,Современные баулы: мистики или артисты | Современные баулы: от деревни до концертного зала | Концепция совершенного человека в творчестве народных певцов – баулов
библиотека,библиотека,public,предметный термин,3,3,0,"Фарс Шанкхадхары «Латакамелака» и ее рукопись из Библиотеки им. Кешара (Катманду) | Востоковед Павел Яковлевич Петров (1814–1875), его библиотека и архив | Коллекция индийских рукописей рукописного фонда библиотеки СПбГУ"
биография,биография,public,предметный термин,3,2,1,«История Тирумулара»: биография бхакта и биография сиддха | Чудеса и проповеди в лесу Урувильва. Первые последователи Будды по китайской версии биографии Будды (III в.) | Ранние китайские версии биографии Будды: сюжет подношения рисовой каши
благо,благо,public,предметный термин,3,2,1,"Поэтическое представление о духовном и мирском благе в гимнах наянаров (сборник ""Деварам"") | Сюжет «обращения братьев Кашьяпов» в «Сутре о благом явлении царевича»: неожиданные повороты | В начале странствий. Эпизод абхинишкрамана в «Сутре о благом явлении царевича»"
бодхисаттва,бодхисаттва,public,предметный термин,3,1,2,Образы бодхисаттвы Авалокитешвары в коллекции Кабинета Рериха: Авалокитешвара – податель прозрения | Обучение Бодхисаттвы в «Лалитавистаре» | Элементы игровой поэтики в махаянском описании ступеней бодхисаттвы в текстах «Большой Праджняпарамиты»
большой,большой,public,предметный термин,3,2,1,Предание в тексте и предание в камне: сюжет просветления Будды на рельефе Большой Ступы в Санчи | Конь без всадника и дерево джамбу: к интерпретации рельефа на восточных воротах Большой Ступы в Санчи | Элементы игровой поэтики в махаянском описании ступеней бодхисаттвы в текстах «Большой Праджняпарамиты»
брат,брат,public,предметный термин,3,2,1,Сюжет «обращения братьев Кашьяпов» в «Сутре о благом явлении царевича»: неожиданные повороты | «Моя мать и твоя мать – какая родня?» Об обозначениях братьев и сестер и возможностях прадравидийской реконструкции | Моравская миссия в Ладакхе. «Тибетское» христианство и вклад моравских братьев в развитие языка ладакхи
вайшешик,вайшешик,public,предметный термин,3,2,1,Опровержение позиции вайшешики Дигнагой | Опровержение существования субъекта в полемике с вайшешиками по вопросу о существовании субъекта в «Пудгалавинишчае» Васубандху | Шанкара как критик категорий вайшешики
вастувидие,вастувидие,public,предметный термин,3,0,3,Символы в обозначении пространства и чисел и их истолкование (по текстам вастувидьи из пуран) | Сакральная «геология» в системе знаний вастувидьи (науки о строительстве и зодчестве) в пуранах | Строительный ритуал и его роль в текстах вастувидьи (по материалам пуран)
вербальный,вербальный,public,предметный термин,3,1,2,Вербальный панегирик индийского монаршего портрета эпохи Моголов | «Цветомыслие» в Древней Индии (вербальный текст и стенопись) | Изображение и текст: древнеиндийские рельефы и буддийские вербальные тексты
взаимодействие,взаимодействие,public,предметный термин,3,2,1,Чайтья в трех версиях «Лалитавистары»: взаимодействие текста и паломнической традиции | К проблеме взаимодействия буддизма и воинской культуры у ойратов | Эволюция жанра шахрашуб в контексте взаимодействия персоязычной литературы и литературы урду
вид,вид,public,предметный термин,3,3,0,Четыре вида непосредственного восприятия в «Капле логики» Дхармакирти | Классификация видов духовного освобождения в индуистской тантре | «Век Кроноса» и «Сатья-юга»: два вида «первобытного коммунизма» и античных теорий социогенеза
видеоматериал,видеоматериал,public,предметный термин,3,3,0,Саттрия: рождение нового индийского классического танца в Ассаме Лаборатория «Театрика» (Москва – С.-Петербург). Видеоматериал по традиции чхоу | «Мадхан-кам» – народная драма Северной Бенгалии (с демонстрацией видеоматериалов) | Символика и способы почитания богини Тары в индуизме (с демонстрацией видеоматериалов)
визуальный,визуальный,public,предметный термин,3,1,2,Визуальная поэзия или поэтический рисунок Рабиндраната Тагора: традиция каллиграфии и фигуры-лампы | Могольская концепция богоизбранности и светоносности и ее визуальное воплощение | Сравнительный анализ генезиса рефлексии в индийской и европейской философских традициях: визуальные и лингвистические детерминанты
вишишта-адвайта-ведант,вишишта-адвайта-ведант,public,предметный термин,3,3,0,Философское учение Веданта Дешики в системе вишишта-адвайта-веданты | Основные идеи религиозной герменевтики Г. Оберхаммера в аспекте изучения вишишта-адвайта-веданты | Г. Оберхаммер и его принципы изучения религиозно-философских текстов школы вишишта-адвайта-веданты
власть,власть,public,предметный термин,3,1,2,Роль представителя династии Тхакури (Тхакуджуджу) в ритуальной передаче власти в Непале | Власть как дар Неба | Представления об обществе и власти в «Бхагавата-пуране»
воспоминание,воспоминание,public,предметный термин,3,1,2,Индия в воспоминаниях востоковеда В. А. Иванова | Из воспоминаний о детстве на Онеге | Воспоминание как основание для тождества «Я» в «Ишварапратьябхиджня-вимаршини» Абхинавагупты
встреча,встреча,public,предметный термин,3,2,1,Непальский монастырь Копан: встреча Востока и Запада | Абсолютная встреча как феномен трансцендентальной герменевтики Г. Оберхаммера | Сюжет встречи с Дипанкарой: функциональная роль в текстовой традиции и возможные генетические связи
генезис,генезис,public,предметный термин,3,2,1,Мотив dad-u dām в могольском монаршем портрете: к вопросу о генезисе и семантике | Бонкимчондро Чоттопаддхай и генезис неоиндуизма в Бенгалии | Сравнительный анализ генезиса рефлексии в индийской и европейской философских традициях: визуальные и лингвистические детерминанты
гималаи,гималаи,public,предметный термин,3,2,1,В.В. Верещагин и И.П. Минаев: русские путешественники в Гималаях | «Не одне грандиозныя прелести Гималаев»: итоги путешествия И. П. Минаева в Кумаон (1875) | Богини и деревья желаний в индуизме Центральных Гималаев
гималайский,гималайский,public,предметный термин,3,0,3,"Журнал “Stepping stones” – гималайская культура, буддизм и философия перенниализма сквозь призму взглядов европейских исследователей | Две тханки из собрания И.П. Минаева (МАЭ РАН) и традиция странствующих рассказчиков (лама манипа) в Гималайском регионе | Живопись и графика Гималайского региона в коллекции И.П.Минаева (МАЭ РАН): некоторые аспекты атрибуции и интерпретации"
гость,гость,public,предметный термин,3,0,3,Ритуал приема почетного гостя при жертвоприношениях сомы | Вратьи в контексте ритуала приема почетного гостя (atithi) | Сцены приема гостя в древней махакавье
государственный,государственный,public,предметный термин,3,1,2,"Многообразие форм Шивы на примере коллекции Государственного музея истории религии | Трактат Марко Паллиса, предостерегающий Тибет о последствиях Кали-юги (об атрибутировании и содержании тибетского ксилографа из Архива музея Рерихов (Филиал Государственного музея Востока)) | Божества и образы триграмм китайской «Книги Перемен» на свитке из коллекции Рерихов в Государственном Музее Востока"
группа,группа,public,предметный термин,3,3,0,Приемы композиции групп текстов в палийской «Типитаке» | Этнографические группы веддов (история и современность) | Вытеснение согласного во избежание возникновения тяжелой группы трех шумных согласных в индоиранском
гуджарат,гуджарат,public,предметный термин,3,3,0,Танцы с сосудами и вокруг. Гарба Гуджарата и сходные обряды и представления Южной Азии | Bhavāi Гуджарата: о культурном смысле и социальных функциях традиционного театра | Живая традиция ритуальных росписей Питхоро в Гуджарате: полевые данные 2012 г
далджито,далджито,public,предметный термин,3,3,0,Два новых сборника «индийских текстов» Далджита Награ | «Рамаяна» Далджита Награ — новый текст индийской диаспоры | Текст «индийской диаспоры» в поэзии Далджита Награ
данные,данные,public,предметный термин,3,2,1,Внешние и внутренние связи индийского фольклора по данным каталога Ю.Е. Березкина и Е.Н. Дувакина | К проблеме происхождения варны кшатриев: культ воинской элиты в индоарийской традиции (по данным археологии и петроглифики) | Древние южноазиатско-африканские связи (по данным фольклора и мифологии)
день,день,public,предметный термин,3,1,2,Вклад Ю.В. Кнорозова в исследование протоиндийских текстов. К 100-летию со дня рождения | Памятные даты – стимул к новым поискам: 150 лет со дня рождения Павла Риттера и 120 лет со дня рождения Юрия Рериха. (доклад онлайн) | Тибетский идиом области Амдо в наши дни: между диалектом и языком
дерево,дерево,public,предметный термин,3,3,0,"Конь без всадника и дерево джамбу: к интерпретации рельефа на восточных воротах Большой Ступы в Санчи | У сингальских мастеров по дереву (Шри Ланка, осень 2014 г.) | Богини и деревья желаний в индуизме Центральных Гималаев"
дешик,дешик,public,предметный термин,3,3,0,О философской и религиозной значимости некоторых текстов Веданта Дешики | Философское учение Веданта Дешики в системе вишишта-адвайта-веданты | Историографический обзор философско-поэтического наследия Ведантачарьи (Веданта Дешики)
джаясь,джаясь,public,предметный термин,3,3,0,Как Кришна с Горакхой силой мерялись: Столкновение разных мистических течений в творчестве Малика Мухаммада Джаяси | Загадки поэмы Джаяси «Падмават» | Терминология суфийской проповеди в «Падмават» Малика Мухаммада Джаяси
диалог,диалог,public,предметный термин,3,2,1,Ведантийско-буддийский полемический диалог в «Брахмасутрабхашье» | «Диалоги об индусской философии» Кришномохана Банерджи: история мысли в интерпретации индийского христианина | Диалоги в ранних Упанишадах: от агона к риторике
доклад,доклад,public,предметный термин,3,0,3,Некоторые особенности культа Белого старца в Сиккиме. (доклад онлайн) | Памятные даты – стимул к новым поискам: 150 лет со дня рождения Павла Риттера и 120 лет со дня рождения Юрия Рериха. (доклад онлайн) | Философия и практики самоповреждающего поведения в тамильском бхакти (доклад онлайн)
долина,долина,public,предметный термин,3,1,2,Будда Дипанкара и традиция его почитания в Долине Катманду | Некоторые особенности праздника семи неварских селений юго-западной части Долины Катманду | Сакральная защита пространства долины Катманду
дурга,дурга,public,предметный термин,3,1,2,Локальные варианты Дурга Пуджи в Колкате | Богиня с гхантой и гхатом. Дурга (?) в иконографической программе буддийского храма Аурангабада | Интерпретация рельефа с изображением Дурги с музыкальными инструментами из буддийского пещерного храма Аурангабада
дхармашастр,дхармашастр,public,предметный термин,3,1,2,Женские образы древнеиндийского эпоса и позднейшего фольклора на фоне норм дхармашастры | «Очищение от терниев» в «Артхашастре» и дхармашастрах | Ордалии в дхармашастрах
жена,жена,public,предметный термин,3,1,2,«Тень» Ситы и «призрак» Елены: две истории о похищенных жёнах | Похищение и возвращение жён в древнеиндийском эпосе и параллели в древнегреческих сюжетах | Модели мотивации понятий «муж» и «жена» в дравидийских языках
жертвоприношение,жертвоприношение,public,предметный термин,3,2,1,"Мадхупарка при жертвоприношениях сомы в ритуале Атитхьешти (ātithyeṣṭi) | Ритуал приема почетного гостя при жертвоприношениях сомы | Сура vs. сома в жертвоприношении Саутрамани: мифы, ритуальные действия, мантры"
жизнеописание,жизнеописание,public,предметный термин,3,3,0,Мотив царской процессии в жизнеописаниях Будды | Мотив дохады в древних жизнеописаниях Будды | Жизнеописание праведного царя Ашоки в индийских и тайских источниках
житийный,житийный,public,предметный термин,3,1,2,"Начальный сюжет в житийной литературе раннего буддизма, его вариативность и смысловое наполнение | Волосы Будды: паломнический и житийный нарратив, изобразительная традиция | (Киев). Композиционные особенности намтара «12 деяний Будды Шакьямуни» в тибетской традиции (тангки житийной серии музеев Украины)"
завершать,завершать,public,предметный термин,3,3,0,«Тирумурейканда-пуранам» Умапати Шивачарьи как завершающее звено в формировании тамильского шиваитского канона | Завершающие строфы «Махабхараты»: лексика и семантика | Лексика эпизода и его значение (на материале завершающих книг «Махабхараты»)
заметка,заметка,public,предметный термин,3,2,1,"Заметки о роли индийской диаспоры в пропаганде языка и литературы хинди | К анализу стиха Ригведа 1.120.11, или Предварительные заметки о ведийском автомобиле | Заметки о структуре расположения скульптурных изображений в храмовых комплексах согласно «Агни-пуране»"
записка,записка,public,предметный термин,3,2,1,Индологический материал в рабочих записках Д. Г. Мессершмидта по востоковедению (Collectanea Messerschmidtiana) | Образ Махендры/Махинды в записках китайских паломников | Буддийские святыни в «Записках» Сюань-Цзана: построение текста
зачем,зачем,public,предметный термин,3,2,1,Зачем спорили хэшан Махаяна и Камалашила? | Зачем в санскрите три прошедших времени? | Писатели хинди нового поколения: Кто они и зачем пришли в литературу
игровой,игровой,public,предметный термин,3,2,1,"Особая священная игра» Гулабрао Махараджа как игровая модель индуистской сотериологии: космология, философия и бхакти | Тантрические парадигмы в игровых системах Востока: сравнительный анализ “Джняна чаупады” и “Салам намшак” сквозь призму индуистской и буддийской тантры | Элементы игровой поэтики в махаянском описании ступеней бодхисаттвы в текстах «Большой Праджняпарамиты»"
идеологический,идеологический,public,предметный термин,3,2,1,Индийский мифологический сериал как средство идеологической пропаганды | Тюркский каган и сасанидский шаханшах: к вопросу об идеологических заимствованиях древних тюрков у иранцев | Царь − установитель дхармы. Практический аспект идеологической концепции
иллюзия,иллюзия,public,предметный термин,3,1,2,"Зеркало, конец иллюзии. Или как удовлетворить тайно влюбленную, касающуюся кувшинами грудей отражения возлюбленного. Учение об отражении в 3-й главе «Тантра-алоки» Абхинавагупты | Майя в учениях новых индийских гуру — иллюзия или реальность | Зеркало. Конец иллюзии. (Из истории одной концепции в кашмирском шиваизме)"
индоарийский,индоарийский,public,предметный термин,3,1,2,Новые индоарийские этимологии лексики языка куллуи | К проблеме происхождения варны кшатриев: культ воинской элиты в индоарийской традиции (по данным археологии и петроглифики) | Полисемия в области терминологии родства – дравидийские и индоарийские языки
индоиранский,индоиранский,public,предметный термин,3,3,0,Гадание о суженом по зеркалу в «Махабхарате»: индоиранский и индоевропейский фон | Осел/бык в индоиранской картине мира | Вытеснение согласного во избежание возникновения тяжелой группы трех шумных согласных в индоиранском
индология,индология,public,предметный термин,3,2,1,Мифы об Индии: 2400 лет «фейковой индологии» | Ю.Н. Рерих и история индологии в России | Понятие фундаментальности в индологии
инклюзивизм,инклюзивизм,public,предметный термин,3,3,0,Инклюзивизм в индийской культуре и его ведийские истоки | Инклюзивизм как концептуальное средство для изучения индийской культуры | Понятие религиозного инклюзивизма у П. Хакера
институт,институт,public,предметный термин,3,1,2,Экспедиция Психо-Неврологического института в Индию в 1913 | Тибетский институт чой-йон (наставник-покровитель) в китайских источниках 17–18 вв | Институт гутхи в древнем и средневековом Непале
исследователь,исследователь,public,предметный термин,3,1,2,"Журнал “Stepping stones” – гималайская культура, буддизм и философия перенниализма сквозь призму взглядов европейских исследователей | «Гадья» Рамануджи: венец или крест исследователя философии вишишта-адвайты? | Юрий Николаевич Рерих — исследователь тибетского языка"
историография,историография,public,предметный термин,3,2,1,Отражение монгольских имперских идей в тибетской историографии. LX РЕРИХОВСКИЕ ЧТЕНИЯ | Индийские истоки тибетской историографии буддизма | Предсказания об исчезновении Дхармы как фактор зарождения традиционной историографии буддизма
ишварапратьябхиджень-вимаршиня,ишварапратьябхиджень-вимаршиня,public,предметный термин,3,0,3,Воспоминание как основание для тождества «Я» в «Ишварапратьябхиджня-вимаршини» Абхинавагупты | Спор Абхинавагупты и Утпаладевы с буддистами в первой части «Ишварапратьябхиджня-вимаршини» | Еще раз о субъекте: «Ишварапратьябхиджня-вимаршини» Абхинавагупты
йогини-тантра,йогини-тантра,public,предметный термин,3,3,0,Миф о Гхоре и Богине в Йогини-тантре | Четыре народа в «Йогини-тантре» | Мифология «Йогини-тантры»
йогический,йогический,public,предметный термин,3,3,0,"Коннотативные особенности йогической лексики Виджнянабхикшу (на примере комментария к 1.1 «Pātañjalayogaśāstram») | Сотериологический ракурс «йогического суицида» (utkrānti) в традиционной индуистской йоге и тантре | Мангала: поэзия, ритуал или йогическая практика?"
калика-пурана,калика-пурана,public,предметный термин,3,3,0,"Миф о Ветале и Бхайраве в «Калика-пуране» | Паломничество в Калика-пуране | «О Неодолимая Богиня, поклонение да будет тебе!» (О ритуальной части Калика-пураны)"
калькутта,калькутта,public,предметный термин,3,3,0,Герасим Лебедев и британская элита колониальной Калькутты: момент разрыва | Герасим Лебедев и британская элита колониальной Калькутты | Комментарий к комментарию (Г.С.Лебедев и культурная жизнь Калькутты в 1790-х годах)
камалашила,камалашила,public,предметный термин,3,1,2,Метафора зеркала в «Бхаванакраме» Камалашилы | Метафорический дискурс «Бхаванакрамы» Камалашилы | К вопросу о русском переводе «Мимансакапарикальпита-атма-парикши» «Таттва-санграхи» Шантаракшиты с комментарием Камалашилы «Панджика»
карнатака,карнатака,public,предметный термин,3,2,1,"Скрытое / явное: представления о знании у племенных народов Южной Карнатаки | Феномен в jalacārin в архитектуре храмов Карнатаки древних и средних веков | «Песни якшей», игры людей: о социальных, культурных и художественных особенностях якшаганы Карнатаки В программе возможны изменения и дополнения"
каста,каста,public,предметный термин,3,2,1,Список тамильских каст у Бартоломеуса Цигенбальга: книжная традиция vs историческая реальность | К вопросу об эндогамии касты | Об особенностях самосознания представителей «низких каст» в современных условиях
керала,керала,public,предметный термин,3,3,0,"Павакутху Кералы: артисты и основные сюжеты, мифо-ритуальные истоки исполнительских традиций | Пенпавакутху: новая форма театра плоских фигур Кералы | Падаяни, мудиетту, тиятту: ритуальные исполнительские традиции центральной Кералы"
князь,князь,public,предметный термин,3,2,1,"По следам Петербуржца в Индии: путешествие князя Салтыкова | «Глупец», «Незнакомец», «Человек-эпоха»: три ипостаси князя Мышкина в индийском кинематографе | Поэтический цикл Кабилара о князе Пари"
компаративный,компаративный,public,предметный термин,3,3,0,Индийская философия в свете компаративного подхода Поля Массон-Урселя | Так называемый парадокс беллетристики и подсказки от компаративной онтологии | Как сравнивать индийскую и западную эпистемологию? Опыт создания методологии компаративного исследования
конструкция,конструкция,public,предметный термин,3,2,1,Конструкция odanam pacyate и ее анализ в традиции Панини | Синтаксические конструкции с ti и -bhāva в языке пали | Форма смыслового глагола в модальных конструкциях возможности/способности в хинди
конференция,конференция,public,предметный термин,3,2,1,Вступительное слово от организаторов конференции | Обращение к участникам конференции | Аспекты влияния религиозно-философских доктрин на творчество Кабира. Закрытие конференции
критика,критика,public,предметный термин,3,3,0,Критика буддизма в «Ишвара-пратьябхиджня-вимаршини» Абхинавагупты | Критика целей дефиниций (лакшана) в «Кхандана-кханда-кхадья» Шри Харши (на примере дефиниции восприятия) | Критика Шанкарой доктрины спхотавады
ксилограф,ксилограф,public,предметный термин,3,2,1,"Трактат Марко Паллиса, предостерегающий Тибет о последствиях Кали-юги (об атрибутировании и содержании тибетского ксилографа из Архива музея Рерихов (Филиал Государственного музея Востока)) | Вновь найденный ксилограф с санскритским алфавитом в трех графических вариантах, привезенный Д. Мессершмидтом из Сибири в 1727 г | Тангутские ксилографы письмом ‘сиддхам’ из собрания ИВР РАН"
летопись,летопись,public,предметный термин,3,0,3,Исторические и историографические особенности монгольской летописи начала XVIII в.: Гомбоджаб. «Течение Ганга» | Сообщение о смерти Чингис-хана в русских летописях | Монгольские ритуалы в русских летописях
лирика,лирика,public,предметный термин,3,2,1,Проявление чувств в лирике кришнаитского бхакти XVI в | Формулы и заимствования в средневековой лирике бхакти | Образ «распутницы» в пракритской лирике
манускрипт,манускрипт,public,предметный термин,3,1,2,Астрологические манускрипты на танкри из коллекции Кхубрама Кхушдиля (Химачал-Прадеш): особенности текстов и датировка | Традиции и ритуалы почитания манускриптов в писаниях шайва | Неизвестный иллюстрированный манускрипт из Непала из собрания кабинета Ю.Н. Рериха Института востоковедения РАН
мать,мать,public,предметный термин,3,3,0,"Бхеру-джи и мать Кали в деревенском Раджастхане: мифы, культ, фольклор | «Моя мать и твоя мать – какая родня?» Об обозначениях братьев и сестер и возможностях прадравидийской реконструкции | Плач матери Будды по мертвому сыну: об одном эпизоде из легенды о просветлении"
махаваста,махаваста,public,предметный термин,3,1,2,Ритуальный текст из «Махавасту» | «Археология» раннебуддийского доктринального текста на примере главы о буддхакшетрах («полях Будд») из Махавасту | Археология раннебуддийского доктринального текста на примере текста о буддхакшетрах из «Махавасту»
махаяна,махаяна,public,предметный термин,3,3,0,Зачем спорили хэшан Махаяна и Камалашила? | Формирование понятия пустоты в ранней махаяне | Место «Компендиума Абхидхармы» Асанги в философии буддизма махаяны
медитация,медитация,public,предметный термин,3,2,1,Уроки Герхарда Оберхаммера. По следам перевода книги «Структуры йоговской медитации» | Западная философия и восточная медитация в учении Ошо Раджниша. | О значении пал. sutta (p.p. от supati «спать») в медитации осознанности (сатипаттхана)
мессершмидт,мессершмидт,public,предметный термин,3,3,0,"Индологический материал в рабочих записках Д. Г. Мессершмидта по востоковедению (Collectanea Messerschmidtiana) | Индийские и тибетские лингвистические штудии Д. Г. Мессершмидта | Вновь найденный ксилограф с санскритским алфавитом в трех графических вариантах, привезенный Д. Мессершмидтом из Сибири в 1727 г"
механизм,механизм,public,предметный термин,3,2,1,Механизмы интертекста в раннебуддийской текстовой традиции | Грамматика Панини и механизм кодирования ведийского текста | Механизмы передачи сакрального текста в школах раннего буддизма (К постановке проблемы)
мистический,мистический,public,предметный термин,3,3,0,Ауробиндо Гхош: между разумом и мистической интуицией | «Унмада нирукта». «Безумная этимология»: об особенностях мистической герменевтики тантры (на примере интерпретации первой мангала-шлоки «Тантралоки») | Как Кришна с Горакхой силой мерялись: Столкновение разных мистических течений в творчестве Малика Мухаммада Джаяси
мифологический,мифологический,public,предметный термин,3,3,0,Отличительные особенности и характерные черты индийских мифологических сериалов на сюжет | Характерные черты и особенности индийского мифологического сериала (на материале сериалов на сюжет «Рамаяны») | Индийский мифологический сериал как средство идеологической пропаганды
монета,монета,public,предметный термин,3,1,2,"Индийская монета, найденная при раскопках Тилля-тепе | Ордалия раскаленной монетой (taptamàşa): текст и реальность | Ордалия раскаленной монетой: шастрический текст и «свидетельства» испытаний"
мудрость,мудрость,public,предметный термин,3,2,1,"Санскритская грамматика и мирская мудрость | «Мудрость незапятнанная, окруженная свитой...». О структуре определения термина «abhidharma» в «Абхидхармакошабхашье» Васубандху | Посвящение в знание мудрости в Гухьясамаджатантре (на основе Abhishekanirukti)"
мысль,мысль,public,предметный термин,3,3,0,«Диалоги об индусской философии» Кришномохана Банерджи: история мысли в интерпретации индийского христианина | Морализаторство как феномен мысли и культуры Бенгальского Возрождения | Образ индуизма в религиозно-философской мысли Бенгальского Ренессанса
награ,награ,public,предметный термин,3,3,0,Два новых сборника «индийских текстов» Далджита Награ | «Рамаяна» Далджита Награ — новый текст индийской диаспоры | Текст «индийской диаспоры» в поэзии Далджита Награ
называть,называть,public,предметный термин,3,2,1,"Так называемый парадокс беллетристики и подсказки от компаративной онтологии | Почему Дигнага называет определение восприятия Васубандху асара (лишенным сути)? Медленное чтение «Прамана-самуччая-вритти» ( | Сказители, музыканты и танцоры. К вопросу о происхождении и кастовой дхарме так называемых катхаков Раджастхана"
нарратив,нарратив,public,предметный термин,3,1,2,"Волосы Будды: паломнический и житийный нарратив, изобразительная традиция | Индийские языки и нарративы на Маврикии: Рама-катха и поэзия на бходжпури | Мотив caṅkrama в буддийском нарративе и изображении"
обозначение,обозначение,public,предметный термин,3,1,2,"«Моя мать и твоя мать – какая родня?» Об обозначениях братьев и сестер и возможностях прадравидийской реконструкции | Символы в обозначении пространства и чисел и их истолкование (по текстам вастувидьи из пуран) | Обозначение пространства, мер и чисел в трактатах по строительству из пуран"
обучение,обучение,public,предметный термин,3,3,0,"Литература хинди как предмет школьной программы в Индии: история куррикулума, ценности и цели обучения | Обучение Бодхисаттвы в «Лалитавистаре» | О древнеиндийской практике обучения ведийскому тексту"
онтология,онтология,public,предметный термин,3,3,0,Интерпретация идей Упанишад в философском наследии Р. Тагора: религиозная онтология | Онтология и сотериология «Ананда-сутр» П.Р. Саркара | Так называемый парадокс беллетристики и подсказки от компаративной онтологии
основание,основание,public,предметный термин,3,2,1,Образ жизни в шри-вишнуизме: самашраяна (панчасамскара) и ее основания | Об основаниях интерпретации терминов «dharma» и «saṃskāra» в контексте «Абхидхармасамуччаи» | Воспоминание как основание для тождества «Я» в «Ишварапратьябхиджня-вимаршини» Абхинавагупты
основный,основный,public,предметный термин,3,1,2,О некоторых основных понятиях пратьябхиджни | Индийские нумерационные системы. По материалам трактата Махавирачарьи «Собрание основных положений науки о вычислениях» (сер. IX в.) | Гимн-падигам как основная форма поэзии тамильских шиваитов
отношение,отношение,public,предметный термин,3,1,2,"Отношения между государством Корё и Тибетом в эпоху Юань (конец XIII – начало XIV вв.) | Отношение к женщине в эпосе (на примере «Рамаяны» Вальмики, «Адбхута Рамаяны» и «Адхьятма Рамаяны») | Тибетский принцип чой-йон и его значение для тибето-цинских отношений"
ошо,ошо,public,предметный термин,3,3,0,Западная философия и восточная медитация в учении Ошо Раджниша. | Понимание искусства в учении Ошо | Тантра в учении Ошо
парадокс,парадокс,public,предметный термин,3,1,2,Так называемый парадокс беллетристики и подсказки от компаративной онтологии | Небывальщины и парадоксы в древнеиндийской поэзии | Небывальщины и парадоксы в средневековой североиндийской поэзии
период,период,public,предметный термин,3,0,3,Улан-Баторский период в научной карьере Ю.Н. Рериха. 1926-1927 годы | Дарджилингский период в научной карьере Ю.Н. Рериха | О роли змея (nāga) в вайшнавском культе раннего периода индуизма
перспектива,перспектива,public,предметный термин,3,2,1,“Чорджапод”: история и перспективы исследования | Буддийский Ренессанс в Южной Азии конец XIX – сер. XX века: история и перспективы | Представления об Арьяварте в санскритских источниках в исторической перспективе
песенный,песенный,public,предметный термин,3,1,2,Разрази его гром! Метеорологические явления в песенном фольклоре на диалектах хинди Центральной Индии | Пути песенных текстов – переводы и примеры метафонии | Песенная техника проповеди Миры Баи: подступы к исследованию
письменный,письменный,public,предметный термин,3,2,1,Сесил Бендалл как публикатор буддийских письменных памятников | Тема царской охоты (на материале письменных памятников Индии и Ирландии) | К вопросу о письменной фиксации Ригведы
повествовательный,повествовательный,public,предметный термин,3,2,1,Рождение героя или сакрального персонажа в индийской повествовательной традиции (к интерпретации композиции «Сон Майи») | Неварский «повествовательный свиток» на темы «Лалитавистары»: «одомашнивание» классической буддийской сутры | Неварский «повествовательный свиток» в собрании МАЭ РАН (коллекция И. П. Минаева). Предварительное сообщение
повод,повод,public,предметный термин,3,3,0,Переписка О.Н. Бетлингка по поводу Петербургских словарей и судьба лексикографа | Как лучше представить западному читателю историю индийской философии: размышление по поводу книги В. Эльтшингера и И. Ратье «Что такое индийская философия?» | Размышления по поводу двух древнегреческих сосудов (XVI — VII вв. до н. э.)
поле,поле,public,предметный термин,3,3,0,Индийская философия в свете компаративного подхода Поля Массон-Урселя | Сравнительный анализ космологических представлений на полях вишнуитской и джайнской «джняна чаупады» (игры знания) XVIII — XIX вв | «Археология» раннебуддийского доктринального текста на примере главы о буддхакшетрах («полях Будд») из Махавасту
полевой,полевой,public,предметный термин,3,3,0,Борьба за собственный язык в Ладакхе (на материале полевых исследований) | Особенности празднования Холи в Раджастхане (по материалам полевых исследований) | Живая традиция ритуальных росписей Питхоро в Гуджарате: полевые данные 2012 г
полемика,полемика,public,предметный термин,3,1,2,Полемика с мимансаками об атмане в «Таттвасанграхе» Шантаракшиты | Полемика о субъекте между буддистами и ньяя-вайшешиками в «Таттвасанграхе» Шантаракшиты | Опровержение существования субъекта в полемике с вайшешиками по вопросу о существовании субъекта в «Пудгалавинишчае» Васубандху
пословица,пословица,public,предметный термин,3,3,0,Пословицы и поговорки Индии и России как аспект межкультурной коммуникации (проектная деятельность на уроках языка хинди) | Человек и судьба (в пословицах хинди) | Животный мир пословиц и поговорок хинди
потоп,потоп,public,предметный термин,3,3,0,Миф о Потопе и тыкве у племен западной Индии | Миф о Потопе и тыкве у дравидийских племен: к вопросу об истории контактов дравидов и мунда | О возможности генетической связи между индийским и месопотамским мифами о потопе
почему,почему,public,предметный термин,3,1,2,Почему у монаха-дигамбара рог на голове? Попытка интерпретации одной строфы из философского диспута в прахасане «Латакамелака» | Почему Брахман наделен природой звука (шабда-таттва)? | Почему Дигнага называет определение восприятия Васубандху асара (лишенным сути)? Медленное чтение «Прамана-самуччая-вритти» (
праджняпарамит,праджняпарамит,public,предметный термин,3,0,3,Тексты праджняпарамиты в ойратской религиозной культуре и законоположениях | Элементы игровой поэтики в махаянском описании ступеней бодхисаттвы в текстах «Большой Праджняпарамиты» | У истоков Праджняпарамиты (стихотворное ядро традиции)
просветление,просветление,public,предметный термин,3,3,0,Предание в тексте и предание в камне: сюжет просветления Будды на рельефе Большой Ступы в Санчи | Плач матери Будды по мертвому сыну: об одном эпизоде из легенды о просветлении | Трансформации сюжетов о просветлении и первой проповеди Будды в свете ранних китайских переводов сутр (II—III вв.)
птица,птица,public,предметный термин,3,2,1,Образ птицы чатаки в поэзии бенгальских вайшнавов (на примере Рупы Госвамина) | Семантика изображений птицы на каменных изваяниях степей Евразии | Образ птицы в масочном театре сингалов (Шри Ланка)
пьеса,пьеса,public,предметный термин,3,1,2,Очеловечивание божеств в пьесе Ватсараджи «Самудраматхана» (XII вв.) | Ирония в пьесе Ватсараджи «Киратарджуния» (XII в.) | Тамильская пьеса о Карне
размышление,размышление,public,предметный термин,3,3,0,Как лучше представить западному читателю историю индийской философии: размышление по поводу книги В. Эльтшингера и И. Ратье «Что такое индийская философия?» | Размышления по поводу двух древнегреческих сосудов (XVI — VII вв. до н. э.) | Айодхья через 20 лет после конфликта: о современных проявлениях индуистского фундаментализма (наблюдения и немного размышлений)
ракурс,ракурс,public,предметный термин,3,3,0,"Сотериологический ракурс «йогического суицида» (utkrānti) в традиционной индуистской йоге и тантре | Антропология индийской куклы: контексты и ракурсы | Метафизика, мифология, повседневная жизнь: гендерный ракурс южноиндийской традиции"
рама,рама,public,предметный термин,3,2,1,История Ситы и Рамы глазами современных индийских поэтов-мистиков и ее релевантность для современного индийского общества | «Рамаяна» в драме Бхавабхути «Последние деяния Рамы» | Рамаяна в драме Бхавабхути «Последние приключения Рамы»
рациональность,рациональность,public,предметный термин,3,3,0,Об особенностях индийской философии на основе южноазиатской схемы рациональности | Индийская схема рациональности и некоторые ее приложения к индийской философии | Восьмиугольные понятийные схемы в индийской рациональности
регион,регион,public,предметный термин,3,1,2,Две тханки из собрания И.П. Минаева (МАЭ РАН) и традиция странствующих рассказчиков (лама манипа) в Гималайском регионе | Реминисценции мифа Вала в припамирском регионе | Живопись и графика Гималайского региона в коллекции И.П.Минаева (МАЭ РАН): некоторые аспекты атрибуции и интерпретации
результат,результат,public,предметный термин,3,3,0,"Диалектологическое исследование языка куллуи (< химачали): задачи, методика, результаты | Путешествие И. П. Минаева в Непал: обстоятельства и результаты | Ордалия весами: проблемы интерпретации результатов взвешивания"
ренессанс,ренессанс,public,предметный термин,3,3,0,Буддийский Ренессанс в Южной Азии конец XIX – сер. XX века: история и перспективы | Учение д-ра Маханамбраты Брахмачари как квинтэссенция идей бенгальского ренессанса и его влияние на Томаса Мертона | Образ индуизма в религиозно-философской мысли Бенгальского Ренессанса
речевой,речевой,public,предметный термин,3,1,2,Предварительные замечания к проблеме речевого сбоя в древнеиндийской теории драмы | Феномен речевого сбоя как средство художественной выразительности в структуре классической санскритской драмы | Неизвестный речевой феномен у сингалов Шри Ланки
рыба,рыба,public,предметный термин,3,3,0,"Образы тигра и рыбы в бенгальской фразеологии | «… Есть некая рыба, которая чюдовидна имать»: возможные истоки и неочевидные связи одного композитного существа индийской миниатюры | ""Нисхождение в образе рыбы"": сказание фольклорной традиции пастухов-голла"
садхана,садхана,public,предметный термин,3,3,0,"Индийские истоки и источники философствования Р. Тагора: «Садхана» как опыт объяснения Своего Другому | О сборнике садхан, переведенном Б. И. Панкратовым в 1930-е гг. в Пекине | Садханы Харихарихаривахана-Авалокитешвары (Авалокитешвары, восседающего на Вишну, гаруде и льве) из тибетского буддийского канона C"
салман,салман,public,предметный термин,3,3,0,Салман Рушди и русская литература: тайный роман? | Россия и русские в произведениях Салмана Рушди | Новый роман Салмана Рушди «Кишот» и его индийская составляющая
свитка,свитка,public,предметный термин,3,2,1,Божества и образы триграмм китайской «Книги Перемен» на свитке из коллекции Рерихов в Государственном Музее Востока | Текст по культу Ваджрапани и восьми царей нагов в свитке XIII века Дх-178 из собрания ИВР РАН | Тексты по культу Вишну-Нарасимхи в тибетском свитке XIII века
семь,семь,public,предметный термин,3,1,2,"Некоторые особенности праздника семи неварских селений юго-западной части Долины Катманду | Семь сокровищ чакравартина и их пространственная локализация (палийский канон, «Артхашастра») | «Семь познающих» (saptapramātāraḥ) в рекогнитивном самопознании (pratyabhijñā) у Абхинавагупты"
семья,семья,public,предметный термин,3,1,2,Г*. (Санкт-Петербург). Семья Рудневых как собиратели коллекций для МАЭ РАН | Дом-музей семьи Рерихов в Улан-Баторе | Н.К. Рерих с семьей в Синцзяне в 1926 г
сериал,сериал,public,предметный термин,3,3,0,Отличительные особенности и характерные черты индийских мифологических сериалов на сюжет | Характерные черты и особенности индийского мифологического сериала (на материале сериалов на сюжет «Рамаяны») | Индийский мифологический сериал как средство идеологической пропаганды
серия,серия,public,предметный термин,3,1,2,А.А. Сталь-Гольштейн как участник научно-издательской серии «Bibliotheca Buddhica» | Начало гирлянды. Первые известные серии миниатюр рагамала | (Киев). Композиционные особенности намтара «12 деяний Будды Шакьямуни» в тибетской традиции (тангки житийной серии музеев Украины)
сикх,сикх,public,предметный термин,3,3,0,"Огонь, вода и память: погребальные практики сикхов в мультикультурной среде | Сикхи в диаспоре: ритуалы детства | Поведенческие стереотипы сикхов"
сикхский,сикхский,public,предметный термин,3,1,2,«Барахмах» Нанака и дискуссия о реформе сикхского календаря | Текст в контексте: образ идеального сикхского правителя в кодексе Прем Сумараг в позднесредневековых панджабских реалиях | К проблеме складывания сикхского двора и придворной культуры при последних шести гуру
синоним,синоним,public,предметный термин,3,3,0,Атман как синоним дравьи в «Вакьяпадии» (ВП 3.2.1) | 101 синоним воды в ведийском словаре «Нигханту» | О 58 синонимах «речи» в «Нигханту»
сквозь,сквозь,public,предметный термин,3,2,1,"Тантрические парадигмы в игровых системах Востока: сравнительный анализ “Джняна чаупады” и “Салам намшак” сквозь призму индуистской и буддийской тантры | Журнал “Stepping stones” – гималайская культура, буддизм и философия перенниализма сквозь призму взглядов европейских исследователей | «Открытие Индии» сквозь призму традиционного текста: опыт мыслителей Бенгальского Возрождения"
скрябин,скрябин,public,предметный термин,3,1,2,Ведийский санскрит и индийская философия в творчестве композитора А. Н. Скрябина | Танец суфийских дервишейволчков ритуала «сама» и сакральный «танец вихря» (fr. dance vertige) «Мистерии» А.Н. Скрябина | Санскрит и индийская философия в творчестве композитора А.Н. Скрябина
смерть,смерть,public,предметный термин,3,2,1,"Санньяса и Брахмалока: смерть, социальная или физическая, как опосредующий этап пути к освобождению в адвайта-веданте | Сообщение о смерти Чингис-хана в русских летописях | От смерти к новому рождению. Учение о промежуточном существовании в «Абхидхармакоше» Васубандху"
сом,сом,public,предметный термин,3,1,2,Мадхупарка при жертвоприношениях сомы в ритуале Атитхьешти (ātithyeṣṭi) | Ритуал приема почетного гостя при жертвоприношениях сомы | Образ Сомы в ведийской и эпической традиции
сон,сон,public,предметный термин,3,2,1,Сон Урмилы в современной индийской прозе | Речь во сне и грезы наяву в классической санскритской драме | Рождение героя или сакрального персонажа в индийской повествовательной традиции (к интерпретации композиции «Сон Майи»)
сочинение,сочинение,public,предметный термин,3,1,2,Смена парадигмы? Числовые «коды» в структуре индийских математических сочинений древности и средневековья | Как уложить пять формул в одну строфу? «Архивирующие» возможности санскрита в математических сочинениях средневековой Индии | Описания военной техники в индийском сочинении XI века «Шри Калачакра тантра раджа»
специфика,специфика,public,предметный термин,3,2,1,Онлайн-корпус текстов на языках южных мунда: задачи и специфика | Специфика бенгальских анекдотов | Специфика восприятия и интерпретации моголами древнеиндийской эпической литературы
специфический,специфический,public,предметный термин,3,3,0,О некоторых специфических жестах в бытовом этикете сингалов | Далитская автобиография как специфический жанр | Отряхивающийся ныряльщик: о специфическом фольклорном мотиве в эпических и пуранических версиях «Сказания о Вепре» (Varāha-kathā)
список,список,public,предметный термин,3,1,2,Список тамильских каст у Бартоломеуса Цигенбальга: книжная традиция vs историческая реальность | Классификационные списки (матики) в раннем буддизме | «Тируттондар тирувандади» Намби Андара Намби (Роль редактора в формировании канонического списка бхактов-наянаров)
средний,средний,public,предметный термин,3,2,1,Перевод в практике преподавания хинди в средней школе | Феномен в jalacārin в архитектуре храмов Карнатаки древних и средних веков | Средний залог в санскрите. К семантике категории
стилистика,стилистика,public,предметный термин,3,0,3,Аланкара как аспект стилистики текста | Стилистика Амаравати и поэтика «Лалитавистары» | Бхаджаны-проповеди Миры Баи: к вопросу о стилистике жанра
строительство,строительство,public,предметный термин,3,0,3,"Обряд освящения статуи (адхивасана) и его роль в текстах по строительству (вастувидье) в пуранах | Сакральная «геология» в системе знаний вастувидьи (науки о строительстве и зодчестве) в пуранах | Обозначение пространства, мер и чисел в трактатах по строительству из пуран"
субъект-пудгала,субъект-пудгала,public,предметный термин,3,1,2,"Буддизм пудгалавады: к постановке вопроса о субъекте-пудгале | Место «Беседы о субъекте-пудгале» в структуре палийского канона и в истории буддийской философии | Вопрос о соотношении субъекта-пудгалы, дискретности мышления-читты и устойчивости характеристик личности в тексте «Катхаваттху» (фрагмент 1.1.193-1.1.196)"
сундарара,сундарара,public,предметный термин,3,1,2,"Место и роль Сундарара в структуре шиваитского канона «Панниру Тирумурей» | Формирование иконографии и ритуала бхактотсава в тамильском шайва-бхакти (от «Тируттондаттохей» Сундарара до «Махотсававидхи» Агхорашивы) | Восхождение на Кайласу. История шайва-бхактов Сундарара и Черамана Перумаля, рассказанная в «Перияпуранам» Секкижара и на фреске храма Брихадишвары в Танджоре"
сурешвара,сурешвара,public,предметный термин,3,3,0,«Наишкармья-сиддхи» (I. 52) Сурешвары как структура для реконструкции учения Шанкары об освобождении | Стадии пути к освобождению по «Найшкармья-сиддхи» (I.52) Сурешвары | Проблема сознания в философии адвайта-веданты Сурешвары.
так,так,public,предметный термин,3,3,0,"Так называемый парадокс беллетристики и подсказки от компаративной онтологии | Сказители, музыканты и танцоры. К вопросу о происхождении и кастовой дхарме так называемых катхаков Раджастхана | Так что же такое карма?"
такой,такой,public,предметный термин,3,3,0,Что такое тантра? К вопросу об определении тантры/тантризма в современной тантрологии | Как лучше представить западному читателю историю индийской философии: размышление по поводу книги В. Эльтшингера и И. Ратье «Что такое индийская философия?» | Так что же такое карма?
телесность,телесность,public,предметный термин,3,2,1,Модели интерпретации телесности в хатха-йоге | Тело бхакта и тело Шивы: о проблемах телесности в тамильском шайва-бхакти | Восприятие и телесность в буддизме и в современных когнитивных концепциях «отелесненного ума» (embodied mind)
тело,тело,public,предметный термин,3,2,1,Тело агхори как «живой текст»: визуальность и перформанс в производстве религиозного авторитета | Планиметрические модели тела человека в санскритских трактатах по искусству и в стенописи Аджанты | Тело бхакта и тело Шивы: о проблемах телесности в тамильском шайва-бхакти
телугу,телугу,public,предметный термин,3,3,0,Сюжет о воплощении Вишну в фольклорном тексте телугу (Матсьяватарам) | Дидактические шатаки в литературе телугу (К характеристике жанровых особенностей). 3. Т. Г .Скороходова (Пенза). Интерпретация традиционного индийского текста либеральными мыслителями Бенгальского Возрождения | Миф об Агастье в средневековой литературе телугу
тень,тень,public,предметный термин,3,3,0,«Тень» Ситы и «призрак» Елены: две истории о похищенных жёнах | Основные сюжеты и персонажи индийского театра теней | Южноиндийский театр теней «толпава кутху»: традиция и современность
течение,течение,public,предметный термин,3,2,1,Исторические и историографические особенности монгольской летописи начала XVIII в.: Гомбоджаб. «Течение Ганга» | Суфизм в Индии: истоки и течения | Как Кришна с Горакхой силой мерялись: Столкновение разных мистических течений в творчестве Малика Мухаммада Джаяси
топоним,топоним,public,предметный термин,3,1,2,"'Айодхья Махатмья'. Средневековый путеводитель по Айодхье и его топонимы на современной карте города | Особенности топонимов Западного края Китая（西域): лингвокультурный аспект | Скифский язык, топонимы Скифии и Центральной Азии, индоевропейские языки: культурные заимствования из Индии и культур древнего Понта Эвксинского"
трактовка,трактовка,public,предметный термин,3,2,1,Трактовка панинийского термина savarṇa комментаторами парибхаш | Трактовка состояний удрученности и умопомешательства в буддийских экзегетических источниках | Тамильская баллада «Сказание о Кусалаване» (kucalavaṉ katai): особенности трактовки фрагмента «Рамаяны»
тулунаду,тулунаду,public,предметный термин,3,1,2,"Дайва-арадхана Тулунаду (Южная Индия): сценарий и воплощение | Санскритизация перформанса: преобразования традиций Bhūta-kolam (Тулунаду) и Chhau (Орисса) | Одержимость, служение и лицедейство. Традиции Bhoota-kolam и Theyyam Тулунаду"
умапати,умапати,public,предметный термин,3,3,0,Загадка саммелана-янтры в «Куньджитангхриставе» Умапати Шивачарьи | Роль Умапати Шивачарьи в формировании окончательной редакции канона шайва-сиддханты | «Тирумурейканда-пуранам» Умапати Шивачарьи как завершающее звено в формировании тамильского шиваитского канона
утпаладев,утпаладев,public,предметный термин,3,0,3,Проблема бхакти в «Ожерельи Величаний Шивы» — «Шивастотравали» (Śivastotrāvalī) Утпаладевы | Несколько слов о «я» и Адвайте в свете узнавания себя как предельного обладающего в толкованиях Абхинавагупты на «Ишварапратьябхиджня-карике» Утпаладевы | Спор Абхинавагупты и Утпаладевы с буддистами в первой части «Ишварапратьябхиджня-вимаршини»
функциональный,функциональный,public,предметный термин,3,2,1,Дворец небесный и дворец земной: две схожие главы «Лалитавистары» и их функциональная роль в общей композиции текста | Сюжет встречи с Дипанкарой: функциональная роль в текстовой традиции и возможные генетические связи | «Функциональный подход» в «Вакьяпадии» и артхакрия в философии Дхармакирти
характеристика,характеристика,public,предметный термин,3,2,1,"Вопрос о соотношении субъекта-пудгалы, дискретности мышления-читты и устойчивости характеристик личности в тексте «Катхаваттху» (фрагмент 1.1.193-1.1.196) | «Бхрамара-гита» Сурдаса: к характеристике стиля | Дидактические шатаки в литературе телугу (К характеристике жанровых особенностей). 3. Т. Г .Скороходова (Пенза). Интерпретация традиционного индийского текста либеральными мыслителями Бенгальского Возрождения"
художник,художник,public,предметный термин,3,3,0,Голод в Бенгалии 1943 года и его отражение в творчестве индийских художников | Проблемы интерпретации традиционного текста в произведениях индийских художников конца XIX – начала XX века | Раджа Рави Варма: художник и основатель «Рави Варма Пресс»
четвертый,четвертый,public,предметный термин,3,2,1,«Мини-Бхагавадгита» в четвертой «книге» «Рамаяны» Вальмики | Об изучении четвертой главы «Абхисамая-аланкары» | «Абхисамаяланкара»: от первых трех глав к четвертой. Сознание творит реальность
четыре,четыре,public,предметный термин,3,3,0,Четыре вида непосредственного восприятия в «Капле логики» Дхармакирти | Четыре народа в «Йогини-тантре» | Дискуссия о четырех блаженствах: об одной стратегии для интерпретации истинной природы реальности в посвящении Хеваджра-тантры
число,число,public,предметный термин,3,1,2,"Метод кодировки чисел в трудах индийского математика Арьябхаты | Символы в обозначении пространства и чисел и их истолкование (по текстам вастувидьи из пуран) | Обозначение пространства, мер и чисел в трактатах по строительству из пуран"
чудо,чудо,public,предметный термин,3,2,1,Ṛddhi и священные следы прошлого: чудо в картине мира буддиста-паломника | Чудеса и проповеди в лесу Урувильва. Первые последователи Будды по китайской версии биографии Будды (III в.) | Чудо Полоннарувы
шайв-бхакть,шайв-бхакть,public,предметный термин,3,3,0,Шива-бхакти и Шива-йога в тамильском шайва-бхакти | Тело бхакта и тело Шивы: о проблемах телесности в тамильском шайва-бхакти | Формирование иконографии и ритуала бхактотсава в тамильском шайва-бхакти (от «Тируттондаттохей» Сундарара до «Махотсававидхи» Агхорашивы)
шантаракшит,шантаракшит,public,предметный термин,3,1,2,К вопросу о русском переводе «Мимансакапарикальпита-атма-парикши» «Таттва-санграхи» Шантаракшиты с комментарием Камалашилы «Панджика» | Полемика с мимансаками об атмане в «Таттвасанграхе» Шантаракшиты | Полемика о субъекте между буддистами и ньяя-вайшешиками в «Таттвасанграхе» Шантаракшиты
шивачарья,шивачарья,public,предметный термин,3,3,0,Загадка саммелана-янтры в «Куньджитангхриставе» Умапати Шивачарьи | Роль Умапати Шивачарьи в формировании окончательной редакции канона шайва-сиддханты | «Тирумурейканда-пуранам» Умапати Шивачарьи как завершающее звено в формировании тамильского шиваитского канона
штрих,штрих,public,предметный термин,3,1,2,Ю.М. Парфионович: штрихи жизненного пути. Парфионович – продолжатель исследований Ю.Н. Рериха в области тибетологии. Совместная деятельность Ю.М. Парфионовича и В. С. Дылыковой по изучению и переводу «Калачакра-тантры». И.В. Григорьев. Ю.М. Парфионович и будущее отечественной буддологии | Несколько штрихов к «Сказанию о Нале» | Непал: от конфессионального компромисса до секуляризма (Некоторые штрихи истории духовной культуры)
элита,элита,public,предметный термин,3,2,1,К проблеме происхождения варны кшатриев: культ воинской элиты в индоарийской традиции (по данным археологии и петроглифики) | Герасим Лебедев и британская элита колониальной Калькутты: момент разрыва | Герасим Лебедев и британская элита колониальной Калькутты
этап,этап,public,предметный термин,3,2,1,"Санньяса и Брахмалока: смерть, социальная или физическая, как опосредующий этап пути к освобождению в адвайта-веданте | Этапы сложения имперской идеологии у средневековых монголов | Этапы развития тамильского языкового пуризма"
языковой,языковой,public,предметный термин,3,2,1,Этапы развития тамильского языкового пуризма | К реконструкции языковых контактов в области Шангшунг в дотибетскую эпоху | Санскритизация и философские проблемы языковой политики
абхидхармакошабхаший,абхидхармакошабхаший,public,предметный термин,2,2,0,"Брахман в ""Абхидхармакошабхашье"" Васубандху | «Мудрость незапятнанная, окруженная свитой...». О структуре определения термина «abhidharma» в «Абхидхармакошабхашье» Васубандху"
абхидхармасамуччай,абхидхармасамуччай,public,предметный термин,2,2,0,Об основаниях интерпретации терминов «dharma» и «saṃskāra» в контексте «Абхидхармасамуччаи» | О некоторых особенностях в композиции Абхидхармасамуччаи
абхисамаяланкар,абхисамаяланкар,public,предметный термин,2,1,1,Абхисамаяланкара как предмет буддийского образования | «Абхисамаяланкара»: от первых трех глав к четвертой. Сознание творит реальность
автобиографический,автобиографический,public,предметный термин,2,2,0,Индийская тема в автобиографической книге В. С. Найпола «A Writer's People: Ways of Looking and Feeling» | Индия и индийцы в автобиографической книге В. С. Найпола «The Writer's People»
агнуть,агнуть,public,предметный термин,2,1,1,Сита и Агни в «Рамаяне» Вальмики | Сита и Агни в «Рамаяне» Вальмики
аджанта,аджанта,public,предметный термин,2,0,2,"Планиметрические модели тела человека в санскритских трактатах по искусству и в стенописи Аджанты | Образ карлика в иконографической программе индийского храма (Аджанта, Эллора, Аурангабад) V – X вв"
адхивасана,адхивасана,public,предметный термин,2,0,2,Обряд адхивасана («вселение») и его роль в формировании образов храма и города | Обряд освящения статуи (адхивасана) и его роль в текстах по строительству (вастувидье) в пуранах
аланкара,аланкара,public,предметный термин,2,0,2,Аланкара как аспект стилистики текста | Индийские классификации: принципы различения поэтических украшений (аланкар)
александр,александр,public,предметный термин,2,1,1,Александр Михайлович Мерварт: судьба ученого | Индийское царство и индийские диковины в средневековых ирландских рукописях XV в. «Романа об Александре»
амдый,амдый,public,предметный термин,2,0,2,Тибетский идиом области Амдо в наши дни: между диалектом и языком | Диалект амдо – нетоновый диалект тибетского языка
андар,андар,public,предметный термин,2,1,1,Роль «Тируттондар тирувандади» Намби Андар Намби в формировании шиваитского канона | «Тируттондар тирувандади» Намби Андара Намби (Роль редактора в формировании канонического списка бхактов-наянаров)
апастамб,апастамб,public,предметный термин,2,0,2,Особенности жанра парибхаша на примере сутр Апастамбы | Прием почетного гостя-атитхи в санскритской текстовой традиции (по дхармасутре Апастамбы)
артист,артист,public,предметный термин,2,2,0,"Павакутху Кералы: артисты и основные сюжеты, мифо-ритуальные истоки исполнительских традиций | Современные баулы: мистики или артисты"
архат,архат,public,предметный термин,2,1,1,"Интерпретация канонической типологии архатов в буддийских экзегетических источниках | Изображение Канакавасты, архата из Кашмира: часть полиптиха или отдельная танка? (Танка из собрания Кабинета Ю.Н. Рериха, ИВ РАН, Москва)"
архетип,архетип,public,предметный термин,2,2,0,Златоликие образы Дипанкары Будды и традиция проведения фестиваля Самьяк маха дана в Патане. Шишова-Маретина Ксения Александровна (Санкт-Петербург). Архетип опасной женственности в индуизме | Архетип двойничества в романе С. Рушди «Ярость»: этнографический субстрат
атиратр,атиратр,public,предметный термин,2,1,1,Новый поворот традиции шраута: Сагничит Трисахасра Атиратра Сомаяга 2024 в Западной Бенгалии | Атиратра Агничаяна: замещение жертвенных животных в ритуалах
атрибут,атрибут,public,предметный термин,2,2,0,"Музыкальные инструменты в руках богов. К вопросу об иконографических атрибутах в искусстве Индии V—Х вв | Материальные атрибуты (лук, стрелы, топорик) как этнические символы автохтонов Шри Ланки"
атхарвавед,атхарвавед,public,предметный термин,2,1,1,Пятнистый охотничий зверь индоевропейцев и «Атхарваведа» | Атхарваведа 1.2. (Шаунака): дополнение к переводам
ашок,ашок,public,предметный термин,2,2,0,«Великие» и «малые» в надписях Ашоки | Жизнеописание праведного царя Ашоки в индийских и тайских источниках
аюрведа,аюрведа,public,предметный термин,2,2,0,Джьотиша и Аюрведа: астрологическая семантика в классической индийской медицине | Об астрологической герменевтике в медицинских текстах (Аюрведа)
балтистан,балтистан,public,предметный термин,2,0,2,Нетибетская лексика в тибетских диалектах Балтистана и Каргила: попытка этимологической классификации | Вопрос о дардском элементе в дотибетском населении Ладакха и Балтистана как лингвистическая проблема
белый,белый,public,предметный термин,2,0,2,"Некоторые особенности культа Белого старца в Сиккиме. (доклад онлайн) | Белый Старец. Танка из коллекции Кабинета Юрия Рериха (ИВ РАН, Москва)"
беседа,беседа,public,предметный термин,2,1,1,Эпическая санкхья в беседе царя Джанаки и отшельницы Сулабхи (МБХ 12.308) | Место «Беседы о субъекте-пудгале» в структуре палийского канона и в истории буддийской философии
блаженство,блаженство,public,предметный термин,2,2,0,Понятие блаженства (ананды) в индуистском тантризме | Дискуссия о четырех блаженствах: об одной стратегии для интерпретации истинной природы реальности в посвящении Хеваджра-тантры
бодхисаттво,бодхисаттво,public,предметный термин,2,2,0,Бодхисаттва — стрелок из лука. Буддийский сюжет и его аналоги | Бодхисаттва в образе пишачи: следы комической традиции в описании аскезы Гаутамы
бодхичитта,бодхичитта,public,предметный термин,2,2,0,Читта и бодхичитта. Раздумья о переводе некоторых буддийских терминов | Строфы о бодхичитте во второй главе Гухьясамаджа тантры
божественный,божественный,public,предметный термин,2,1,1,Ритуалы божественной старости в неварском буддизме | Дивьядхвани и девадундубхи – иконографические мотивы божественной музыки в джайнской скульптуре Эллоры
бомбей,бомбей,public,предметный термин,2,2,0,Трансформации культурной идентичности парсов Бомбея | Община парсов в мультикультурном Бомбее (по произведениям Рохинтона Мистри)
борьба,борьба,public,предметный термин,2,2,0,Борьба за собственный язык в Ладакхе (на материале полевых исследований) | Борьба за собственный язык в Ладакхе
братство,братство,public,предметный термин,2,2,0,Кришна исполняет зикр: следы влияния бхакти на суфизм братства Чиштийя | О происхождении культурных архаизмов в позднем слое содержания «Махабхараты» (на примере темы воинских братств)
брахй,брахй,public,предметный термин,2,0,2,Прагматика перечней в эпиграфическом тексте (к открытию надписей брахми III–II вв. до н.э. в Центральной Индии) | Открытие буддийской надписи брахми (II в. до н. э.) в Центральной Индии: к истокам традиции именования ранних буддийских школ
брахманистский,брахманистский,public,предметный термин,2,2,0,«Третий поворот колеса дхармы» и его первые брахманистские оппоненты | Концепты брахманистского философского дискурса и их связь с женским принципом народного индуизма
бронзовый,бронзовый,public,предметный термин,2,1,1,О нарративной символике бронзовой фигурки танцующего Бала-Кришны | Иконографические типы бронзовых образов Натараджи: их сложение и проблемы классификации
буддхакшетр,буддхакшетр,public,предметный термин,2,1,1,«Археология» раннебуддийского доктринального текста на примере главы о буддхакшетрах («полях Будд») из Махавасту | Археология раннебуддийского доктринального текста на примере текста о буддхакшетрах из «Махавасту»
бхавабхути,бхавабхути,public,предметный термин,2,1,1,«Рамаяна» в драме Бхавабхути «Последние деяния Рамы» | Рамаяна в драме Бхавабхути «Последние приключения Рамы»
бхаванакрам,бхаванакрам,public,предметный термин,2,1,1,Метафора зеркала в «Бхаванакраме» Камалашилы | Метафорический дискурс «Бхаванакрамы» Камалашилы
бхагавата-пурана,бхагавата-пурана,public,предметный термин,2,2,0,Представления об обществе и власти в «Бхагавата-пуране» | Мокша в Бхагавата-пуране
бхайрава,бхайрава,public,предметный термин,2,2,0,Техническая терминология тантрийской йоги в «Виджняна Бхайрава тантре» | Миф о Ветале и Бхайраве в «Калика-пуране»
бхакт,бхакт,public,предметный термин,2,1,1,«История Тирумулара»: биография бхакта и биография сиддха | Тело бхакта и тело Шивы: о проблемах телесности в тамильском шайва-бхакти
бходжпури,бходжпури,public,предметный термин,2,2,0,Према Рамаяна и Шри Ситарама-чаритра-дарпана как примеры Рамаян XX века в контексте современной литературы на бходжпури и майтхили | Индийские языки и нарративы на Маврикии: Рама-катха и поэзия на бходжпури
бык,бык,public,предметный термин,2,2,0,Осел/бык в индоиранской картине мира | О быках и людях (Образ «Стада» в скотоводческом эпосе Южной Индии)
бытование,бытование,public,предметный термин,2,2,0,«Костыль факира»: атрибуция и некоторые вопросы бытования | Множество жизней поэмы Тулси Даса (некоторые аспекты современного бытования «Рамачаритаманасы»)
ваджапея,ваджапея,public,предметный термин,2,1,1,"Ведийский ритуал Ваджапея: древняя традиция и современная практика | (НИ, Москва). Сура (surā) в ведийских ритуалах Ваджапея и Саутрамани"
ваджраяна,ваджраяна,public,предметный термин,2,0,2,"Майтхуна, слияние лотоса и ваджры, или о некоторых особенностях символического языка сандхья-бхаша буддизма ваджраяны | Символический язык буддизма ваджраяны на примере «Калачакра Тантры»"
варанася,варанася,public,предметный термин,2,1,1,«Возрожденные» ведийские ритуалы: яджна на Асси гхат и в школе девочек «Панини Канья Махавидьялая» в Варанаси | Тема времени в буддийских преданиях о Варанаси
ватсарадж,ватсарадж,public,предметный термин,2,0,2,Очеловечивание божеств в пьесе Ватсараджи «Самудраматхана» (XII вв.) | Ирония в пьесе Ватсараджи «Киратарджуния» (XII в.)
веда,веда,public,предметный термин,2,1,1,"Ритуалы начала и прекращения изучения Вед (upākaraṇa, utsarga) | Об интерпретационном коде ранневедийской литературы (вед. śatabhuji)"
веданта-парибхаш,веданта-парибхаш,public,предметный термин,2,1,1,Непосредственное восприятие как знание из слов по материалам «Веданта-парибхаши» Дхармараджи | Непосредственное восприятие через слово. По «Веданта-парибхаше» Дхармараджи
ведда,ведда,public,предметный термин,2,2,0,Ведды в современном укладе жизни Шри Ланки | Ведды глазами сингалов: в прошлом и настоящем
ведение,ведение,public,предметный термин,2,0,2,Магические средства ведения войны на монголо-тибетском фронте | Использование вторичного текста (цитирование) как средство ведения дискуссии в «Вопросе о субъекте (пудгале)» в «Катхаваттху 1.1»
ведический,ведический,public,предметный термин,2,2,0,Вредные существа и животные в авестийской и ведической традиции | Агамический текст как способ самоопределения ведической традиции (на примере «Шива сутры»)
великий,великий,public,предметный термин,2,2,0,Великая галлюцинация сознания по «Вимшике» Васубандху | «Великие» и «малые» в надписях Ашоки
вера,вера,public,предметный термин,2,1,1,"Вера Александровна Новикова (1918-1972) и послевоенная бенгалистика в Ленинграде | «Во отдаленном краю границы пребывающий, исповедая веру манджушринову»: о буддийском дискурсе в калмыцкой политике императора Юнчжэна (1723–1735)"
виджнян,виджнян,public,предметный термин,2,2,0,"Техническая терминология тантрийской йоги в «Виджняна Бхайрава тантре» | Ум, психика или сознание (о переводе буддийских терминов «читта» и «виджняна»)"
виджнянабхикша,виджнянабхикша,public,предметный термин,2,2,0,Коннотативные особенности йогической лексики Виджнянабхикшу (на примере комментария к 1.1 «Pātañjalayogaśāstram») | О «Yogavārttika» Виджнянабхикшу: Ansatz
видьякара,видьякара,public,предметный термин,2,1,1,Тема леса в поэтических антологиях Бхартрихари и Видьякары | Система образов поэзии кавья на примере лирических стихов из антологии Видьякары «Субхашитаратнакоша»
вимшик,вимшик,public,предметный термин,2,1,1,Великая галлюцинация сознания по «Вимшике» Васубандху | Проблемы атомизма по «Вимшике» Васубандху и «Аламбана-парикше» Дигнаги
вишишт-адвайта,вишишт-адвайта,public,предметный термин,2,2,0,«Гадья» Рамануджи: венец или крест исследователя философии вишишта-адвайты? | Некоторые проблемы становления вишишта-адвайты
вишнусахасранама,вишнусахасранама,public,предметный термин,2,1,1,Принципы построения верениц древнеиндийских имён в «Вишнусахасранаме» («Махабхарата» XII.135) | Древнеиндийская ономастика в «Вишнусахасранаме»
внешний,внешний,public,предметный термин,2,2,0,Южноандаманские языки: к вопросу о возможностях внешнего сравнения | Внешние и внутренние связи индийского фольклора по данным каталога Ю.Е. Березкина и Е.Н. Дувакина
возвращение,возвращение,public,предметный термин,2,1,1,Похищение и возвращение жён в древнеиндийском эпосе и параллели в древнегреческих сюжетах | Современная джатра: возвращение к истокам
восемь,восемь,public,предметный термин,2,1,1,Проблемы интерпретации концепции восьми опровержений в «Катхаватху» | Текст по культу Ваджрапани и восьми царей нагов в свитке XIII века Дх-178 из собрания ИВР РАН
восхождение,восхождение,public,предметный термин,2,1,1,"Восхождение Урмилы в поэме Майтхилишарана Гупты «Сакет» | Восхождение на Кайласу. История шайва-бхактов Сундарара и Черамана Перумаля, рассказанная в «Перияпуранам» Секкижара и на фреске храма Брихадишвары в Танджоре"
вратья,вратья,public,предметный термин,2,0,2,"Вратьи и чакравартины: образ Миродержца в Древней Индии в палийских, санскритских и ведийских источниках | Вратьи в контексте ритуала приема почетного гостя (atithi)"
всадник,всадник,public,предметный термин,2,1,1,Конь без всадника и дерево джамбу: к интерпретации рельефа на восточных воротах Большой Ступы в Санчи | Всадник Шамбалы (танка из собрания Мемориального кабинета Ю.Н. Рериха ИВ РАН)
все,все,public,предметный термин,2,2,0,"Вспомнить все: ганджифа и забытая карточная игра «Сидаста» из коллекции А.М. и Л.А. Мервартов | «Бенгальский стиль» в индийском танце: традиционное, креативное, политическое измерения В программе возможны изменения и дополнения Приглашаются все желающие"
вселенная,вселенная,public,предметный термин,2,0,2,Особенности представлений о творении вселенной и ее истории в пуранах | Ритуальный текст о структуре вселенной (опыт литературного перевода)
вступительный,вступительный,public,предметный термин,2,1,1,Вступительное слово от организаторов конференции | О композиции вступительных глав «Сказания о Шакунтале»
второй,второй,public,предметный термин,2,2,0,«Они из секты Пифагора»: представления об индуизме трех итальянских купцов второй половины XVI в. | Строфы о бодхичитте во второй главе Гухьясамаджа тантры
высказывание,высказывание,public,предметный термин,2,2,0,Словесные фигуры и принцип «непрямого высказывания» (вакрокти) в средневековой поэтике | Рабиндранат Тагор: уровни поэтического высказывания
вьякаран,вьякаран,public,предметный термин,2,2,0,"Вьякарана: не наука о языке, а методология синтеза речи (философский подход) | К этимологии термина ‘вьякарана’ в буддийских источниках"
гадание,гадание,public,предметный термин,2,2,0,Гадание о суженом по зеркалу в «Махабхарате»: индоиранский и индоевропейский фон | Санскритское upa-śru-: «слышать» или «вслушиваться»? Об одном древнеиндийском способе гадания
гаруда,гаруда,public,предметный термин,2,2,0,"Непальский вариант Гаруды | Садханы Харихарихаривахана-Авалокитешвары (Авалокитешвары, восседающего на Вишну, гаруде и льве) из тибетского буддийского канона C"
гендерный,гендерный,public,предметный термин,2,2,0,"Метафизика, мифология, повседневная жизнь: гендерный ракурс южноиндийской традиции | Южноиндийские божества: некоторые аспекты гендерных взаимоотношений"
генетический,генетический,public,предметный термин,2,1,1,Сюжет встречи с Дипанкарой: функциональная роль в текстовой традиции и возможные генетические связи | О возможности генетической связи между индийским и месопотамским мифами о потопе
география,география,public,предметный термин,2,1,1,Сакральная география Бодхгаи и текстовая традиция | О «священной географии» в творчестве Тирунянасамбандара (шиваитский поэтический комплекс «Деварам»)
госвами,госвами,public,предметный термин,2,2,0,Прамана-вада «Таттва-сандарбхи» Дживы Госвами в оптике неклассической эпистемологии науки | Чайтанья и его учение в североиндийской литературе XVII в. (на примере «Бхактамалы» Госвами Набхадаса)
госвамин,госвамин,public,предметный термин,2,2,0,Образ птицы чатаки в поэзии бенгальских вайшнавов (на примере Рупы Госвамина) | Санскритские наречия в трудах бенгальских грамматистов (Дживы Госвамина и Баларамы Панчананы)
гость-атитхи,гость-атитхи,public,предметный термин,2,1,1,Прием почетного гостя-атитхи по материалам древнеиндийских ритуальных текстов | Прием почетного гостя-атитхи в санскритской текстовой традиции (по дхармасутре Апастамбы)
государство,государство,public,предметный термин,2,0,2,Отношения между государством Корё и Тибетом в эпоху Юань (конец XIII – начало XIV вв.) | Природопользование в тангутском государстве Си Ся
грамматический,грамматический,public,предметный термин,2,1,1,Этимологическая классификация лексики в индийской и европейской грамматической традиции на примере языка куллуи | О «новых» теориях действия в грамматических трудах Нагеши Бхатты
графика,графика,public,предметный термин,2,1,1,Живопись и графика Гималайского региона в коллекции И.П.Минаева (МАЭ РАН): некоторые аспекты атрибуции и интерпретации | Живопись и графика из собрания И. П. Минаева (МАЭ РАН): опыт классификации
гупт,гупт,public,предметный термин,2,2,0,Восхождение Урмилы в поэме Майтхилишарана Гупты «Сакет» | Глава о надзирателе за архивом в «Артхашастре» Каутильи в контексте информации надписей времени Гуптов
гуру,гуру,public,предметный термин,2,1,1,Майя в учениях новых индийских гуру — иллюзия или реальность | К проблеме складывания сикхского двора и придворной культуры при последних шести гуру
гутхи,гутхи,public,предметный термин,2,0,2,Институт гутхи в древнем и средневековом Непале | Гоштхи (гутхи) в надписях Личчхавов
дандин,дандин,public,предметный термин,2,1,1,Что стоит за стилями у Дандина? | Что стоит за стилем у Дандина?
дать,дать,public,предметный термин,2,2,0,Златоликие образы Дипанкары Будды и традиция проведения фестиваля Самьяк маха дана в Патане. Шишова-Маретина Ксения Александровна (Санкт-Петербург). Архетип опасной женственности в индуизме | Живая традиция ритуальных росписей Питхоро в Гуджарате: полевые данные 2012 г
двор,двор,public,предметный термин,2,0,2,Обращение к буддийским сутрам «неясного» происхождения при императорском дворе в Японии в VIII в | К проблеме складывания сикхского двора и придворной культуры при последних шести гуру
дворцовый,дворцовый,public,предметный термин,2,1,1,Дворцовый парк в индийской литературе V – VI вв | Царица в дворцовом парке
девар,девар,public,предметный термин,2,2,0,"Поэтическое представление о духовном и мирском благе в гимнах наянаров (сборник ""Деварам"") | О «священной географии» в творчестве Тирунянасамбандара (шиваитский поэтический комплекс «Деварам»)"
девибхагават-пурана,девибхагават-пурана,public,предметный термин,2,2,0,Место «Девибхагавата-пураны» в процессе эволюции шактизма | Деви-гита из Девибхагавата-пураны
девибхагавата-пурана,девибхагавата-пурана,public,предметный термин,2,2,0,Жемчужный остров в «Девибхагавата-пуране» | Интерпретация учения об аватарах Вишну в «Девибхагавата-пуране»
декрет,декрет,public,предметный термин,2,0,2,Тибето-китайские параллели в наименованиях и титулах регентов на примере текста декрета Далай-ламы V о назначении Сангье Гьяцо дэсридом (1679 г.) | Фисаматы из Ольвийского декрета в честь Протогена
демонстрация,демонстрация,public,предметный термин,2,2,0,«Мадхан-кам» – народная драма Северной Бенгалии (с демонстрацией видеоматериалов) | Символика и способы почитания богини Тары в индуизме (с демонстрацией видеоматериалов)
десять,десять,public,предметный термин,2,0,2,Поэма «Десять песен»: перевод и чтение на тамильском языке | Символизм десяти воплощений Вишну во внутренней Калачакра-тантре
детство,детство,public,предметный термин,2,1,1,Сикхи в диаспоре: ритуалы детства | Из воспоминаний о детстве на Онеге
деяние,деяние,public,предметный термин,2,1,1,«Рамаяна» в драме Бхавабхути «Последние деяния Рамы» | (Киев). Композиционные особенности намтара «12 деяний Будды Шакьямуни» в тибетской традиции (тангки житийной серии музеев Украины)
деятельность,деятельность,public,предметный термин,2,1,1,Пословицы и поговорки Индии и России как аспект межкультурной коммуникации (проектная деятельность на уроках языка хинди) | Ю.М. Парфионович: штрихи жизненного пути. Парфионович – продолжатель исследований Ю.Н. Рериха в области тибетологии. Совместная деятельность Ю.М. Парфионовича и В. С. Дылыковой по изучению и переводу «Калачакра-тантры». И.В. Григорьев. Ю.М. Парфионович и будущее отечественной буддологии
джатакастав,джатакастав,public,предметный термин,2,2,0,О двух родственных джатакаставах в «Лалитавистаре» и «Раштрапалапариприччха-сутре» | О джатакаставе как разновидности буддийского гимна
джатр,джатр,public,предметный термин,2,2,0,Современная джатра: возвращение к истокам | Народный театр «джатра» и его роль в формировании новой бенгальской литературы
джаянкондар,джаянкондар,public,предметный термин,2,1,1,Смысл и понимание войны в средневековой Южной Индии (поэма Джаянкондара «Парани о войне в Калинге») | Литературный канон и инновации в поэме Джаянкондара «Парани о войне в Калинге»
дживой,дживой,public,предметный термин,2,2,0,Прамана-вада «Таттва-сандарбхи» Дживы Госвами в оптике неклассической эпистемологии науки | Санскритские наречия в трудах бенгальских грамматистов (Дживы Госвамина и Баларамы Панчананы)
джнян,джнян,public,предметный термин,2,2,0,Тантрические парадигмы в игровых системах Востока: сравнительный анализ “Джняна чаупады” и “Салам намшак” сквозь призму индуистской и буддийской тантры | Сравнительный анализ космологических представлений на полях вишнуитской и джайнской «джняна чаупады» (игры знания) XVIII — XIX вв
династия,династия,public,предметный термин,2,0,2,Многообразие культурных традиций и влияний в средневековой Индии: от династий до социальных изменений | Роль представителя династии Тхакури (Тхакуджуджу) в ритуальной передаче власти в Непале
доктринальный,доктринальный,public,предметный термин,2,1,1,«Археология» раннебуддийского доктринального текста на примере главы о буддхакшетрах («полях Будд») из Махавасту | Археология раннебуддийского доктринального текста на примере текста о буддхакшетрах из «Махавасту»
дотибетский,дотибетский,public,предметный термин,2,0,2,К реконструкции языковых контактов в области Шангшунг в дотибетскую эпоху | Вопрос о дардском элементе в дотибетском населении Ладакха и Балтистана как лингвистическая проблема
древнегреческий,древнегреческий,public,предметный термин,2,1,1,Похищение и возвращение жён в древнеиндийском эпосе и параллели в древнегреческих сюжетах | Размышления по поводу двух древнегреческих сосудов (XVI — VII вв. до н. э.)
древность,древность,public,предметный термин,2,1,1,Смена парадигмы? Числовые «коды» в структуре индийских математических сочинений древности и средневековья | Брахмаракшас: от древности к современности
дух,дух,public,предметный термин,2,2,0,Родство по крови и родство по духу: М. К. Ганди о мотивах отказа Арджуны от сражения | Духи умерших в представлениях и обрядовой жизни веддов Шри Ланки
дхара,дхара,public,предметный термин,2,2,0,Иконография и функции непальских дхара/хити | Хити/дхара — «неиссякаемый источник»: Иконография и функции (по материалам Непала)
дхармарадж,дхармарадж,public,предметный термин,2,1,1,Непосредственное восприятие как знание из слов по материалам «Веданта-парибхаши» Дхармараджи | Непосредственное восприятие через слово. По «Веданта-парибхаше» Дхармараджи
дхармасутра,дхармасутра,public,предметный термин,2,0,2,Покаяние (prāyaścitta) и наказание (daṇḍa) в дхармасутрах | Прием почетного гостя-атитхи в санскритской текстовой традиции (по дхармасутре Апастамбы)
есть,есть,hidden,служебная форма,2,2,0,"Традиция толкования упанишад: контекст, философское значение и интерпретация ключевой фразы «tat tvam asi» («Ты есть то») | «… Есть некая рыба, которая чюдовидна имать»: возможные истоки и неочевидные связи одного композитного существа индийской миниатюры"
женщина,женщина,public,предметный термин,2,2,0,"Женщины и сатьяграха: взгляд М. К. Ганди | Отношение к женщине в эпосе (на примере «Рамаяны» Вальмики, «Адбхута Рамаяны» и «Адхьятма Рамаяны»)"
жертвенный,жертвенный,public,предметный термин,2,2,0,Самбхары в обряде установления жертвенных огней (agnyādheya) | Атиратра Агничаяна: замещение жертвенных животных в ритуалах
животный,животный,public,предметный термин,2,1,1,Животный мир пословиц и поговорок хинди | 12-летний животный цикл. К вопросу об истоках
жрец,жрец,public,предметный термин,2,0,2,Священные зороастрийские тексты и переписка парсийских жрецов с зороастрийскими жрецами Ирана | Язык жреца – язык поэта. О сакральности речи в древнейших формах санскритской драмы
завет,завет,public,предметный термин,2,2,0,Метафора воды как сюжетообразующий прием романа Абрахама Вергезе «Завет воды» | Особенности толкования Нового Завета в учении Свами Вивекананды
задача,задача,public,предметный термин,2,2,0,"Диалектологическое исследование языка куллуи (< химачали): задачи, методика, результаты | Онлайн-корпус текстов на языках южных мунда: задачи и специфика"
зал,зал,public,предметный термин,2,2,0,Современные баулы: от деревни до концертного зала | Драупади в Зале собрания (роль бога Дхармы)
залог,залог,public,предметный термин,2,1,1,Средний залог в санскрите. К семантике категории | Деепричастия пассивного залога в языке пали?
замещение,замещение,public,предметный термин,2,1,1,К вопросу о замещениях (pratinidhi) при проведении шраута-ритуалов | Атиратра Агничаяна: замещение жертвенных животных в ритуалах
запад,запад,public,предметный термин,2,2,0,"Непальский монастырь Копан: встреча Востока и Запада | Восток, Запад и русский перевод"
защита,защита,public,предметный термин,2,1,1,В защиту Вишну Шипивишты: «Аз есьм Шипивишта!» (РВ 7.100.6) | Сакральная защита пространства долины Катманду
звук,звук,public,предметный термин,2,2,0,"Почему Брахман наделен природой звука (шабда-таттва)? | Варна – это фонема, буква, звук или …?"
знак,знак,public,предметный термин,2,2,0,Удвоение знаков в протоиндийской письменности | Каталоги знаков хараппской письменности: материалы к сравнению
зодчество,зодчество,public,предметный термин,2,0,2,Эволюция архитектуры джайнских пещерных храмов Махараштры в контексте скального зодчества Индии | Сакральная «геология» в системе знаний вастувидьи (науки о строительстве и зодчестве) в пуранах
зороастрийский,зороастрийский,public,предметный термин,2,0,2,Священные зороастрийские тексты и переписка парсийских жрецов с зороастрийскими жрецами Ирана | Зороастрийский культ огня и ритуалы парсов Индии
зрение,зрение,public,предметный термин,2,1,1,Индийские шастры с точки зрения современной методологии познания | Преображение богини Кали: точка зрения «Маханирвана-тантры»
идеология,идеология,public,предметный термин,2,1,1,Этапы сложения имперской идеологии у средневековых монголов | Концепт svadharma в кастовой идеологии
известный,известный,public,предметный термин,2,0,2,Начало гирлянды. Первые известные серии миниатюр рагамала | Первые известные изображения раг. Тексты и контекст
измерение,измерение,public,предметный термин,2,2,0,"«Третье измерение» в непальской поэзии | «Бенгальский стиль» в индийском танце: традиционное, креативное, политическое измерения В программе возможны изменения и дополнения Приглашаются все желающие"
императив,императив,public,предметный термин,2,0,2,"Metta–Karaṇīya – Любовь как этический императив в раннебуддийской сотериологии на материале Метта сутты и Тевиджджа сутты Палийского канона | Karaṇīya-mettasutta – «Любовь всеобъемлющая», как императив, освобождающий от страданий сансары"
индо-иранский,индо-иранский,public,предметный термин,2,2,0,От демонической к человеческой сексуальности? Индо-иранский миф о первобытном инцесте Ями и Ямы и его индоевропейские корни | Индо-иранская сабля-шамшир из собрания МАЭ
индологический,индологический,public,предметный термин,2,2,0,Индологический материал в рабочих записках Д. Г. Мессершмидта по востоковедению (Collectanea Messerschmidtiana) | Индологический миф: к вопросу о происхождении термина «индуизм»
индр,индр,public,предметный термин,2,2,0,Почитание Индры в Непале: живая архаика | Мифология танца и образ Индры в джайнизме
интерпретационный,интерпретационный,public,предметный термин,2,1,1,Парибхаша — интерпретационные правила грамматики Панини | Об интерпретационном коде ранневедийской литературы (вед. śatabhuji)
интертекстуальный,интертекстуальный,public,предметный термин,2,0,2,Опыт применения интертекстуального подхода при изучении санскритских и палийских памятников | Проблемы методологии при интертекстуальном анализе палийских и санскритских текстов
иранец,иранец,public,предметный термин,2,0,2,Тюркский каган и сасанидский шаханшах: к вопросу об идеологических заимствованиях древних тюрков у иранцев | Степные кочевники – иранцы II тыс. до н. э. – I тыс. н. э. и их языки
ирландия,ирландия,public,предметный термин,2,0,2,Путешествие «Тысячи и одной ночи» в Ирландию | Тема царской охоты (на материале письменных памятников Индии и Ирландии)
ирония,ирония,public,предметный термин,2,0,2,Ирония в пьесе Ватсараджи «Киратарджуния» (XII в.) | Ирония: «риторическая фигура» в Североиндийской поэзии бхакти
исполнительский,исполнительский,public,предметный термин,2,2,0,"Павакутху Кералы: артисты и основные сюжеты, мифо-ритуальные истоки исполнительских традиций | Падаяни, мудиетту, тиятту: ритуальные исполнительские традиции центральной Кералы"
использование,использование,public,предметный термин,2,1,1,Пример использования парибхаш при прочтении сутр Панини | Использование вторичного текста (цитирование) как средство ведения дискуссии в «Вопросе о субъекте (пудгале)» в «Катхаваттху 1.1»
истолкование,истолкование,public,предметный термин,2,1,1,«К истолкованию мифа о Махишамардани» в научном наследии М.И. Тубянского | Символы в обозначении пространства и чисел и их истолкование (по текстам вастувидьи из пуран)
историографический,историографический,public,предметный термин,2,1,1,Исторические и историографические особенности монгольской летописи начала XVIII в.: Гомбоджаб. «Течение Ганга» | Историографический обзор философско-поэтического наследия Ведантачарьи (Веданта Дешики)
ишвара,ишвара,public,предметный термин,2,2,0,Концепция Ишвары в классической йоге и в Кашмирском шиваизме | Концепт Ишвары в «Бхагавадгите»
кавие,кавие,public,предметный термин,2,1,1,Система образов поэзии кавья на примере лирических стихов из антологии Видьякары «Субхашитаратнакоша» | Стиль кавья в двух описаниях спящего гарема – в «Рамаяне» и в «Жизни Будды» Ашвагхоши
кадамбари,кадамбари,public,предметный термин,2,2,0,Роман «Кадамбари» и его современное продолжение | «Кадамбари» в современном мире
калачакра,калачакра,public,предметный термин,2,1,1,Символический язык буддизма ваджраяны на примере «Калачакра Тантры» | Описания военной техники в индийском сочинении XI века «Шри Калачакра тантра раджа»
калачакра-тантра,калачакра-тантра,public,предметный термин,2,0,2,Символизм санскритского алфавита (али-кали) в Калачакра-тантре | Символизм десяти воплощений Вишну во внутренней Калачакра-тантре
календарный,календарный,public,предметный термин,2,2,0,Образ Локешвара в календарном обряде непальцев | Особенности календарной обрядности у раджпутов C
калидас,калидас,public,предметный термин,2,1,1,О происхождении некоторых ашрамных практик в произведениях Калидасы | «Рагхуванша» Калидасы глазами тамилиста
калинга,калинга,public,предметный термин,2,1,1,Смысл и понимание войны в средневековой Южной Индии (поэма Джаянкондара «Парани о войне в Калинге») | Литературный канон и инновации в поэме Джаянкондара «Парани о войне в Калинге»
карма,карма,public,предметный термин,2,1,1,Карма и связанные термины во 2-й патале Калачакра-тантры | Так что же такое карма?
карьера,карьера,public,предметный термин,2,0,2,Улан-Баторский период в научной карьере Ю.Н. Рериха. 1926-1927 годы | Дарджилингский период в научной карьере Ю.Н. Рериха
кастовый,кастовый,public,предметный термин,2,2,0,"Концепт svadharma в кастовой идеологии | Сказители, музыканты и танцоры. К вопросу о происхождении и кастовой дхарме так называемых катхаков Раджастхана"
каталог,каталог,public,предметный термин,2,2,0,Внешние и внутренние связи индийского фольклора по данным каталога Ю.Е. Березкина и Е.Н. Дувакина | Каталоги знаков хараппской письменности: материалы к сравнению
катх,катх,public,предметный термин,2,2,0,"Отражение концепции ""нисходящего времени"" (descending time) в Катха Упанишаде | Эпос «Катама Раджу Катха» — основные особенности сюжета"
кашмир,кашмир,public,предметный термин,2,0,2,"Изображение Канакавасты, архата из Кашмира: часть полиптиха или отдельная танка? (Танка из собрания Кабинета Ю.Н. Рериха, ИВ РАН, Москва) | Изменение межкастовых взаимоотношений в домусульманском Кашмире"
китай,китай,public,предметный термин,2,0,2,Этимология и семантика цветообозначения «черный» в культуре Китая | Особенности топонимов Западного края Китая（西域): лингвокультурный аспект
ключевой,ключевой,hidden,оценочное или служебное слово заголовка,2,1,1,"Традиция толкования упанишад: контекст, философское значение и интерпретация ключевой фразы «tat tvam asi» («Ты есть то») | Исследования древнеиндийских текстов как ключевое направление в ранней японской буддологии"
колонна,колонна,public,предметный термин,2,0,2,Надписи на колонне Гелиодора | Музыкальные колонны Южной Индии
комический,комический,public,предметный термин,2,2,0,Бодхисаттва в образе пишачи: следы комической традиции в описании аскезы Гаутамы | Эстетика комического в поэме «Kaliṅkattupparaṇi»
комментатор,комментатор,public,предметный термин,2,2,0,"Трактовка панинийского термина savarṇa комментаторами парибхаш | О толковании первой строфы «Аштанга-хридаи» средневековыми комментаторами (на примере Арунадатты, Хемадри и Инду)"
компаративистика,компаративистика,public,предметный термин,2,2,0,"Философская компаративистика В. Хальбфасса | Пауль Дойссен (1845—1919): веданта, европейская философия и философская компаративистика"
композитор,композитор,public,предметный термин,2,1,1,Ведийский санскрит и индийская философия в творчестве композитора А. Н. Скрябина | Санскрит и индийская философия в творчестве композитора А.Н. Скрябина
композиционный,композиционный,public,предметный термин,2,1,1,Оговорка как композиционный прием в санскритской драме | (Киев). Композиционные особенности намтара «12 деяний Будды Шакьямуни» в тибетской традиции (тангки житийной серии музеев Украины)
контакт,контакт,public,предметный термин,2,1,1,Миф о Потопе и тыкве у дравидийских племен: к вопросу об истории контактов дравидов и мунда | К реконструкции языковых контактов в области Шангшунг в дотибетскую эпоху
конфликт,конфликт,public,предметный термин,2,2,0,Склонность к конфликтам в образе Махакашьяпы в буддийских канонических текстах | Айодхья через 20 лет после конфликта: о современных проявлениях индуистского фундаментализма (наблюдения и немного размышлений)
коренной,коренной,public,предметный термин,2,2,0,Комментарии Б. Н. Пандита на «Шивасутры»: новый взгляд на коренной текст трики | Комментарий к коренной мантре Ваджракилаи
корзина,корзина,public,предметный термин,2,0,2,"Культ корзины у гондов, джайнская икона аягапатта и буддийский алтарь: еще раз о смене религиозной парадигмы в Древней Индии | Культ корзины в Древней Индии и смена религиозной парадигмы"
космология,космология,public,предметный термин,2,1,1,"Особая священная игра» Гулабрао Махараджа как игровая модель индуистской сотериологии: космология, философия и бхакти | Будда Вайрочана и космология «Аватамсака- сутры» в Японии"
край,край,public,предметный термин,2,0,2,"Особенности топонимов Западного края Китая（西域): лингвокультурный аспект | «Во отдаленном краю границы пребывающий, исповедая веру манджушринову»: о буддийском дискурсе в калмыцкой политике императора Юнчжэна (1723–1735)"
кришнаитский,кришнаитский,public,предметный термин,2,1,1,Кришнаитские коды проповеди северо-индийского бхакти | Проявление чувств в лирике кришнаитского бхакти XVI в
кто,кто,public,предметный термин,2,1,1,Писатели хинди нового поколения: Кто они и зачем пришли в литературу | Кто говорит? Толкование источника речи в некоторых индуистских тантрах
кукольный,кукольный,public,предметный термин,2,2,0,Кукольный театр Западной Бенгалии | Кукольный театр Западной Бенгалии
кула,кула,public,предметный термин,2,2,0,Кула и кауладхарма: центральная универсалия индуистского тантризма. | Теоретические аспекты учения тантрической школы кула (согласно «Куларнава-тантре»)
кумаон,кумаон,public,предметный термин,2,0,2,«Не одне грандиозныя прелести Гималаев»: итоги путешествия И. П. Минаева в Кумаон (1875) | Жизнь и реалии Кумаона в народных песнях-ньоли
кушанский,кушанский,public,предметный термин,2,0,2,"Кушанская этимология, поздние бактро-скифские царства и интересные элементы индо-парфянской нумизматики | Ритуал poṣadha в буддийских монастырях кушанского Термеза I – IV в. н. э. (реконструкция)"
латакамелак,латакамелак,public,предметный термин,2,1,1,Фарс Шанкхадхары «Латакамелака» и ее рукопись из Библиотеки им. Кешара (Катманду) | Почему у монаха-дигамбара рог на голове? Попытка интерпретации одной строфы из философского диспута в прахасане «Латакамелака»
лексема,лексема,public,предметный термин,2,1,1,Значения и функционирование лексемы ye в бенгальском языке | Особенности соотношения «лексема – понятие» в санскритских и палийских источниках
лексикография,лексикография,public,предметный термин,2,2,0,Голубые лотосы санскритской лексикографии | Двести лет санскритской лексикографии (1819‒2019)
лес,лес,public,предметный термин,2,1,1,Тема леса в поэтических антологиях Бхартрихари и Видьякары | Чудеса и проповеди в лесу Урувильва. Первые последователи Будды по китайской версии биографии Будды (III в.)
летие,летие,public,предметный термин,2,1,1,Вклад Ю.Н. Рериха в историю российских экспедиций в Центральную Азию. К 100-летию начала Центрально-Азиатской экспедиции Н.К. Рериха | Вклад Ю.В. Кнорозова в исследование протоиндийских текстов. К 100-летию со дня рождения
лирический,лирический,public,предметный термин,2,2,0,Система образов поэзии кавья на примере лирических стихов из антологии Видьякары «Субхашитаратнакоша» | «Лирическая героиня» Миры Баи
личный,личный,public,предметный термин,2,2,0,"Проповедь Личного Безличного Бога в учении Свами Вивекананды | О взаимовлиянии индуизма и буддизма в религии непальцев (легенды, иконография, личные наблюдения)"
личчхав,личчхав,public,предметный термин,2,1,1,Южный поход личчхавов | Гоштхи (гутхи) в надписях Личчхавов
логика,логика,public,предметный термин,2,2,0,Четыре вида непосредственного восприятия в «Капле логики» Дхармакирти | Вьявахара как универсум установления достоверности знания в индийской эпистемологии и логике (праманаваде)
локальный,локальный,public,предметный термин,2,2,0,Локальные варианты Дурга Пуджи в Колкате | Кумаонский Голудев: локальный вариант индуизма
лотос,лотос,public,предметный термин,2,1,1,"Голубые лотосы санскритской лексикографии | Майтхуна, слияние лотоса и ваджры, или о некоторых особенностях символического языка сандхья-бхаша буддизма ваджраяны"
лук,лук,public,предметный термин,2,2,0,"Материальные атрибуты (лук, стрелы, топорик) как этнические символы автохтонов Шри Ланки | Лук (оружие)"
любовь,любовь,public,предметный термин,2,0,2,"Metta–Karaṇīya – Любовь как этический императив в раннебуддийской сотериологии на материале Метта сутты и Тевиджджа сутты Палийского канона | Karaṇīya-mettasutta – «Любовь всеобъемлющая», как императив, освобождающий от страданий сансары"
магический,магический,public,предметный термин,2,0,2,Магические средства ведения войны на монголо-тибетском фронте | Магическое воздействие на погоду в культуре кочевников Центральной Азии
мадхьямак,мадхьямак,public,предметный термин,2,2,0,Можно ли считать мадхьямаку нигилизмом? | Что мы пьём? (анализ питья с позиций тибетской мадхьямаки и «многомировой» концепции Эверетта-Менского)
малика,малика,public,предметный термин,2,2,0,Как Кришна с Горакхой силой мерялись: Столкновение разных мистических течений в творчестве Малика Мухаммада Джаяси | Терминология суфийской проповеди в «Падмават» Малика Мухаммада Джаяси
малый,малый,public,предметный термин,2,2,0,Семантика терминологии родства в малых дравидийских языках: когнитивные аспекты | «Великие» и «малые» в надписях Ашоки
математический,математический,public,предметный термин,2,0,2,Смена парадигмы? Числовые «коды» в структуре индийских математических сочинений древности и средневековья | Как уложить пять формул в одну строфу? «Архивирующие» возможности санскрита в математических сочинениях средневековой Индии
материальный,материальный,public,предметный термин,2,2,0,"Материальные атрибуты (лук, стрелы, топорик) как этнические символы автохтонов Шри Ланки | Индийские памятники героям в сравнительном освещении (К вопросу о материальном соответствии поэтической формуле «непреходящая слава»)"
махабхагавата-пурана,махабхагавата-пурана,public,предметный термин,2,2,0,Образ Кришны в Махабхагавата-пуране | Версия «Рамаяны» в «Махабхагавата-пуране»
махараштра,махараштра,public,предметный термин,2,1,1,Эволюция архитектуры джайнских пещерных храмов Махараштры в контексте скального зодчества Индии | Джайнские пещерные храмы Махараштры в контексте развития скальной архитектуры Индии
махатмие,махатмие,public,предметный термин,2,2,0,'Айодхья Махатмья'. Средневековый путеводитель по Айодхье и его топонимы на современной карте города | Махатмья «Бхагаватапураны»
метод,метод,public,предметный термин,2,2,0,Метод кодировки чисел в трудах индийского математика Арьябхаты | О методах описания санскритских классических стихотворных размеров
методологический,методологический,public,предметный термин,2,2,0,Переоценка различных методологических подходов по исследованию индийской философии: по следам книги В. Адлури и Д. Багчи «The Nay Science: A History of German Indology» | Символические модели Абсолютного Сознания в религиозно-мистической философии Кашмирского шиваизма. Некоторые методологические вопросы
метрика,метрика,public,предметный термин,2,2,0,Анализ переводов М. Зощенко на хинди и на бенгали с помощью метрик readability | Проблемы понимания санскритской метрики
мирской,мирской,public,предметный термин,2,1,1,"Поэтическое представление о духовном и мирском благе в гимнах наянаров (сборник ""Деварам"") | Санскритская грамматика и мирская мудрость"
миссионерский,миссионерский,public,предметный термин,2,2,0,Из миссионерской истории Индии: Роберто де Нобили | Из миссионерской истории Индии: Франциск Ксавье
миссия,миссия,public,предметный термин,2,1,1,Буддийская миссия Н.К. Рериха в Лхасу | Моравская миссия в Ладакхе. «Тибетское» христианство и вклад моравских братьев в развитие языка ладакхи
многообразие,многообразие,public,предметный термин,2,1,1,Многообразие культурных традиций и влияний в средневековой Индии: от династий до социальных изменений | Многообразие форм Шивы на примере коллекции Государственного музея истории религии
могол,могол,public,предметный термин,2,0,2,Вербальный панегирик индийского монаршего портрета эпохи Моголов | Специфика восприятия и интерпретации моголами древнеиндийской эпической литературы
модернизм,модернизм,public,предметный термин,2,1,1,Интеллектуальная история модернизма: Стелла Крамриш и индийский авангард | Тантрическая традиция в искусстве индийского модернизма
момент,момент,public,предметный термин,2,1,1,Некоторые типичные моменты появления сонма божеств в Непале | Герасим Лебедев и британская элита колониальной Калькутты: момент разрыва
монарший,монарший,public,предметный термин,2,0,2,Вербальный панегирик индийского монаршего портрета эпохи Моголов | Мотив dad-u dām в могольском монаршем портрете: к вопросу о генезисе и семантике
монгол,монгол,public,предметный термин,2,0,2,Этапы сложения имперской идеологии у средневековых монголов | Имперская идея или этнический стереотип? Концепт «монгол» в первой половине XIII в
монголия,монголия,public,предметный термин,2,0,2,«Стела монастыря Шакья 释迦院碑» 1257 г. в Монголии – изучение и анализ текста | Рерихи во внутренней Монголии в 1935 г
монизм,монизм,public,предметный термин,2,2,0,Вклад Абхинавагупты в развитие шиваитской доктрины философского монизма в отличной от адвайта- веданты парадигме | Две парадигмы монизма в интерпретации «Бхагавадгиты»: Шанкара и Рамануджа
муж,муж,public,предметный термин,2,1,1,Модели мотивации понятий «муж» и «жена» в дравидийских языках | Индоевропейская формула «храни мужей и скот» в ведийских и постведийских текстах
музейный,музейный,public,предметный термин,2,2,0,Опись Л. А. Мерварт коллекции № 3015 в собрании МАЭ РАН как образец музейного документа | Современное искусство адиваси: некоторые особенности музейной репрезентации в Индии и Европе
мультикультурный,мультикультурный,public,предметный термин,2,2,0,"Огонь, вода и память: погребальные практики сикхов в мультикультурной среде | Община парсов в мультикультурном Бомбее (по произведениям Рохинтона Мистри)"
мухаммад,мухаммад,public,предметный термин,2,2,0,Как Кришна с Горакхой силой мерялись: Столкновение разных мистических течений в творчестве Малика Мухаммада Джаяси | Терминология суфийской проповеди в «Падмават» Малика Мухаммада Джаяси
нагарджун,нагарджун,public,предметный термин,2,1,1,«Ратнавали» Нагарджуны и «Дашабхумика-сутра»: явные и неявные связи | Философ Нагарджуна – персонаж пракритского романа «Лилаваи»
название,название,public,предметный термин,2,1,1,О названиях пчелы в ведийском языке | Об индийских названиях нуля
найполый,найполый,public,предметный термин,2,2,0,Индийская тема в автобиографической книге В. С. Найпола «A Writer's People: Ways of Looking and Feeling» | Индия и индийцы в автобиографической книге В. С. Найпола «The Writer's People»
намбить,намбить,public,предметный термин,2,1,1,Роль «Тируттондар тирувандади» Намби Андар Намби в формировании шиваитского канона | «Тируттондар тирувандади» Намби Андара Намби (Роль редактора в формировании канонического списка бхактов-наянаров)
намтара,намтара,public,предметный термин,2,0,2,Намтар Будды Шакьямуни в тибетской и китайской (пекинской) традициях (танки из коллекций Одесского и Киевского музеев Украины) | (Киев). Композиционные особенности намтара «12 деяний Будды Шакьямуни» в тибетской традиции (тангки житийной серии музеев Украины)
нарасинх,нарасинх,public,предметный термин,2,0,2,Культ Нарасинхи в трактатах по вастувидье в пуранах | Культ Нарасинхи в трактатах по вастувидье в пуранах
нарративный,нарративный,public,предметный термин,2,0,2,О нарративной символике бронзовой фигурки танцующего Бала-Кришны | (Великобритания). Сюжеты религиозного обращения в палийской и средневековой ирландской литературе. Нарративная традиция
население,население,public,предметный термин,2,1,1,Вопрос о дардском элементе в дотибетском населении Ладакха и Балтистана как лингвистическая проблема | Мифологии северных мунда как источник для реконструкции сюжета создания человека у населения евразийских степей в эпоху бронзы C
настоящий,настоящий,public,предметный термин,2,2,0,Функции вождя в традиционном обществе веддов в прошлом и настоящем | Ведды глазами сингалов: в прошлом и настоящем
натака,натака,public,предметный термин,2,1,1,"""Бхагавата мела натакам"": театр и ритуал в деревне Мелаттур (Тамилнад) | Проблема сновидения и «ошибочные действия» в натаке Бхасы «Свапнавасавадатта»"
небесный,небесный,public,предметный термин,2,1,1,Небесные боги в картине мира буддийской агиографии: признаки эволюции («Лалитавистара») | Дворец небесный и дворец земной: две схожие главы «Лалитавистары» и их функциональная роль в общей композиции текста
небывальщина,небывальщина,public,предметный термин,2,0,2,Небывальщины и парадоксы в древнеиндийской поэзии | Небывальщины и парадоксы в средневековой североиндийской поэзии
невозможность,невозможность,public,предметный термин,2,1,1,Обоснование невозможности чувственного познания в «Прасаннападе» Чандракирти | «Парамаартхасара» Абхинавагупты: руководство по обретению «сингулярности» или свидетельство о невозможности бытия Бога (Бытия/Бога)
неизвестный,неизвестный,public,предметный термин,2,1,1,Неизвестный иллюстрированный манускрипт из Непала из собрания кабинета Ю.Н. Рериха Института востоковедения РАН | Неизвестный речевой феномен у сингалов Шри Ланки
неоиндуизм,неоиндуизм,public,предметный термин,2,2,0,Бонкимчондро Чоттопаддхай и генезис неоиндуизма в Бенгалии | Феномен Рамакришны Парамахамсы и формирование неоиндуизма в Бенгалии XIX века
непалец,непалец,public,предметный термин,2,2,0,"Образ Локешвара в календарном обряде непальцев | О взаимовлиянии индуизма и буддизма в религии непальцев (легенды, иконография, личные наблюдения)"
непасть,непасть,public,предметный термин,2,0,2,Переводы стихов на язык непали | Пушкин на языке непали
нигхант,нигхант,public,предметный термин,2,2,0,101 синоним воды в ведийском словаре «Нигханту» | О 58 синонимах «речи» в «Нигханту»
нирукт,нирукт,public,предметный термин,2,1,1,«Унмада нирукта». «Безумная этимология»: об особенностях мистической герменевтики тантры (на примере интерпретации первой мангала-шлоки «Тантралоки») | Этимология (нирукта) в качестве герменевтической науки в кашмирском шиваизме
обзор,обзор,public,предметный термин,2,2,0,Буддизм и война: исторический обзор | Историографический обзор философско-поэтического наследия Ведантачарьи (Веданта Дешики)
обоснование,обоснование,public,предметный термин,2,2,0,"Обоснование невозможности чувственного познания в «Прасаннападе» Чандракирти | Содержательное обоснование порядка в перечне прамей (Ньяя-сутра, Ньяя-бхашья)"
образец,образец,public,предметный термин,2,2,0,«Шри Рамананда-чаритам» Рамбхадрачарьи как образец современной санскритской махакавьи | Опись Л. А. Мерварт коллекции № 3015 в собрании МАЭ РАН как образец музейного документа
одесский,одесский,public,предметный термин,2,0,2,Намтар Будды Шакьямуни в тибетской и китайской (пекинской) традициях (танки из коллекций Одесского и Киевского музеев Украины) | Мандалы Ваджрачхедики в коллекции Одесского Музея Западного и Восточного Искусства
ойрат,ойрат,public,предметный термин,2,0,2,Из истории фиксации традиционного сказителя хобуксарких ойратов Аримпиля (1923–1994) | К проблеме взаимодействия буддизма и воинской культуры у ойратов
ортодокс,ортодокс,public,предметный термин,2,1,1,М. К. Ганди — неортодоксальный „ортодокс“ | Еретики локаятики и ортодокс Каутса
основатель,основатель,public,предметный термин,2,2,0,Томас Рис-Дэвидс как основатель Pali Text Society | Раджа Рави Варма: художник и основатель «Рави Варма Пресс»
ответ,ответ,public,предметный термин,2,2,0,"«Город победы» Рушди — ответ «Рамаяне» самого скандального автора 20 столетия | Мандала-классификация нечестных трансакций в ответ на упрек (Ангуттара-никая. Аттаканипата, Ассаколанкасутта)"
отечественный,отечественный,public,предметный термин,2,1,1,Миниатюры рагамала в отечественных собраниях | Ю.М. Парфионович: штрихи жизненного пути. Парфионович – продолжатель исследований Ю.Н. Рериха в области тибетологии. Совместная деятельность Ю.М. Парфионовича и В. С. Дылыковой по изучению и переводу «Калачакра-тантры». И.В. Григорьев. Ю.М. Парфионович и будущее отечественной буддологии
павел,павел,public,предметный термин,2,1,1,"Востоковед Павел Яковлевич Петров (1814–1875), его библиотека и архив | Памятные даты – стимул к новым поискам: 150 лет со дня рождения Павла Риттера и 120 лет со дня рождения Юрия Рериха. (доклад онлайн)"
падмават,падмават,public,предметный термин,2,2,0,Загадки поэмы Джаяси «Падмават» | Терминология суфийской проповеди в «Падмават» Малика Мухаммада Джаяси
палица,палица,public,предметный термин,2,2,0,"Сюжет о побоище палицами в «Маусалапарве» и в «Джатаке о Гхата-пандите» | Книга о побоище палицами (Махабхарата, XVI)"
паломнический,паломнический,public,предметный термин,2,1,1,"Чайтья в трех версиях «Лалитавистары»: взаимодействие текста и паломнической традиции | Волосы Будды: паломнический и житийный нарратив, изобразительная традиция"
паломничество,паломничество,public,предметный термин,2,2,0,Индийское паломничество в сравнительном аспекте | Паломничество в Калика-пуране
память,память,public,предметный термин,2,2,0,"Огонь, вода и память: погребальные практики сикхов в мультикультурной среде | ""Махабхарата"" как текст культурной памяти"
паннир,паннир,public,предметный термин,2,0,2,Чидамбарам и его дикшитары в зеркале «Панниру тирумурей» | Место и роль Сундарара в структуре шиваитского канона «Панниру Тирумурей»
панчатантра,панчатантра,public,предметный термин,2,1,1,Чему и как учит Панчатантра | Панчатантра как шастра и как тантра
парань,парань,public,предметный термин,2,1,1,Смысл и понимание войны в средневековой Южной Индии (поэма Джаянкондара «Парани о войне в Калинге») | Литературный канон и инновации в поэме Джаянкондара «Парани о войне в Калинге»
парк,парк,public,предметный термин,2,0,2,Старый парк Пушпакарандаки (одна из загадок «Глиняной повозки») | Дворцовый парк в индийской литературе V – VI вв
парья,парья,public,предметный термин,2,2,0,Пещера дивов в сказке на языке парья | О не-волшебной помощнице в сказках парья: вариант фольклорного мотива
патанджали,патанджали,public,предметный термин,2,2,0,Проблемы реконструкции системы йоги Патанджали на основе переводов «корневого» текста «Йога-сутр» и толкования Бходжи («Rājamārtaṇḍa») | «Йога-сутры» Патанджали в арабском переводе ал-Бируни
пекин,пекин,public,предметный термин,2,1,1,"О сборнике садхан, переведенном Б. И. Панкратовым в 1930-е гг. в Пекине | Рерихи в Пекине в 1934—1935 гг"
первобытный,первобытный,public,предметный термин,2,2,0,От демонической к человеческой сексуальности? Индо-иранский миф о первобытном инцесте Ями и Ямы и его индоевропейские корни | «Век Кроноса» и «Сатья-юга»: два вида «первобытного коммунизма» и античных теорий социогенеза
переводческий,переводческий,public,предметный термин,2,1,1,Текущие переводческие проекты Фонда «Сохраним Тибет!» и изд-ва «Нартанг» | Опыт передачи эпической шлоки в русской переводческой традиции
переводчик,переводчик,public,предметный термин,2,1,1,Микушевич как переводчик санскритской поэзии | Трудности в изучении философского наследия Дигнаги: опыт переводчика и историка философии
переписка,переписка,public,предметный термин,2,1,1,Переписка О.Н. Бетлингка по поводу Петербургских словарей и судьба лексикографа | Священные зороастрийские тексты и переписка парсийских жрецов с зороастрийскими жрецами Ирана
персоязычный,персоязычный,public,предметный термин,2,1,1,Роль персоязычных версий индийских текстов в формировании средневековой тюркоязычной литературы Южного Кавказа (на примере памятника «Калила и Димна») | Эволюция жанра шахрашуб в контексте взаимодействия персоязычной литературы и литературы урду
перформанс,перформанс,public,предметный термин,2,1,1,Тело агхори как «живой текст»: визуальность и перформанс в производстве религиозного авторитета | Санскритизация перформанса: преобразования традиций Bhūta-kolam (Тулунаду) и Chhau (Орисса)
петербург,петербург,hidden,географический маркер уже вынесен в отдельную фасетку,2,1,1,Юрий Рерих и буддийский храм в Санкт- Петербурге | Саттрия: рождение нового индийского классического танца в Ассаме Лаборатория «Театрика» (Москва – С.-Петербург). Видеоматериал по традиции чхоу
пещера,пещера,public,предметный термин,2,2,0,Пещера дивов в сказке на языке парья | «Махабхарата» и мотив «заточенных в пещере»
плач,плач,public,предметный термин,2,2,0,Плач матери Будды по мертвому сыну: об одном эпизоде из легенды о просветлении | Плач в составе древней махакавьи
племенной,племенной,public,предметный термин,2,1,1,Скрытое / явное: представления о знании у племенных народов Южной Карнатаки | «Торговцы» или «богачи»? К истории племенного подразделения байат
побоище,побоище,public,предметный термин,2,2,0,"Сюжет о побоище палицами в «Маусалапарве» и в «Джатаке о Гхата-пандите» | Книга о побоище палицами (Махабхарата, XVI)"
поговорка,поговорка,public,предметный термин,2,2,0,Пословицы и поговорки Индии и России как аспект межкультурной коммуникации (проектная деятельность на уроках языка хинди) | Животный мир пословиц и поговорок хинди
подношение,подношение,public,предметный термин,2,1,1,Кангдзей: «Подношения гневным божеcтвам» | Ранние китайские версии биографии Будды: сюжет подношения рисовой каши
позиция,позиция,public,предметный термин,2,2,0,Опровержение позиции вайшешики Дигнагой | Что мы пьём? (анализ питья с позиций тибетской мадхьямаки и «многомировой» концепции Эверетта-Менского)
поиск,поиск,public,предметный термин,2,1,1,"В поисках современного подхода к прозе Премчанда.Коровина Евгения Владимировна, Ренковская Евгения Алексеевна (Москва). Экспедиция к памятникам протоиндийской цивилизации на территории Индии | Памятные даты – стимул к новым поискам: 150 лет со дня рождения Павла Риттера и 120 лет со дня рождения Юрия Рериха. (доклад онлайн)"
полемический,полемический,public,предметный термин,2,1,1,Ведантийско-буддийский полемический диалог в «Брахмасутрабхашье» | Некоторые аспекты полемического дискурса в индийских религиозно-философских традициях
полисемия,полисемия,public,предметный термин,2,1,1,Полисемия в области терминологии родства – дравидийские и индоарийские языки | Метафора и полисемия в интерпретации буддийских тантр
политический,политический,public,предметный термин,2,2,0,"Искусство протеста. Политический театр в Индии: истоки и развитие | «Бенгальский стиль» в индийском танце: традиционное, креативное, политическое измерения В программе возможны изменения и дополнения Приглашаются все желающие"
половина,половина,public,предметный термин,2,1,1,«Они из секты Пифагора»: представления об индуизме трех итальянских купцов второй половины XVI в. | Имперская идея или этнический стереотип? Концепт «монгол» в первой половине XIII в
популярный,популярный,public,предметный термин,2,2,0,Репрезентация образа адиваси в популярном индийском кинематографе | О стереотипизации адиваси в популярной культуре Индии
портрет,портрет,public,предметный термин,2,0,2,Вербальный панегирик индийского монаршего портрета эпохи Моголов | Мотив dad-u dām в могольском монаршем портрете: к вопросу о генезисе и семантике
после,после,public,предметный термин,2,2,0,В деревне Ампития (Шри Ланка) через 100 лет после Людмилы Мерварт | Айодхья через 20 лет после конфликта: о современных проявлениях индуистского фундаментализма (наблюдения и немного размышлений)
постановка,постановка,public,предметный термин,2,2,0,Буддизм пудгалавады: к постановке вопроса о субъекте-пудгале | Механизмы передачи сакрального текста в школах раннего буддизма (К постановке проблемы)
поэт,поэт,public,предметный термин,2,0,2,Восхваление табака в поэме «Пухейилей видутуду» тамильского поэта Сини Саккарей Пулавара | Язык жреца – язык поэта. О сакральности речи в древнейших формах санскритской драмы
появление,появление,public,предметный термин,2,0,2,Интерпретация датировки появления буддизма в Японии в традиционных источниках и храмовых хрониках энги | Некоторые типичные моменты появления сонма божеств в Непале
правило,правило,public,предметный термин,2,2,0,Правило lopa в грамматике Панини | Парибхаша — интерпретационные правила грамматики Панини
пракритский,пракритский,public,предметный термин,2,2,0,Образ «распутницы» в пракритской лирике | Философ Нагарджуна – персонаж пракритского романа «Лилаваи»
пратьябхиджний,пратьябхиджний,public,предметный термин,2,0,2,О некоторых основных понятиях пратьябхиджни | Европейская феноменология и буддизм в свете спора представителей кашмирской школы Пратьябхиджня с буддистами
предельный,предельный,public,предметный термин,2,0,2,О предельном предмете в «Парамартхасаре» Абхинавагупты | Несколько слов о «я» и Адвайте в свете узнавания себя как предельного обладающего в толкованиях Абхинавагупты на «Ишварапратьябхиджня-карике» Утпаладевы
предсказание,предсказание,public,предметный термин,2,2,0,Предсказания об исчезновении Дхармы как фактор зарождения традиционной историографии буддизма | Следуя воле звезд: Индийская астрология и практика предсказаний стихийных бедствий
преемственность,преемственность,public,предметный термин,2,1,1,Вивекананда и его учителя: преемственность религиозно-философских взглядов | Теория преемственности Дхармы в доктрине «сангоку маппо» в японском буддизме
преобразование,преобразование,public,предметный термин,2,1,1,Sattriya Ассама: о преобразовании ритуального представления бхакатов в еще один «классический танцевальный стиль» Индии | Санскритизация перформанса: преобразования традиций Bhūta-kolam (Тулунаду) и Chhau (Орисса)
приложение,приложение,public,предметный термин,2,1,1,Индийская схема рациональности и некоторые ее приложения к индийской философии | Философское приложение шикши в кашмирском шиваизме
приписывать,приписывать,public,предметный термин,2,1,1,"О стихах, приписываемых Бхартрихари | О гимне Авалокитешваре, приписываемом тибетскому царю Сонгцэн-гампо"
проведение,проведение,public,предметный термин,2,1,1,Златоликие образы Дипанкары Будды и традиция проведения фестиваля Самьяк маха дана в Патане. Шишова-Маретина Ксения Александровна (Санкт-Петербург). Архетип опасной женственности в индуизме | К вопросу о замещениях (pratinidhi) при проведении шраута-ритуалов
пропаганда,пропаганда,public,предметный термин,2,2,0,Заметки о роли индийской диаспоры в пропаганде языка и литературы хинди | Индийский мифологический сериал как средство идеологической пропаганды
прошлый,прошлый,public,предметный термин,2,2,0,Функции вождя в традиционном обществе веддов в прошлом и настоящем | Ведды глазами сингалов: в прошлом и настоящем
проявление,проявление,public,предметный термин,2,1,1,Проявление чувств в лирике кришнаитского бхакти XVI в | Айодхья через 20 лет после конфликта: о современных проявлениях индуистского фундаментализма (наблюдения и немного размышлений)
психология,психология,public,предметный термин,2,2,0,Психология Бога в кашмирском шиваизме и у Якоба Беме | Психология акта самопожертвования в изображении драматургов 7-го века
пудгала,пудгала,public,предметный термин,2,1,1,Использование вторичного текста (цитирование) как средство ведения дискуссии в «Вопросе о субъекте (пудгале)» в «Катхаваттху 1.1» | Фрагмент дискуссии о пудгале в «Катхаваттху» I.1: пудгала и скандхи
пурва-миманс,пурва-миманс,public,предметный термин,2,2,0,К вопросу об истинности в пурва-мимансе | К пониманию бхаваны в пурва-мимансе
пушкин,пушкин,public,предметный термин,2,1,1,Пушкин на языке непали | Индийский эпос «Дхола-Мару» и «Сказка о царе Салтане» А.С.Пушкина
пять,пять,public,предметный термин,2,0,2,Описание Центральной Азии в «Хождении в пять индийских царств» | Как уложить пять формул в одну строфу? «Архивирующие» возможности санскрита в математических сочинениях средневековой Индии
рагамаленький,рагамаленький,public,предметный термин,2,1,1,Миниатюры рагамала в отечественных собраниях | Начало гирлянды. Первые известные серии миниатюр рагамала
радж,радж,public,предметный термин,2,2,0,Раджа Рави Варма: художник и основатель «Рави Варма Пресс» | Описания военной техники в индийском сочинении XI века «Шри Калачакра тантра раджа»
раздел,раздел,public,предметный термин,2,1,1,Интерпретация кровавых событий раздела Индии и Пакистана в романе Кхушванта Сингха «Поезд в Пакистан» | Дискуссия между буддистами и санкхьяиками о существовании и природе атмана в разделе «Атмапарикша» «Таттвасанграхи» Шанатаракшиты
разлука,разлука,public,предметный термин,2,1,1,Две поэмы на тему разлуки из тамильского сборника Паттуппатту: Муллейппатту и Недунальвадей. Опыт сравнения | Еще раз о теме разлуки в тамильской поэзии
разновидность,разновидность,public,предметный термин,2,2,0,Бенгальский стихотворный размер пояр и его разновидности | О джатакаставе как разновидности буддийского гимна
рай,рай,public,предметный термин,2,1,1,"Рай Амитабхи в традиции школы ньигма | Перевод Г.С.Лебедевым поэмы Бхарат Чондро Рая «Биддешундор» (по рукописи, хранящейся в РГИА). Предварительное сообщение"
ранневедийский,ранневедийский,public,предметный термин,2,0,2,Об интерпретационном коде ранневедийской литературы (вед. śatabhuji) | Śradīḥ púraḥ: ранневедийский текст и ритуал
раскалить,раскалить,public,предметный термин,2,1,1,Ордалия раскаленной монетой (taptamàşa): текст и реальность | Ордалия раскаленной монетой: шастрический текст и «свидетельства» испытаний
реалия,реалия,public,предметный термин,2,0,2,Жизнь и реалии Кумаона в народных песнях-ньоли | Текст в контексте: образ идеального сикхского правителя в кодексе Прем Сумараг в позднесредневековых панджабских реалиях
реминисценция,реминисценция,public,предметный термин,2,2,0,Реминисценции мифа Вала в припамирском регионе | Литературные реминисценции в «Гаудавахо» Вакпатираджи
репрезентация,репрезентация,public,предметный термин,2,2,0,Репрезентация образа адиваси в популярном индийском кинематографе | Современное искусство адиваси: некоторые особенности музейной репрезентации в Индии и Европе
рецепция,рецепция,public,предметный термин,2,0,2,Рецепция Маджджхима-никаи в рукописях Э. Гуссерля | Рецепция тантрического текста в совеременной культуре: случай Аллена Гинзберга
решение,решение,public,предметный термин,2,1,1,Найти нормативную этику в традиционных текстах: сверхзадача и её решение мыслителями Бенгальского Возрождения. | Проблемы датировки трактата Бхамахи и пути ее решения
риторика,риторика,public,предметный термин,2,2,0,Диалоги в ранних Упанишадах: от агона к риторике | Древнеиндийская риторика и традиция санскритского театра (Тригата в «Натьяшастре»)
риторический,риторический,public,предметный термин,2,0,2,Ирония: «риторическая фигура» в Североиндийской поэзии бхакти | Риторический вопрос и его функция в индийской средневековой поэзии бхакти
рог,рог,public,предметный термин,2,0,2,Почему у монаха-дигамбара рог на голове? Попытка интерпретации одной строфы из философского диспута в прахасане «Латакамелака» | Дидактика и символика в тибетской литературе (на примере «Песни о роге яка» из собрания «сто тысяч песен Миларепы»)
роспись,роспись,public,предметный термин,2,2,0,О некоторых особенностях росписей осакотхи (штат Орисса) | Живая традиция ритуальных росписей Питхоро в Гуджарате: полевые данные 2012 г
российский,российский,public,предметный термин,2,1,1,Вклад Ю.Н. Рериха в историю российских экспедиций в Центральную Азию. К 100-летию начала Центрально-Азиатской экспедиции Н.К. Рериха | Российская экспедиция в Ассам 1911-1912 гг
руднев,руднев,public,предметный термин,2,2,0,Г*. (Санкт-Петербург). Семья Рудневых как собиратели коллекций для МАЭ РАН | Д. Д. Руднев как радетель пополнения коллекций МАЭ РАН
рудрый-шивый,рудрый-шивый,public,предметный термин,2,1,1,Становление культа Рудры-Шивы по древнеиндийским священным текстам традиции шрути: от мифологемы к философскому принципу | Об эволюции образа Рудры-Шивы в священных текстах шрути
рукописный,рукописный,public,предметный термин,2,2,0,Коллекция индийских рукописей рукописного фонда библиотеки СПбГУ | Древний тибетский сборник текстов по культам Махакалы и Вишну из рукописной коллекции ИВР РАН
сам,сам,public,предметный термин,2,1,1,«Город победы» Рушди — ответ «Рамаяне» самого скандального автора 20 столетия | Танец суфийских дервишейволчков ритуала «сама» и сакральный «танец вихря» (fr. dance vertige) «Мистерии» А.Н. Скрябина
самопожертвование,самопожертвование,public,предметный термин,2,2,0,Палийская и санскритские версии сюжетов о самопожертвовании бодхисатвы-зайца | Психология акта самопожертвования в изображении драматургов 7-го века
санкт-петербург,санкт-петербург,public,предметный термин,2,2,0,Златоликие образы Дипанкары Будды и традиция проведения фестиваля Самьяк маха дана в Патане. Шишова-Маретина Ксения Александровна (Санкт-Петербург). Архетип опасной женственности в индуизме | Г*. (Санкт-Петербург). Семья Рудневых как собиратели коллекций для МАЭ РАН
санкхие,санкхие,public,предметный термин,2,2,0,Эпическая санкхья в беседе царя Джанаки и отшельницы Сулабхи (МБХ 12.308) | Учение санкхьи в «Брихадараньяка-упанишаде»
санскритизация,санскритизация,public,предметный термин,2,1,1,Санскритизация перформанса: преобразования традиций Bhūta-kolam (Тулунаду) и Chhau (Орисса) | Санскритизация и философские проблемы языковой политики
санча,санча,public,предметный термин,2,2,0,Предание в тексте и предание в камне: сюжет просветления Будды на рельефе Большой Ступы в Санчи | Конь без всадника и дерево джамбу: к интерпретации рельефа на восточных воротах Большой Ступы в Санчи
сат-чит-ананд,сат-чит-ананд,public,предметный термин,2,2,0,Сат-чит-ананда как мост между христианством и индуизмом | Истоки формулы сат-чит-ананда в Упанишадах
саттрия,саттрия,public,предметный термин,2,1,1,Саттрия: рождение нового индийского классического танца в Ассаме Лаборатория «Театрика» (Москва – С.-Петербург). Видеоматериал по традиции чхоу | «Саттрия: опыт создания классического танца в современном Ассаме»
саутрамань,саутрамань,public,предметный термин,2,1,1,"Сура vs. сома в жертвоприношении Саутрамани: мифы, ритуальные действия, мантры | (НИ, Москва). Сура (surā) в ведийских ритуалах Ваджапея и Саутрамани"
сбой,сбой,public,предметный термин,2,0,2,Предварительные замечания к проблеме речевого сбоя в древнеиндийской теории драмы | Феномен речевого сбоя как средство художественной выразительности в структуре классической санскритской драмы
свидетельство,свидетельство,public,предметный термин,2,0,2,«Парамаартхасара» Абхинавагупты: руководство по обретению «сингулярности» или свидетельство о невозможности бытия Бога (Бытия/Бога) | Ордалия раскаленной монетой: шастрический текст и «свидетельства» испытаний
свиток,свиток,public,предметный термин,2,2,0,Неварский «повествовательный свиток» на темы «Лалитавистары»: «одомашнивание» классической буддийской сутры | Неварский «повествовательный свиток» в собрании МАЭ РАН (коллекция И. П. Минаева). Предварительное сообщение
свой,свой,public,предметный термин,2,1,1,Индийские истоки и источники философствования Р. Тагора: «Садхана» как опыт объяснения Своего Другому | Отражение оппозиции «свой – чужой» в традиционных представлениях о землепользовании кочевников Центральной Азии
северный,северный,public,предметный термин,2,2,0,Мифологии северных мунда как источник для реконструкции сюжета создания человека у населения евразийских степей в эпоху бронзы C | «Мадхан-кам» – народная драма Северной Бенгалии (с демонстрацией видеоматериалов)
сегодня,сегодня,public,предметный термин,2,1,1,"Mārganātyam. Театральная практика и теория «Натьяшастры» сегодня | Анкхья-нат: обряд и драма средневекового Ассама, и их возрождение сегодня"
сера,сера,public,предметный термин,2,1,1,Буддийский Ренессанс в Южной Азии конец XIX – сер. XX века: история и перспективы | Индийские нумерационные системы. По материалам трактата Махавирачарьи «Собрание основных положений науки о вычислениях» (сер. IX в.)
сериндийский,сериндийский,public,предметный термин,2,2,0,Неатрибутированный санскритский фрагмент SI 3480 из Сериндийского фонда ИВР РАН | Санскритский фрагмент «Артхавинишчая-сутры» из Сериндийского фонда ИВР РАН
сиддх,сиддх,public,предметный термин,2,1,1,«История Тирумулара»: биография бхакта и биография сиддха | «Сумеречный язык» в поэзии тамильских сиддхов
сиддхам,сиддхам,public,предметный термин,2,2,0,Тангутские ксилографы письмом ‘сиддхам’ из собрания ИВР РАН | Интерпретация символов ‘ом’ и ‘сиддхам’ в мангала-шлоках санскритских рукописей
символизм,символизм,public,предметный термин,2,0,2,Символизм санскритского алфавита (али-кали) в Калачакра-тантре | Символизм десяти воплощений Вишну во внутренней Калачакра-тантре
сингальский,сингальский,public,предметный термин,2,2,0,"О сюжетах по джатаке Махаджанака в сингальской коллекции МАЭ | У сингальских мастеров по дереву (Шри Ланка, осень 2014 г.)"
ситуация,ситуация,public,предметный термин,2,0,2,Социоскрипторная ситуация в Древней Индии | Ситуация ухода героя в классической тамильской поэзии
сказитель,сказитель,public,предметный термин,2,1,1,"Из истории фиксации традиционного сказителя хобуксарких ойратов Аримпиля (1923–1994) | Сказители, музыканты и танцоры. К вопросу о происхождении и кастовой дхарме так называемых катхаков Раджастхана"
скальный,скальный,public,предметный термин,2,1,1,Эволюция архитектуры джайнских пещерных храмов Махараштры в контексте скального зодчества Индии | Джайнские пещерные храмы Махараштры в контексте развития скальной архитектуры Индии
скифский,скифский,public,предметный термин,2,0,2,"Скифский язык, топонимы Скифии и Центральной Азии, индоевропейские языки: культурные заимствования из Индии и культур древнего Понта Эвксинского | Скифские слова в Авесте"
скот,скот,public,предметный термин,2,2,0,Тема угона скота (veṭci) в древнетамильской поэзии и литературной теории | Индоевропейская формула «храни мужей и скот» в ведийских и постведийских текстах
скотоводческий,скотоводческий,public,предметный термин,2,2,0,«Коровьи войны» (на материале скотоводческого эпоса народов Центральной Индии и Декана) | О быках и людях (Образ «Стада» в скотоводческом эпосе Южной Индии)
сложение,сложение,public,предметный термин,2,1,1,Этапы сложения имперской идеологии у средневековых монголов | Иконографические типы бронзовых образов Натараджи: их сложение и проблемы классификации
смысловой,смысловой,public,предметный термин,2,2,0,"Начальный сюжет в житийной литературе раннего буддизма, его вариативность и смысловое наполнение | Форма смыслового глагола в модальных конструкциях возможности/способности в хинди"
сновидение,сновидение,public,предметный термин,2,0,2,Сновидение в древнеиндийских философских текстах | Проблема сновидения и «ошибочные действия» в натаке Бхасы «Свапнавасавадатта»
собиратель,собиратель,public,предметный термин,2,2,0,Г*. (Санкт-Петербург). Семья Рудневых как собиратели коллекций для МАЭ РАН | И. П. Минаев как собиратель рукописей
собственный,собственный,public,предметный термин,2,2,0,Борьба за собственный язык в Ладакхе (на материале полевых исследований) | Борьба за собственный язык в Ладакхе
сооружение,сооружение,public,предметный термин,2,2,0,К вопросу о классификации храмовых сооружений в Вишнудхармоттара-пуране | Типология храмовых сооружений в текстах пуран и «Брихатсамхите»
сопоставление,сопоставление,public,предметный термин,2,2,0,Монистический теизм (адвайта-ишваравада) Абхинавагупты в сопоставлении с ишваравадой адвайты Шанкары на материале их комментариев к «Бхагавадгите». | Другой в традиции индуизма и философии Бенгальского Возрождения: Опыт сопоставления
состояние,состояние,public,предметный термин,2,2,0,Трактовка состояний удрученности и умопомешательства в буддийских экзегетических источниках | «Юный» как представитель измененного состояния сознания
спать,спать,public,предметный термин,2,0,2,Стиль кавья в двух описаниях спящего гарема – в «Рамаяне» и в «Жизни Будды» Ашвагхоши | О значении пал. sutta (p.p. от supati «спать») в медитации осознанности (сатипаттхана)
спор,спор,public,предметный термин,2,0,2,Европейская феноменология и буддизм в свете спора представителей кашмирской школы Пратьябхиджня с буддистами | Спор Абхинавагупты и Утпаладевы с буддистами в первой части «Ишварапратьябхиджня-вимаршини»
спхота,спхота,public,предметный термин,2,2,0,"Спхота, джати, пашьянти и пратибха в «Вакьяпадии» — к проблеме разграничения терминов | Концепция спхоты в «Спхотасиддхи» Манданамишры"
становление,становление,public,предметный термин,2,1,1,Становление культа Рудры-Шивы по древнеиндийским священным текстам традиции шрути: от мифологемы к философскому принципу | Некоторые проблемы становления вишишта-адвайты
старец,старец,public,предметный термин,2,0,2,"Некоторые особенности культа Белого старца в Сиккиме. (доклад онлайн) | Белый Старец. Танка из коллекции Кабинета Юрия Рериха (ИВ РАН, Москва)"
статуя,статуя,public,предметный термин,2,0,2,Еще раз к вопросу о сандаловой статуе Будды | Обряд освящения статуи (адхивасана) и его роль в текстах по строительству (вастувидье) в пуранах
стенопись,стенопись,public,предметный термин,2,0,2,Планиметрические модели тела человека в санскритских трактатах по искусству и в стенописи Аджанты | «Цветомыслие» в Древней Индии (вербальный текст и стенопись)
степь,степь,public,предметный термин,2,1,1,Семантика изображений птицы на каменных изваяниях степей Евразии | Мифологии северных мунда как источник для реконструкции сюжета создания человека у населения евразийских степей в эпоху бронзы C
стереотип,стереотип,public,предметный термин,2,1,1,Поведенческие стереотипы сикхов | Имперская идея или этнический стереотип? Концепт «монгол» в первой половине XIII в
стоить,стоить,public,предметный термин,2,1,1,Что стоит за стилями у Дандина? | Что стоит за стилем у Дандина?
сторона,сторона,public,предметный термин,2,2,0,Абхидхарма и абхивиная: взгляд со стороны двух раннебуддийских традиций | Замечания по формальной стороне Рикпратишакхьи
странствие,странствие,public,предметный термин,2,2,0,В начале странствий. Эпизод абхинишкрамана в «Сутре о благом явлении царевича» | История Агададатты в романе Сангхадасы «Странствия Васудевы»
стратегия,стратегия,public,предметный термин,2,2,0,Абхидхарма как когнитивная стратегия | Дискуссия о четырех блаженствах: об одной стратегии для интерпретации истинной природы реальности в посвящении Хеваджра-тантры
стратификация,стратификация,public,предметный термин,2,1,1,Санскара «посвящение в ученики» (упанаяна): её место и значение в ряду других санскар и в древней разработке стратификации индийского общества | Половозрастная стратификация общества в ведийских текстах
строительный,строительный,public,предметный термин,2,0,2,Пространство и его описание в строительных трактатах пуран | Строительный ритуал и его роль в текстах вастувидьи (по материалам пуран)
ступа,ступа,public,предметный термин,2,2,0,Предание в тексте и предание в камне: сюжет просветления Будды на рельефе Большой Ступы в Санчи | Конь без всадника и дерево джамбу: к интерпретации рельефа на восточных воротах Большой Ступы в Санчи
сура,сура,public,предметный термин,2,1,1,"Сура vs. сома в жертвоприношении Саутрамани: мифы, ритуальные действия, мантры | (НИ, Москва). Сура (surā) в ведийских ритуалах Ваджапея и Саутрамани"
сурдас,сурдас,public,предметный термин,2,2,0,«Бхрамара-гита» Сурдаса: к характеристике стиля | Народный стиль речи в «Бхрамара-гите» Сурдаса
суфизм,суфизм,public,предметный термин,2,2,0,Суфизм в Индии: истоки и течения | Кришна исполняет зикр: следы влияния бхакти на суфизм братства Чиштийя
суфийский,суфийский,public,предметный термин,2,1,1,Танец суфийских дервишейволчков ритуала «сама» и сакральный «танец вихря» (fr. dance vertige) «Мистерии» А.Н. Скрябина | Терминология суфийской проповеди в «Падмават» Малика Мухаммада Джаяси
существо,существо,public,предметный термин,2,2,0,"Вредные существа и животные в авестийской и ведической традиции | «… Есть некая рыба, которая чюдовидна имать»: возможные истоки и неочевидные связи одного композитного существа индийской миниатюры"
сюжетный,сюжетный,public,предметный термин,2,1,1,Сюжетные схемы санскритских джатак Харибхатты (IV–V в.) | К вопросу о сюжетных и стилистических истоках ранних приключенческих романов на хинди
тамилнад,тамилнад,public,предметный термин,2,2,0,"""Бхагавата мела натакам"": театр и ритуал в деревне Мелаттур (Тамилнад) | О взаимоотношении религиозных конфессий в средневековом Тамилнаде"
тангка,тангка,public,предметный термин,2,0,2,Некоторые тангка из собрания Ю.Н. Рериха. Новые исследования | (Киев). Композиционные особенности намтара «12 деяний Будды Шакьямуни» в тибетской традиции (тангки житийной серии музеев Украины)
тангутский,тангутский,public,предметный термин,2,1,1,Тангутские ксилографы письмом ‘сиддхам’ из собрания ИВР РАН | Природопользование в тангутском государстве Си Ся
тара,тара,public,предметный термин,2,2,0,«Гимн Таре» Сарваджнямитры и его тибетские переводы | Символика и способы почитания богини Тары в индуизме (с демонстрацией видеоматериалов)
творение,творение,public,предметный термин,2,1,1,Особенности представлений о творении вселенной и ее истории в пуранах | Роль мифов о творении мира в индийской философии
театральный,театральный,public,предметный термин,2,1,1,О манерах театральной игры: категория вритти в «Натьяшастре» | Mārganātyam. Театральная практика и теория «Натьяшастры» сегодня
теизм,теизм,public,предметный термин,2,2,0,Интерпретация теизма «Бхагавадгиты» Шанкарой и Абхинавагуптой (на материале их комментариев к «Бхагавадгите) | Монистический теизм (адвайта-ишваравада) Абхинавагупты в сопоставлении с ишваравадой адвайты Шанкары на материале их комментариев к «Бхагавадгите».
текстология,текстология,public,предметный термин,2,2,0,"«Брахма-стути» из «Бхушунди Рамаяны»: текстология, смыслы, параллели | Проблемы текстологии «Шатакатраям» Бхартрихари (на примере «Шрингарашатаки»)"
телесный,телесный,public,предметный термин,2,1,1,О телесном и духовном бессмертии в индуистском тантризме | Антропоморфная образность «игры знания»: телесная метафора и метафора путешествия
территория,территория,public,предметный термин,2,2,0,"В поисках современного подхода к прозе Премчанда.Коровина Евгения Владимировна, Ренковская Евгения Алексеевна (Москва). Экспедиция к памятникам протоиндийской цивилизации на территории Индии | Очаги обнаружения санскритских рукописей на территории Тибета"
техника,техника,public,предметный термин,2,1,1,Песенная техника проповеди Миры Баи: подступы к исследованию | Описания военной техники в индийском сочинении XI века «Шри Калачакра тантра раджа»
технический,технический,public,предметный термин,2,2,0,Техническая терминология тантрийской йоги в «Виджняна Бхайрава тантре» | Технические приспособления для рубрикации корней в «Дхатупатхе» Панини
тип,тип,public,предметный термин,2,2,0,"""Башни с нишами"" в индуизме. Об одном типе храмовых шикхар в архитектуре Чалукьев | Иконографические типы бронзовых образов Натараджи: их сложение и проблемы классификации"
тирувандасть,тирувандасть,public,предметный термин,2,1,1,Роль «Тируттондар тирувандади» Намби Андар Намби в формировании шиваитского канона | «Тируттондар тирувандади» Намби Андара Намби (Роль редактора в формировании канонического списка бхактов-наянаров)
тирумулар,тирумулар,public,предметный термин,2,1,1,«История Тирумулара»: биография бхакта и биография сиддха | Значение творчества Тирумулара для формирования изобразительного канона Шивы Натараджи в Чидамбараме
тирумурья,тирумурья,public,предметный термин,2,0,2,Чидамбарам и его дикшитары в зеркале «Панниру тирумурей» | Место и роль Сундарара в структуре шиваитского канона «Панниру Тирумурей»
тируттондар,тируттондар,public,предметный термин,2,1,1,Роль «Тируттондар тирувандади» Намби Андар Намби в формировании шиваитского канона | «Тируттондар тирувандади» Намби Андара Намби (Роль редактора в формировании канонического списка бхактов-наянаров)
томас,томас,public,предметный термин,2,2,0,Томас Рис-Дэвидс как основатель Pali Text Society | Учение д-ра Маханамбраты Брахмачари как квинтэссенция идей бенгальского ренессанса и его влияние на Томаса Мертона
точка,точка,public,предметный термин,2,1,1,Индийские шастры с точки зрения современной методологии познания | Преображение богини Кали: точка зрения «Маханирвана-тантры»
трансформация,трансформация,public,предметный термин,2,2,0,Трансформации культурной идентичности парсов Бомбея | Трансформации сюжетов о просветлении и первой проповеди Будды в свете ранних китайских переводов сутр (II—III вв.)
тригата,тригата,public,предметный термин,2,1,1,Тригата в «Натьяшастре»: религиозное и символическое значение | Древнеиндийская риторика и традиция санскритского театра (Тригата в «Натьяшастре»)
тханк,тханк,public,предметный термин,2,1,1,Тханки в собрании И. П. Минаева (МАЭ РАН) | Две тханки из собрания И.П. Минаева (МАЭ РАН) и традиция странствующих рассказчиков (лама манипа) в Гималайском регионе
тыква,тыква,public,предметный термин,2,2,0,Миф о Потопе и тыкве у племен западной Индии | Миф о Потопе и тыкве у дравидийских племен: к вопросу об истории контактов дравидов и мунда
тысяча,тысяча,public,предметный термин,2,0,2,Путешествие «Тысячи и одной ночи» в Ирландию | Дидактика и символика в тибетской литературе (на примере «Песни о роге яка» из собрания «сто тысяч песен Миларепы»)
тюрк,тюрк,public,предметный термин,2,0,2,Тюркский каган и сасанидский шаханшах: к вопросу об идеологических заимствованиях древних тюрков у иранцев | К проблеме возрастных категорий у древних тюрков VI—X вв
украина,украина,public,предметный термин,2,0,2,Намтар Будды Шакьямуни в тибетской и китайской (пекинской) традициях (танки из коллекций Одесского и Киевского музеев Украины) | (Киев). Композиционные особенности намтара «12 деяний Будды Шакьямуни» в тибетской традиции (тангки житийной серии музеев Украины)
украшение,украшение,public,предметный термин,2,1,1,Ритуальные предметы и украшения в контексте обрядов жизненного цикла неваров | Индийские классификации: принципы различения поэтических украшений (аланкар)
универсалия,универсалия,public,предметный термин,2,2,0,Парадигмальное мышление брахманов. Связь философских универсалий и варно-кастовой системы в Индии | Кула и кауладхарма: центральная универсалия индуистского тантризма.
уникальность,уникальность,public,предметный термин,2,1,1,Связка текст-смысл-мышление в «Артхашастре» Каутильи: уникальность и стандартность | Проблема уникальности природы человеческой души в философской системе Ямуначарьи
употребление,употребление,public,предметный термин,2,2,0,Расширение и распространение: о некоторых особенностях употребления глагольного корня bṛh в «Ригведе» | Об употреблении слова ātman в «Ригведе»
урду,урду,public,предметный термин,2,2,0,Эволюция жанра шахрашуб в контексте взаимодействия персоязычной литературы и литературы урду | «Рассказ о рани Кетаки» Инш-алла Хана в контексте развития ранней прозы на хинди и урду
урмила,урмила,public,предметный термин,2,2,0,Сон Урмилы в современной индийской прозе | Восхождение Урмилы в поэме Майтхилишарана Гупты «Сакет»
уровень,уровень,public,предметный термин,2,2,0,Рабиндранат Тагор: уровни поэтического высказывания | Уровень смысла в текстах шастр: концепты или понятия?
урок,урок,public,предметный термин,2,2,0,Пословицы и поговорки Индии и России как аспект межкультурной коммуникации (проектная деятельность на уроках языка хинди) | Уроки Герхарда Оберхаммера. По следам перевода книги «Структуры йоговской медитации»
установление,установление,public,предметный термин,2,2,0,Самбхары в обряде установления жертвенных огней (agnyādheya) | Вьявахара как универсум установления достоверности знания в индийской эпистемологии и логике (праманаваде)
участник,участник,public,предметный термин,2,2,0,А.А. Сталь-Гольштейн как участник научно-издательской серии «Bibliotheca Buddhica» | Обращение к участникам конференции
учить,учить,public,предметный термин,2,1,1,Чему и как учит Панчатантра | Чему учили люди дасью? (по материалам ранних ведийских текстов)
феноменология,феноменология,public,предметный термин,2,1,1,Буддийская феноменология бессамостности (Опыт анализа концептов Я и «просто-я» Чже Цонкапы) | Европейская феноменология и буддизм в свете спора представителей кашмирской школы Пратьябхиджня с буддистами
фиксация,фиксация,public,предметный термин,2,1,1,Из истории фиксации традиционного сказителя хобуксарких ойратов Аримпиля (1923–1994) | К вопросу о письменной фиксации Ригведы
философствование,философствование,public,предметный термин,2,2,0,Индийские истоки и источники философствования Р. Тагора: «Садхана» как опыт объяснения Своего Другому | «Религия Человека»: свобода и традиция в философствовании Рабиндраната Тагора
фонема,фонема,public,предметный термин,2,1,1,"Варна – это фонема, буква, звук или …? | Варна – фон, фонема, звукотип"
фонетический,фонетический,public,предметный термин,2,2,0,Древнеиндийские диалекты в ранних фонетических трактатах | Санскритское письмо как последовательная фонетическая транскрипция
формульность,формульность,public,предметный термин,2,1,1,О формульности надписей на санскрите | О формульности индийских дарственных надписей
характерный,характерный,public,предметный термин,2,2,0,Отличительные особенности и характерные черты индийских мифологических сериалов на сюжет | Характерные черты и особенности индийского мифологического сериала (на материале сериалов на сюжет «Рамаяны»)
харибхатт,харибхатт,public,предметный термин,2,0,2,Мотивный анализ сюжета «Джатаки о павлине» Харибхатты (IV–V вв. н.э.) | Сюжетные схемы санскритских джатак Харибхатты (IV–V в.)
хеваджр-тантра,хеваджр-тантра,public,предметный термин,2,2,0,Samarasa и svasamvedya в абхишека-патале Хеваджра-тантры согласно Муктавалихеваджрапаньджике Ратнакарашанти | Дискуссия о четырех блаженствах: об одной стратегии для интерпретации истинной природы реальности в посвящении Хеваджра-тантры
химачал-прадеш,химачал-прадеш,public,предметный термин,2,0,2,Морфология деревянной храмовой архитектуры Химачал-Прадеша (Индия) | Астрологические манускрипты на танкри из коллекции Кхубрама Кхушдиля (Химачал-Прадеш): особенности текстов и датировка
хить,хить,public,предметный термин,2,2,0,Иконография и функции непальских дхара/хити | Хити/дхара — «неиссякаемый источник»: Иконография и функции (по материалам Непала)
христианство,христианство,public,предметный термин,2,2,0,Моравская миссия в Ладакхе. «Тибетское» христианство и вклад моравских братьев в развитие языка ладакхи | Сат-чит-ананда как мост между христианством и индуизмом
хронология,хронология,public,предметный термин,2,1,1,Место и значение хронологии и генеалогии в санскритских текстах | К проблеме древнеиндийской хронологии
цветообозначение,цветообозначение,public,предметный термин,2,0,2,Этимология и семантика цветообозначения «черный» в культуре Китая | Этимология и семантика цветообозначения «красный» в китайской культуре
цейлон,цейлон,public,предметный термин,2,2,0,Этнографические сборы В.И. Липского на Цейлоне в начале XX в | «Очерки Цейлона и Индии» И. П. Минаева как источник по изучению культурной истории Индии
цель,цель,public,предметный термин,2,2,0,"Литература хинди как предмет школьной программы в Индии: история куррикулума, ценности и цели обучения | Критика целей дефиниций (лакшана) в «Кхандана-кханда-кхадья» Шри Харши (на примере дефиниции восприятия)"
ценность,ценность,public,предметный термин,2,2,0,"Литература хинди как предмет школьной программы в Индии: история куррикулума, ценности и цели обучения | Научная ценность труда И.П.Минаева «Буддизм.Исследования и материалы» (СПб.,1887)"
цонкап,цонкап,public,предметный термин,2,2,0,Буддийская феноменология бессамостности (Опыт анализа концептов Я и «просто-я» Чже Цонкапы) | Понимание высшей истины (парамартха) у Чже Цонкапы
цыган,цыган,public,предметный термин,2,2,0,Несколько этимологий арготических слов среднеазиатских цыган на фоне дискуссий последнего полувека об истории цыган | Фольклор европейских рома (цыган) и мифы индийских племен
чайтанья,чайтанья,public,предметный термин,2,2,0,Чайтанья и его учение в североиндийской литературе XVII в. (на примере «Бхактамалы» Госвами Набхадаса) | Образ Чайтаньи в традиционных бенгальских текстах
чакравартина,чакравартина,public,предметный термин,2,0,2,"Семь сокровищ чакравартина и их пространственная локализация (палийский канон, «Артхашастра») | Вратьи и чакравартины: образ Миродержца в Древней Индии в палийских, санскритских и ведийских источниках"
чандракиртеть,чандракиртеть,public,предметный термин,2,2,0,Арьядэва и Чандракирти о концепции anātma | Обоснование невозможности чувственного познания в «Прасаннападе» Чандракирти
частица,частица,public,предметный термин,2,2,0,"Ведийский гапакс batá- и частица bata / vata: семантика, контекст, этимология | Был ли Яма пессимистом? Значение частицы gha и ее индоевропейские параллели (К интерпретации стиха Ригведа"
чаупад,чаупад,public,предметный термин,2,2,0,Тантрические парадигмы в игровых системах Востока: сравнительный анализ “Джняна чаупады” и “Салам намшак” сквозь призму индуистской и буддийской тантры | Сравнительный анализ космологических представлений на полях вишнуитской и джайнской «джняна чаупады» (игры знания) XVIII — XIX вв
человеческий,человеческий,public,предметный термин,2,2,0,От демонической к человеческой сексуальности? Индо-иранский миф о первобытном инцесте Ями и Ямы и его индоевропейские корни | Проблема уникальности природы человеческой души в философской системе Ямуначарьи
черта,черта,public,предметный термин,2,2,0,Отличительные особенности и характерные черты индийских мифологических сериалов на сюжет | Характерные черты и особенности индийского мифологического сериала (на материале сериалов на сюжет «Рамаяны»)
чже,чже,public,предметный термин,2,2,0,Буддийская феноменология бессамостности (Опыт анализа концептов Я и «просто-я» Чже Цонкапы) | Понимание высшей истины (парамартха) у Чже Цонкапы
чидамбарам,чидамбарам,public,предметный термин,2,2,0,Kaṇita Caturam 108: тамильский числовой квадрат из храма Натараджи в Чидамбараме | Значение творчества Тирумулара для формирования изобразительного канона Шивы Натараджи в Чидамбараме
чиновничество,чиновничество,public,предметный термин,2,2,0,Британское колониальное чиновничество в литературном наследии Дж. Оруэлла | Культура повседневности британского чиновничества в Индии и Непале (по наблюдениям И. П. Минаева)
числовой,числовой,public,предметный термин,2,1,1,Kaṇita Caturam 108: тамильский числовой квадрат из храма Натараджи в Чидамбараме | Смена парадигмы? Числовые «коды» в структуре индийских математических сочинений древности и средневековья
читта,читта,public,предметный термин,2,2,0,"Читта и бодхичитта. Раздумья о переводе некоторых буддийских терминов | Ум, психика или сознание (о переводе буддийских терминов «читта» и «виджняна»)"
чой-йон,чой-йон,public,предметный термин,2,0,2,Тибетский принцип чой-йон и его значение для тибето-цинских отношений | Тибетский институт чой-йон (наставник-покровитель) в китайских источниках 17–18 вв
чувство,чувство,public,предметный термин,2,0,2,Проявление чувств в лирике кришнаитского бхакти XVI в | Чувство времени (венок сонетов)
шакьямунь,шакьямунь,public,предметный термин,2,0,2,Намтар Будды Шакьямуни в тибетской и китайской (пекинской) традициях (танки из коллекций Одесского и Киевского музеев Украины) | (Киев). Композиционные особенности намтара «12 деяний Будды Шакьямуни» в тибетской традиции (тангки житийной серии музеев Украины)
шастрический,шастрический,public,предметный термин,2,0,2,Выкуп невесты (śulka) в Древней Индии: шастрическая и эпическая традиции | Ордалия раскаленной монетой: шастрический текст и «свидетельства» испытаний
шрибхаший,шрибхаший,public,предметный термин,2,2,0,"К анализу устройства «Шрибхашья» Рамануджи: содержание, композиция, стиль | Проблемы перевода «Шрибхашьи» Рамануджи"
шрутить,шрутить,public,предметный термин,2,1,1,Становление культа Рудры-Шивы по древнеиндийским священным текстам традиции шрути: от мифологемы к философскому принципу | Об эволюции образа Рудры-Шивы в священных текстах шрути
экзегетический,экзегетический,public,предметный термин,2,2,0,Интерпретация канонической типологии архатов в буддийских экзегетических источниках | Трактовка состояний удрученности и умопомешательства в буддийских экзегетических источниках
эллор,эллор,public,предметный термин,2,0,2,"Дивьядхвани и девадундубхи – иконографические мотивы божественной музыки в джайнской скульптуре Эллоры | Образ карлика в иконографической программе индийского храма (Аджанта, Эллора, Аурангабад) V – X вв"
энциклопедия,энциклопедия,public,предметный термин,2,2,0,Терминология и грамматика в «Энциклопедии Абхидхармы» Васубандху | «Энциклопедия Абхидхармы» Васубандху как произведение санскритской литературы
эпиграфика,эпиграфика,public,предметный термин,2,0,2,"Загадка эдуки – монумента опрокинутого мира (эпиграфика, эпос, пураны) | Махабхарата и шастры в ранней индийской эпиграфике"
эпиграфический,эпиграфический,public,предметный термин,2,0,2,Прагматика перечней в эпиграфическом тексте (к открытию надписей брахми III–II вв. до н.э. в Центральной Индии) | От Индии до Кара-тепе: к типологии древнеиндийского эпиграфического текста
эпитет,эпитет,public,предметный термин,2,1,1,"Эпитет, образ, мотив в средневековой поэзии бхакти | Эпитеты Будды в тексте «Аджатасена-вьякараны»"
эстетика,эстетика,public,предметный термин,2,2,0,Эстетика комического в поэме «Kaliṅkattupparaṇi» | Эстетика религиозной драмы: теория и практика драмы в контексте бенгальского вайшнавизма
этика,этика,public,предметный термин,2,2,0,Найти нормативную этику в традиционных текстах: сверхзадача и её решение мыслителями Бенгальского Возрождения. | Проблема соотношения этики и знания в йоге и индуистской тантре
этимологический,этимологический,public,предметный термин,2,0,2,Этимологическая классификация лексики в индийской и европейской грамматической традиции на примере языка куллуи | Нетибетская лексика в тибетских диалектах Балтистана и Каргила: попытка этимологической классификации
этнический,этнический,public,предметный термин,2,1,1,"Имперская идея или этнический стереотип? Концепт «монгол» в первой половине XIII в | Материальные атрибуты (лук, стрелы, топорик) как этнические символы автохтонов Шри Ланки"
юный,юный,public,предметный термин,2,2,0,"«Юный» как представитель измененного состояния сознания | «Юные» в окружении царя Раджасинхи II—го (XVII век, Шри Ланка)"
юрий,юрий,public,предметный термин,2,0,2,"Памятные даты – стимул к новым поискам: 150 лет со дня рождения Павла Риттера и 120 лет со дня рождения Юрия Рериха. (доклад онлайн) | Белый Старец. Танка из коллекции Кабинета Юрия Рериха (ИВ РАН, Москва)"
явный,явный,public,предметный термин,2,1,1,Скрытое / явное: представления о знании у племенных народов Южной Карнатаки | «Ратнавали» Нагарджуны и «Дашабхумика-сутра»: явные и неявные связи
ярость,ярость,public,предметный термин,2,2,0,Архетип двойничества в романе С. Рушди «Ярость»: этнографический субстрат | «Ярость» Рушди
абрахам,абрахам,public,предметный термин,1,1,0,Метафора воды как сюжетообразующий прием романа Абрахама Вергезе «Завет воды»
абхивиный,абхивиный,public,предметный термин,1,1,0,Абхидхарма и абхивиная: взгляд со стороны двух раннебуддийских традиций
абхидхамма-питаки,абхидхамма-питаки,public,предметный термин,1,1,0,Концепция причинности в текстах «Абхидхамма-питаки»
абхидхарма-самуччай,абхидхарма-самуччай,public,предметный термин,1,1,0,"Источники сознания, компоненты познавательного акта и учение о трех мирах в Абхидхарма-самуччае Асанги"
абхидхармасамуччая,абхидхармасамуччая,public,предметный термин,1,1,0,Идеи йогачары в трактате Асанги «Абхидхармасамуччая» (первая глава)
абхинишкраман,абхинишкраман,public,предметный термин,1,1,0,В начале странствий. Эпизод абхинишкрамана в «Сутре о благом явлении царевича»
абхисамай-аланкар,абхисамай-аланкар,public,предметный термин,1,1,0,Проблемы изучения традиционного индийского текста «Абхисамая-аланкара» (на тибетском языке)
абхисамай-аланкара,абхисамай-аланкара,public,предметный термин,1,1,0,Об изучении четвертой главы «Абхисамая-аланкары»
абхисамаяаланкар,абхисамаяаланкар,public,предметный термин,1,1,0,Абхисамаяаланкара: вводная часть
абхишека-патале,абхишека-патале,public,предметный термин,1,1,0,Samarasa и svasamvedya в абхишека-патале Хеваджра-тантры согласно Муктавалихеваджрапаньджике Ратнакарашанти
авангард,авангард,public,предметный термин,1,1,0,Интеллектуальная история модернизма: Стелла Крамриш и индийский авангард
аватамсак,аватамсак,public,предметный термин,1,0,1,Будда Вайрочана и космология «Аватамсака- сутры» в Японии
авест,авест,public,предметный термин,1,0,1,Скифские слова в Авесте
авестийский,авестийский,public,предметный термин,1,1,0,Вредные существа и животные в авестийской и ведической традиции
авестийско-ведийский,авестийско-ведийский,public,предметный термин,1,1,0,К авестийско-ведийским параллелям о собаке
автобиография,автобиография,public,предметный термин,1,1,0,Далитская автобиография как специфический жанр
автомобиль,автомобиль,public,предметный термин,1,0,1,"К анализу стиха Ригведа 1.120.11, или Предварительные заметки о ведийском автомобиле"
авторитет,авторитет,public,предметный термин,1,1,0,Тело агхори как «живой текст»: визуальность и перформанс в производстве религиозного авторитета
авторство,авторство,public,предметный термин,1,1,0,Абхидхармакоша: проблема авторства
автохтон,автохтон,public,предметный термин,1,1,0,"Материальные атрибуты (лук, стрелы, топорик) как этнические символы автохтонов Шри Ланки"
агададатт,агададатт,public,предметный термин,1,1,0,История Агададатты в романе Сангхадасы «Странствия Васудевы»
агама,агама,public,предметный термин,1,0,1,Агамы как источник философии радикальной Адвайты
агамический,агамический,public,предметный термин,1,1,0,Агамический текст как способ самоопределения ведической традиции (на примере «Шива сутры»)
агастие,агастие,public,предметный термин,1,1,0,Миф об Агастье в средневековой литературе телугу
агиографический,агиографический,public,предметный термин,1,0,1,"Сравнительный анализ описаний буддийских монахинь в тибетской, китайской и японской агиографической литературе"
агиография,агиография,public,предметный термин,1,0,1,Небесные боги в картине мира буддийской агиографии: признаки эволюции («Лалитавистара»)
агни-пурана,агни-пурана,public,предметный термин,1,1,0,Заметки о структуре расположения скульптурных изображений в храмовых комплексах согласно «Агни-пуране»
агничаять,агничаять,public,предметный термин,1,1,0,Атиратра Агничаяна: замещение жертвенных животных в ритуалах
агон,агон,public,предметный термин,1,1,0,Диалоги в ранних Упанишадах: от агона к риторике
агхорашив,агхорашив,public,предметный термин,1,1,0,Формирование иконографии и ритуала бхактотсава в тамильском шайва-бхакти (от «Тируттондаттохей» Сундарара до «Махотсававидхи» Агхорашивы)
агхорь,агхорь,public,предметный термин,1,1,0,Тело агхори как «живой текст»: визуальность и перформанс в производстве религиозного авторитета
адбхуть,адбхуть,public,предметный термин,1,1,0,"Отношение к женщине в эпосе (на примере «Рамаяны» Вальмики, «Адбхута Рамаяны» и «Адхьятма Рамаяны»)"
адвайт-веданта,адвайт-веданта,public,предметный термин,1,1,0,Проблема сознания в философии адвайта-веданты Сурешвары.
адвайт-ишваравад,адвайт-ишваравад,public,предметный термин,1,1,0,Монистический теизм (адвайта-ишваравада) Абхинавагупты в сопоставлении с ишваравадой адвайты Шанкары на материале их комментариев к «Бхагавадгите».
адвайта-веданта,адвайта-веданта,public,предметный термин,1,1,0,"Санньяса и Брахмалока: смерть, социальная или физическая, как опосредующий этап пути к освобождению в адвайта-веданте"
адвайте,адвайте,public,предметный термин,1,0,1,Несколько слов о «я» и Адвайте в свете узнавания себя как предельного обладающего в толкованиях Абхинавагупты на «Ишварапратьябхиджня-карике» Утпаладевы
аджатасен-вьякарана,аджатасен-вьякарана,public,предметный термин,1,1,0,Эпитеты Будды в тексте «Аджатасена-вьякараны»
адлурить,адлурить,public,предметный термин,1,1,0,Переоценка различных методологических подходов по исследованию индийской философии: по следам книги В. Адлури и Д. Багчи «The Nay Science: A History of German Indology»
адхьякша,адхьякша,public,предметный термин,1,1,0,Проблема интерпретации специальной санскритской терминологии: термин адхьякша в индийской традиции
адхьятм,адхьятм,public,предметный термин,1,1,0,"Отношение к женщине в эпосе (на примере «Рамаяны» Вальмики, «Адбхута Рамаяны» и «Адхьятма Рамаяны»)"
айодхья,айодхья,public,предметный термин,1,1,0,'Айодхья Махатмья'. Средневековый путеводитель по Айодхье и его топонимы на современной карте города
актуализация,актуализация,public,предметный термин,1,0,1,Актуализация информативной основы средневекового текста Центральной Азии в современном мире (на примере «Тарих-и Рашиди» Мирзы Хайдара Дуглата»)
ал-бируни,ал-бируни,public,предметный термин,1,1,0,«Йога-сутры» Патанджали в арабском переводе ал-Бируни
аламбана-парикша,аламбана-парикша,public,предметный термин,1,0,1,Проблемы атомизма по «Вимшике» Васубандху и «Аламбана-парикше» Дигнаги
аланкарик,аланкарик,public,предметный термин,1,0,1,«Наука поэзии» (Кавьяшастра) в трудах ранних аланкариков
али-кали,али-кали,public,предметный термин,1,0,1,Символизм санскритского алфавита (али-кали) в Калачакра-тантре
аллен,аллен,public,предметный термин,1,0,1,Рецепция тантрического текста в совеременной культуре: случай Аллена Гинзберга
алтайский,алтайский,public,предметный термин,1,0,1,"Миф, пространство, время у алтайских народов"
алтарь,алтарь,public,предметный термин,1,0,1,"Культ корзины у гондов, джайнская икона аягапатта и буддийский алтарь: еще раз о смене религиозной парадигмы в Древней Индии"
альтернативный,альтернативный,public,предметный термин,1,0,1,Альтернативные социальные классификации в палийском каноне
амаравати,амаравати,public,предметный термин,1,0,1,Стилистика Амаравати и поэтика «Лалитавистары»
амаракош,амаракош,public,предметный термин,1,1,0,Словарь «Амаракоша» как отражение индийской картины мира
амитабх,амитабх,public,предметный термин,1,0,1,Рай Амитабхи в традиции школы ньигма
аморальный,аморальный,public,предметный термин,1,1,0,Анализ аморальных поступков в «Абхидхармакоше» Васубандху
ампитие,ампитие,public,предметный термин,1,1,0,В деревне Ампития (Шри Ланка) через 100 лет после Людмилы Мерварт
аналог,аналог,public,предметный термин,1,1,0,Бодхисаттва — стрелок из лука. Буддийский сюжет и его аналоги
аналогия,аналогия,public,предметный термин,1,1,0,"Скульптура Нритья Шивы из храма Мандапешвара в Мумбаи. Стиль, иконография, аналогии"
ананга,ананга,public,предметный термин,1,1,0,Дискуссия о значении термина анангу в тамильской литературе
ананда,ананда,public,предметный термин,1,1,0,Понятие блаженства (ананды) в индуистском тантризме
ананда-сутра,ананда-сутра,public,предметный термин,1,1,0,Онтология и сотериология «Ананда-сутр» П.Р. Саркара
анатмавад,анатмавад,public,предметный термин,1,1,0,Эволюция буддистского учения о не-«я»: две концепции анатмавады
анаттавад,анаттавад,public,предметный термин,1,0,1,Анаттавада «палийского Будды» в её философских и сотериологических координатах
ангуттар-никай,ангуттар-никай,public,предметный термин,1,1,0,"Мандала-классификация нечестных трансакций в ответ на упрек (Ангуттара-никая. Аттаканипата, Ассаколанкасутта)"
андреев,андреев,public,предметный термин,1,1,0,Коллекция тамильских рукописей М.С. Андреева из Индийского фонда ИВР РАН
андхрамахабхарат,андхрамахабхарат,public,предметный термин,1,1,0,«Другая Савитри»: Сказание о Савитри в «Андхрамахабхарате»
анекдот,анекдот,public,предметный термин,1,1,0,Специфика бенгальских анекдотов
анкхья-нат,анкхья-нат,public,предметный термин,1,0,1,"Анкхья-нат: обряд и драма средневекового Ассама, и их возрождение сегодня"
антиномизм,антиномизм,public,предметный термин,1,1,0,Формула «бхукти — мукти» и сотериологический антиномизм индуистской тантры
антропологический,антропологический,public,предметный термин,1,1,0,Окна в иной мир: изобразительные тексты и линия жизни индийской художницы-парси Катаюн Саклат (1938- 2026): антропологический взгляд
антропология,антропология,public,предметный термин,1,1,0,Антропология индийской куклы: контексты и ракурсы
антропоморфный,антропоморфный,public,предметный термин,1,0,1,Антропоморфная образность «игры знания»: телесная метафора и метафора путешествия
апастамб-дхармасутра,апастамб-дхармасутра,public,предметный термин,1,1,0,Особенности композиции «Апастамба-дхармасутры»
апастамб-шраутасутра,апастамб-шраутасутра,public,предметный термин,1,0,1,Композиция «Апастамба-шраутасутры»: базовые ритуалы (prakṛti) и их модификации (vikṛti)
апастамба-яджна-парибхашасутро,апастамба-яджна-парибхашасутро,public,предметный термин,1,0,1,«Апастамба-яджна-парибхашасутра» (Āpastamba-yajña-paribhāṣāsūtra): проблемы перевода
апофатический,апофатический,public,предметный термин,1,1,0,«Апофатический» подход в буддийской теории восприятия
арабский,арабский,public,предметный термин,1,1,0,«Йога-сутры» Патанджали в арабском переводе ал-Бируни
аравия,аравия,public,предметный термин,1,1,0,Индия в поэзии йафиитов (Южная Аравия)
арготический,арготический,public,предметный термин,1,1,0,Несколько этимологий арготических слов среднеазиатских цыган на фоне дискуссий последнего полувека об истории цыган
аргумент,аргумент,public,предметный термин,1,1,0,Телеологический аргумент в пользу существования Бога в учении Свами Вивекананды
аргументация,аргументация,public,предметный термин,1,1,0,Язык как источник аргументации (на примере рассуждений о самбандхе)
арджун,арджун,public,предметный термин,1,1,0,Родство по крови и родство по духу: М. К. Ганди о мотивах отказа Арджуны от сражения
ардханаришвара,ардханаришвара,public,предметный термин,1,0,1,Винадхара и Ардханаришвара – проблема переходной иконографии Шивы
ардхокть,ардхокть,public,предметный термин,1,0,1,Феномен недосказанной речи ардхокти в санскритской драме
аримпилить,аримпилить,public,предметный термин,1,0,1,Из истории фиксации традиционного сказителя хобуксарких ойратов Аримпиля (1923–1994)
армия,армия,public,предметный термин,1,1,0,Проблема индианизации колониальной армии на страницах индийской прессы в 1910-х — 1940-х годах
артхавинишчай-сутра,артхавинишчай-сутра,public,предметный термин,1,1,0,Санскритский фрагмент «Артхавинишчая-сутры» из Сериндийского фонда ИВР РАН
артхакрия,артхакрия,public,предметный термин,1,1,0,«Функциональный подход» в «Вакьяпадии» и артхакрия в философии Дхармакирти
арунадатт,арунадатт,public,предметный термин,1,1,0,"О толковании первой строфы «Аштанга-хридаи» средневековыми комментаторами (на примере Арунадатты, Хемадри и Инду)"
архаизм,архаизм,public,предметный термин,1,1,0,О происхождении культурных архаизмов в позднем слое содержания «Махабхараты» (на примере темы воинских братств)
архаика,архаика,public,предметный термин,1,1,0,Почитание Индры в Непале: живая архаика
архивировать,архивировать,public,предметный термин,1,0,1,Как уложить пять формул в одну строфу? «Архивирующие» возможности санскрита в математических сочинениях средневековой Индии
арьябхата,арьябхата,public,предметный термин,1,1,0,Метод кодировки чисел в трудах индийского математика Арьябхаты
арьяварт,арьяварт,public,предметный термин,1,0,1,Представления об Арьяварте в санскритских источниках в исторической перспективе
арьядэв,арьядэв,public,предметный термин,1,1,0,Арьядэва и Чандракирти о концепции anātma
асар,асар,public,предметный термин,1,0,1,Почему Дигнага называет определение восприятия Васубандху асара (лишенным сути)? Медленное чтение «Прамана-самуччая-вритти» (
аскеза,аскеза,public,предметный термин,1,1,0,Бодхисаттва в образе пишачи: следы комической традиции в описании аскезы Гаутамы
аскет,аскет,public,предметный термин,1,1,0,Типология индийских аскетов по санскритским источникам
аскетизм,аскетизм,public,предметный термин,1,1,0,Особенности тантрического аскетизма
ассаколанкасутта,ассаколанкасутта,public,предметный термин,1,1,0,"Мандала-классификация нечестных трансакций в ответ на упрек (Ангуттара-никая. Аттаканипата, Ассаколанкасутта)"
асся,асся,public,предметный термин,1,1,0,«Возрожденные» ведийские ритуалы: яджна на Асси гхат и в школе девочек «Панини Канья Махавидьялая» в Варанаси
астрология,астрология,public,предметный термин,1,1,0,Следуя воле звезд: Индийская астрология и практика предсказаний стихийных бедствий
атитхьешти,атитхьешти,public,предметный термин,1,1,0,Мадхупарка при жертвоприношениях сомы в ритуале Атитхьешти (ātithyeṣṭi)
атман,атман,public,предметный термин,1,1,0,Атман как синоним дравьи в «Вакьяпадии» (ВП 3.2.1)
атмана,атмана,public,предметный термин,1,0,1,Дискуссия между буддистами и санкхьяиками о существовании и природе атмана в разделе «Атмапарикша» «Таттвасанграхи» Шанатаракшиты
атмане,атмане,public,предметный термин,1,1,0,Полемика с мимансаками об атмане в «Таттвасанграхе» Шантаракшиты
атманепад,атманепад,public,предметный термин,1,1,0,Атманепада в санскрите и в грамматиках
атмапарикша,атмапарикша,public,предметный термин,1,0,1,Дискуссия между буддистами и санкхьяиками о существовании и природе атмана в разделе «Атмапарикша» «Таттвасанграхи» Шанатаракшиты
атомистический,атомистический,public,предметный термин,1,1,0,Атомистический подход в буддизме
атрибутирование,атрибутирование,public,предметный термин,1,0,1,"Трактат Марко Паллиса, предостерегающий Тибет о последствиях Кали-юги (об атрибутировании и содержании тибетского ксилографа из Архива музея Рерихов (Филиал Государственного музея Востока))"
аттаканипат,аттаканипат,public,предметный термин,1,1,0,"Мандала-классификация нечестных трансакций в ответ на упрек (Ангуттара-никая. Аттаканипата, Ассаколанкасутта)"
атхарвавед-паришишт,атхарвавед-паришишт,public,предметный термин,1,1,0,Атхарваведа-паришишта XIXb: к вопросу о происхождении ритуалов Натьяшастры
ауробиндо,ауробиндо,public,предметный термин,1,1,0,Ауробиндо Гхош: между разумом и мистической интуицией
ауто-представление,ауто-представление,public,предметный термин,1,1,0,«Сахар в молоке»: Ауто-представления об «индийском» и «персидском» в современной религиозной культуре парсов
ахамади,ахамади,public,предметный термин,1,0,1,Исторические идеи просветительства Ахамади Дониша в культурном коде Таджикистана
ахмед,ахмед,public,предметный термин,1,1,0,Научно-фантастические рассказы Хумаюна Ахмеда
ашрамный,ашрамный,public,предметный термин,1,0,1,О происхождении некоторых ашрамных практик в произведениях Калидасы
аштанг-хридая,аштанг-хридая,public,предметный термин,1,1,0,"О толковании первой строфы «Аштанга-хридаи» средневековыми комментаторами (на примере Арунадатты, Хемадри и Инду)"
аягапатта,аягапатта,public,предметный термин,1,0,1,"Культ корзины у гондов, джайнская икона аягапатта и буддийский алтарь: еще раз о смене религиозной парадигмы в Древней Индии"
багчить,багчить,public,предметный термин,1,1,0,Переоценка различных методологических подходов по исследованию индийской философии: по следам книги В. Адлури и Д. Багчи «The Nay Science: A History of German Indology»
бажов,бажов,public,предметный термин,1,1,0,Сравнительный анализ образов сакрального в тамильских храмовых мифах и в сказах П. П. Бажова
базовый,базовый,public,предметный термин,1,0,1,Композиция «Апастамба-шраутасутры»: базовые ритуалы (prakṛti) и их модификации (vikṛti)
байат,байат,public,предметный термин,1,0,1,«Торговцы» или «богачи»? К истории племенного подразделения байат
бактрия,бактрия,public,предметный термин,1,0,1,Письмо в культуре от Бактрии до Индии по материалам многоязычных надписей 3 в. до н. э. – 5 в. н. э. (К проблеме социоскрипторики)
бактро-скифский,бактро-скифский,public,предметный термин,1,0,1,"Кушанская этимология, поздние бактро-скифские царства и интересные элементы индо-парфянской нумизматики"
бал-кришна,бал-кришна,public,предметный термин,1,0,1,О нарративной символике бронзовой фигурки танцующего Бала-Кришны
баларам,баларам,public,предметный термин,1,1,0,Санскритские наречия в трудах бенгальских грамматистов (Дживы Госвамина и Баларамы Панчананы)
баллада,баллада,public,предметный термин,1,0,1,Тамильская баллада «Сказание о Кусалаване» (kucalavaṉ katai): особенности трактовки фрагмента «Рамаяны»
бан,бан,public,предметный термин,1,1,0,"Ранние священные тексты на соранг-сомпенг как ключ к истории создания культа «Матар Баном» у племени сора (южные мунда, Орисса)"
банерджи,банерджи,public,предметный термин,1,1,0,«Диалоги об индусской философии» Кришномохана Банерджи: история мысли в интерпретации индийского христианина
барахмах,барахмах,public,предметный термин,1,1,0,«Барахмах» Нанака и дискуссия о реформе сикхского календаря
бартоломеус,бартоломеус,public,предметный термин,1,0,1,Список тамильских каст у Бартоломеуса Цигенбальга: книжная традиция vs историческая реальность
барышня,барышня,public,предметный термин,1,1,0,"Ведийское vrā́- «барышня» (?): Этимология, семантика, контекст."
бахиранг-парибхаш,бахиранг-парибхаш,public,предметный термин,1,1,0,«Бахиранга-парибхаша»: последнее слово за Нагоджибхаттой или Бронкхорстом?
башня,башня,public,предметный термин,1,1,0,"""Башни с нишами"" в индуизме. Об одном типе храмовых шикхар в архитектуре Чалукьев"
бедствие,бедствие,public,предметный термин,1,1,0,Следуя воле звезд: Индийская астрология и практика предсказаний стихийных бедствий
безличный,безличный,public,предметный термин,1,1,0,Проповедь Личного Безличного Бога в учении Свами Вивекананды
безумный,безумный,public,предметный термин,1,1,0,«Унмада нирукта». «Безумная этимология»: об особенностях мистической герменевтики тантры (на примере интерпретации первой мангала-шлоки «Тантралоки»)
безымянный,безымянный,public,предметный термин,1,1,0,Безымянный герой (о романах Хазарипрасада Двиведи)
беллетристика,беллетристика,public,предметный термин,1,1,0,Так называемый парадокс беллетристики и подсказки от компаративной онтологии
белые,белые,public,предметный термин,1,0,1,«Белые шапки»: интерпретации и эндемичность религиозного символа в начале XVIII в
бема,бема,public,предметный термин,1,1,0,Психология Бога в кашмирском шиваизме и у Якоба Беме
бенгалистик,бенгалистик,public,предметный термин,1,1,0,Вера Александровна Новикова (1918-1972) и послевоенная бенгалистика в Ленинграде
бендалл,бендалл,public,предметный термин,1,1,0,Сесил Бендалл как публикатор буддийских письменных памятников
березкин,березкин,public,предметный термин,1,1,0,Внешние и внутренние связи индийского фольклора по данным каталога Ю.Е. Березкина и Е.Н. Дувакина
бессамостность,бессамостность,public,предметный термин,1,1,0,Буддийская феноменология бессамостности (Опыт анализа концептов Я и «просто-я» Чже Цонкапы)
бессмертие,бессмертие,public,предметный термин,1,1,0,О телесном и духовном бессмертии в индуистском тантризме
бесстрастие,бесстрастие,public,предметный термин,1,1,0,Страсти и бесстрастие Бхартирихари
бетлингка,бетлингка,public,предметный термин,1,1,0,Переписка О.Н. Бетлингка по поводу Петербургских словарей и судьба лексикографа
библиографический,библиографический,public,предметный термин,1,1,0,Христианская книга на индийских языках XVI — XVII вв.: ретроспективный библиографический указатель
библия,библия,public,предметный термин,1,1,0,«Ādau vāda āsīt»: о переводах Библии на санскрит. В программе возможны изменения и дополнения
биддешундор,биддешундор,public,предметный термин,1,1,0,"Перевод Г.С.Лебедевым поэмы Бхарат Чондро Рая «Биддешундор» (по рукописи, хранящейся в РГИА). Предварительное сообщение"
битва,битва,public,предметный термин,1,0,1,Чанпинская битва 260 г. до н.э.: когда встречаются источники и археология
благословенный,благословенный,public,предметный термин,1,1,0,Инородные предметы в ушах Благословенного: к слову об одной редкой иконографической схеме в буддийском искусстве
богач,богач,public,предметный термин,1,0,1,«Торговцы» или «богачи»? К истории племенного подразделения байат
богиня-мать,богиня-мать,public,предметный термин,1,0,1,Образ Деви с младенцем Шивой в контексте развития иконографии Богини-Матери в скульптуре Бенгалии
богоизбранность,богоизбранность,public,предметный термин,1,0,1,Могольская концепция богоизбранности и светоносности и ее визуальное воплощение
бодх,бодх,public,предметный термин,1,0,1,К вопросу о переводе буддийского термина бодхи (菩提) на китайский язык
бодхгай,бодхгай,public,предметный термин,1,0,1,Сакральная география Бодхгаи и текстовая традиция
бодхисатва-заяц,бодхисатва-заяц,public,предметный термин,1,1,0,Палийская и санскритские версии сюжетов о самопожертвовании бодхисатвы-зайца
божественность,божественность,public,предметный термин,1,1,0,Вопрос о божественности Будды в «Катхаваттху» 21.5—21.6
бонкимчондро,бонкимчондро,public,предметный термин,1,1,0,Бонкимчондро Чоттопаддхай и генезис неоиндуизма в Бенгалии
брак,брак,public,предметный термин,1,1,0,Брак с божеством как форма медиации в неварском обществе
брань,брань,public,предметный термин,1,0,1,Обсценная брань и её следы в РВ
брахма-стуть,брахма-стуть,public,предметный термин,1,1,0,"«Брахма-стути» из «Бхушунди Рамаяны»: текстология, смыслы, параллели"
брахмадев,брахмадев,public,предметный термин,1,0,1,Брахмадева и его комментарий к «Дравья-санграха-вритти» в контексте джайнской текстовой традиции
брахмалок,брахмалок,public,предметный термин,1,1,0,"Санньяса и Брахмалока: смерть, социальная или физическая, как опосредующий этап пути к освобождению в адвайта-веданте"
брахманический,брахманический,public,предметный термин,1,0,1,О брахманических этимологиях
брахмаракшас,брахмаракшас,public,предметный термин,1,1,0,Брахмаракшас: от древности к современности
брахмасутрабхаший,брахмасутрабхаший,public,предметный термин,1,0,1,Ведантийско-буддийский полемический диалог в «Брахмасутрабхашье»
брахмачарь,брахмачарь,public,предметный термин,1,1,0,Учение д-ра Маханамбраты Брахмачари как квинтэссенция идей бенгальского ренессанса и его влияние на Томаса Мертона
брахуй,брахуй,public,предметный термин,1,1,0,Семантика терминологии родства в языке брахуи в общедравидийском контексте
брихадараньяка-упанишад,брихадараньяка-упанишад,public,предметный термин,1,1,0,Учение санкхьи в «Брихадараньяка-упанишаде»
брихадишвара,брихадишвара,public,предметный термин,1,0,1,"Восхождение на Кайласу. История шайва-бхактов Сундарара и Черамана Перумаля, рассказанная в «Перияпуранам» Секкижара и на фреске храма Брихадишвары в Танджоре"
брихатсамхит,брихатсамхит,public,предметный термин,1,1,0,Типология храмовых сооружений в текстах пуран и «Брихатсамхите»
бронза,бронза,public,предметный термин,1,1,0,Мифологии северных мунда как источник для реконструкции сюжета создания человека у населения евразийских степей в эпоху бронзы C
бронкхорстый,бронкхорстый,public,предметный термин,1,1,0,«Бахиранга-парибхаша»: последнее слово за Нагоджибхаттой или Бронкхорстом?
буддист-ойрат,буддист-ойрат,public,предметный термин,1,0,1,Война в контексте истории буддистов-ойратов
буддист-паломник,буддист-паломник,public,предметный термин,1,0,1,Ṛddhi и священные следы прошлого: чудо в картине мира буддиста-паломника
будущее,будущее,public,предметный термин,1,0,1,Ю.М. Парфионович: штрихи жизненного пути. Парфионович – продолжатель исследований Ю.Н. Рериха в области тибетологии. Совместная деятельность Ю.М. Парфионовича и В. С. Дылыковой по изучению и переводу «Калачакра-тантры». И.В. Григорьев. Ю.М. Парфионович и будущее отечественной буддологии
буква,буква,public,предметный термин,1,1,0,"Варна – это фонема, буква, звук или …?"
буквальный,буквальный,public,предметный термин,1,0,1,Еще раз о буквальном переводе третьей версии «Калачакра-тантры» Буддийского канона
бхававивека,бхававивека,public,предметный термин,1,1,0,Теория познания в мадхьямаке-сватантрике (по трактату Бхававивеки «Мадхьямака-хридая»)
бхаван,бхаван,public,предметный термин,1,1,0,К пониманию бхаваны в пурва-мимансе
бхавачакра,бхавачакра,public,предметный термин,1,0,1,Тибетская джатака о Маллике как исток образа бхавачакры
бхагават,бхагават,public,предметный термин,1,1,0,"""Бхагавата мела натакам"": театр и ритуал в деревне Мелаттур (Тамилнад)"
бхагаватапуран,бхагаватапуран,public,предметный термин,1,1,0,Махатмья «Бхагаватапураны»
бхаджан-проповедь,бхаджан-проповедь,public,предметный термин,1,0,1,Бхаджаны-проповеди Миры Баи: к вопросу о стилистике жанра
бхакатов,бхакатов,public,предметный термин,1,1,0,Sattriya Ассама: о преобразовании ритуального представления бхакатов в еще один «классический танцевальный стиль» Индии
бхакт-наянар,бхакт-наянар,public,предметный термин,1,1,0,«Тируттондар тирувандади» Намби Андара Намби (Роль редактора в формировании канонического списка бхактов-наянаров)
бхактамал,бхактамал,public,предметный термин,1,1,0,Чайтанья и его учение в североиндийской литературе XVII в. (на примере «Бхактамалы» Госвами Набхадаса)
бхактамара-стотр,бхактамара-стотр,public,предметный термин,1,0,1,Место и значение «Бхактамара-стотры» в джайнской традиции
бхактотсава,бхактотсава,public,предметный термин,1,1,0,Формирование иконографии и ритуала бхактотсава в тамильском шайва-бхакти (от «Тируттондаттохей» Сундарара до «Махотсававидхи» Агхорашивы)
бхамах,бхамах,public,предметный термин,1,0,1,Проблемы датировки трактата Бхамахи и пути ее решения
бхарат,бхарат,public,предметный термин,1,1,0,"Перевод Г.С.Лебедевым поэмы Бхарат Чондро Рая «Биддешундор» (по рукописи, хранящейся в РГИА). Предварительное сообщение"
бхартирихари,бхартирихари,public,предметный термин,1,1,0,Страсти и бесстрастие Бхартирихари
бхас,бхас,public,предметный термин,1,0,1,Проблема сновидения и «ошибочные действия» в натаке Бхасы «Свапнавасавадатта»
бхатт,бхатт,public,предметный термин,1,1,0,О «новых» теориях действия в грамматических трудах Нагеши Бхатты
бхер-джи,бхер-джи,public,предметный термин,1,1,0,"Бхеру-джи и мать Кали в деревенском Раджастхане: мифы, культ, фольклор"
бходжа,бходжа,public,предметный термин,1,1,0,Проблемы реконструкции системы йоги Патанджали на основе переводов «корневого» текста «Йога-сутр» и толкования Бходжи («Rājamārtaṇḍa»)
бхрамар-гит,бхрамар-гит,public,предметный термин,1,1,0,«Бхрамара-гита» Сурдаса: к характеристике стиля
бхрамара-гита,бхрамара-гита,public,предметный термин,1,1,0,Народный стиль речи в «Бхрамара-гите» Сурдаса
бхукть,бхукть,public,предметный термин,1,1,0,Формула «бхукти — мукти» и сотериологический антиномизм индуистской тантры
бхушунди,бхушунди,public,предметный термин,1,1,0,"«Брахма-стути» из «Бхушунди Рамаяны»: текстология, смыслы, параллели"
бытие,бытие,public,предметный термин,1,0,1,«Парамаартхасара» Абхинавагупты: руководство по обретению «сингулярности» или свидетельство о невозможности бытия Бога (Бытия/Бога)
бытовой,бытовой,public,предметный термин,1,1,0,О некоторых специфических жестах в бытовом этикете сингалов
ваджра,ваджра,public,предметный термин,1,0,1,"Майтхуна, слияние лотоса и ваджры, или о некоторых особенностях символического языка сандхья-бхаша буддизма ваджраяны"
ваджракилаи,ваджракилаи,public,предметный термин,1,1,0,Комментарий к коренной мантре Ваджракилаи
ваджрапань,ваджрапань,public,предметный термин,1,1,0,Текст по культу Ваджрапани и восьми царей нагов в свитке XIII века Дх-178 из собрания ИВР РАН
ваджрачхедик,ваджрачхедик,public,предметный термин,1,0,1,Мандалы Ваджрачхедики в коллекции Одесского Музея Западного и Восточного Искусства
вайдурья-карпо,вайдурья-карпо,public,предметный термин,1,0,1,Двойная мандала в тибетском трактате «Вайдурья-карпо»
вайрочан,вайрочан,public,предметный термин,1,0,1,Будда Вайрочана и космология «Аватамсака- сутры» в Японии
вайшнав,вайшнав,public,предметный термин,1,1,0,Образ птицы чатаки в поэзии бенгальских вайшнавов (на примере Рупы Госвамина)
вайшнавизм,вайшнавизм,public,предметный термин,1,1,0,Эстетика религиозной драмы: теория и практика драмы в контексте бенгальского вайшнавизма
вайшнавский,вайшнавский,public,предметный термин,1,0,1,О роли змея (nāga) в вайшнавском культе раннего периода индуизма
вакпатирадж,вакпатирадж,public,предметный термин,1,1,0,Литературные реминисценции в «Гаудавахо» Вакпатираджи
вакрокть,вакрокть,public,предметный термин,1,1,0,Словесные фигуры и принцип «непрямого высказывания» (вакрокти) в средневековой поэтике
вал,вал,public,предметный термин,1,1,0,Реминисценции мифа Вала в припамирском регионе
вариативность,вариативность,public,предметный термин,1,1,0,"Начальный сюжет в житийной литературе раннего буддизма, его вариативность и смысловое наполнение"
варма,варма,public,предметный термин,1,1,0,Раджа Рави Варма: художник и основатель «Рави Варма Пресс»
варно-кастовый,варно-кастовый,public,предметный термин,1,1,0,Парадигмальное мышление брахманов. Связь философских универсалий и варно-кастовой системы в Индии
васильков,васильков,public,предметный термин,1,1,0,Язык богини Кали. Я.В. Васильков. Эпические герои и боги (в «Махабхарате» и не только)
васиштх,васиштх,public,предметный термин,1,1,0,«Сказание о Лиле» в «Йога- васиштхе»
васудева,васудева,public,предметный термин,1,1,0,История Агададатты в романе Сангхадасы «Странствия Васудевы»
вводный,вводный,public,предметный термин,1,1,0,Абхисамаяаланкара: вводная часть
ведантачарья,ведантачарья,public,предметный термин,1,1,0,Историографический обзор философско-поэтического наследия Ведантачарьи (Веданта Дешики)
ведантийско-буддийский,ведантийско-буддийский,public,предметный термин,1,0,1,Ведантийско-буддийский полемический диалог в «Брахмасутрабхашье»
ведьма,ведьма,public,предметный термин,1,1,0,От демоницы к мстительнице: Переосмысление образа ведьмы в современном индийском кинематографе
великобритания,великобритания,public,предметный термин,1,0,1,(Великобритания). Сюжеты религиозного обращения в палийской и средневековой ирландской литературе. Нарративная традиция
величание,величание,public,предметный термин,1,0,1,Проблема бхакти в «Ожерельи Величаний Шивы» — «Шивастотравали» (Śivastotrāvalī) Утпаладевы
венец,венец,public,предметный термин,1,1,0,«Гадья» Рамануджи: венец или крест исследователя философии вишишта-адвайты?
венок,венок,public,предметный термин,1,0,1,Чувство времени (венок сонетов)
вепрь,вепрь,public,предметный термин,1,1,0,Отряхивающийся ныряльщик: о специфическом фольклорном мотиве в эпических и пуранических версиях «Сказания о Вепре» (Varāha-kathā)
вергеза,вергеза,public,предметный термин,1,1,0,Метафора воды как сюжетообразующий прием романа Абрахама Вергезе «Завет воды»
вереница,вереница,public,предметный термин,1,0,1,Принципы построения верениц древнеиндийских имён в «Вишнусахасранаме» («Махабхарата» XII.135)
верещагин,верещагин,public,предметный термин,1,1,0,В.В. Верещагин и И.П. Минаев: русские путешественники в Гималаях
веротерпимость,веротерпимость,public,предметный термин,1,0,1,Традиции веротерпимости и универсализма в древней и средневековой Индии
вес,вес,public,предметный термин,1,1,0,Ордалия весами: проблемы интерпретации результатов взвешивания
весна,весна,public,предметный термин,1,1,0,Тема весны в старой тамильской поэзии
ветала,ветала,public,предметный термин,1,1,0,Миф о Ветале и Бхайраве в «Калика-пуране»
вещь,вещь,public,предметный термин,1,1,0,О символическом языке вещей
взаимовлияние,взаимовлияние,public,предметный термин,1,1,0,"О взаимовлиянии индуизма и буддизма в религии непальцев (легенды, иконография, личные наблюдения)"
взаимопроникновение,взаимопроникновение,public,предметный термин,1,0,1,Некоторые аспекты взаимопроникновения индуизма и буддизма в контексте непальских легенд и религиозной практики
взвешивание,взвешивание,public,предметный термин,1,1,0,Ордалия весами: проблемы интерпретации результатов взвешивания
виджняптиматратасиддх,виджняптиматратасиддх,public,предметный термин,1,1,0,Опровержение атомизма в трактате Васубандху Виджняптиматратасиддхи («Доказательство единственности сознания»)
видимый,видимый,public,предметный термин,1,0,1,«Видимый» и «невидимый» мир в теоретико-культурном дискурсе Древней Индии
видутуд,видутуд,public,предметный термин,1,0,1,Восхваление табака в поэме «Пухейилей видутуду» тамильского поэта Сини Саккарей Пулавара
визуальность,визуальность,public,предметный термин,1,1,0,Тело агхори как «живой текст»: визуальность и перформанс в производстве религиозного авторитета
вилакк,вилакк,public,предметный термин,1,0,1,«Унмей вилаккам» как источник по иконологии Шивы Натараджи
вина,вина,public,предметный термин,1,0,1,Эволюция струнного музыкального инструмента вины на материале скульптуры пещерных храмов южной Индии (I–X вв.)
винадхара,винадхара,public,предметный термин,1,0,1,Винадхара и Ардханаришвара – проблема переходной иконографии Шивы
вирашайвовый,вирашайвовый,public,предметный термин,1,1,0,Особенности культа лингама в традиции вирашайвов
вихрь,вихрь,public,предметный термин,1,0,1,Танец суфийских дервишейволчков ритуала «сама» и сакральный «танец вихря» (fr. dance vertige) «Мистерии» А.Н. Скрябина
вишаканье,вишаканье,public,предметный термин,1,1,0,Образ вишаканья в художественной культуре древней и средневековой Индии
вишишта-адвайта,вишишта-адвайта,public,предметный термин,1,1,0,Истоки учения о Шри в вишишта-адвайта веданте
вишишта-адвайте,вишишта-адвайте,public,предметный термин,1,1,0,Представление о Брахмане в ранней вишишта-адвайте
вишну-нарасимха,вишну-нарасимха,public,предметный термин,1,1,0,Тексты по культу Вишну-Нарасимхи в тибетском свитке XIII века
вишнудхармоттара-пурана,вишнудхармоттара-пурана,public,предметный термин,1,1,0,К вопросу о классификации храмовых сооружений в Вишнудхармоттара-пуране
вишнуитский,вишнуитский,public,предметный термин,1,1,0,Сравнительный анализ космологических представлений на полях вишнуитской и джайнской «джняна чаупады» (игры знания) XVIII — XIX вв
вкус,вкус,public,предметный термин,1,0,1,О понятии «вкус» (rasa) в древнеиндийской традиции
влюбить,влюбить,public,предметный термин,1,0,1,"Зеркало, конец иллюзии. Или как удовлетворить тайно влюбленную, касающуюся кувшинами грудей отражения возлюбленного. Учение об отражении в 3-й главе «Тантра-алоки» Абхинавагупты"
вне,вне,public,предметный термин,1,1,0,Матрики вне буддийских текстов
внеязыковой,внеязыковой,public,предметный термин,1,1,0,Язык и внеязыковая действительность в «Вакьяпадии» Бхартрихари
вновь,вновь,public,предметный термин,1,1,0,"Вновь найденный ксилограф с санскритским алфавитом в трех графических вариантах, привезенный Д. Мессершмидтом из Сибири в 1727 г"
водный,водный,public,предметный термин,1,1,0,Ведийское samudra-: к вопросу о широких водных пространствах в текстах самхит
водоем,водоем,public,предметный термин,1,0,1,Вода и водоемы в трактатах по вастувидье в пуранах
военный,военный,public,предметный термин,1,1,0,Описания военной техники в индийском сочинении XI века «Шри Калачакра тантра раджа»
вождь,вождь,public,предметный термин,1,1,0,Функции вождя в традиционном обществе веддов в прошлом и настоящем
возвращаться,возвращаться,public,предметный термин,1,1,0,Возвращаясь к третьей книге Махабхараты: новый взгляд
воздействие,воздействие,public,предметный термин,1,0,1,Магическое воздействие на погоду в культуре кочевников Центральной Азии
возлюбить,возлюбить,public,предметный термин,1,0,1,"Зеркало, конец иллюзии. Или как удовлетворить тайно влюбленную, касающуюся кувшинами грудей отражения возлюбленного. Учение об отражении в 3-й главе «Тантра-алоки» Абхинавагупты"
возникновение,возникновение,public,предметный термин,1,1,0,Вытеснение согласного во избежание возникновения тяжелой группы трех шумных согласных в индоиранском
возрастной,возрастной,public,предметный термин,1,0,1,К проблеме возрастных категорий у древних тюрков VI—X вв
возродить,возродить,public,предметный термин,1,1,0,«Возрожденные» ведийские ритуалы: яджна на Асси гхат и в школе девочек «Панини Канья Махавидьялая» в Варанаси
вокруг,вокруг,public,предметный термин,1,1,0,Танцы с сосудами и вокруг. Гарба Гуджарата и сходные обряды и представления Южной Азии
волос,волос,public,предметный термин,1,0,1,"Волосы Будды: паломнический и житийный нарратив, изобразительная традиция"
воля,воля,public,предметный термин,1,1,0,Следуя воле звезд: Индийская астрология и практика предсказаний стихийных бедствий
воробьев-десятовский,воробьев-десятовский,public,предметный термин,1,1,0,Вклад В. С. Воробьева-Десятовского (1927—1956) в развитие российско-индийских культурных связей
ворота,ворота,public,предметный термин,1,1,0,Конь без всадника и дерево джамбу: к интерпретации рельефа на восточных воротах Большой Ступы в Санчи
восседать,восседать,public,предметный термин,1,1,0,"Садханы Харихарихаривахана-Авалокитешвары (Авалокитешвары, восседающего на Вишну, гаруде и льве) из тибетского буддийского канона C"
воссоздавать,воссоздавать,public,предметный термин,1,1,0,Воссоздавая историю древней Индии: исследовательский опыт Раджендролала Митро
восток-запад,восток-запад,public,предметный термин,1,0,1,Индийская философия сознания через призму цивилизационной демаркации «Восток-Запад»
востоковедение,востоковедение,public,предметный термин,1,1,0,Индологический материал в рабочих записках Д. Г. Мессершмидта по востоковедению (Collectanea Messerschmidtiana)
восхваление,восхваление,public,предметный термин,1,0,1,Восхваление табака в поэме «Пухейилей видутуду» тамильского поэта Сини Саккарей Пулавара
восьмиугольный,восьмиугольный,public,предметный термин,1,1,0,Восьмиугольные понятийные схемы в индийской рациональности
врач,врач,public,предметный термин,1,1,0,Высмеивание пороков врачей в санскритской литературе (на примере «Кали-видамбханам» Нилакантхи Дикшиты)
вредный,вредный,public,предметный термин,1,1,0,Вредные существа и животные в авестийской и ведической традиции
вритр,вритр,public,предметный термин,1,1,0,Версия мифа о Вритре в «Девибхагаватапуране»
вритти,вритти,public,предметный термин,1,0,1,О манерах театральной игры: категория вритти в «Натьяшастре»
всеведущий,всеведущий,public,предметный термин,1,0,1,Sarvajña-bhāṣā — всеведущий и синкретический язык Калачакра-тантры
вселение,вселение,public,предметный термин,1,0,1,Обряд адхивасана («вселение») и его роль в формировании образов храма и города
всеобъемлющий,всеобъемлющий,public,предметный термин,1,0,1,"Karaṇīya-mettasutta – «Любовь всеобъемлющая», как императив, освобождающий от страданий сансары"
вслушиваться,вслушиваться,public,предметный термин,1,1,0,Санскритское upa-śru-: «слышать» или «вслушиваться»? Об одном древнеиндийском способе гадания
вспомнить,вспомнить,public,предметный термин,1,1,0,Вспомнить все: ганджифа и забытая карточная игра «Сидаста» из коллекции А.М. и Л.А. Мервартов
встречаться,встречаться,public,предметный термин,1,0,1,Чанпинская битва 260 г. до н.э.: когда встречаются источники и археология
вторжение,вторжение,public,предметный термин,1,0,1,Угроза монгольских вторжений в Японию глазами Нитирэна
вторичный,вторичный,public,предметный термин,1,0,1,Использование вторичного текста (цитирование) как средство ведения дискуссии в «Вопросе о субъекте (пудгале)» в «Катхаваттху 1.1»
выдающийся,выдающийся,public,предметный термин,1,0,1,Ю.Н. Рерих — выдающийся лингвист-тибетолог
выкуп,выкуп,public,предметный термин,1,0,1,Выкуп невесты (śulka) в Древней Индии: шастрическая и эпическая традиции
выражение,выражение,public,предметный термин,1,1,0,Формульное выражение yāvatī yānasya bhūmis в буддийских канонических текстах
выразительность,выразительность,public,предметный термин,1,0,1,Феномен речевого сбоя как средство художественной выразительности в структуре классической санскритской драмы
высмеивание,высмеивание,public,предметный термин,1,1,0,Высмеивание пороков врачей в санскритской литературе (на примере «Кали-видамбханам» Нилакантхи Дикшиты)
высокий,высокий,public,предметный термин,1,1,0,Понимание высшей истины (парамартха) у Чже Цонкапы
вытеснение,вытеснение,public,предметный термин,1,1,0,Вытеснение согласного во избежание возникновения тяжелой группы трех шумных согласных в индоиранском
выход,выход,public,предметный термин,1,0,1,К выходу Антологии индо-ирландских текстов
вычисление,вычисление,public,предметный термин,1,0,1,Индийские нумерационные системы. По материалам трактата Махавирачарьи «Собрание основных положений науки о вычислениях» (сер. IX в.)
вьетнамский,вьетнамский,public,предметный термин,1,0,1,Отражение монгольских имперских идей в средневековых вьетнамских источниках
вьявахара,вьявахара,public,предметный термин,1,1,0,Вьявахара как универсум установления достоверности знания в индийской эпистемологии и логике (праманаваде)
вьяйог,вьяйог,public,предметный термин,1,1,0,О жанре вьяйога в санскритской теории драмы
гадьяа,гадьяа,public,предметный термин,1,1,0,«Гадья» Рамануджи: венец или крест исследователя философии вишишта-адвайты?
галлюцинация,галлюцинация,public,предметный термин,1,1,0,Великая галлюцинация сознания по «Вимшике» Васубандху
гана,гана,public,предметный термин,1,0,1,Индийские гана в зеркале китайских гуа
ганг,ганг,public,предметный термин,1,0,1,Исторические и историографические особенности монгольской летописи начала XVIII в.: Гомбоджаб. «Течение Ганга»
ганджиф,ганджиф,public,предметный термин,1,1,0,Вспомнить все: ганджифа и забытая карточная игра «Сидаста» из коллекции А.М. и Л.А. Мервартов
ганеша,ганеша,public,предметный термин,1,0,1,Образ Ганеши в японском буддизме
гапакс,гапакс,public,предметный термин,1,1,0,"Ведийский гапакс batá- и частица bata / vata: семантика, контекст, этимология"
гарба,гарба,public,предметный термин,1,1,0,Танцы с сосудами и вокруг. Гарба Гуджарата и сходные обряды и представления Южной Азии
гарем,гарем,public,предметный термин,1,0,1,Стиль кавья в двух описаниях спящего гарема – в «Рамаяне» и в «Жизни Будды» Ашвагхоши
гаруд-пурана,гаруд-пурана,public,предметный термин,1,0,1,Представления о времени и пространстве в «Прета-канде» «Гаруда-пураны»
гаудавахо,гаудавахо,public,предметный термин,1,1,0,Литературные реминисценции в «Гаудавахо» Вакпатираджи
гаутама,гаутама,public,предметный термин,1,1,0,Бодхисаттва в образе пишачи: следы комической традиции в описании аскезы Гаутамы
гелиодор,гелиодор,public,предметный термин,1,0,1,Надписи на колонне Гелиодора
гелука,гелука,public,предметный термин,1,0,1,Роль языка в познании абсолютного согласно школе Гелук
гендер,гендер,public,предметный термин,1,1,0,Женские голоса в каввали: гендер и традиции
генеалогия,генеалогия,public,предметный термин,1,0,1,Место и значение хронологии и генеалогии в санскритских текстах
геология,геология,public,предметный термин,1,0,1,Сакральная «геология» в системе знаний вастувидьи (науки о строительстве и зодчестве) в пуранах
германо-скандинавский,германо-скандинавский,public,предметный термин,1,1,0,Образ бога Рудры в Шатарудрии в сравнении с германо-скандинавским богом Одином
герменевтический,герменевтический,public,предметный термин,1,0,1,Этимология (нирукта) в качестве герменевтической науки в кашмирском шиваизме
героиня,героиня,public,предметный термин,1,1,0,«Лирическая героиня» Миры Баи
герхард,герхард,public,предметный термин,1,1,0,Уроки Герхарда Оберхаммера. По следам перевода книги «Структуры йоговской медитации»
гимн-падигам,гимн-падигам,public,предметный термин,1,1,0,Гимн-падигам как основная форма поэзии тамильских шиваитов
гинзберг,гинзберг,public,предметный термин,1,0,1,Рецепция тантрического текста в совеременной культуре: случай Аллена Гинзберга
гипотеза,гипотеза,public,предметный термин,1,1,0,Происхождение атомизма: лингвистическая гипотеза
гирлянда,гирлянда,public,предметный термин,1,0,1,Начало гирлянды. Первые известные серии миниатюр рагамала
гитабхаший,гитабхаший,public,предметный термин,1,1,0,К (посмертному) изданию полного перевода (В. С. Семенцова) «Гитабхашьи» Рамануджи на русском языке
глагол,глагол,public,предметный термин,1,1,0,Форма смыслового глагола в модальных конструкциях возможности/способности в хинди
глиняный,глиняный,public,предметный термин,1,0,1,Старый парк Пушпакарандаки (одна из загадок «Глиняной повозки»)
глупец,глупец,public,предметный термин,1,1,0,"«Глупец», «Незнакомец», «Человек-эпоха»: три ипостаси князя Мышкина в индийском кинематографе"
гневный,гневный,public,предметный термин,1,0,1,Кангдзей: «Подношения гневным божеcтвам»
говорить,говорить,public,предметный термин,1,0,1,Кто говорит? Толкование источника речи в некоторых индуистских тантрах
голова,голова,public,предметный термин,1,0,1,Почему у монаха-дигамбара рог на голове? Попытка интерпретации одной строфы из философского диспута в прахасане «Латакамелака»
голод,голод,public,предметный термин,1,1,0,Голод в Бенгалии 1943 года и его отражение в творчестве индийских художников
голос,голос,public,предметный термин,1,1,0,Женские голоса в каввали: гендер и традиции
голубой,голубой,public,предметный термин,1,1,0,Голубые лотосы санскритской лексикографии
голудева,голудева,public,предметный термин,1,1,0,Кумаонский Голудев: локальный вариант индуизма
гомбоджаб,гомбоджаб,public,предметный термин,1,0,1,Исторические и историографические особенности монгольской летописи начала XVIII в.: Гомбоджаб. «Течение Ганга»
гонд,гонд,public,предметный термин,1,0,1,"Культ корзины у гондов, джайнская икона аягапатта и буддийский алтарь: еще раз о смене религиозной парадигмы в Древней Индии"
гондванский,гондванский,public,предметный термин,1,1,0,Терминология родства в гондванских языках
гонур-тепа,гонур-тепа,public,предметный термин,1,1,0,Новые открытия на Гонур-тепе. Предварительное сообщение
гора,гора,public,предметный термин,1,0,1,К вопросу о символике горы Мэру
горакха,горакха,public,предметный термин,1,1,0,Как Кришна с Горакхой силой мерялись: Столкновение разных мистических течений в творчестве Малика Мухаммада Джаяси
городской,городской,public,предметный термин,1,1,0,Рассказы о мастерстве в древнеиндийской городской литературе
гоштхи,гоштхи,public,предметный термин,1,0,1,Гоштхи (гутхи) в надписях Личчхавов
грамматик,грамматик,public,предметный термин,1,1,0,Атманепада в санскрите и в грамматиках
грамматист,грамматист,public,предметный термин,1,1,0,Санскритские наречия в трудах бенгальских грамматистов (Дживы Госвамина и Баларамы Панчананы)
грандиозный,грандиозный,public,предметный термин,1,0,1,«Не одне грандиозныя прелести Гималаев»: итоги путешествия И. П. Минаева в Кумаон (1875)
граница,граница,public,предметный термин,1,0,1,"«Во отдаленном краю границы пребывающий, исповедая веру манджушринову»: о буддийском дискурсе в калмыцкой политике императора Юнчжэна (1723–1735)"
графический,графический,public,предметный термин,1,1,0,"Вновь найденный ксилограф с санскритским алфавитом в трех графических вариантах, привезенный Д. Мессершмидтом из Сибири в 1727 г"
греза,греза,public,предметный термин,1,1,0,Речь во сне и грезы наяву в классической санскритской драме
григорьев,григорьев,public,предметный термин,1,0,1,Ю.М. Парфионович: штрихи жизненного пути. Парфионович – продолжатель исследований Ю.Н. Рериха в области тибетологии. Совместная деятельность Ю.М. Парфионовича и В. С. Дылыковой по изучению и переводу «Калачакра-тантры». И.В. Григорьев. Ю.М. Парфионович и будущее отечественной буддологии
гром,гром,public,предметный термин,1,1,0,Разрази его гром! Метеорологические явления в песенном фольклоре на диалектах хинди Центральной Индии
грудь,грудь,public,предметный термин,1,0,1,"Зеркало, конец иллюзии. Или как удовлетворить тайно влюбленную, касающуюся кувшинами грудей отражения возлюбленного. Учение об отражении в 3-й главе «Тантра-алоки» Абхинавагупты"
гуа,гуа,public,предметный термин,1,0,1,Индийские гана в зеркале китайских гуа
гулабрао,гулабрао,public,предметный термин,1,1,0,"Особая священная игра» Гулабрао Махараджа как игровая модель индуистской сотериологии: космология, философия и бхакти"
гумилев,гумилев,public,предметный термин,1,0,1,«Культурологический поворот» в исследованиях Ю.Н. Рериха и Л.Н. Гумилёва
гуптский,гуптский,public,предметный термин,1,0,1,Идеал sajjana в литературе гуптской эпохи
гуссерлить,гуссерлить,public,предметный термин,1,0,1,Рецепция Маджджхима-никаи в рукописях Э. Гуссерля
гухьясамадж,гухьясамадж,public,предметный термин,1,1,0,Строфы о бодхичитте во второй главе Гухьясамаджа тантры
гухьясамаджатантра,гухьясамаджатантра,public,предметный термин,1,1,0,Посвящение в знание мудрости в Гухьясамаджатантре (на основе Abhishekanirukti)
гхантой,гхантой,public,предметный термин,1,0,1,Богиня с гхантой и гхатом. Дурга (?) в иконографической программе буддийского храма Аурангабада
гхата,гхата,public,предметный термин,1,1,0,«Возрожденные» ведийские ритуалы: яджна на Асси гхат и в школе девочек «Панини Канья Махавидьялая» в Варанаси
гхата-пандит,гхата-пандит,public,предметный термин,1,1,0,Сюжет о побоище палицами в «Маусалапарве» и в «Джатаке о Гхата-пандите»
гхатом,гхатом,public,предметный термин,1,0,1,Богиня с гхантой и гхатом. Дурга (?) в иконографической программе буддийского храма Аурангабада
гхор,гхор,public,предметный термин,1,1,0,Миф о Гхоре и Богине в Йогини-тантре
гхош,гхош,public,предметный термин,1,1,0,Ауробиндо Гхош: между разумом и мистической интуицией
гьяцо,гьяцо,public,предметный термин,1,0,1,Тибето-китайские параллели в наименованиях и титулах регентов на примере текста декрета Далай-ламы V о назначении Сангье Гьяцо дэсридом (1679 г.)
д-р,д-р,public,предметный термин,1,1,0,Учение д-ра Маханамбраты Брахмачари как квинтэссенция идей бенгальского ренессанса и его влияние на Томаса Мертона
давать,давать,public,предметный термин,1,1,0,«Давай поженимся»: Свадебные ритуалы в неварском буддизме
дайва-арадхана,дайва-арадхана,public,предметный термин,1,0,1,Дайва-арадхана Тулунаду (Южная Индия): сценарий и воплощение
даймонд,даймонд,public,предметный термин,1,1,0,Социально-политический контекст романов Даймонд Шамшера Рана
дакиня,дакиня,public,предметный термин,1,0,1,Образ дакини в Японии
далай-лама,далай-лама,public,предметный термин,1,0,1,Тибето-китайские параллели в наименованиях и титулах регентов на примере текста декрета Далай-ламы V о назначении Сангье Гьяцо дэсридом (1679 г.)
далитскай,далитскай,public,предметный термин,1,1,0,Далитская автобиография как специфический жанр
дар,дар,public,предметный термин,1,0,1,Власть как дар Неба
дарбх,дарбх,public,предметный термин,1,0,1,Трава дарбха и самбодхи Будды
даргах,даргах,public,предметный термин,1,1,0,Ритуальная жизнь делийского даргаха
дард,дард,public,предметный термин,1,0,1,Дарды и страна дардов в «Раджатарангини» Калханы
дарджилингский,дарджилингский,public,предметный термин,1,0,1,Дарджилингский период в научной карьере Ю.Н. Рериха
дардскома,дардскома,public,предметный термин,1,0,1,Вопрос о дардском элементе в дотибетском населении Ладакха и Балтистана как лингвистическая проблема
дарение,дарение,public,предметный термин,1,1,0,Боги «из разряда синих» в предании о дарении чаши в «Лалитавистаре»
дарственный,дарственный,public,предметный термин,1,0,1,О формульности индийских дарственных надписей
дас,дас,public,предметный термин,1,1,0,Множество жизней поэмы Тулси Даса (некоторые аспекты современного бытования «Рамачаритаманасы»)
дасья,дасья,public,предметный термин,1,0,1,Чему учили люди дасью? (по материалам ранних ведийских текстов)
дата,дата,public,предметный термин,1,0,1,Памятные даты – стимул к новым поискам: 150 лет со дня рождения Павла Риттера и 120 лет со дня рождения Юрия Рериха. (доклад онлайн)
дашабхумика-сутра,дашабхумика-сутра,public,предметный термин,1,0,1,«Ратнавали» Нагарджуны и «Дашабхумика-сутра»: явные и неявные связи
двести,двести,public,предметный термин,1,1,0,Двести лет санскритской лексикографии (1819‒2019)
двиведи,двиведи,public,предметный термин,1,1,0,Безымянный герой (о романах Хазарипрасада Двиведи)
движение,движение,public,предметный термин,1,1,0,Практики движения праны в текстах кашмирских авторов
двойничество,двойничество,public,предметный термин,1,1,0,Архетип двойничества в романе С. Рушди «Ярость»: этнографический субстрат
двойной,двойной,public,предметный термин,1,0,1,Двойная мандала в тибетском трактате «Вайдурья-карпо»
дворец,дворец,public,предметный термин,1,1,0,Дворец небесный и дворец земной: две схожие главы «Лалитавистары» и их функциональная роль в общей композиции текста
дебендронатх,дебендронатх,public,предметный термин,1,1,0,Интерпретация идей Упанишад у Раммохона Роя и Дебендронатха Тагора
девадундубха,девадундубха,public,предметный термин,1,0,1,Дивьядхвани и девадундубхи – иконографические мотивы божественной музыки в джайнской скульптуре Эллоры
девдас,девдас,public,предметный термин,1,1,0,Старая сказка на новый лад: Девдас в индийском кинематографе 21 века
деви-гит,деви-гит,public,предметный термин,1,1,0,Деви-гита из Девибхагавата-пураны
девибхагават,девибхагават,public,предметный термин,1,1,0,Миф о Махишасурамардани в Девибхагавата- и Калика-пуранах
девибхагаватапуран,девибхагаватапуран,public,предметный термин,1,1,0,Версия мифа о Вритре в «Девибхагаватапуране»
девить,девить,public,предметный термин,1,0,1,Образ Деви с младенцем Шивой в контексте развития иконографии Богини-Матери в скульптуре Бенгалии
девочка,девочка,public,предметный термин,1,1,0,«Возрожденные» ведийские ритуалы: яджна на Асси гхат и в школе девочек «Панини Канья Махавидьялая» в Варанаси
девы-воительница,девы-воительница,public,предметный термин,1,1,0,Махишасурамардини и девы-воительницы
деепричастие,деепричастие,public,предметный термин,1,0,1,Деепричастия пассивного залога в языке пали?
дезидератив,дезидератив,public,предметный термин,1,0,1,Лексикализация дезидератива в классическом санскрите
действительность,действительность,public,предметный термин,1,1,0,Язык и внеязыковая действительность в «Вакьяпадии» Бхартрихари
декан,декан,public,предметный термин,1,1,0,«Коровьи войны» (на материале скотоводческого эпоса народов Центральной Индии и Декана)
делийский,делийский,public,предметный термин,1,1,0,Ритуальная жизнь делийского даргаха
демаркация,демаркация,public,предметный термин,1,0,1,Индийская философия сознания через призму цивилизационной демаркации «Восток-Запад»
демоница,демоница,public,предметный термин,1,1,0,От демоницы к мстительнице: Переосмысление образа ведьмы в современном индийском кинематографе
демонический,демонический,public,предметный термин,1,1,0,От демонической к человеческой сексуальности? Индо-иранский миф о первобытном инцесте Ями и Ямы и его индоевропейские корни
дервишейволчок,дервишейволчок,public,предметный термин,1,0,1,Танец суфийских дервишейволчков ритуала «сама» и сакральный «танец вихря» (fr. dance vertige) «Мистерии» А.Н. Скрябина
деревенский,деревенский,public,предметный термин,1,1,0,"Бхеру-джи и мать Кали в деревенском Раджастхане: мифы, культ, фольклор"
деревянный,деревянный,public,предметный термин,1,0,1,Морфология деревянной храмовой архитектуры Химачал-Прадеша (Индия)
дериват,дериват,public,предметный термин,1,0,1,Семантика глагольного корня bhram и его дериватов на материале древнеиндийского эпоса и поэзии
детерминант,детерминант,public,предметный термин,1,1,0,Сравнительный анализ генезиса рефлексии в индийской и европейской философских традициях: визуальные и лингвистические детерминанты
дефиниция,дефиниция,public,предметный термин,1,1,0,Критика целей дефиниций (лакшана) в «Кхандана-кханда-кхадья» Шри Харши (на примере дефиниции восприятия)
джайнизм,джайнизм,public,предметный термин,1,1,0,Мифология танца и образ Индры в джайнизме
джаландхар,джаландхар,public,предметный термин,1,1,0,Мотивы «Сказания о Джаландхаре в «Падма-пуране»
джамб,джамб,public,предметный термин,1,1,0,Конь без всадника и дерево джамбу: к интерпретации рельефа на восточных воротах Большой Ступы в Санчи
джанака,джанака,public,предметный термин,1,1,0,Эпическая санкхья в беседе царя Джанаки и отшельницы Сулабхи (МБХ 12.308)
джатить,джатить,public,предметный термин,1,1,0,"Спхота, джати, пашьянти и пратибха в «Вакьяпадии» — к проблеме разграничения терминов"
джаяшанкара,джаяшанкара,public,предметный термин,1,1,0,Буддизм в творчестве Джаяшанкара Прасада
джунгар,джунгар,public,предметный термин,1,0,1,Захват джунгарами Тибета в 1717 г
джьотиша,джьотиша,public,предметный термин,1,1,0,Джьотиша и Аюрведа: астрологическая семантика в классической индийской медицине
диалектологический,диалектологический,public,предметный термин,1,1,0,"Диалектологическое исследование языка куллуи (< химачали): задачи, методика, результаты"
диалогический,диалогический,public,предметный термин,1,1,0,О роли и функции диалогических поэм буддийского канона
диафильм,диафильм,public,предметный термин,1,1,0,Об одном диафильме В. Чатопадаева из коллекции МАЭ РАН
дивов,дивов,public,предметный термин,1,1,0,Пещера дивов в сказке на языке парья
дивьядхвань,дивьядхвань,public,предметный термин,1,0,1,Дивьядхвани и девадундубхи – иконографические мотивы божественной музыки в джайнской скульптуре Эллоры
дигамбарский,дигамбарский,public,предметный термин,1,0,1,Представления об уме в джайнской дигамбарской традиции (к прояснению терминов)
дидактик,дидактик,public,предметный термин,1,0,1,Дидактика и символика в тибетской литературе (на примере «Песни о роге яка» из собрания «сто тысяч песен Миларепы»)
дидактический,дидактический,public,предметный термин,1,1,0,Дидактические шатаки в литературе телугу (К характеристике жанровых особенностей). 3. Т. Г .Скороходова (Пенза). Интерпретация традиционного индийского текста либеральными мыслителями Бенгальского Возрождения
диковина,диковина,public,предметный термин,1,0,1,Индийское царство и индийские диковины в средневековых ирландских рукописях XV в. «Романа об Александре»
дикшитара,дикшитара,public,предметный термин,1,0,1,Чидамбарам и его дикшитары в зеркале «Панниру тирумурей»
дикшитый,дикшитый,public,предметный термин,1,1,0,Высмеивание пороков врачей в санскритской литературе (на примере «Кали-видамбханам» Нилакантхи Дикшиты)
димный,димный,public,предметный термин,1,0,1,Роль персоязычных версий индийских текстов в формировании средневековой тюркоязычной литературы Южного Кавказа (на примере памятника «Калила и Димна»)
дискретность,дискретность,public,предметный термин,1,0,1,"Вопрос о соотношении субъекта-пудгалы, дискретности мышления-читты и устойчивости характеристик личности в тексте «Катхаваттху» (фрагмент 1.1.193-1.1.196)"
дискурсивный,дискурсивный,public,предметный термин,1,1,0,Дискурсивные слова в языке хинди
диспут,диспут,public,предметный термин,1,0,1,Почему у монаха-дигамбара рог на голове? Попытка интерпретации одной строфы из философского диспута в прахасане «Латакамелака»
дифференциация,дифференциация,public,предметный термин,1,1,0,Дифференциация веддов (взгляд извне и изнутри)
дойссный,дойссный,public,предметный термин,1,1,0,"Пауль Дойссен (1845—1919): веданта, европейская философия и философская компаративистика"
доказательство,доказательство,public,предметный термин,1,1,0,Опровержение атомизма в трактате Васубандху Виджняптиматратасиддхи («Доказательство единственности сознания»)
документ,документ,public,предметный термин,1,1,0,Опись Л. А. Мерварт коллекции № 3015 в собрании МАЭ РАН как образец музейного документа
долг,долг,public,предметный термин,1,1,0,Поздний Р.Тагор и «Бхагавадгита»: переосмысляя концепцию о долге
дом-музей,дом-музей,public,предметный термин,1,0,1,Дом-музей семьи Рерихов в Улан-Баторе
доминанта,доминанта,public,предметный термин,1,0,1,Мотивационные доминанты как «система ожидания» в санскритском и палийском повествовании
домусульманский,домусульманский,public,предметный термин,1,0,1,Изменение межкастовых взаимоотношений в домусульманском Кашмире
дониша,дониша,public,предметный термин,1,0,1,Исторические идеи просветительства Ахамади Дониша в культурном коде Таджикистана
дорога,дорога,public,предметный термин,1,1,0,"Будда Дипанкара, идущий по дороге. Сюжеты пророчества в ранней буддийской литературе"
достоверность,достоверность,public,предметный термин,1,1,0,Вьявахара как универсум установления достоверности знания в индийской эпистемологии и логике (праманаваде)
дохады,дохады,public,предметный термин,1,1,0,Мотив дохады в древних жизнеописаниях Будды
дравид,дравид,public,предметный термин,1,1,0,Миф о Потопе и тыкве у дравидийских племен: к вопросу об истории контактов дравидов и мунда
дравидский,дравидский,public,предметный термин,1,1,0,К реконструкции ритуальной семантики дравидского kāvaṭi
дравие,дравие,public,предметный термин,1,1,0,Атман как синоним дравьи в «Вакьяпадии» (ВП 3.2.1)
дравья-санграха-вритти,дравья-санграха-вритти,public,предметный термин,1,0,1,Брахмадева и его комментарий к «Дравья-санграха-вритти» в контексте джайнской текстовой традиции
драматург,драматург,public,предметный термин,1,1,0,Психология акта самопожертвования в изображении драматургов 7-го века
драупасть,драупасть,public,предметный термин,1,1,0,Драупади в Зале собрания (роль бога Дхармы)
древнетамильский,древнетамильский,public,предметный термин,1,1,0,Тема угона скота (veṭci) в древнетамильской поэзии и литературной теории
древо,древо,public,предметный термин,1,1,0,Живое древо религий М. К. Ганди.
дувакин,дувакин,public,предметный термин,1,1,0,Внешние и внутренние связи индийского фольклора по данным каталога Ю.Е. Березкина и Е.Н. Дувакина
дуглата,дуглата,public,предметный термин,1,0,1,Актуализация информативной основы средневекового текста Центральной Азии в современном мире (на примере «Тарих-и Рашиди» Мирзы Хайдара Дуглата»)
душа,душа,public,предметный термин,1,1,0,Проблема уникальности природы человеческой души в философской системе Ямуначарьи
дхаммапад,дхаммапад,public,предметный термин,1,0,1,Manas/mana и dhamma в понимании первого изречения «Дхаммапады»
дхаранипитак,дхаранипитак,public,предметный термин,1,0,1,К вопросу о дхарани и Дхаранипитаке
дхарань,дхарань,public,предметный термин,1,0,1,К вопросу о дхарани и Дхаранипитаке
дхатупатх,дхатупатх,public,предметный термин,1,1,0,Технические приспособления для рубрикации корней в «Дхатупатхе» Панини
дхола-мара,дхола-мара,public,предметный термин,1,1,0,Индийский эпос «Дхола-Мару» и «Сказка о царе Салтане» А.С.Пушкина
дылыковый,дылыковый,public,предметный термин,1,0,1,Ю.М. Парфионович: штрихи жизненного пути. Парфионович – продолжатель исследований Ю.Н. Рериха в области тибетологии. Совместная деятельность Ю.М. Парфионовича и В. С. Дылыковой по изучению и переводу «Калачакра-тантры». И.В. Григорьев. Ю.М. Парфионович и будущее отечественной буддологии
дэсрид,дэсрид,public,предметный термин,1,0,1,Тибето-китайские параллели в наименованиях и титулах регентов на примере текста декрета Далай-ламы V о назначении Сангье Гьяцо дэсридом (1679 г.)
евгений,евгений,public,предметный термин,1,1,0,"В поисках современного подхода к прозе Премчанда.Коровина Евгения Владимировна, Ренковская Евгения Алексеевна (Москва). Экспедиция к памятникам протоиндийской цивилизации на территории Индии"
евразийский,евразийский,public,предметный термин,1,1,0,Мифологии северных мунда как источник для реконструкции сюжета создания человека у населения евразийских степей в эпоху бронзы C
евразия,евразия,public,предметный термин,1,0,1,Семантика изображений птицы на каменных изваяниях степей Евразии
европа,европа,public,предметный термин,1,1,0,Современное искусство адиваси: некоторые особенности музейной репрезентации в Индии и Европе
единственность,единственность,public,предметный термин,1,1,0,Опровержение атомизма в трактате Васубандху Виджняптиматратасиддхи («Доказательство единственности сознания»)
единство,единство,public,предметный термин,1,0,1,Ю. Рерих о роли буддизма в культурном единстве Азии
елена,елена,public,предметный термин,1,1,0,«Тень» Ситы и «призрак» Елены: две истории о похищенных жёнах
еретик,еретик,public,предметный термин,1,0,1,Еретики локаятики и ортодокс Каутса
естественный,естественный,public,предметный термин,1,1,0,К вопросу о статусе «естественного описания» в индийской поэтике
есьма,есьма,public,предметный термин,1,1,0,В защиту Вишну Шипивишты: «Аз есьм Шипивишта!» (РВ 7.100.6)
жанровый,жанровый,public,предметный термин,1,1,0,Дидактические шатаки в литературе телугу (К характеристике жанровых особенностей). 3. Т. Г .Скороходова (Пенза). Интерпретация традиционного индийского текста либеральными мыслителями Бенгальского Возрождения
желание,желание,public,предметный термин,1,1,0,Богини и деревья желаний в индуизме Центральных Гималаев
желать,желать,public,предметный термин,1,1,0,"«Бенгальский стиль» в индийском танце: традиционное, креативное, политическое измерения В программе возможны изменения и дополнения Приглашаются все желающие"
жемчужный,жемчужный,public,предметный термин,1,1,0,Жемчужный остров в «Девибхагавата-пуране»
женственность,женственность,public,предметный термин,1,1,0,Златоликие образы Дипанкары Будды и традиция проведения фестиваля Самьяк маха дана в Патане. Шишова-Маретина Ксения Александровна (Санкт-Петербург). Архетип опасной женственности в индуизме
женщина-гуру,женщина-гуру,public,предметный термин,1,1,0,Женщины-гуру в текстах индуистского тантризма
жест,жест,public,предметный термин,1,1,0,О некоторых специфических жестах в бытовом этикете сингалов
журнал,журнал,public,предметный термин,1,0,1,"Журнал “Stepping stones” – гималайская культура, буддизм и философия перенниализма сквозь призму взглядов европейских исследователей"
забытый,забытый,public,предметный термин,1,1,0,Вспомнить все: ганджифа и забытая карточная игра «Сидаста» из коллекции А.М. и Л.А. Мервартов
загадочный,загадочный,public,предметный термин,1,1,0,Адиваси. Загадочное племя тода
законоположение,законоположение,public,предметный термин,1,0,1,Тексты праджняпарамиты в ойратской религиозной культуре и законоположениях
закрытие,закрытие,public,предметный термин,1,1,0,Аспекты влияния религиозно-философских доктрин на творчество Кабира. Закрытие конференции
западно-индийский,западно-индийский,public,предметный термин,1,0,1,Фронтальное и трёхчетвертное изображение лица в западно-индийской миниатюре XII–XV вв
западноевропейский,западноевропейский,public,предметный термин,1,1,0,Работа Р. Х. Ленца в западноевропейских хранилищах восточных рукописей
зарождение,зарождение,public,предметный термин,1,1,0,Предсказания об исчезновении Дхармы как фактор зарождения традиционной историографии буддизма
заточить,заточить,public,предметный термин,1,1,0,«Махабхарата» и мотив «заточенных в пещере»
захват,захват,public,предметный термин,1,0,1,Захват джунгарами Тибета в 1717 г
зачин,зачин,public,предметный термин,1,1,0,«Зачин» в североиндийской поэзии бхакти
звезда,звезда,public,предметный термин,1,1,0,Следуя воле звезд: Индийская астрология и практика предсказаний стихийных бедствий
звено,звено,public,предметный термин,1,1,0,«Тирумурейканда-пуранам» Умапати Шивачарьи как завершающее звено в формировании тамильского шиваитского канона
зверь,зверь,public,предметный термин,1,0,1,Пятнистый охотничий зверь индоевропейцев и «Атхарваведа»
звуковой,звуковой,public,предметный термин,1,1,0,О звуковом составе ведийского текста
звукотип,звукотип,public,предметный термин,1,0,1,"Варна – фон, фонема, звукотип"
землепользование,землепользование,public,предметный термин,1,0,1,Отражение оппозиции «свой – чужой» в традиционных представлениях о землепользовании кочевников Центральной Азии
земля,земля,public,предметный термин,1,0,1,"Соотношение «чистая земля» – «нечистая земля», «чистый народ – «нечистый народ» по материалам «Манусмрити» и «Артхашастры» Каутильи"
земной,земной,public,предметный термин,1,1,0,Дворец небесный и дворец земной: две схожие главы «Лалитавистары» и их функциональная роль в общей композиции текста
зикра,зикра,public,предметный термин,1,1,0,Кришна исполняет зикр: следы влияния бхакти на суфизм братства Чиштийя
златоликий,златоликий,public,предметный термин,1,1,0,Златоликие образы Дипанкары Будды и традиция проведения фестиваля Самьяк маха дана в Патане. Шишова-Маретина Ксения Александровна (Санкт-Петербург). Архетип опасной женственности в индуизме
зло,зло,public,предметный термин,1,1,0,Проблема зла и концепция лилавады в кашмирском шиваизме
змея,змея,public,предметный термин,1,0,1,О роли змея (nāga) в вайшнавском культе раннего периода индуизма
значимость,значимость,public,предметный термин,1,1,0,О философской и религиозной значимости некоторых текстов Веданта Дешики
зонтхаймер,зонтхаймер,public,предметный термин,1,1,0,Культ Рудры-Кхандобы в исследованиях Г. Д. Зонтхаймера и его индоевропейские параллели
зооморфный,зооморфный,public,предметный термин,1,1,0,О зооморфной символике в протоиндийских текстах
зощенко,зощенко,public,предметный термин,1,1,0,Анализ переводов М. Зощенко на хинди и на бенгали с помощью метрик readability
иванов,иванов,public,предметный термин,1,1,0,Индия в воспоминаниях востоковеда В. А. Иванова
идеал,идеал,public,предметный термин,1,0,1,Идеал sajjana в литературе гуптской эпохи
идеальный,идеальный,public,предметный термин,1,0,1,Текст в контексте: образ идеального сикхского правителя в кодексе Прем Сумараг в позднесредневековых панджабских реалиях
идентификация,идентификация,public,предметный термин,1,0,1,К идентификации тантрических изображений Ямантаки в монастыре Юнъань-сы 永安寺 провинции Шаньси 山西省
идентичность,идентичность,public,предметный термин,1,1,0,Трансформации культурной идентичности парсов Бомбея
идиом,идиом,public,предметный термин,1,0,1,Тибетский идиом области Амдо в наши дни: между диалектом и языком
идти,идти,public,предметный термин,1,1,0,"Будда Дипанкара, идущий по дороге. Сюжеты пророчества в ранней буддийской литературе"
иероглиф,иероглиф,public,предметный термин,1,0,1,"Происхождение китайского иероглифа 佛 «фо» (Будда, буддизм)"
избежание,избежание,public,предметный термин,1,1,0,Вытеснение согласного во избежание возникновения тяжелой группы трех шумных согласных в индоиранском
изваяние,изваяние,public,предметный термин,1,0,1,Семантика изображений птицы на каменных изваяниях степей Евразии
извне,извне,public,предметный термин,1,1,0,Дифференциация веддов (взгляд извне и изнутри)
изд-во,изд-во,public,предметный термин,1,1,0,Текущие переводческие проекты Фонда «Сохраним Тибет!» и изд-ва «Нартанг»
издание,издание,public,предметный термин,1,1,0,К (посмертному) изданию полного перевода (В. С. Семенцова) «Гитабхашьи» Рамануджи на русском языке
изменить,изменить,public,предметный термин,1,1,0,«Юный» как представитель измененного состояния сознания
изнутри,изнутри,public,предметный термин,1,1,0,Дифференциация веддов (взгляд извне и изнутри)
изречение,изречение,public,предметный термин,1,0,1,Manas/mana и dhamma в понимании первого изречения «Дхаммапады»
икона,икона,public,предметный термин,1,0,1,"Культ корзины у гондов, джайнская икона аягапатта и буддийский алтарь: еще раз о смене религиозной парадигмы в Древней Индии"
иконология,иконология,public,предметный термин,1,0,1,«Унмей вилаккам» как источник по иконологии Шивы Натараджи
иллюстрировать,иллюстрировать,public,предметный термин,1,0,1,Неизвестный иллюстрированный манускрипт из Непала из собрания кабинета Ю.Н. Рериха Института востоковедения РАН
имать,имать,public,предметный термин,1,1,0,"«… Есть некая рыба, которая чюдовидна имать»: возможные истоки и неочевидные связи одного композитного существа индийской миниатюры"
именование,именование,public,предметный термин,1,0,1,Открытие буддийской надписи брахми (II в. до н. э.) в Центральной Индии: к истокам традиции именования ранних буддийских школ
иммигрантский,иммигрантский,public,предметный термин,1,1,0,«Будда из пригорода» Ханифа Курейши: иммигрантский текст индо-британской литературы
император,император,public,предметный термин,1,0,1,"«Во отдаленном краю границы пребывающий, исповедая веру манджушринову»: о буддийском дискурсе в калмыцкой политике императора Юнчжэна (1723–1735)"
императорский,императорский,public,предметный термин,1,0,1,Обращение к буддийским сутрам «неясного» происхождения при императорском дворе в Японии в VIII в
империя,империя,public,предметный термин,1,0,1,Значение иконографии Будды Мучилинды в культуре и искусстве Кхмерской империи XII–XIII вв
имперфект,имперфект,public,предметный термин,1,1,0,Имперфект в древнеиндийском эпосе
имя,имя,public,предметный термин,1,0,1,Принципы построения верениц древнеиндийских имён в «Вишнусахасранаме» («Махабхарата» XII.135)
имянаречение,имянаречение,public,предметный термин,1,1,0,Лунные созвездия (nakṣatras) и традиция имянаречения в Древней Индии H. Urbańska. Concept of maya in Darśana Mala of Narayana Guru
инд,инд,public,предметный термин,1,1,0,"О толковании первой строфы «Аштанга-хридаи» средневековыми комментаторами (на примере Арунадатты, Хемадри и Инду)"
индейский,индейский,public,предметный термин,1,1,0,Сказание об Индейском царстве» как источник представлений об Индии в древней Руси
индианизация,индианизация,public,предметный термин,1,1,0,Проблема индианизации колониальной армии на страницах индийской прессы в 1910-х — 1940-х годах
индивидуальный,индивидуальный,public,предметный термин,1,1,0,К вопросу о лексике индивидуального субъективного начала в ведийском языке
индиец,индиец,public,предметный термин,1,1,0,Индия и индийцы в автобиографической книге В. С. Найпола «The Writer's People»
индо-британский,индо-британский,public,предметный термин,1,1,0,«Будда из пригорода» Ханифа Курейши: иммигрантский текст индо-британской литературы
индо-буддийский,индо-буддийский,public,предметный термин,1,1,0,Модели христианского и индо-буддийского времени в современной литературе
индо-греков,индо-греков,public,предметный термин,1,1,0,Некоторые наблюдения над царской титулатурой индо-греков. 4. С.-
индо-ирландский,индо-ирландский,public,предметный термин,1,0,1,К выходу Антологии индо-ирландских текстов
индо-парфянский,индо-парфянский,public,предметный термин,1,0,1,"Кушанская этимология, поздние бактро-скифские царства и интересные элементы индо-парфянской нумизматики"
индоевропеец,индоевропеец,public,предметный термин,1,0,1,Пятнистый охотничий зверь индоевропейцев и «Атхарваведа»
индрия,индрия,public,предметный термин,1,1,0,Квази-трансцендентальные разоблачение объектных областей индрий в буддийской йоге
индусский,индусский,public,предметный термин,1,1,0,«Диалоги об индусской философии» Кришномохана Банерджи: история мысли в интерпретации индийского христианина
инициация,инициация,public,предметный термин,1,1,0,Социовозрастная инициация и монашеское посвящение в неварском буддизме
инновация,инновация,public,предметный термин,1,0,1,Литературный канон и инновации в поэме Джаянкондара «Парани о войне в Калинге»
иной,иной,public,предметный термин,1,1,0,Окна в иной мир: изобразительные тексты и линия жизни индийской художницы-парси Катаюн Саклат (1938- 2026): антропологический взгляд
инородный,инородный,public,предметный термин,1,1,0,Инородные предметы в ушах Благословенного: к слову об одной редкой иконографической схеме в буддийском искусстве
институт_востоковедения_ран,институт_востоковедения_ран,public,предметный термин,1,0,1,Неизвестный иллюстрированный манускрипт из Непала из собрания кабинета Ю.Н. Рериха Института востоковедения РАН
интеллектуальный,интеллектуальный,public,предметный термин,1,1,0,Интеллектуальная история модернизма: Стелла Крамриш и индийский авангард
интересный,интересный,public,предметный термин,1,0,1,"Кушанская этимология, поздние бактро-скифские царства и интересные элементы индо-парфянской нумизматики"
интертекст,интертекст,public,предметный термин,1,0,1,Механизмы интертекста в раннебуддийской текстовой традиции
интуиция,интуиция,public,предметный термин,1,1,0,Ауробиндо Гхош: между разумом и мистической интуицией
информативный,информативный,public,предметный термин,1,0,1,Актуализация информативной основы средневекового текста Центральной Азии в современном мире (на примере «Тарих-и Рашиди» Мирзы Хайдара Дуглата»)
информация,информация,public,предметный термин,1,1,0,Глава о надзирателе за архивом в «Артхашастре» Каутильи в контексте информации надписей времени Гуптов
инцест,инцест,public,предметный термин,1,1,0,От демонической к человеческой сексуальности? Индо-иранский миф о первобытном инцесте Ями и Ямы и его индоевропейские корни
инш-алла,инш-алла,public,предметный термин,1,1,0,«Рассказ о рани Кетаки» Инш-алла Хана в контексте развития ранней прозы на хинди и урду
ипостась,ипостась,public,предметный термин,1,1,0,"«Глупец», «Незнакомец», «Человек-эпоха»: три ипостаси князя Мышкина в индийском кинематографе"
иран,иран,public,предметный термин,1,0,1,Священные зороастрийские тексты и переписка парсийских жрецов с зороастрийскими жрецами Ирана
ирреальный,ирреальный,public,предметный термин,1,1,0,Реальное и ирреальное в «„Новой поэзии“ хинди»
исповедать,исповедать,public,предметный термин,1,0,1,"«Во отдаленном краю границы пребывающий, исповедая веру манджушринову»: о буддийском дискурсе в калмыцкой политике императора Юнчжэна (1723–1735)"
исполнение,исполнение,public,предметный термин,1,1,0,Искусство мастеров-потуа: новые сюжеты в традиционном исполнении
исполнять,исполнять,public,предметный термин,1,1,0,Кришна исполняет зикр: следы влияния бхакти на суфизм братства Чиштийя
испытание,испытание,public,предметный термин,1,0,1,Ордалия раскаленной монетой: шастрический текст и «свидетельства» испытаний
исследовательский,исследовательский,public,предметный термин,1,1,0,Воссоздавая историю древней Индии: исследовательский опыт Раджендролала Митро
истина,истина,public,предметный термин,1,1,0,Понимание высшей истины (парамартха) у Чже Цонкапы
истинность,истинность,public,предметный термин,1,1,0,К вопросу об истинности в пурва-мимансе
истинный,истинный,public,предметный термин,1,1,0,Дискуссия о четырех блаженствах: об одной стратегии для интерпретации истинной природы реальности в посвящении Хеваджра-тантры
историк,историк,public,предметный термин,1,1,0,Трудности в изучении философского наследия Дигнаги: опыт переводчика и историка философии
историко-культурный,историко-культурный,public,предметный термин,1,0,1,Некоторые историко-культурные аспекты символики национального флага Непала (V – XXI вв.)
исчезновение,исчезновение,public,предметный термин,1,1,0,Предсказания об исчезновении Дхармы как фактор зарождения традиционной историографии буддизма
итальянский,итальянский,public,предметный термин,1,1,0,«Они из секты Пифагора»: представления об индуизме трех итальянских купцов второй половины XVI в.
итог,итог,public,предметный термин,1,0,1,«Не одне грандиозныя прелести Гималаев»: итоги путешествия И. П. Минаева в Кумаон (1875)
иша-упанишад,иша-упанишад,public,предметный термин,1,0,1,Бог и человек в поэзии Тагора. От «Иша-упанишады» до «Писем о России»
ишвара-пратьябхиджня-вимаршинить,ишвара-пратьябхиджня-вимаршинить,public,предметный термин,1,1,0,Критика буддизма в «Ишвара-пратьябхиджня-вимаршини» Абхинавагупты
ишваравада,ишваравада,public,предметный термин,1,1,0,Монистический теизм (адвайта-ишваравада) Абхинавагупты в сопоставлении с ишваравадой адвайты Шанкары на материале их комментариев к «Бхагавадгите».
ишварапратьябхиджня-карика,ишварапратьябхиджня-карика,public,предметный термин,1,0,1,Несколько слов о «я» и Адвайте в свете узнавания себя как предельного обладающего в толкованиях Абхинавагупты на «Ишварапратьябхиджня-карике» Утпаладевы
йафиит,йафиит,public,предметный термин,1,1,0,Индия в поэзии йафиитов (Южная Аравия)
йог,йог,public,предметный термин,1,1,0,«Сказание о Лиле» в «Йога- васиштхе»
йог-сутра,йог-сутра,public,предметный термин,1,1,0,«Йога-сутры» Патанджали в арабском переводе ал-Бируни
йога-сутра,йога-сутра,public,предметный термин,1,1,0,Проблемы реконструкции системы йоги Патанджали на основе переводов «корневого» текста «Йога-сутр» и толкования Бходжи («Rājamārtaṇḍa»)
йогачар,йогачар,public,предметный термин,1,1,0,Идеи йогачары в трактате Асанги «Абхидхармасамуччая» (первая глава)
йоговский,йоговский,public,предметный термин,1,1,0,Уроки Герхарда Оберхаммера. По следам перевода книги «Структуры йоговской медитации»
йусуфа,йусуфа,public,предметный термин,1,0,1,Образ Йусуфа в могольской живописи: к вопросу атрибуции
кабилара,кабилара,public,предметный термин,1,0,1,Поэтический цикл Кабилара о князе Пари
каввалить,каввалить,public,предметный термин,1,1,0,Женские голоса в каввали: гендер и традиции
кавказ,кавказ,public,предметный термин,1,0,1,Роль персоязычных версий индийских текстов в формировании средневековой тюркоязычной литературы Южного Кавказа (на примере памятника «Калила и Димна»)
кавьяшастр,кавьяшастр,public,предметный термин,1,0,1,«Наука поэзии» (Кавьяшастра) в трудах ранних аланкариков
каган,каган,public,предметный термин,1,0,1,Тюркский каган и сасанидский шаханшах: к вопросу об идеологических заимствованиях древних тюрков у иранцев
казаклык,казаклык,public,предметный термин,1,0,1,«Казаклык как социальное явление»
кайласа,кайласа,public,предметный термин,1,0,1,"Восхождение на Кайласу. История шайва-бхактов Сундарара и Черамана Перумаля, рассказанная в «Перияпуранам» Секкижара и на фреске храма Брихадишвары в Танджоре"
какой,какой,public,предметный термин,1,1,0,«Моя мать и твоя мать – какая родня?» Об обозначениях братьев и сестер и возможностях прадравидийской реконструкции
каламбах,каламбах,public,предметный термин,1,0,1,О тамильском поэтическом жанре каламбахам
калачакратантра,калачакратантра,public,предметный термин,1,0,1,Социально-философские концепции Калачакратантры с некоторыми параллелями в Кашмирском Шиваизме
календарь,календарь,public,предметный термин,1,1,0,«Барахмах» Нанака и дискуссия о реформе сикхского календаря
кали-видамбхан,кали-видамбхан,public,предметный термин,1,1,0,Высмеивание пороков врачей в санскритской литературе (на примере «Кали-видамбханам» Нилакантхи Дикшиты)
кали-юг,кали-юг,public,предметный термин,1,0,1,"Трактат Марко Паллиса, предостерегающий Тибет о последствиях Кали-юги (об атрибутировании и содержании тибетского ксилографа из Архива музея Рерихов (Филиал Государственного музея Востока))"
калика-пуран,калика-пуран,public,предметный термин,1,1,0,Миф о Махишасурамардани в Девибхагавата- и Калика-пуранах
калимпонг,калимпонг,public,предметный термин,1,0,1,Вклад Ю.Н. Рериха в формирование «транскультурного пространства» Калимпонга (1950-е гг. ХХ в.)
калиттохей,калиттохей,public,предметный термин,1,0,1,Особенности художественной структуры тамильской антологии «Калиттохей» (на примере песни 92)
калить,калить,public,предметный термин,1,0,1,Роль персоязычных версий индийских текстов в формировании средневековой тюркоязычной литературы Южного Кавказа (на примере памятника «Калила и Димна»)
каллиграфия,каллиграфия,public,предметный термин,1,0,1,Визуальная поэзия или поэтический рисунок Рабиндраната Тагора: традиция каллиграфии и фигуры-лампы
калмаки,калмаки,public,предметный термин,1,0,1,Калмаки в литературе и искусстве могольской Индии
калмыкия,калмыкия,public,предметный термин,1,1,0,"Ян Потоцкий и тибетская рукопись, найденная в Калмыкии"
калмыцкий,калмыцкий,public,предметный термин,1,0,1,"«Во отдаленном краю границы пребывающий, исповедая веру манджушринову»: о буддийском дискурсе в калмыцкой политике императора Юнчжэна (1723–1735)"
калхан,калхан,public,предметный термин,1,0,1,Дарды и страна дардов в «Раджатарангини» Калханы
камалашить,камалашить,public,предметный термин,1,1,0,Зачем спорили хэшан Махаяна и Камалашила?
каменный,каменный,public,предметный термин,1,0,1,Семантика изображений птицы на каменных изваяниях степей Евразии
камень,камень,public,предметный термин,1,1,0,Предание в тексте и предание в камне: сюжет просветления Будды на рельефе Большой Ступы в Санчи
камень-трава,камень-трава,public,предметный термин,1,1,0,Камень-трава или плод из города Синтры: история одного индийского фитонима
канакавастый,канакавастый,public,предметный термин,1,0,1,"Изображение Канакавасты, архата из Кашмира: часть полиптиха или отдельная танка? (Танка из собрания Кабинета Ю.Н. Рериха, ИВ РАН, Москва)"
кангдзь,кангдзь,public,предметный термин,1,0,1,Кангдзей: «Подношения гневным божеcтвам»
канья,канья,public,предметный термин,1,1,0,«Возрожденные» ведийские ритуалы: яджна на Асси гхат и в школе девочек «Панини Канья Махавидьялая» в Варанаси
капилаваст,капилаваст,public,предметный термин,1,1,0,История Капилавасту в поэме Ашвагхоши «Саундарананда»
капля,капля,public,предметный термин,1,1,0,Четыре вида непосредственного восприятия в «Капле логики» Дхармакирти
кара-тепа,кара-тепа,public,предметный термин,1,0,1,От Индии до Кара-тепе: к типологии древнеиндийского эпиграфического текста
каргил,каргил,public,предметный термин,1,0,1,Нетибетская лексика в тибетских диалектах Балтистана и Каргила: попытка этимологической классификации
карибский,карибский,public,предметный термин,1,1,0,Карибский текст индийской диаспоры
карлик,карлик,public,предметный термин,1,0,1,"Образ карлика в иконографической программе индийского храма (Аджанта, Эллора, Аурангабад) V – X вв"
карне,карне,public,предметный термин,1,1,0,Тамильская пьеса о Карне
карта,карта,public,предметный термин,1,1,0,'Айодхья Махатмья'. Средневековый путеводитель по Айодхье и его топонимы на современной карте города
карточный,карточный,public,предметный термин,1,1,0,Вспомнить все: ганджифа и забытая карточная игра «Сидаста» из коллекции А.М. и Л.А. Мервартов
касаться,касаться,public,предметный термин,1,0,1,"Зеркало, конец иллюзии. Или как удовлетворить тайно влюбленную, касающуюся кувшинами грудей отражения возлюбленного. Учение об отражении в 3-й главе «Тантра-алоки» Абхинавагупты"
катама,катама,public,предметный термин,1,1,0,Эпос «Катама Раджу Катха» — основные особенности сюжета
катаюна,катаюна,public,предметный термин,1,1,0,Окна в иной мир: изобразительные тексты и линия жизни индийской художницы-парси Катаюн Саклат (1938- 2026): антропологический взгляд
катхаватх,катхаватх,public,предметный термин,1,0,1,Проблемы интерпретации концепции восьми опровержений в «Катхаватху»
катхак,катхак,public,предметный термин,1,1,0,"Сказители, музыканты и танцоры. К вопросу о происхождении и кастовой дхарме так называемых катхаков Раджастхана"
катхпутля,катхпутля,public,предметный термин,1,1,0,Катхпутли: народные марионетки Раджастхана
кауладхарма,кауладхарма,public,предметный термин,1,1,0,Кула и кауладхарма: центральная универсалия индуистского тантризма.
каулический,каулический,public,предметный термин,1,1,0,Обряд панчамакара в каулических тантрах
каутс,каутс,public,предметный термин,1,0,1,Еретики локаятики и ортодокс Каутса
кача,кача,public,предметный термин,1,0,1,Обет и культ jakkha-ja в Каче
качество,качество,public,предметный термин,1,0,1,Этимология (нирукта) в качестве герменевтической науки в кашмирском шиваизме
каша,каша,public,предметный термин,1,1,0,Ранние китайские версии биографии Будды: сюжет подношения рисовой каши
кашьяп,кашьяп,public,предметный термин,1,0,1,Сюжет «обращения братьев Кашьяпов» в «Сутре о благом явлении царевича»: неожиданные повороты
квадрат,квадрат,public,предметный термин,1,1,0,Kaṇita Caturam 108: тамильский числовой квадрат из храма Натараджи в Чидамбараме
квази-трансцендентальный,квази-трансцендентальный,public,предметный термин,1,1,0,Квази-трансцендентальные разоблачение объектных областей индрий в буддийской йоге
квалий,квалий,public,предметный термин,1,1,0,Проблема квалия в свете буддийской философии
квантитативный,квантитативный,public,предметный термин,1,1,0,Санскритские квантитативные стихотворные размеры: реконструкция чтения
квинтэссенция,квинтэссенция,public,предметный термин,1,1,0,Учение д-ра Маханамбраты Брахмачари как квинтэссенция идей бенгальского ренессанса и его влияние на Томаса Мертона
кетаки,кетаки,public,предметный термин,1,1,0,«Рассказ о рани Кетаки» Инш-алла Хана в контексте развития ранней прозы на хинди и урду
кешара,кешара,public,предметный термин,1,1,0,Фарс Шанкхадхары «Латакамелака» и ее рукопись из Библиотеки им. Кешара (Катманду)
киев,киев,public,предметный термин,1,0,1,(Киев). Композиционные особенности намтара «12 деяний Будды Шакьямуни» в тибетской традиции (тангки житийной серии музеев Украины)
киевский,киевский,public,предметный термин,1,0,1,Намтар Будды Шакьямуни в тибетской и китайской (пекинской) традициях (танки из коллекций Одесского и Киевского музеев Украины)
кинематографический,кинематографический,public,предметный термин,1,1,0,Кинематографический текст в современной индийской культуре
киннары,киннары,public,предметный термин,1,1,0,Киннары в скульптуре и литературе Индии
кино,кино,public,предметный термин,1,1,0,Современные интерпретации санскритской «Рамаяны» в кино
киплинг,киплинг,public,предметный термин,1,1,0,И. П. Минаев и Дж. Л. Киплинг: коллекции и письма
киратарджуния,киратарджуния,public,предметный термин,1,0,1,Ирония в пьесе Ватсараджи «Киратарджуния» (XII в.)
кишота,кишота,public,предметный термин,1,1,0,Новый роман Салмана Рушди «Кишот» и его индийская составляющая
классика,классика,public,предметный термин,1,1,0,О понятиях «канон» и «классика» в контексте древнеиндийской литературы
классификационный,классификационный,public,предметный термин,1,0,1,Классификационные списки (матики) в раннем буддизме
клише,клише,public,предметный термин,1,1,0,"Средневековая фольклорная формула и литературное клише: образ, мотив"
ключ,ключ,public,предметный термин,1,1,0,"Ранние священные тексты на соранг-сомпенг как ключ к истории создания культа «Матар Баном» у племени сора (южные мунда, Орисса)"
книжный,книжный,public,предметный термин,1,0,1,Список тамильских каст у Бартоломеуса Цигенбальга: книжная традиция vs историческая реальность
кнорозовый,кнорозовый,public,предметный термин,1,1,0,Вклад Ю.В. Кнорозова в исследование протоиндийских текстов. К 100-летию со дня рождения
когда,когда,public,предметный термин,1,0,1,Чанпинская битва 260 г. до н.э.: когда встречаются источники и археология
кодекс,кодекс,public,предметный термин,1,0,1,Текст в контексте: образ идеального сикхского правителя в кодексе Прем Сумараг в позднесредневековых панджабских реалиях
кодирование,кодирование,public,предметный термин,1,1,0,Грамматика Панини и механизм кодирования ведийского текста
кодировка,кодировка,public,предметный термин,1,1,0,Метод кодировки чисел в трудах индийского математика Арьябхаты
колесо,колесо,public,предметный термин,1,1,0,«Третий поворот колеса дхармы» и его первые брахманистские оппоненты
колкат,колкат,public,предметный термин,1,1,0,Локальные варианты Дурга Пуджи в Колкате
колорит,колорит,public,предметный термин,1,1,0,«Местный колорит» в литературной традиции Ориссы
колумбийский,колумбийский,public,предметный термин,1,0,1,"О письмах Ю.Н. Рериха из коллекции Д. Тарчина (Колумбийский университет, Нью-Йорк, США)"
комментаторский,комментаторский,public,предметный термин,1,0,1,К интерпретации термина намарупа в тхеравадинской комментаторской литературе
коммунизм,коммунизм,public,предметный термин,1,1,0,«Век Кроноса» и «Сатья-юга»: два вида «первобытного коммунизма» и античных теорий социогенеза
коммуникативный,коммуникативный,public,предметный термин,1,1,0,Коммуникативный дискурс трактата «Таттвасанграха»
коммуникация,коммуникация,public,предметный термин,1,1,0,Пословицы и поговорки Индии и России как аспект межкультурной коммуникации (проектная деятельность на уроках языка хинди)
компендиум,компендиум,public,предметный термин,1,1,0,Место «Компендиума Абхидхармы» Асанги в философии буддизма махаяны
компетенция,компетенция,public,предметный термин,1,0,1,Учение о цвете Ксенократа Сикионского и теория цвето-культурной компетенции чхави Древней Индии
композитный,композитный,public,предметный термин,1,1,0,"«… Есть некая рыба, которая чюдовидна имать»: возможные истоки и неочевидные связи одного композитного существа индийской миниатюры"
компонент,компонент,public,предметный термин,1,1,0,"Источники сознания, компоненты познавательного акта и учение о трех мирах в Абхидхарма-самуччае Асанги"
компромисс,компромисс,public,предметный термин,1,0,1,Непал: от конфессионального компромисса до секуляризма (Некоторые штрихи истории духовной культуры)
коннотативный,коннотативный,public,предметный термин,1,1,0,Коннотативные особенности йогической лексики Виджнянабхикшу (на примере комментария к 1.1 «Pātañjalayogaśāstram»)
конфессиональный,конфессиональный,public,предметный термин,1,0,1,Непал: от конфессионального компромисса до секуляризма (Некоторые штрихи истории духовной культуры)
конфессия,конфессия,public,предметный термин,1,1,0,О взаимоотношении религиозных конфессий в средневековом Тамилнаде
концептуальный,концептуальный,public,предметный термин,1,1,0,Инклюзивизм как концептуальное средство для изучения индийской культуры
концерт,концерт,public,предметный термин,1,1,0,Герасим Лебедев как этномузыколог: Лондонский концерт
концертный,концертный,public,предметный термин,1,1,0,Современные баулы: от деревни до концертного зала
конь,конь,public,предметный термин,1,1,0,Конь без всадника и дерево джамбу: к интерпретации рельефа на восточных воротах Большой Ступы в Санчи
координата,координата,public,предметный термин,1,0,1,Анаттавада «палийского Будды» в её философских и сотериологических координатах
копаный,копаный,public,предметный термин,1,1,0,Непальский монастырь Копан: встреча Востока и Запада
кора,кора,public,предметный термин,1,0,1,Отношения между государством Корё и Тибетом в эпоху Юань (конец XIII – начало XIV вв.)
корневой,корневой,public,предметный термин,1,1,0,Проблемы реконструкции системы йоги Патанджали на основе переводов «корневого» текста «Йога-сутр» и толкования Бходжи («Rājamārtaṇḍa»)
коровий,коровий,public,предметный термин,1,1,0,«Коровьи войны» (на материале скотоводческого эпоса народов Центральной Индии и Декана)
коровин,коровин,public,предметный термин,1,1,0,"В поисках современного подхода к прозе Премчанда.Коровина Евгения Владимировна, Ренковская Евгения Алексеевна (Москва). Экспедиция к памятникам протоиндийской цивилизации на территории Индии"
корпус,корпус,public,предметный термин,1,1,0,Параллельный санскритско-русский корпус
корреспондент,корреспондент,public,предметный термин,1,1,0,Индийские корреспонденты Е.Е. Обермиллера
косик,косик,public,предметный термин,1,0,1,Образ Рахулы в японских ритуальных текстах косики
космогонический,космогонический,public,предметный термин,1,1,0,О терминологии ‘воды’ в космогонических гимнах Ригведы
космологический,космологический,public,предметный термин,1,1,0,Сравнительный анализ космологических представлений на полях вишнуитской и джайнской «джняна чаупады» (игры знания) XVIII — XIX вв
костыль,костыль,public,предметный термин,1,1,0,«Костыль факира»: атрибуция и некоторые вопросы бытования
который,который,public,предметный термин,1,1,0,"«… Есть некая рыба, которая чюдовидна имать»: возможные истоки и неочевидные связи одного композитного существа индийской миниатюры"
кофейный,кофейный,public,предметный термин,1,1,0,Кофейная Одиссея Индии
крам,крам,public,предметный термин,1,1,0,Роль и значение школы крама в структуре философии кашмирского шиваизма
крамриш,крамриш,public,предметный термин,1,1,0,Интеллектуальная история модернизма: Стелла Крамриш и индийский авангард
красный,красный,public,предметный термин,1,0,1,Этимология и семантика цветообозначения «красный» в китайской культуре
креативный,креативный,public,предметный термин,1,1,0,"«Бенгальский стиль» в индийском танце: традиционное, креативное, политическое измерения В программе возможны изменения и дополнения Приглашаются все желающие"
крест,крест,public,предметный термин,1,1,0,«Гадья» Рамануджи: венец или крест исследователя философии вишишта-адвайты?
кридаяник,кридаяник,public,предметный термин,1,1,0,Концепция игры в индийской традиции (кридаяника в «Натьяшастре»)
критик,критик,public,предметный термин,1,1,0,Шанкара как критик категорий вайшешики
криттибас,криттибас,public,предметный термин,1,1,0,«Рамаяна» Криттибаса Оджхи в культуре Бенгалии XV-XVI веков
кришномохать,кришномохать,public,предметный термин,1,1,0,«Диалоги об индусской философии» Кришномохана Банерджи: история мысли в интерпретации индийского христианина
кровавый,кровавый,public,предметный термин,1,1,0,Интерпретация кровавых событий раздела Индии и Пакистана в романе Кхушванта Сингха «Поезд в Пакистан»
кровь,кровь,public,предметный термин,1,1,0,Родство по крови и родство по духу: М. К. Ганди о мотивах отказа Арджуны от сражения
кронос,кронос,public,предметный термин,1,1,0,«Век Кроноса» и «Сатья-юга»: два вида «первобытного коммунизма» и античных теорий социогенеза
ксавье,ксавье,public,предметный термин,1,1,0,Из миссионерской истории Индии: Франциск Ксавье
ксения,ксения,public,предметный термин,1,1,0,Златоликие образы Дипанкары Будды и традиция проведения фестиваля Самьяк маха дана в Патане. Шишова-Маретина Ксения Александровна (Санкт-Петербург). Архетип опасной женственности в индуизме
ксенократ,ксенократ,public,предметный термин,1,0,1,Учение о цвете Ксенократа Сикионского и теория цвето-культурной компетенции чхави Древней Индии
кувшин,кувшин,public,предметный термин,1,0,1,"Зеркало, конец иллюзии. Или как удовлетворить тайно влюбленную, касающуюся кувшинами грудей отражения возлюбленного. Учение об отражении в 3-й главе «Тантра-алоки» Абхинавагупты"
кукла,кукла,public,предметный термин,1,1,0,Антропология индийской куклы: контексты и ракурсы
куларнава-тантра,куларнава-тантра,public,предметный термин,1,1,0,Теоретические аспекты учения тантрической школы кула (согласно «Куларнава-тантре»)
культовый,культовый,public,предметный термин,1,0,1,Представления пуран о священном тексте как культовом предмете
культурологический,культурологический,public,предметный термин,1,0,1,«Культурологический поворот» в исследованиях Ю.Н. Рериха и Л.Н. Гумилёва
кумаонский,кумаонский,public,предметный термин,1,1,0,Кумаонский Голудев: локальный вариант индуизма
кумарь,кумарь,public,предметный термин,1,0,1,Некоторые аспекты культа живой богини Кумари в Непале
куньджитангхристав,куньджитангхристав,public,предметный термин,1,1,0,Загадка саммелана-янтры в «Куньджитангхриставе» Умапати Шивачарьи
купец,купец,public,предметный термин,1,1,0,«Они из секты Пифагора»: представления об индуизме трех итальянских купцов второй половины XVI в.
курейша,курейша,public,предметный термин,1,1,0,«Будда из пригорода» Ханифа Курейши: иммигрантский текст индо-британской литературы
курица,курица,public,предметный термин,1,1,0,"Яйцо, курица и Тримурти: миф о Шакти в фольклоре мадига"
куррикулум,куррикулум,public,предметный термин,1,1,0,"Литература хинди как предмет школьной программы в Индии: история куррикулума, ценности и цели обучения"
кусалаван,кусалаван,public,предметный термин,1,0,1,Тамильская баллада «Сказание о Кусалаване» (kucalavaṉ katai): особенности трактовки фрагмента «Рамаяны»
кутх,кутх,public,предметный термин,1,1,0,Южноиндийский театр теней «толпава кутху»: традиция и современность
кхандана-кханда-кхадьяа,кхандана-кханда-кхадьяа,public,предметный термин,1,1,0,Критика целей дефиниций (лакшана) в «Кхандана-кханда-кхадья» Шри Харши (на примере дефиниции восприятия)
кхмерский,кхмерский,public,предметный термин,1,0,1,Значение иконографии Будды Мучилинды в культуре и искусстве Кхмерской империи XII–XIII вв
кхубрам,кхубрам,public,предметный термин,1,0,1,Астрологические манускрипты на танкри из коллекции Кхубрама Кхушдиля (Химачал-Прадеш): особенности текстов и датировка
кхушванта,кхушванта,public,предметный термин,1,1,0,Интерпретация кровавых событий раздела Индии и Пакистана в романе Кхушванта Сингха «Поезд в Пакистан»
кхушдиля,кхушдиля,public,предметный термин,1,0,1,Астрологические манускрипты на танкри из коллекции Кхубрама Кхушдиля (Химачал-Прадеш): особенности текстов и датировка
кшатрий,кшатрий,public,предметный термин,1,0,1,К проблеме происхождения варны кшатриев: культ воинской элиты в индоарийской традиции (по данным археологии и петроглифики)
кыргыз,кыргыз,public,предметный термин,1,0,1,Кыргызы в Центральной Азии (9 век)
лаборатория,лаборатория,public,предметный термин,1,1,0,Саттрия: рождение нового индийского классического танца в Ассаме Лаборатория «Театрика» (Москва – С.-Петербург). Видеоматериал по традиции чхоу
лад,лад,public,предметный термин,1,1,0,Старая сказка на новый лад: Девдас в индийском кинематографе 21 века
ладья,ладья,public,предметный термин,1,1,0,О символике ладьи в «Ригведе»
лакшана,лакшана,public,предметный термин,1,1,0,Критика целей дефиниций (лакшана) в «Кхандана-кханда-кхадья» Шри Харши (на примере дефиниции восприятия)
лама,лама,public,предметный термин,1,0,1,Две тханки из собрания И.П. Минаева (МАЭ РАН) и традиция странствующих рассказчиков (лама манипа) в Гималайском регионе
лев,лев,public,предметный термин,1,1,0,"Садханы Харихарихаривахана-Авалокитешвары (Авалокитешвары, восседающего на Вишну, гаруде и льве) из тибетского буддийского канона C"
лейтмотив,лейтмотив,public,предметный термин,1,1,0,Прием лейтмотива в классической индийской поэзии
лексикализация,лексикализация,public,предметный термин,1,0,1,Лексикализация дезидератива в классическом санскрите
лексикограф,лексикограф,public,предметный термин,1,1,0,Переписка О.Н. Бетлингка по поводу Петербургских словарей и судьба лексикографа
ленинград,ленинград,public,предметный термин,1,1,0,Вера Александровна Новикова (1918-1972) и послевоенная бенгалистика в Ленинграде
ленца,ленца,public,предметный термин,1,1,0,Работа Р. Х. Ленца в западноевропейских хранилищах восточных рукописей
летний,летний,public,предметный термин,1,0,1,12-летний животный цикл. К вопросу об истоках
летописный,летописный,public,предметный термин,1,0,1,Летописный текст и феномен «изображение» в буддийской традиции Тибета
либеральный,либеральный,public,предметный термин,1,1,0,Дидактические шатаки в литературе телугу (К характеристике жанровых особенностей). 3. Т. Г .Скороходова (Пенза). Интерпретация традиционного индийского текста либеральными мыслителями Бенгальского Возрождения
лила,лила,public,предметный термин,1,1,0,«Сказание о Лиле» в «Йога- васиштхе»
лилавад,лилавад,public,предметный термин,1,1,0,Проблема зла и концепция лилавады в кашмирском шиваизме
лилавай,лилавай,public,предметный термин,1,1,0,Философ Нагарджуна – персонаж пракритского романа «Лилаваи»
лимб,лимб,public,предметный термин,1,1,0,Ритуалы жизненного цикла у народности лимбу
лингам,лингам,public,предметный термин,1,1,0,Особенности культа лингама в традиции вирашайвов
лингвист-тибетолог,лингвист-тибетолог,public,предметный термин,1,0,1,Ю.Н. Рерих — выдающийся лингвист-тибетолог
лингвокультурный,лингвокультурный,public,предметный термин,1,0,1,Особенности топонимов Западного края Китая（西域): лингвокультурный аспект
лингвофилософский,лингвофилософский,public,предметный термин,1,1,0,Лингвофилософское в «Пара-тримшика-виварана» Абхинавагупты
линия,линия,public,предметный термин,1,1,0,Окна в иной мир: изобразительные тексты и линия жизни индийской художницы-парси Катаюн Саклат (1938- 2026): антропологический взгляд
липский,липский,public,предметный термин,1,1,0,Этнографические сборы В.И. Липского на Цейлоне в начале XX в
лицедейство,лицедейство,public,предметный термин,1,1,0,"Одержимость, служение и лицедейство. Традиции Bhoota-kolam и Theyyam Тулунаду"
лицо,лицо,public,предметный термин,1,0,1,Фронтальное и трёхчетвертное изображение лица в западно-индийской миниатюре XII–XV вв
личность,личность,public,предметный термин,1,0,1,"Вопрос о соотношении субъекта-пудгалы, дискретности мышления-читты и устойчивости характеристик личности в тексте «Катхаваттху» (фрагмент 1.1.193-1.1.196)"
лишенный,лишенный,public,предметный термин,1,0,1,Почему Дигнага называет определение восприятия Васубандху асара (лишенным сути)? Медленное чтение «Прамана-самуччая-вритти» (
локализация,локализация,public,предметный термин,1,0,1,"Семь сокровищ чакравартина и их пространственная локализация (палийский канон, «Артхашастра»)"
локачарья,локачарья,public,предметный термин,1,1,0,Сотериологическая доктрина Шри-вайшнавизма в трактате Пиллея Локачарьи «Мумукшупади»
локаятик,локаятик,public,предметный термин,1,0,1,Еретики локаятики и ортодокс Каутса
локешвара,локешвара,public,предметный термин,1,1,0,Образ Локешвара в календарном обряде непальцев
лондонский,лондонский,public,предметный термин,1,1,0,Герасим Лебедев как этномузыколог: Лондонский концерт
лор,лор,public,предметный термин,1,1,0,Сказание о Ратнакалике (в составе поэмы «Лор и Чандрани»)
лука,лука,public,предметный термин,1,1,0,Бодхисаттва — стрелок из лука. Буддийский сюжет и его аналоги
лунный,лунный,public,предметный термин,1,1,0,Лунные созвездия (nakṣatras) и традиция имянаречения в Древней Индии H. Urbańska. Concept of maya in Darśana Mala of Narayana Guru
лхаса,лхаса,public,предметный термин,1,0,1,Буддийская миссия Н.К. Рериха в Лхасу
лхасскома,лхасскома,public,предметный термин,1,0,1,Ю.Н. Рерих о лхасском диалекте тибетского языка
любовный,любовный,public,предметный термин,1,0,1,Любовные и религиозные мотивы в средневековой тамильской поэме «Тирукковейар» Маниккавасахара
людмила,людмила,public,предметный термин,1,1,0,В деревне Ампития (Шри Ланка) через 100 лет после Людмилы Мерварт
маврикий,маврикий,public,предметный термин,1,1,0,Индийские языки и нарративы на Маврикии: Рама-катха и поэзия на бходжпури
магха,магха,public,предметный термин,1,1,0,Концепция аватар Вишну в поэме Магхи «Шишупалавадха»
мадаль,мадаль,public,предметный термин,1,0,1,Тема «мадаль» (обряд самоистязания) в тамильской поэзии
маджджхима-никай,маджджхима-никай,public,предметный термин,1,0,1,Рецепция Маджджхима-никаи в рукописях Э. Гуссерля
маджи,маджи,public,предметный термин,1,1,0,«Экологический» роман Махуа Маджи
мадиго,мадиго,public,предметный термин,1,1,0,"Яйцо, курица и Тримурти: миф о Шакти в фольклоре мадига"
мадхан-ка,мадхан-ка,public,предметный термин,1,1,0,«Мадхан-кам» – народная драма Северной Бенгалии (с демонстрацией видеоматериалов)
мадхупарка,мадхупарка,public,предметный термин,1,1,0,Мадхупарка при жертвоприношениях сомы в ритуале Атитхьешти (ātithyeṣṭi)
мадхьямак-сватантрик,мадхьямак-сватантрик,public,предметный термин,1,1,0,Теория познания в мадхьямаке-сватантрике (по трактату Бхававивеки «Мадхьямака-хридая»)
мадхьямака-хридая,мадхьямака-хридая,public,предметный термин,1,1,0,Теория познания в мадхьямаке-сватантрике (по трактату Бхававивеки «Мадхьямака-хридая»)
майтхилишарать,майтхилишарать,public,предметный термин,1,1,0,Восхождение Урмилы в поэме Майтхилишарана Гупты «Сакет»
майтхиль,майтхиль,public,предметный термин,1,1,0,Према Рамаяна и Шри Ситарама-чаритра-дарпана как примеры Рамаян XX века в контексте современной литературы на бходжпури и майтхили
майтхуна,майтхуна,public,предметный термин,1,0,1,"Майтхуна, слияние лотоса и ваджры, или о некоторых особенностях символического языка сандхья-бхаша буддизма ваджраяны"
майюрбхандж,майюрбхандж,public,предметный термин,1,1,0,"Серайкела, Майюрбхандж, Пурулиа: феномен чхау на плато Чхота Нагпур (Восточная Индия)"
маллик,маллик,public,предметный термин,1,0,1,Тибетская джатака о Маллике как исток образа бхавачакры
мангал,мангал,public,предметный термин,1,1,0,"Мангала: поэзия, ритуал или йогическая практика?"
мангал-шлока,мангал-шлока,public,предметный термин,1,1,0,«Унмада нирукта». «Безумная этимология»: об особенностях мистической герменевтики тантры (на примере интерпретации первой мангала-шлоки «Тантралоки»)
мангала-шлокаха,мангала-шлокаха,public,предметный термин,1,1,0,Интерпретация символов ‘ом’ и ‘сиддхам’ в мангала-шлоках санскритских рукописей
мангус,мангус,public,предметный термин,1,0,1,Об этимологии слова «мангус»
мандала-классификация,мандала-классификация,public,предметный термин,1,1,0,"Мандала-классификация нечестных трансакций в ответ на упрек (Ангуттара-никая. Аттаканипата, Ассаколанкасутта)"
мандалы,мандалы,public,предметный термин,1,0,1,Мандалы Ваджрачхедики в коллекции Одесского Музея Западного и Восточного Искусства
манданамишра,манданамишра,public,предметный термин,1,1,0,Концепция спхоты в «Спхотасиддхи» Манданамишры
мандапешвара,мандапешвара,public,предметный термин,1,1,0,"Скульптура Нритья Шивы из храма Мандапешвара в Мумбаи. Стиль, иконография, аналогии"
мандать,мандать,public,предметный термин,1,0,1,Двойная мандала в тибетском трактате «Вайдурья-карпо»
манджушринов,манджушринов,public,предметный термин,1,0,1,"«Во отдаленном краю границы пребывающий, исповедая веру манджушринову»: о буддийском дискурсе в калмыцкой политике императора Юнчжэна (1723–1735)"
манер,манер,public,предметный термин,1,0,1,О манерах театральной игры: категория вритти в «Натьяшастре»
маниккавасахар,маниккавасахар,public,предметный термин,1,0,1,Любовные и религиозные мотивы в средневековой тамильской поэме «Тирукковейар» Маниккавасахара
манимехаль,манимехаль,public,предметный термин,1,1,0,Чудесный сосуд Манимехалей: попытка интерпретации
манип,манип,public,предметный термин,1,0,1,Две тханки из собрания И.П. Минаева (МАЭ РАН) и традиция странствующих рассказчиков (лама манипа) в Гималайском регионе
манипур,манипур,public,предметный термин,1,1,0,"Манипури и Манипур: о танцах, искусстве и политике"
манипури,манипури,public,предметный термин,1,1,0,"Манипури и Манипур: о танцах, искусстве и политике"
манусмрити,манусмрити,public,предметный термин,1,0,1,"Соотношение «чистая земля» – «нечистая земля», «чистый народ – «нечистый народ» по материалам «Манусмрити» и «Артхашастры» Каутильи"
маппо,маппо,public,предметный термин,1,0,1,Теория преемственности Дхармы в доктрине «сангоку маппо» в японском буддизме
марионетка,марионетка,public,предметный термин,1,1,0,Катхпутли: народные марионетки Раджастхана
марко,марко,public,предметный термин,1,0,1,"Трактат Марко Паллиса, предостерегающий Тибет о последствиях Кали-юги (об атрибутировании и содержании тибетского ксилографа из Архива музея Рерихов (Филиал Государственного музея Востока))"
маруда,маруда,public,предметный термин,1,1,0,(Москва). Тема марудам в старой тамильской поэзии
марьяд,марьяд,public,предметный термин,1,1,0,Концепция «марьяда» в непальских надписях
масочный,масочный,public,предметный термин,1,1,0,Образ птицы в масочном театре сингалов (Шри Ланка)
массовый,массовый,public,предметный термин,1,0,1,Некоторые особенности текстов по вастувидье в пуранах и их интерпретация в современной массовой культуре
массон-урсель,массон-урсель,public,предметный термин,1,1,0,Индийская философия в свете компаративного подхода Поля Массон-Урселя
мастер,мастер,public,предметный термин,1,1,0,"У сингальских мастеров по дереву (Шри Ланка, осень 2014 г.)"
мастер-потуа,мастер-потуа,public,предметный термин,1,1,0,Искусство мастеров-потуа: новые сюжеты в традиционном исполнении
мастерство,мастерство,public,предметный термин,1,1,0,Рассказы о мастерстве в древнеиндийской городской литературе
матар,матар,public,предметный термин,1,1,0,"Ранние священные тексты на соранг-сомпенг как ключ к истории создания культа «Матар Баном» у племени сора (южные мунда, Орисса)"
математик,математик,public,предметный термин,1,1,0,Метод кодировки чисел в трудах индийского математика Арьябхаты
материалист,материалист,public,предметный термин,1,0,1,Был ли Панчашихка Материалистом?
матик,матик,public,предметный термин,1,0,1,Классификационные списки (матики) в раннем буддизме
матрик,матрик,public,предметный термин,1,1,0,Матрики вне буддийских текстов
матричета,матричета,public,предметный термин,1,0,1,Prasādapratibhodbhava (Śatapañcāśatka) Матричеты: тохарский перевод и комментарий
матсьяватар,матсьяватар,public,предметный термин,1,1,0,Сюжет о воплощении Вишну в фольклорном тексте телугу (Матсьяватарам)
маусалапарва,маусалапарва,public,предметный термин,1,1,0,Сюжет о побоище палицами в «Маусалапарве» и в «Джатаке о Гхата-пандите»
мах,мах,public,предметный термин,1,1,0,Златоликие образы Дипанкары Будды и традиция проведения фестиваля Самьяк маха дана в Патане. Шишова-Маретина Ксения Александровна (Санкт-Петербург). Архетип опасной женственности в индуизме
махавидьялый,махавидьялый,public,предметный термин,1,1,0,«Возрожденные» ведийские ритуалы: яджна на Асси гхат и в школе девочек «Панини Канья Махавидьялая» в Варанаси
махавирачарья,махавирачарья,public,предметный термин,1,0,1,Индийские нумерационные системы. По материалам трактата Махавирачарьи «Собрание основных положений науки о вычислениях» (сер. IX в.)
махаджанак,махаджанак,public,предметный термин,1,1,0,О сюжетах по джатаке Махаджанака в сингальской коллекции МАЭ
махакал,махакал,public,предметный термин,1,1,0,Древний тибетский сборник текстов по культам Махакалы и Вишну из рукописной коллекции ИВР РАН
махакашьяпа,махакашьяпа,public,предметный термин,1,1,0,Склонность к конфликтам в образе Махакашьяпы в буддийских канонических текстах
маханамбрат,маханамбрат,public,предметный термин,1,1,0,Учение д-ра Маханамбраты Брахмачари как квинтэссенция идей бенгальского ренессанса и его влияние на Томаса Мертона
маханирван-тантра,маханирван-тантра,public,предметный термин,1,1,0,Преображение богини Кали: точка зрения «Маханирвана-тантры»
махарадж,махарадж,public,предметный термин,1,1,0,"Особая священная игра» Гулабрао Махараджа как игровая модель индуистской сотериологии: космология, философия и бхакти"
махасангхик,махасангхик,public,предметный термин,1,0,1,Множественность будд и сотериология махасангхиков
махасангхик-локоттаравадин,махасангхик-локоттаравадин,public,предметный термин,1,0,1,К вопросу о самоназваниях школы махасангхиков-локоттаравадинов
махаянский,махаянский,public,предметный термин,1,0,1,Элементы игровой поэтики в махаянском описании ступеней бодхисаттвы в текстах «Большой Праджняпарамиты»
махендра,махендра,public,предметный термин,1,1,0,Образ Махендры/Махинды в записках китайских паломников
махинд,махинд,public,предметный термин,1,1,0,Образ Махендры/Махинды в записках китайских паломников
махишамардань,махишамардань,public,предметный термин,1,1,0,«К истолкованию мифа о Махишамардани» в научном наследии М.И. Тубянского
махишасурамардань,махишасурамардань,public,предметный термин,1,1,0,Миф о Махишасурамардани в Девибхагавата- и Калика-пуранах
махишасурамардинить,махишасурамардинить,public,предметный термин,1,1,0,Махишасурамардини и девы-воительницы
махотсававидхи,махотсававидхи,public,предметный термин,1,1,0,Формирование иконографии и ритуала бхактотсава в тамильском шайва-бхакти (от «Тируттондаттохей» Сундарара до «Махотсававидхи» Агхорашивы)
махуа,махуа,public,предметный термин,1,1,0,«Экологический» роман Махуа Маджи
маччхендранатх,маччхендранатх,public,предметный термин,1,1,0,Непальский Маччхендранатх: ритуально-мифологический контекст
мбх,мбх,public,предметный термин,1,1,0,Эпическая санкхья в беседе царя Джанаки и отшельницы Сулабхи (МБХ 12.308)
медиапространство,медиапространство,public,предметный термин,1,1,0,Неприzнанный zнак: вопрос о модернизации бенгальского алфавита в современном медиапространстве
медиация,медиация,public,предметный термин,1,1,0,Брак с божеством как форма медиации в неварском обществе
медицина,медицина,public,предметный термин,1,1,0,Джьотиша и Аюрведа: астрологическая семантика в классической индийской медицине
медицинский,медицинский,public,предметный термин,1,1,0,Об астрологической герменевтике в медицинских текстах (Аюрведа)
медленный,медленный,public,предметный термин,1,0,1,Почему Дигнага называет определение восприятия Васубандху асара (лишенным сути)? Медленное чтение «Прамана-самуччая-вритти» (
медный,медный,public,предметный термин,1,1,0,Надписи на медных предметах протоиндийской письменностью
межкастовый,межкастовый,public,предметный термин,1,0,1,Изменение межкастовых взаимоотношений в домусульманском Кашмире
межкультурный,межкультурный,public,предметный термин,1,1,0,Пословицы и поговорки Индии и России как аспект межкультурной коммуникации (проектная деятельность на уроках языка хинди)
мел,мел,public,предметный термин,1,1,0,"""Бхагавата мела натакам"": театр и ритуал в деревне Мелаттур (Тамилнад)"
мелаттур,мелаттур,public,предметный термин,1,1,0,"""Бхагавата мела натакам"": театр и ритуал в деревне Мелаттур (Тамилнад)"
мемориальный,мемориальный,public,предметный термин,1,0,1,Всадник Шамбалы (танка из собрания Мемориального кабинета Ю.Н. Рериха ИВ РАН)
ментальный,ментальный,public,предметный термин,1,1,0,Наука абхидхармы в буддийской ментальной традиции средневековой Индии
мера,мера,public,предметный термин,1,0,1,"Обозначение пространства, мер и чисел в трактатах по строительству из пуран"
мертвый,мертвый,public,предметный термин,1,1,0,Плач матери Будды по мертвому сыну: об одном эпизоде из легенды о просветлении
мертон,мертон,public,предметный термин,1,1,0,Учение д-ра Маханамбраты Брахмачари как квинтэссенция идей бенгальского ренессанса и его влияние на Томаса Мертона
меряться,меряться,public,предметный термин,1,1,0,Как Кришна с Горакхой силой мерялись: Столкновение разных мистических течений в творчестве Малика Мухаммада Джаяси
месопотамский,месопотамский,public,предметный термин,1,1,0,О возможности генетической связи между индийским и месопотамским мифами о потопе
местный,местный,public,предметный термин,1,1,0,«Местный колорит» в литературной традиции Ориссы
местопребывание,местопребывание,public,предметный термин,1,0,1,"Поталака – местопребывание Авалокитешвары и один из его образов в тибетской традиции. (Танка из собрания Кабинета Ю.Н. Рериха, ИВ РАН, Москва)"
метафизика,метафизика,public,предметный термин,1,1,0,"Метафизика, мифология, повседневная жизнь: гендерный ракурс южноиндийской традиции"
метафония,метафония,public,предметный термин,1,0,1,Пути песенных текстов – переводы и примеры метафонии
метафорический,метафорический,public,предметный термин,1,0,1,Метафорический дискурс «Бхаванакрамы» Камалашилы
метеорологический,метеорологический,public,предметный термин,1,1,0,Разрази его гром! Метеорологические явления в песенном фольклоре на диалектах хинди Центральной Индии
методика,методика,public,предметный термин,1,1,0,"Диалектологическое исследование языка куллуи (< химачали): задачи, методика, результаты"
метта,метта,public,предметный термин,1,0,1,Metta–Karaṇīya – Любовь как этический императив в раннебуддийской сотериологии на материале Метта сутты и Тевиджджа сутты Палийского канона
меч-посох,меч-посох,public,предметный термин,1,1,0,Меч-посох из собрания МАЭ
миларепа,миларепа,public,предметный термин,1,0,1,Дидактика и символика в тибетской литературе (на примере «Песни о роге яка» из собрания «сто тысяч песен Миларепы»)
мимансак,мимансак,public,предметный термин,1,1,0,Полемика с мимансаками об атмане в «Таттвасанграхе» Шантаракшиты
мимансакапарикальпита-атма-парикша,мимансакапарикальпита-атма-парикша,public,предметный термин,1,0,1,К вопросу о русском переводе «Мимансакапарикальпита-атма-парикши» «Таттва-санграхи» Шантаракшиты с комментарием Камалашилы «Панджика»
мини-бхагавадгит,мини-бхагавадгит,public,предметный термин,1,1,0,«Мини-Бхагавадгита» в четвертой «книге» «Рамаяны» Вальмики
мирза,мирза,public,предметный термин,1,0,1,Актуализация информативной основы средневекового текста Центральной Азии в современном мире (на примере «Тарих-и Рашиди» Мирзы Хайдара Дуглата»)
миродержец,миродержец,public,предметный термин,1,0,1,"Вратьи и чакравартины: образ Миродержца в Древней Индии в палийских, санскритских и ведийских источниках"
миссионер,миссионер,public,предметный термин,1,1,0,О первых христианских миссионерах в Индии
мистереть,мистереть,public,предметный термин,1,1,0,Община парсов в мультикультурном Бомбее (по произведениям Рохинтона Мистри)
мистерия,мистерия,public,предметный термин,1,0,1,Танец суфийских дервишейволчков ритуала «сама» и сакральный «танец вихря» (fr. dance vertige) «Мистерии» А.Н. Скрябина
мистика,мистика,public,предметный термин,1,1,0,Современные баулы: мистики или артисты
митро,митро,public,предметный термин,1,1,0,Воссоздавая историю древней Индии: исследовательский опыт Раджендролала Митро
мифо-ритуальный,мифо-ритуальный,public,предметный термин,1,1,0,"Павакутху Кералы: артисты и основные сюжеты, мифо-ритуальные истоки исполнительских традиций"
мифологема,мифологема,public,предметный термин,1,0,1,Становление культа Рудры-Шивы по древнеиндийским священным текстам традиции шрути: от мифологемы к философскому принципу
мишра,мишра,public,предметный термин,1,1,0,Сюжет «Повести о Насикете» Садала Мишры в контексте истории прозы хинди
младенец,младенец,public,предметный термин,1,0,1,Образ Деви с младенцем Шивой в контексте развития иконографии Богини-Матери в скульптуре Бенгалии
многомировой,многомировой,public,предметный термин,1,1,0,Что мы пьём? (анализ питья с позиций тибетской мадхьямаки и «многомировой» концепции Эверетта-Менского)
многоязычный,многоязычный,public,предметный термин,1,0,1,Письмо в культуре от Бактрии до Индии по материалам многоязычных надписей 3 в. до н. э. – 5 в. н. э. (К проблеме социоскрипторики)
множественность,множественность,public,предметный термин,1,0,1,Множественность будд и сотериология махасангхиков
множество,множество,public,предметный термин,1,1,0,Множество жизней поэмы Тулси Даса (некоторые аспекты современного бытования «Рамачаритаманасы»)
модальный,модальный,public,предметный термин,1,1,0,Форма смыслового глагола в модальных конструкциях возможности/способности в хинди
модернизация,модернизация,public,предметный термин,1,1,0,Неприzнанный zнак: вопрос о модернизации бенгальского алфавита в современном медиапространстве
модификация,модификация,public,предметный термин,1,0,1,Композиция «Апастамба-шраутасутры»: базовые ритуалы (prakṛti) и их модификации (vikṛti)
можно,можно,public,предметный термин,1,1,0,Можно ли считать мадхьямаку нигилизмом?
мой,мой,public,предметный термин,1,1,0,«Моя мать и твоя мать – какая родня?» Об обозначениях братьев и сестер и возможностях прадравидийской реконструкции
мокша,мокша,public,предметный термин,1,1,0,Мокша в Бхагавата-пуране
молоко,молоко,public,предметный термин,1,1,0,«Сахар в молоке»: Ауто-представления об «индийском» и «персидском» в современной религиозной культуре парсов
монах-дигамбар,монах-дигамбар,public,предметный термин,1,0,1,Почему у монаха-дигамбара рог на голове? Попытка интерпретации одной строфы из философского диспута в прахасане «Латакамелака»
монахиня,монахиня,public,предметный термин,1,0,1,"Сравнительный анализ описаний буддийских монахинь в тибетской, китайской и японской агиографической литературе"
монашеский,монашеский,public,предметный термин,1,1,0,Социовозрастная инициация и монашеское посвящение в неварском буддизме
монголо-тибетский,монголо-тибетский,public,предметный термин,1,0,1,Магические средства ведения войны на монголо-тибетском фронте
монистический,монистический,public,предметный термин,1,1,0,Монистический теизм (адвайта-ишваравада) Абхинавагупты в сопоставлении с ишваравадой адвайты Шанкары на материале их комментариев к «Бхагавадгите».
монография,монография,public,предметный термин,1,0,1,Ю.Н. Рерих: монография «Тибетская живопись»
монумент,монумент,public,предметный термин,1,0,1,"Загадка эдуки – монумента опрокинутого мира (эпиграфика, эпос, пураны)"
моравский,моравский,public,предметный термин,1,1,0,Моравская миссия в Ладакхе. «Тибетское» христианство и вклад моравских братьев в развитие языка ладакхи
морализаторство,морализаторство,public,предметный термин,1,1,0,Морализаторство как феномен мысли и культуры Бенгальского Возрождения
морфология,морфология,public,предметный термин,1,0,1,Морфология деревянной храмовой архитектуры Химачал-Прадеша (Индия)
мост,мост,public,предметный термин,1,1,0,Сат-чит-ананда как мост между христианством и индуизмом
мотив-ситуация,мотив-ситуация,public,предметный термин,1,1,0,Типовой мотив-ситуация в Махабхарате
мотивационный,мотивационный,public,предметный термин,1,0,1,Мотивационные доминанты как «система ожидания» в санскритском и палийском повествовании
мотивация,мотивация,public,предметный термин,1,0,1,Модели мотивации понятий «муж» и «жена» в дравидийских языках
мотивировка,мотивировка,public,предметный термин,1,0,1,Смена мотивировок в средневековом тексте: две «Рамаяны»
мотивный,мотивный,public,предметный термин,1,0,1,Мотивный анализ сюжета «Джатаки о павлине» Харибхатты (IV–V вв. н.э.)
мстительница,мстительница,public,предметный термин,1,1,0,От демоницы к мстительнице: Переосмысление образа ведьмы в современном индийском кинематографе
мудиетта,мудиетта,public,предметный термин,1,1,0,"Падаяни, мудиетту, тиятту: ритуальные исполнительские традиции центральной Кералы"
мужской,мужской,public,предметный термин,1,1,0,Эротика в Ригведе: мужское и женское начало
музыка,музыка,public,предметный термин,1,0,1,Дивьядхвани и девадундубхи – иконографические мотивы божественной музыки в джайнской скульптуре Эллоры
музыкант,музыкант,public,предметный термин,1,1,0,"Сказители, музыканты и танцоры. К вопросу о происхождении и кастовой дхарме так называемых катхаков Раджастхана"
муктавалихеваджрапаньджик,муктавалихеваджрапаньджик,public,предметный термин,1,1,0,Samarasa и svasamvedya в абхишека-патале Хеваджра-тантры согласно Муктавалихеваджрапаньджике Ратнакарашанти
мукть,мукть,public,предметный термин,1,1,0,Формула «бхукти — мукти» и сотериологический антиномизм индуистской тантры
муллейппатт,муллейппатт,public,предметный термин,1,0,1,Две поэмы на тему разлуки из тамильского сборника Паттуппатту: Муллейппатту и Недунальвадей. Опыт сравнения
мультилингвизм,мультилингвизм,public,предметный термин,1,0,1,К вопросу о могольском изобразительном «мультилингвизме» и культурной экстравертности
мумбай,мумбай,public,предметный термин,1,1,0,"Скульптура Нритья Шивы из храма Мандапешвара в Мумбаи. Стиль, иконография, аналогии"
мумукшупасть,мумукшупасть,public,предметный термин,1,1,0,Сотериологическая доктрина Шри-вайшнавизма в трактате Пиллея Локачарьи «Мумукшупади»
мучилинда,мучилинда,public,предметный термин,1,0,1,Значение иконографии Будды Мучилинды в культуре и искусстве Кхмерской империи XII–XIII вв
мысленный,мысленный,public,предметный термин,1,1,0,«Мысленный эксперимент» Васубандху
мышкин,мышкин,public,предметный термин,1,1,0,"«Глупец», «Незнакомец», «Человек-эпоха»: три ипостаси князя Мышкина в индийском кинематографе"
мышление,мышление,public,предметный термин,1,1,0,Парадигмальное мышление брахманов. Связь философских универсалий и варно-кастовой системы в Индии
мышление-читта,мышление-читта,public,предметный термин,1,0,1,"Вопрос о соотношении субъекта-пудгалы, дискретности мышления-читты и устойчивости характеристик личности в тексте «Катхаваттху» (фрагмент 1.1.193-1.1.196)"
мэр,мэр,public,предметный термин,1,0,1,К вопросу о символике горы Мэру
наблюдатель,наблюдатель,public,предметный термин,1,1,0,Cittamātra и проблема наблюдателя в Madhyānta-vibhāga
набхадас,набхадас,public,предметный термин,1,1,0,Чайтанья и его учение в североиндийской литературе XVII в. (на примере «Бхактамалы» Госвами Набхадаса)
наг,наг,public,предметный термин,1,1,0,Текст по культу Ваджрапани и восьми царей нагов в свитке XIII века Дх-178 из собрания ИВР РАН
нагесать,нагесать,public,предметный термин,1,1,0,О «новых» теориях действия в грамматических трудах Нагеши Бхатты
нагоджибхатта,нагоджибхатта,public,предметный термин,1,1,0,«Бахиранга-парибхаша»: последнее слово за Нагоджибхаттой или Бронкхорстом?
нагой,нагой,public,предметный термин,1,0,1,Наги как персонажи непальских легенд
нагпур,нагпур,public,предметный термин,1,1,0,"Серайкела, Майюрбхандж, Пурулиа: феномен чхау на плато Чхота Нагпур (Восточная Индия)"
надельный,надельный,public,предметный термин,1,1,0,Почему Брахман наделен природой звука (шабда-таттва)?
наджиня,наджиня,public,предметный термин,1,0,1,О некоторых принципах тамильской поэтики по антологии «Наджиней»
надзиратель,надзиратель,public,предметный термин,1,1,0,Глава о надзирателе за архивом в «Артхашастре» Каутильи в контексте информации надписей времени Гуптов
назначение,назначение,public,предметный термин,1,0,1,Тибето-китайские параллели в наименованиях и титулах регентов на примере текста декрета Далай-ламы V о назначении Сангье Гьяцо дэсридом (1679 г.)
наименование,наименование,public,предметный термин,1,0,1,Тибето-китайские параллели в наименованиях и титулах регентов на примере текста декрета Далай-ламы V о назначении Сангье Гьяцо дэсридом (1679 г.)
наишкармие-сиддх,наишкармие-сиддх,public,предметный термин,1,1,0,«Наишкармья-сиддхи» (I. 52) Сурешвары как структура для реконструкции учения Шанкары об освобождении
найшкармие-сиддх,найшкармие-сиддх,public,предметный термин,1,1,0,Стадии пути к освобождению по «Найшкармья-сиддхи» (I.52) Сурешвары
нак,нак,public,предметный термин,1,1,0,Неприzнанный zнак: вопрос о модернизации бенгальского алфавита в современном медиапространстве
наказание,наказание,public,предметный термин,1,0,1,Покаяние (prāyaścitta) и наказание (daṇḍa) в дхармасутрах
нале,нале,public,предметный термин,1,1,0,Несколько штрихов к «Сказанию о Нале»
наложница,наложница,public,предметный термин,1,0,1,Царские наложницы в санскритских и античных источниках
намаруп,намаруп,public,предметный термин,1,0,1,К интерпретации термина намарупа в тхеравадинской комментаторской литературе
намбудиря,намбудиря,public,предметный термин,1,1,0,Брахманы намбудири: некоторые особенности традиции передачи ведийских текстов
намшак,намшак,public,предметный термин,1,1,0,Тантрические парадигмы в игровых системах Востока: сравнительный анализ “Джняна чаупады” и “Салам намшак” сквозь призму индуистской и буддийской тантры
нанака,нанака,public,предметный термин,1,1,0,«Барахмах» Нанака и дискуссия о реформе сикхского календаря
нандикешваракашик,нандикешваракашик,public,предметный термин,1,1,0,Проблемы датировки «Нандикешваракашики»
написание,написание,public,предметный термин,1,0,1,Возможности понимания и написания термина «санскрит»
наполнение,наполнение,public,предметный термин,1,1,0,"Начальный сюжет в житийной литературе раннего буддизма, его вариативность и смысловое наполнение"
направление,направление,public,предметный термин,1,0,1,Исследования древнеиндийских текстов как ключевое направление в ранней японской буддологии
нарад,нарад,public,предметный термин,1,0,1,Миф о Нараде из пуран: проблема интерпретации понятия майя в древнеиндийской текстовой традиции
наречие,наречие,public,предметный термин,1,1,0,Санскритские наречия в трудах бенгальских грамматистов (Дживы Госвамина и Баларамы Панчананы)
народно-разговорный,народно-разговорный,public,предметный термин,1,1,0,Народно-разговорная речь и приемы ее стилизации в поэзии североиндийского бхакти
народность,народность,public,предметный термин,1,1,0,Ритуалы жизненного цикла у народности лимбу
нартанга,нартанга,public,предметный термин,1,1,0,Текущие переводческие проекты Фонда «Сохраним Тибет!» и изд-ва «Нартанг»
насикета,насикета,public,предметный термин,1,1,0,Сюжет «Повести о Насикете» Садала Мишры в контексте истории прозы хинди
наставник-покровитель,наставник-покровитель,public,предметный термин,1,0,1,Тибетский институт чой-йон (наставник-покровитель) в китайских источниках 17–18 вв
настольный,настольный,public,предметный термин,1,0,1,Образ мира в индийской настольной игре jñãna-caupãr
нать,нать,public,предметный термин,1,1,0,Неприzнанный zнак: вопрос о модернизации бенгальского алфавита в современном медиапространстве
научно-издательский,научно-издательский,public,предметный термин,1,1,0,А.А. Сталь-Гольштейн как участник научно-издательской серии «Bibliotheca Buddhica»
научно-фантастический,научно-фантастический,public,предметный термин,1,1,0,Научно-фантастические рассказы Хумаюна Ахмеда
национальный,национальный,public,предметный термин,1,0,1,Некоторые историко-культурные аспекты символики национального флага Непала (V – XXI вв.)
начальный,начальный,public,предметный термин,1,1,0,"Начальный сюжет в житийной литературе раннего буддизма, его вариативность и смысловое наполнение"
начать,начать,public,предметный термин,1,0,1,Танцовщица и покровитель: начни и расик восточных областей Индии. Контексты взаимоотношений
наш,наш,public,предметный термин,1,0,1,Тибетский идиом области Амдо в наши дни: между диалектом и языком
наяву,наяву,public,предметный термин,1,1,0,Речь во сне и грезы наяву в классической санскритской драме
наянар,наянар,public,предметный термин,1,1,0,"Поэтическое представление о духовном и мирском благе в гимнах наянаров (сборник ""Деварам"")"
не-волшебный,не-волшебный,public,предметный термин,1,1,0,О не-волшебной помощнице в сказках парья: вариант фольклорного мотива
неатрибутировать,неатрибутировать,public,предметный термин,1,1,0,Неатрибутированный санскритский фрагмент SI 3480 из Сериндийского фонда ИВР РАН
небо,небо,public,предметный термин,1,0,1,Власть как дар Неба
неваров,неваров,public,предметный термин,1,1,0,Ритуальные предметы и украшения в контексте обрядов жизненного цикла неваров
невеста,невеста,public,предметный термин,1,0,1,Выкуп невесты (śulka) в Древней Индии: шастрическая и эпическая традиции
невидимый,невидимый,public,предметный термин,1,0,1,«Видимый» и «невидимый» мир в теоретико-культурном дискурсе Древней Индии
недосказанность,недосказанность,public,предметный термин,1,0,1,Недосказанность/прерванность речи в классической санскритской драме
недосказать,недосказать,public,предметный термин,1,0,1,Феномен недосказанной речи ардхокти в санскритской драме
недунальвадь,недунальвадь,public,предметный термин,1,0,1,Две поэмы на тему разлуки из тамильского сборника Паттуппатту: Муллейппатту и Недунальвадей. Опыт сравнения
незапятнанный,незапятнанный,public,предметный термин,1,1,0,"«Мудрость незапятнанная, окруженная свитой...». О структуре определения термина «abhidharma» в «Абхидхармакошабхашье» Васубандху"
незнакомец,незнакомец,public,предметный термин,1,1,0,"«Глупец», «Незнакомец», «Человек-эпоха»: три ипостаси князя Мышкина в индийском кинематографе"
неиссякаемый,неиссякаемый,public,предметный термин,1,1,0,Хити/дхара — «неиссякаемый источник»: Иконография и функции (по материалам Непала)
нейдаль,нейдаль,public,предметный термин,1,1,0,Еще раз к вопросу о теме нейдаль в тамильской поэзии
некий,некий,public,предметный термин,1,1,0,"«… Есть некая рыба, которая чюдовидна имать»: возможные истоки и неочевидные связи одного композитного существа индийской миниатюры"
неклассический,неклассический,public,предметный термин,1,1,0,Прамана-вада «Таттва-сандарбхи» Дживы Госвами в оптике неклассической эпистемологии науки
немногие,немногие,public,предметный термин,1,0,1,Немногие сведения о Нилакантхадикшитеграмматисте
немного,немного,public,предметный термин,1,1,0,Айодхья через 20 лет после конфликта: о современных проявлениях индуистского фундаментализма (наблюдения и немного размышлений)
неодолимый,неодолимый,public,предметный термин,1,1,0,"«О Неодолимая Богиня, поклонение да будет тебе!» (О ритуальной части Калика-пураны)"
неожиданный,неожиданный,public,предметный термин,1,0,1,Сюжет «обращения братьев Кашьяпов» в «Сутре о благом явлении царевича»: неожиданные повороты
неопознанный,неопознанный,public,предметный термин,1,1,0,Неопознанные индоевропейские мотивы в санскритском эпосе
неортодоксальный,неортодоксальный,public,предметный термин,1,1,0,М. К. Ганди — неортодоксальный „ортодокс“
неочевидный,неочевидный,public,предметный термин,1,1,0,"«… Есть некая рыба, которая чюдовидна имать»: возможные истоки и неочевидные связи одного композитного существа индийской миниатюры"
непереть,непереть,public,предметный термин,1,1,0,Неприzнанный zнак: вопрос о модернизации бенгальского алфавита в современном медиапространстве
непосредственность,непосредственность,public,предметный термин,1,1,0,В чем непосредственность непосредственного восприятия в буддийской эпистемологии?
непреходящий,непреходящий,public,предметный термин,1,1,0,Индийские памятники героям в сравнительном освещении (К вопросу о материальном соответствии поэтической формуле «непреходящая слава»)
непрямой,непрямой,public,предметный термин,1,1,0,Словесные фигуры и принцип «непрямого высказывания» (вакрокти) в средневековой поэтике
нетибетский,нетибетский,public,предметный термин,1,0,1,Нетибетская лексика в тибетских диалектах Балтистана и Каргила: попытка этимологической классификации
нетоновый,нетоновый,public,предметный термин,1,0,1,Диалект амдо – нетоновый диалект тибетского языка
нечестный,нечестный,public,предметный термин,1,1,0,"Мандала-классификация нечестных трансакций в ответ на упрек (Ангуттара-никая. Аттаканипата, Ассаколанкасутта)"
нечистый,нечистый,public,предметный термин,1,0,1,"Соотношение «чистая земля» – «нечистая земля», «чистый народ – «нечистый народ» по материалам «Манусмрити» и «Артхашастры» Каутильи"
неявный,неявный,public,предметный термин,1,0,1,«Ратнавали» Нагарджуны и «Дашабхумика-сутра»: явные и неявные связи
неясный,неясный,public,предметный термин,1,0,1,Обращение к буддийским сутрам «неясного» происхождения при императорском дворе в Японии в VIII в
нигилизм,нигилизм,public,предметный термин,1,1,0,Можно ли считать мадхьямаку нигилизмом?
нидать,нидать,public,предметный термин,1,1,0,Структура ниданы из «Панчавимшатика-праджняпарамиты» в аспекте ритуальной практики
низкий,низкий,public,предметный термин,1,1,0,Об особенностях самосознания представителей «низких каст» в современных условиях
нилакантхадикшитеграмматист,нилакантхадикшитеграмматист,public,предметный термин,1,0,1,Немногие сведения о Нилакантхадикшитеграмматисте
нилакантхи,нилакантхи,public,предметный термин,1,1,0,Высмеивание пороков врачей в санскритской литературе (на примере «Кали-видамбханам» Нилакантхи Дикшиты)
нисходящий,нисходящий,public,предметный термин,1,1,0,"Отражение концепции ""нисходящего времени"" (descending time) в Катха Упанишаде"
нисхождение,нисхождение,public,предметный термин,1,1,0,"""Нисхождение в образе рыбы"": сказание фольклорной традиции пастухов-голла"
нитирэна,нитирэна,public,предметный термин,1,0,1,Угроза монгольских вторжений в Японию глазами Нитирэна
ниша,ниша,public,предметный термин,1,1,0,"""Башни с нишами"" в индуизме. Об одном типе храмовых шикхар в архитектуре Чалукьев"
нобиль,нобиль,public,предметный термин,1,1,0,Из миссионерской истории Индии: Роберто де Нобили
новиков,новиков,public,предметный термин,1,1,0,Вера Александровна Новикова (1918-1972) и послевоенная бенгалистика в Ленинграде
новозаветный,новозаветный,public,предметный термин,1,0,1,Об одной возможной буддийской параллели к новозаветному пассажу МФ
норма,норма,public,предметный термин,1,1,0,Женские образы древнеиндийского эпоса и позднейшего фольклора на фоне норм дхармашастры
нормативный,нормативный,public,предметный термин,1,1,0,Найти нормативную этику в традиционных текстах: сверхзадача и её решение мыслителями Бенгальского Возрождения.
ночь,ночь,public,предметный термин,1,0,1,Путешествие «Тысячи и одной ночи» в Ирландию
нритие,нритие,public,предметный термин,1,1,0,"Скульптура Нритья Шивы из храма Мандапешвара в Мумбаи. Стиль, иконография, аналогии"
нуль,нуль,public,предметный термин,1,0,1,Об индийских названиях нуля
нумерационный,нумерационный,public,предметный термин,1,0,1,Индийские нумерационные системы. По материалам трактата Махавирачарьи «Собрание основных положений науки о вычислениях» (сер. IX в.)
нумизматика,нумизматика,public,предметный термин,1,0,1,"Кушанская этимология, поздние бактро-скифские царства и интересные элементы индо-парфянской нумизматики"
ныряльщик,ныряльщик,public,предметный термин,1,1,0,Отряхивающийся ныряльщик: о специфическом фольклорном мотиве в эпических и пуранических версиях «Сказания о Вепре» (Varāha-kathā)
ньигма,ньигма,public,предметный термин,1,0,1,Рай Амитабхи в традиции школы ньигма
ньий-бхаший,ньий-бхаший,public,предметный термин,1,1,0,"Содержательное обоснование порядка в перечне прамей (Ньяя-сутра, Ньяя-бхашья)"
нью-йорк,нью-йорк,public,предметный термин,1,0,1,"О письмах Ю.Н. Рериха из коллекции Д. Тарчина (Колумбийский университет, Нью-Йорк, США)"
ньяя-вайшешик,ньяя-вайшешик,public,предметный термин,1,0,1,Полемика о субъекте между буддистами и ньяя-вайшешиками в «Таттвасанграхе» Шантаракшиты
ньяя-сутра,ньяя-сутра,public,предметный термин,1,1,0,"Содержательное обоснование порядка в перечне прамей (Ньяя-сутра, Ньяя-бхашья)"
обермиллер,обермиллер,public,предметный термин,1,1,0,Индийские корреспонденты Е.Е. Обермиллера
обет,обет,public,предметный термин,1,0,1,Обет и культ jakkha-ja в Каче
обитатель,обитатель,public,предметный термин,1,1,0,Ад и его обитатели
обладать,обладать,public,предметный термин,1,0,1,Несколько слов о «я» и Адвайте в свете узнавания себя как предельного обладающего в толкованиях Абхинавагупты на «Ишварапратьябхиджня-карике» Утпаладевы
обнаружение,обнаружение,public,предметный термин,1,1,0,Очаги обнаружения санскритских рукописей на территории Тибета
обработка,обработка,public,предметный термин,1,0,1,К вопросу об обработке первоисточника в литературной санскритской джатаке
образность,образность,public,предметный термин,1,0,1,Антропоморфная образность «игры знания»: телесная метафора и метафора путешествия
образный,образный,public,предметный термин,1,1,0,Образная система в отшельнической поэзии раннего буддизма
образование,образование,public,предметный термин,1,1,0,Абхисамаяланкара как предмет буддийского образования
образцовый,образцовый,public,предметный термин,1,0,1,"Традиционные индийские классификации: образцовые, удобные, проблематичные"
обратно,обратно,public,предметный термин,1,1,0,От эпического предания до буддийского сказания и обратно: история Шьямы
обретение,обретение,public,предметный термин,1,0,1,«Парамаартхасара» Абхинавагупты: руководство по обретению «сингулярности» или свидетельство о невозможности бытия Бога (Бытия/Бога)
обрядность,обрядность,public,предметный термин,1,1,0,Особенности календарной обрядности у раджпутов C
обрядовый,обрядовый,public,предметный термин,1,1,0,Духи умерших в представлениях и обрядовой жизни веддов Шри Ланки
обстоятельство,обстоятельство,public,предметный термин,1,1,0,Путешествие И. П. Минаева в Непал: обстоятельства и результаты
обсценный,обсценный,public,предметный термин,1,0,1,Обсценная брань и её следы в РВ
общий,общий,public,предметный термин,1,1,0,Дворец небесный и дворец земной: две схожие главы «Лалитавистары» и их функциональная роль в общей композиции текста
община,община,public,предметный термин,1,1,0,Община парсов в мультикультурном Бомбее (по произведениям Рохинтона Мистри)
объектный,объектный,public,предметный термин,1,1,0,Квази-трансцендентальные разоблачение объектных областей индрий в буддийской йоге
объяснение,объяснение,public,предметный термин,1,1,0,Индийские истоки и источники философствования Р. Тагора: «Садхана» как опыт объяснения Своего Другому
оговорка,оговорка,public,предметный термин,1,1,0,Оговорка как композиционный прием в санскритской драме
одень,одень,public,предметный термин,1,0,1,«Не одне грандиозныя прелести Гималаев»: итоги путешествия И. П. Минаева в Кумаон (1875)
одержимость,одержимость,public,предметный термин,1,1,0,"Одержимость, служение и лицедейство. Традиции Bhoota-kolam и Theyyam Тулунаду"
оджха,оджха,public,предметный термин,1,1,0,«Рамаяна» Криттибаса Оджхи в культуре Бенгалии XV-XVI веков
одиссея,одиссея,public,предметный термин,1,1,0,Кофейная Одиссея Индии
одомашнивание,одомашнивание,public,предметный термин,1,1,0,Неварский «повествовательный свиток» на темы «Лалитавистары»: «одомашнивание» классической буддийской сутры
ожерелие,ожерелие,public,предметный термин,1,0,1,Проблема бхакти в «Ожерельи Величаний Шивы» — «Шивастотравали» (Śivastotrāvalī) Утпаладевы
ожидание,ожидание,public,предметный термин,1,0,1,Мотивационные доминанты как «система ожидания» в санскритском и палийском повествовании
ойратский,ойратский,public,предметный термин,1,0,1,Тексты праджняпарамиты в ойратской религиозной культуре и законоположениях
окно,окно,public,предметный термин,1,1,0,Окна в иной мир: изобразительные тексты и линия жизни индийской художницы-парси Катаюн Саклат (1938- 2026): антропологический взгляд
окончательный,окончательный,public,предметный термин,1,1,0,Роль Умапати Шивачарьи в формировании окончательной редакции канона шайва-сиддханты
окружение,окружение,public,предметный термин,1,1,0,"«Юные» в окружении царя Раджасинхи II—го (XVII век, Шри Ланка)"
окружить,окружить,public,предметный термин,1,1,0,"«Мудрость незапятнанная, окруженная свитой...». О структуре определения термина «abhidharma» в «Абхидхармакошабхашье» Васубандху"
ольвийский,ольвийский,public,предметный термин,1,0,1,Фисаматы из Ольвийского декрета в честь Протогена
онега,онега,public,предметный термин,1,0,1,Из воспоминаний о детстве на Онеге
онлайн-корпус,онлайн-корпус,public,предметный термин,1,1,0,Онлайн-корпус текстов на языках южных мунда: задачи и специфика
ономастика,ономастика,public,предметный термин,1,1,0,Древнеиндийская ономастика в «Вишнусахасранаме»
опасный,опасный,public,предметный термин,1,1,0,Златоликие образы Дипанкары Будды и традиция проведения фестиваля Самьяк маха дана в Патане. Шишова-Маретина Ксения Александровна (Санкт-Петербург). Архетип опасной женственности в индуизме
опись,опись,public,предметный термин,1,1,0,Опись Л. А. Мерварт коллекции № 3015 в собрании МАЭ РАН как образец музейного документа
опосредовать,опосредовать,public,предметный термин,1,1,0,"Санньяса и Брахмалока: смерть, социальная или физическая, как опосредующий этап пути к освобождению в адвайта-веданте"
оппозиция,оппозиция,public,предметный термин,1,0,1,Отражение оппозиции «свой – чужой» в традиционных представлениях о землепользовании кочевников Центральной Азии
оппонент,оппонент,public,предметный термин,1,1,0,«Третий поворот колеса дхармы» и его первые брахманистские оппоненты
опрокинуть,опрокинуть,public,предметный термин,1,0,1,"Загадка эдуки – монумента опрокинутого мира (эпиграфика, эпос, пураны)"
оптика,оптика,public,предметный термин,1,1,0,Прамана-вада «Таттва-сандарбхи» Дживы Госвами в оптике неклассической эпистемологии науки
организатор,организатор,public,предметный термин,1,0,1,Вступительное слово от организаторов конференции
оружие,оружие,public,предметный термин,1,1,0,Лук (оружие)
оруэлл,оруэлл,public,предметный термин,1,1,0,Британское колониальное чиновничество в литературном наследии Дж. Оруэлла
орфоэпический,орфоэпический,public,предметный термин,1,1,0,Орфоэпическая практика и древнеиндийская фонетика
орччха,орччха,public,предметный термин,1,1,0,"Народные песни о Хардоле, принце Орччхи"
осакотхи,осакотхи,public,предметный термин,1,1,0,О некоторых особенностях росписей осакотхи (штат Орисса)
освещение,освещение,public,предметный термин,1,1,0,Индийские памятники героям в сравнительном освещении (К вопросу о материальном соответствии поэтической формуле «непреходящая слава»)
освобождать,освобождать,public,предметный термин,1,0,1,"Karaṇīya-mettasutta – «Любовь всеобъемлющая», как императив, освобождающий от страданий сансары"
освятить,освятить,public,предметный термин,1,1,0,Ордалия освященной водой (kosha)
освящение,освящение,public,предметный термин,1,0,1,Обряд освящения статуи (адхивасана) и его роль в текстах по строительству (вастувидье) в пуранах
осень,осень,public,предметный термин,1,1,0,"У сингальских мастеров по дереву (Шри Ланка, осень 2014 г.)"
осесть,осесть,public,предметный термин,1,1,0,Осел/бык в индоиранской картине мира
особый,особый,public,предметный термин,1,1,0,"Особая священная игра» Гулабрао Махараджа как игровая модель индуистской сотериологии: космология, философия и бхакти"
осознанность,осознанность,public,предметный термин,1,0,1,О значении пал. sutta (p.p. от supati «спать») в медитации осознанности (сатипаттхана)
остров,остров,public,предметный термин,1,1,0,Жемчужный остров в «Девибхагавата-пуране»
отдалить,отдалить,public,предметный термин,1,0,1,"«Во отдаленном краю границы пребывающий, исповедая веру манджушринову»: о буддийском дискурсе в калмыцкой политике императора Юнчжэна (1723–1735)"
отдельный,отдельный,public,предметный термин,1,0,1,"Изображение Канакавасты, архата из Кашмира: часть полиптиха или отдельная танка? (Танка из собрания Кабинета Ю.Н. Рериха, ИВ РАН, Москва)"
отелесненный,отелесненный,public,предметный термин,1,0,1,Восприятие и телесность в буддизме и в современных когнитивных концепциях «отелесненного ума» (embodied mind)
отказ,отказ,public,предметный термин,1,1,0,Родство по крови и родство по духу: М. К. Ганди о мотивах отказа Арджуны от сражения
отличать,отличать,public,предметный термин,1,0,1,Что отличает индийскую эпистемическую культуру от западной?
отличительный,отличительный,public,предметный термин,1,1,0,Отличительные особенности и характерные черты индийских мифологических сериалов на сюжет
отличный,отличный,public,предметный термин,1,1,0,Вклад Абхинавагупты в развитие шиваитской доктрины философского монизма в отличной от адвайта- веданты парадигме
отряхиваться,отряхиваться,public,предметный термин,1,1,0,Отряхивающийся ныряльщик: о специфическом фольклорном мотиве в эпических и пуранических версиях «Сказания о Вепре» (Varāha-kathā)
отшельница,отшельница,public,предметный термин,1,1,0,Эпическая санкхья в беседе царя Джанаки и отшельницы Сулабхи (МБХ 12.308)
отшельнический,отшельнический,public,предметный термин,1,1,0,Образная система в отшельнической поэзии раннего буддизма
охота,охота,public,предметный термин,1,0,1,Тема царской охоты (на материале письменных памятников Индии и Ирландии)
охотничий,охотничий,public,предметный термин,1,0,1,Пятнистый охотничий зверь индоевропейцев и «Атхарваведа»
очаг,очаг,public,предметный термин,1,1,0,Очаги обнаружения санскритских рукописей на территории Тибета
очеловечивание,очеловечивание,public,предметный термин,1,0,1,Очеловечивание божеств в пьесе Ватсараджи «Самудраматхана» (XII вв.)
очерк,очерк,public,предметный термин,1,1,0,«Очерки Цейлона и Индии» И. П. Минаева как источник по изучению культурной истории Индии
очищение,очищение,public,предметный термин,1,0,1,«Очищение от терниев» в «Артхашастре» и дхармашастрах
очки,очки,public,предметный термин,1,1,0,Санскритские очки европейской лингвистики XIX века
ошибочный,ошибочный,public,предметный термин,1,0,1,Проблема сновидения и «ошибочные действия» в натаке Бхасы «Свапнавасавадатта»
павакутх,павакутх,public,предметный термин,1,1,0,"Павакутху Кералы: артисты и основные сюжеты, мифо-ритуальные истоки исполнительских традиций"
павлин,павлин,public,предметный термин,1,0,1,Мотивный анализ сюжета «Джатаки о павлине» Харибхатты (IV–V вв. н.э.)
падаянуть,падаянуть,public,предметный термин,1,1,0,"Падаяни, мудиетту, тиятту: ритуальные исполнительские традиции центральной Кералы"
падма-пурана,падма-пурана,public,предметный термин,1,1,0,Мотивы «Сказания о Джаландхаре в «Падма-пуране»
пакистан,пакистан,public,предметный термин,1,1,0,Интерпретация кровавых событий раздела Индии и Пакистана в романе Кхушванта Сингха «Поезд в Пакистан»
паллиса,паллиса,public,предметный термин,1,0,1,"Трактат Марко Паллиса, предостерегающий Тибет о последствиях Кали-юги (об атрибутировании и содержании тибетского ксилографа из Архива музея Рерихов (Филиал Государственного музея Востока))"
паломник,паломник,public,предметный термин,1,1,0,Образ Махендры/Махинды в записках китайских паломников
памятный,памятный,public,предметный термин,1,0,1,Памятные даты – стимул к новым поискам: 150 лет со дня рождения Павла Риттера и 120 лет со дня рождения Юрия Рериха. (доклад онлайн)
пангху,пангху,public,предметный термин,1,1,0,Значение и функции ритуала Пангху у племени ратхва
панджабский,панджабский,public,предметный термин,1,0,1,Текст в контексте: образ идеального сикхского правителя в кодексе Прем Сумараг в позднесредневековых панджабских реалиях
панджик,панджик,public,предметный термин,1,0,1,К вопросу о русском переводе «Мимансакапарикальпита-атма-парикши» «Таттва-санграхи» Шантаракшиты с комментарием Камалашилы «Панджика»
пандит,пандит,public,предметный термин,1,1,0,Комментарии Б. Н. Пандита на «Шивасутры»: новый взгляд на коренной текст трики
панегирик,панегирик,public,предметный термин,1,0,1,Вербальный панегирик индийского монаршего портрета эпохи Моголов
панинийский,панинийский,public,предметный термин,1,1,0,Трактовка панинийского термина savarṇa комментаторами парибхаш
панкратов,панкратов,public,предметный термин,1,1,0,"О сборнике садхан, переведенном Б. И. Панкратовым в 1930-е гг. в Пекине"
панчавимшатика-праджняпарамит,панчавимшатика-праджняпарамит,public,предметный термин,1,1,0,Структура ниданы из «Панчавимшатика-праджняпарамиты» в аспекте ритуальной практики
панчамакар,панчамакар,public,предметный термин,1,1,0,Обряд панчамакара в каулических тантрах
панчанан,панчанан,public,предметный термин,1,1,0,Санскритские наречия в трудах бенгальских грамматистов (Дживы Госвамина и Баларамы Панчананы)
панчасамскара,панчасамскара,public,предметный термин,1,1,0,Образ жизни в шри-вишнуизме: самашраяна (панчасамскара) и ее основания
панчашихка,панчашихка,public,предметный термин,1,0,1,Был ли Панчашихка Материалистом?
пара-тримшика-виварать,пара-тримшика-виварать,public,предметный термин,1,1,0,Лингвофилософское в «Пара-тримшика-виварана» Абхинавагупты
парадигмальный,парадигмальный,public,предметный термин,1,1,0,Парадигмальное мышление брахманов. Связь философских универсалий и варно-кастовой системы в Индии
параллельный,параллельный,public,предметный термин,1,1,0,Параллельный санскритско-русский корпус
парамаартхасар,парамаартхасар,public,предметный термин,1,0,1,«Парамаартхасара» Абхинавагупты: руководство по обретению «сингулярности» или свидетельство о невозможности бытия Бога (Бытия/Бога)
парамартх,парамартх,public,предметный термин,1,1,0,Понимание высшей истины (парамартха) у Чже Цонкапы
парамартхасар,парамартхасар,public,предметный термин,1,0,1,О предельном предмете в «Парамартхасаре» Абхинавагупты
парамахамса,парамахамса,public,предметный термин,1,1,0,Феномен Рамакришны Парамахамсы и формирование неоиндуизма в Бенгалии XIX века
парель,парель,public,предметный термин,1,0,1,"Шива Саптасварамурти из Пареля. Иконография, интерпретации, параллели"
пари,пари,public,предметный термин,1,0,1,Поэтический цикл Кабилара о князе Пари
паришишта,паришишта,public,предметный термин,1,1,0,Паришишты как исторический источник: проблемы датировки и классификации поздневедийской ритуальной литературы
парка,парка,public,предметный термин,1,1,0,Царица в дворцовом парке
парсийский,парсийский,public,предметный термин,1,0,1,Священные зороастрийские тексты и переписка парсийских жрецов с зороастрийскими жрецами Ирана
паскаль,паскаль,public,предметный термин,1,0,1,Треугольник Паскаля или Пингалы?
пассаж,пассаж,public,предметный термин,1,0,1,Об одной возможной буддийской параллели к новозаветному пассажу МФ
пассивный,пассивный,public,предметный термин,1,0,1,Деепричастия пассивного залога в языке пали?
пастухов-голл,пастухов-голл,public,предметный термин,1,1,0,"""Нисхождение в образе рыбы"": сказание фольклорной традиции пастухов-голла"
патал,патал,public,предметный термин,1,0,1,Карма и связанные термины во 2-й патале Калачакра-тантры
патан,патан,public,предметный термин,1,1,0,Златоликие образы Дипанкары Будды и традиция проведения фестиваля Самьяк маха дана в Патане. Шишова-Маретина Ксения Александровна (Санкт-Петербург). Архетип опасной женственности в индуизме
паттуппатт,паттуппатт,public,предметный термин,1,0,1,Две поэмы на тему разлуки из тамильского сборника Паттуппатту: Муллейппатту и Недунальвадей. Опыт сравнения
пауль,пауль,public,предметный термин,1,1,0,"Пауль Дойссен (1845—1919): веданта, европейская философия и философская компаративистика"
пашьянти,пашьянти,public,предметный термин,1,1,0,"Спхота, джати, пашьянти и пратибха в «Вакьяпадии» — к проблеме разграничения терминов"
певец,певец,public,предметный термин,1,1,0,Концепция совершенного человека в творчестве народных певцов – баулов
пекинский,пекинский,public,предметный термин,1,0,1,Намтар Будды Шакьямуни в тибетской и китайской (пекинской) традициях (танки из коллекций Одесского и Киевского музеев Украины)
пенза,пенза,public,предметный термин,1,1,0,Дидактические шатаки в литературе телугу (К характеристике жанровых особенностей). 3. Т. Г .Скороходова (Пенза). Интерпретация традиционного индийского текста либеральными мыслителями Бенгальского Возрождения
пенпавакутх,пенпавакутх,public,предметный термин,1,1,0,Пенпавакутху: новая форма театра плоских фигур Кералы
первоисточник,первоисточник,public,предметный термин,1,0,1,К вопросу об обработке первоисточника в литературной санскритской джатаке
первопечатный,первопечатный,public,предметный термин,1,1,0,Первопечатная христианская книга в Индии (XVI—XVII вв.)
перевести,перевести,public,предметный термин,1,1,0,"О сборнике садхан, переведенном Б. И. Панкратовым в 1930-е гг. в Пекине"
передвижение,передвижение,public,предметный термин,1,1,0,К вопросу о средствах передвижения в Ригведе
перекресток,перекресток,public,предметный термин,1,0,1,Миф о сожжении Трипуры на перекрестках ведийской и эпической традиции
переложение,переложение,public,предметный термин,1,1,0,Политик читает и пересказывает эпос. «Рамаяна» и «Махабхарата» в переложении Чакраварти Раджагопалачари
перемена,перемена,public,предметный термин,1,0,1,Божества и образы триграмм китайской «Книги Перемен» на свитке из коллекции Рерихов в Государственном Музее Востока
перенниализм,перенниализм,public,предметный термин,1,0,1,"Журнал “Stepping stones” – гималайская культура, буддизм и философия перенниализма сквозь призму взглядов европейских исследователей"
переосмысление,переосмысление,public,предметный термин,1,1,0,От демоницы к мстительнице: Переосмысление образа ведьмы в современном индийском кинематографе
переосмыслять,переосмыслять,public,предметный термин,1,1,0,Поздний Р.Тагор и «Бхагавадгита»: переосмысляя концепцию о долге
переоценка,переоценка,public,предметный термин,1,1,0,Переоценка различных методологических подходов по исследованию индийской философии: по следам книги В. Адлури и Д. Багчи «The Nay Science: A History of German Indology»
пересказывать,пересказывать,public,предметный термин,1,1,0,Политик читает и пересказывает эпос. «Рамаяна» и «Махабхарата» в переложении Чакраварти Раджагопалачари
переть,переть,public,предметный термин,1,0,1,Текст в контексте: образ идеального сикхского правителя в кодексе Прем Сумараг в позднесредневековых панджабских реалиях
переход,переход,public,предметный термин,1,1,0,О семантических переходах с участием терминов родства в старотамильском языке
переходной,переходной,public,предметный термин,1,0,1,Винадхара и Ардханаришвара – проблема переходной иконографии Шивы
перечень,перечень,public,предметный термин,1,1,0,"Содержательное обоснование порядка в перечне прамей (Ньяя-сутра, Ньяя-бхашья)"
перечный,перечный,public,предметный термин,1,0,1,Прагматика перечней в эпиграфическом тексте (к открытию надписей брахми III–II вв. до н.э. в Центральной Индии)
периодизация,периодизация,public,предметный термин,1,1,0,К вопросу о периодизации истории индийской философии
перияпуран,перияпуран,public,предметный термин,1,0,1,"Восхождение на Кайласу. История шайва-бхактов Сундарара и Черамана Перумаля, рассказанная в «Перияпуранам» Секкижара и на фреске храма Брихадишвары в Танджоре"
персидский,персидский,public,предметный термин,1,1,0,«Сахар в молоке»: Ауто-представления об «индийском» и «персидском» в современной религиозной культуре парсов
перспективизм,перспективизм,public,предметный термин,1,1,0,Ведийские истоки перспективизма Бхартрихари
перумалить,перумалить,public,предметный термин,1,0,1,"Восхождение на Кайласу. История шайва-бхактов Сундарара и Черамана Перумаля, рассказанная в «Перияпуранам» Секкижара и на фреске храма Брихадишвары в Танджоре"
песнях-ньоля,песнях-ньоля,public,предметный термин,1,0,1,Жизнь и реалии Кумаона в народных песнях-ньоли
пессимист,пессимист,public,предметный термин,1,1,0,Был ли Яма пессимистом? Значение частицы gha и ее индоевропейские параллели (К интерпретации стиха Ригведа
петербургский,петербургский,public,предметный термин,1,1,0,Переписка О.Н. Бетлингка по поводу Петербургских словарей и судьба лексикографа
петербуржец,петербуржец,public,предметный термин,1,1,0,По следам Петербуржца в Индии: путешествие князя Салтыкова
петров,петров,public,предметный термин,1,1,0,"Востоковед Павел Яковлевич Петров (1814–1875), его библиотека и архив"
петроглифика,петроглифика,public,предметный термин,1,0,1,К проблеме происхождения варны кшатриев: культ воинской элиты в индоарийской традиции (по данным археологии и петроглифики)
пиллей,пиллей,public,предметный термин,1,1,0,Сотериологическая доктрина Шри-вайшнавизма в трактате Пиллея Локачарьи «Мумукшупади»
пингала,пингала,public,предметный термин,1,0,1,Треугольник Паскаля или Пингалы?
писание,писание,public,предметный термин,1,1,0,Традиции и ритуалы почитания манускриптов в писаниях шайва
писатель,писатель,public,предметный термин,1,1,0,Писатели хинди нового поколения: Кто они и зачем пришли в литературу
питие,питие,public,предметный термин,1,1,0,Что мы пьём? (анализ питья с позиций тибетской мадхьямаки и «многомировой» концепции Эверетта-Менского)
питхоро,питхоро,public,предметный термин,1,1,0,Живая традиция ритуальных росписей Питхоро в Гуджарате: полевые данные 2012 г
пить,пить,public,предметный термин,1,1,0,Что мы пьём? (анализ питья с позиций тибетской мадхьямаки и «многомировой» концепции Эверетта-Менского)
пифагор,пифагор,public,предметный термин,1,1,0,«Они из секты Пифагора»: представления об индуизме трех итальянских купцов второй половины XVI в.
пишач,пишач,public,предметный термин,1,1,0,Бодхисаттва в образе пишачи: следы комической традиции в описании аскезы Гаутамы
пища,пища,public,предметный термин,1,1,0,Об особенностях традиционной пищи веддов
планиметрический,планиметрический,public,предметный термин,1,0,1,Планиметрические модели тела человека в санскритских трактатах по искусству и в стенописи Аджанты
плато,плато,public,предметный термин,1,1,0,"Серайкела, Майюрбхандж, Пурулиа: феномен чхау на плато Чхота Нагпур (Восточная Индия)"
плод,плод,public,предметный термин,1,1,0,Камень-трава или плод из города Синтры: история одного индийского фитонима
плоский,плоский,public,предметный термин,1,1,0,Пенпавакутху: новая форма театра плоских фигур Кералы
победа,победа,public,предметный термин,1,1,0,«Город победы» Рушди — ответ «Рамаяне» самого скандального автора 20 столетия
поведение,поведение,public,предметный термин,1,0,1,Философия и практики самоповреждающего поведения в тамильском бхакти (доклад онлайн)
поведенческий,поведенческий,public,предметный термин,1,1,0,Поведенческие стереотипы сикхов
повествование,повествование,public,предметный термин,1,0,1,Мотивационные доминанты как «система ожидания» в санскритском и палийском повествовании
повесть,повесть,public,предметный термин,1,1,0,Сюжет «Повести о Насикете» Садала Мишры в контексте истории прозы хинди
повозка,повозка,public,предметный термин,1,0,1,Старый парк Пушпакарандаки (одна из загадок «Глиняной повозки»)
повседневность,повседневность,public,предметный термин,1,1,0,Культура повседневности британского чиновничества в Индии и Непале (по наблюдениям И. П. Минаева)
повседневный,повседневный,public,предметный термин,1,1,0,"Метафизика, мифология, повседневная жизнь: гендерный ракурс южноиндийской традиции"
погода,погода,public,предметный термин,1,0,1,Магическое воздействие на погоду в культуре кочевников Центральной Азии
погребальный,погребальный,public,предметный термин,1,1,0,"Огонь, вода и память: погребальные практики сикхов в мультикультурной среде"
податель,податель,public,предметный термин,1,0,1,Образы бодхисаттвы Авалокитешвары в коллекции Кабинета Рериха: Авалокитешвара – податель прозрения
подразделение,подразделение,public,предметный термин,1,0,1,«Торговцы» или «богачи»? К истории племенного подразделения байат
подсказка,подсказка,public,предметный термин,1,1,0,Так называемый парадокс беллетристики и подсказки от компаративной онтологии
подступ,подступ,public,предметный термин,1,0,1,Песенная техника проповеди Миры Баи: подступы к исследованию
поезд,поезд,public,предметный термин,1,1,0,Интерпретация кровавых событий раздела Индии и Пакистана в романе Кхушванта Сингха «Поезд в Пакистан»
пожениться,пожениться,public,предметный термин,1,1,0,«Давай поженимся»: Свадебные ритуалы в неварском буддизме
поздневедийский,поздневедийский,public,предметный термин,1,1,0,Паришишты как исторический источник: проблемы датировки и классификации поздневедийской ритуальной литературы
позднесредневековый,позднесредневековый,public,предметный термин,1,0,1,Текст в контексте: образ идеального сикхского правителя в кодексе Прем Сумараг в позднесредневековых панджабских реалиях
познавательный,познавательный,public,предметный термин,1,1,0,"Источники сознания, компоненты познавательного акта и учение о трех мирах в Абхидхарма-самуччае Асанги"
познавать,познавать,public,предметный термин,1,1,0,«Семь познающих» (saptapramātāraḥ) в рекогнитивном самопознании (pratyabhijñā) у Абхинавагупты
покаяние,покаяние,public,предметный термин,1,0,1,Покаяние (prāyaścitta) и наказание (daṇḍa) в дхармасутрах
поклонение,поклонение,public,предметный термин,1,1,0,"«О Неодолимая Богиня, поклонение да будет тебе!» (О ритуальной части Калика-пураны)"
поколение,поколение,public,предметный термин,1,1,0,Писатели хинди нового поколения: Кто они и зачем пришли в литературу
покровитель,покровитель,public,предметный термин,1,0,1,Танцовщица и покровитель: начни и расик восточных областей Индии. Контексты взаимоотношений
полвека,полвека,public,предметный термин,1,1,0,Несколько этимологий арготических слов среднеазиатских цыган на фоне дискуссий последнего полувека об истории цыган
полиптих,полиптих,public,предметный термин,1,0,1,"Изображение Канакавасты, архата из Кашмира: часть полиптиха или отдельная танка? (Танка из собрания Кабинета Ю.Н. Рериха, ИВ РАН, Москва)"
политик,политик,public,предметный термин,1,1,0,Политик читает и пересказывает эпос. «Рамаяна» и «Махабхарата» в переложении Чакраварти Раджагопалачари
полный,полный,public,предметный термин,1,1,0,К (посмертному) изданию полного перевода (В. С. Семенцова) «Гитабхашьи» Рамануджи на русском языке
половозрастной,половозрастной,public,предметный термин,1,1,0,Половозрастная стратификация общества в ведийских текстах
положение,положение,public,предметный термин,1,0,1,Индийские нумерационные системы. По материалам трактата Махавирачарьи «Собрание основных положений науки о вычислениях» (сер. IX в.)
полоннарув,полоннарув,public,предметный термин,1,1,0,Чудо Полоннарувы
польза,польза,public,предметный термин,1,1,0,Телеологический аргумент в пользу существования Бога в учении Свами Вивекананды
помазание,помазание,public,предметный термин,1,0,1,О ритуале помазания царя на царство в «Яджнявалкья-смрити»
помощница,помощница,public,предметный термин,1,1,0,О не-волшебной помощнице в сказках парья: вариант фольклорного мотива
помощь,помощь,public,предметный термин,1,1,0,Анализ переводов М. Зощенко на хинди и на бенгали с помощью метрик readability
понт,понт,public,предметный термин,1,0,1,"Скифский язык, топонимы Скифии и Центральной Азии, индоевропейские языки: культурные заимствования из Индии и культур древнего Понта Эвксинского"
понятийный,понятийный,public,предметный термин,1,1,0,Восьмиугольные понятийные схемы в индийской рациональности
пополнение,пополнение,public,предметный термин,1,1,0,Д. Д. Руднев как радетель пополнения коллекций МАЭ РАН
порок,порок,public,предметный термин,1,1,0,Высмеивание пороков врачей в санскритской литературе (на примере «Кали-видамбханам» Нилакантхи Дикшиты)
португальский,португальский,public,предметный термин,1,1,0,Старинные португальские частушки в этнографическом контексте Южной Азии
порядок,порядок,public,предметный термин,1,1,0,"Содержательное обоснование порядка в перечне прамей (Ньяя-сутра, Ньяя-бхашья)"
послание,послание,public,предметный термин,1,1,0,Жанр послания в религиозной поэзии
послевоенный,послевоенный,public,предметный термин,1,1,0,Вера Александровна Новикова (1918-1972) и послевоенная бенгалистика в Ленинграде
последователь,последователь,public,предметный термин,1,1,0,Чудеса и проповеди в лесу Урувильва. Первые последователи Будды по китайской версии биографии Будды (III в.)
последовательный,последовательный,public,предметный термин,1,1,0,Санскритское письмо как последовательная фонетическая транскрипция
последствие,последствие,public,предметный термин,1,0,1,"Трактат Марко Паллиса, предостерегающий Тибет о последствиях Кали-юги (об атрибутировании и содержании тибетского ксилографа из Архива музея Рерихов (Филиал Государственного музея Востока))"
посмертный,посмертный,public,предметный термин,1,1,0,К (посмертному) изданию полного перевода (В. С. Семенцова) «Гитабхашьи» Рамануджи на русском языке
посох,посох,public,предметный термин,1,0,1,Посох Чанакьи
постведийский,постведийский,public,предметный термин,1,1,0,Индоевропейская формула «храни мужей и скот» в ведийских и постведийских текстах
поступление,поступление,public,предметный термин,1,1,0,К истории поступления индийских памятников в Эрмитаж: новые открытия
поступок,поступок,public,предметный термин,1,1,0,Анализ аморальных поступков в «Абхидхармакоше» Васубандху
поталак,поталак,public,предметный термин,1,0,1,"Поталака – местопребывание Авалокитешвары и один из его образов в тибетской традиции. (Танка из собрания Кабинета Ю.Н. Рериха, ИВ РАН, Москва)"
потенциал,потенциал,public,предметный термин,1,1,0,Г. Оберхаммер и проблема исследования когнитивного потенциала религиозного опыта
потенциальный,потенциальный,public,предметный термин,1,1,0,Потенциальное и актуальное в буддийском учении о восприятии
поток,поток,public,предметный термин,1,0,1,Образ потока в тамильской поэзии
потоцкий,потоцкий,public,предметный термин,1,1,0,"Ян Потоцкий и тибетская рукопись, найденная в Калмыкии"
похитить,похитить,public,предметный термин,1,1,0,«Тень» Ситы и «призрак» Елены: две истории о похищенных жёнах
похищение,похищение,public,предметный термин,1,0,1,Похищение и возвращение жён в древнеиндийском эпосе и параллели в древнегреческих сюжетах
поход,поход,public,предметный термин,1,1,0,Южный поход личчхавов
похоронный,похоронный,public,предметный термин,1,1,0,Ритуальный комплекс похоронных обрядов в неварском буддизме
поэт-мистик,поэт-мистик,public,предметный термин,1,1,0,История Ситы и Рамы глазами современных индийских поэтов-мистиков и ее релевантность для современного индийского общества
поэт-ребенок,поэт-ребенок,public,предметный термин,1,1,0,Легенда о поэте-ребёнке. Самбандар: миф и реальность
пояр,пояр,public,предметный термин,1,1,0,Бенгальский стихотворный размер пояр и его разновидности
праваргие,праваргие,public,предметный термин,1,1,0,Ведийский ритуал Праваргья (pravargya): текстовая традиция и ритуальная практика
праведный,праведный,public,предметный термин,1,1,0,Жизнеописание праведного царя Ашоки в индийских и тайских источниках
правитель,правитель,public,предметный термин,1,0,1,Текст в контексте: образ идеального сикхского правителя в кодексе Прем Сумараг в позднесредневековых панджабских реалиях
прагматизм,прагматизм,public,предметный термин,1,1,0,Энергийный прагматизм в тамильской культуре
прагматика,прагматика,public,предметный термин,1,0,1,Прагматика перечней в эпиграфическом тексте (к открытию надписей брахми III–II вв. до н.э. в Центральной Индии)
прадравидийский,прадравидийский,public,предметный термин,1,1,0,«Моя мать и твоя мать – какая родня?» Об обозначениях братьев и сестер и возможностях прадравидийской реконструкции
праздник,праздник,public,предметный термин,1,0,1,Некоторые особенности праздника семи неварских селений юго-западной части Долины Катманду
празднование,празднование,public,предметный термин,1,1,0,Особенности празднования Холи в Раджастхане (по материалам полевых исследований)
практический,практический,public,предметный термин,1,1,0,Царь − установитель дхармы. Практический аспект идеологической концепции
прамана-вад,прамана-вад,public,предметный термин,1,1,0,Прамана-вада «Таттва-сандарбхи» Дживы Госвами в оптике неклассической эпистемологии науки
прамана-самуччая-вритти,прамана-самуччая-вритти,public,предметный термин,1,0,1,Почему Дигнага называет определение восприятия Васубандху асара (лишенным сути)? Медленное чтение «Прамана-самуччая-вритти» (
праманавад,праманавад,public,предметный термин,1,1,0,Вьявахара как универсум установления достоверности знания в индийской эпистемологии и логике (праманаваде)
прамей,прамей,public,предметный термин,1,1,0,"Содержательное обоснование порядка в перечне прамей (Ньяя-сутра, Ньяя-бхашья)"
прана,прана,public,предметный термин,1,1,0,Практики движения праны в текстах кашмирских авторов
прасад,прасад,public,предметный термин,1,1,0,Буддизм в творчестве Джаяшанкара Прасада
прасаннапад,прасаннапад,public,предметный термин,1,1,0,Обоснование невозможности чувственного познания в «Прасаннападе» Чандракирти
пратибх,пратибх,public,предметный термин,1,1,0,"Спхота, джати, пашьянти и пратибха в «Вакьяпадии» — к проблеме разграничения терминов"
пратитие-самутпад,пратитие-самутпад,public,предметный термин,1,0,1,Концепция «пратитья-самутпада» в раннебуддийской литературе (по материалам палийского канона)
праформа,праформа,public,предметный термин,1,1,0,Новые древнеиндийские праформы на материале этимологий лексики языка куллуи
прахасан,прахасан,public,предметный термин,1,0,1,Почему у монаха-дигамбара рог на голове? Попытка интерпретации одной строфы из философского диспута в прахасане «Латакамелака»
пребывать,пребывать,public,предметный термин,1,0,1,"«Во отдаленном краю границы пребывающий, исповедая веру манджушринову»: о буддийском дискурсе в калмыцкой политике императора Юнчжэна (1723–1735)"
превосходящий,превосходящий,public,предметный термин,1,1,0,О соотношении санскритского и тибетского текстов «Гимна Превосходящему богов» Шанкарасвамина
предостерегать,предостерегать,public,предметный термин,1,0,1,"Трактат Марко Паллиса, предостерегающий Тибет о последствиях Кали-юги (об атрибутировании и содержании тибетского ксилографа из Архива музея Рерихов (Филиал Государственного музея Востока))"
представить,представить,public,предметный термин,1,1,0,Как лучше представить западному читателю историю индийской философии: размышление по поводу книги В. Эльтшингера и И. Ратье «Что такое индийская философия?»
прекращение,прекращение,public,предметный термин,1,1,0,"Ритуалы начала и прекращения изучения Вед (upākaraṇa, utsarga)"
прелесть,прелесть,public,предметный термин,1,0,1,«Не одне грандиозныя прелести Гималаев»: итоги путешествия И. П. Минаева в Кумаон (1875)
прем,прем,public,предметный термин,1,1,0,Према Рамаяна и Шри Ситарама-чаритра-дарпана как примеры Рамаян XX века в контексте современной литературы на бходжпури и майтхили
премчанда,премчанда,public,предметный термин,1,1,0,"В поисках современного подхода к прозе Премчанда.Коровина Евгения Владимировна, Ренковская Евгения Алексеевна (Москва). Экспедиция к памятникам протоиндийской цивилизации на территории Индии"
преображение,преображение,public,предметный термин,1,1,0,Преображение богини Кали: точка зрения «Маханирвана-тантры»
преподавание,преподавание,public,предметный термин,1,1,0,Перевод в практике преподавания хинди в средней школе
прерванность,прерванность,public,предметный термин,1,0,1,Недосказанность/прерванность речи в классической санскритской драме
пресс,пресс,public,предметный термин,1,1,0,Раджа Рави Варма: художник и основатель «Рави Варма Пресс»
пресса,пресса,public,предметный термин,1,1,0,Проблема индианизации колониальной армии на страницах индийской прессы в 1910-х — 1940-х годах
прета-канда,прета-канда,public,предметный термин,1,0,1,Представления о времени и пространстве в «Прета-канде» «Гаруда-пураны»
привезти,привезти,public,предметный термин,1,1,0,"Вновь найденный ксилограф с санскритским алфавитом в трех графических вариантах, привезенный Д. Мессершмидтом из Сибири в 1727 г"
приглашаться,приглашаться,public,предметный термин,1,1,0,"«Бенгальский стиль» в индийском танце: традиционное, креативное, политическое измерения В программе возможны изменения и дополнения Приглашаются все желающие"
пригород,пригород,public,предметный термин,1,1,0,«Будда из пригорода» Ханифа Курейши: иммигрантский текст индо-британской литературы
придворный,придворный,public,предметный термин,1,0,1,К проблеме складывания сикхского двора и придворной культуры при последних шести гуру
признак,признак,public,предметный термин,1,0,1,Небесные боги в картине мира буддийской агиографии: признаки эволюции («Лалитавистара»)
призрак,призрак,public,предметный термин,1,1,0,«Тень» Ситы и «призрак» Елены: две истории о похищенных жёнах
приключение,приключение,public,предметный термин,1,0,1,Рамаяна в драме Бхавабхути «Последние приключения Рамы»
приключенческий,приключенческий,public,предметный термин,1,1,0,К вопросу о сюжетных и стилистических истоках ранних приключенческих романов на хинди
применение,применение,public,предметный термин,1,0,1,Опыт применения интертекстуального подхода при изучении санскритских и палийских памятников
принц,принц,public,предметный термин,1,1,0,"Народные песни о Хардоле, принце Орччхи"
припамирский,припамирский,public,предметный термин,1,1,0,Реминисценции мифа Вала в припамирском регионе
природопользование,природопользование,public,предметный термин,1,0,1,Природопользование в тангутском государстве Си Ся
прислать,прислать,public,предметный термин,1,1,0,Писатели хинди нового поколения: Кто они и зачем пришли в литературу
приспособление,приспособление,public,предметный термин,1,1,0,Технические приспособления для рубрикации корней в «Дхатупатхе» Панини
причастие-герундий,причастие-герундий,public,предметный термин,1,1,0,Причастие-герундий в хинди и бенгальском языке
причинность,причинность,public,предметный термин,1,1,0,Концепция причинности в текстах «Абхидхамма-питаки»
проблематика,проблематика,public,предметный термин,1,1,0,Семантика глагольного корня muc- и проблематика духовного освобождения в ведийских упанишадах
проблематичный,проблематичный,public,предметный термин,1,0,1,"Традиционные индийские классификации: образцовые, удобные, проблематичные"
провинция,провинция,public,предметный термин,1,0,1,К идентификации тантрических изображений Ямантаки в монастыре Юнъань-сы 永安寺 провинции Шаньси 山西省
прогулка,прогулка,public,предметный термин,1,0,1,Прогулки по городу с Хануманом (один эпизод из «Рамаяны» и его параллели в Артхашастре Каутильи и в палийском каноне)
продолжатель,продолжатель,public,предметный термин,1,0,1,Ю.М. Парфионович: штрихи жизненного пути. Парфионович – продолжатель исследований Ю.Н. Рериха в области тибетологии. Совместная деятельность Ю.М. Парфионовича и В. С. Дылыковой по изучению и переводу «Калачакра-тантры». И.В. Григорьев. Ю.М. Парфионович и будущее отечественной буддологии
продолжение,продолжение,public,предметный термин,1,1,0,Роман «Кадамбари» и его современное продолжение
проект,проект,public,предметный термин,1,1,0,Текущие переводческие проекты Фонда «Сохраним Тибет!» и изд-ва «Нартанг»
проектный,проектный,public,предметный термин,1,1,0,Пословицы и поговорки Индии и России как аспект межкультурной коммуникации (проектная деятельность на уроках языка хинди)
прозрение,прозрение,public,предметный термин,1,0,1,Образы бодхисаттвы Авалокитешвары в коллекции Кабинета Рериха: Авалокитешвара – податель прозрения
производство,производство,public,предметный термин,1,1,0,Тело агхори как «живой текст»: визуальность и перформанс в производстве религиозного авторитета
пролог,пролог,public,предметный термин,1,1,0,Некоторые структурные особенности пролога классической санскритской драмы»
промежуточный,промежуточный,public,предметный термин,1,1,0,От смерти к новому рождению. Учение о промежуточном существовании в «Абхидхармакоше» Васубандху
пророчество,пророчество,public,предметный термин,1,1,0,"Будда Дипанкара, идущий по дороге. Сюжеты пророчества в ранней буддийской литературе"
просветительство,просветительство,public,предметный термин,1,0,1,Исторические идеи просветительства Ахамади Дониша в культурном коде Таджикистана
просодия,просодия,public,предметный термин,1,0,1,О теории просодии в «Натьяшастре»
просто-я,просто-я,public,предметный термин,1,1,0,Буддийская феноменология бессамостности (Опыт анализа концептов Я и «просто-я» Чже Цонкапы)
пространственный,пространственный,public,предметный термин,1,0,1,"Семь сокровищ чакравартина и их пространственная локализация (палийский канон, «Артхашастра»)"
протест,протест,public,предметный термин,1,1,0,Искусство протеста. Политический театр в Индии: истоки и развитие
протоген,протоген,public,предметный термин,1,0,1,Фисаматы из Ольвийского декрета в честь Протогена
процесс,процесс,public,предметный термин,1,1,0,Место «Девибхагавата-пураны» в процессе эволюции шактизма
процессия,процессия,public,предметный термин,1,1,0,Мотив царской процессии в жизнеописаниях Будды
прочтение,прочтение,public,предметный термин,1,1,0,Пример использования парибхаш при прочтении сутр Панини
прошедшее,прошедшее,public,предметный термин,1,0,1,Зачем в санскрите три прошедших времени?
прошлое,прошлое,public,предметный термин,1,0,1,Ṛddhi и священные следы прошлого: чудо в картине мира буддиста-паломника
прояснение,прояснение,public,предметный термин,1,0,1,Представления об уме в джайнской дигамбарской традиции (к прояснению терминов)
психика,психика,public,предметный термин,1,1,0,"Ум, психика или сознание (о переводе буддийских терминов «читта» и «виджняна»)"
психо-неврологический,психо-неврологический,public,предметный термин,1,1,0,Экспедиция Психо-Неврологического института в Индию в 1913
психофизический,психофизический,public,предметный термин,1,1,0,Существует ли психофизическая проблема (mind-body problem) в буддизме?
публикатор,публикатор,public,предметный термин,1,1,0,Сесил Бендалл как публикатор буддийских письменных памятников
пудгалавад,пудгалавад,public,предметный термин,1,1,0,Буддизм пудгалавады: к постановке вопроса о субъекте-пудгале
пудгалавинишчай,пудгалавинишчай,public,предметный термин,1,0,1,Опровержение существования субъекта в полемике с вайшешиками по вопросу о существовании субъекта в «Пудгалавинишчае» Васубандху
пуджа,пуджа,public,предметный термин,1,1,0,Локальные варианты Дурга Пуджи в Колкате
пулавар,пулавар,public,предметный термин,1,0,1,Восхваление табака в поэме «Пухейилей видутуду» тамильского поэта Сини Саккарей Пулавара
пуранический,пуранический,public,предметный термин,1,1,0,Отряхивающийся ныряльщик: о специфическом фольклорном мотиве в эпических и пуранических версиях «Сказания о Вепре» (Varāha-kathā)
пуризм,пуризм,public,предметный термин,1,1,0,Этапы развития тамильского языкового пуризма
пурулиа,пурулиа,public,предметный термин,1,1,0,"Серайкела, Майюрбхандж, Пурулиа: феномен чхау на плато Чхота Нагпур (Восточная Индия)"
пустота,пустота,public,предметный термин,1,1,0,Формирование понятия пустоты в ранней махаяне
путеводитель,путеводитель,public,предметный термин,1,1,0,'Айодхья Махатмья'. Средневековый путеводитель по Айодхье и его топонимы на современной карте города
путешественник,путешественник,public,предметный термин,1,1,0,В.В. Верещагин и И.П. Минаев: русские путешественники в Гималаях
пухейиль,пухейиль,public,предметный термин,1,0,1,Восхваление табака в поэме «Пухейилей видутуду» тамильского поэта Сини Саккарей Пулавара
пушп-ватика,пушп-ватика,public,предметный термин,1,1,0,Пушп-Ватика: Цветущий сад поэзии
пушпакарандак,пушпакарандак,public,предметный термин,1,0,1,Старый парк Пушпакарандаки (одна из загадок «Глиняной повозки»)
пчела,пчела,public,предметный термин,1,1,0,О названиях пчелы в ведийском языке
пятнистый,пятнистый,public,предметный термин,1,0,1,Пятнистый охотничий зверь индоевропейцев и «Атхарваведа»
работа,работа,public,предметный термин,1,1,0,Работа Р. Х. Ленца в западноевропейских хранилищах восточных рукописей
рабочий,рабочий,public,предметный термин,1,1,0,Индологический материал в рабочих записках Д. Г. Мессершмидта по востоковедению (Collectanea Messerschmidtiana)
равить,равить,public,предметный термин,1,1,0,Раджа Рави Варма: художник и основатель «Рави Варма Пресс»
раг,раг,public,предметный термин,1,0,1,Первые известные изображения раг. Тексты и контекст
рагхуванша,рагхуванша,public,предметный термин,1,1,0,«Рагхуванша» Калидасы глазами тамилиста
радетель,радетель,public,предметный термин,1,1,0,Д. Д. Руднев как радетель пополнения коллекций МАЭ РАН
раджа,раджа,public,предметный термин,1,1,0,Эпос «Катама Раджу Катха» — основные особенности сюжета
раджагопалачарь,раджагопалачарь,public,предметный термин,1,1,0,Политик читает и пересказывает эпос. «Рамаяна» и «Махабхарата» в переложении Чакраварти Раджагопалачари
раджасинх,раджасинх,public,предметный термин,1,1,0,"«Юные» в окружении царя Раджасинхи II—го (XVII век, Шри Ланка)"
раджастханский,раджастханский,public,предметный термин,1,1,0,Поэзия Кабира и раджастханский фольклор
раджатарангиня,раджатарангиня,public,предметный термин,1,0,1,Дарды и страна дардов в «Раджатарангини» Калханы
раджендролать,раджендролать,public,предметный термин,1,1,0,Воссоздавая историю древней Индии: исследовательский опыт Раджендролала Митро
раджниша,раджниша,public,предметный термин,1,1,0,Западная философия и восточная медитация в учении Ошо Раджниша.
раджпутов,раджпутов,public,предметный термин,1,1,0,Особенности календарной обрядности у раджпутов C
радикальный,радикальный,public,предметный термин,1,0,1,Агамы как источник философии радикальной Адвайты
развертка,развертка,public,предметный термин,1,1,0,"Развертка, свертка и смысл в индийской философии"
разграничение,разграничение,public,предметный термин,1,1,0,"Спхота, джати, пашьянти и пратибха в «Вакьяпадии» — к проблеме разграничения терминов"
раздумье,раздумье,public,предметный термин,1,1,0,Читта и бодхичитта. Раздумья о переводе некоторых буддийских терминов
различение,различение,public,предметный термин,1,0,1,Индийские классификации: принципы различения поэтических украшений (аланкар)
различие,различие,public,предметный термин,1,1,0,Концепт «майя» у Шанкары и Абхинавагупты: сходство и различие
различный,различный,public,предметный термин,1,1,0,Переоценка различных методологических подходов по исследованию индийской философии: по следам книги В. Адлури и Д. Багчи «The Nay Science: A History of German Indology»
разный,разный,public,предметный термин,1,1,0,Как Кришна с Горакхой силой мерялись: Столкновение разных мистических течений в творчестве Малика Мухаммада Джаяси
разоблачение,разоблачение,public,предметный термин,1,1,0,Квази-трансцендентальные разоблачение объектных областей индрий в буддийской йоге
разработка,разработка,public,предметный термин,1,0,1,Санскара «посвящение в ученики» (упанаяна): её место и значение в ряду других санскар и в древней разработке стратификации индийского общества
разразить,разразить,public,предметный термин,1,1,0,Разрази его гром! Метеорологические явления в песенном фольклоре на диалектах хинди Центральной Индии
разрыв,разрыв,public,предметный термин,1,1,0,Герасим Лебедев и британская элита колониальной Калькутты: момент разрыва
разряд,разряд,public,предметный термин,1,1,0,Боги «из разряда синих» в предании о дарении чаши в «Лалитавистаре»
разум,разум,public,предметный термин,1,1,0,Ауробиндо Гхош: между разумом и мистической интуицией
рам-катх,рам-катх,public,предметный термин,1,1,0,Индийские языки и нарративы на Маврикии: Рама-катха и поэзия на бходжпури
рамаитский,рамаитский,public,предметный термин,1,1,0,"Рамаитская поэзия Айодхьи XIX-XX вв.: образы, смыслы и подходы к переводу на русский язык"
рамакришна,рамакришна,public,предметный термин,1,1,0,Феномен Рамакришны Парамахамсы и формирование неоиндуизма в Бенгалии XIX века
рамананда-чарит,рамананда-чарит,public,предметный термин,1,1,0,«Шри Рамананда-чаритам» Рамбхадрачарьи как образец современной санскритской махакавьи
рамачаритаманас,рамачаритаманас,public,предметный термин,1,1,0,Множество жизней поэмы Тулси Даса (некоторые аспекты современного бытования «Рамачаритаманасы»)
рамбхадрачарья,рамбхадрачарья,public,предметный термин,1,1,0,«Шри Рамананда-чаритам» Рамбхадрачарьи как образец современной санскритской махакавьи
раммохон,раммохон,public,предметный термин,1,1,0,Интерпретация идей Упанишад у Раммохона Роя и Дебендронатха Тагора
рана,рана,public,предметный термин,1,1,0,Социально-политический контекст романов Даймонд Шамшера Рана
ранневишнуитский,ранневишнуитский,public,предметный термин,1,1,0,Ранневишнуитская Веданта
раннекитайский,раннекитайский,public,предметный термин,1,0,1,Буддийские сутры в переводах раннекитайской традиции
рань,рань,public,предметный термин,1,1,0,«Рассказ о рани Кетаки» Инш-алла Хана в контексте развития ранней прозы на хинди и урду
раса,раса,public,предметный термин,1,1,0,Раса как сок поэзии
расик,расик,public,предметный термин,1,0,1,Танцовщица и покровитель: начни и расик восточных областей Индии. Контексты взаимоотношений
раскопка,раскопка,public,предметный термин,1,0,1,"Индийская монета, найденная при раскопках Тилля-тепе"
расположение,расположение,public,предметный термин,1,1,0,Заметки о структуре расположения скульптурных изображений в храмовых комплексах согласно «Агни-пуране»
распространение,распространение,public,предметный термин,1,1,0,Расширение и распространение: о некоторых особенностях употребления глагольного корня bṛh в «Ригведе»
распутница,распутница,public,предметный термин,1,1,0,Образ «распутницы» в пракритской лирике
рассказать,рассказать,public,предметный термин,1,0,1,"Восхождение на Кайласу. История шайва-бхактов Сундарара и Черамана Перумаля, рассказанная в «Перияпуранам» Секкижара и на фреске храма Брихадишвары в Танджоре"
рассказчик,рассказчик,public,предметный термин,1,0,1,Две тханки из собрания И.П. Минаева (МАЭ РАН) и традиция странствующих рассказчиков (лама манипа) в Гималайском регионе
рассуждение,рассуждение,public,предметный термин,1,1,0,Язык как источник аргументации (на примере рассуждений о самбандхе)
расширение,расширение,public,предметный термин,1,1,0,Расширение и распространение: о некоторых особенностях употребления глагольного корня bṛh в «Ригведе»
ратнавалить,ратнавалить,public,предметный термин,1,0,1,«Ратнавали» Нагарджуны и «Дашабхумика-сутра»: явные и неявные связи
ратнакалика,ратнакалика,public,предметный термин,1,1,0,Сказание о Ратнакалике (в составе поэмы «Лор и Чандрани»)
ратнакарашанти,ратнакарашанти,public,предметный термин,1,1,0,Samarasa и svasamvedya в абхишека-патале Хеваджра-тантры согласно Муктавалихеваджрапаньджике Ратнакарашанти
ратня,ратня,public,предметный термин,1,1,0,Фольклорные элементы в сказании о Ратне (XVII век)
ратхв,ратхв,public,предметный термин,1,1,0,Значение и функции ритуала Пангху у племени ратхва
ратья,ратья,public,предметный термин,1,1,0,Как лучше представить западному читателю историю индийской философии: размышление по поводу книги В. Эльтшингера и И. Ратье «Что такое индийская философия?»
рахула,рахула,public,предметный термин,1,0,1,Образ Рахулы в японских ритуальных текстах косики
рашидти,рашидти,public,предметный термин,1,0,1,Актуализация информативной основы средневекового текста Центральной Азии в современном мире (на примере «Тарих-и Рашиди» Мирзы Хайдара Дуглата»)
раштрапалапариприччха-сутра,раштрапалапариприччха-сутра,public,предметный термин,1,1,0,О двух родственных джатакаставах в «Лалитавистаре» и «Раштрапалапариприччха-сутре»
ргиа,ргиа,public,предметный термин,1,1,0,"Перевод Г.С.Лебедевым поэмы Бхарат Чондро Рая «Биддешундор» (по рукописи, хранящейся в РГИА). Предварительное сообщение"
реальный,реальный,public,предметный термин,1,1,0,Реальное и ирреальное в «„Новой поэзии“ хинди»
ребенок,ребенок,public,предметный термин,1,1,0,Рассказы для детей об аватарах Вишну
регент,регент,public,предметный термин,1,0,1,Тибето-китайские параллели в наименованиях и титулах регентов на примере текста декрета Далай-ламы V о назначении Сангье Гьяцо дэсридом (1679 г.)
редактор,редактор,public,предметный термин,1,1,0,«Тируттондар тирувандади» Намби Андара Намби (Роль редактора в формировании канонического списка бхактов-наянаров)
редакция,редакция,public,предметный термин,1,1,0,Роль Умапати Шивачарьи в формировании окончательной редакции канона шайва-сиддханты
редкий,редкий,public,предметный термин,1,1,0,Инородные предметы в ушах Благословенного: к слову об одной редкой иконографической схеме в буддийском искусстве
рекогнитивный,рекогнитивный,public,предметный термин,1,1,0,«Семь познающих» (saptapramātāraḥ) в рекогнитивном самопознании (pratyabhijñā) у Абхинавагупты
релевантность,релевантность,public,предметный термин,1,1,0,История Ситы и Рамы глазами современных индийских поэтов-мистиков и ее релевантность для современного индийского общества
религиозно-мистический,религиозно-мистический,public,предметный термин,1,1,0,Символические модели Абсолютного Сознания в религиозно-мистической философии Кашмирского шиваизма. Некоторые методологические вопросы
ренковскай,ренковскай,public,предметный термин,1,1,0,"В поисках современного подхода к прозе Премчанда.Коровина Евгения Владимировна, Ренковская Евгения Алексеевна (Москва). Экспедиция к памятникам протоиндийской цивилизации на территории Индии"
рериховский,рериховский,public,предметный термин,1,0,1,Отражение монгольских имперских идей в тибетской историографии. LX РЕРИХОВСКИЕ ЧТЕНИЯ
ретроспективный,ретроспективный,public,предметный термин,1,1,0,Христианская книга на индийских языках XVI — XVII вв.: ретроспективный библиографический указатель
рефлексивный,рефлексивный,public,предметный термин,1,1,0,Бхартрихари и Дхармакирти о возможности рефлексивного акта познания
рефлексия,рефлексия,public,предметный термин,1,1,0,Сравнительный анализ генезиса рефлексии в индийской и европейской философских традициях: визуальные и лингвистические детерминанты
реформа,реформа,public,предметный термин,1,1,0,«Барахмах» Нанака и дискуссия о реформе сикхского календаря
ригведапратишакхья,ригведапратишакхья,public,предметный термин,1,1,0,Категории описания священной речи в «Ригведапратишакхье»
рикпратишакхие,рикпратишакхие,public,предметный термин,1,1,0,Замечания по формальной стороне Рикпратишакхьи
рис-дэвидс,рис-дэвидс,public,предметный термин,1,1,0,Томас Рис-Дэвидс как основатель Pali Text Society
рисовый,рисовый,public,предметный термин,1,1,0,Ранние китайские версии биографии Будды: сюжет подношения рисовой каши
рисунок,рисунок,public,предметный термин,1,0,1,Визуальная поэзия или поэтический рисунок Рабиндраната Тагора: традиция каллиграфии и фигуры-лампы
риттер,риттер,public,предметный термин,1,0,1,Памятные даты – стимул к новым поискам: 150 лет со дня рождения Павла Риттера и 120 лет со дня рождения Юрия Рериха. (доклад онлайн)
ритуально-мифологический,ритуально-мифологический,public,предметный термин,1,1,0,Непальский Маччхендранатх: ритуально-мифологический контекст
риш,риш,public,предметный термин,1,1,0,О языке и стиле эпических риши
роберто,роберто,public,предметный термин,1,1,0,Из миссионерской истории Индии: Роберто де Нобили
родильный,родильный,public,предметный термин,1,1,0,Ритуальный комплекс родильных обрядов в неварском буддизме
родня,родня,public,предметный термин,1,1,0,«Моя мать и твоя мать – какая родня?» Об обозначениях братьев и сестер и возможностях прадравидийской реконструкции
родственник,родственник,public,предметный термин,1,1,0,Тамильские родственники в общедравидийском контексте: семантика и типология
родственный,родственный,public,предметный термин,1,1,0,О двух родственных джатакаставах в «Лалитавистаре» и «Раштрапалапариприччха-сутре»
рой,рой,public,предметный термин,1,1,0,Интерпретация идей Упанишад у Раммохона Роя и Дебендронатха Тагора
рома,рома,public,предметный термин,1,1,0,Фольклор европейских рома (цыган) и мифы индийских племен
романтизм,романтизм,public,предметный термин,1,1,0,Проблема языка в веданте и европейском романтизме
российско-индийский,российско-индийский,public,предметный термин,1,1,0,Вклад В. С. Воробьева-Десятовского (1927—1956) в развитие российско-индийских культурных связей
рохинтон,рохинтон,public,предметный термин,1,1,0,Община парсов в мультикультурном Бомбее (по произведениям Рохинтона Мистри)
рубрикация,рубрикация,public,предметный термин,1,1,0,Технические приспособления для рубрикации корней в «Дхатупатхе» Панини
рудра-кхандоба,рудра-кхандоба,public,предметный термин,1,1,0,Культ Рудры-Кхандобы в исследованиях Г. Д. Зонтхаймера и его индоевропейские параллели
рудрый,рудрый,public,предметный термин,1,1,0,Образ бога Рудры в Шатарудрии в сравнении с германо-скандинавским богом Одином
рука,рука,public,предметный термин,1,1,0,Музыкальные инструменты в руках богов. К вопросу об иконографических атрибутах в искусстве Индии V—Х вв
руководство,руководство,public,предметный термин,1,0,1,«Парамаартхасара» Абхинавагупты: руководство по обретению «сингулярности» или свидетельство о невозможности бытия Бога (Бытия/Бога)
рукоять,рукоять,public,предметный термин,1,1,0,Тальварная рукоять и ее символика
рупа,рупа,public,предметный термин,1,1,0,Образ птицы чатаки в поэзии бенгальских вайшнавов (на примере Рупы Госвамина)
русь,русь,public,предметный термин,1,1,0,Сказание об Индейском царстве» как источник представлений об Индии в древней Руси
рыбак,рыбак,public,предметный термин,1,0,1,Легенда о рыбаке (на ирландском языке)
ряд,ряд,public,предметный термин,1,0,1,Санскара «посвящение в ученики» (упанаяна): её место и значение в ряду других санскар и в древней разработке стратификации индийского общества
сабля-шамшир,сабля-шамшир,public,предметный термин,1,1,0,Индо-иранская сабля-шамшир из собрания МАЭ
савитереть,савитереть,public,предметный термин,1,1,0,«Другая Савитри»: Сказание о Савитри в «Андхрамахабхарате»
сагничить,сагничить,public,предметный термин,1,0,1,Новый поворот традиции шраута: Сагничит Трисахасра Атиратра Сомаяга 2024 в Западной Бенгалии
сад,сад,public,предметный термин,1,1,0,Пушп-Ватика: Цветущий сад поэзии
садать,садать,public,предметный термин,1,1,0,Сюжет «Повести о Насикете» Садала Мишры в контексте истории прозы хинди
сакета,сакета,public,предметный термин,1,1,0,Восхождение Урмилы в поэме Майтхилишарана Гупты «Сакет»
саккарий,саккарий,public,предметный термин,1,0,1,Восхваление табака в поэме «Пухейилей видутуду» тамильского поэта Сини Саккарей Пулавара
саклата,саклата,public,предметный термин,1,1,0,Окна в иной мир: изобразительные тексты и линия жизни индийской художницы-парси Катаюн Саклат (1938- 2026): антропологический взгляд
сакральность,сакральность,public,предметный термин,1,0,1,Язык жреца – язык поэта. О сакральности речи в древнейших формах санскритской драмы
сало,сало,public,предметный термин,1,1,0,Тантрические парадигмы в игровых системах Востока: сравнительный анализ “Джняна чаупады” и “Салам намшак” сквозь призму индуистской и буддийской тантры
салтана,салтана,public,предметный термин,1,1,0,Индийский эпос «Дхола-Мару» и «Сказка о царе Салтане» А.С.Пушкина
салтыков,салтыков,public,предметный термин,1,1,0,По следам Петербуржца в Индии: путешествие князя Салтыкова
самашраян,самашраян,public,предметный термин,1,1,0,Образ жизни в шри-вишнуизме: самашраяна (панчасамскара) и ее основания
самбандар,самбандар,public,предметный термин,1,1,0,Легенда о поэте-ребёнке. Самбандар: миф и реальность
самбандха,самбандха,public,предметный термин,1,1,0,Язык как источник аргументации (на примере рассуждений о самбандхе)
самбодх,самбодх,public,предметный термин,1,0,1,Трава дарбха и самбодхи Будды
самбхара,самбхара,public,предметный термин,1,1,0,Самбхары в обряде установления жертвенных огней (agnyādheya)
саммелан-янтра,саммелан-янтра,public,предметный термин,1,1,0,Загадка саммелана-янтры в «Куньджитангхриставе» Умапати Шивачарьи
самоистязание,самоистязание,public,предметный термин,1,0,1,Тема «мадаль» (обряд самоистязания) в тамильской поэзии
самоназвание,самоназвание,public,предметный термин,1,0,1,К вопросу о самоназваниях школы махасангхиков-локоттаравадинов
самоопределение,самоопределение,public,предметный термин,1,1,0,Агамический текст как способ самоопределения ведической традиции (на примере «Шива сутры»)
самоповреждать,самоповреждать,public,предметный термин,1,0,1,Философия и практики самоповреждающего поведения в тамильском бхакти (доклад онлайн)
самопознание,самопознание,public,предметный термин,1,1,0,«Семь познающих» (saptapramātāraḥ) в рекогнитивном самопознании (pratyabhijñā) у Абхинавагупты
самосознание,самосознание,public,предметный термин,1,1,0,Об особенностях самосознания представителей «низких каст» в современных условиях
самудраматхан,самудраматхан,public,предметный термин,1,0,1,Очеловечивание божеств в пьесе Ватсараджи «Самудраматхана» (XII вв.)
самхит,самхит,public,предметный термин,1,1,0,Ведийское samudra-: к вопросу о широких водных пространствах в текстах самхит
самьяк,самьяк,public,предметный термин,1,1,0,Златоликие образы Дипанкары Будды и традиция проведения фестиваля Самьяк маха дана в Патане. Шишова-Маретина Ксения Александровна (Санкт-Петербург). Архетип опасной женственности в индуизме
сангие,сангие,public,предметный термин,1,0,1,Тибето-китайские параллели в наименованиях и титулах регентов на примере текста декрета Далай-ламы V о назначении Сангье Гьяцо дэсридом (1679 г.)
сангока,сангока,public,предметный термин,1,0,1,Теория преемственности Дхармы в доктрине «сангоку маппо» в японском буддизме
санграха,санграха,public,предметный термин,1,1,0,Категория санграха в буддийском философском дискурсе
сангхадас,сангхадас,public,предметный термин,1,1,0,История Агададатты в романе Сангхадасы «Странствия Васудевы»
сандаловый,сандаловый,public,предметный термин,1,0,1,Еще раз к вопросу о сандаловой статуе Будды
сандхие-бхаш,сандхие-бхаш,public,предметный термин,1,0,1,"Майтхуна, слияние лотоса и ваджры, или о некоторых особенностях символического языка сандхья-бхаша буддизма ваджраяны"
санкт,санкт,hidden,географический маркер уже вынесен в отдельную фасетку,1,0,1,Юрий Рерих и буддийский храм в Санкт- Петербурге
санкхьяик,санкхьяик,public,предметный термин,1,0,1,Дискуссия между буддистами и санкхьяиками о существовании и природе атмана в разделе «Атмапарикша» «Таттвасанграхи» Шанатаракшиты
санньяса,санньяса,public,предметный термин,1,1,0,"Санньяса и Брахмалока: смерть, социальная или физическая, как опосредующий этап пути к освобождению в адвайта-веданте"
сансар,сансар,public,предметный термин,1,0,1,"Karaṇīya-mettasutta – «Любовь всеобъемлющая», как императив, освобождающий от страданий сансары"
санскара,санскара,public,предметный термин,1,0,1,Санскара «посвящение в ученики» (упанаяна): её место и значение в ряду других санскар и в древней разработке стратификации индийского общества
санскритско-русский,санскритско-русский,public,предметный термин,1,1,0,Параллельный санскритско-русский корпус
саптасварамуртеть,саптасварамуртеть,public,предметный термин,1,0,1,"Шива Саптасварамурти из Пареля. Иконография, интерпретации, параллели"
сарваджнямитра,сарваджнямитра,public,предметный термин,1,1,0,«Гимн Таре» Сарваджнямитры и его тибетские переводы
саркара,саркара,public,предметный термин,1,1,0,Онтология и сотериология «Ананда-сутр» П.Р. Саркара
сасанидский,сасанидский,public,предметный термин,1,0,1,Тюркский каган и сасанидский шаханшах: к вопросу об идеологических заимствованиях древних тюрков у иранцев
сатие-юг,сатие-юг,public,предметный термин,1,1,0,«Век Кроноса» и «Сатья-юга»: два вида «первобытного коммунизма» и античных теорий социогенеза
сатипаттхан,сатипаттхан,public,предметный термин,1,0,1,О значении пал. sutta (p.p. от supati «спать») в медитации осознанности (сатипаттхана)
саттасаи,саттасаи,public,предметный термин,1,1,0,Тема деревни в «Саттасаи»
сатьяграха,сатьяграха,public,предметный термин,1,1,0,Женщины и сатьяграха: взгляд М. К. Ганди
саундарананд,саундарананд,public,предметный термин,1,1,0,История Капилавасту в поэме Ашвагхоши «Саундарананда»
саутрантик,саутрантик,public,предметный термин,1,1,0,О значении термина «саутрантика» в «Абхидхармакоше» Васубандху
сахар,сахар,public,предметный термин,1,1,0,«Сахар в молоке»: Ауто-представления об «индийском» и «персидском» в современной религиозной культуре парсов
сбор,сбор,public,предметный термин,1,1,0,Этнографические сборы В.И. Липского на Цейлоне в начале XX в
свадебный,свадебный,public,предметный термин,1,1,0,«Давай поженимся»: Свадебные ритуалы в неварском буддизме
свапнавасавадатт,свапнавасавадатт,public,предметный термин,1,0,1,Проблема сновидения и «ошибочные действия» в натаке Бхасы «Свапнавасавадатта»
сведение,сведение,public,предметный термин,1,0,1,Немногие сведения о Нилакантхадикшитеграмматисте
свертка,свертка,public,предметный термин,1,1,0,"Развертка, свертка и смысл в индийской философии"
сверхзадача,сверхзадача,public,предметный термин,1,1,0,Найти нормативную этику в традиционных текстах: сверхзадача и её решение мыслителями Бенгальского Возрождения.
светоносность,светоносность,public,предметный термин,1,0,1,Могольская концепция богоизбранности и светоносности и ее визуальное воплощение
свита,свита,public,предметный термин,1,1,0,"«Мудрость незапятнанная, окруженная свитой...». О структуре определения термина «abhidharma» в «Абхидхармакошабхашье» Васубандху"
свобода,свобода,public,предметный термин,1,1,0,«Религия Человека»: свобода и традиция в философствовании Рабиндраната Тагора
связанный,связанный,public,предметный термин,1,0,1,Карма и связанные термины во 2-й патале Калачакра-тантры
связка,связка,public,предметный термин,1,0,1,Связка текст-смысл-мышление в «Артхашастре» Каутильи: уникальность и стандартность
святыня,святыня,public,предметный термин,1,0,1,Буддийские святыни в «Записках» Сюань-Цзана: построение текста
себя,себя,public,предметный термин,1,0,1,Несколько слов о «я» и Адвайте в свете узнавания себя как предельного обладающего в толкованиях Абхинавагупты на «Ишварапратьябхиджня-карике» Утпаладевы
северо-индийский,северо-индийский,public,предметный термин,1,1,0,Кришнаитские коды проповеди северо-индийского бхакти
сезонный,сезонный,public,предметный термин,1,1,0,Сезонный и суточный циклы в санскритской драме (структура санскритской драмы)
секкижара,секкижара,public,предметный термин,1,0,1,"Восхождение на Кайласу. История шайва-бхактов Сундарара и Черамана Перумаля, рассказанная в «Перияпуранам» Секкижара и на фреске храма Брихадишвары в Танджоре"
сексуальность,сексуальность,public,предметный термин,1,1,0,От демонической к человеческой сексуальности? Индо-иранский миф о первобытном инцесте Ями и Ямы и его индоевропейские корни
секта,секта,public,предметный термин,1,1,0,«Они из секты Пифагора»: представления об индуизме трех итальянских купцов второй половины XVI в.
секуляризм,секуляризм,public,предметный термин,1,0,1,Непал: от конфессионального компромисса до секуляризма (Некоторые штрихи истории духовной культуры)
селение,селение,public,предметный термин,1,0,1,Некоторые особенности праздника семи неварских селений юго-западной части Долины Катманду
семантический,семантический,public,предметный термин,1,1,0,О семантических переходах с участием терминов родства в старотамильском языке
семенцов,семенцов,public,предметный термин,1,1,0,К (посмертному) изданию полного перевода (В. С. Семенцова) «Гитабхашьи» Рамануджи на русском языке
серайкел,серайкел,public,предметный термин,1,1,0,"Серайкела, Майюрбхандж, Пурулиа: феномен чхау на плато Чхота Нагпур (Восточная Индия)"
серебряный,серебряный,public,предметный термин,1,0,1,«Жизнь Будды» Ашвагхоши и Серебряный век русской культуры
сесила,сесила,public,предметный термин,1,1,0,Сесил Бендалл как публикатор буддийских письменных памятников
сестра,сестра,public,предметный термин,1,1,0,«Моя мать и твоя мать – какая родня?» Об обозначениях братьев и сестер и возможностях прадравидийской реконструкции
сибирь,сибирь,public,предметный термин,1,1,0,"Вновь найденный ксилограф с санскритским алфавитом в трех графических вариантах, привезенный Д. Мессершмидтом из Сибири в 1727 г"
сидаста,сидаста,public,предметный термин,1,1,0,Вспомнить все: ганджифа и забытая карточная игра «Сидаста» из коллекции А.М. и Л.А. Мервартов
сикионский,сикионский,public,предметный термин,1,0,1,Учение о цвете Ксенократа Сикионского и теория цвето-культурной компетенции чхави Древней Индии
сикким,сикким,public,предметный термин,1,0,1,Некоторые особенности культа Белого старца в Сиккиме. (доклад онлайн)
сила,сила,public,предметный термин,1,1,0,Как Кришна с Горакхой силой мерялись: Столкновение разных мистических течений в творчестве Малика Мухаммада Джаяси
сингулярность,сингулярность,public,предметный термин,1,0,1,«Парамаартхасара» Абхинавагупты: руководство по обретению «сингулярности» или свидетельство о невозможности бытия Бога (Бытия/Бога)
сингха,сингха,public,предметный термин,1,1,0,Интерпретация кровавых событий раздела Индии и Пакистана в романе Кхушванта Сингха «Поезд в Пакистан»
синий,синий,public,предметный термин,1,1,0,Боги «из разряда синих» в предании о дарении чаши в «Лалитавистаре»
синкретизм,синкретизм,public,предметный термин,1,0,1,Синкретизм буддизма и шаманизма Тувы в живописи Шоя Чурука
синкретический,синкретический,public,предметный термин,1,0,1,Sarvajña-bhāṣā — всеведущий и синкретический язык Калачакра-тантры
синтаксис,синтаксис,public,предметный термин,1,0,1,Традиционный индийский комментарий как источник по изучению синтаксиса древнеиндийских языков
синтаксический,синтаксический,public,предметный термин,1,0,1,Синтаксические конструкции с ti и -bhāva в языке пали
синтра,синтра,public,предметный термин,1,1,0,Камень-трава или плод из города Синтры: история одного индийского фитонима
синцзян,синцзян,public,предметный термин,1,0,1,Н.К. Рерих с семьей в Синцзяне в 1926 г
синь,синь,public,предметный термин,1,0,1,Восхваление табака в поэме «Пухейилей видутуду» тамильского поэта Сини Саккарей Пулавара
ситарама-чаритра-дарпать,ситарама-чаритра-дарпать,public,предметный термин,1,1,0,Према Рамаяна и Шри Ситарама-чаритра-дарпана как примеры Рамаян XX века в контексте современной литературы на бходжпури и майтхили
сказ,сказ,public,предметный термин,1,1,0,Сравнительный анализ образов сакрального в тамильских храмовых мифах и в сказах П. П. Бажова
скандальный,скандальный,public,предметный термин,1,1,0,«Город победы» Рушди — ответ «Рамаяне» самого скандального автора 20 столетия
скандх,скандх,public,предметный термин,1,1,0,Фрагмент дискуссии о пудгале в «Катхаваттху» I.1: пудгала и скандхи
скифия,скифия,public,предметный термин,1,0,1,"Скифский язык, топонимы Скифии и Центральной Азии, индоевропейские языки: культурные заимствования из Индии и культур древнего Понта Эвксинского"
складывание,складывание,public,предметный термин,1,0,1,К проблеме складывания сикхского двора и придворной культуры при последних шести гуру
склонность,склонность,public,предметный термин,1,1,0,Склонность к конфликтам в образе Махакашьяпы в буддийских канонических текстах
скороходов,скороходов,public,предметный термин,1,1,0,Дидактические шатаки в литературе телугу (К характеристике жанровых особенностей). 3. Т. Г .Скороходова (Пенза). Интерпретация традиционного индийского текста либеральными мыслителями Бенгальского Возрождения
скрытый,скрытый,public,предметный термин,1,1,0,Скрытое / явное: представления о знании у племенных народов Южной Карнатаки
скульптурный,скульптурный,public,предметный термин,1,1,0,Заметки о структуре расположения скульптурных изображений в храмовых комплексах согласно «Агни-пуране»
слава,слава,public,предметный термин,1,1,0,Индийские памятники героям в сравнительном освещении (К вопросу о материальном соответствии поэтической формуле «непреходящая слава»)
следовать,следовать,public,предметный термин,1,1,0,Следуя воле звезд: Индийская астрология и практика предсказаний стихийных бедствий
слияние,слияние,public,предметный термин,1,0,1,"Майтхуна, слияние лотоса и ваджры, или о некоторых особенностях символического языка сандхья-бхаша буддизма ваджраяны"
словарь-тезаурус,словарь-тезаурус,public,предметный термин,1,1,0,Опыт построения словаря-тезауруса древнеиндийской лингвистической терминологии (на материале грамматики Панини)
словацкий,словацкий,public,предметный термин,1,1,0,Образ Индии в словацкой литературе XIX в
словесный,словесный,public,предметный термин,1,1,0,Словесные фигуры и принцип «непрямого высказывания» (вакрокти) в средневековой поэтике
словообразование,словообразование,public,предметный термин,1,0,1,Словослияние в куллуи как способ словообразования
словослияние,словослияние,public,предметный термин,1,0,1,Словослияние в куллуи как способ словообразования
словоформа,словоформа,public,предметный термин,1,1,0,Синтез глагольной словоформы в грамматике Панини
сложный,сложный,public,предметный термин,1,1,0,Синтез сложных слов tatpuruṣa и karmadhāraya в грамматике Панини
слой,слой,public,предметный термин,1,1,0,О происхождении культурных архаизмов в позднем слое содержания «Махабхараты» (на примере темы воинских братств)
служение,служение,public,предметный термин,1,1,0,"Одержимость, служение и лицедейство. Традиции Bhoota-kolam и Theyyam Тулунаду"
случай,случай,public,предметный термин,1,0,1,Рецепция тантрического текста в совеременной культуре: случай Аллена Гинзберга
слышать,слышать,public,предметный термин,1,1,0,Санскритское upa-śru-: «слышать» или «вслушиваться»? Об одном древнеиндийском способе гадания
смех,смех,public,предметный термин,1,0,1,Смех в традиции древнеиндийского театра (по материалам Натьяшастры)
снатака,снатака,public,предметный термин,1,0,1,Снатака в древнеиндийском ритуале и тексте
снова,снова,public,предметный термин,1,1,0,И снова о переводах Р. Тагора
собака,собака,public,предметный термин,1,1,0,К авестийско-ведийским параллелям о собаке
событие,событие,public,предметный термин,1,1,0,Интерпретация кровавых событий раздела Индии и Пакистана в романе Кхушванта Сингха «Поезд в Пакистан»
совеременный,совеременный,public,предметный термин,1,0,1,Рецепция тантрического текста в совеременной культуре: случай Аллена Гинзберга
совершенный,совершенный,public,предметный термин,1,1,0,Концепция совершенного человека в творчестве народных певцов – баулов
совместный,совместный,public,предметный термин,1,0,1,Ю.М. Парфионович: штрихи жизненного пути. Парфионович – продолжатель исследований Ю.Н. Рериха в области тибетологии. Совместная деятельность Ю.М. Парфионовича и В. С. Дылыковой по изучению и переводу «Калачакра-тантры». И.В. Григорьев. Ю.М. Парфионович и будущее отечественной буддологии
согласный,согласный,public,предметный термин,1,1,0,Вытеснение согласного во избежание возникновения тяжелой группы трех шумных согласных в индоиранском
содержательный,содержательный,public,предметный термин,1,1,0,"Содержательное обоснование порядка в перечне прамей (Ньяя-сутра, Ньяя-бхашья)"
сожжение,сожжение,public,предметный термин,1,0,1,Миф о сожжении Трипуры на перекрестках ведийской и эпической традиции
созвездие,созвездие,public,предметный термин,1,1,0,Лунные созвездия (nakṣatras) и традиция имянаречения в Древней Индии H. Urbańska. Concept of maya in Darśana Mala of Narayana Guru
сок,сок,public,предметный термин,1,1,0,Раса как сок поэзии
сокровище,сокровище,public,предметный термин,1,0,1,"Семь сокровищ чакравартина и их пространственная локализация (палийский канон, «Артхашастра»)"
сокрытие,сокрытие,public,предметный термин,1,1,0,Способы сокрытия мантр в тантрических текстах
сома,сома,public,предметный термин,1,1,0,"Сура vs. сома в жертвоприношении Саутрамани: мифы, ритуальные действия, мантры"
сомаяга,сомаяга,public,предметный термин,1,0,1,Новый поворот традиции шраута: Сагничит Трисахасра Атиратра Сомаяга 2024 в Западной Бенгалии
сонгцэн-гампо,сонгцэн-гампо,public,предметный термин,1,1,0,"О гимне Авалокитешваре, приписываемом тибетскому царю Сонгцэн-гампо"
сонет,сонет,public,предметный термин,1,0,1,Чувство времени (венок сонетов)
сонм,сонм,public,предметный термин,1,0,1,Некоторые типичные моменты появления сонма божеств в Непале
соответствие,соответствие,public,предметный термин,1,1,0,Индийские памятники героям в сравнительном освещении (К вопросу о материальном соответствии поэтической формуле «непреходящая слава»)
сор,сор,public,предметный термин,1,1,0,"Ранние священные тексты на соранг-сомпенг как ключ к истории создания культа «Матар Баном» у племени сора (южные мунда, Орисса)"
соранг-сомпенг,соранг-сомпенг,public,предметный термин,1,1,0,"Ранние священные тексты на соранг-сомпенг как ключ к истории создания культа «Матар Баном» у племени сора (южные мунда, Орисса)"
составлять,составлять,public,предметный термин,1,1,0,Новый роман Салмана Рушди «Кишот» и его индийская составляющая
сохранить,сохранить,public,предметный термин,1,1,0,Текущие переводческие проекты Фонда «Сохраним Тибет!» и изд-ва «Нартанг»
социально-политический,социально-политический,public,предметный термин,1,1,0,Социально-политический контекст романов Даймонд Шамшера Рана
социально-философский,социально-философский,public,предметный термин,1,0,1,Социально-философские концепции Калачакратантры с некоторыми параллелями в Кашмирском Шиваизме
социовозрастной,социовозрастной,public,предметный термин,1,1,0,Социовозрастная инициация и монашеское посвящение в неварском буддизме
социогенез,социогенез,public,предметный термин,1,1,0,«Век Кроноса» и «Сатья-юга»: два вида «первобытного коммунизма» и античных теорий социогенеза
социоскрипторик,социоскрипторик,public,предметный термин,1,0,1,Письмо в культуре от Бактрии до Индии по материалам многоязычных надписей 3 в. до н. э. – 5 в. н. э. (К проблеме социоскрипторики)
социоскрипторный,социоскрипторный,public,предметный термин,1,0,1,Социоскрипторная ситуация в Древней Индии
спб,спб,public,предметный термин,1,1,0,"Научная ценность труда И.П.Минаева «Буддизм.Исследования и материалы» (СПб.,1887)"
спбгу,спбгу,public,предметный термин,1,1,0,Коллекция индийских рукописей рукописного фонда библиотеки СПбГУ
специальный,специальный,public,предметный термин,1,1,0,Проблема интерпретации специальной санскритской терминологии: термин адхьякша в индийской традиции
спорить,спорить,public,предметный термин,1,1,0,Зачем спорили хэшан Махаяна и Камалашила?
способность,способность,public,предметный термин,1,1,0,Форма смыслового глагола в модальных конструкциях возможности/способности в хинди
спхотавад,спхотавад,public,предметный термин,1,1,0,Критика Шанкарой доктрины спхотавады
спхотасиддх,спхотасиддх,public,предметный термин,1,1,0,Концепция спхоты в «Спхотасиддхи» Манданамишры
сравнивать,сравнивать,public,предметный термин,1,1,0,Как сравнивать индийскую и западную эпистемологию? Опыт создания методологии компаративного исследования
сражение,сражение,public,предметный термин,1,1,0,Родство по крови и родство по духу: М. К. Ганди о мотивах отказа Арджуны от сражения
среда,среда,public,предметный термин,1,1,0,"Огонь, вода и память: погребальные практики сикхов в мультикультурной среде"
среднеазиатский,среднеазиатский,public,предметный термин,1,1,0,Несколько этимологий арготических слов среднеазиатских цыган на фоне дискуссий последнего полувека об истории цыган
средневековье,средневековье,public,предметный термин,1,0,1,Смена парадигмы? Числовые «коды» в структуре индийских математических сочинений древности и средневековья
стадия,стадия,public,предметный термин,1,1,0,Стадии пути к освобождению по «Найшкармья-сиддхи» (I.52) Сурешвары
стадо,стадо,public,предметный термин,1,1,0,О быках и людях (Образ «Стада» в скотоводческом эпосе Южной Индии)
сталь-гольштейн,сталь-гольштейн,public,предметный термин,1,1,0,А.А. Сталь-Гольштейн как участник научно-издательской серии «Bibliotheca Buddhica»
стандартность,стандартность,public,предметный термин,1,0,1,Связка текст-смысл-мышление в «Артхашастре» Каутильи: уникальность и стандартность
старинный,старинный,public,предметный термин,1,1,0,Старинные португальские частушки в этнографическом контексте Южной Азии
старость,старость,public,предметный термин,1,1,0,Ритуалы божественной старости в неварском буддизме
статус,статус,public,предметный термин,1,1,0,К вопросу о статусе «естественного описания» в индийской поэтике
стела,стела,public,предметный термин,1,0,1,«Стела монастыря Шакья 释迦院碑» 1257 г. в Монголии – изучение и анализ текста
стелла,стелла,public,предметный термин,1,1,0,Интеллектуальная история модернизма: Стелла Крамриш и индийский авангард
степной,степной,public,предметный термин,1,0,1,Степные кочевники – иранцы II тыс. до н. э. – I тыс. н. э. и их языки
стереотипизация,стереотипизация,public,предметный термин,1,1,0,О стереотипизации адиваси в популярной культуре Индии
стилизация,стилизация,public,предметный термин,1,1,0,Народно-разговорная речь и приемы ее стилизации в поэзии североиндийского бхакти
стилистический,стилистический,public,предметный термин,1,1,0,К вопросу о сюжетных и стилистических истоках ранних приключенческих романов на хинди
стимул,стимул,public,предметный термин,1,0,1,Памятные даты – стимул к новым поискам: 150 лет со дня рождения Павла Риттера и 120 лет со дня рождения Юрия Рериха. (доклад онлайн)
стихийный,стихийный,public,предметный термин,1,1,0,Следуя воле звезд: Индийская астрология и практика предсказаний стихийных бедствий
стихосложение,стихосложение,public,предметный термин,1,1,0,Три системы бенгальского стихосложения
сто,сто,public,предметный термин,1,0,1,Дидактика и символика в тибетской литературе (на примере «Песни о роге яка» из собрания «сто тысяч песен Миларепы»)
столетие,столетие,public,предметный термин,1,1,0,«Город победы» Рушди — ответ «Рамаяне» самого скандального автора 20 столетия
столкновение,столкновение,public,предметный термин,1,1,0,Как Кришна с Горакхой силой мерялись: Столкновение разных мистических течений в творчестве Малика Мухаммада Джаяси
сторонник,сторонник,public,предметный термин,1,1,0,Был ли Бхартрихари сторонником шабда-адвайты?
стотра-ратный,стотра-ратный,public,предметный термин,1,1,0,«Стотра-ратна» Ямуны: философия vis-à-vis поэзия
страдание,страдание,public,предметный термин,1,0,1,"Karaṇīya-mettasutta – «Любовь всеобъемлющая», как императив, освобождающий от страданий сансары"
страна,страна,public,предметный термин,1,0,1,Дарды и страна дардов в «Раджатарангини» Калханы
страница,страница,public,предметный термин,1,1,0,Проблема индианизации колониальной армии на страницах индийской прессы в 1910-х — 1940-х годах
странствовать,странствовать,public,предметный термин,1,0,1,Две тханки из собрания И.П. Минаева (МАЭ РАН) и традиция странствующих рассказчиков (лама манипа) в Гималайском регионе
страсть,страсть,public,предметный термин,1,1,0,Страсти и бесстрастие Бхартирихари
стрела,стрела,public,предметный термин,1,1,0,"Материальные атрибуты (лук, стрелы, топорик) как этнические символы автохтонов Шри Ланки"
стрелка,стрелка,public,предметный термин,1,1,0,Бодхисаттва — стрелок из лука. Буддийский сюжет и его аналоги
структурный,структурный,public,предметный термин,1,1,0,Некоторые структурные особенности пролога классической санскритской драмы»
струнный,струнный,public,предметный термин,1,0,1,Эволюция струнного музыкального инструмента вины на материале скульптуры пещерных храмов южной Индии (I–X вв.)
ступень,ступень,public,предметный термин,1,0,1,Элементы игровой поэтики в махаянском описании ступеней бодхисаттвы в текстах «Большой Праджняпарамиты»
субконтинент,субконтинент,public,предметный термин,1,1,0,Христианская книга Индийского субконтинента XVI—XIX вв
субстрат,субстрат,public,предметный термин,1,1,0,Архетип двойничества в романе С. Рушди «Ярость»: этнографический субстрат
субхашитаратнакош,субхашитаратнакош,public,предметный термин,1,1,0,Система образов поэзии кавья на примере лирических стихов из антологии Видьякары «Субхашитаратнакоша»
субъективный,субъективный,public,предметный термин,1,1,0,К вопросу о лексике индивидуального субъективного начала в ведийском языке
суженый,суженый,public,предметный термин,1,1,0,Гадание о суженом по зеркалу в «Махабхарате»: индоиранский и индоевропейский фон
суицид,суицид,public,предметный термин,1,1,0,Сотериологический ракурс «йогического суицида» (utkrānti) в традиционной индуистской йоге и тантре
сулабха,сулабха,public,предметный термин,1,1,0,Эпическая санкхья в беседе царя Джанаки и отшельницы Сулабхи (МБХ 12.308)
сумарага,сумарага,public,предметный термин,1,0,1,Текст в контексте: образ идеального сикхского правителя в кодексе Прем Сумараг в позднесредневековых панджабских реалиях
сумеречный,сумеречный,public,предметный термин,1,1,0,«Сумеречный язык» в поэзии тамильских сиддхов
суточный,суточный,public,предметный термин,1,1,0,Сезонный и суточный циклы в санскритской драме (структура санскритской драмы)
сутта,сутта,public,предметный термин,1,0,1,Metta–Karaṇīya – Любовь как этический императив в раннебуддийской сотериологии на материале Метта сутты и Тевиджджа сутты Палийского канона
суть,суть,public,предметный термин,1,0,1,Почему Дигнага называет определение восприятия Васубандху асара (лишенным сути)? Медленное чтение «Прамана-самуччая-вритти» (
существовать,существовать,public,предметный термин,1,1,0,Существует ли психофизическая проблема (mind-body problem) в буддизме?
сущий,сущий,public,предметный термин,1,0,1,Несколько замечаний о Брахмане и сущем
сходный,сходный,public,предметный термин,1,1,0,Танцы с сосудами и вокруг. Гарба Гуджарата и сходные обряды и представления Южной Азии
сходство,сходство,public,предметный термин,1,1,0,Концепт «майя» у Шанкары и Абхинавагупты: сходство и различие
схожий,схожий,public,предметный термин,1,1,0,Дворец небесный и дворец земной: две схожие главы «Лалитавистары» и их функциональная роль в общей композиции текста
сцена,сцена,public,предметный термин,1,0,1,Сцены приема гостя в древней махакавье
сценарий,сценарий,public,предметный термин,1,0,1,Дайва-арадхана Тулунаду (Южная Индия): сценарий и воплощение
считать,считать,public,предметный термин,1,1,0,Можно ли считать мадхьямаку нигилизмом?
сша,сша,public,предметный термин,1,0,1,"О письмах Ю.Н. Рериха из коллекции Д. Тарчина (Колумбийский университет, Нью-Йорк, США)"
сын,сын,public,предметный термин,1,1,0,Плач матери Будды по мертвому сыну: об одном эпизоде из легенды о просветлении
сюань-цзана,сюань-цзана,public,предметный термин,1,0,1,Буддийские святыни в «Записках» Сюань-Цзана: построение текста
сюжетообразующий,сюжетообразующий,public,предметный термин,1,1,0,Метафора воды как сюжетообразующий прием романа Абрахама Вергезе «Завет воды»
табак,табак,public,предметный термин,1,0,1,Восхваление табака в поэме «Пухейилей видутуду» тамильского поэта Сини Саккарей Пулавара
таджикистан,таджикистан,public,предметный термин,1,0,1,Исторические идеи просветительства Ахамади Дониша в культурном коде Таджикистана
тайно,тайно,public,предметный термин,1,0,1,"Зеркало, конец иллюзии. Или как удовлетворить тайно влюбленную, касающуюся кувшинами грудей отражения возлюбленного. Учение об отражении в 3-й главе «Тантра-алоки» Абхинавагупты"
тайный,тайный,public,предметный термин,1,1,0,Салман Рушди и русская литература: тайный роман?
тайский,тайский,public,предметный термин,1,1,0,Жизнеописание праведного царя Ашоки в индийских и тайских источниках
тальварный,тальварный,public,предметный термин,1,1,0,Тальварная рукоять и ее символика
тамилистый,тамилистый,public,предметный термин,1,1,0,«Рагхуванша» Калидасы глазами тамилиста
танджор,танджор,public,предметный термин,1,0,1,"Восхождение на Кайласу. История шайва-бхактов Сундарара и Черамана Перумаля, рассказанная в «Перияпуранам» Секкижара и на фреске храма Брихадишвары в Танджоре"
танкри,танкри,public,предметный термин,1,0,1,Астрологические манускрипты на танкри из коллекции Кхубрама Кхушдиля (Химачал-Прадеш): особенности текстов и датировка
тантра-алок,тантра-алок,public,предметный термин,1,0,1,"Зеркало, конец иллюзии. Или как удовлетворить тайно влюбленную, касающуюся кувшинами грудей отражения возлюбленного. Учение об отражении в 3-й главе «Тантра-алоки» Абхинавагупты"
тантралок,тантралок,public,предметный термин,1,1,0,«Унмада нирукта». «Безумная этимология»: об особенностях мистической герменевтики тантры (на примере интерпретации первой мангала-шлоки «Тантралоки»)
тантрийский,тантрийский,public,предметный термин,1,1,0,Техническая терминология тантрийской йоги в «Виджняна Бхайрава тантре»
тантрология,тантрология,public,предметный термин,1,1,0,Что такое тантра? К вопросу об определении тантры/тантризма в современной тантрологии
танцевальный,танцевальный,public,предметный термин,1,1,0,Sattriya Ассама: о преобразовании ритуального представления бхакатов в еще один «классический танцевальный стиль» Индии
танцовщица,танцовщица,public,предметный термин,1,0,1,Танцовщица и покровитель: начни и расик восточных областей Индии. Контексты взаимоотношений
танцор,танцор,public,предметный термин,1,1,0,"Сказители, музыканты и танцоры. К вопросу о происхождении и кастовой дхарме так называемых катхаков Раджастхана"
танцующий,танцующий,public,предметный термин,1,0,1,О нарративной символике бронзовой фигурки танцующего Бала-Кришны
тарих-и,тарих-и,public,предметный термин,1,0,1,Актуализация информативной основы средневекового текста Центральной Азии в современном мире (на примере «Тарих-и Рашиди» Мирзы Хайдара Дуглата»)
тарчин,тарчин,public,предметный термин,1,0,1,"О письмах Ю.Н. Рериха из коллекции Д. Тарчина (Колумбийский университет, Нью-Йорк, США)"
таттво-санграха,таттво-санграха,public,предметный термин,1,0,1,К вопросу о русском переводе «Мимансакапарикальпита-атма-парикши» «Таттва-санграхи» Шантаракшиты с комментарием Камалашилы «Панджика»
таттво-сандарбха,таттво-сандарбха,public,предметный термин,1,1,0,Прамана-вада «Таттва-сандарбхи» Дживы Госвами в оптике неклассической эпистемологии науки
татхагат,татхагат,public,предметный термин,1,0,1,О термине татхагата в палийском каноне
тво,тво,public,предметный термин,1,0,1,Кангдзей: «Подношения гневным божеcтвам»
твой,твой,public,предметный термин,1,1,0,«Моя мать и твоя мать – какая родня?» Об обозначениях братьев и сестер и возможностях прадравидийской реконструкции
творить,творить,public,предметный термин,1,0,1,«Абхисамаяланкара»: от первых трех глав к четвертой. Сознание творит реальность
театрик,театрик,public,предметный термин,1,1,0,Саттрия: рождение нового индийского классического танца в Ассаме Лаборатория «Театрика» (Москва – С.-Петербург). Видеоматериал по традиции чхоу
тевидждж,тевидждж,public,предметный термин,1,0,1,Metta–Karaṇīya – Любовь как этический императив в раннебуддийской сотериологии на материале Метта сутты и Тевиджджа сутты Палийского канона
теистический,теистический,public,предметный термин,1,0,1,Теистические установки в классической йоге и «Шветашватара-упанишаде»
текст-смысл-мышление,текст-смысл-мышление,public,предметный термин,1,0,1,Связка текст-смысл-мышление в «Артхашастре» Каутильи: уникальность и стандартность
текущий,текущий,public,предметный термин,1,1,0,Текущие переводческие проекты Фонда «Сохраним Тибет!» и изд-ва «Нартанг»
телеологический,телеологический,public,предметный термин,1,1,0,Телеологический аргумент в пользу существования Бога в учении Свами Вивекананды
телеология,телеология,public,предметный термин,1,1,0,Индуистская тантрическая телеология
теоморфный,теоморфный,public,предметный термин,1,1,0,Теоморфные образы варн санскрита в контексте индуистской тантры
теоретико-культурный,теоретико-культурный,public,предметный термин,1,0,1,«Видимый» и «невидимый» мир в теоретико-культурном дискурсе Древней Индии
теоретический,теоретический,public,предметный термин,1,1,0,Теоретические аспекты учения тантрической школы кула (согласно «Куларнава-тантре»)
тереть,тереть,public,предметный термин,1,1,0,Сюжет о Трите: этноисторическая основа
термез,термез,public,предметный термин,1,0,1,Ритуал poṣadha в буддийских монастырях кушанского Термеза I – IV в. н. э. (реконструкция)
терний,терний,public,предметный термин,1,0,1,«Очищение от терниев» в «Артхашастре» и дхармашастрах
тиб,тиб,public,предметный термин,1,0,1,О буддологии в тексте Abhisamayālaṅkāra (тиб. Mngon rtogs rgyan)
тибето-китайский,тибето-китайский,public,предметный термин,1,0,1,Тибето-китайские параллели в наименованиях и титулах регентов на примере текста декрета Далай-ламы V о назначении Сангье Гьяцо дэсридом (1679 г.)
тибето-цинский,тибето-цинский,public,предметный термин,1,0,1,Тибетский принцип чой-йон и его значение для тибето-цинских отношений
тибетология,тибетология,public,предметный термин,1,0,1,Ю.М. Парфионович: штрихи жизненного пути. Парфионович – продолжатель исследований Ю.Н. Рериха в области тибетологии. Совместная деятельность Ю.М. Парфионовича и В. С. Дылыковой по изучению и переводу «Калачакра-тантры». И.В. Григорьев. Ю.М. Парфионович и будущее отечественной буддологии
тибетско-русско-английский,тибетско-русско-английский,public,предметный термин,1,0,1,Этнокультурные особенности «Тибетско-русско-английского словаря с санскритскими параллелями» Ю.Н. Рериха
тигр,тигр,public,предметный термин,1,1,0,Образы тигра и рыбы в бенгальской фразеологии
тилля-тепа,тилля-тепа,public,предметный термин,1,0,1,"Индийская монета, найденная при раскопках Тилля-тепе"
типитака,типитака,public,предметный термин,1,1,0,Приемы композиции групп текстов в палийской «Типитаке»
типичный,типичный,public,предметный термин,1,0,1,Некоторые типичные моменты появления сонма божеств в Непале
типовой,типовой,public,предметный термин,1,1,0,Типовой мотив-ситуация в Махабхарате
тирукковейар,тирукковейар,public,предметный термин,1,0,1,Любовные и религиозные мотивы в средневековой тамильской поэме «Тирукковейар» Маниккавасахара
тирумантирам,тирумантирам,public,предметный термин,1,0,1,Несколько замечаний о введении и первой части «Тирумантирама»
тирумурейканда-пуран,тирумурейканда-пуран,public,предметный термин,1,1,0,«Тирумурейканда-пуранам» Умапати Шивачарьи как завершающее звено в формировании тамильского шиваитского канона
тирунянасамбандар,тирунянасамбандар,public,предметный термин,1,1,0,О «священной географии» в творчестве Тирунянасамбандара (шиваитский поэтический комплекс «Деварам»)
тируттондаттохей,тируттондаттохей,public,предметный термин,1,1,0,Формирование иконографии и ритуала бхактотсава в тамильском шайва-бхакти (от «Тируттондаттохей» Сундарара до «Махотсававидхи» Агхорашивы)
титул,титул,public,предметный термин,1,0,1,Тибето-китайские параллели в наименованиях и титулах регентов на примере текста декрета Далай-ламы V о назначении Сангье Гьяцо дэсридом (1679 г.)
титулатура,титулатура,public,предметный термин,1,1,0,Некоторые наблюдения над царской титулатурой индо-греков. 4. С.-
тиятта,тиятта,public,предметный термин,1,1,0,"Падаяни, мудиетту, тиятту: ритуальные исполнительские традиции центральной Кералы"
тода,тода,public,предметный термин,1,1,0,Адиваси. Загадочное племя тода
тождество,тождество,public,предметный термин,1,0,1,Воспоминание как основание для тождества «Я» в «Ишварапратьябхиджня-вимаршини» Абхинавагупты
толпава,толпава,public,предметный термин,1,1,0,Южноиндийский театр теней «толпава кутху»: традиция и современность
только,только,public,предметный термин,1,1,0,Язык богини Кали. Я.В. Васильков. Эпические герои и боги (в «Махабхарате» и не только)
топорик,топорик,public,предметный термин,1,1,0,"Материальные атрибуты (лук, стрелы, топорик) как этнические символы автохтонов Шри Ланки"
торговец,торговец,public,предметный термин,1,0,1,«Торговцы» или «богачи»? К истории племенного подразделения байат
тохар,тохар,public,предметный термин,1,0,1,Рерих и проблема истории тохар
тохарский,тохарский,public,предметный термин,1,0,1,Prasādapratibhodbhava (Śatapañcāśatka) Матричеты: тохарский перевод и комментарий
трава,трава,public,предметный термин,1,0,1,Трава дарбха и самбодхи Будды
трансакция,трансакция,public,предметный термин,1,1,0,"Мандала-классификация нечестных трансакций в ответ на упрек (Ангуттара-никая. Аттаканипата, Ассаколанкасутта)"
транскрипция,транскрипция,public,предметный термин,1,1,0,Санскритское письмо как последовательная фонетическая транскрипция
транскультурный,транскультурный,public,предметный термин,1,0,1,Вклад Ю.Н. Рериха в формирование «транскультурного пространства» Калимпонга (1950-е гг. ХХ в.)
трансфер,трансфер,public,предметный термин,1,1,0,«Индийская „игра знания“: один эпизод культурного трансфера»
трансцендентальный,трансцендентальный,public,предметный термин,1,1,0,Абсолютная встреча как феномен трансцендентальной герменевтики Г. Оберхаммера
треугольник,треугольник,public,предметный термин,1,0,1,Треугольник Паскаля или Пингалы?
трехчетвертной,трехчетвертной,public,предметный термин,1,0,1,Фронтальное и трёхчетвертное изображение лица в западно-индийской миниатюре XII–XV вв
тривадрумский,тривадрумский,public,предметный термин,1,0,1,К проблеме «тривадрумского цикла»
триграмм,триграмм,public,предметный термин,1,0,1,Божества и образы триграмм китайской «Книги Перемен» на свитке из коллекции Рерихов в Государственном Музее Востока
трик,трик,public,предметный термин,1,1,0,Комментарии Б. Н. Пандита на «Шивасутры»: новый взгляд на коренной текст трики
тримуртеть,тримуртеть,public,предметный термин,1,1,0,"Яйцо, курица и Тримурти: миф о Шакти в фольклоре мадига"
трипура,трипура,public,предметный термин,1,0,1,Миф о сожжении Трипуры на перекрестках ведийской и эпической традиции
трисахаср,трисахаср,public,предметный термин,1,0,1,Новый поворот традиции шраута: Сагничит Трисахасра Атиратра Сомаяга 2024 в Западной Бенгалии
трудность,трудность,public,предметный термин,1,1,0,Трудности в изучении философского наследия Дигнаги: опыт переводчика и историка философии
тубянский,тубянский,public,предметный термин,1,1,0,«К истолкованию мифа о Махишамардани» в научном наследии М.И. Тубянского
тува,тува,public,предметный термин,1,0,1,Синкретизм буддизма и шаманизма Тувы в живописи Шоя Чурука
тулси,тулси,public,предметный термин,1,1,0,Множество жизней поэмы Тулси Даса (некоторые аспекты современного бытования «Рамачаритаманасы»)
туркестан,туркестан,public,предметный термин,1,0,1,Буддизм в Восточном Туркестане
тхакуджуджа,тхакуджуджа,public,предметный термин,1,0,1,Роль представителя династии Тхакури (Тхакуджуджу) в ритуальной передаче власти в Непале
тхакурить,тхакурить,public,предметный термин,1,0,1,Роль представителя династии Тхакури (Тхакуджуджу) в ритуальной передаче власти в Непале
тхангка,тхангка,public,предметный термин,1,0,1,Некоторые тхангка из коллекции Ю.Н. Рериха (Новые исследования)
тхеравадинский,тхеравадинский,public,предметный термин,1,0,1,К интерпретации термина намарупа в тхеравадинской комментаторской литературе
тыс,тыс,public,предметный термин,1,0,1,Степные кочевники – иранцы II тыс. до н. э. – I тыс. н. э. и их языки
тюркоязычный,тюркоязычный,public,предметный термин,1,0,1,Роль персоязычных версий индийских текстов в формировании средневековой тюркоязычной литературы Южного Кавказа (на примере памятника «Калила и Димна»)
тюркский,тюркский,public,предметный термин,1,0,1,Тюркский каган и сасанидский шаханшах: к вопросу об идеологических заимствованиях древних тюрков у иранцев
тяжелый,тяжелый,public,предметный термин,1,1,0,Вытеснение согласного во избежание возникновения тяжелой группы трех шумных согласных в индоиранском
угон,угон,public,предметный термин,1,1,0,Тема угона скота (veṭci) в древнетамильской поэзии и литературной теории
угроза,угроза,public,предметный термин,1,0,1,Угроза монгольских вторжений в Японию глазами Нитирэна
удвоение,удвоение,public,предметный термин,1,1,0,Удвоение знаков в протоиндийской письменности
удобный,удобный,public,предметный термин,1,0,1,"Традиционные индийские классификации: образцовые, удобные, проблематичные"
удовлетворить,удовлетворить,public,предметный термин,1,0,1,"Зеркало, конец иллюзии. Или как удовлетворить тайно влюбленную, касающуюся кувшинами грудей отражения возлюбленного. Учение об отражении в 3-й главе «Тантра-алоки» Абхинавагупты"
удрученность,удрученность,public,предметный термин,1,1,0,Трактовка состояний удрученности и умопомешательства в буддийских экзегетических источниках
узнавание,узнавание,public,предметный термин,1,0,1,Несколько слов о «я» и Адвайте в свете узнавания себя как предельного обладающего в толкованиях Абхинавагупты на «Ишварапратьябхиджня-карике» Утпаладевы
уйгур,уйгур,public,предметный термин,1,0,1,Этнорелигиозная картина уйгуров по китайским источникам XIV-XIX вв
указатель,указатель,public,предметный термин,1,1,0,Христианская книга на индийских языках XVI — XVII вв.: ретроспективный библиографический указатель
уклад,уклад,public,предметный термин,1,1,0,Ведды в современном укладе жизни Шри Ланки
улан-батор,улан-батор,public,предметный термин,1,0,1,Дом-музей семьи Рерихов в Улан-Баторе
улан-баторский,улан-баторский,public,предметный термин,1,0,1,Улан-Баторский период в научной карьере Ю.Н. Рериха. 1926-1927 годы
уложить,уложить,public,предметный термин,1,0,1,Как уложить пять формул в одну строфу? «Архивирующие» возможности санскрита в математических сочинениях средневековой Индии
умерший,умерший,public,предметный термин,1,1,0,Духи умерших в представлениях и обрядовой жизни веддов Шри Ланки
умопомешательство,умопомешательство,public,предметный термин,1,1,0,Трактовка состояний удрученности и умопомешательства в буддийских экзегетических источниках
универсализм,универсализм,public,предметный термин,1,0,1,Традиции веротерпимости и универсализма в древней и средневековой Индии
университет,университет,public,предметный термин,1,0,1,"О письмах Ю.Н. Рериха из коллекции Д. Тарчина (Колумбийский университет, Нью-Йорк, США)"
универсум,универсум,public,предметный термин,1,1,0,Вьявахара как универсум установления достоверности знания в индийской эпистемологии и логике (праманаваде)
унмада,унмада,public,предметный термин,1,1,0,«Унмада нирукта». «Безумная этимология»: об особенностях мистической герменевтики тантры (на примере интерпретации первой мангала-шлоки «Тантралоки»)
унмый,унмый,public,предметный термин,1,0,1,«Унмей вилаккам» как источник по иконологии Шивы Натараджи
упанаян,упанаян,public,предметный термин,1,0,1,Санскара «посвящение в ученики» (упанаяна): её место и значение в ряду других санскар и в древней разработке стратификации индийского общества
упрек,упрек,public,предметный термин,1,1,0,"Мандала-классификация нечестных трансакций в ответ на упрек (Ангуттара-никая. Аттаканипата, Ассаколанкасутта)"
урувилев,урувилев,public,предметный термин,1,1,0,Чудеса и проповеди в лесу Урувильва. Первые последователи Будды по китайской версии биографии Будды (III в.)
условие,условие,public,предметный термин,1,1,0,Об особенностях самосознания представителей «низких каст» в современных условиях
установитель,установитель,public,предметный термин,1,1,0,Царь − установитель дхармы. Практический аспект идеологической концепции
установка,установка,public,предметный термин,1,0,1,Теистические установки в классической йоге и «Шветашватара-упанишаде»
устойчивость,устойчивость,public,предметный термин,1,0,1,"Вопрос о соотношении субъекта-пудгалы, дискретности мышления-читты и устойчивости характеристик личности в тексте «Катхаваттху» (фрагмент 1.1.193-1.1.196)"
устройство,устройство,public,предметный термин,1,1,0,"К анализу устройства «Шрибхашья» Рамануджи: содержание, композиция, стиль"
уточняться,уточняться,public,предметный термин,1,1,0,Тема уточняется
ухо,ухо,public,предметный термин,1,1,0,Инородные предметы в ушах Благословенного: к слову об одной редкой иконографической схеме в буддийском искусстве
уход,уход,public,предметный термин,1,0,1,Ситуация ухода героя в классической тамильской поэзии
участие,участие,public,предметный термин,1,1,0,О семантических переходах с участием терминов родства в старотамильском языке
учебник,учебник,public,предметный термин,1,1,0,«Ум и знание» - тибетский учебник по теории познания
ученик,ученик,public,предметный термин,1,0,1,Санскара «посвящение в ученики» (упанаяна): её место и значение в ряду других санскар и в древней разработке стратификации индийского общества
ученичество,ученичество,public,предметный термин,1,0,1,Ученичество как сюжет раннебуддийской литературы
ученый,ученый,public,предметный термин,1,1,0,Александр Михайлович Мерварт: судьба ученого
учитель,учитель,public,предметный термин,1,1,0,Вивекананда и его учителя: преемственность религиозно-философских взглядов
факир,факир,public,предметный термин,1,1,0,«Костыль факира»: атрибуция и некоторые вопросы бытования
фактор,фактор,public,предметный термин,1,1,0,Предсказания об исчезновении Дхармы как фактор зарождения традиционной историографии буддизма
фантастический,фантастический,public,предметный термин,1,1,0,Образы фантастических животных в средневековой архитектуре Индии
фарс,фарс,public,предметный термин,1,1,0,Фарс Шанкхадхары «Латакамелака» и ее рукопись из Библиотеки им. Кешара (Катманду)
фахверковый,фахверковый,public,предметный термин,1,1,0,Интерпретация фахверковой архитектуры Индии
фейковый,фейковый,public,предметный термин,1,1,0,Мифы об Индии: 2400 лет «фейковой индологии»
фестиваль,фестиваль,public,предметный термин,1,1,0,Златоликие образы Дипанкары Будды и традиция проведения фестиваля Самьяк маха дана в Патане. Шишова-Маретина Ксения Александровна (Санкт-Петербург). Архетип опасной женственности в индуизме
фигура-лампа,фигура-лампа,public,предметный термин,1,0,1,Визуальная поэзия или поэтический рисунок Рабиндраната Тагора: традиция каллиграфии и фигуры-лампы
фигурка,фигурка,public,предметный термин,1,0,1,О нарративной символике бронзовой фигурки танцующего Бала-Кришны
физический,физический,public,предметный термин,1,1,0,"Санньяса и Брахмалока: смерть, социальная или физическая, как опосредующий этап пути к освобождению в адвайта-веданте"
филиал,филиал,public,предметный термин,1,0,1,"Трактат Марко Паллиса, предостерегающий Тибет о последствиях Кали-юги (об атрибутировании и содержании тибетского ксилографа из Архива музея Рерихов (Филиал Государственного музея Востока))"
философ,философ,public,предметный термин,1,1,0,Философ Нагарджуна – персонаж пракритского романа «Лилаваи»
философско-поэтический,философско-поэтический,public,предметный термин,1,1,0,Историографический обзор философско-поэтического наследия Ведантачарьи (Веданта Дешики)
фисамат,фисамат,public,предметный термин,1,0,1,Фисаматы из Ольвийского декрета в честь Протогена
фитоним,фитоним,public,предметный термин,1,1,0,Камень-трава или плод из города Синтры: история одного индийского фитонима
флаг,флаг,public,предметный термин,1,0,1,Некоторые историко-культурные аспекты символики национального флага Непала (V – XXI вв.)
фонетика,фонетика,public,предметный термин,1,1,0,Орфоэпическая практика и древнеиндийская фонетика
фоносемантический,фоносемантический,public,предметный термин,1,1,0,Фоносемантическая структура ведийского текста (на примере гимна Ригведы I.7)
формальный,формальный,public,предметный термин,1,1,0,Замечания по формальной стороне Рикпратишакхьи
формульный,формульный,public,предметный термин,1,1,0,Формульное выражение yāvatī yānasya bhūmis в буддийских канонических текстах
фраза,фраза,hidden,служебное слово заголовка,1,1,0,"Традиция толкования упанишад: контекст, философское значение и интерпретация ключевой фразы «tat tvam asi» («Ты есть то»)"
фразеология,фразеология,public,предметный термин,1,1,0,Образы тигра и рыбы в бенгальской фразеологии
франциск,франциск,public,предметный термин,1,1,0,Из миссионерской истории Индии: Франциск Ксавье
фреска,фреска,public,предметный термин,1,0,1,"Восхождение на Кайласу. История шайва-бхактов Сундарара и Черамана Перумаля, рассказанная в «Перияпуранам» Секкижара и на фреске храма Брихадишвары в Танджоре"
фронт,фронт,public,предметный термин,1,0,1,Магические средства ведения войны на монголо-тибетском фронте
фронтальный,фронтальный,public,предметный термин,1,0,1,Фронтальное и трёхчетвертное изображение лица в западно-индийской миниатюре XII–XV вв
фундаментализм,фундаментализм,public,предметный термин,1,1,0,Айодхья через 20 лет после конфликта: о современных проявлениях индуистского фундаментализма (наблюдения и немного размышлений)
фундаментальность,фундаментальность,public,предметный термин,1,1,0,Понятие фундаментальности в индологии
функционирование,функционирование,public,предметный термин,1,1,0,Значения и функционирование лексемы ye в бенгальском языке
хазарипрасад,хазарипрасад,public,предметный термин,1,1,0,Безымянный герой (о романах Хазарипрасада Двиведи)
хайдар,хайдар,public,предметный термин,1,0,1,Актуализация информативной основы средневекового текста Центральной Азии в современном мире (на примере «Тарих-и Рашиди» Мирзы Хайдара Дуглата»)
хакер,хакер,public,предметный термин,1,1,0,Понятие религиозного инклюзивизма у П. Хакера
хальбфасса,хальбфасса,public,предметный термин,1,1,0,Философская компаративистика В. Хальбфасса
хан,хан,public,предметный термин,1,1,0,«Рассказ о рани Кетаки» Инш-алла Хана в контексте развития ранней прозы на хинди и урду
ханиф,ханиф,public,предметный термин,1,1,0,«Будда из пригорода» Ханифа Курейши: иммигрантский текст индо-британской литературы
хануман,хануман,public,предметный термин,1,0,1,Прогулки по городу с Хануманом (один эпизод из «Рамаяны» и его параллели в Артхашастре Каутильи и в палийском каноне)
хараппский,хараппский,public,предметный термин,1,1,0,Каталоги знаков хараппской письменности: материалы к сравнению
хардоле,хардоле,public,предметный термин,1,1,0,"Народные песни о Хардоле, принце Орччхи"
харихарихаривахан-авалокитешвара,харихарихаривахан-авалокитешвара,public,предметный термин,1,1,0,"Садханы Харихарихаривахана-Авалокитешвары (Авалокитешвары, восседающего на Вишну, гаруде и льве) из тибетского буддийского канона C"
харши,харши,public,предметный термин,1,1,0,Критика целей дефиниций (лакшана) в «Кхандана-кханда-кхадья» Шри Харши (на примере дефиниции восприятия)
хатха-йога,хатха-йога,public,предметный термин,1,1,0,Модели интерпретации телесности в хатха-йоге
хемадри,хемадри,public,предметный термин,1,1,0,"О толковании первой строфы «Аштанга-хридаи» средневековыми комментаторами (на примере Арунадатты, Хемадри и Инду)"
химачали,химачали,public,предметный термин,1,1,0,"Диалектологическое исследование языка куллуи (< химачали): задачи, методика, результаты"
хобуксаркий,хобуксаркий,public,предметный термин,1,0,1,Из истории фиксации традиционного сказителя хобуксарких ойратов Аримпиля (1923–1994)
хождение,хождение,public,предметный термин,1,0,1,Описание Центральной Азии в «Хождении в пять индийских царств»
холя,холя,public,предметный термин,1,1,0,Особенности празднования Холи в Раджастхане (по материалам полевых исследований)
хороший,хороший,public,предметный термин,1,1,0,Как лучше представить западному читателю историю индийской философии: размышление по поводу книги В. Эльтшингера и И. Ратье «Что такое индийская философия?»
хранилище,хранилище,public,предметный термин,1,1,0,Работа Р. Х. Ленца в западноевропейских хранилищах восточных рукописей
хранить,хранить,public,предметный термин,1,1,0,Индоевропейская формула «храни мужей и скот» в ведийских и постведийских текстах
храниться,храниться,public,предметный термин,1,1,0,"Перевод Г.С.Лебедевым поэмы Бхарат Чондро Рая «Биддешундор» (по рукописи, хранящейся в РГИА). Предварительное сообщение"
христианин,христианин,public,предметный термин,1,1,0,«Диалоги об индусской философии» Кришномохана Банерджи: история мысли в интерпретации индийского христианина
хроника,хроника,public,предметный термин,1,0,1,Интерпретация датировки появления буддизма в Японии в традиционных источниках и храмовых хрониках энги
художница-парси,художница-парси,public,предметный термин,1,1,0,Окна в иной мир: изобразительные тексты и линия жизни индийской художницы-парси Катаюн Саклат (1938- 2026): антропологический взгляд
хумаюна,хумаюна,public,предметный термин,1,1,0,Научно-фантастические рассказы Хумаюна Ахмеда
хэшана,хэшана,public,предметный термин,1,1,0,Зачем спорили хэшан Махаяна и Камалашила?
царица,царица,public,предметный термин,1,1,0,Царица в дворцовом парке
цвет,цвет,public,предметный термин,1,0,1,Учение о цвете Ксенократа Сикионского и теория цвето-культурной компетенции чхави Древней Индии
цвето-культурный,цвето-культурный,public,предметный термин,1,0,1,Учение о цвете Ксенократа Сикионского и теория цвето-культурной компетенции чхави Древней Индии
цветомыслие,цветомыслие,public,предметный термин,1,0,1,«Цветомыслие» в Древней Индии (вербальный текст и стенопись)
цветущий,цветущий,public,предметный термин,1,1,0,Пушп-Ватика: Цветущий сад поэзии
центрально-азиатский,центрально-азиатский,public,предметный термин,1,0,1,Вклад Ю.Н. Рериха в историю российских экспедиций в Центральную Азию. К 100-летию начала Центрально-Азиатской экспедиции Н.К. Рериха
цивилизационный,цивилизационный,public,предметный термин,1,0,1,Индийская философия сознания через призму цивилизационной демаркации «Восток-Запад»
цивилизация,цивилизация,public,предметный термин,1,1,0,"В поисках современного подхода к прозе Премчанда.Коровина Евгения Владимировна, Ренковская Евгения Алексеевна (Москва). Экспедиция к памятникам протоиндийской цивилизации на территории Индии"
цигенбальга,цигенбальга,public,предметный термин,1,0,1,Список тамильских каст у Бартоломеуса Цигенбальга: книжная традиция vs историческая реальность
цитирование,цитирование,public,предметный термин,1,0,1,Использование вторичного текста (цитирование) как средство ведения дискуссии в «Вопросе о субъекте (пудгале)» в «Катхаваттху 1.1»
чайтие,чайтие,public,предметный термин,1,1,0,Чайтья в трех версиях «Лалитавистары»: взаимодействие текста и паломнической традиции
чакраварти,чакраварти,public,предметный термин,1,1,0,Политик читает и пересказывает эпос. «Рамаяна» и «Махабхарата» в переложении Чакраварти Раджагопалачари
чалукьев,чалукьев,public,предметный термин,1,1,0,"""Башни с нишами"" в индуизме. Об одном типе храмовых шикхар в архитектуре Чалукьев"
чанакие,чанакие,public,предметный термин,1,0,1,Посох Чанакьи
чандрань,чандрань,public,предметный термин,1,1,0,Сказание о Ратнакалике (в составе поэмы «Лор и Чандрани»)
чанпинский,чанпинский,public,предметный термин,1,0,1,Чанпинская битва 260 г. до н.э.: когда встречаются источники и археология
чариягить,чариягить,public,предметный термин,1,1,0,«Чариягити» и Тагор
чарья-гить,чарья-гить,public,предметный термин,1,1,0,Структура «Чарья-гити»
чарьягить,чарьягить,public,предметный термин,1,1,0,Еще раз о структуре Чарьягити
частушка,частушка,public,предметный термин,1,1,0,Старинные португальские частушки в этнографическом контексте Южной Азии
чатака,чатака,public,предметный термин,1,1,0,Образ птицы чатаки в поэзии бенгальских вайшнавов (на примере Рупы Госвамина)
чатопадаев,чатопадаев,public,предметный термин,1,1,0,Об одном диафильме В. Чатопадаева из коллекции МАЭ РАН
чаша,чаша,public,предметный термин,1,1,0,Боги «из разряда синих» в предании о дарении чаши в «Лалитавистаре»
человек-эпоха,человек-эпоха,public,предметный термин,1,1,0,"«Глупец», «Незнакомец», «Человек-эпоха»: три ипостаси князя Мышкина в индийском кинематографе"
чем,чем,public,предметный термин,1,1,0,В чем непосредственность непосредственного восприятия в буддийской эпистемологии?
черамана,черамана,public,предметный термин,1,0,1,"Восхождение на Кайласу. История шайва-бхактов Сундарара и Черамана Перумаля, рассказанная в «Перияпуранам» Секкижара и на фреске храма Брихадишвары в Танджоре"
черный,черный,public,предметный термин,1,0,1,Этимология и семантика цветообозначения «черный» в культуре Китая
честь,честь,public,предметный термин,1,0,1,Фисаматы из Ольвийского декрета в честь Протогена
чидамбар,чидамбар,public,предметный термин,1,0,1,Чидамбарам и его дикшитары в зеркале «Панниру тирумурей»
чингис-хана,чингис-хана,public,предметный термин,1,0,1,Сообщение о смерти Чингис-хана в русских летописях
чистый,чистый,public,предметный термин,1,0,1,"Соотношение «чистая земля» – «нечистая земля», «чистый народ – «нечистый народ» по материалам «Манусмрити» и «Артхашастры» Каутильи"
читатель,читатель,public,предметный термин,1,1,0,Как лучше представить западному читателю историю индийской философии: размышление по поводу книги В. Эльтшингера и И. Ратье «Что такое индийская философия?»
читать,читать,public,предметный термин,1,1,0,Политик читает и пересказывает эпос. «Рамаяна» и «Махабхарата» в переложении Чакраварти Раджагопалачари
чиштийя,чиштийя,public,предметный термин,1,1,0,Кришна исполняет зикр: следы влияния бхакти на суфизм братства Чиштийя
чондро,чондро,public,предметный термин,1,1,0,"Перевод Г.С.Лебедевым поэмы Бхарат Чондро Рая «Биддешундор» (по рукописи, хранящейся в РГИА). Предварительное сообщение"
чорджапод,чорджапод,public,предметный термин,1,1,0,“Чорджапод”: история и перспективы исследования
чоттопаддхать,чоттопаддхать,public,предметный термин,1,1,0,Бонкимчондро Чоттопаддхай и генезис неоиндуизма в Бенгалии
чувственный,чувственный,public,предметный термин,1,1,0,Обоснование невозможности чувственного познания в «Прасаннападе» Чандракирти
чудесный,чудесный,public,предметный термин,1,1,0,Чудесный сосуд Манимехалей: попытка интерпретации
чужой,чужой,public,предметный термин,1,0,1,Отражение оппозиции «свой – чужой» в традиционных представлениях о землепользовании кочевников Центральной Азии
чурука,чурука,public,предметный термин,1,0,1,Синкретизм буддизма и шаманизма Тувы в живописи Шоя Чурука
чхавить,чхавить,public,предметный термин,1,0,1,Учение о цвете Ксенократа Сикионского и теория цвето-культурной компетенции чхави Древней Индии
чхау,чхау,public,предметный термин,1,1,0,"Серайкела, Майюрбхандж, Пурулиа: феномен чхау на плато Чхота Нагпур (Восточная Индия)"
чхота,чхота,public,предметный термин,1,1,0,"Серайкела, Майюрбхандж, Пурулиа: феномен чхау на плато Чхота Нагпур (Восточная Индия)"
чхоу,чхоу,public,предметный термин,1,1,0,Саттрия: рождение нового индийского классического танца в Ассаме Лаборатория «Театрика» (Москва – С.-Петербург). Видеоматериал по традиции чхоу
чюдовидный,чюдовидный,public,предметный термин,1,1,0,"«… Есть некая рыба, которая чюдовидна имать»: возможные истоки и неочевидные связи одного композитного существа индийской миниатюры"
шабда-адвайта,шабда-адвайта,public,предметный термин,1,1,0,Был ли Бхартрихари сторонником шабда-адвайты?
шабда-таттво,шабда-таттво,public,предметный термин,1,1,0,Почему Брахман наделен природой звука (шабда-таттва)?
шайва,шайва,public,предметный термин,1,1,0,Традиции и ритуалы почитания манускриптов в писаниях шайва
шайва-бхакт,шайва-бхакт,public,предметный термин,1,0,1,"Восхождение на Кайласу. История шайва-бхактов Сундарара и Черамана Перумаля, рассказанная в «Перияпуранам» Секкижара и на фреске храма Брихадишвары в Танджоре"
шайва-сиддхант,шайва-сиддхант,public,предметный термин,1,1,0,Роль Умапати Шивачарьи в формировании окончательной редакции канона шайва-сиддханты
шакие,шакие,public,предметный термин,1,0,1,«Стела монастыря Шакья 释迦院碑» 1257 г. в Монголии – изучение и анализ текста
шактизм,шактизм,public,предметный термин,1,1,0,Место «Девибхагавата-пураны» в процессе эволюции шактизма
шакть,шакть,public,предметный термин,1,1,0,"Яйцо, курица и Тримурти: миф о Шакти в фольклоре мадига"
шакунтала,шакунтала,public,предметный термин,1,1,0,О композиции вступительных глав «Сказания о Шакунтале»
шакунталый,шакунталый,public,предметный термин,1,1,0,Еще раз о сюжете эпической «Шакунталы»
шаманизм,шаманизм,public,предметный термин,1,0,1,Синкретизм буддизма и шаманизма Тувы в живописи Шоя Чурука
шаманский,шаманский,public,предметный термин,1,1,0,Элементы шаманских практик в воинских традициях Индии
шамбал,шамбал,public,предметный термин,1,0,1,Всадник Шамбалы (танка из собрания Мемориального кабинета Ю.Н. Рериха ИВ РАН)
шамшер,шамшер,public,предметный термин,1,1,0,Социально-политический контекст романов Даймонд Шамшера Рана
шанатаракшит,шанатаракшит,public,предметный термин,1,0,1,Дискуссия между буддистами и санкхьяиками о существовании и природе атмана в разделе «Атмапарикша» «Таттвасанграхи» Шанатаракшиты
шангшунг,шангшунг,public,предметный термин,1,0,1,К реконструкции языковых контактов в области Шангшунг в дотибетскую эпоху
шанкарасвамин,шанкарасвамин,public,предметный термин,1,1,0,О соотношении санскритского и тибетского текстов «Гимна Превосходящему богов» Шанкарасвамина
шанкхадхар,шанкхадхар,public,предметный термин,1,1,0,Фарс Шанкхадхары «Латакамелака» и ее рукопись из Библиотеки им. Кешара (Катманду)
шаньсить,шаньсить,public,предметный термин,1,0,1,К идентификации тантрических изображений Ямантаки в монастыре Юнъань-сы 永安寺 провинции Шаньси 山西省
шапка,шапка,public,предметный термин,1,0,1,«Белые шапки»: интерпретации и эндемичность религиозного символа в начале XVIII в
шатака,шатака,public,предметный термин,1,1,0,Дидактические шатаки в литературе телугу (К характеристике жанровых особенностей). 3. Т. Г .Скороходова (Пенза). Интерпретация традиционного индийского текста либеральными мыслителями Бенгальского Возрождения
шатакатрай,шатакатрай,public,предметный термин,1,1,0,Проблемы текстологии «Шатакатраям» Бхартрихари (на примере «Шрингарашатаки»)
шатарудрие,шатарудрие,public,предметный термин,1,1,0,Образ бога Рудры в Шатарудрии в сравнении с германо-скандинавским богом Одином
шаунака,шаунака,public,предметный термин,1,1,0,Атхарваведа 1.2. (Шаунака): дополнение к переводам
шаханша,шаханша,public,предметный термин,1,0,1,Тюркский каган и сасанидский шаханшах: к вопросу об идеологических заимствованиях древних тюрков у иранцев
шахрашуба,шахрашуба,public,предметный термин,1,1,0,Эволюция жанра шахрашуб в контексте взаимодействия персоязычной литературы и литературы урду
шветашватара-упанишад,шветашватара-упанишад,public,предметный термин,1,0,1,Теистические установки в классической йоге и «Шветашватара-упанишаде»
шесть,шесть,public,предметный термин,1,0,1,К проблеме складывания сикхского двора и придворной культуры при последних шести гуру
шив-бхакть,шив-бхакть,public,предметный термин,1,1,0,Шива-бхакти и Шива-йога в тамильском шайва-бхакти
шив-йог,шив-йог,public,предметный термин,1,1,0,Шива-бхакти и Шива-йога в тамильском шайва-бхакти
шиваит,шиваит,public,предметный термин,1,1,0,Гимн-падигам как основная форма поэзии тамильских шиваитов
шивастотравать,шивастотравать,public,предметный термин,1,0,1,Проблема бхакти в «Ожерельи Величаний Шивы» — «Шивастотравали» (Śivastotrāvalī) Утпаладевы
шивасутра,шивасутра,public,предметный термин,1,1,0,Комментарии Б. Н. Пандита на «Шивасутры»: новый взгляд на коренной текст трики
шикхара,шикхара,public,предметный термин,1,1,0,"""Башни с нишами"" в индуизме. Об одном типе храмовых шикхар в архитектуре Чалукьев"
шикша,шикша,public,предметный термин,1,0,1,Философское приложение шикши в кашмирском шиваизме
шипивишта,шипивишта,public,предметный термин,1,1,0,В защиту Вишну Шипивишты: «Аз есьм Шипивишта!» (РВ 7.100.6)
широкий,широкий,public,предметный термин,1,1,0,Ведийское samudra-: к вопросу о широких водных пространствах в текстах самхит
шишов-маретина,шишов-маретина,public,предметный термин,1,1,0,Златоликие образы Дипанкары Будды и традиция проведения фестиваля Самьяк маха дана в Патане. Шишова-Маретина Ксения Александровна (Санкт-Петербург). Архетип опасной женственности в индуизме
шишупалавадх,шишупалавадх,public,предметный термин,1,1,0,Концепция аватар Вишну в поэме Магхи «Шишупалавадха»
школьный,школьный,public,предметный термин,1,1,0,"Литература хинди как предмет школьной программы в Индии: история куррикулума, ценности и цели обучения"
шлока,шлока,public,предметный термин,1,0,1,Опыт передачи эпической шлоки в русской переводческой традиции
шоя,шоя,public,предметный термин,1,0,1,Синкретизм буддизма и шаманизма Тувы в живописи Шоя Чурука
шраут,шраут,public,предметный термин,1,0,1,Новый поворот традиции шраута: Сагничит Трисахасра Атиратра Сомаяга 2024 в Западной Бенгалии
шри-вайшнавизм,шри-вайшнавизм,public,предметный термин,1,1,0,Сотериологическая доктрина Шри-вайшнавизма в трактате Пиллея Локачарьи «Мумукшупади»
шри-вишнуизм,шри-вишнуизм,public,предметный термин,1,1,0,Образ жизни в шри-вишнуизме: самашраяна (панчасамскара) и ее основания
шрикалачакр-тантра,шрикалачакр-тантра,public,предметный термин,1,0,1,Содержание первой главы Шрикалачакра-тантры согласно ее комментарию
шрингарашатака,шрингарашатака,public,предметный термин,1,1,0,Проблемы текстологии «Шатакатраям» Бхартрихари (на примере «Шрингарашатаки»)
шричандра,шричандра,public,предметный термин,1,1,0,«Народная веданта» в произведениях Шричандры (XVI в.)
штат,штат,public,предметный термин,1,1,0,О некоторых особенностях росписей осакотхи (штат Орисса)
штудия,штудия,public,предметный термин,1,1,0,Индийские и тибетские лингвистические штудии Д. Г. Мессершмидта
шумный,шумный,public,предметный термин,1,1,0,Вытеснение согласного во избежание возникновения тяжелой группы трех шумных согласных в индоиранском
шьям,шьям,public,предметный термин,1,1,0,От эпического предания до буддийского сказания и обратно: история Шьямы
щербатский,щербатский,public,предметный термин,1,1,0,Научные связи Ф.И.Щербатского с британскими востоковедами в 1930-е гг
эверетта-менский,эверетта-менский,public,предметный термин,1,1,0,Что мы пьём? (анализ питья с позиций тибетской мадхьямаки и «многомировой» концепции Эверетта-Менского)
эвксинский,эвксинский,public,предметный термин,1,0,1,"Скифский язык, топонимы Скифии и Центральной Азии, индоевропейские языки: культурные заимствования из Индии и культур древнего Понта Эвксинского"
эвтаназия,эвтаназия,public,предметный термин,1,1,0,Интерпретация эвтаназии в буддийской картине мира
эдук,эдук,public,предметный термин,1,0,1,"Загадка эдуки – монумента опрокинутого мира (эпиграфика, эпос, пураны)"
экологический,экологический,public,предметный термин,1,1,0,«Экологический» роман Махуа Маджи
эксперимент,эксперимент,public,предметный термин,1,1,0,«Мысленный эксперимент» Васубандху
экстравертность,экстравертность,public,предметный термин,1,0,1,К вопросу о могольском изобразительном «мультилингвизме» и культурной экстравертности
эльтшингер,эльтшингер,public,предметный термин,1,1,0,Как лучше представить западному читателю историю индийской философии: размышление по поводу книги В. Эльтшингера и И. Ратье «Что такое индийская философия?»
энг,энг,public,предметный термин,1,0,1,Интерпретация датировки появления буддизма в Японии в традиционных источниках и храмовых хрониках энги
эндемичность,эндемичность,public,предметный термин,1,0,1,«Белые шапки»: интерпретации и эндемичность религиозного символа в начале XVIII в
эндогамия,эндогамия,public,предметный термин,1,1,0,К вопросу об эндогамии касты
энергийный,энергийный,public,предметный термин,1,1,0,Энергийный прагматизм в тамильской культуре
энергия,энергия,public,предметный термин,1,1,0,Проблема энергии в тантре
эпистемический,эпистемический,public,предметный термин,1,0,1,Что отличает индийскую эпистемическую культуру от западной?
эрмитаж,эрмитаж,public,предметный термин,1,1,0,К истории поступления индийских памятников в Эрмитаж: новые открытия
эротика,эротика,public,предметный термин,1,1,0,Эротика в Ригведе: мужское и женское начало
этикет,этикет,public,предметный термин,1,1,0,О некоторых специфических жестах в бытовом этикете сингалов
этико-интуитивистский,этико-интуитивистский,public,предметный термин,1,1,0,Этико-интуитивистский подход М.К. Ганди к пониманию традиционных текстов
этический,этический,public,предметный термин,1,0,1,Metta–Karaṇīya – Любовь как этический императив в раннебуддийской сотериологии на материале Метта сутты и Тевиджджа сутты Палийского канона
этноисторический,этноисторический,public,предметный термин,1,1,0,Сюжет о Трите: этноисторическая основа
этнокультурный,этнокультурный,public,предметный термин,1,0,1,Этнокультурные особенности «Тибетско-русско-английского словаря с санскритскими параллелями» Ю.Н. Рериха
этномузыколог,этномузыколог,public,предметный термин,1,1,0,Герасим Лебедев как этномузыколог: Лондонский концерт
этнорелигиозный,этнорелигиозный,public,предметный термин,1,0,1,Этнорелигиозная картина уйгуров по китайским источникам XIV-XIX вв
эфзк,эфзк,public,предметный термин,1,1,0,Коллекция № ВХ ЭФЗК 495 для МАЭ (состав и значение)
юань,юань,public,предметный термин,1,0,1,Отношения между государством Корё и Тибетом в эпоху Юань (конец XIII – начало XIV вв.)
юга-пурана,юга-пурана,public,предметный термин,1,1,0,«Юга-пурана» как исторический источник
юго-западный,юго-западный,public,предметный термин,1,0,1,Некоторые особенности праздника семи неварских селений юго-западной части Долины Катманду
южноазиатский,южноазиатский,public,предметный термин,1,1,0,Об особенностях индийской философии на основе южноазиатской схемы рациональности
южноазиатско-африканский,южноазиатско-африканский,public,предметный термин,1,1,0,Древние южноазиатско-африканские связи (по данным фольклора и мифологии)
южноандаманский,южноандаманский,public,предметный термин,1,1,0,Южноандаманские языки: к вопросу о возможностях внешнего сравнения
южнобуддийский,южнобуддийский,public,предметный термин,1,0,1,К пониманию термина buddha в южнобуддийской традиции
юнгианство,юнгианство,public,предметный термин,1,1,0,Буддизм и юнгианство
юнчжэн,юнчжэн,public,предметный термин,1,0,1,"«Во отдаленном краю границы пребывающий, исповедая веру манджушринову»: о буддийском дискурсе в калмыцкой политике императора Юнчжэна (1723–1735)"
юнъань-с,юнъань-с,public,предметный термин,1,0,1,К идентификации тантрических изображений Ямантаки в монастыре Юнъань-сы 永安寺 провинции Шаньси 山西省
яджаман,яджаман,public,предметный термин,1,0,1,Изменение роли яджаманы в шраута-ритуалах: традиция и современность
яджний,яджний,public,предметный термин,1,0,1,Яджня Ригведы и «другая яджня» палийского канона
яджный,яджный,public,предметный термин,1,1,0,«Возрожденные» ведийские ритуалы: яджна на Асси гхат и в школе девочек «Панини Канья Махавидьялая» в Варанаси
яджнявалкие-смрити,яджнявалкие-смрити,public,предметный термин,1,0,1,О ритуале помазания царя на царство в «Яджнявалкья-смрити»
ядро,ядро,public,предметный термин,1,0,1,У истоков Праджняпарамиты (стихотворное ядро традиции)
языкознание,языкознание,public,предметный термин,1,0,1,Вклад Ю.Н. Рериха в развитие тибетского языкознания
яйцо,яйцо,public,предметный термин,1,1,0,"Яйцо, курица и Тримурти: миф о Шакти в фольклоре мадига"
якоб,якоб,public,предметный термин,1,1,0,Психология Бога в кашмирском шиваизме и у Якоба Беме
якшаган,якшаган,public,предметный термин,1,1,0,"«Песни якшей», игры людей: о социальных, культурных и художественных особенностях якшаганы Карнатаки В программе возможны изменения и дополнения"
якшея,якшея,public,предметный термин,1,1,0,"«Песни якшей», игры людей: о социальных, культурных и художественных особенностях якшаганы Карнатаки В программе возможны изменения и дополнения"
яма,яма,public,предметный термин,1,1,0,Был ли Яма пессимистом? Значение частицы gha и ее индоевропейские параллели (К интерпретации стиха Ригведа
ямантаки,ямантаки,public,предметный термин,1,0,1,К идентификации тантрических изображений Ямантаки в монастыре Юнъань-сы 永安寺 провинции Шаньси 山西省
ями,ями,public,предметный термин,1,1,0,От демонической к человеческой сексуальности? Индо-иранский миф о первобытном инцесте Ями и Ямы и его индоевропейские корни
ямун,ямун,public,предметный термин,1,1,0,«Стотра-ратна» Ямуны: философия vis-à-vis поэзия
ямуначарья,ямуначарья,public,предметный термин,1,1,0,Проблема уникальности природы человеческой души в философской системе Ямуначарьи
