presentation_id,year,series_id,title,gumilyov_level,confidence,source,why
PRES_2a08c0cb86,2004,1,Актуальные проблемы изучения «Бхагавадгиты»,1,0.8,deepseek,"Заголовок об изучении конкретного текста, уровень L1."
PRES_3dfb43981f,2004,1,«Ум и знание» - тибетский учебник по теории познания,1,0.9,deepseek,"Конкретный тибетский учебник, уровень L1."
PRES_3faf9b7b24,2004,1,Сюжет о Трите:  этноисторическая основа,1,0.8,deepseek,"Сюжет о Трите, конкретный мифологический сюжет, уровень L1."
PRES_440de90864,2004,1,Миф об Агастье в средневековой литературе телугу,1,0.9,deepseek,"Миф об Агастье в литературе телугу, конкретный сюжет, уровень L1."
PRES_4dc8f2c386,2004,1,Об астрологической герменевтике в медицинских текстах (Аюрведа),1,0.9,deepseek,"Астрологическая герменевтика в медицинских текстах, конкретный аспект, уровень L1."
PRES_5461e391b0,2004,1,Сюжет «Повести о Насикете» Садала Мишры в контексте истории прозы хинди,1,0.9,deepseek,"Сюжет конкретного произведения в контексте истории прозы хинди, уровень L1."
PRES_5ec00edd5f,2004,1,Литературные реминисценции в «Гаудавахо» Вакпатираджи,1,0.8,deepseek,"Литературные реминисценции в конкретном произведении, уровень L1."
PRES_630760bcac,2004,1,Психология акта самопожертвования в изображении драматургов 7-го века,1,0.8,deepseek,"Психология акта самопожертвования у драматургов 7 века, конкретный аспект, уровень L1."
PRES_646225a03b,2004,1,Опровержение атомизма в трактате Васубандху Виджняптиматратасиддхи («Доказательство единственности сознания»),1,0.9,deepseek,"Опровержение атомизма в трактате Васубандху, конкретный текст, уровень L1."
PRES_6c8531953d,2004,1,Концепция спхоты в «Спхотасиддхи» Манданамишры,1,0.9,deepseek,"Концепция спхоты в конкретном трактате, уровень L1."
PRES_6e17572f1f,2004,1,Проблема классификации индуистских тантрических школ,1,0.9,deepseek_strict_scale_audit,"Заголовок говорит о 'проблеме классификации' в рамках индуистских тантрических школ, что является внутренним вопросом одной традиции, а не обобщением всей традиции. Это методологическая или классификационная проблема внутри конкретного поля, а не широкое обобщение."
PRES_6e5928cac8,2004,1,Богини и деревья желаний в индуизме Центральных Гималаев,1,0.9,deepseek,"Богини и деревья желаний в индуизме Центральных Гималаев, конкретный регион и тема, уровень L1."
PRES_764a73ce7c,2004,1,Проблема интерпретации специальной санскритской терминологии: термин адхьякша в индийской традиции,1,0.9,deepseek,"Анализ одного термина (адхьякша) в индийской традиции, частный кейс."
PRES_7f70e3b9a4,2004,1,Шанкара как критик категорий вайшешики,1,0.9,deepseek,"Критика Шанкарой категорий вайшешики, конкретный философский анализ."
PRES_8a6d651579,2004,1,О жанре вьяйога в санскритской теории драмы,1,0.9,deepseek,"О жанре вьяйога в санскритской теории драмы, частный жанр."
PRES_8ee46835ab,2004,1,Мокша в Бхагавата-пуране,1,0.9,deepseek,"Мокша в Бхагавата-пуране, конкретный текст и концепт."
PRES_92c5268a51,2004,1,Фигура царя и представления о времени в «Махабхарате»,1,0.9,deepseek_strict_scale_audit,"Заголовок конкретизирует фигуру царя и представления о времени в одном тексте — 'Махабхарате'. Это анализ конкретного текста, а не обобщение по всей эпической традиции."
PRES_97ad954200,2004,1,Лук (оружие),1,0.8,deepseek,"Лук (оружие) - вероятно, анализ термина или образа, частный кейс."
PRES_98a6bea15e,2004,1,О 58 синонимах «речи» в «Нигханту»,1,0.9,deepseek,"О 58 синонимах «речи» в «Нигханту», частный лексический анализ."
PRES_9e203d9b3f,2004,1,О взаимоотношении религиозных конфессий в средневековом Тамилнаде,2,0.9,deepseek_strict_scale_audit,"Заголовок обещает рассмотрение взаимоотношений религиозных конфессий в средневековом Тамилнаде, что является региональным процессом и обобщением уровня традиции. L2 подтвержден."
PRES_a535b2a757,2004,1,Замечания по формальной стороне Рикпратишакхьи,1,0.9,deepseek,"Замечания по формальной стороне Рикпратишакхьи, частный текст."
PRES_a8e1a30833,2004,1,"Перевод Г.С.Лебедевым поэмы Бхарат Чондро Рая «Биддешундор» (по рукописи, хранящейся в РГИА). Предварительное сообщение",1,0.9,deepseek,"Перевод поэмы Бхарат Чондро Рая, конкретный перевод и рукопись."
PRES_ba501c2543,2004,1,Эротика в Ригведе: мужское и женское начало,1,0.9,deepseek,"Эротика в Ригведе: мужское и женское начало, частная тема."
PRES_c567f22f17,2004,1,Лексика эпизода и его значение (на материале завершающих книг «Махабхараты»),1,0.9,deepseek,"Лексика эпизода и его значение на материале завершающих книг Махабхараты, частный анализ."
PRES_ceb3b3ba00,2004,1,Деви-гита из Девибхагавата-пураны,1,0.9,deepseek,"Деви-гита из Девибхагавата-пураны, конкретный текст."
PRES_d2281e2acf,2004,1,О «священной географии» в творчестве Тирунянасамбандара (шиваитский поэтический комплекс «Деварам»),1,0.9,deepseek,"О «священной географии» в творчестве Тирунянасамбандара, частный автор."
PRES_e793d570a3,2004,1,Буддизм в творчестве Джаяшанкара Прасада,1,0.9,deepseek,"Буддизм в творчестве Джаяшанкара Прасада, частный автор."
PRES_ec5840a950,2004,1,Еще раз о слове ātman в Ригведе,1,0.9,deepseek,"Еще раз о слове ātman в Ригведе, частный термин."
PRES_117aeb7260,2006,1,Тема уточняется,1,0.5,deepseek,"Тема уточняется - неопределенный заголовок, минимальная информация."
PRES_2048f4153d,2006,1,Модели христианского и индо-буддийского времени в современной литературе,2,0.9,deepseek_strict_scale_audit,"Заголовок явно заявляет сравнительный анализ двух традиций (христианской и индо-буддийской) в современной литературе. Это обобщение уровня традиции, но без глобальной или цивилизационной рамки. L2 подтвержден."
PRES_20910e0f90,2006,1,Санскритское upa-śru-: «слышать» или «вслушиваться»? Об одном древнеиндийском способе гадания,1,0.9,deepseek,"Санскритское upa-śru-: «слышать» или «вслушиваться»? Об одном древнеиндийском способе гадания, частный термин и практика."
PRES_37a471ecf5,2006,1,К проблеме древнеиндийской хронологии,1,0.9,deepseek_strict_scale_audit,"Заголовок 'К проблеме древнеиндийской хронологии' звучит как обобщение, но на самом деле это постановка проблемы, а не обзор всей хронологии. Без дополнительного контекста это скорее методологический вопрос, а не широкое обобщение. Снижаю до L1."
PRES_409770d89b,2006,1,Интерпретация идей Упанишад у Раммохона Роя и Дебендронатха Тагора,1,0.9,deepseek,"Анализ интерпретации Упанишад двумя конкретными мыслителями, частный кейс."
PRES_41b4c6fe83,2006,1,Комментарий к комментарию (Г.С.Лебедев и культурная жизнь Калькутты в 1790-х годах),1,0.9,deepseek,"Комментарий к комментарию о культурной жизни Калькутты в 1790-х, частный кейс."
PRES_457408b87a,2006,1,Бхартрихари и Дхармакирти о возможности рефлексивного акта познания,1,0.9,deepseek,"Сравнение двух философов по одному вопросу, частный кейс."
PRES_49eb37c334,2006,1,Орфоэпическая практика и древнеиндийская фонетика,1,0.9,deepseek,"Орфоэпическая практика и фонетика, частный кейс."
PRES_594bd8ec61,2006,1,Некоторые наблюдения над царской титулатурой индо-греков. 4. С.-,1,0.9,deepseek,"Наблюдения над титулатурой индо-греков, частный кейс."
PRES_5b0c00b805,2006,1,Технические приспособления для рубрикации корней в «Дхатупати» Панини,1,0.9,deepseek,"Технические приспособления в Дхатупатхе, частный кейс."
PRES_60da65c55e,2006,1,Безымянный герой (о романах Хазарипрасада Двиведи),1,0.9,deepseek,"О романах конкретного автора, частный кейс."
PRES_748beb327e,2006,1,Место «Девибхагавата-пураны» в процессе эволюции шактизма,1,0.9,deepseek,"Место одной пураны в эволюции шактизма, частный кейс."
PRES_74c89353ef,2006,1,Царь − установитель дхармы. Практический аспект идеологической концепции,1,0.9,deepseek,"Практический аспект идеологической концепции, частный кейс."
PRES_77b298a44b,2006,1,Изображение и текст: древнеиндийские рельефы и буддийские вербальные тексты,1,0.9,deepseek,"Изображение и текст: рельефы и буддийские тексты, частный кейс."
PRES_80ebdc8f23,2006,1,Символика и способы почитания богини Тары в индуизме (с демонстрацией видеоматериалов),1,0.9,deepseek,"Символика и способы почитания богини Тары с видеоматериалами, частный кейс."
PRES_933f4317bd,2006,1,Об особенностях самосознания представителей «низких каст» в современных условиях,1,0.9,deepseek,"Особенности самосознания низких каст в современных условиях, частный кейс."
PRES_960adc4efb,2006,1,Вытеснение согласного во избежание возникновения тяжелой группы трех шумных согласных в индоиранском,1,0.9,deepseek,"Фонетическое явление в индоиранском, частный кейс."
PRES_aa8c66a571,2006,1,«Ādau vāda āsīt»: о переводах Библии на санскрит. В программе возможны изменения и дополнения,1,0.9,deepseek,"О переводах Библии на санскрит, частный кейс."
PRES_aaee698889,2006,1,Жизнеописание праведного царя Ашоки в индийских и тайских источниках,1,0.9,deepseek,"Жизнеописание Ашоки в индийских и тайских источниках, частный кейс."
PRES_ac20c3981b,2006,1,Индийские философские тексты: композиция как часть содержания,1,0.9,deepseek,"Композиция как часть содержания индийских философских текстов, частный кейс."
PRES_b1d123ee06,2006,1,Тема деревни в «Саттасаи»,1,0.9,deepseek,"Тема деревни в Саттасаи, частный кейс."
PRES_bb69fb252f,2006,1,О соотношении санскритского и тибетского текстов «Гимна Превосходящему богов» Шанкарасвамина,1,0.9,deepseek,"Соотношение санскритского и тибетского текстов гимна, частный кейс."
PRES_bdb9ecf419,2006,1,Механизмы передачи сакрального текста в школах раннего буддизма (К постановке проблемы),1,0.9,deepseek,"Механизмы передачи сакрального текста в раннем буддизме, частный кейс."
PRES_d5cc6c0374,2006,1,К вопросу о сюжетных и стилистических истоках ранних приключенческих романов на хинди,1,0.9,deepseek,"Сюжетные и стилистические истоки ранних приключенческих романов на хинди, частный кейс."
PRES_dfef1a443f,2006,1,Представления об обществе и власти в «Бхагавата-пуране»,1,0.9,deepseek,Анализ представлений в одном тексте — частный кейс.
PRES_f771f5827d,2006,1,Завершающие строфы «Махабхараты»: лексика и семантика,1,0.9,deepseek,Лексика и семантика завершающих строф одного эпоса — частный кейс.
PRES_fa7c38b2f3,2006,1,«Энциклопедия Абхидхармы» Васубандху как произведение санскритской литературы,1,0.9,deepseek,Рассмотрение одного произведения как литературного — частный кейс.
PRES_fcd64d09ac,2006,1,Отряхивающийся ныряльщик: о специфическом фольклорном мотиве в эпических и пуранических версиях «Сказания о Вепре» (Varāha-kathā),1,0.9,deepseek,Анализ фольклорного мотива в конкретных версиях — частный кейс.
PRES_10c2c66c17,2007,1,(СПбГУ). Древнеиндийские диалекты в ранних фонетических трактатах,1,0.9,deepseek,Диалекты в ранних трактатах — частный кейс.
PRES_198427c45a,2007,1,«Гимн Таре» Сарваджнямитры и его тибетские переводы,1,0.9,deepseek,Гимн и его тибетские переводы — частный кейс.
PRES_1be5fd6c7a,2007,1,«Мадхан-кам» – народная драма Северной Бенгалии (с демонстрацией видеоматериалов),1,0.9,deepseek,Народная драма Северной Бенгалии — частный кейс.
PRES_2b5692727a,2007,1,«Рассказ о рани Кетаки» Инш-алла Хана в контексте развития ранней прозы на хинди и урду,1,0.9,deepseek,Рассказ в контексте развития прозы — частный кейс.
PRES_3fd8e2489c,2007,1,Кинематографический текст в современной индийской культуре,2,0.9,deepseek_strict_scale_audit,Заголовок 'Кинематографический текст в современной индийской культуре' обещает обобщение о целой традиции (современная индийская культура). L2 подтвержден.
PRES_43e4e4e60d,2007,1,Плач в составе древней махакавьи,1,0.9,deepseek,Плач в составе древней махакавьи — частный кейс.
PRES_4bb24c3c11,2007,1,К вопросу о статусе «естественного описания» в индийской поэтике,1,0.9,deepseek,Статус естественного описания в индийской поэтике — частный кейс.
PRES_55fff640ca,2007,1,К вопросу о средствах передвижения в Ригведе,1,0.9,deepseek,Средства передвижения в Ригведе — частный кейс.
PRES_57404d8de8,2007,1,Некоторые проблемы становления вишишта-адвайты,1,0.8,deepseek,"Заголовок о становлении вишишта-адвайты, конкретная философская школа, уровень кейса."
PRES_57ccd5c672,2007,1,Дидактические шатаки в литературе телугу (К характеристике жанровых особенностей). 3. Т. Г .Скороходова (Пенза). Интерпретация традиционного индийского текста либеральными мыслителями Бенгальского Возрождения,1,0.9,deepseek,Дидактические шатаки в литературе телугу — частный кейс.
PRES_632589d9f1,2007,1,От смерти к новому рождению. Учение о промежуточном существовании в «Абхидхармакоше» Васубандху,1,0.9,deepseek,Учение о промежуточном существовании в одном тексте — частный кейс.
PRES_649f8342d7,2007,1,Сезонный и суточный циклы в санскритской драме (структура санскритской драмы),1,0.9,deepseek,Сезонный и суточный циклы в санскритской драме — частный кейс.
PRES_65a7d6e51a,2007,1,Философ Нагарджуна – персонаж пракритского романа «Лилаваи»,1,0.9,deepseek,Философ Нагарджуна как персонаж романа — частный кейс.
PRES_693b5d83a6,2007,1,Индийские памятники героям в сравнительном освещении (К вопросу о материальном соответствии поэтической формуле «непреходящая слава»),2,0.9,deepseek_strict_scale_audit,Заголовок 'Индийские памятники героям в сравнительном освещении' обещает обобщение по типу памятников в индийской традиции. L2 подтвержден.
PRES_7052e31e46,2007,1,Описания военной техники в индийском сочинении XI века «Шри Калачакра тантра раджа»,1,0.9,deepseek,"Описания военной техники в конкретном тексте XI века, частный кейс."
PRES_7e16512005,2007,1,О быках и людях (Образ «Стада» в скотоводческом эпосе Южной Индии),1,0.9,deepseek,Образ стада в скотоводческом эпосе Южной Индии — частный кейс.
PRES_8c102cb0c2,2007,1,Теоретические аспекты учения тантрической школы кула (согласно «Куларнава-тантре»),1,0.9,deepseek,Анализ учения одной тантрической школы на основе одного текста
PRES_8e0d2df4b1,2007,1,Миф о Махишасурамардани в Девибхагавата- и Калика-пуранах,1,0.9,deepseek,Сравнение мифа в двух пуранах
PRES_932ae951cd,2007,1,Санскритское письмо как последовательная фонетическая транскрипция,1,0.8,deepseek,Обсуждение санскритского письма как фонетической транскрипции
PRES_9ade78ff58,2007,1,«Очерки Цейлона и Индии» И. П. Минаева как источник по изучению культурной истории Индии,1,0.9,deepseek,Анализ одного источника как материала по культурной истории
PRES_a3301e22aa,2007,1,Образ Чайтаньи в традиционных бенгальских текстах,1,0.9,deepseek,Образ Чайтаньи в бенгальских текстах
PRES_a40d40eed0,2007,1,Лингвофилософское в «Пара-тримшика-виварана» Абхинавагупты,1,0.9,deepseek,Лингвофилософское в одном тексте Абхинавагупты
PRES_a7d32d94a9,2007,1,Типология храмовых сооружений в текстах пуран и «Брихатсамхите»,1,0.9,deepseek_strict_scale_audit,"Заголовок 'Типология храмовых сооружений в текстах пуран и «Брихатсамхите»' ограничен конкретными текстами (пураны и Брихатсамхита). Это анализ ограниченной группы текстов, а не обобщение всей традиции. Снижаю до L1."
PRES_c190e58dae,2007,1,Язык как источник аргументации (на примере рассуждений о самбандхе),1,0.8,deepseek,Рассуждения о самбандхе на примере языка
PRES_c2c6d7f2b6,2007,1,К вопросу об эндогамии касты,1,0.7,deepseek,Вопрос об эндогамии касты
PRES_cb85e06342,2007,1,В чем непосредственность непосредственного восприятия в буддийской эпистемологии?,1,0.9,deepseek,Вопрос о непосредственном восприятии в буддийской эпистемологии
PRES_df3611adf0,2007,1,Джьотиша и Аюрведа: астрологическая семантика в классической индийской медицине,1,0.85,deepseek,"Связь Джьотиши и Аюрведы, конкретная тема, уровень кейса."
PRES_e564be93e3,2007,1,«Великие» и «малые» в надписях Ашоки,1,0.9,deepseek,Анализ терминов в надписях Ашоки
PRES_f24e720def,2007,1,(Москва). Тема марудам в старой тамильской поэзии,1,0.9,deepseek,Тема марудам в тамильской поэзии
PRES_0404e32168,2008,1,«Сахар в молоке»: Ауто-представления об «индийском» и «персидском» в современной религиозной культуре парсов,1,0.8,deepseek,Ауто-представления парсов об индийском и персидском
PRES_0c496dfec3,2008,1,Об эволюции образа Рудры-Шивы в священных текстах шрути,1,0.9,deepseek_strict_scale_audit,"Заголовок 'Об эволюции образа Рудры-Шивы в священных текстах шрути' ограничен конкретным корпусом текстов (шрути). Это анализ эволюции в рамках одного класса текстов, а не всей традиции. Снижаю до L1."
PRES_13fafa99b6,2008,1,Махатмья «Бхагаватапураны»,1,0.9,deepseek,Махатмья одной пураны
PRES_293775e85d,2008,1,О происхождении культурных архаизмов в позднем слое содержания «Махабхараты» (на примере темы воинских братств),1,0.9,deepseek,Происхождение архаизмов в Махабхарате на примере воинских братств
PRES_3634d6f11f,2008,1,Так что же такое карма?,1,0.85,deepseek_strict_scale_audit,"Заголовок 'Так что же такое карма?' — это вопрос, который может быть рассмотрен как обобщение, но без указания на конкретную традицию или контекст он скорее относится к L1, так как не обещает явного обобщения целой традиции, а скорее вводит в тему."
PRES_59dba9b943,2008,1,Истоки формулы сат-чит-ананда в Упанишадах,1,0.9,deepseek,Истоки формулы сат-чит-ананда в Упанишадах
PRES_5e317967c2,2008,1,Udāharaņa в «Вакьяпадии»,1,0.9,deepseek,Udāharaņa в Вакьяпадии
PRES_6da6054f73,2008,1,Атманепада в санскрите и в грамматиках,1,0.9,deepseek,Атманепада в санскрите и грамматиках
PRES_7a09ad99d1,2008,1,Атхарваведа-паришишта XIXb: к вопросу о происхождении ритуалов Натьяшастры,1,0.9,deepseek,"Конкретный текст (Атхарваведа-паришишта) и вопрос о происхождении ритуалов, частный кейс."
PRES_7af57f160f,2008,1,Образ птицы в масочном театре сингалов (Шри Ланка),1,0.85,deepseek,"Образ птицы в конкретном театре (сингалов), частный кейс."
PRES_844f6b86ea,2008,1,Образы фантастических животных в средневековой архитектуре Индии,2,0.9,deepseek_strict_scale_audit,"Заголовок явно обещает обобщение о типе образов (фантастические животные) в рамках средневековой архитектуры Индии, что соответствует L2 — обобщение на уровне традиции и периода."
PRES_8b2df737b9,2008,1,Ордалия весами: проблемы интерпретации результатов взвешивания,1,0.85,deepseek,"Конкретная практика (ордалия весами) и проблемы интерпретации, частный кейс."
PRES_9b61667329,2008,1,Что стоит за стилями у Дандина?,1,0.85,deepseek,"Вопрос о стилях у конкретного автора (Дандин), частный кейс."
PRES_9d84234785,2008,1,Терминология и грамматика в «Энциклопедии Абхидхармы» Васубандху,1,0.9,deepseek,"Терминология и грамматика в конкретном тексте (Энциклопедия Абхидхармы), частный кейс."
PRES_9e65f5de1e,2008,1,«Другая Савитри»: Сказание о Савитри в «Андхрамахабхарате»,1,0.9,deepseek,"Сказание о Савитри в конкретной версии (Андхрамахабхарата), частный кейс."
PRES_9ffe685fd2,2008,1,Аспекты влияния религиозно-философских доктрин на творчество Кабира. Закрытие конференции,1,0.85,deepseek,"Влияние доктрин на творчество конкретного поэта (Кабир), частный кейс."
PRES_a9e0852a8d,2008,1,Традиция в интерпретации мыслителей Бенгальского Возрождения,2,0.9,deepseek_strict_scale_audit,Заголовок 'Традиция в интерпретации мыслителей Бенгальского Возрождения' обещает обобщение по школе/периоду (Бенгальское Возрождение). L2 подтвержден.
PRES_b3e877cd66,2008,1,О зооморфной символике в протоиндийских текстах,1,0.8,deepseek,"Зооморфная символика в протоиндийских текстах, частный кейс."
PRES_c23e6409da,2008,1,О языке и стиле эпических риши,1,0.85,deepseek,Язык и стиль эпических риши - частный кейс (эпический корпус).
PRES_d5a74ed7f6,2008,1,Народный театр «джатра» и его роль в формировании новой бенгальской литературы,2,0.9,deepseek_strict_scale_audit,Заголовок 'Народный театр «джатра» и его роль в формировании новой бенгальской литературы' обещает обобщение по жанру и региону (бенгальская литература). L2 подтвержден.
PRES_e4b6786e6b,2008,1,Как сравнивать индийскую и западную эпистемологию? Опыт создания методологии компаративного исследования,3,0.9,deepseek_strict_scale_audit,Заголовок 'Как сравнивать индийскую и западную эпистемологию? Опыт создания методологии компаративного исследования' явно заявляет глобальную сравнительную рамку между двумя цивилизационными традициями и создание методологии. L3 подтвержден.
PRES_ec14752a3b,2008,1,О символике ладьи в «Ригведе»,1,0.9,deepseek,"Символика ладьи в Ригведе, конкретный текст и образ."
PRES_f4396724ea,2008,1,"«О Неодолимая Богиня, поклонение да будет тебе!» (О ритуальной части Калика-пураны)",1,0.85,deepseek,"Ритуальная часть Калика-пураны, конкретный текст и аспект."
PRES_fea1defc8d,2008,1,Множество жизней поэмы Тулси Даса (некоторые аспекты современного бытования «Рамачаритаманасы»),1,0.85,deepseek,"Современное бытование конкретной поэмы (Рамачаритаманаса), частный кейс."
PRES_ff28a9ff47,2008,1,Концепт Ишвары в «Бхагавадгите»,1,0.85,deepseek,"Концепт Ишвары в конкретном тексте (Бхагавадгита), частный кейс."
PRES_08257e3ccf,2008,2,Альтернативные социальные классификации в палийском каноне,1,0.85,deepseek,"Альтернативные социальные классификации в палийском каноне, частный кейс."
PRES_08e8316d53,2008,2,Кыргызы в Центральной Азии (9 век),1,0.8,deepseek,Кыргызы в Центральной Азии (9 век) - частный исторический кейс.
PRES_0fe8007200,2008,2,К вопросу о самоназваниях школы махасангхиков-локоттаравадинов,1,0.9,deepseek,Частный кейс: самоназвания конкретной буддийской школы.
PRES_3374abc140,2008,2,Двойная мандала в тибетском трактате «Вайдурья-карпо»,1,0.9,deepseek,Частный кейс: анализ конкретного тибетского трактата.
PRES_415fb1eb4c,2008,2,Степные кочевники – иранцы II тыс. до н. э. – I тыс. н. э. и их языки,2,0.9,deepseek_strict_scale_audit,Заголовок 'Степные кочевники – иранцы II тыс. до н. э. – I тыс. н. э. и их языки' обещает обобщение о целой группе (иранские кочевники) за длительный период. L2 подтвержден.
PRES_448f6392bc,2008,2,Строительный ритуал и его роль в текстах вастувидьи (по материалам пуран),1,0.9,deepseek,Частный кейс: строительный ритуал по материалам пуран.
PRES_506157c4da,2008,2,Тема времени в буддийских преданиях о Варанаси,1,0.9,deepseek,Частный кейс: тема времени в буддийских преданиях о конкретном городе.
PRES_54fab21323,2008,2,Теистические установки в классической йоге и «Шветашватара-упанишаде»,1,0.9,deepseek,Частный кейс: сравнение теистических установок в двух текстах.
PRES_73205188c4,2008,2,«Очищение от терниев» в «Артхашастре» и дхармашастрах,1,0.9,deepseek,Частный кейс: анализ конкретного понятия в двух группах текстов.
PRES_925074e2a5,2008,2,Агамы как источник философии радикальной Адвайты,1,0.9,deepseek,Частный кейс: агамы как источник для конкретной философской школы.
PRES_a7fa4ac110,2008,2,Н.К. Рерих с семьей в Синцзяне в 1926 г,1,0.9,deepseek,Частный кейс: конкретная экспедиция Рериха в определенном году.
PRES_b97d25a759,2008,2,Мандалы Ваджрачхедики в коллекции Одесского Музея Западного и Восточного Искусства,1,0.9,deepseek,Частный кейс: мандалы из конкретной коллекции.
PRES_c305a62ca7,2008,2,Институт гутхи в древнем и средневековом Непале,2,0.9,deepseek_strict_scale_audit,Заголовок 'Институт гутхи в древнем и средневековом Непале' обещает обобщение об институте в рамках одной традиции (Непал). L2 подтвержден.
PRES_e3afc7dbb4,2008,2,Трава дарбха и самбодхи Будды,1,0.9,deepseek,Частный кейс: связь травы дарбха и самбодхи Будды.
PRES_e9159cba78,2008,2,К проблеме «тривадрумского цикла»,1,0.8,deepseek,Частный кейс: проблема конкретного цикла текстов.
PRES_eabb2c0db9,2008,2,Ордалии в дхармашастрах,1,0.9,deepseek,Частный кейс: ордалии в дхармашастрах.
PRES_f0655c51e6,2008,2,Гоштхи (гутхи) в надписях Личчхавов,1,0.9,deepseek,Частный кейс: анализ термина 'гоштхи' в конкретных надписях Личчхавов.
PRES_f15fea41e4,2008,2,Текст – персонаж в древней махакавье,1,0.9,deepseek,Частный кейс: текст-персонаж в древней махакавье.
PRES_f60e19e1b7,2008,2,О некоторых принципах тамильской поэтики по антологии «Наджиней»,1,0.9,deepseek,Частный кейс: принципы тамильской поэтики по одной антологии.
PRES_ff0d548615,2008,2,Что стоит за стилем у Дандина?,1,0.9,deepseek,Частный кейс: стиль у конкретного автора.
PRES_22c7444e36,2009,1,Символические модели Абсолютного Сознания в религиозно-мистической философии Кашмирского шиваизма. Некоторые методологические вопросы,2,0.9,deepseek_strict_scale_audit,Заголовок 'Символические модели Абсолютного Сознания в религиозно-мистической философии Кашмирского шиваизма. Некоторые методологические вопросы' обещает обобщение в рамках одной школы (Кашмирский шиваизм). L2 подтвержден.
PRES_22f1e1b64f,2009,1,Абхидхарма и абхивиная: взгляд со стороны двух раннебуддийских традиций,2,0.9,deepseek_strict_scale_audit,"Сравнение двух раннебуддийских традиций (Абхидхарма и абхивиная) является обобщением уровня школы, что соответствует L2."
PRES_422410f9af,2009,1,Происхождение атомизма: лингвистическая гипотеза,1,0.9,deepseek_strict_scale_audit,"Заголовок 'Происхождение атомизма: лингвистическая гипотеза' является гипотезой о происхождении, а не обобщением традиции. Это конкретная гипотеза, а не широкий обзор. Снижаю до L1."
PRES_523a56fd5b,2009,1,Концепция Ишвары в классической йоге и в Кашмирском шиваизме,2,0.9,deepseek_strict_scale_audit,"Заголовок 'Концепция Ишвары в классической йоге и в Кашмирском шиваизме' обещает сравнение концепции в двух школах, что является обобщением уровня традиции. L2 подтвержден."
PRES_5579f7916f,2009,1,Сказание об Индейском царстве» как источник представлений об Индии в древней Руси,1,0.9,deepseek,Анализ одного текста как источника представлений
PRES_5b4245709b,2009,1,«Коровьи войны» (на материале скотоводческого эпоса народов Центральной Индии и Декана),1,0.8,deepseek,"Исследование сюжета на материале эпоса народов, локальное сравнение"
PRES_6213023bf5,2009,1,Сат-чит-ананда как мост между христианством и индуизмом,2,0.9,deepseek_strict_scale_audit,Заголовок 'Сат-чит-ананда как мост между христианством и индуизмом' обещает сравнение двух традиций через концепцию. Это обобщение уровня традиции. L2 подтвержден.
PRES_66d6492705,2009,1,Посвящение в знание мудрости в Гухьясамаджатантре (на основе Abhishekanirukti),1,0.9,deepseek,"Посвящение в Гухьясамаджатантре, конкретный текст и ритуал."
PRES_6e5ecd56b8,2009,1,К вопросу о классификации храмовых сооружений в Вишнудхармоттара-пуране,1,0.9,deepseek,Классификация храмов по одному тексту
PRES_7323c9c9b1,2009,1,Еще раз о сюжете эпической «Шакунталы»,1,0.9,deepseek,Анализ сюжета эпической Шакунталы
PRES_7efa09f3b2,2009,1,"Сказители, музыканты и танцоры. К вопросу о происхождении и кастовой дхарме так называемых катхаков Раджастхана",1,0.8,deepseek,"Исследование касты катхаков, локальный кейс"
PRES_86c16283af,2009,1,Ранневишнуитская Веданта,1,0.9,deepseek_strict_scale_audit,"Название 'Ранневишнуитская Веданта' указывает на конкретную школу внутри традиции, а не на обобщение всей традиции. Это ограниченный объект, соответствующий L1."
PRES_9550fd0f6b,2009,1,Индийский текст индийской диаспоры,1,0.8,deepseek_strict_scale_audit,"Формулировка 'Индийский текст индийской диаспоры' неясна и может относиться к одному тексту или явлению, но не обещает обобщения целой традиции или региона. Сомнение в пользу L1."
PRES_9627d4dfc0,2009,1,"Восток, Запад и русский перевод",2,0.9,deepseek_strict_scale_audit,"Заголовок 'Восток, Запад и русский перевод' предполагает обобщение о проблеме перевода между Востоком и Западом, что является обобщением уровня традиции (L2)."
PRES_9b2118961f,2009,1,Иконографические типы бронзовых образов Натараджи: их сложение и проблемы классификации,1,0.9,deepseek,"Классификация бронзовых образов Натараджи, частный корпус"
PRES_9bda829b36,2009,1,Ведийское samudra-: к вопросу о широких водных пространствах в текстах самхит,1,0.9,deepseek,"Анализ термина samudra в самхитах, частное языковое явление"
PRES_9e464b8281,2009,1,"Книга о побоище палицами (Махабхарата, XVI)",1,0.9,deepseek,Анализ одной книги Махабхараты
PRES_a05b916ad8,2009,1,Ордалия освященной водой (kosha),1,0.9,deepseek,"Исследование ордалии, частный обряд"
PRES_a5cd9e04c7,2009,1,Язык богини Кали: проблемы интерпретации,1,0.8,deepseek,"Проблемы интерпретации языка богини, частный кейс"
PRES_aa2399a11e,2009,1,Паломничество в Калика-пуране,1,0.9,deepseek,"Паломничество в одной пуране, частный текст"
PRES_ad9e0be839,2009,1,Махишасурамардини и девы-воительницы,1,0.8,deepseek,"Исследование образа Махишасурамардини, частный образ"
PRES_b3dcf19ef2,2009,1,Индоевропейская формула «храни мужей и скот» в ведийских и постведийских текстах,1,0.9,deepseek,"Анализ одной формулы в ведийских и постведийских текстах, частный кейс."
PRES_bacd314111,2009,1,Южный поход личчхавов,1,0.8,deepseek,"Южный поход личчхавов, конкретный исторический эпизод."
PRES_beb45aac0a,2009,1,«Рамаяна» Криттибаса Оджхи в культуре Бенгалии XV-XVI веков,1,0.9,deepseek,"Конкретный текст и его культурный контекст, частный кейс."
PRES_c1761df1ca,2009,1,Древний тибетский сборник текстов по культам Махакалы и Вишну из рукописной коллекции ИВР РАН,1,0.9,deepseek,Частный кейс: описание конкретного сборника текстов из коллекции.
PRES_d7d30097a4,2009,1,Терминология суфийской проповеди в «Падмават» Малика Мухаммада Джаяси,1,0.9,deepseek,"Анализ терминологии в одном тексте, частный кейс."
PRES_e0b8b1bdd4,2009,1,Новые открытия на Гонур-тепе. Предварительное сообщение,1,0.8,deepseek,"Предварительное сообщение о раскопках, частный кейс."
PRES_e2499adc9f,2009,1,Проблема соотношения этики и знания в йоге и индуистской тантре,2,0.9,deepseek_strict_scale_audit,Обсуждение проблемы соотношения этики и знания в двух традициях (йога и индуистская тантра) — это обобщение уровня традиции (L2).
PRES_e62ebf0bd0,2009,1,К определению термина «джатака» в палийском каноне,1,0.9,deepseek,"Определение термина в палийском каноне, частный кейс."
PRES_e85f779ed9,2009,1,Уровень смысла в текстах шастр: концепты или понятия?,2,0.9,deepseek_strict_scale_audit,"Название 'Уровень смысла в текстах шастр' обещает обобщение о целом классе текстов (шастры), что соответствует L2."
PRES_f5b1c223f2,2009,1,Особенности интерпретации традиционных текстов мыслителями Бенгальского Возрождения,2,0.9,deepseek_strict_scale_audit,Рассмотрение особенностей интерпретации мыслителями целого движения (Бенгальское Возрождение) — это обобщение уровня школы (L2).
PRES_2ec1e17cb0,2009,2,Буддийские святыни в «Записках» Сюань-Цзана: построение текста,1,0.9,deepseek,"Анализ построения текста в одном произведении, частный кейс."
PRES_3ec7076b0a,2009,2,"Соотношение «чистая земля» – «нечистая земля», «чистый народ – «нечистый народ» по материалам «Манусмрити» и «Артхашастры» Каутильи",1,0.9,deepseek,"Сравнение двух текстов по конкретной теме, частный кейс."
PRES_405fb6e1fc,2009,2,"Миф, пространство, время у алтайских народов",2,0.9,deepseek_strict_scale_audit,"Обсуждение мифа, пространства и времени у алтайских народов в целом — это обобщение уровня традиции (L2)."
PRES_4fc95cdd1b,2009,2,Махабхарата и шастры в ранней индийской эпиграфике,1,0.9,deepseek,Частный кейс: исследование связи Махабхараты и шастр в ранней эпиграфике.
PRES_51d2d7154d,2009,2,Тибетская джатака о Маллике как исток образа бхавачакры,1,0.9,deepseek,"Анализ одной джатаки как истока образа, частный кейс."
PRES_53b81c004f,2009,2,Письмо в культуре от Бактрии до Индии по материалам многоязычных надписей 3 в. до н. э. – 5 в. н. э. (К проблеме социоскрипторики),2,0.9,deepseek_strict_scale_audit,"Обобщение проблемы социоскрипторики на материале многоязычных надписей широкого региона и периода — это L2, так как рамка ограничена регионом (Бактрия-Индия) и периодом, без внешней сравнительной рамки."
PRES_5889e63ab3,2009,2,Фисаматы из Ольвийского декрета в честь Протогена,1,0.9,deepseek,Частный кейс: анализ конкретного термина в одном декрете.
PRES_64abe774d2,2009,2,Ордалия раскаленной монетой: шастрический текст и «свидетельства» испытаний,1,0.9,deepseek,"Сравнение шастрического текста и свидетельств испытаний по одной ордалии, частный кейс."
PRES_6d5c58b0b0,2009,2,Пространство и его описание в строительных трактатах пуран,1,0.9,deepseek,"Описание пространства в строительных трактатах пуран, частный кейс."
PRES_6dadb0e4d7,2009,2,Этимология (нирукта) в качестве герменевтической науки в кашмирском шиваизме,1,0.9,deepseek,"Рассмотрение этимологии как герменевтической науки в одной традиции, частный кейс."
PRES_6f1e98755f,2009,2,«Абхисамаяланкара»: от первых трех глав к четвертой. Сознание творит реальность,1,0.9,deepseek,"Анализ перехода между главами одного текста, частный кейс."
PRES_77d4fd8170,2009,2,К интерпретации термина намарупа в тхеравадинской комментаторской литературе,1,0.9,deepseek,Интерпретация одного термина в комментаторской литературе — частный кейс.
PRES_96f005355d,2009,2,Махабхарата в тамильской поэзии,1,0.9,deepseek,Рассмотрение Махабхараты в тамильской поэзии — конкретный рецепционный кейс.
PRES_9cec165a1d,2009,2,О ритуале помазания царя на царство в «Яджнявалкья-смрити»,1,0.9,deepseek,Анализ одного ритуала по одному тексту — частный кейс.
PRES_a38177a26d,2009,2,Место и значение  «Бхактамара-стотры» в джайнской традиции,1,0.9,deepseek,Исследование одной стотры в джайнской традиции — частный кейс.
PRES_d991c450bc,2009,2,Зеркало. Конец иллюзии. (Из истории одной концепции в кашмирском шиваизме),1,0.85,deepseek,История одной концепции в кашмирском шиваизме — частный кейс.
PRES_dc9fbd292b,2009,2,Востоковед Ю.Н. Рерих: начало пути в науке,1,0.9,deepseek,Биографический очерк начала пути одного учёного — частный кейс.
PRES_dcfff95b9e,2009,2,"Сравнительный анализ описаний буддийских монахинь в тибетской, китайской и японской агиографической литературе",2,0.9,deepseek_strict_scale_audit,"Сравнительный анализ в трех традициях (тибетской, китайской, японской) — это обобщение уровня традиций (L2), так как рамка ограничена буддийским миром."
PRES_df7b4cf816,2009,2,Некоторые историко-культурные аспекты символики национального флага  Непала (V – XXI вв.),1,0.85,deepseek,Символика флага одной страны — частный кейс.
PRES_f457799a1b,2009,2,Об одной возможной буддийской параллели к новозаветному пассажу  МФ 5.19,1,0.85,deepseek,Сопоставление одного буддийского пассажа с новозаветным — частный кейс.
PRES_0139c59bb9,2010,1,Концепция совершенного человека в творчестве народных певцов – баулов,1,0.85,deepseek,Концепция в творчестве народных певцов — частный кейс.
PRES_09706e2e82,2010,1,"Ум, психика или сознание (о переводе буддийских терминов «читта» и «виджняна»)",1,0.9,deepseek,Проблема перевода двух терминов — частный кейс.
PRES_0e0cf8bb17,2010,1,Санскритские квантитативные стихотворные размеры: реконструкция чтения,1,0.9,deepseek,Реконструкция чтения санскритских размеров — частный кейс.
PRES_10ebf2bc49,2010,1,Сюжет о побоище палицами в «Маусалапарве» и в «Джатаке о Гхата-пандите»,1,0.9,deepseek,"Сюжет о побоище палицами в двух текстах, конкретный кейс."
PRES_15b019aa75,2010,1,Неизвестный речевой феномен у сингалов Шри Ланки,1,0.85,deepseek,Описание одного речевого феномена у сингалов — частный кейс.
PRES_1c0edf1c85,2010,1,Миф о Ветале и Бхайраве в «Калика-пуране»,1,0.9,deepseek,Миф в одной пуране — частный кейс.
PRES_1cd65d2e59,2010,1,Современная джатра: возвращение к истокам,1,0.85,deepseek,Современная джатра — частный кейс.
PRES_1e77ef9490,2010,1,Индийский эпос «Дхола-Мару» и «Сказка о царе Салтане» А.С.Пушкина,1,0.85,deepseek,Сравнение двух конкретных произведений — частный кейс.
PRES_3bd08e341f,2010,1,Сюжет о воплощении Вишну в фольклорном тексте телугу (Матсьяватарам),1,0.9,deepseek,Сюжет о воплощении в одном фольклорном тексте — частный кейс.
PRES_53f8bd860a,2010,1,«Рагхуванша» Калидасы глазами тамилиста,1,0.9,deepseek,Взгляд тамилиста на одно произведение — частный кейс.
PRES_54a32921dc,2010,1,Сравнительный анализ генезиса рефлексии в индийской и европейской философских традициях: визуальные и лингвистические детерминанты,3,0.9,deepseek_strict_scale_audit,"Название явно заявляет сравнительный анализ генезиса рефлексии в двух цивилизационных традициях (индийской и европейской), что является глобальной рамкой (L3)."
PRES_627e94e1ab,2010,1,Тексты по культу Вишну-Нарасимхи в тибетском свитке XIII века,1,0.9,deepseek,Тексты на одном свитке — частный кейс.
PRES_6a263265ac,2010,1,Ордалия раскаленной монетой (taptamàşa): текст и реальность,1,0.9,deepseek,"Конкретный обряд ордалии, анализ текста и реальности"
PRES_78a007f5fb,2010,1,О древнеиндийской практике обучения ведийскому тексту,1,0.9,deepseek,"Практика обучения ведийскому тексту, частный кейс"
PRES_90b364f351,2010,1,Текст «индийской диаспоры» в поэзии Далджита Награ,1,0.9,deepseek,"Анализ текстов одного поэта, частный кейс"
PRES_99bd862130,2010,1,Семантика глагольного корня muc- и проблематика духовного освобождения в ведийских упанишадах,1,0.9,deepseek,"Семантика корня и проблематика освобождения в упанишадах, частный кейс"
PRES_a80206461e,2010,1,Типовой мотив-ситуация в Махабхарате,1,0.9,deepseek_strict_scale_audit,"'Типовой мотив-ситуация в Махабхарате' — это анализ одного текста (Махабхарата), что соответствует L1."
PRES_a80b13caa7,2010,1,Mārgī/deśī: о двух способах интерпретации индийского танца. В программе возможны изменения,1,0.8,deepseek,"Интерпретация двух способов в индийском танце, частный кейс"
PRES_a873570c30,2010,1,Потенциальное и актуальное в буддийском учении о восприятии,1,0.9,deepseek,"Буддийское учение о восприятии, частный кейс"
PRES_d01c9d783a,2010,1,Значение и функции ритуала Пангху у племени ратхва,1,0.9,deepseek,"Ритуал конкретного племени, частный кейс"
PRES_d49c9ef5f0,2010,1,Проблема уникальности природы человеческой души в философской системе Ямуначарьи,1,0.9,deepseek,"Проблема души в системе одного философа, частный кейс"
PRES_e04db7cf0d,2010,1,«Археология» раннебуддийского доктринального текста на примере главы о буддхакшетрах («полях Будд») из Махавасту,1,0.9,deepseek,"Археология текста на примере одной главы, частный кейс"
PRES_e9a0b599c0,2010,1,Царица в дворцовом парке,1,0.7,deepseek,"Царица в дворцовом парке, вероятно, конкретный сюжет, уровень кейса."
PRES_f118abdc31,2010,1,Дискуссия о четырех блаженствах: об одной стратегии для интерпретации истинной природы реальности в посвящении Хеваджра-тантры,1,0.9,deepseek,"Дискуссия о четырех блаженствах в Хеваджра-тантре, конкретный текст."
PRES_f7c2f21e54,2010,1,Концепция игры в индийской традиции (кридаяника в «Натьяшастре»),1,0.9,deepseek_strict_scale_audit,"'Концепция игры в индийской традиции (кридаяника в «Натьяшастре»)' — уточнение в скобках указывает на конкретный текст (Натьяшастра), что сужает до L1."
PRES_fbd84f6b96,2010,1,Язык богини Кали. Я.В. Васильков. Эпические герои и боги (в «Махабхарате» и не только),1,0.8,deepseek,"Язык богини Кали и эпические герои, частный кейс"
PRES_080e848a5a,2010,2,Скифские слова в Авесте,1,0.8,deepseek,"Скифские слова в Авесте, частный кейс"
PRES_0c60ccad75,2010,2,Новое о Герасиме Лебедеве,1,0.9,deepseek,"Новое о Герасиме Лебедеве, частный кейс"
PRES_2e725b44b8,2010,2,Сцены приема гостя в древней махакавье,1,0.9,deepseek,"Сцены приема гостя в махакавье, частный кейс"
PRES_32d7da4752,2010,2,Восприятие и телесность в буддизме и в современных когнитивных концепциях «отелесненного ума» (embodied mind),2,0.9,deepseek_strict_scale_audit,"Сравнение буддизма и современных когнитивных концепций — это обобщение уровня традиции (буддизм) и современной научной парадигмы, что соответствует L2."
PRES_3edd502801,2010,2,К пониманию термина buddha в южнобуддийской традиции,1,0.9,deepseek,"Понимание термина buddha в южнобуддийской традиции, частный кейс"
PRES_3f0b9488ec,2010,2,"Обозначение пространства, мер и чисел в трактатах по строительству из пуран",1,0.8,deepseek,"Анализ трактатов по строительству из пуран, частный корпус текстов."
PRES_4370a58a1d,2010,2,Археология раннебуддийского доктринального текста на примере текста о буддхакшетрах из «Махавасту»,1,0.9,deepseek,Анализ одного доктринального текста из Махавасту.
PRES_4b0c3f7190,2010,2,Чему учили люди дасью? (по материалам ранних ведийских текстов),1,0.9,deepseek,Вопрос о дасью на материале ранних ведийских текстов.
PRES_4b995fc30a,2010,2,Место и значение хронологии и генеалогии в санскритских текстах,2,0.9,deepseek_strict_scale_audit,"Обобщение о хронологии и генеалогии в санскритских текстах в целом — это L2, так как охватывает класс текстов."
PRES_4d8a99c131,2010,2,Царские наложницы в санскритских и античных источниках,1,0.8,deepseek,Сравнение царских наложниц в санскритских и античных источниках.
PRES_4f8af0d986,2010,2,«Саттрия: опыт создания классического танца в современном Ассаме»,1,0.9,deepseek,Опыт создания классического танца в современном Ассаме.
PRES_50a29145a7,2010,2,Традиции веротерпимости и универсализма в древней и средневековой Индии,2,0.9,deepseek_strict_scale_audit,"Обобщение о традициях веротерпимости в древней и средневековой Индии — это L2, так как рамка ограничена регионом и периодом."
PRES_54207a1735,2010,2,«Казаклык как социальное явление»,1,0.6,deepseek,"Казаклык как социальное явление, вероятно, частный случай."
PRES_58b20ea2d8,2010,2,(Великобритания). Сюжеты религиозного обращения в палийской и средневековой ирландской литературе. Нарративная традиция,1,0.8,deepseek,Сравнение сюжетов обращения в палийской и ирландской литературе.
PRES_8b7b0bd5f3,2010,2,К вопросу о символике горы Мэру,1,0.8,deepseek,К вопросу о символике горы Мэру.
PRES_93f67f4d24,2010,2,Обет и культ jakkha-ja в Каче,1,0.8,deepseek,"Обет и культ jakkha-ja в Каче, частный случай."
PRES_96ae1b26ae,2010,2,Отражение оппозиции «свой – чужой» в традиционных представлениях о землепользовании кочевников Центральной Азии,2,0.9,deepseek_strict_scale_audit,"Обобщение о представлениях кочевников Центральной Азии — это L2, так как рамка ограничена регионом."
PRES_a3fc81f164,2010,2,Ю.Н. Рерих: монография «Тибетская живопись»,1,0.9,deepseek,Монография Ю.Н. Рериха о тибетской живописи.
PRES_a4b8fa4547,2010,2,Прием почетного гостя-атитхи в санскритской текстовой традиции (по дхармасутре Апастамбы),1,0.9,deepseek,Прием почетного гостя по дхармасутре Апастамбы.
PRES_a775399ae0,2010,2,Рерихи во внутренней Монголии в 1935 г,1,0.9,deepseek,Рерихи во Внутренней Монголии в 1935 г.
PRES_b65c83f7a3,2010,2,Несколько индийских слов в передаче античных авторов,1,0.8,deepseek,Несколько индийских слов в передаче античных авторов.
PRES_c02c773749,2010,2,(Киев). Композиционные особенности намтара «12 деяний Будды Шакьямуни» в тибетской традиции (тангки житийной серии музеев Украины),1,0.9,deepseek,Композиционные особенности намтара на тангках из музеев Украины.
PRES_c3f9d9861b,2010,2,Дарды и страна дардов  в «Раджатарангини» Калханы,1,0.8,deepseek,Дарды в Раджатарангини Калханы.
PRES_c4f67633f5,2010,2,Кто говорит? Толкование источника речи в некоторых индуистских тантрах,1,0.8,deepseek,Толкование источника речи в индуистских тантрах.
PRES_e290493a42,2010,2,Ситуация ухода героя в классической тамильской поэзии,1,0.8,deepseek,Ситуация ухода героя в классической тамильской поэзии.
PRES_e90c15b88c,2010,2,Образ дакини в Японии,1,0.8,deepseek,Конкретный образ дакини в одной стране
PRES_e9f41a40c8,2010,2,Проблема сновидения и «ошибочные действия» в натаке Бхасы «Свапнавасавадатта»,1,0.9,deepseek,Анализ конкретной пьесы Бхасы
PRES_ea0097faa8,2010,2,Китайские переводы Лалитавистары как источник по истории текста,1,0.85,deepseek,Конкретный текст и его переводы
PRES_eda7195a4d,2010,2,Непал: от конфессионального компромисса до секуляризма (Некоторые штрихи истории духовной культуры),2,0.9,deepseek_strict_scale_audit,"Обзор истории духовной культуры Непала — это L2, так как рамка ограничена одной страной."
PRES_fca193c4c1,2010,2,Философское приложение шикши в кашмирском шиваизме,1,0.85,deepseek,Конкретное философское приложение в одной традиции
PRES_fe7f9d9625,2010,2,Юрий Николаевич Рерих — исследователь тибетского языка,1,0.9,deepseek,Конкретный исследователь и язык
PRES_0b727f138c,2011,1,Словесные фигуры и принцип «непрямого высказывания» (вакрокти) в средневековой поэтике,1,0.85,deepseek,Конкретный принцип в средневековой поэтике
PRES_216606ed4c,2011,1,Интерпретация учения об аватарах Вишну в «Девибхагавата-пуране»,1,0.85,deepseek,Интерпретация учения в одной пуране
PRES_36278778ba,2011,1,Мифологии северных мунда как источник для реконструкции сюжета создания человека у населения евразийских степей в эпоху бронзы C,2,0.9,deepseek_strict_scale_audit,"Реконструкция сюжета на основе мифологий нескольких групп (северные мунда, евразийские степи) — это обобщение уровня традиций (L2)."
PRES_37530fdf34,2011,1,Тема весны в старой тамильской поэзии,1,0.85,deepseek,Тема в старой тамильской поэзии
PRES_37ec1a3fd3,2011,1,О композиции вступительных глав «Сказания о Шакунтале»,1,0.9,deepseek,Композиция вступительных глав конкретного сказания
PRES_4f6dd44b06,2011,1,«Будда из пригорода» Ханифа Курейши: иммигрантский текст индо-британской литературы,1,0.9,deepseek,Конкретный роман и его анализ
PRES_5291787a3f,2011,1,Прием почетного гостя-атитхи по материалам древнеиндийских ритуальных текстов,1,0.85,deepseek,Конкретный ритуал по древним текстам
PRES_5816bc342a,2011,1,Интерпретация символов ‘ом’ и ‘сиддхам’ в мангала-шлоках санскритских рукописей,1,0.85,deepseek,Интерпретация символов в мангала-шлоках рукописей
PRES_59bc8c1ec8,2011,1,Индия в поэзии йафиитов (Южная Аравия),1,0.8,deepseek,Индия в поэзии конкретной группы
PRES_5b9c7fa5b6,2011,1,Санскритизация и философские проблемы языковой политики,2,0.9,deepseek_strict_scale_audit,"Обсуждение санскритизации и языковой политики — это обобщение уровня явления (L2), так как затрагивает широкий класс явлений."
PRES_5b9d992a66,2011,1,Некоторые аспекты полемического дискурса в индийских религиозно-философских традициях,1,0.9,deepseek_strict_scale_audit,"Заголовок 'Некоторые аспекты полемического дискурса в индийских религиозно-философских традициях' указывает на рассмотрение аспектов в рамках одной региональной традиции (индийские традиции), что соответствует L1. Слово 'некоторые' дополнительно ограничивает масштаб."
PRES_5deb828215,2011,1,Существует ли психофизическая проблема (mind-body problem) в буддизме?,1,0.9,deepseek_strict_scale_audit,"Заголовок 'Существует ли психофизическая проблема (mind-body problem) в буддизме?' ставит вопрос о наличии конкретной проблемы в одной традиции (буддизм), что является L1."
PRES_61eb101383,2011,1,Поэтические жанры индийской литературы в тибетском буддийском каноне,1,0.85,deepseek,Поэтические жанры в тибетском каноне
PRES_66b3645128,2011,1,О первых христианских миссионерах в Индии,1,0.85,deepseek,Первые христианские миссионеры в Индии
PRES_6b5321239f,2011,1,Концепт svadharma в кастовой идеологии,1,0.9,deepseek,"Анализ концепта svadharma в кастовой идеологии, частный концепт"
PRES_77ba89aeed,2011,1,Буддизм и юнгианство,2,0.9,deepseek_strict_scale_audit,"Сопоставление буддизма и юнгианства — это обобщение двух традиций, что соответствует L2."
PRES_7a0616cdc7,2011,1,Метафора в «Махабхарате»,1,0.9,deepseek,"Метафора в одном тексте, частный кейс"
PRES_81e4f6fe0b,2011,1,Об изучении четвертой главы «Абхисамая-аланкары»,1,0.9,deepseek,"Изучение одной главы текста, частный кейс"
PRES_9cc7f0b54c,2011,1,Samarasa и svasamvedya в абхишека-патале Хеваджра-тантры согласно Муктавалихеваджрапаньджике Ратнакарашанти,1,0.9,deepseek,"Анализ терминов в конкретной тантре и комментарии, частный кейс"
PRES_9ec34b2c0f,2011,1,Строфы о бодхичитте во второй главе Гухьясамаджа тантры,1,0.9,deepseek,"Строфы из одной главы тантры, частный кейс"
PRES_9f66f4e714,2011,1,Энергийный прагматизм в тамильской культуре,1,0.9,deepseek_strict_scale_audit,"Заголовок 'Энергийный прагматизм в тамильской культуре' описывает явление в рамках одной региональной культуры (тамильская), что соответствует L1."
PRES_b9333b3423,2011,1,«Ярость» Рушди,1,0.9,deepseek,"Анализ одного произведения Рушди, частный кейс"
PRES_c511412335,2011,1,Герасим Лебедев и британская элита колониальной Калькутты,1,0.9,deepseek,"Конкретная историческая фигура и её связи, частный кейс"
PRES_cb03ffd1cc,2011,1,Половозрастная стратификация общества в ведийских текстах,1,0.9,deepseek_strict_scale_audit,"Заголовок 'Половозрастная стратификация общества в ведийских текстах' ограничен одним корпусом текстов (ведийские), что является L1."
PRES_d1ddc8c000,2011,1,Следуя воле звезд: Индийская астрология и практика предсказаний стихийных бедствий,1,0.9,deepseek_strict_scale_audit,"Заголовок 'Следуя воле звезд: Индийская астрология и практика предсказаний стихийных бедствий' описывает практику в рамках одной традиции (индийская астрология), что соответствует L1."
PRES_d8c8a0e9b4,2011,1,Драупади в Зале собрания (роль бога Дхармы),1,0.9,deepseek,"Эпизод из Махабхараты, частный кейс"
PRES_df563ac2ff,2011,1,Проблема энергии в тантре,1,0.9,deepseek_strict_scale_audit,"Заголовок 'Проблема энергии в тантре' рассматривает конкретную проблему в рамках одной традиции (тантра), что является L1."
PRES_e2d0ac8c94,2011,1,Категории описания священной речи в «Ригведапратишакхье»,1,0.9,deepseek,"Категории описания в одном тексте, частный кейс"
PRES_e7d3ba524e,2011,1,RāmāyaNa’s Commentary Tradition in the Untouchable Rāmnāmī Community,1,0.9,deepseek,"Комментаторская традиция в конкретной общине, частный кейс"
PRES_eaf7163393,2011,1,Рабиндранат Тагор: уровни поэтического высказывания,1,0.9,deepseek,"Уровни поэтического высказывания у Тагора, частный кейс"
PRES_ef02ed3c8e,2011,1,Саттрия: рождение нового индийского классического танца в Ассаме Лаборатория «Театрика» (Москва – С.-Петербург). Видеоматериал по традиции чхоу,1,0.9,deepseek,"Рождение нового танца в Ассаме, частный кейс"
PRES_f73706499b,2011,1,"«Юные» в окружении царя Раджасинхи II—го (XVII век, Шри Ланка)",1,0.9,deepseek,"Конкретная группа при дворе царя, частный кейс"
PRES_fb8b7f76bc,2011,1,Другой в традиции индуизма и философии Бенгальского Возрождения: Опыт сопоставления,2,0.9,deepseek_strict_scale_audit,"Заголовок 'Другой в традиции индуизма и философии Бенгальского Возрождения: Опыт сопоставления' явно сопоставляет две традиции (индуизм и Бенгальское Возрождение), что выводит на уровень L2."
PRES_fe38d39938,2011,1,Глава о надзирателе за архивом в «Артхашастре» Каутильи в контексте информации надписей времени Гуптов,1,0.9,deepseek,"Глава из Артхашастры в контексте надписей, частный кейс"
PRES_0aedd41026,2012,1,Непосредственное восприятие как знание из слов по материалам «Веданта-парибхаши» Дхармараджи,1,0.9,deepseek,Анализ одного текста 'Веданта-парибхаша' по вопросу восприятия
PRES_1a19c546ea,2012,1,«Третье измерение» в непальской поэзии,1,0.9,deepseek_strict_scale_audit,"Заголовок '«Третье измерение» в непальской поэзии' описывает тенденцию в рамках одной национальной литературы (непальская), что соответствует L1."
PRES_20d92e0dfe,2012,1,Эволюция жанра шахрашуб в контексте взаимодействия персоязычной литературы и литературы урду,2,0.9,deepseek_strict_scale_audit,"Заголовок 'Эволюция жанра шахрашуб в контексте взаимодействия персоязычной литературы и литературы урду' явно рассматривает взаимодействие двух литературных традиций, что выводит на уровень L2."
PRES_20e82a1bf4,2012,1,«Юный» как представитель измененного состояния сознания,1,0.7,deepseek,"Анализ термина 'юный' как представителя измененного состояния сознания, вероятно, на конкретном тексте"
PRES_347180ce4e,2012,1,«Кадамбари» в современном мире,1,0.8,deepseek,"Рецепция 'Кадамбари' в современном мире, конкретный текст"
PRES_44b7051738,2012,1,Формула «бхукти — мукти» и сотериологический антиномизм индуистской тантры,1,0.9,deepseek_strict_scale_audit,"Заголовок 'Формула «бхукти — мукти» и сотериологический антиномизм индуистской тантры' основан на одной формуле в рамках одной традиции (индуистская тантра), что является L1."
PRES_4557455166,2012,1,Версия мифа о Вритре в «Девибхагаватапуране»,1,0.9,deepseek,Версия мифа в конкретной пуране
PRES_485b7b3478,2012,1,Осел/бык в индоиранской картине мира,2,0.9,deepseek_strict_scale_audit,"Заголовок 'Осел/бык в индоиранской картине мира' явно сравнивает образ в двух культурных ареалах (индийский и иранский), что выводит на уровень L2."
PRES_4acd5d51b5,2012,1,Эволюция буддистского учения о не-«я»: две концепции анатмавады,1,0.9,deepseek_strict_scale_audit,"Заголовок 'Эволюция буддистского учения о не-«я»: две концепции анатмавады' рассматривает эволюцию учения в рамках одной традиции (буддизм), что является L1."
PRES_5bd9be8d40,2012,1,Еще раз о теме разлуки в тамильской поэзии,1,0.8,deepseek,"Тема разлуки в тамильской поэзии, конкретный мотив"
PRES_5f83d7a499,2012,1,Текст по культу Ваджрапани и восьми царей нагов в свитке XIII века Дх-178 из собрания ИВР РАН,1,0.9,deepseek,Конкретный текст из свитка XIII века
PRES_627da820b6,2012,1,Дискуссия о значении термина анангу в тамильской литературе,1,0.85,deepseek,Дискуссия о значении термина в тамильской литературе
PRES_63aa865de4,2012,1,Практики движения праны в текстах кашмирских авторов,1,0.85,deepseek,"Практики движения праны в текстах кашмирских авторов, конкретный корпус"
PRES_77f698acd5,2012,1,«Рамаяна»  в драме Бхавабхути «Последние деяния Рамы»,1,0.9,deepseek,"Рамаяна в драме Бхавабхути, конкретный текст"
PRES_81b825e701,2012,1,Агамический текст как способ самоопределения ведической традиции (на примере «Шива сутры»),1,0.85,deepseek,"Агамический текст как самоопределение ведической традиции на примере Шива сутры, конкретный кейс."
PRES_8bd27d8f20,2012,1,Две парадигмы монизма в интерпретации «Бхагавадгиты»: Шанкара и Рамануджа,1,0.9,deepseek_strict_scale_audit,"Заголовок 'Две парадигмы монизма в интерпретации «Бхагавадгиты»: Шанкара и Рамануджа' сравнивает интерпретации одного текста двумя мыслителями, что является L1."
PRES_92e44ac148,2012,1,"О взаимовлиянии индуизма и буддизма в религии непальцев (легенды, иконография, личные наблюдения)",2,0.9,deepseek_strict_scale_audit,"Заголовок 'О взаимовлиянии индуизма и буддизма в религии непальцев (легенды, иконография, личные наблюдения)' явно рассматривает взаимовлияние двух традиций (индуизм и буддизм), что выводит на уровень L2."
PRES_9389ab2ec7,2012,1,Неварский «повествовательный свиток» в собрании  МАЭ РАН (коллекция И. П. Минаева). Предварительное сообщение,1,0.9,deepseek,Конкретный артефакт из собрания МАЭ
PRES_972d4079b1,2012,1,Г. Оберхаммер и его принципы изучения религиозно-философских текстов школы вишишта-адвайта-веданты,1,0.85,deepseek,"Принципы изучения текстов школы вишишта-адвайта-веданты, конкретный исследователь"
PRES_9991e8b1ef,2012,1,Особенности календарной обрядности у раджпутов C,1,0.85,deepseek,"Особенности календарной обрядности у раджпутов, конкретная группа"
PRES_a72801a7e5,2012,1,Образ индуизма в религиозно-философской мысли Бенгальского Ренессанса,1,0.9,deepseek_strict_scale_audit,"Заголовок 'Образ индуизма в религиозно-философской мысли Бенгальского Ренессанса' описывает образ в рамках одного течения (Бенгальский Ренессанс), что является L1."
PRES_af6551ce53,2012,1,Выступление директора ИВР РАН на открытии конференции,1,0.9,deepseek,"Выступление директора, организационное, не исследовательское."
PRES_b27303708f,2012,1,Особенности композиции «Апастамба-дхармасутры»,1,0.9,deepseek,"Анализ композиции одного текста, уровень L1."
PRES_b48f6f5ffd,2012,1,Символические фигуры «Ригведы» (на примере  гимна «К Речи»),1,0.9,deepseek,"Разбор одного гимна, уровень L1."
PRES_bafd1e3979,2012,1,Живая традиция ритуальных росписей Питхоро в Гуджарате: полевые данные 2012 г,1,0.95,deepseek,"Полевые данные по конкретной традиции, уровень L1."
PRES_c753d8108f,2012,1,"«Бенгальский стиль» в индийском танце: традиционное, креативное, политическое измерения В программе возможны изменения и дополнения Приглашаются все желающие",1,0.9,deepseek_strict_scale_audit,"Заголовок '«Бенгальский стиль» в индийском танце: традиционное, креативное, политическое измерения' описывает один стиль в рамках одной традиции (индийский танец), что является L1."
PRES_ca1df3941d,2012,1,Дхарма и буддология. Актуальные проблемы,2,0.85,deepseek_strict_scale_audit,"Заголовок 'Дхарма и буддология. Актуальные проблемы' предполагает обсуждение актуальных проблем в рамках буддологии, что является обобщением на уровне традиции (L2)."
PRES_d7d08bc77f,2012,1,Матрики вне буддийских текстов,1,0.9,deepseek,"Конкретный термин вне буддийских текстов, уровень L1."
PRES_d7ffc90dec,2012,1,Индия и индийцы в автобиографической книге  В. С. Найпола «The Writer's People»,1,0.9,deepseek,"Анализ одной книги, уровень L1."
PRES_dbced805b6,2012,1,Заметки о структуре расположения скульптурных изображений в храмовых комплексах согласно «Агни-пуране»,1,0.9,deepseek,"Заметки по структуре по одной пуране, уровень L1."
PRES_df7078b604,2012,1,Чудесный сосуд Манимехалей: попытка интерпретации,1,0.9,deepseek,"Интерпретация одного сосуда, уровень L1."
PRES_e5cc1bbb1d,2012,1,"Ян Потоцкий и тибетская рукопись, найденная в Калмыкии",1,0.9,deepseek,"Конкретная рукопись и персона, уровень L1."
PRES_ea42f7e02c,2012,1,Загадки поэмы Джаяси «Падмават»,1,0.9,deepseek,"Загадки одной поэмы, уровень L1."
PRES_fe7edab64d,2012,1,Об употреблении слова ātman в «Ригведе»,1,0.9,deepseek,"Употребление слова в одном тексте, уровень L1."
PRES_05a25bcc84,2012,2,Непосредственное восприятие через слово. По «Веданта-парибхаше» Дхармараджи,1,0.9,deepseek,"По одному тексту, уровень L1."
PRES_1abd6d361e,2012,2,Рерихи в Пекине в 1934—1935 гг,1,0.9,deepseek,"Конкретный эпизод, уровень L1."
PRES_1e1cbc95e7,2012,2,Бог и человек в поэзии Тагора. От «Иша-упанишады» до «Писем о России»,1,0.9,deepseek_strict_scale_audit,"Заголовок 'Бог и человек в поэзии Тагора. От «Иша-упанишады» до «Писем о России»' рассматривает тему в творчестве одного автора (Тагор), что является L1."
PRES_235b11e4e7,2012,2,Летописный текст и  феномен «изображение» в буддийской традиции Тибета,1,0.9,deepseek_strict_scale_audit,"Заголовок 'Летописный текст и феномен «изображение» в буддийской традиции Тибета' описывает феномен в рамках одной региональной традиции (тибетский буддизм), что является L1."
PRES_2545b7a0c5,2012,2,Танцовщица и покровитель: начни и расик восточных областей Индии. Контексты взаимоотношений,1,0.85,deepseek_strict_scale_audit,"Заголовок указывает на конкретные роли (танцовщица, покровитель) и локальный контекст (восточные области Индии). 'Контексты взаимоотношений' не обещает обобщения целой традиции или региона, а скорее анализ конкретных случаев."
PRES_3c0208406b,2012,2,Актуализация информативной основы средневекового текста Центральной Азии в современном мире (на примере «Тарих-и Рашиди» Мирзы Хайдара Дуглата»),1,0.9,deepseek_strict_scale_audit,"Заголовок фокусируется на одном средневековом тексте ('Тарих-и Рашиди') и его актуализации в современном мире. Это конкретный текст, а не обобщение о Центральной Азии в целом."
PRES_3ddacc6fb6,2012,2,Песенная техника проповеди Миры Баи: подступы к исследованию,1,0.9,deepseek,"Подступы к исследованию одной персоны, уровень L1."
PRES_3fe0ca1850,2012,2,Сновидение в древнеиндийских философских текстах,1,0.9,deepseek,Анализ сновидения в древнеиндийских философских текстах — частный тематический кейс.
PRES_42588a671c,2012,2,Ю. Рерих о роли буддизма в культурном единстве Азии,2,0.9,deepseek_strict_scale_audit,"Заголовок обещает обобщение о роли буддизма в культурном единстве Азии, что охватывает целый регион и традицию. Это соответствует L2."
PRES_517c404931,2012,2,Описание Индии в средневековых ирландских источниках,1,0.9,deepseek,Описание Индии в конкретных средневековых ирландских источниках — частный кейс.
PRES_56a96b450d,2012,2,Ю.Н. Рерих — выдающийся лингвист-тибетолог,1,0.9,deepseek,Персоналия Ю.Н. Рериха как лингвиста-тибетолога — частный кейс.
PRES_5d4f4cf4a8,2012,2,Смех в традиции древнеиндийского театра (по материалам Натьяшастры),1,0.9,deepseek,Смех в традиции древнеиндийского театра по Натьяшастре — частный кейс.
PRES_5e071eae59,2012,2,Снатака в древнеиндийском ритуале и тексте,1,0.9,deepseek,Снатака в древнеиндийском ритуале и тексте — частный кейс.
PRES_60805ae896,2012,2,Дом-музей семьи Рерихов в Улан-Баторе,1,0.9,deepseek,Дом-музей семьи Рерихов в Улан-Баторе — частный кейс.
PRES_6436980fe8,2012,2,Śradīḥ  púraḥ: ранневедийский текст и ритуал,1,0.9,deepseek,Ранневедийский текст и ритуал — частный кейс.
PRES_65f28e41f2,2012,2,О значении пал. sutta (p.p. от supati «спать») в медитации осознанности (сатипаттхана),1,0.9,deepseek,Значение палийского sutta в медитации осознанности — частный кейс.
PRES_74936e5d59,2012,2,К этимологии ведийского sarámā,1,0.9,deepseek,Этимология ведийского sarámā — частный кейс.
PRES_74d662c14f,2012,2,К проблеме возрастных категорий у древних тюрков VI—X вв,1,0.85,deepseek,"Возрастные категории у древних тюрков VI-X вв. — частный кейс, не индология."
PRES_7fbd6a22e3,2012,2,Теория преемственности Дхармы в доктрине «сангоку маппо» в японском буддизме,1,0.9,deepseek,Теория преемственности Дхармы в доктрине сангоку маппо — частный кейс.
PRES_80c3a05563,2012,2,О формульности индийских дарственных надписей,2,0.9,deepseek_strict_scale_audit,"Заголовок обещает обобщение о формульности целого класса объектов (индийские дарственные надписи), что выходит за рамки одного текста или ограниченной группы. Это L2."
PRES_82dc5a4985,2012,2,Сакральная «геология» в системе знаний вастувидьи (науки о строительстве и зодчестве) в пуранах,1,0.9,deepseek,Сакральная геология в вастувидье по пуранам — частный кейс.
PRES_9294929f41,2012,2,Мотив caṅkrama в буддийском нарративе и изображении,1,0.9,deepseek,Мотив caṅkrama в буддийском нарративе и изображении — частный кейс.
PRES_a5c792ee0e,2012,2,Сакральная защита пространства долины Катманду,1,0.9,deepseek,Сакральная защита пространства долины Катманду — частный кейс.
PRES_a6e4236018,2012,2,Еще раз о субъекте: «Ишварапратьябхиджня-вимаршини» Абхинавагупты,1,0.9,deepseek,Анализ Ишварапратьябхиджня-вимаршини Абхинавагупты — частный кейс.
PRES_c417664ebc,2012,2,Символизм десяти воплощений Вишну во внутренней Калачакра-тантре,1,0.9,deepseek,Символизм десяти воплощений Вишну в Калачакра-тантре — частный кейс.
PRES_ce1f190968,2012,2,Природопользование в тангутском государстве Си Ся,1,0.85,deepseek,"Природопользование в тангутском государстве Си Ся — частный кейс, не индология."
PRES_cf863a87de,2012,2,Намтар  Будды Шакьямуни в тибетской и китайской (пекинской) традициях (танки из коллекций Одесского и Киевского музеев Украины),1,0.9,deepseek,Намтар Будды Шакьямуни в тибетской и китайской традициях по танкам из музеев — частный кейс.
PRES_cf87ec3bf9,2012,2,Элементы игровой поэтики в махаянском описании ступеней бодхисаттвы в текстах «Большой Праджняпарамиты»,1,0.9,deepseek,Анализ игровой поэтики в конкретном тексте махаянской традиции
PRES_cf88b0bf9e,2012,2,К проблеме складывания сикхского двора и придворной культуры при последних шести гуру,2,0.9,deepseek_strict_scale_audit,"Заголовок обещает обобщение о складывании сикхского двора и придворной культуры, что охватывает исторический процесс в рамках одной традиции. Это L2."
PRES_d7d410a274,2012,2,У истоков Праджняпарамиты (стихотворное ядро традиции),1,0.9,deepseek,Исследование стихотворного ядра традиции Праджняпарамиты
PRES_e17d554abc,2012,2,Традиционный индийский комментарий как источник по изучению синтаксиса древнеиндийских языков,1,0.85,deepseek,Использование комментариев как источника по синтаксису древнеиндийских языков
PRES_ea5d4b869f,2012,2,О тамильском поэтическом жанре каламбахам,1,0.9,deepseek,Изучение конкретного тамильского поэтического жанра
PRES_f31283e9b4,2012,2,Рамаяна в драме Бхавабхути «Последние приключения Рамы»,1,0.9,deepseek,Анализ Рамаяны в конкретной драме Бхавабхути
PRES_fc155b3a33,2012,2,Представления об Арьяварте в санскритских источниках в исторической перспективе,2,0.9,deepseek_strict_scale_audit,"Заголовок обещает обобщение представлений об Арьяварте в исторической перспективе, что охватывает целую традицию и регион. Это L2."
PRES_fc5fc5500b,2012,2,12-летний животный цикл. К вопросу об истоках,1,0.85,deepseek_strict_scale_audit,"Заголовок обсуждает истоки 12-летнего животного цикла, что является конкретным явлением, а не обобщением целой традиции. 'К вопросу об истоках' указывает на исследование одного объекта."
PRES_01c8c172a9,2013,1,О символическом языке вещей,1,0.8,deepseek_strict_scale_audit,"Заголовок 'О символическом языке вещей' слишком общий и не указывает на конкретную традицию или регион. Без уточнения это может быть общеметодологическим рассуждением, но скорее всего относится к конкретному контексту. При сомнении выбираем L1."
PRES_02fe7e79a6,2013,1,Cittamātra и проблема наблюдателя в Madhyānta-vibhāga,1,0.9,deepseek,Анализ концепции Cittamātra в конкретном тексте Madhyānta-vibhāga
PRES_04dccf8d10,2013,1,Представление о Брахмане в ранней вишишта-адвайте,1,0.9,deepseek,Исследование представления о Брахмане в ранней вишишта-адвайте
PRES_0dca1ac371,2013,1,Старинные португальские частушки в этнографическом контексте Южной Азии,1,0.85,deepseek,Анализ старинных португальских частушек в этнографическом контексте Южной Азии
PRES_3195691394,2013,1,Элементы культурного синтеза в бенгальской поэзии XVII века,1,0.85,deepseek,Элементы культурного синтеза в бенгальской поэзии XVII века
PRES_3666aae128,2013,1,«Открытие Индии» сквозь призму традиционного текста: опыт мыслителей Бенгальского Возрождения,2,0.9,deepseek_strict_scale_audit,"Заголовок обещает обобщение опыта мыслителей Бенгальского Возрождения, что охватывает целую школу или региональный процесс. Это L2."
PRES_3aa6b03a07,2013,1,Герасим Лебедев и британская элита колониальной Калькутты: момент разрыва,1,0.85,deepseek,Конкретный кейс: Герасим Лебедев и британская элита Калькутты
PRES_5505ef8f0c,2013,1,Работа Р. Х. Ленца в западноевропейских хранилищах восточных рукописей,1,0.85,deepseek,"Работа Ленца в хранилищах, конкретный исторический кейс."
PRES_57ae9add27,2013,1,Реальное и ирреальное в «„Новой поэзии“ хинди»,1,0.85,deepseek,Анализ реального и ирреального в «Новой поэзии хинди»
PRES_6a7d4db7b5,2013,1,Читта и бодхичитта. Раздумья о переводе некоторых буддийских терминов,1,0.85,deepseek,Раздумья о переводе буддийских терминов читта и бодхичитта
PRES_6ef9ae63f8,2013,1,Айодхья через 20 лет после конфликта: о современных проявлениях индуистского фундаментализма (наблюдения и немного размышлений),1,0.85,deepseek,Наблюдения о современных проявлениях индуистского фундаментализма в Айодхье
PRES_7905a089ac,2013,1,История Агададатты в романе Сангхадасы «Странствия Васудевы»,1,0.9,deepseek,Анализ конкретного сюжета в одном джайнском романе
PRES_849b070d56,2013,1,Выступление директора ИВР РАН на открытии конференции,1,0.9,deepseek,"Выступление директора, организационное."
PRES_85aa1ef84a,2013,1,Индологический миф: к вопросу о происхождении термина «индуизм»,2,0.9,deepseek_strict_scale_audit,"Заголовок обсуждает происхождение термина 'индуизм', что затрагивает историю дисциплины и целой традиции. Это обобщение уровня L2."
PRES_85c4d90172,2013,1,Жемчужный остров в «Девибхагавата-пуране»,1,0.9,deepseek,Анализ одного образа в одной пуране
PRES_8d5c85c734,2013,1,Образ Кришны в поэзии Миры Баи,1,0.9,deepseek,Образ Кришны в поэзии одной поэтессы
PRES_8f2b093d02,2013,1,Страсти и бесстрастие Бхартирихари,1,0.9,deepseek,Анализ темы страстей и бесстрастия у одного автора
PRES_9484337e22,2013,1,Концепт «майя» у Шанкары и Абхинавагупты: сходство и различие,2,0.9,deepseek_strict_scale_audit,"Заголовок сравнивает концепцию майи у двух мыслителей, что выходит за рамки одного текста и представляет собой сопоставление в рамках одной традиции. Это L2."
PRES_9f51b09a94,2013,1,Проблема языка в веданте и европейском романтизме,3,0.9,deepseek_strict_scale_audit,Заголовок явно заявляет межтрадиционную рамку: сравнение веданты (индийская традиция) и европейского романтизма. Это соответствует L3.
PRES_aa8cf0310f,2013,1,Классификация наук в традиционной индийской культуре,2,0.9,deepseek_strict_scale_audit,Заголовок обещает обобщение о классификации наук в целой традиционной индийской культуре. Это L2.
PRES_ade026eba7,2013,1,Современное искусство адиваси: некоторые особенности музейной репрезентации в Индии и Европе,1,0.85,deepseek,"Современное искусство адиваси и музейная репрезентация, конкретный кейс."
PRES_ae5459f5c7,2013,1,Буддийские рукописи в Индийском фонде ИВР РАН,1,0.9,deepseek,Описание конкретной коллекции рукописей в одном фонде
PRES_b2df564f10,2013,1,"Материальные атрибуты (лук, стрелы, топорик) как этнические символы автохтонов Шри Ланки",1,0.85,deepseek,Анализ материальных атрибутов как этнических символов у одной группы
PRES_b8b0e64461,2013,1,О формульности надписей на санскрите,1,0.9,deepseek,Исследование формульности надписей на санскрите - конкретный корпус
PRES_ba46b7c452,2013,1,Современные баулы: от деревни до концертного зала,1,0.9,deepseek,"Современные баулы - конкретная группа, от деревни до концертного зала"
PRES_c247636d94,2013,1,Причастие-герундий в хинди и бенгальском языке,1,0.9,deepseek,Сравнение причастия-герундия в двух конкретных языках
PRES_ca34a85370,2013,1,Образ Махендры/Махинды в записках китайских паломников,1,0.9,deepseek,Образ Махендры в записках китайских паломников - конкретный образ в конкретных текстах
PRES_cf01dc9625,2013,1,"Садханы Харихарихаривахана-Авалокитешвары (Авалокитешвары, восседающего на Вишну, гаруде и льве) из тибетского буддийского канона C",1,0.9,deepseek,Садханы конкретного божества из тибетского канона
PRES_d01b9376c0,2013,1,"«Песни якшей», игры людей: о социальных, культурных и художественных особенностях якшаганы Карнатаки В программе возможны изменения и дополнения",1,0.9,deepseek,Якшагана Карнатаки - конкретный региональный театр
PRES_d6fac606b5,2013,1,Эпитеты Будды в тексте «Аджатасена-вьякараны»,1,0.9,deepseek,Эпитеты Будды в одном тексте
PRES_d9c413501e,2013,1,Восьмиугольные понятийные схемы в индийской рациональности,2,0.9,deepseek_strict_scale_audit,"Заголовок обещает обобщение о восьмиугольных понятийных схемах в индийской рациональности, что охватывает целую традицию. Это L2."
PRES_e9bb5a759b,2013,1,"Варна – это фонема, буква, звук или …?",1,0.9,deepseek,Обсуждение термина 'варна' - конкретное понятие
PRES_eaf0add041,2013,1,Образ Локешвара в календарном обряде непальцев,1,0.9,deepseek,Образ Локешвара в календарном обряде непальцев - конкретный обряд
PRES_f3223273ab,2013,1,Тамильские женские божества в средневековой литературе,1,0.9,deepseek,Частный кейс: тамильские женские божества в средневековой литературе
PRES_f978f939da,2013,1,О звуковом составе ведийского текста,1,0.9,deepseek,Частный кейс: звуковой состав ведийского текста
PRES_01484ae69f,2013,2,Концепция «пратитья-самутпада» в раннебуддийской литературе (по материалам палийского канона),1,0.9,deepseek,"Концепция пратитья-самутпада в палийском каноне, конкретный текст и понятие."
PRES_03273267b3,2013,2,Миф о Нараде из пуран: проблема интерпретации понятия майя в древнеиндийской текстовой традиции,1,0.85,deepseek,"Миф о Нараде из пуран, интерпретация майи, конкретный кейс."
PRES_05159a33dc,2013,2,Символизм санскритского алфавита (али-кали) в Калачакра-тантре,1,0.9,deepseek,Частный кейс: символизм алфавита в Калачакра-тантре
PRES_264f66dc40,2013,2,"Индийская монета, найденная при раскопках Тилля-тепе",1,0.9,deepseek,"Индийская монета из раскопок Тилля-тепе, конкретный артефакт."
PRES_3a5af630ce,2013,2,Дворцовый парк в индийской литературе V – VI вв,1,0.9,deepseek,Частный кейс: дворцовый парк в литературе V-VI вв.
PRES_42786acde4,2013,2,Manas/mana и dhamma в понимании первого изречения «Дхаммапады»,1,0.9,deepseek,Анализ двух терминов в одном тексте — частный кейс.
PRES_5280e823e7,2013,2,Специфика восприятия и интерпретации моголами древнеиндийской эпической литературы,1,0.8,deepseek,Частный кейс: восприятие моголами индийского эпоса
PRES_55eb4b8793,2013,2,Открытие буддийской надписи брахми (II в. до н. э.) в Центральной Индии: к истокам традиции именования ранних буддийских школ,1,0.9,deepseek,Конкретная надпись и её значение — частный кейс.
PRES_5814e91ca6,2013,2,Множественность будд и сотериология махасангхиков,2,0.9,deepseek_strict_scale_audit,Обобщение о сотериологии целой школы (махасангхики) — это уровень традиции (L2).
PRES_5cb1402aa1,2013,2,Вратьи в контексте ритуала приема почетного гостя (atithi),1,0.9,deepseek,Частный кейс: вратьи в контексте одного ритуала.
PRES_5e3a0ceae6,2013,2,"Варна – фон, фонема, звукотип",1,0.8,deepseek,"Частный кейс: термины варна, фон, фонема, звукотип"
PRES_6b6b57012a,2013,2,Магическое воздействие на погоду в культуре кочевников Центральной Азии,1,0.8,deepseek,Частный кейс: магическое воздействие на погоду у кочевников
PRES_6fe79ec053,2013,2,Спор Абхинавагупты и Утпаладевы с буддистами в первой части «Ишварапратьябхиджня-вимаршини»,1,0.9,deepseek,Анализ спора в одном тексте — частный кейс.
PRES_96ea28da78,2013,2,Представления об уме в джайнской дигамбарской традиции (к прояснению терминов),1,0.9,deepseek,Частный кейс: представления об уме в джайнской дигамбарской традиции
PRES_9c14b8613f,2013,2,"Образ карлика в иконографической программе индийского храма (Аджанта, Эллора, Аурангабад) V – X вв",1,0.9,deepseek,Частный кейс: образ карлика в конкретных храмах.
PRES_a318f43405,2013,2,Особенности соотношения «лексема – понятие» в санскритских и палийских источниках,1,0.9,deepseek,Сравнение лексем в санскритских и палийских источниках — частный кейс.
PRES_c1b63ebc67,2013,2,Символы в обозначении пространства и чисел и их истолкование (по текстам вастувидьи из пуран),1,0.9,deepseek,Частный кейс: символы в текстах вастувидьи.
PRES_c7652ed58e,2013,2,Исторические исследования Ю.Н. Рериха в Ладакхе,1,0.9,deepseek,Частный кейс: исследования Рериха в Ладакхе.
PRES_e1b411bb31,2013,2,Концепция maryādā в непальских надписях,1,0.9,deepseek,Частный кейс: концепция maryādā в непальских надписях.
PRES_e9e215c9f0,2013,2,Буддийские сутры в переводах раннекитайской традиции,1,0.9,deepseek,"Конкретный корпус переводов буддийских сутр в раннекитайской традиции, частный кейс."
PRES_efa60f7a38,2013,2,Две поэмы на тему разлуки из тамильского сборника Паттуппатту: Муллейппатту и Недунальвадей. Опыт сравнения,1,0.9,deepseek,Сравнение двух поэм — частный кейс.
PRES_09ea1d8846,2014,1,Абхидхармакоша: проблема авторства,1,0.9,deepseek,"Проблема авторства конкретного текста, частный кейс."
PRES_149689b11e,2014,1,What is Ahi Budhnya: some remarks on the Serpent of the Deep as in the Rigveda and elsewhere,1,0.9,deepseek,"Замечания о конкретном божестве в Ригведе, частный кейс."
PRES_1ec138c017,2014,1,Концепция аватар Вишну в поэме Магхи «Шишупалавадха»,1,0.9,deepseek,"Концепция аватар в конкретной поэме, частный кейс."
PRES_222fd16a0c,2014,1,Хити/дхара — «неиссякаемый источник»: Иконография и функции (по материалам Непала),1,0.9,deepseek,"Иконография и функции конкретного образа по материалам Непала, частный кейс."
PRES_25a34c0006,2014,1,Тангутские ксилографы письмом ‘сиддхам’ из собрания ИВР РАН,1,0.9,deepseek,"Конкретные ксилографы из собрания, частный кейс."
PRES_25c542e83e,2014,1,Религия как инструмент внутренней политики Индии,2,0.9,deepseek_strict_scale_audit,"Заголовок обещает обобщение о религии как инструменте внутренней политики Индии, что охватывает уровень страны. Это L2."
PRES_28cd96d910,2014,1,Форма смыслового глагола в модальных конструкциях возможности/способности в хинди,1,0.9,deepseek,"Конкретная грамматическая конструкция в хинди, частный кейс."
PRES_2f9d65e45b,2014,1,"The ideal man in the Mahābhārata. The consciousness of the ""budhyamāna"" on one's way to salvation",1,0.9,deepseek,"Идеальный человек в Махабхарате — частный кейс, хотя тема широкая, но аргумент об одном тексте."
PRES_38f0bf3fa1,2014,1,Южноиндийские божества: некоторые аспекты гендерных взаимоотношений,2,0.9,deepseek_strict_scale_audit,"Заголовок обещает обобщение о южноиндийских божествах и гендерных аспектах, что охватывает регион. Это L2."
PRES_3eb2ccd62e,2014,1,"Мандала-классификация нечестных трансакций в ответ на упрек (Ангуттара-никая. Аттаканипата, Ассаколанкасутта)",1,0.9,deepseek,"Конкретная классификация в одной сутте, частный кейс."
PRES_446d1622e0,2014,1,Психология Бога в кашмирском шиваизме и у Якоба Беме,2,0.9,deepseek_strict_scale_audit,"Заголовок сравнивает психологию Бога в двух традициях (кашмирский шиваизм и у Якоба Беме), что является межтрадиционным обобщением. Однако рамка ограничена двумя школами, а не глобальным сравнением, поэтому L2."
PRES_51ca649214,2014,1,Брахманы намбудири: некоторые особенности традиции передачи ведийских текстов,1,0.9,deepseek,"Особенности традиции конкретной группы брахманов, частный кейс."
PRES_667fb09140,2014,1,Община парсов в мультикультурном Бомбее (по произведениям Рохинтона Мистри),1,0.9,deepseek,"Община парсов в Бомбее по произведениям одного автора, частный кейс."
PRES_67151ae69e,2014,1,Грамматика Панини и механизм кодирования ведийского текста,1,0.9,deepseek,Грамматика Панини и кодирование ведийского текста — частный кейс.
PRES_6fd8f32d77,2014,1,И. П. Минаев как собиратель рукописей,1,0.9,deepseek,"Конкретный собиратель рукописей, частный кейс."
PRES_71c7cc1a09,2014,1,"Спхота, джати, пашьянти и пратибха в «Вакьяпадии» — к проблеме разграничения терминов",1,0.9,deepseek,"Разграничение терминов в конкретном тексте, частный кейс."
PRES_7393356a70,2014,1,Ранние китайские версии биографии Будды: сюжет подношения рисовой каши,1,0.9,deepseek,Анализ сюжета в ранних китайских версиях биографии Будды — частный кейс.
PRES_7e6c76b7c4,2014,1,Древнеиндийская риторика и традиция санскритского театра (Тригата в «Натьяшастре»),1,0.85,deepseek,Рассмотрение Тригаты в Натьяшастре — конкретный текст и термин.
PRES_7eec57e19f,2014,1,Духи умерших в представлениях и обрядовой жизни веддов Шри Ланки,1,0.9,deepseek,Описание представлений и обрядов веддов — частный этнографический кейс.
PRES_7f7a003e02,2014,1,Неварский «повествовательный свиток» на темы «Лалитавистары»: «одомашнивание» классической буддийской сутры,1,0.9,deepseek,Частный кейс: неварский свиток на тему сутры.
PRES_83fa564d73,2014,1,Традиционная классификация санскритских стихотворных размеров,1,0.9,deepseek,"Классификация санскритских размеров — обзорная тема, но без обобщения, уровень 1."
PRES_8c55a738df,2014,1,О стереотипизации адиваси в популярной культуре Индии,1,0.85,deepseek,Стереотипизация адиваси в популярной культуре — частный случай.
PRES_9857501571,2014,1,«Лирическая героиня» Миры Баи,1,0.9,deepseek,Лирическая героиня Миры Баи — конкретный автор и образ.
PRES_996d42296f,2014,1,К вопросу о письменной фиксации Ригведы,1,0.9,deepseek,Частный кейс: вопрос о письменной фиксации Ригведы.
PRES_9c47837d30,2014,1,Концепция «марьяда» в непальских надписях,1,0.9,deepseek,Частный кейс: концепция 'марьяда' в непальских надписях.
PRES_aa4df50cf0,2014,1,Древние южноазиатско-африканские связи (по данным фольклора и мифологии),3,0.9,deepseek_strict_scale_audit,"Заголовок заявляет древние южноазиатско-африканские связи, что является глобальной, межрегиональной рамкой. Это L3."
PRES_adefba4b15,2014,1,Феномен Рамакришны Парамахамсы и формирование неоиндуизма в Бенгалии XIX века,2,0.9,deepseek_strict_scale_audit,"Заголовок обещает обобщение о феномене Рамакришны и формировании неоиндуизма в Бенгалии, что охватывает региональный процесс и традицию. Это L2."
PRES_b0ead2dd43,2014,1,"Одержимость, служение и лицедейство. Традиции Bhoota-kolam и Theyyam Тулунаду",1,0.9,deepseek,Традиции Bhoota-kolam и Theyyam — частный кейс.
PRES_b6bc9faa10,2014,1,Значение творчества Тирумулара для формирования изобразительного канона Шивы Натараджи в Чидамбараме,1,0.85,deepseek,Значение творчества Тирумулара для канона Шивы Натараджи — частный кейс.
PRES_b9b432befc,2014,1,Животный мир пословиц и поговорок хинди,1,0.9,deepseek,Животный мир пословиц и поговорок хинди — частный корпус.
PRES_ba306768d9,2014,1,Гимн-падигам как основная форма поэзии тамильских шиваитов,1,0.85,deepseek,Гимн-падигам как форма поэзии тамильских шиваитов — частный жанр.
PRES_d1d4be71f7,2014,1,К реконструкции ритуальной семантики дравидского kāvaṭi,1,0.85,deepseek,Реконструкция ритуальной семантики дравидского kāvaṭi — частный термин.
PRES_d45862604d,2014,1,В деревне Ампития (Шри Ланка) через 100 лет после Людмилы Мерварт,1,0.9,deepseek,Повторное посещение деревни Ампития — частный кейс.
PRES_d53f641345,2014,1,"О гимне Авалокитешваре, приписываемом тибетскому царю Сонгцэн-гампо",1,0.9,deepseek,"Гимн Авалокитешваре, приписываемый царю — частный текст."
PRES_db18841de6,2014,1,«Апофатический» подход в буддийской теории восприятия,1,0.85,deepseek,Апофатический подход в буддийской теории восприятия — частная концепция.
PRES_dff8128e31,2014,1,«Стотра-ратна» Ямуны: философия vis-à-vis поэзия,1,0.85,deepseek,Стотра-ратна Ямуны — конкретный текст.
PRES_f911a286e4,2014,1,Выступление директора ИВР РАН на открытии конференции,1,0.9,deepseek,"Организационное выступление, не исследовательский доклад."
PRES_fef7c3afd6,2014,1,Версия «Рамаяны» в «Махабхагавата-пуране»,1,0.9,deepseek,Версия Рамаяны в Махабхагавата-пуране — частный текст.
PRES_00dba5f22c,2015,1,Что мы пьём? (анализ питья с позиций тибетской мадхьямаки и «многомировой» концепции Эверетта-Менского),1,0.8,deepseek,Сравнение тибетской мадхьямаки с современной физической концепцией; частный кейс.
PRES_0b6b8afcb2,2015,1,Атомистический подход в буддизме,1,0.9,deepseek,"Общий обзор атомистического подхода в буддизме; уровень темы широкий, но аргумент не выходит за рамки одного учения."
PRES_0cfab3c29b,2015,1,Расширение и распространение: о некоторых особенностях употребления глагольного корня bṛh в «Ригведе»,1,0.95,deepseek,Анализ употребления одного глагольного корня в одном тексте.
PRES_14160d038b,2015,1,Далитская автобиография как специфический жанр,1,0.9,deepseek,Рассмотрение далитской автобиографии как жанра; частный кейс.
PRES_15ddb2e3bf,2015,1,Из миссионерской истории Индии: Франциск Ксавье,1,0.9,deepseek,Конкретная историческая личность и её миссионерская деятельность.
PRES_195d6fc0bc,2015,1,Образная система в отшельнической поэзии раннего буддизма,1,0.9,deepseek,Анализ образной системы в одном корпусе поэзии.
PRES_1b1e7ee72c,2015,1,Чудо Полоннарувы,1,0.8,deepseek,Конкретный археологический памятник (Полоннарува).
PRES_1f1bea1183,2015,1,Рассказы о мастерстве в древнеиндийской городской литературе,1,0.9,deepseek,Анализ рассказов о мастерстве в одном жанре городской литературы.
PRES_20a3d34c80,2015,1,Проблемы перевода «Шрибхашьи» Рамануджи,1,0.9,deepseek,Проблемы перевода конкретного текста.
PRES_20f5fa7819,2015,1,Язык и внеязыковая действительность в «Вакьяпадии» Бхартрихари,1,0.9,deepseek,Анализ концепции языка и реальности в одном тексте.
PRES_2715b98469,2015,1,Индийская тема в автобиографической книге В. С. Найпола «A Writer's People: Ways of Looking and Feeling»,1,0.9,deepseek,Анализ индийской темы в одной книге.
PRES_2aa82261d1,2015,1,Научно-фантастические рассказы Хумаюна Ахмеда,1,0.9,deepseek,Рассмотрение рассказов одного автора.
PRES_2fba1f0162,2015,1,Брахмаракшас: от древности к современности,1,0.85,deepseek_strict_scale_audit,"Заголовок прослеживает образ брахмаракшаса от древности до современности, что является конкретным сюжетом или образом, а не обобщением целой традиции. Это L1."
PRES_36924ac394,2015,1,О значении термина «саутрантика» в «Абхидхармакоше» Васубандху,1,0.9,deepseek,Анализ термина в одном тексте.
PRES_3759903dc9,2015,1,Фрагмент дискуссии о пудгале в «Катхаваттху» I.1: пудгала и скандхи,1,0.9,deepseek,Фрагмент дискуссии в одном тексте.
PRES_3df80915c1,2015,1,Лунные созвездия (nakṣatras) и традиция имянаречения в Древней Индии H. Urbańska. Concept of maya in Darśana Mala of Narayana Guru,1,0.9,deepseek,Конкретная тема: лунные созвездия и имянаречение.
PRES_3e050c97df,2015,1,Коллекция индийских рукописей рукописного фонда библиотеки СПбГУ,1,0.9,deepseek,Описание конкретной коллекции рукописей.
PRES_3e5e8e70ba,2015,1,Обращение к участникам конференции,1,0.9,deepseek,"Обращение к участникам, не является научным докладом."
PRES_425025e61c,2015,1,Легенда о поэте-ребёнке. Самбандар: миф и реальность,1,0.9,deepseek,Частный кейс: легенда о поэте-ребёнке Самбандаре.
PRES_4306e74d40,2015,1,О возможности генетической связи между индийским и месопотамским мифами о потопе,1,0.9,deepseek_strict_scale_audit,"Сравнение двух конкретных мифов (индийского и месопотамского) — это сопоставление ограниченных объектов, а не обобщение целой традиции или класса явлений. Заголовок не обещает обобщения о всех мифах о потопе, а лишь рассматривает возможность генетической связи между двумя конкретными текстами."
PRES_48fe6a6077,2015,1,«Семь познающих» (saptapramātāraḥ) в рекогнитивном самопознании (pratyabhijñā) у Абхинавагупты,1,0.9,deepseek,Анализ концепции у одного философа.
PRES_4bc7a6fa32,2015,1,К этимологии термина ‘вьякарана’ в буддийских источниках,1,0.9,deepseek,Этимология термина в буддийских источниках — частный лингвистический кейс.
PRES_525929e7ed,2015,1,Киннары в скульптуре и литературе Индии,1,0.85,deepseek,Сравнение киннаров в скульптуре и литературе — частный кейс.
PRES_53522f63c1,2015,1,Концепты брахманистского философского дискурса и их связь с женским принципом народного индуизма,2,0.9,deepseek_strict_scale_audit,"Заголовок явно обещает обобщение о связи двух крупных традиций (брахманистский философский дискурс и народный индуизм), что соответствует L2."
PRES_56a4aaf53a,2015,1,О некоторых особенностях в композиции Абхидхармасамуччаи,1,0.9,deepseek,Особенности композиции одного текста — частный кейс.
PRES_5771f5a6b7,2015,1,«Тируттондар тирувандади» Намби Андара Намби (Роль редактора в формировании канонического списка бхактов-наянаров),1,0.9,deepseek,Роль редактора в формировании канона — частный кейс.
PRES_5bb9175b5b,2015,1,Трансформации сюжетов о просветлении и первой проповеди Будды в свете ранних китайских переводов сутр (II—III вв.),1,0.9,deepseek,Трансформации сюжетов в китайских переводах — частный кейс.
PRES_617b761321,2015,1,Народный стиль речи в «Бхрамара-гите» Сурдаса,1,0.9,deepseek,Народный стиль в одном произведении — частный кейс.
PRES_6e005e62ae,2015,1,Вклад В. С. Воробьева-Десятовского (1927—1956) в развитие российско-индийских культурных связей,1,0.9,deepseek,Частный кейс: вклад конкретного учёного.
PRES_761cbc2fa1,2015,1,Ведды глазами сингалов: в прошлом и настоящем,1,0.85,deepseek,Восприятие веддов сингалами — частный этнографический кейс.
PRES_82ae7abc5a,2015,1,Старая сказка на новый лад: Девдас в индийском кинематографе 21 века,1,0.9,deepseek,Адаптация сюжета в кинематографе — частный кейс.
PRES_891e3870db,2015,1,Бонкимчондро Чоттопаддхай и генезис неоиндуизма в Бенгалии,2,0.9,deepseek_strict_scale_audit,"Заголовок обещает обобщение о генезисе неоиндуизма в Бенгалии, что является обобщением уровня традиции (L2)."
PRES_899ee181a5,2015,1,Роман «Кадамбари» и его современное продолжение,1,0.9,deepseek,Роман и его продолжение — частный кейс.
PRES_89a87b7d2e,2015,1,Ад и его обитатели,1,0.9,deepseek_strict_scale_audit,"Тема 'Ад и его обитатели' слишком общая и неконкретная. Без указания на традицию, регион или класс явлений это не может быть L2. Скорее всего, это обзор конкретных образов или текстов, что соответствует L1."
PRES_8ac58078e5,2015,1,Метафора и полисемия в интерпретации буддийских тантр,1,0.9,deepseek,Интерпретация буддийских тантр — частный кейс.
PRES_8c5c002838,2015,1,Образ Кришны в Махабхагавата-пуране,1,0.9,deepseek,Образ Кришны в одной пуране — частный кейс.
PRES_9a274b4cf8,2015,1,Первопечатная христианская книга в Индии (XVI—XVII вв.),1,0.9,deepseek,Первая христианская книга в Индии — частный кейс.
PRES_9b99780d43,2015,1,"Манипури и Манипур: о танцах, искусстве и политике",1,0.85,deepseek,Манипури и Манипур — частный кейс.
PRES_addb4753ec,2015,1,Сказание о Ратнакалике (в составе поэмы «Лор и Чандрани»),1,0.9,deepseek,Сказание в составе поэмы — частный кейс.
PRES_c1f611081b,2015,1,Система образов поэзии кавья на примере лирических стихов из антологии Видьякары «Субхашитаратнакоша»,1,0.9,deepseek,Система образов на примере антологии — частный кейс.
PRES_d430246a1f,2015,1,Эпос «Катама Раджу Катха» — основные особенности сюжета,1,0.9,deepseek,Особенности сюжета одного эпоса — частный кейс.
PRES_df75470655,2015,1,Несколько штрихов к «Сказанию о Нале»,1,0.9,deepseek,"Анализ конкретного сказания из Махабхараты, частный кейс."
PRES_e152e08e66,2015,1,О некоторых особенностях росписей осакотхи (штат Орисса),1,0.85,deepseek,"Описание росписей конкретного региона, частный кейс."
PRES_eb575eaa4d,2015,1,Был ли Яма пессимистом? Значение частицы gha и ее индоевропейские параллели (К интерпретации стиха Ригведа 10.10.10) И. А. Тоноян-Беляев. Анализ содержания и стиля текста «Васту-сутра-упанишад»: некоторые интересные особенности,1,0.9,deepseek,"Интерпретация одного стиха Ригведы, частный кейс."
PRES_efa8567f64,2015,1,"Вновь найденный ксилограф с санскритским алфавитом в трех графических вариантах, привезенный Д. Мессершмидтом из Сибири в 1727 г",1,0.85,deepseek,"Описание конкретного ксилографа и его истории, частный кейс."
PRES_05e39adcc0,2015,2,Воспоминание как основание для тождества «Я» в «Ишварапратьябхиджня-вимаршини» Абхинавагупты,1,0.9,deepseek,"Анализ концепции в конкретном тексте Абхинавагупты, частный кейс."
PRES_08ba18875c,2015,2,Дидактика и символика в тибетской литературе (на примере «Песни о роге яка» из собрания «сто тысяч песен Миларепы»),1,0.85,deepseek,"Анализ конкретного произведения тибетской литературы, частный кейс."
PRES_0d8900f50f,2015,2,Будда Вайрочана и космология «Аватамсака- сутры» в Японии,2,0.9,deepseek_strict_scale_audit,"Заголовок обещает обобщение о космологии 'Аватамсака-сутры' в контексте Японии, что является обобщением уровня традиции (L2)."
PRES_179e86e003,2015,2,Тема царской охоты (на материале письменных памятников Индии и Ирландии),2,0.9,deepseek_strict_scale_audit,Сравнение темы царской охоты на материале двух традиций (Индия и Ирландия) — это обобщение уровня класса явлений (L2).
PRES_3115290bfc,2015,2,Проблемы интерпретации концепции восьми опровержений в «Катхаватху»,1,0.9,deepseek,"Интерпретация концепции в конкретном тексте, частный кейс."
PRES_35cd50282e,2015,2,От Индии до Кара-тепе: к типологии древнеиндийского эпиграфического текста,2,0.9,deepseek_strict_scale_audit,"Заголовок обещает обобщение о типологии древнеиндийского эпиграфического текста на широком материале (от Индии до Кара-тепе), что соответствует L2."
PRES_3d773ae410,2015,2,Социально-философские концепции Калачакратантры с некоторыми параллелями в Кашмирском Шиваизме,2,0.9,deepseek_strict_scale_audit,Сравнение концепций двух традиций (Калачакратантра и Кашмирский Шиваизм) — это обобщение уровня школ (L2).
PRES_5e2b4790e6,2015,2,О брахманических этимологиях,1,0.9,deepseek,"Анализ брахманических этимологий, частный кейс."
PRES_683bba7031,2015,2,Язык жреца – язык поэта. О сакральности речи в древнейших формах санскритской драмы,1,0.85,deepseek,"О сакральности речи в древней драме, частный кейс."
PRES_6f09bca977,2015,2,Изменение межкастовых взаимоотношений в домусульманском Кашмире,2,0.9,deepseek_strict_scale_audit,"Заголовок обещает обобщение об изменении межкастовых взаимоотношений в регионе (Кашмир) в определенный период, что является обобщением исторического процесса (L2)."
PRES_8311e474f5,2015,2,"Белый Старец. Танка из коллекции Кабинета Юрия Рериха (ИВ РАН, Москва)",1,0.85,deepseek,"Описание конкретной танки из коллекции, частный кейс."
PRES_87b3256f20,2015,2,Интерпретация рельефа с изображением Дурги с музыкальными инструментами из буддийского пещерного храма Аурангабада,1,0.85,deepseek,"Интерпретация конкретного рельефа, частный кейс."
PRES_8a501640a4,2015,2,Наги как персонажи непальских легенд,1,0.85,deepseek,"Анализ персонажей непальских легенд, частный кейс."
PRES_8cf371186b,2015,2,Тюркский каган и сасанидский шаханшах: к вопросу об идеологических заимствованиях древних тюрков у иранцев,2,0.9,deepseek_strict_scale_audit,Сравнение идеологических заимствований между двумя политическими образованиями (тюркский каган и сасанидский шаханшах) — это обобщение уровня исторической линии (L2).
PRES_91225c7c40,2015,2,Образ Сомы в ведийской и эпической традиции,2,0.9,deepseek_strict_scale_audit,Образ Сомы в двух традициях (ведийской и эпической) — это обобщение уровня класса явлений (L2).
PRES_92046749c3,2015,2,Проблемы датировки трактата Бхамахи и пути ее решения,1,0.9,deepseek,Частный кейс датировки трактата Бхамахи
PRES_9344fa57ea,2015,2,Стиль кавья в двух описаниях спящего гарема – в «Рамаяне» и в «Жизни Будды» Ашвагхоши,1,0.9,deepseek,"Сравнение двух текстов, частный кейс"
PRES_9a58e03451,2015,2,Об индийских названиях нуля,1,0.9,deepseek,Частное исследование названий нуля
PRES_a662f456a2,2015,2,Могольская концепция богоизбранности и светоносности и ее визуальное воплощение,1,0.8,deepseek,"Концепция и ее визуальное воплощение, частный кейс"
PRES_a6bcd565b0,2015,2,Юрий Рерих и буддийский храм в Санкт- Петербурге,1,0.9,deepseek,Частный кейс: Юрий Рерих и храм
PRES_b0e2c5bfd8,2015,2,О термине татхагата в палийском каноне,1,0.9,deepseek,Частный термин в палийском каноне
PRES_b67b7540fa,2015,2,Индийские гана в зеркале китайских гуа,1,0.8,deepseek,"Сравнение индийских и китайских понятий, частный кейс"
PRES_c1a79dc5fe,2015,2,«Торговцы» или «богачи»? К истории племенного подразделения байат,1,0.8,deepseek,Частный кейс истории племенного подразделения
PRES_c245e46b6e,2015,2,Сакральная география Бодхгаи и текстовая традиция,1,0.9,deepseek,"Сакральная география и текстовая традиция, частный кейс"
PRES_d0c16fc4c0,2015,2,Проповедь Кабира: некоторые особенности языка и стиля,1,0.9,deepseek,Частный кейс языка и стиля Кабира
PRES_e284c84ae6,2015,2,Санскритизация перформанса: преобразования традиций Bhūta-kolam (Тулунаду) и Chhau (Орисса),2,0.9,deepseek_strict_scale_audit,Обобщение о санскритизации перформанса на примере двух традиций — это обобщение уровня класса явлений (L2).
PRES_e5272eecdd,2015,2,Обряд освящения статуи (адхивасана) и его роль в текстах по строительству (вастувидье) в пуранах,1,0.9,deepseek,Частный кейс обряда в пуранах
PRES_e6c1d002d9,2015,2,Рождение героя или сакрального персонажа в индийской повествовательной традиции (к интерпретации композиции «Сон Майи»),1,0.9,deepseek,Частный кейс композиции 'Сон Майи'
PRES_e7f53e7c10,2015,2,Образ потока в тамильской поэзии,1,0.9,deepseek,Частный образ в тамильской поэзии
PRES_ec1abc9fd1,2015,2,Пути песенных текстов – переводы и примеры метафонии,1,0.8,deepseek,Частный кейс переводов и метафонии
PRES_fa1f4db445,2015,2,Неизвестный иллюстрированный манускрипт из Непала из собрания кабинета Ю.Н. Рериха Института востоковедения РАН,1,0.9,deepseek,Частный кейс иллюстрированного манускрипта
PRES_0068d49980,2016,1,Моравская миссия в Ладакхе. «Тибетское» христианство и вклад моравских братьев в развитие языка ладакхи,1,0.9,deepseek,Частный кейс моравской миссии в Ладакхе
PRES_11bae7431c,2016,1,Образ «распутницы» в пракритской лирике,1,0.9,deepseek,Частный образ в пракритской лирике
PRES_146783a25e,2016,1,Герасим Лебедев как этномузыколог: Лондонский концерт,1,0.9,deepseek,Частный кейс: Герасим Лебедев и концерт
PRES_18af79d949,2016,1,"Научная ценность труда И.П.Минаева «Буддизм.Исследования и материалы» (СПб.,1887)",1,0.9,deepseek,"Анализ научной ценности конкретного труда И.П.Минаева, частный кейс."
PRES_19d3632a7e,2016,1,Искусство мастеров-потуа: новые сюжеты в традиционном исполнении,1,0.85,deepseek,"Новые сюжеты в традиционном исполнении, конкретное искусство мастеров-потуа."
PRES_2a0e1b2cbb,2016,1,К вопросу об индоевропейских параллелях ведийским vrātya,1,0.9,deepseek,"Вопрос об индоевропейских параллелях ведийским vrātya, частный термин."
PRES_362845173d,2016,1,Некоторые особенности неварского буддизма и его влияние на религиозную жизнь Непала,2,0.9,deepseek_strict_scale_audit,"Заголовок обещает обобщение об особенностях неварского буддизма и его влиянии на религиозную жизнь Непала, что является обобщением уровня традиции (L2)."
PRES_367c4f966a,2016,1,О роли и функции диалогических поэм буддийского канона,1,0.9,deepseek,"О роли диалогических поэм буддийского канона, частный корпус."
PRES_3aae77ecaf,2016,1,Христианская книга Индийского субконтинента XVI—XIX вв,2,0.9,deepseek_strict_scale_audit,"Заголовок обещает обобщение о христианской книге Индийского субконтинента за определенный период, что является обобщением по региону и периоду (L2)."
PRES_3d94fe9cb2,2016,1,Основные идеи религиозной герменевтики Г. Оберхаммера в аспекте изучения вишишта-адвайта-веданты,1,0.9,deepseek,"Основные идеи религиозной герменевтики Г. Оберхаммера в аспекте изучения вишишта-адвайта-веданты, частный автор и школа."
PRES_3f0186a62b,2016,1,Катхпутли: народные марионетки Раджастхана,1,0.9,deepseek,"Катхпутли: народные марионетки Раджастхана, конкретный вид искусства."
PRES_417cd90017,2016,1,И снова о переводах Р. Тагора,1,0.85,deepseek,"И снова о переводах Р. Тагора, частный автор и тема переводов."
PRES_41f97da7ea,2016,1,"О сборнике садхан, переведенном Б. И. Панкратовым в 1930-е гг. в Пекине",1,0.9,deepseek,"О сборнике садхан, переведенном Б. И. Панкратовым, частный перевод и коллекция."
PRES_49299cbe89,2016,1,Bhavāi Гуджарата: о культурном смысле и социальных функциях традиционного театра,1,0.9,deepseek,"Bhavāi Гуджарата: о культурном смысле и социальных функциях традиционного театра, частный жанр."
PRES_505b9c3a7b,2016,1,Понимание высшей истины (парамартха) у Чже Цонкапы,1,0.9,deepseek,"Понимание высшей истины у Чже Цонкапы, частный автор и концепт."
PRES_5d7b43404c,2016,1,Словарь «Амаракоша» как отражение индийской картины мира,2,0.9,deepseek_strict_scale_audit,"Заголовок обещает обобщение о том, как словарь 'Амаракоша' отражает индийскую картину мира, что является обобщением уровня целой традиции (L2)."
PRES_5f6213bffd,2016,1,Ведийские истоки перспективизма Бхартрихари,1,0.9,deepseek_strict_scale_audit,"Заголовок 'Ведийские истоки перспективизма Бхартрихари' указывает на конкретный концепт у одного мыслителя, что соответствует L1."
PRES_606634cdb3,2016,1,"У сингальских мастеров по дереву (Шри Ланка, осень 2014 г.)",1,0.9,deepseek,"У сингальских мастеров по дереву (Шри Ланка, осень 2014 г.), конкретная экспедиция."
PRES_609d5b9f72,2016,1,Репрезентация образа адиваси в популярном индийском кинематографе,1,0.85,deepseek,"Репрезентация образа адиваси в популярном индийском кинематографе, частный образ и медиум."
PRES_625c10aa1b,2016,1,Об основаниях интерпретации терминов  «dharma» и «saṃskāra» в контексте «Абхидхармасамуччаи»,1,0.9,deepseek,"Об основаниях интерпретации терминов «dharma» и «saṃskāra» в контексте «Абхидхармасамуччаи», частные термины и текст."
PRES_707faba145,2016,1,Чайтанья и его учение в североиндийской литературе XVII в. (на примере «Бхактамалы» Госвами Набхадаса),1,0.9,deepseek,"Чайтанья и его учение в североиндийской литературе XVII в. на примере «Бхактамалы», частный текст и автор."
PRES_71ed8e82c3,2016,1,Формирование иконографии и ритуала  бхактотсава в тамильском шайва-бхакти (от «Тируттондаттохей» Сундарара  до «Махотсававидхи» Агхорашивы),1,0.9,deepseek,"Формирование иконографии и ритуала бхактотсава в тамильском шайва-бхакти, частный ритуал и традиция."
PRES_72191f65f9,2016,1,Из миссионерской истории Индии: Роберто де Нобили,1,0.9,deepseek,"Из миссионерской истории Индии: Роберто де Нобили, частный персонаж."
PRES_74cd40949e,2016,1,Понятие фундаментальности в индологии,3,0.9,deepseek_strict_scale_audit,"Заголовок 'Понятие фундаментальности в индологии' явно заявляет общеметодологическую рамку, что соответствует L3."
PRES_788a7544aa,2016,1,«Бхрамара-гита» Сурдаса: к характеристике стиля,1,0.9,deepseek,"Анализ стиля одного произведения Сурдаса, частный кейс."
PRES_7acc74ab82,2016,1,Письменности языков мунда,2,0.9,deepseek_strict_scale_audit,Обзор письменностей целой языковой семьи (мунда) — это обобщение уровня традиции (L2).
PRES_7c33afdee0,2016,1,«Век Кроноса» и «Сатья-юга»: два вида «первобытного коммунизма» и античных теорий социогенеза,3,0.9,deepseek_strict_scale_audit,Сравнение двух концепций социогенеза ('Век Кроноса' и 'Сатья-юга') с глобальной рамкой ('два вида первобытного коммунизма') — это обобщение цивилизационного уровня (L3).
PRES_8e04c7e6b1,2016,1,Выступление директора ИВР РАН на открытии конференции,1,0.9,deepseek,"Организационное выступление, не исследовательский доклад."
PRES_988254dd64,2016,1,Атиратра Агничаяна: замещение жертвенных животных в ритуалах,1,0.9,deepseek,"Конкретный ритуал и его аспект, частный кейс."
PRES_98b2929335,2016,1,Южноиндийский театр теней «толпава кутху»: традиция и современность,2,0.9,deepseek_strict_scale_audit,Обзор традиции (южноиндийский театр теней) и её современного состояния — это обобщение уровня традиции (L2).
PRES_99df250203,2016,1,Этнографические группы веддов (история и современность),1,0.9,deepseek_strict_scale_audit,"Заголовок 'Этнографические группы веддов (история и современность)' указывает на обзор конкретной этнографической группы, а не на обобщение целой традиции или региона. Это L1."
PRES_9a9e878cfe,2016,1,Человек и судьба (в пословицах хинди),1,0.9,deepseek_strict_scale_audit,"Заголовок 'Человек и судьба (в пословицах хинди)' ограничен пословицами одного языка (хинди), что является конкретным классом явлений в рамках одной традиции. Это L1."
PRES_a0347d2f8e,2016,1,«Рамаяна» Далджита Награ — новый текст индийской диаспоры,1,0.9,deepseek,"Анализ одного текста, частный кейс."
PRES_a2448dc96a,2016,1,"Пауль Дойссен (1845—1919): веданта, европейская философия и философская компаративистика",1,0.9,deepseek_strict_scale_audit,"Заголовок 'Пауль Дойссен (1845—1919): веданта, европейская философия и философская компаративистика' — это обзор философии конкретного мыслителя, без явного обобщения уровня L2, поэтому L1."
PRES_a4f7b5c51d,2016,1,Проблема квалия в свете буддийской философии,1,0.9,deepseek_strict_scale_audit,Заголовок 'Проблема квалия в свете буддийской философии' обсуждает одну философскую проблему в контексте одной традиции (буддийской философии). Это L1.
PRES_afb804b1d8,2016,1,"Метафизика, мифология, повседневная жизнь: гендерный ракурс южноиндийской традиции",2,0.9,deepseek_strict_scale_audit,"Заголовок 'Метафизика, мифология, повседневная жизнь: гендерный ракурс южноиндийской традиции' обещает обобщение о целой региональной традиции (южноиндийской) с гендерного ракурса. Это L2."
PRES_ba7098c9bc,2016,1,К интерпретации ведийского понятия krátu-,1,0.9,deepseek,"Интерпретация одного понятия, частный кейс."
PRES_bb48ba0772,2016,1,Историографический обзор философско-поэтического наследия Ведантачарьи (Веданта Дешики),1,0.9,deepseek_strict_scale_audit,Заголовок 'Историографический обзор философско-поэтического наследия Ведантачарьи (Веданта Дешики)' ограничен наследием одного философа. Это L1.
PRES_bb59843713,2016,1,Морализаторство как феномен мысли и культуры Бенгальского Возрождения,2,0.9,deepseek_strict_scale_audit,Заголовок 'Морализаторство как феномен мысли и культуры Бенгальского Возрождения' обещает обобщение о феномене в рамках целого культурного движения (Бенгальское Возрождение). Это L2.
PRES_becc032ebd,2016,1,Критика Шанкарой доктрины спхотавады,1,0.9,deepseek,"Критика Шанкарой доктрины спхотавады, частный кейс."
PRES_c3842d17d8,2016,1,Чудеса и проповеди в лесу Урувильва. Первые последователи Будды по китайской версии биографии Будды (III в.),1,0.9,deepseek,"Анализ конкретного эпизода из биографии Будды, частный кейс."
PRES_d0a593aaa8,2016,1,Проблемы текстологии «Шатакатраям» Бхартрихари (на примере «Шрингарашатаки»),1,0.9,deepseek,"Проблемы текстологии одного произведения, частный кейс."
PRES_de86e2a6e2,2016,1,Мотив дохады в древних жизнеописаниях Будды,1,0.9,deepseek,"Мотив дохады в жизнеописаниях Будды, частный кейс."
PRES_f522ab2214,2016,1,Предсказания об исчезновении Дхармы как фактор зарождения традиционной историографии буддизма,2,0.9,deepseek_strict_scale_audit,"Заголовок 'Предсказания об исчезновении Дхармы как фактор зарождения традиционной историографии буддизма' обсуждает фактор зарождения историографии в буддизме, что является обобщением о процессе в рамках традиции. Это L2."
PRES_03402280ff,2016,2,К проблеме взаимодействия буддизма и воинской культуры у ойратов,2,0.9,deepseek_strict_scale_audit,Заголовок 'К проблеме взаимодействия буддизма и воинской культуры у ойратов' обещает обобщение о взаимодействии двух явлений в рамках одной этнической группы (ойраты). Это L2.
PRES_03e4f6f86b,2016,2,Из воспоминаний о детстве на Онеге,1,0.9,deepseek,"Воспоминания о детстве, частный кейс."
PRES_0bb0a01234,2016,2,Особенности художественной структуры тамильской антологии «Калиттохей» (на примере песни 92),1,0.9,deepseek,Анализ одной песни из тамильской антологии — частный кейс.
PRES_168720e32a,2016,2,Символический язык буддизма ваджраяны на примере «Калачакра Тантры»,1,0.9,deepseek,Анализ одного текста — Калачакра Тантры.
PRES_2ae3c0414e,2016,2,Классификационные списки (матики) в раннем буддизме,2,0.9,deepseek_strict_scale_audit,Заголовок 'Классификационные списки (матики) в раннем буддизме' рассматривает класс явлений (классификационные списки) в рамках целой традиции (ранний буддизм). Это L2.
PRES_3a8edf51a0,2016,2,Мотив dad-u dām в могольском монаршем портрете: к вопросу о генезисе и семантике,1,0.9,deepseek,Анализ мотива в могольском портрете — частный кейс.
PRES_3c97651b93,2016,2,Всадник Шамбалы (танка из собрания Мемориального кабинета Ю.Н. Рериха ИВ РАН),1,0.9,deepseek,Описание одной танки из собрания — частный кейс.
PRES_3da4b2c217,2016,2,Бхаджаны-проповеди Миры Баи: к вопросу о стилистике жанра,1,0.9,deepseek,Анализ жанра бхаджанов Миры Баи — частный кейс.
PRES_47c3348c64,2016,2,Образ Рахулы в японских ритуальных текстах косики,1,0.9,deepseek,Анализ образа Рахулы в японских текстах — частный кейс.
PRES_4be1348822,2016,2,Рерих и проблема истории тохар,2,0.9,deepseek_strict_scale_audit,"Заголовок 'Рерих и проблема истории тохар' обсуждает проблему истории целого народа (тохары), что является обобщением уровня традиции. Это L2."
PRES_5553ddc3b0,2016,2,Власть как дар Неба,1,0.9,deepseek_strict_scale_audit,"Заголовок 'Власть как дар Неба' без указания на конкретную традицию или регион может быть интерпретирован как обсуждение одного концепта, что является L1."
PRES_583cc5402f,2016,2,Винадхара и Ардханаришвара – проблема переходной иконографии Шивы,1,0.9,deepseek,Проблема переходной иконографии — частный кейс.
PRES_5a19c2a8d0,2016,2,Европейская феноменология и буддизм в свете спора представителей кашмирской школы Пратьябхиджня с буддистами,2,0.9,deepseek_strict_scale_audit,"Заголовок 'Европейская феноменология и буддизм в свете спора представителей кашмирской школы Пратьябхиджня с буддистами' обещает сравнение двух философских школ, что является обобщением. Это L2."
PRES_5e73ba89b7,2016,2,Санскара «посвящение в ученики» (упанаяна): её место и значение в ряду других  санскар и в древней разработке стратификации индийского общества,2,0.9,deepseek_strict_scale_audit,"Заголовок 'Санскара «посвящение в ученики» (упанаяна): её место и значение в ряду других санскар и в древней разработке стратификации индийского общества' рассматривает место обряда в ряду других и в контексте стратификации общества, что является обобщением. Это L2."
PRES_661914709f,2016,2,Прогулки по городу с Хануманом (один эпизод из «Рамаяны» и его параллели в Артхашастре Каутильи и в палийском каноне),1,0.9,deepseek,Анализ одного эпизода из Рамаяны — частный кейс.
PRES_6b4df0d231,2016,2,"Восхождение на Кайласу. История шайва-бхактов Сундарара и Черамана Перумаля, рассказанная в «Перияпуранам» Секкижара и на фреске храма Брихадишвары в Танджоре",1,0.9,deepseek,История двух бхактов — частный кейс.
PRES_77c95981ae,2016,2,Миф о сожжении Трипуры  на перекрестках ведийской и эпической традиции,2,0.9,deepseek_strict_scale_audit,"Заголовок 'Миф о сожжении Трипуры на перекрестках ведийской и эпической традиции' рассматривает миф на перекрестке двух традиций, что является обобщением. Это L2."
PRES_877b168c0c,2016,2,Карма и связанные термины во 2-й патале Калачакра-тантры,1,0.9,deepseek,Анализ терминов в одной патале — частный кейс.
PRES_90144b87a9,2016,2,О происхождении некоторых ашрамных практик в произведениях Калидасы,1,0.9,deepseek,О происхождении практик в произведениях одного автора — частный кейс.
PRES_a0af113263,2016,2,Китайские переводы ранних буддийских сутр: возможности реконструкции истории индийского текста,2,0.9,deepseek_strict_scale_audit,"Заголовок 'Китайские переводы ранних буддийских сутр: возможности реконструкции истории индийского текста' обсуждает методологический вопрос реконструкции истории текста, что является обобщением. Это L2."
PRES_a66ce250fa,2016,2,Ритуал poṣadha в буддийских монастырях кушанского Термеза I – IV в. н. э. (реконструкция),1,0.9,deepseek,Реконструкция одного ритуала в конкретном месте — частный кейс.
PRES_aa48b528e8,2016,2,Некоторые аспекты взаимопроникновения индуизма и буддизма в контексте непальских легенд и религиозной практики,2,0.9,deepseek_strict_scale_audit,"Заголовок 'Некоторые аспекты взаимопроникновения индуизма и буддизма в контексте непальских легенд и религиозной практики' рассматривает аспекты взаимопроникновения двух религий в контексте непальских легенд, что является обобщением. Это L2."
PRES_bbed1796bb,2016,2,Механизмы интертекста в раннебуддийской текстовой традиции,1,0.9,deepseek,"Анализ интертекстуальных механизмов в раннебуддийских текстах, конкретный корпус."
PRES_bc71d23355,2016,2,Диалект амдо – нетоновый диалект тибетского языка,1,0.9,deepseek,"Описание одного диалекта тибетского языка, частный случай."
PRES_d358667395,2016,2,Образ мира в индийской настольной игре jñãna-caupãr,1,0.9,deepseek,"Анализ одной настольной игры, конкретный артефакт."
PRES_d3a1014be2,2016,2,Чувство времени (венок сонетов),1,0.8,deepseek,"Название неясно, но вероятно анализ одного поэтического произведения."
PRES_d952c65e18,2016,2,Литературный канон и инновации в поэме Джаянкондара «Парани о войне в Калинге»,1,0.9,deepseek,"Анализ одной поэмы, частный случай."
PRES_d97538f124,2016,2,Ритуальный текст о структуре вселенной (опыт литературного перевода),1,0.9,deepseek,"Перевод одного ритуального текста, конкретный текст."
PRES_da2e8e521f,2016,2,Опровержение существования субъекта в полемике с вайшешиками по вопросу о существовании субъекта в «Пудгалавинишчае» Васубандху,1,0.9,deepseek,"Анализ одного текста Васубандху, частный случай."
PRES_e4714d395f,2016,2,Культ Нарасинхи в трактатах по вастувидье в пуранах,1,0.9,deepseek,"Изучение культа в трактатах по вастувидье, конкретный корпус."
PRES_e7b0ae48ad,2016,2,Пушкин на языке непали,1,0.9,deepseek,"Перевод Пушкина на непали, частный случай."
PRES_efa644ebfa,2016,2,Еретики локаятики и ортодокс Каутса,1,0.8,deepseek,"Обсуждение двух конкретных школ/персоналий, частный случай."
PRES_f0240ba1c9,2016,2,Особенности жанра парибхаша на примере сутр Апастамбы,1,0.9,deepseek,"Анализ жанра на примере сутр Апастамбы, частный случай."
PRES_00c3fc1661,2017,1,Вопрос о божественности Будды в «Катхаваттху» 21.5—21.6,1,0.9,deepseek,"Анализ конкретного вопроса в одном тексте, частный случай."
PRES_0928c0dd29,2017,1,«Диалоги об индусской философии» Кришномохана Банерджи: история мысли в интерпретации индийского христианина,1,0.9,deepseek,"Анализ одного произведения, частный случай."
PRES_0ebfa0f118,2017,1,Плач матери Будды по мертвому сыну: об одном эпизоде из легенды о просветлении,1,0.9,deepseek,"Анализ одного эпизода из легенды, частный случай."
PRES_19c807a65f,2017,1,Философское учение Веданта Дешики в системе вишишта-адвайта-веданты,1,0.9,deepseek,"Учение одного философа в рамках одной школы, частный случай."
PRES_1aaabe5423,2017,1,Специфика бенгальских анекдотов,1,0.9,deepseek,"Анализ специфики бенгальских анекдотов, частный жанр."
PRES_3ce89a6762,2017,1,Брак с божеством как форма медиации в неварском обществе,1,0.9,deepseek,"Изучение конкретной практики в неварском обществе, частный случай."
PRES_3e55ce15ac,2017,1,Особенности культа лингама в традиции вирашайвов,1,0.9,deepseek,"Особенности культа в одной традиции, частный случай."
PRES_45c0547868,2017,1,О методах описания санскритских классических стихотворных размеров,1,0.9,deepseek,"Методы описания санскритских размеров, частный корпус."
PRES_47078a3292,2017,1,Фольклорные элементы в сказании о Ратне (XVII век),1,0.9,deepseek,"Анализ фольклорных элементов в конкретном сказании XVII века, частный кейс."
PRES_4884ab035e,2017,1,Карибский текст индийской диаспоры,1,0.85,deepseek,"Рассматривается конкретный 'текст' индийской диаспоры в Карибском регионе, частный кейс."
PRES_491dee99e0,2017,1,Классификация видов духовного освобождения в индуистской тантре,2,0.9,deepseek_strict_scale_audit,"Заголовок 'Классификация видов духовного освобождения в индуистской тантре' рассматривает классификацию в рамках одной традиции (индуистская тантра), что является обобщением. Это L2."
PRES_536a630888,2017,1,Тамильские родственники в общедравидийском контексте:  семантика и типология,2,0.9,deepseek_strict_scale_audit,"Заголовок 'Тамильские родственники в общедравидийском контексте: семантика и типология' обещает обобщение на уровне языковой семьи (дравидийские языки), что является L2."
PRES_56ba477abf,2017,1,Борьба  за собственный язык в Ладакхе,1,0.9,deepseek,"Борьба за язык в Ладакхе — конкретный региональный кейс, L1."
PRES_575e445638,2017,1,Жанр послания в религиозной поэзии,2,0.9,deepseek_strict_scale_audit,"Заголовок 'Жанр послания в религиозной поэзии' рассматривает жанр в рамках религиозной поэзии, что является обобщением на уровне жанра. Это L2."
PRES_5e9099b3a9,2017,1,К вопросу о периодизации истории индийской философии,2,0.9,deepseek_strict_scale_audit,Заголовок 'К вопросу о периодизации истории индийской философии' обещает обобщение о периодизации целой традиции (индийская философия). Это L2.
PRES_6521310efe,2017,1,В начале странствий. Эпизод абхинишкрамана  в «Сутре о благом явлении царевича»,1,0.9,deepseek,"Анализ конкретного эпизода из сутры, частный кейс."
PRES_6564eeace5,2017,1,Критика буддизма в «Ишвара-пратьябхиджня-вимаршини» Абхинавагупты,1,0.9,deepseek,"Критика буддизма в конкретном тексте Абхинавагупты, частный кейс."
PRES_6623706082,2017,1,Майя в учениях новых индийских гуру — иллюзия или реальность,1,0.9,deepseek_strict_scale_audit,"Тема 'Майя в учениях новых индийских гуру' — это конкретный концепт в рамках ограниченной группы (новые гуру), а не обобщение всей традиции. L1."
PRES_6954835b7d,2017,1,Индийские божества судьбы и их индоевропейские параллели,2,0.95,deepseek_strict_scale_audit,"Сравнение индийских божеств с индоевропейскими параллелями — это обобщение на уровне двух традиций, что соответствует L2."
PRES_6b31c6dfea,2017,1,«Костыль факира»: атрибуция и некоторые вопросы бытования,1,0.85,deepseek,"Атрибуция конкретного артефакта, частный кейс."
PRES_6e1915099b,2017,1,Особенности празднования Холи в Раджастхане (по материалам полевых исследований),1,0.9,deepseek,"Особенности празднования Холи в Раджастхане по полевым материалам, частный кейс."
PRES_6e57a8cfb1,2017,1,Размышления по поводу двух древнегреческих сосудов (XVI — VII вв. до н. э.),1,0.8,deepseek,"Размышления о двух древнегреческих сосудах, частный кейс, не индийский."
PRES_73e8c6e787,2017,1,"«Мудрость незапятнанная, окруженная свитой...». О структуре определения термина «abhidharma» в «Абхидхармакошабхашье» Васубандху",1,0.9,deepseek,"Анализ определения термина в конкретном тексте Васубандху, частный кейс."
PRES_7495ae17bb,2017,1,Как Кришна с Горакхой силой мерялись: Столкновение разных мистических течений в творчестве Малика Мухаммада Джаяси,1,0.85,deepseek,"Столкновение мистических течений в творчестве конкретного поэта, частный кейс."
PRES_79b076d481,2017,1,К вопросу о лексике индивидуального субъективного начала в ведийском языке,1,0.9,deepseek,"Лексика индивидуального субъективного начала в ведийском языке, частный кейс."
PRES_7dc7b85b87,2017,1,Христианская книга на индийских языках XVI — XVII вв.: ретроспективный библиографический указатель,1,0.85,deepseek,"Библиографический указатель христианских книг на индийских языках, частный кейс."
PRES_85a6141248,2017,1,Писатели хинди нового поколения: Кто они и зачем пришли в литературу,2,0.9,deepseek_strict_scale_audit,"Обобщение о писателях хинди нового поколения — это обзор целого поколения в рамках одной литературной традиции, L2."
PRES_98436ca474,2017,1,Дифференциация веддов (взгляд извне и изнутри),1,0.8,deepseek,"Частный случай: взгляд на веддов, конкретная группа."
PRES_a03dded834,2017,1,Культура повседневности британского чиновничества в Индии и Непале (по наблюдениям И. П. Минаева),1,0.85,deepseek,"Конкретные наблюдения Минаева, частный кейс."
PRES_a0726a7b77,2017,1,История Капилавасту в поэме Ашвагхоши «Саундарананда»,1,0.9,deepseek,"Анализ одной поэмы, частный текст."
PRES_aeb8d4bed8,2017,1,Критика целей дефиниций (лакшана) в «Кхандана-кханда-кхадья» Шри Харши (на примере дефиниции восприятия),1,0.9,deepseek,"Разбор дефиниции в одном тексте, частный кейс."
PRES_b153547ebf,2017,1,Буддийская феноменология бессамостности  (Опыт анализа концептов Я и «просто-я» Чже Цонкапы),1,0.85,deepseek,"Анализ концепций Цонкапы, частный автор."
PRES_b2127f6e87,2017,1,Диалоги в ранних Упанишадах:  от агона к риторике,2,0.95,deepseek_strict_scale_audit,"Обобщение о диалогах в ранних Упанишадах — это анализ целой традиции (ранние Упанишады), L2."
PRES_b29b6d6f36,2017,1,Метафора сосуда в непальском буддизме,1,0.85,deepseek,"Метафора в непальском буддизме, частный образ."
PRES_b88ce66786,2017,1,Индийская схема рациональности и некоторые ее  приложения к индийской философии,2,0.9,editorial_scale_adjudication_after_deepseek,"Схема рациональности обобщает индийскую философскую традицию, но не заявляет межцивилизационное или глобальное сравнение."
PRES_c0492c73f2,2017,1,Sattriya Ассама: о преобразовании ритуального представления бхакатов в еще один «классический танцевальный стиль» Индии,1,0.85,deepseek,"Конкретный стиль Sattriya, частный кейс."
PRES_c47dbe060a,2017,1,"Ритуалы начала и прекращения изучения Вед (upākaraṇa, utsarga)",1,0.9,deepseek,"Конкретные ритуалы, частный кейс."
PRES_ce3d88067d,2017,1,Тальварная рукоять и ее символика,1,0.8,deepseek,"Частный артефакт — тальварная рукоять, её символика."
PRES_d4c9705130,2017,1,Мифология «Йогини-тантры»,1,0.8,deepseek,Мифология конкретной тантры — частный текст.
PRES_e15e0cc931,2017,1,Живопись и графика из собрания И. П.  Минаева (МАЭ РАН): опыт классификации,1,0.85,deepseek,"Классификация конкретной коллекции, частный кейс."
PRES_f4fcdf4f99,2017,1,Образ бога Рудры в Шатарудрии в сравнении с германо-скандинавским богом Одином,1,0.8,deepseek,"Сравнение двух богов, частный кейс."
PRES_fd1c7dd152,2017,1,«Народная веданта» в произведениях Шричандры (XVI в.),1,0.85,deepseek,"Произведения Шричандры, частный автор."
PRES_fe20d5625c,2017,1,Поэзия Кабира и раджастханский фольклор,1,0.85,deepseek,"Поэзия Кабира и фольклор, частное сравнение."
PRES_0ab3c85533,2017,2,Легенда о рыбаке (на ирландском языке),1,0.9,deepseek,"Легенда на ирландском, частный текст, не индология? Но серия Рериховские чтения, возможно, сравнительное. Оставляем L1."
PRES_0bc6ffc772,2017,2,Становление культа Рудры-Шивы по древнеиндийским священным текстам традиции шрути: от мифологемы к философскому принципу,2,0.95,deepseek_strict_scale_audit,"Становление культа Рудры-Шивы по текстам шрути — это обобщение в рамках одной традиции (шрути), L2."
PRES_0e4533e715,2017,2,Содержание первой главы Шрикалачакра-тантры согласно ее комментарию,1,0.9,deepseek,"Содержание одной главы, частный текст."
PRES_0e88c0544b,2017,2,Синтаксические конструкции с ti и -bhāva в языке пали,1,0.9,deepseek,"Синтаксические конструкции в пали, частное явление."
PRES_149d1014af,2017,2,Вопрос о дардском элементе в дотибетском населении Ладакха и Балтистана как лингвистическая проблема,1,0.8,deepseek,"Вопрос о дардском элементе, частная лингвистическая проблема."
PRES_150fd1b901,2017,2,"Анкхья-нат: обряд и драма средневекового Ассама, и их возрождение сегодня",1,0.85,deepseek,"Обряд и драма Анкхья-нат, частный кейс."
PRES_22c3c585a3,2017,2,К вопросу о могольском изобразительном «мультилингвизме» и культурной экстравертности,1,0.8,deepseek,"Заголовок о могольском изобразительном мультилингвизме и культурной экстравертности, что относится к колониальному периоду и артефактам."
PRES_2bdddbacaf,2017,2,Поэма «Десять песен»: перевод и чтение на тамильском языке,1,0.9,deepseek,"Перевод и чтение тамильской поэмы, конкретный текст."
PRES_32246c7904,2017,2,Полемика о субъекте между буддистами и ньяя-вайшешиками в «Таттвасанграхе» Шантаракшиты,1,0.9,deepseek,Полемика о субъекте в конкретном тексте Шантаракшиты.
PRES_36a14e8fd3,2017,2,Об интерпретационном коде ранневедийской литературы (вед. śatabhuji),1,0.9,deepseek,"Интерпретационный код ранневедийской литературы, конкретный термин."
PRES_3a9030ea71,2017,2,Первые известные изображения раг. Тексты и контекст,1,0.8,deepseek,"Первые известные изображения раг, тексты и контекст."
PRES_3d081ec308,2017,2,Тамильская баллада «Сказание о Кусалаване» (kucalavaṉ katai): особенности трактовки фрагмента «Рамаяны»,1,0.9,deepseek,"Тамильская баллада, фрагмент Рамаяны."
PRES_3ea3a39e80,2017,2,Из поэзии на диалектах,1,0.7,deepseek,"Поэзия на диалектах, общая тема, но без конкретики."
PRES_3f2a8362cc,2017,2,О поздней версии Калачакра-тантры,1,0.9,deepseek,"О поздней версии Калачакра-тантры, конкретный текст."
PRES_5b6f4c9c6a,2017,2,Ритуальный текст из «Махавасту»,1,0.9,deepseek,"Ритуальный текст из Махавасту, конкретный текст."
PRES_5dc09294c1,2017,2,Тибетский институт чой-йон (наставник-покровитель) в китайских источниках 17–18 вв,1,0.9,deepseek,Тибетский институт чой-йон в китайских источниках 17-18 вв.
PRES_6c4f1eceba,2017,2,Семантика изображений птицы на каменных изваяниях степей Евразии,1,0.7,deepseek,"Семантика изображений птицы на каменных изваяниях степей Евразии, широкий регион."
PRES_7501330de7,2017,2,Тибетский идиом области Амдо в наши дни: между диалектом и языком,1,0.9,deepseek,"Тибетский идиом области Амдо, современное состояние."
PRES_75cecc8a6d,2017,2,Некоторые типичные моменты появления сонма божеств в Непале,1,0.8,deepseek,"Появление сонма божеств в Непале, конкретный регион."
PRES_762c65297f,2017,2,Проблемы методологии при интертекстуальном анализе палийских и санскритских текстов,2,0.9,deepseek_strict_scale_audit,"Проблемы методологии при интертекстуальном анализе палийских и санскритских текстов — это обобщение методологии для двух традиций, L2."
PRES_7a25d6758f,2017,2,Сюжет о Будде в ранних буддийских сакральных текстах,1,0.9,deepseek,"Сюжет о Будде в ранних буддийских сакральных текстах, конкретный сюжет."
PRES_7d0bba92cc,2017,2,Переводы стихов на язык непали,1,0.8,deepseek,"Переводы стихов на язык непали, конкретный язык."
PRES_82a1a1029b,2017,2,Культ Нарасинхи в трактатах по вастувидье в пуранах,1,0.9,deepseek,"Культ Нарасинхи в трактатах по вастувидье в пуранах, конкретный культ."
PRES_869eb3560b,2017,2,Война в контексте истории буддистов-ойратов,1,0.8,deepseek,"Война в контексте истории буддистов-ойратов, конкретная группа."
PRES_86b13c26c6,2017,2,Ю.Н. Рерих и монгольский язык,1,0.9,deepseek,"Ю.Н. Рерих и монгольский язык, конкретный ученый и язык."
PRES_93091ebf3a,2017,2,Почему Дигнага называет определение восприятия Васубандху асара (лишенным сути)? Медленное чтение «Прамана-самуччая-вритти» (1.13–16) Дигнаги,1,0.9,deepseek,Медленное чтение конкретного текста Дигнаги.
PRES_9f49dca92d,2017,2,Смена мотивировок в средневековом тексте: две «Рамаяны»,1,0.9,deepseek,"Сравнение двух версий Рамаяны, конкретный текст"
PRES_a56bd4d9d1,2017,2,Из санскритской поэзии,1,0.7,deepseek,"Общий обзор санскритской поэзии, без конкретики"
PRES_a81b81e251,2017,2,Использование вторичного текста (цитирование) как средство ведения дискуссии в «Вопросе о субъекте (пудгале)» в «Катхаваттху 1.1»,1,0.9,deepseek,Анализ одного текста Катхаваттху
PRES_aab18847b3,2017,2,Ю.Н. Рерих о лхасском диалекте тибетского языка,1,0.9,deepseek,"Конкретный диалект, работа одного учёного"
PRES_af70362099,2017,2,К выходу Антологии индо-ирландских текстов,1,0.8,deepseek,"Антология текстов, конкретный проект"
PRES_bc48c6cda3,2017,2,Место и роль Сундарара в структуре шиваитского канона «Панниру Тирумурей»,1,0.9,deepseek,Анализ роли одного автора в каноне
PRES_c892e395b5,2017,2,"Изображение Канакавасты, архата из Кашмира: часть полиптиха или отдельная танка? (Танка из собрания Кабинета Ю.Н. Рериха, ИВ РАН, Москва)",1,0.9,deepseek,"Конкретная танка, атрибуция"
PRES_cdb16edba1,2017,2,Теория и практика заимствований санскритской литературной традиции,2,0.95,deepseek_strict_scale_audit,"Теория и практика заимствований в санскритской литературной традиции — обобщение в рамках одной традиции, L2."
PRES_cf0485137b,2017,2,Ученичество как сюжет раннебуддийской литературы,1,0.9,deepseek,Сюжет ученичества в раннебуддийской литературе
PRES_d6c029beed,2017,2,Дивьядхвани и девадундубхи – иконографические мотивы божественной музыки в джайнской скульптуре Эллоры,1,0.9,deepseek,Иконографические мотивы в джайнской скульптуре Эллоры
PRES_d76b9f1f7f,2017,2,Изменение роли яджаманы в шраута-ритуалах: традиция и современность,2,0.9,deepseek_strict_scale_audit,"Изменение роли яджаманы в шраута-ритуалах с учетом традиции и современности — обобщение в рамках одной ритуальной традиции, L2."
PRES_e70f3480fc,2017,2,Риторический вопрос и его функция в индийской средневековой поэзии бхакти,1,0.9,deepseek,Риторический вопрос в поэзии бхакти
PRES_003d1790e6,2018,1,Опись Л. А. Мерварт коллекции № 3015 в собрании МАЭ РАН как образец музейного документа,1,0.9,deepseek,Конкретный музейный документ — опись коллекции.
PRES_08e215b99f,2018,1,Раджа Рави Варма: художник и основатель «Рави Варма Пресс»,1,0.8,deepseek,Конкретный художник и его предприятие.
PRES_12abd21496,2018,1,История индийской философии глазами Свами Вивекананды: опыт реконструкции,1,0.9,deepseek_strict_scale_audit,"Реконструкция взглядов одного мыслителя (Свами Вивекананды) на историю индийской философии — это конкретный автор, L1."
PRES_12ec234be3,2018,1,Mārganātyam. Театральная практика и теория «Натьяшастры» сегодня,1,0.8,deepseek,Конкретная театральная практика и её связь с текстом.
PRES_14bfa123b5,2018,1,Путешествие И. П. Минаева в Непал: обстоятельства и результаты,1,0.9,deepseek,Конкретное путешествие Минаева в Непал.
PRES_157892d5d7,2018,1,Кришна исполняет зикр: следы влияния бхакти на суфизм братства Чиштийя,1,0.8,deepseek,Конкретный сюжет влияния бхакти на суфизм.
PRES_1fe8cfb29c,2018,1,Музыкальные инструменты в руках богов. К вопросу об иконографических атрибутах в искусстве Индии V—Х вв,2,0.95,deepseek_strict_scale_audit,"Музыкальные инструменты в иконографии богов V-X вв. — обобщение по атрибутам в рамках одного периода и региона, L2."
PRES_222529a490,2018,1,Индуистская тантрическая телеология,1,0.85,deepseek_strict_scale_audit,"Индуистская тантрическая телеология — это обобщение о тантрической телеологии в рамках индуизма, что является обобщением уровня традиции. Однако 'индуистская тантрическая' — это конкретная подтрадиция, а не вся традиция. Заголовок не обещает широкой рамки, а скорее описывает один концепт. L1."
PRES_2310631e31,2018,1,От демонической к человеческой сексуальности? Индо-иранский миф о первобытном инцесте Ями и Ямы и его индоевропейские корни,2,0.95,deepseek_strict_scale_audit,"Сравнение индо-иранского мифа с индоевропейскими корнями — это обобщение на уровне двух традиций, L2."
PRES_2459f3b2ff,2018,1,Образ Индии в словацкой литературе XIX в,2,0.95,deepseek_strict_scale_audit,"Образ Индии в словацкой литературе XIX века — обобщение в рамках одной национальной литературы, L2."
PRES_282d250a63,2018,1,Кумаонский Голудев: локальный вариант индуизма,1,0.8,deepseek,Локальный вариант индуизма в Кумаоне.
PRES_2b4a64bbcc,2018,1,Женские образы древнеиндийского эпоса и позднейшего фольклора на фоне норм дхармашастры,2,0.95,deepseek_strict_scale_audit,"Сравнение женских образов эпоса и фольклора на фоне норм дхармашастры — обобщение в рамках индийской традиции, L2."
PRES_378d36af5c,2018,1,"Будда Дипанкара, идущий по дороге. Сюжеты пророчества в ранней буддийской литературе",2,0.95,deepseek_strict_scale_audit,"Сюжеты пророчества в ранней буддийской литературе — обобщение в рамках одной традиции (ранний буддизм), L2."
PRES_3e0cb6e9f2,2018,1,"Содержательное обоснование  порядка в перечне прамей  (Ньяя-сутра, Ньяя-бхашья)",1,0.8,deepseek,Конкретный перечень прамей в Ньяя-сутре и комментарии.
PRES_4bd0bdc72b,2018,1,«Экологический» роман Махуа Маджи,1,0.8,deepseek,Конкретный роман современного автора.
PRES_55d481f42e,2018,1,Родство по крови и родство по духу: М. К. Ганди о мотивах отказа Арджуны от сражения,1,0.8,deepseek,Конкретный взгляд Ганди на эпизод Махабхараты.
PRES_55ef7cbfd8,2018,1,Два новых сборника «индийских текстов» Далджита Награ,1,0.8,deepseek,Два сборника конкретного автора.
PRES_58f6034f0d,2018,1,Современные интерпретации санскритской «Рамаяны» в кино,1,0.8,deepseek,Современные интерпретации конкретного эпоса в кино.
PRES_5c4c8855b2,2018,1,О джатакаставе как разновидности буддийского гимна,1,0.8,deepseek,Конкретный жанр буддийского гимна.
PRES_62aefcc25e,2018,1,«Тирумурейканда-пуранам» Умапати Шивачарьи как завершающее звено в формировании тамильского шиваитского канона,1,0.8,deepseek,Конкретный текст как завершающее звено канона.
PRES_65f6503bf8,2018,1,Концепция причинности в текстах «Абхидхамма-питаки»,1,0.9,deepseek,"Конкретный текст Абхидхамма-питаки, частный кейс"
PRES_695f0eba89,2018,1,Индийские истоки тибетской историографии буддизма,2,0.95,deepseek_strict_scale_audit,"Индийские истоки тибетской историографии буддизма — обобщение о влиянии одной традиции на другую, L2."
PRES_71a0e79f12,2018,1,Индо-иранская сабля-шамшир из собрания МАЭ,1,0.9,deepseek,Конкретный артефакт из собрания МАЭ
PRES_72334d3683,2018,1,«Мысленный эксперимент» Васубандху,1,0.9,deepseek,Конкретный мыслительный эксперимент конкретного философа
PRES_73a0d9241a,2018,1,Вьявахара как универсум установления достоверности знания в индийской эпистемологии и логике (праманаваде),2,0.95,deepseek_strict_scale_audit,"Рассмотрение вьявахары как универсума в индийской эпистемологии — обобщение в рамках одной школы (праманавада), L2."
PRES_7a0a9c4cff,2018,1,Тантра в учении Ошо,1,0.8,deepseek,"Конкретное учение Ошо, частный кейс"
PRES_7a7018c850,2018,1,101 синоним воды в ведийском словаре «Нигханту»,1,0.9,deepseek,"101 синоним воды в ведийском словаре Нигханту, частный кейс одного словаря"
PRES_7faed10bfd,2018,1,Участие директора ИВР РАН в открытии конференции,1,0.7,deepseek,"Организационное событие, не научное исследование"
PRES_96387f23ed,2018,1,Роль мифов о творении мира в индийской философии,2,0.95,deepseek_strict_scale_audit,"Роль мифов о творении в индийской философии — обобщение в рамках одной философской традиции, L2."
PRES_9729e86e04,2018,1,«Чариягити» и Тагор,1,0.85,deepseek,Конкретный текст и его связь с Тагором
PRES_a6921c45d9,2018,1,Культ Рудры-Кхандобы в исследованиях Г. Д. Зонтхаймера  и его индоевропейские параллели,1,0.8,deepseek_strict_scale_audit,"Культ Рудры-Кхандобы в исследованиях Г. Д. Зонтхаймера и его индоевропейские параллели — это сравнение одного культа с индоевропейскими параллелями. Хотя 'индоевропейские параллели' могут намекать на широкую рамку, заголовок фокусируется на конкретном культе и одном исследователе. Это не обобщение целой традиции, а локальный сюжет с сопоставлением. L1."
PRES_b31fdcce35,2018,1,Обучение Бодхисаттвы в «Лалитавистаре»,1,0.9,deepseek,"Конкретный текст Лалитавистара, частный кейс"
PRES_be126cbf86,2018,1,Семантика терминологии родства в малых дравидийских языках: когнитивные аспекты,1,0.9,deepseek_strict_scale_audit,"Заголовок обещает обобщение о семантике терминологии родства в малых дравидийских языках, что является обобщением уровня группы языков, но не выходит за рамки L2. Однако 'малые дравидийские языки' — это конкретная группа, а не вся традиция или регион; когнитивные аспекты — это подход, а не широкая рамка. Согласно правилу, 'названия страны, региона, языка, эпохи или традиции сами по себе НЕ выводят доклад из L1'. Здесь указана группа языков, что ближе к L1, так как это ограниченный объект. Повышение до L2 ошибочно."
PRES_c2d5f88f68,2018,1,Образ жизни в шри-вишнуизме: самашраяна (панчасамскара) и ее основания,1,0.9,deepseek,Конкретный обряд самашраяна в шри-вишнуизме
PRES_c64a19536f,2018,1,«Функциональный подход» в «Вакьяпадии» и артхакрия в философии Дхармакирти,1,0.9,deepseek,Сравнение двух конкретных философских концепций
PRES_c78df41b2d,2018,1,О названиях пчелы в ведийском языке,1,0.9,deepseek,Этимологическое исследование одного слова в ведийском языке.
PRES_c8fbaa4af7,2018,1,Ведды в современном укладе жизни Шри Ланки,1,0.85,deepseek,"Конкретная этническая группа, частный кейс"
PRES_cdd11d4e20,2018,1,Сравнительный анализ образов сакрального в тамильских храмовых мифах и в сказах П. П. Бажова,1,0.85,deepseek_strict_scale_audit,"Сравнительный анализ образов сакрального в тамильских храмовых мифах и в сказах П. П. Бажова — это сопоставление двух ограниченных объектов (одна традиция и один автор). Это не обобщение целой традиции или региона, а конкретное сравнение. L1."
PRES_d5cc99b5ac,2018,1,"Источники сознания, компоненты познавательного акта и учение о трех мирах в Абхидхарма-самуччае Асанги",1,0.9,deepseek,"Конкретный текст Асанги, частный кейс"
PRES_d78288c37d,2018,1,Мантра и сутра как форма построения ведийских текстов,1,0.9,deepseek_strict_scale_audit,"Мантра и сутра как форма построения ведийских текстов — это обобщение о форме построения ведийских текстов, но 'ведийские тексты' — это конкретная традиция, а не широкая рамка. Согласно правилу, обзор одной традиции остается L2, но здесь заголовок не обещает обобщения о всей традиции, а лишь о форме построения. Это ближе к L1, так как рассматривается конкретное языковое явление (форма построения) в рамках одной традиции."
PRES_d9f00bda70,2018,1,Оговорка как композиционный прием в санскритской драме,1,0.9,deepseek,Анализ композиционного приема в санскритской драме.
PRES_dc8dcc77cd,2018,1,Меч-посох из собрания МАЭ,1,0.9,deepseek,Конкретный артефакт из собрания МАЭ
PRES_e3c5dc3b74,2018,1,Борьба за собственный язык в Ладакхе (на материале полевых исследований),1,0.85,deepseek,"Конкретный регион Ладакх, полевые исследования"
PRES_e98648b76f,2018,1,Иконография и функции непальских дхара/хити,1,0.85,deepseek,Конкретные объекты дхара/хити в Непале
PRES_f528d24e03,2018,1,Учение д-ра Маханамбраты Брахмачари как квинтэссенция идей бенгальского ренессанса и его влияние на Томаса Мертона,2,0.95,deepseek_strict_scale_audit,"Учение как квинтэссенция идей бенгальского ренессанса — обобщение в рамках одной традиции (бенгальский ренессанс), L2."
PRES_f6eb9ee12e,2018,1,Тамильская пьеса о Карне,1,0.9,deepseek,Конкретная тамильская пьеса о Карне — частный кейс.
PRES_f96bc067a5,2018,1,Формулы и заимствования в средневековой лирике бхакти,2,0.95,deepseek_strict_scale_audit,"Формулы и заимствования в средневековой лирике бхакти — обобщение в рамках одной традиции (бхакти), L2."
PRES_0285ee0cb7,2018,2,Традиция «Лалитавистары» и ее истоки. Новые наблюдения,1,0.9,deepseek_strict_scale_audit,"Традиция «Лалитавистары» и ее истоки. Новые наблюдения — это исследование одной традиции (Лалитавистара) и ее истоков. Это конкретный текст и его истоки, а не обобщение целой традиции. L1."
PRES_0461ef8135,2018,2,К вопросу об обработке первоисточника в литературной санскритской джатаке,1,0.85,deepseek,"Вопрос обработки первоисточника в санскритской джатаке, частный кейс."
PRES_07124e17dc,2018,2,Еще раз о буквальном переводе третьей версии «Калачакра-тантры» Буддийского канона,1,0.9,deepseek,"Конкретный перевод конкретной версии текста Калачакра-тантры, частный кейс."
PRES_0ad046733d,2018,2,Семантика глагольного корня bhram и его дериватов на материале древнеиндийского эпоса и поэзии,1,0.9,deepseek,"Исследование семантики одного корня на материале эпоса и поэзии, частный кейс."
PRES_0bcd9a42ef,2018,2,Идеал sajjana в литературе гуптской эпохи,1,0.9,deepseek,"Анализ идеала sajjana в литературе гуптской эпохи, частный кейс."
PRES_10d033beaa,2018,2,«Ратнавали» Нагарджуны и «Дашабхумика-сутра»: явные и неявные связи,1,0.9,deepseek,"Сравнение двух конкретных текстов, частный кейс."
PRES_26341e4a7b,2018,2,«Видимый» и «невидимый» мир в теоретико-культурном дискурсе Древней Индии,1,0.85,deepseek_strict_scale_audit,"«Видимый» и «невидимый» мир в теоретико-культурном дискурсе Древней Индии — это обобщение о дискурсе Древней Индии, но 'теоретико-культурный дискурс' — это подход, а не широкая рамка. Древняя Индия — это регион, но согласно правилу, название региона само по себе не выводит из L1. Заголовок не обещает обобщения о всей традиции, а скорее о концепте в рамках дискурса. L1."
PRES_390fabcbab,2018,2,Тибетский принцип чой-йон и его значение для тибето-цинских отношений,2,0.9,deepseek_strict_scale_audit,"Тибетский принцип чой-йон и его значение для тибето-цинских отношений — это обобщение о принципе и его значении для исторических отношений между Тибетом и Цинской империей. Это обобщение уровня исторического процесса, что соответствует L2. Повышение верно."
PRES_3f663f57ec,2018,2,Вода и водоемы в трактатах по вастувидье в пуранах,1,0.9,deepseek,"Анализ воды и водоемов в трактатах по вастувидье в пуранах, частный кейс."
PRES_43bdc7ab3f,2018,2,Индийские нумерационные системы. По материалам трактата Махавирачарьи «Собрание основных положений науки о вычислениях» (сер. IX в.),1,0.9,deepseek,"Описание индийских нумерационных систем по одному трактату, частный кейс."
PRES_454d44aaed,2018,2,Еще раз к вопросу о сандаловой статуе Будды,1,0.9,deepseek,"Вопрос о конкретной сандаловой статуе Будды, частный кейс."
PRES_4afd142d6d,2018,2,Божества и образы триграмм китайской «Книги Перемен» на свитке из коллекции Рерихов в Государственном Музее Востока,1,0.9,deepseek,"Анализ конкретного свитка из коллекции Рерихов, частный кейс."
PRES_4b9af3479e,2018,2,Дискуссия между буддистами и санкхьяиками о существовании и природе атмана в разделе «Атмапарикша» «Таттвасанграхи» Шанатаракшиты,1,0.9,deepseek,"Дискуссия в конкретном разделе конкретного текста, частный кейс."
PRES_587468d32d,2018,2,Текст в контексте: образ идеального сикхского правителя в кодексе Прем Сумараг в позднесредневековых панджабских реалиях,1,0.9,deepseek,"Образ идеального сикхского правителя в одном кодексе, частный кейс."
PRES_59d889fde6,2018,2,Обращение к буддийским сутрам «неясного» происхождения при императорском дворе в Японии в VIII в,1,0.9,deepseek,"Обращение к буддийским сутрам при императорском дворе в Японии, частный кейс."
PRES_5a50ff4176,2018,2,«Апастамба-яджна-парибхашасутра» (Āpastamba-yajña-paribhāṣāsūtra): проблемы перевода,1,0.9,deepseek,"Проблемы перевода конкретной сутры, частный кейс."
PRES_5b31649829,2018,2,Тантрическая традиция в искусстве индийского модернизма,1,0.85,deepseek_strict_scale_audit,"Тантрическая традиция в искусстве индийского модернизма — это обобщение о тантрической традиции в контексте индийского модернизма. 'Индийский модернизм' — это конкретное направление, а не вся традиция. Заголовок не обещает обобщения о целой традиции, а скорее о пересечении двух ограниченных объектов. L1."
PRES_6329aa3fb2,2018,2,Чидамбарам и его дикшитары в зеркале «Панниру тирумурей»,1,0.9,deepseek,"Чидамбарам и его дикшитары в зеркале одного текста, частный кейс."
PRES_690401765d,2018,2,Деепричастия пассивного залога в языке пали?,1,0.9,deepseek,"Вопрос о деепричастиях пассивного залога в языке пали, частный кейс."
PRES_73997bde8a,2018,2,"Поталака – местопребывание Авалокитешвары и один из его образов в тибетской традиции. (Танка из собрания Кабинета Ю.Н. Рериха, ИВ РАН, Москва)",1,0.9,deepseek,"Поталака и образ Авалокитешвары на конкретной танке, частный кейс."
PRES_8ccd58e4ca,2018,2,Нетибетская лексика в тибетских диалектах Балтистана и Каргила: попытка этимологической классификации,1,0.9,deepseek,"Этимологическая классификация нетибетской лексики в конкретных диалектах, частный кейс."
PRES_9991b02531,2018,2,Путешествие «Тысячи и одной ночи» в Ирландию,1,0.9,deepseek,"Путешествие «Тысячи и одной ночи» в Ирландию, частный кейс рецепции."
PRES_9aff1006ae,2018,2,"Вратьи и чакравартины: образ Миродержца в Древней Индии в палийских, санскритских и ведийских источниках",1,0.9,deepseek,"Анализ образа Миродержца по палийским, санскритским и ведийским источникам — конкретный кейс."
PRES_9e7c42bb8a,2018,2,Богиня с гхантой и гхатом. Дурга (?) в иконографической программе буддийского храма Аурангабада,1,0.9,deepseek,Иконографическая программа конкретного храма — частный кейс.
PRES_9ecbe3104e,2018,2,Имперская идея или этнический стереотип? Концепт «монгол» в первой половине XIII в,1,0.9,deepseek_strict_scale_audit,"Имперская идея или этнический стереотип? Концепт «монгол» в первой половине XIII в — это исследование концепта 'монгол' в конкретный исторический период. Это обобщение уровня исторической линии, но 'концепт' — это один термин, а не широкий процесс. Согласно правилу, 'один концепт у двух названных мыслителей' — L1, здесь концепт в рамках одного периода. L1."
PRES_9fe3408640,2018,2,Брахмадева и его комментарий к «Дравья-санграха-вритти» в контексте джайнской текстовой традиции,1,0.9,deepseek,Комментарий к джайнскому тексту — частный кейс.
PRES_a0f09ba677,2018,2,Тема «мадаль» (обряд самоистязания) в тамильской поэзии,1,0.9,deepseek,Тема в тамильской поэзии — частный кейс.
PRES_b8048f3ae8,2018,2,"Вопрос о соотношении субъекта-пудгалы, дискретности мышления-читты и устойчивости характеристик личности в тексте «Катхаваттху» (фрагмент 1.1.193-1.1.196)",1,0.9,deepseek,Фрагмент текста «Катхаваттху» — частный кейс.
PRES_c1939d2e87,2018,2,"Майтхуна, слияние лотоса и ваджры, или о некоторых особенностях символического языка сандхья-бхаша буддизма ваджраяны",1,0.9,deepseek,Особенности символического языка ваджраяны — частный кейс.
PRES_d476549bbe,2018,2,Образ Йусуфа в могольской живописи: к вопросу атрибуции,1,0.9,deepseek,Атрибуция конкретного образа в могольской живописи — частный кейс.
PRES_d648392ad9,2018,2,Несколько слов о «я» и Адвайте в свете узнавания себя как предельного обладающего в толкованиях Абхинавагупты на «Ишварапратьябхиджня-карике» Утпаладевы,1,0.9,deepseek,Толкования Абхинавагупты на конкретный текст — частный кейс.
PRES_dbe72b28f9,2018,2,Ирония: «риторическая фигура» в Североиндийской поэзии бхакти,1,0.9,deepseek,Риторическая фигура в поэзии бхакти — частный кейс.
PRES_e63e2c0069,2018,2,Живопись и графика Гималайского региона в коллекции И.П.Минаева (МАЭ РАН): некоторые аспекты атрибуции и интерпретации,1,0.9,deepseek,Атрибуция и интерпретация конкретной коллекции — частный кейс.
PRES_eb1a5f1b93,2018,2,Буддийская миссия Н.К. Рериха в Лхасу,1,0.9,deepseek,Конкретная миссия Рериха — частный кейс.
PRES_edcf9f8de0,2018,2,Некоторые аспекты культа живой богини Кумари в Непале,1,0.9,deepseek,Аспекты культа Кумари — частный кейс.
PRES_fcdae5394d,2018,2,Этнокультурные особенности «Тибетско-русско-английского словаря с санскритскими параллелями» Ю.Н. Рериха,1,0.9,deepseek,Этнокультурные особенности конкретного словаря — частный кейс.
PRES_01ff241b8a,2019,1,Категория санграха в буддийском философском дискурсе,1,0.9,deepseek,Категория санграха в буддийском философском дискурсе — частный концепт.
PRES_0b4661b2e8,2019,1,Ритуалы жизненного цикла у народности лимбу,1,0.9,deepseek,Ритуалы жизненного цикла у народности лимбу — частный этнографический кейс.
PRES_109df3d4a0,2019,1,"Народные песни о Хардоле, принце Орччхи",1,0.9,deepseek,"Народные песни о Хардоле, принце Орччхи — частный фольклорный сюжет."
PRES_14243281d6,2019,1,Санскритские очки европейской лингвистики XIX века,2,0.9,deepseek_strict_scale_audit,"Заголовок 'Санскритские очки европейской лингвистики XIX века' предполагает обобщение на уровне школы (европейская лингвистика XIX века), что соответствует L2."
PRES_2996ce6acf,2019,1,О некоторых специфических жестах в бытовом этикете сингалов,1,0.9,deepseek,Специфические жесты в бытовом этикете сингалов — частный кейс.
PRES_334a9aca0b,2019,1,Двести лет санскритской лексикографии (1819‒2019),2,0.9,deepseek_strict_scale_audit,"Двести лет санскритской лексикографии (1819‒2019) — это обзор двухсот лет санскритской лексикографии, что является обобщением уровня исторической линии в рамках одной традиции. L2 верно."
PRES_3bdb9503d4,2019,1,Атман как синоним дравьи в «Вакьяпадии» (ВП 3.2.1),1,0.9,deepseek,Атман как синоним дравьи в «Вакьяпадии» — частный терминологический анализ.
PRES_4468815627,2019,1,Атхарваведа 1.2. (Шаунака): дополнение к переводам,1,0.9,deepseek,Частный кейс: дополнение к переводам конкретного гимна.
PRES_4855e1d50a,2019,1,Социовозрастная инициация и монашеское посвящение в неварском буддизме,1,0.9,deepseek,Социовозрастная инициация и монашеское посвящение в неварском буддизме — частный кейс.
PRES_4b296dd60c,2019,1,И. П. Минаев и Дж. Л. Киплинг: коллекции и письма,1,0.9,deepseek,И. П. Минаев и Дж. Л. Киплинг: коллекции и письма — частный исторический кейс.
PRES_4b661944b6,2019,1,Элементы шаманских практик в воинских традициях Индии,1,0.85,deepseek_strict_scale_audit,"Элементы шаманских практик в воинских традициях Индии — это обобщение о шаманских практиках в воинских традициях Индии. 'Воинские традиции Индии' — это конкретный класс явлений, но не вся традиция. Заголовок не обещает обобщения о всей индийской традиции, а скорее о пересечении двух ограниченных объектов. L1."
PRES_4f163c69ab,2019,1,Понимание искусства в учении Ошо,1,0.9,deepseek,Понимание искусства в учении Ошо — частный кейс.
PRES_559936c99d,2019,1,Индийские языки и нарративы на Маврикии: Рама-катха и поэзия на бходжпури,2,0.9,deepseek_strict_scale_audit,"Заголовок явно обещает обзор языков и нарративов на Маврикии, что является региональным процессом. Это соответствует L2."
PRES_5828dbb0bc,2019,1,Структура «Чарья-гити»,1,0.9,deepseek,Структура «Чарья-гити» — частный текст.
PRES_5dc51ccca1,2019,1,Почитание Индры в Непале: живая архаика,1,0.9,deepseek,Почитание Индры в Непале: живая архаика — частный кейс.
PRES_62cf077e75,2019,1,«Зачин» в североиндийской поэзии бхакти,2,0.9,deepseek_strict_scale_audit,"Заголовок '«Зачин» в североиндийской поэзии бхакти' — обобщение на уровне традиции (поэзия бхакти), что соответствует L2."
PRES_6916d4ad70,2019,1,Четыре народа в «Йогини-тантре»,1,0.85,deepseek,Анализ конкретного текста (Йогини-тантра) — частный кейс.
PRES_6d5d70424b,2019,1,«Гадья» Рамануджи: венец или крест исследователя философии вишишта-адвайты?,1,0.9,deepseek,«Гадья» Рамануджи — частный текст.
PRES_71f87de89c,2019,1,Ритуальная жизнь делийского даргаха,1,0.9,deepseek,Ритуальная жизнь делийского даргаха — частный кейс.
PRES_790adfed32,2019,1,"Отношение к женщине в эпосе (на примере «Рамаяны» Вальмики, «Адбхута Рамаяны» и «Адхьятма Рамаяны»)",1,0.9,deepseek,Анализ отношения к женщине на примере трех версий Рамаяны — частный кейс сравнения текстов.
PRES_7ab7bd7cb2,2019,1,Функции вождя в традиционном обществе веддов в прошлом и настоящем,1,0.85,deepseek,Функции вождя у веддов — конкретный этнографический кейс.
PRES_7d5c21c3e8,2019,1,Боги «из разряда синих» в предании о дарении чаши в «Лалитавистаре»,1,0.9,deepseek,Анализ конкретного предания в одном тексте — частный кейс.
PRES_7f59f09c85,2019,1,Приветственное слово директора ИВР РАН,1,0.95,deepseek,"Приветственное слово — организационное, не исследовательское."
PRES_890d18051e,2019,1,Основные сюжеты и персонажи индийского театра теней,1,0.85,deepseek_strict_scale_audit,"Основные сюжеты и персонажи индийского театра теней — это обзор основных сюжетов и персонажей целого вида театра. 'Индийский театр теней' — это конкретный вид театра, а не вся традиция. Заголовок не обещает обобщения о всей индийской культуре, а скорее о конкретном жанре. L1."
PRES_89290bf4b4,2019,1,Парибхаша  —  интерпретационные правила грамматики Панини,1,0.9,deepseek,Интерпретационные правила грамматики Панини — частный кейс.
PRES_8c7d8555e5,2019,1,Реминисценции мифа Вала в припамирском регионе,1,0.8,deepseek,Анализ реминисценций мифа в регионе — частный кейс (сравнение).
PRES_8f2ec6926d,2019,1,Каталоги знаков хараппской письменности: материалы к сравнению,1,0.85,deepseek,Сравнение каталогов знаков хараппской письменности — частный кейс.
PRES_a0ad164252,2019,1,Британское колониальное чиновничество в литературном наследии Дж. Оруэлла,1,0.9,deepseek,Британское чиновничество в творчестве Оруэлла — частный кейс.
PRES_a86f6623ae,2019,1,Поэзия народов мунда,1,0.85,deepseek_strict_scale_audit,"Поэзия народов мунда — это обзор поэзии целой группы народов. 'Народы мунда' — это конкретная языковая группа, а не широкая традиция. Заголовок не обещает обобщения о всей индийской культуре, а скорее о конкретной группе. L1."
PRES_a9c412982f,2019,1,Речь во сне и грезы наяву в классической санскритской драме,1,0.9,deepseek,Речь во сне и грезы в санскритской драме — частный кейс.
PRES_aa6a4858fc,2019,1,Мифология танца и  образ Индры в джайнизме,1,0.9,deepseek,Мифология танца и образ Индры в джайнизме — частный кейс.
PRES_b663d501fd,2019,1,Понятие manas в Ригведе,1,0.9,deepseek,Анализ понятия в одном тексте — частный кейс.
PRES_c416cbbb2d,2019,1,Конь без всадника и дерево джамбу: к интерпретации рельефа на восточных воротах Большой Ступы в Санчи,1,0.85,deepseek,Интерпретация конкретного рельефа — частный кейс.
PRES_c5e6e276eb,2019,1,Этико-интуитивистский подход М.К. Ганди к пониманию традиционных текстов,1,0.85,deepseek,Этико-интуитивистский подход Ганди к текстам — частный кейс.
PRES_c73e8b22d5,2019,1,Кукольный театр Западной Бенгалии,1,0.85,deepseek,Кукольный театр Западной Бенгалии — частный кейс.
PRES_c82fd78b93,2019,1,"Серайкела, Майюрбхандж, Пурулиа: феномен чхау на плато Чхота Нагпур (Восточная Индия)",1,0.9,deepseek_strict_scale_audit,"Серайкела, Майюрбхандж, Пурулиа: феномен чхау на плато Чхота Нагпур (Восточная Индия) — это исследование феномена чхау в конкретном регионе. Это обобщение регионального процесса, но регион ограничен (плато Чхота Нагпур), что ближе к L1. Согласно правилу, 'обзор одного региона' остается L2, но здесь регион очень конкретный, и заголовок фокусируется на трех локациях. L1."
PRES_ce7644969b,2019,1,«Сумеречный язык» в поэзии тамильских сиддхов,1,0.9,deepseek,Сумеречный язык в поэзии тамильских сиддхов — частный кейс.
PRES_d061375ee0,2019,1,Индийские и тибетские лингвистические штудии Д. Г. Мессершмидта,1,0.85,deepseek,Лингвистические штудии Мессершмидта — частный кейс.
PRES_d06d5a1c3b,2019,1,Прием лейтмотива в классической индийской поэзии,1,0.9,deepseek_strict_scale_audit,"Прием лейтмотива в классической индийской поэзии — это обзор приема в классической индийской поэзии. 'Классическая индийская поэзия' — это конкретный жанр, а не вся традиция. Заголовок не обещает обобщения о всей индийской культуре, а скорее о литературном приеме. L1."
PRES_d26f35d7c4,2019,1,Роль Умапати Шивачарьи в формировании окончательной редакции канона шайва-сиддханты,1,0.85,deepseek,Роль Умапати Шивачарьи в формировании канона шайва-сиддханты — частный кейс.
PRES_d28fc67619,2019,1,«Унмада нирукта». «Безумная этимология»: об особенностях мистической герменевтики тантры (на примере интерпретации первой мангала-шлоки «Тантралоки»),1,0.9,deepseek,Безумная этимология в Тантралоке — частный кейс.
PRES_d4e401111e,2019,1,Трансформации культурной идентичности парсов Бомбея,1,0.9,deepseek_strict_scale_audit,"Трансформации культурной идентичности парсов Бомбея — это обобщение о трансформациях идентичности парсов в одном городе. Это конкретная группа и локальный процесс, L1."
PRES_daaacd2c46,2019,1,О предмете индийской философии,2,0.9,deepseek_strict_scale_audit,"О предмете индийской философии — это обобщение о предмете индийской философии в целом, что является обобщением уровня целой традиции. L2 верно."
PRES_dd9e25c669,2019,1,«Религия Человека»: свобода и традиция в философствовании Рабиндраната Тагора,1,0.85,deepseek_strict_scale_audit,"«Религия Человека»: свобода и традиция в философствовании Рабиндраната Тагора — это исследование философствования одного мыслителя. Это конкретный автор, L1."
PRES_dff783fb28,2019,1,Понятие блаженства (ананды) в индуистском тантризме,1,0.9,deepseek,"Анализ понятия ананды в индуистском тантризме, конкретное понятие, уровень 1."
PRES_e356e4ef9c,2019,1,Семантика терминологии родства в языке брахуи в общедравидийском контексте,1,0.9,deepseek,"Семантика терминологии родства в языке брахуи, конкретное языковое явление, уровень 1."
PRES_e62fab8a32,2019,1,Современные баулы: мистики или артисты,1,0.9,deepseek,"Современные баулы, конкретная группа, уровень 1."
PRES_eab49a194a,2019,1,«Возрожденные» ведийские ритуалы: яджна на Асси гхат и в школе девочек «Панини Канья Махавидьялая» в Варанаси,1,0.9,deepseek,"Конкретные возрожденные ритуалы, уровень 1."
PRES_ed98bb4f5f,2019,1,Понятие nirodha в истории буддийской философии,1,0.9,deepseek_strict_scale_audit,"Заголовок обещает историю одного понятия (nirodha) в буддийской философии. Это конкретный термин, а не обобщение целой традиции или школы. История понятия — это L1."
PRES_f38580f0b7,2019,1,«Махабхарата» и мотив «заточенных в пещере»,1,0.9,deepseek,"Мотив в Махабхарате, частный сюжет."
PRES_f4d3508725,2019,1,Эстетика религиозной драмы: теория и практика драмы в контексте бенгальского вайшнавизма,1,0.9,deepseek_strict_scale_audit,"Эстетика религиозной драмы: теория и практика драмы в контексте бенгальского вайшнавизма — это обобщение теории и практики драмы в контексте бенгальского вайшнавизма. Бенгальский вайшнавизм — это конкретная традиция, а не широкая рамка. Заголовок не обещает обобщения о всей традиции, а скорее о драме в рамках одной подтрадиции. L1."
PRES_fb458bc442,2019,1,Способы сокрытия мантр в тантрических текстах,1,0.9,deepseek,"Способы сокрытия мантр в тантрических текстах, конкретный аспект, уровень 1."
PRES_01ee046380,2019,2,Сюжетные схемы санскритских джатак Харибхатты (IV–V в.),1,0.9,deepseek,Сюжетные схемы конкретного автора.
PRES_02f8421750,2019,2,О двух подходах к одному тексту «Калачакра-тантры»,1,0.9,deepseek,"Два подхода к одному тексту, частный случай."
PRES_0f8aeee7b2,2019,2,Музыкальные колонны Южной Индии,1,0.9,deepseek,Конкретный тип архитектурных элементов.
PRES_11e2a3c771,2019,2,Обряд адхивасана («вселение») и его роль в формировании образов храма и города,1,0.9,deepseek,Конкретный обряд и его роль.
PRES_12417b5ae3,2019,2,Опыт передачи эпической шлоки в русской переводческой традиции,1,0.9,deepseek,Опыт передачи конкретного размера.
PRES_1343fa2056,2019,2,Роль представителя династии Тхакури (Тхакуджуджу) в ритуальной передаче власти в Непале,1,0.9,deepseek,Роль конкретной династии в ритуале.
PRES_17e399955c,2019,2,Место «Беседы о субъекте-пудгале» в структуре палийского канона и в истории буддийской философии,1,0.9,deepseek_strict_scale_audit,"Заголовок обещает анализ места одного конкретного текста в структуре канона и истории философии. Это конкретный текст, а не обобщение целой традиции. L1."
PRES_1d811c4689,2019,2,Ю.Н. Рерих и история индологии в России,2,0.9,deepseek_strict_scale_audit,"Заголовок обещает историю индологии в России, что является обзором целой дисциплины в рамках одной страны. Это региональный процесс, L2."
PRES_220562c90f,2019,2,Феномен недосказанной речи ардхокти в санскритской драме,1,0.9,deepseek,Конкретный феномен в санскритской драме.
PRES_3e056063d9,2019,2,Sarvajña-bhāṣā — всеведущий и синкретический язык Калачакра-тантры,1,0.9,deepseek,Конкретный язык Калачакра-тантры.
PRES_40c79b3a10,2019,2,"О стихах, приписываемых Бхартрихари",1,0.9,deepseek,"Стихи, приписываемые конкретному автору."
PRES_42c1647dee,2019,2,Как уложить пять формул в одну строфу? «Архивирующие» возможности санскрита в математических сочинениях средневековой Индии,1,0.9,deepseek,Архивирующие возможности санскрита в математических сочинениях.
PRES_4da8793f25,2019,2,Сюжет встречи с Дипанкарой: функциональная роль в текстовой традиции и возможные генетические связи,1,0.9,deepseek,"Сюжет встречи с Дипанкарой, конкретный мотив."
PRES_6274f89872,2019,2,Вербальный панегирик индийского монаршего портрета эпохи Моголов. 9.12.19,1,0.9,deepseek,Вербальный панегирик могольского портрета.
PRES_62dd4b0700,2019,2,Тибето-китайские параллели в наименованиях и титулах регентов на примере текста декрета Далай-ламы V о назначении Сангье Гьяцо дэсридом (1679 г.),1,0.9,deepseek,Параллели в титулах на примере конкретного текста.
PRES_77c1b8528e,2019,2,«Парамаартхасара» Абхинавагупты: руководство по обретению «сингулярности» или свидетельство о невозможности бытия Бога (Бытия/Бога),1,0.9,deepseek,"Анализ одного текста Абхинавагупты, философский трактат"
PRES_787d114bd2,2019,2,«Цветомыслие» в Древней Индии (вербальный текст и стенопись),1,0.85,deepseek,"Связь вербального текста и стенописи, конкретный кейс"
PRES_795fb84e75,2019,2,Кабир о бхакти,1,0.9,deepseek,"Один автор, тема бхакти, частный кейс"
PRES_8402d54487,2019,2,Дайва-арадхана Тулунаду (Южная Индия): сценарий и воплощение,1,0.85,deepseek,"Описание ритуала в конкретном регионе, полевой материал"
PRES_913d0cd9c3,2019,2,К вопросу о замещениях (pratinidhi) при проведении шраута-ритуалов,1,0.9,deepseek,"Конкретный ритуальный термин, шраута-ритуалы"
PRES_914c6126f3,2019,2,Старый парк Пушпакарандаки (одна из загадок «Глиняной повозки»),1,0.85,deepseek,"Анализ одного текста, загадка в пьесе"
PRES_b3fefc9375,2019,2,Восхваление табака в поэме «Пухейилей видутуду» тамильского поэта Сини Саккарей Пулавара,1,0.85,deepseek,"Одна поэма, конкретный автор, тамильская литература"
PRES_bda473a7a5,2019,2,"Семь сокровищ чакравартина и их пространственная локализация (палийский канон, «Артхашастра»)",1,0.85,deepseek,"Сравнение двух текстов, конкретная тема"
PRES_c0a5930788,2019,2,К вопросу о дхарани и Дхаранипитаке,1,0.85,deepseek,Конкретный термин и гипотетический текст
PRES_ce31fa073d,2019,2,Образ Ганеши в японском буддизме,1,0.85,deepseek,"Образ Ганеши в японском буддизме, частный кейс"
PRES_df9726f3c8,2019,2,Рай Амитабхи в традиции школы ньигма,1,0.85,deepseek,Концепция рая в одной буддийской школе
PRES_e09ac364ea,2019,2,Фронтальное и трёхчетвертное изображение лица в западно-индийской миниатюре XII–XV вв,1,0.85,deepseek,"Иконографический мотив в миниатюре, конкретный период"
PRES_e19a817c80,2019,2,«Унмей вилаккам» как источник по иконологии Шивы Натараджи,1,0.85,deepseek,Один текст как источник по иконологии
PRES_e41ac61c54,2019,2,Поэтические формы средневекового тамильского бхакти,2,0.9,deepseek_strict_scale_audit,"Заголовок обещает обзор поэтических форм целой традиции (средневековое тамильское бхакти). Это обобщение о традиции, L2."
PRES_e64009085a,2019,2,Возможности понимания и написания термина «санскрит»,1,0.8,deepseek,"Терминологический вопрос, частный кейс"
PRES_f86793d7d0,2019,2,Монгольские ритуалы в русских летописях,1,0.85,deepseek,Конкретные ритуалы в русских летописях
PRES_f9cfeb6efc,2019,2,«Белые шапки»: интерпретации и эндемичность религиозного символа в начале XVIII в,1,0.85,deepseek,Интерпретация символа в начале XVIII века
PRES_0816ac8f85,2020,1,История Ситы и Рамы глазами современных индийских поэтов-мистиков и ее релевантность для современного индийского общества,2,0.9,deepseek_strict_scale_audit,"Заголовок обещает обобщение о релевантности истории для современного индийского общества. Это обобщение в рамках одной традиции/региона, L2."
PRES_0c885f7efc,2020,1,Великая галлюцинация сознания по «Вимшике» Васубандху,1,0.9,deepseek,"Анализ 'Вимшики' Васубандху, конкретный текст, уровень 1."
PRES_0db520ec9e,2020,1,Интерпретация кровавых событий раздела Индии и Пакистана в романе Кхушванта Сингха «Поезд в Пакистан»,1,0.9,deepseek,"Интерпретация романа Кхушванта Сингха, конкретное произведение, уровень 1."
PRES_10fd30a24c,2020,1,Техническая терминология тантрийской йоги в «Виджняна Бхайрава тантре»,1,0.9,deepseek,"Техническая терминология в 'Виджняна Бхайрава тантре', конкретный текст, уровень 1."
PRES_11ddedf184,2020,1,Абхидхарма как когнитивная стратегия,2,0.9,deepseek_strict_scale_audit,"Заголовок обещает рассмотрение Абхидхармы как когнитивной стратегии, что является обобщением целой традиции. L2."
PRES_240fa4577e,2020,1,Г. Оберхаммер и проблема исследования когнитивного потенциала религиозного опыта,2,0.85,deepseek_strict_scale_audit,"Заголовок 'Г. Оберхаммер и проблема исследования когнитивного потенциала религиозного опыта' предполагает обсуждение методологического подхода, что является обобщением уровня L2."
PRES_315a44f3a9,2020,1,Work of Patañjali on Yoga Philosophy and Sanskrit Vyākaraṇa,2,0.9,deepseek_strict_scale_audit,"Заголовок 'Work of Patañjali on Yoga Philosophy and Sanskrit Vyākaraṇa' — обобщение двух традиций (философия йоги и санскритская грамматика), что соответствует L2."
PRES_4341e890df,2020,1,Пример использования парибхаш при прочтении сутр Панини,1,0.9,deepseek,"Пример использования парибхаш при прочтении сутр Панини, конкретный пример, уровень 1."
PRES_44bb1c1886,2020,1,"О толковании первой строфы «Аштанга-хридаи» средневековыми комментаторами (на примере Арунадатты, Хемадри и Инду)",1,0.9,deepseek,"Толкование первой строфы 'Аштанга-хридаи' комментаторами, конкретный текст, уровень 1."
PRES_453e49a456,2020,1,Об особенностях традиционной пищи веддов,1,0.9,deepseek,"Особенности традиционной пищи веддов, конкретная группа, уровень 1."
PRES_47c4e238fb,2020,1,Инклюзивизм как концептуальное средство для изучения индийской культуры,2,0.9,deepseek_strict_scale_audit,"Заголовок обещает обсуждение концептуального средства для изучения индийской культуры, что является обобщением о целой культуре. L2."
PRES_48f4e3c3a8,2020,1,Дискурсивные слова в языке хинди,1,0.9,deepseek,"Дискурсивные слова в языке хинди, конкретное языковое явление, уровень 1."
PRES_494f681f96,2020,1,Еще раз к вопросу о теме нейдаль в тамильской поэзии,1,0.8,deepseek,"Тема нейдаль в тамильской поэзии — частный кейс, уровень L1."
PRES_52a979cbb2,2020,1,О некоторых особенностях языка «Калачакра-тантры»,1,0.85,deepseek,Особенности языка конкретного текста — L1.
PRES_542213417f,2020,1,Д. Д. Руднев как радетель пополнения коллекций МАЭ РАН,1,0.9,deepseek,Деятельность конкретного лица по пополнению коллекций — L1.
PRES_5c43b881ec,2020,1,Фоносемантическая структура ведийского текста (на  примере гимна Ригведы I.7),1,0.95,deepseek,"Анализ конкретного гимна, частный кейс."
PRES_629286d70c,2020,1,М. К. Ганди — неортодоксальный „ортодокс“,1,0.8,deepseek,Анализ взглядов одного мыслителя — L1.
PRES_645c96325c,2020,1,Тело бхакта и тело Шивы: о проблемах телесности в тамильском шайва-бхакти,1,0.85,deepseek,Проблемы телесности в конкретной традиции — L1.
PRES_67f7aced5b,2020,1,Очаги обнаружения санскритских рукописей на территории Тибета,1,0.9,deepseek,"Конкретный кейс: обнаружение санскритских рукописей в Тибете, уровень L1."
PRES_6a397e42de,2020,1,Терминология родства в гондванских языках,2,0.9,deepseek_strict_scale_audit,"Заголовок 'Терминология родства в гондванских языках' — обобщение о целой языковой семье, что соответствует L2."
PRES_76087dcbbe,2020,1,Индийский мифологический сериал как средство идеологической пропаганды,1,0.85,deepseek,Анализ конкретного сериала как средства пропаганды — L1.
PRES_866c154d32,2020,1,Эстетика комического в поэме «Kaliṅkattupparaṇi»,1,0.85,deepseek,Эстетика комического в одной поэме — L1.
PRES_882c47d896,2020,1,Буддизм пудгалавады: к постановке вопроса о субъекте-пудгале,1,0.8,deepseek,Постановка вопроса о субъекте-пудгале — L1.
PRES_8b02872508,2020,1,Тханки в собрании И. П. Минаева (МАЭ РАН),1,0.9,deepseek,Тханки в конкретном собрании — L1.
PRES_972123b738,2020,1,«Индийская „игра знания“: один эпизод культурного трансфера»,1,0.8,deepseek,Один эпизод культурного трансфера — L1.
PRES_9a160371a2,2020,1,Параллельный санскритско-русский корпус,1,0.85,deepseek,"Создание конкретного корпуса, прикладной проект."
PRES_a5949e68cd,2020,1,Санскритские наречия в трудах бенгальских грамматистов (Дживы Госвамина и Баларамы Панчананы),1,0.85,deepseek,Санскритские наречия в трудах двух грамматистов — L1.
PRES_be02c8a240,2020,1,Ритуалы божественной старости в неварском буддизме,1,0.85,deepseek,Ритуалы в неварском буддизме — L1.
PRES_bf3384e684,2020,1,Так называемый парадокс беллетристики и подсказки от компаративной онтологии,2,0.9,deepseek_strict_scale_audit,"Заголовок обещает обсуждение парадокса с привлечением компаративной онтологии, что является обобщением методологического подхода. L2."
PRES_c21cf157cd,2020,1,О сравнениях в индийской философской литературе,2,0.9,deepseek_strict_scale_audit,Заголовок обещает обобщение о сравнениях в целой традиции (индийская философская литература). L2.
PRES_c3f8ffb231,2020,1,О телесном и духовном бессмертии в индуистском тантризме,2,0.9,deepseek_strict_scale_audit,"Заголовок обещает обсуждение бессмертия в индуистском тантризме, что является обобщением целой традиции. L2."
PRES_c63fd39448,2020,1,«Мини-Бхагавадгита» в четвертой «книге» «Рамаяны» Вальмики,1,0.9,deepseek,Мини-Бхагавадгита в Рамаяне — L1.
PRES_ce98c10169,2020,1,Понятие религиозного инклюзивизма у П. Хакера,1,0.85,deepseek,Понятие инклюзивизма у одного автора — L1.
PRES_d1043e6e8c,2020,1,О философской и религиозной значимости некоторых текстов Веданта Дешики,1,0.85,deepseek,Значимость текстов одного автора — L1.
PRES_d1a01cb53b,2020,1,Онлайн-корпус текстов на языках южных мунда: задачи и специфика,1,0.9,deepseek,Онлайн-корпус текстов на языках южных мунда — L1.
PRES_e1e78406da,2020,1,Индия в воспоминаниях востоковеда В. А. Иванова,1,0.9,deepseek,"Воспоминания одного востоковеда — частный кейс, уровень L1."
PRES_e379735ba8,2020,1,Текущие переводческие проекты Фонда «Сохраним Тибет!» и изд-ва «Нартанг»,1,0.85,deepseek,"Конкретные переводческие проекты — частный кейс, L1."
PRES_e3a92610f5,2020,1,К (посмертному) изданию полного перевода (В. С. Семенцова) «Гитабхашьи» Рамануджи на русском языке,1,0.9,deepseek,"Издание перевода одного текста — частный кейс, L1."
PRES_e4d3d535b2,2020,1,Танцы с сосудами и вокруг. Гарба Гуджарата и сходные обряды и представления Южной Азии,2,0.9,deepseek_strict_scale_audit,"Заголовок обещает сравнение обрядов и представлений Южной Азии, что является региональным процессом. L2."
PRES_eaa1d515ff,2020,1,Трактовка состояний удрученности и умопомешательства в буддийских экзегетических источниках,1,0.9,deepseek,"Трактовка состояний в буддийских источниках — частный кейс, L1."
PRES_ec58f38bb5,2020,1,Традиции и ритуалы почитания манускриптов в писаниях шайва,1,0.85,deepseek,"Традиции почитания манускриптов в шайва-писаниях — частный кейс, L1."
PRES_f137ba2a62,2020,1,Разрази его гром! Метеорологические явления в песенном фольклоре на диалектах хинди Центральной Индии,1,0.85,deepseek,"Метеорологические явления в песенном фольклоре — частный кейс, L1."
PRES_f14032ea97,2020,1,К вопросу об определении понятия apratiṣṭhita-nirvāṇa,1,0.9,deepseek,"Определение понятия apratiṣṭhita-nirvāṇa — частный кейс, L1."
PRES_fe58585a93,2020,1,Абсолютная встреча как феномен трансцендентальной герменевтики Г. Оберхаммера,1,0.85,deepseek,"Феномен трансцендентальной герменевтики Оберхаммера — частный кейс, L1."
PRES_15b5fbdc83,2020,2,Что отличает индийскую эпистемическую культуру от западной?,3,0.9,deepseek_strict_scale_audit,"Заголовок явно заявляет сравнение двух цивилизационных эпистемических культур (индийской и западной), что является глобальной рамкой. L3."
PRES_215f0bcf2e,2020,2,"«Во отдаленном краю границы пребывающий, исповедая веру манджушринову»: о буддийском дискурсе в калмыцкой политике императора Юнчжэна (1723–1735)",2,0.9,deepseek_strict_scale_audit,"Заголовок обещает анализ буддийского дискурса в политике императора, что является региональным процессом. L2."
PRES_23ce849cd3,2020,2,Некоторые особенности текстов по вастувидье в пуранах и их интерпретация в современной массовой культуре,1,0.8,deepseek,"Особенности текстов по вастувидье и их интерпретация, частный кейс."
PRES_273faaf1c4,2020,2,"Шива Саптасварамурти из Пареля. Иконография, интерпретации, параллели",1,0.85,deepseek,"Иконография конкретного образа, частный кейс."
PRES_2bb37e704c,2020,2,Интерпретация датировки появления буддизма в Японии в традиционных источниках и храмовых хрониках энги,1,0.8,deepseek,"Интерпретация датировки в конкретных источниках, частный кейс."
PRES_33bcacf231,2020,2,Смена парадигмы? Числовые «коды» в структуре индийских математических сочинений древности и средневековья,2,0.9,deepseek_strict_scale_audit,"Заголовок обещает обобщение о смене парадигмы в структуре математических сочинений, что является обобщением класса явлений. L2."
PRES_37b0efbebb,2020,2,Поэтический цикл Кабилара о князе Пари,1,0.9,deepseek,"Анализ поэтического цикла конкретного автора, частный кейс."
PRES_4222cc5294,2020,2,Проблемы атомизма по «Вимшике» Васубандху и «Аламбана-парикше» Дигнаги,1,0.85,deepseek,"Проблемы атомизма по двум конкретным текстам, частный кейс."
PRES_492441fb51,2020,2,Небывальщины и парадоксы в древне- индийской поэзии,2,0.9,deepseek_strict_scale_audit,"Заголовок обещает обобщение о небывальщинах и парадоксах в древнеиндийской поэзии, что является обобщением класса явлений. L2."
PRES_4c303a7d1a,2020,2,Антропоморфная образность «игры знания»: телесная метафора и метафора путешествия,1,0.8,deepseek,"Анализ телесной метафоры и метафоры путешествия, частный кейс."
PRES_52e54251ce,2020,2,Опыт применения интертекстуального подхода при изучении санскритских и палийских памятников,2,0.9,deepseek_strict_scale_audit,"Заголовок обещает обсуждение опыта применения интертекстуального подхода, что является методологической рамкой. L2."
PRES_54c018c9f5,2020,2,Некоторые особенности праздника семи неварских селений юго-западной части Долины Катманду,1,0.9,deepseek,"Особенности праздника семи конкретных селений, частный кейс."
PRES_5927c1b975,2020,2,О некоторых основных понятиях пратьябхиджни,1,0.85,deepseek,"Основные понятия конкретной философской школы, частный кейс."
PRES_5e3f146897,2020,2,Небывальщины и парадоксы в средневековой североиндийской поэзии,2,0.9,deepseek_strict_scale_audit,"Заголовок обещает обобщение о небывальщинах и парадоксах в средневековой поэзии, что является обобщением класса явлений. L2."
PRES_69020aec6c,2020,2,"К анализу стиха Ригведа 1.120.11, или Предварительные заметки о ведийском автомобиле",1,0.85,deepseek,"Анализ конкретного стиха Ригведы, частный кейс."
PRES_705d6f4e9c,2020,2,Мотивный анализ сюжета «Джатаки о павлине» Харибхатты (IV–V вв. н.э.),1,0.9,deepseek,"Мотивный анализ сюжета конкретной джатаки, частный кейс."
PRES_75e95131c2,2020,2,Санскритская грамматика и мирская мудрость,1,0.85,deepseek,"Санскритская грамматика и мирская мудрость, частный кейс."
PRES_838219a1ee,2020,2,Способы изображения животных в литературной санскритской джатаке,2,0.9,deepseek_strict_scale_audit,"Заголовок обещает обобщение о способах изображения животных в литературной джатаке, что является обобщением класса явлений. L2."
PRES_8c8a78a7c6,2020,2,Модели мотивации понятий «муж» и «жена» в дравидийских языках,2,0.9,deepseek_strict_scale_audit,"Заголовок обещает обобщение о моделях мотивации понятий в дравидийских языках, что является обобщением класса явлений. L2."
PRES_977099cdb8,2020,2,"Происхождение китайского иероглифа 佛 «фо» (Будда, буддизм)",1,0.9,deepseek,"Исследование происхождения одного иероглифа, частный кейс."
PRES_a939d396b8,2020,2,Некоторые тангка из собрания Ю.Н. Рериха. Новые исследования,1,0.9,deepseek,"Анализ конкретных тангка из собрания, частный кейс."
PRES_a95408ba26,2020,2,Феномен речевого сбоя как средство художественной выразительности в структуре классической санскритской драмы,1,0.9,deepseek,"Анализ речевого сбоя как средства выразительности в санскритской драме, частный кейс."
PRES_bdc2b8783d,2020,2,Санскрит и индийская философия в творчестве композитора А.Н. Скрябина,1,0.85,deepseek,"Влияние санскрита и индийской философии на творчество конкретного композитора, частный кейс."
PRES_c0d93ccddb,2020,2,Ю.Н. Рерих о кочевниках Тибета,1,0.9,deepseek,"Исследование взглядов Ю.Н. Рериха на кочевников Тибета, частный кейс."
PRES_c29a39d88c,2020,2,Кангдзей: «Подношения гневным божеcтвам»,1,0.9,deepseek,"Анализ конкретного текста 'Подношения гневным божествам', частный кейс."
PRES_c70b31e5b3,2020,2,Роль «Тируттондар тирувандади» Намби Андар Намби в формировании шиваитского канона,1,0.85,deepseek,"Роль конкретного текста в формировании шиваитского канона, частный кейс."
PRES_d0e5bdbfaa,2020,2,Отражение монгольских имперских идей в тибетской историографии. LX РЕРИХОВСКИЕ ЧТЕНИЯ,1,0.9,deepseek_strict_scale_audit,"Заголовок 'Отражение монгольских имперских идей в тибетской историографии' указывает на конкретный текст или ограниченную группу текстов (тибетская историография), а не на обобщение целой традиции. LX Рериховские чтения — конференция, не расширяющая рамку. Это L1."
PRES_d84550d538,2020,2,Ṛddhi и священные следы прошлого: чудо в картине мира буддиста-паломника,1,0.9,deepseek,"Анализ понятия ṛddhi и чуда в картине мира буддиста-паломника, частный кейс."
PRES_fac07beb0f,2020,2,"Загадка эдуки – монумента опрокинутого мира (эпиграфика, эпос, пураны)",1,0.85,deepseek,"Исследование конкретного памятника эдука, частный кейс."
PRES_ffd2c4b14a,2020,2,Две тханки из собрания И.П. Минаева (МАЭ РАН) и традиция странствующих рассказчиков (лама манипа) в Гималайском регионе,1,0.9,deepseek,"Анализ двух конкретных тханок и традиции рассказчиков, частный кейс."
PRES_0296b0a4d7,2021,1,Характерные черты и особенности индийского мифологического сериала (на материале сериалов на сюжет «Рамаяны»)*,2,0.9,deepseek_strict_scale_audit,"Заголовок 'Характерные черты и особенности индийского мифологического сериала (на материале сериалов на сюжет «Рамаяны»)' — обобщение жанра, что соответствует L2."
PRES_03edd31e02,2021,1,Приветственное слово директора ИВР РАН,1,0.95,deepseek,"Приветственное слово — не исследовательский заголовок, L1 по умолчанию."
PRES_125338df77,2021,1,Ведийский санскрит и индийская философия в творчестве композитора А. Н. Скрябина*,1,0.85,deepseek,"Влияние ведийского санскрита и индийской философии на творчество Скрябина, частный кейс."
PRES_179141844a,2021,1,Ведийский ритуал Ваджапея: древняя традиция и современная практика*,1,0.9,deepseek_strict_scale_audit,"Заголовок 'Ведийский ритуал Ваджапея: древняя традиция и современная практика' описывает один конкретный ритуал, а не обобщение всей ведийской традиции. Это L1."
PRES_19697f2e5f,2021,1,Место «Компендиума Абхидхармы» Асанги в философии буддизма махаяны,1,0.9,deepseek,"Анализ места конкретного текста Асанги в философии махаяны, частный кейс."
PRES_19f7899ef1,2021,1,«Давай поженимся»: Свадебные ритуалы в неварском буддизме*,1,0.9,deepseek,"Свадебные ритуалы в неварском буддизме — частный кейс, L1."
PRES_27d5db2ff5,2021,1,Санскритский перевод  одного тибетского текста,1,0.9,deepseek,"Санскритский перевод одного тибетского текста, частный кейс."
PRES_2b0af07002,2021,1,Проблемы датировки «Нандикешваракашики»*,1,0.9,deepseek,"Заголовок посвящен датировке конкретного текста, что является частным кейсом."
PRES_2b593f9763,2021,1,Конструкция odanam pacyate и ее анализ в традиции Панини*,1,0.9,deepseek,Анализ конкретной грамматической конструкции в традиции Панини.
PRES_2cd66465a6,2021,1,Интерпретация канонической типологии архатов в буддийских экзегетических источниках,1,0.9,deepseek,Интерпретация типологии архатов в буддийских источниках.
PRES_2da29afec9,2021,1,Миниатюры рагамала в отечественных собраниях,1,0.9,deepseek,"Миниатюры рагамала в отечественных собраниях — частный кейс, L1."
PRES_2fec4edd1e,2021,1,Полемика с мимансаками об атмане в «Таттвасанграхе» Шантаракшиты*,1,0.9,deepseek,"Полемика с мимансаками в одном тексте — частный кейс, L1."
PRES_34e681fc82,2021,1,Неопознанные индоевропейские мотивы в санскритском эпосе,1,0.9,deepseek_strict_scale_audit,"Заголовок 'Неопознанные индоевропейские мотивы в санскритском эпосе' говорит о поиске конкретных мотивов в одном корпусе текстов (санскритский эпос), а не об обобщении традиции. Это L1."
PRES_3d67f798a4,2021,1,Понимание истории Индии в социальной философии Рабиндраната Тагора*,1,0.85,deepseek,"Понимание истории Индии у Тагора — частный кейс, L1."
PRES_448beb385e,2021,1,Искусство протеста. Политический театр в Индии: истоки и развитие,2,0.8,deepseek_strict_scale_audit,Заголовок 'Искусство протеста. Политический театр в Индии: истоки и развитие' обещает обобщение о целом жанре (политический театр) в рамках одной страны (Индия). Это L2.
PRES_46601a7245,2021,1,Некоторые структурные особенности пролога классической санскритской драмы»*,1,0.9,deepseek,Структурные особенности пролога классической санскритской драмы.
PRES_4871f640ed,2021,1,Архетип двойничества в романе С. Рушди «Ярость»: этнографический субстрат,1,0.85,deepseek,"Архетип двойничества в романе Рушди — частный кейс, L1."
PRES_4d77665e79,2021,1,Шива-бхакти и Шива-йога в тамильском шайва-бхакти*,1,0.9,deepseek,"Шива-бхакти и Шива-йога в тамильском шайва-бхакти — частный кейс, L1."
PRES_582d56f69a,2021,1,О двух родственных джатакаставах в «Лалитавистаре» и «Раштрапалапариприччха-сутре»,1,0.9,deepseek,Сравнение двух родственных текстов в буддийской традиции.
PRES_64d8c34063,2021,1,О «новых» теориях действия в грамматических трудах Нагеши Бхатты*,1,0.9,deepseek,О теориях действия в грамматических трудах конкретного автора.
PRES_6ada32f841,2021,1,Голубые лотосы санскритской лексикографии*,1,0.85,deepseek,"Санскритская лексикография — частный кейс, L1."
PRES_6d9f21c9ed,2021,1,Кофейная Одиссея Индии,1,0.9,deepseek_strict_scale_audit,"Заголовок 'Кофейная Одиссея Индии' метафоричен и не обещает обобщения о целой традиции или процессе. Скорее всего, это конкретный исторический или культурный сюжет. Это L1."
PRES_77dd8038e0,2021,1,Традиция «Лалитавистары»: возможные истоки,1,0.9,deepseek,Истоки конкретной буддийской традиции.
PRES_7a34c63764,2021,1,Инклюзивизм в индийской культуре и его ведийские истоки,2,0.8,deepseek_strict_scale_audit,Заголовок 'Инклюзивизм в индийской культуре и его ведийские истоки' явно обещает обобщение о целой культурной традиции (индийская культура) с указанием на истоки. Это L2.
PRES_806f7942d2,2021,1,Неприzнанный zнак: вопрос о модернизации бенгальского алфавита в современном медиапространстве,1,0.8,deepseek,Вопрос модернизации бенгальского алфавита в медиапространстве.
PRES_840e0c180a,2021,1,Истоки учения о Шри в вишишта-адвайта веданте,1,0.9,deepseek,Истоки учения о Шри в конкретной философской школе.
PRES_86ceaef5cf,2021,1,Раса как сок поэзии*,1,0.9,deepseek,"Заголовок о расе как соке поэзии — частный концепт, L1."
PRES_86dff454ef,2021,1,Интеллектуальная история модернизма: Стелла Крамриш и индийский авангард,1,0.9,deepseek_strict_scale_audit,"Заголовок 'Интеллектуальная история модернизма: Стелла Крамриш и индийский авангард' фокусируется на одной фигуре (Стелла Крамриш) и ее связи с индийским авангардом, что является конкретным сюжетом, а не обобщением школы или направления. Это L1."
PRES_8d5fd52f8d,2021,1,Высмеивание пороков врачей в санскритской литературе (на примере «Кали-видамбханам» Нилакантхи Дикшиты)*,1,0.9,deepseek,Анализ одного текста — L1.
PRES_8da2a8ffea,2021,1,Проблемы понимания санскритской метрики,1,0.9,deepseek,Проблемы понимания санскритской метрики - частная тема.
PRES_90cb7911e1,2021,1,Сотериологическая доктрина Шри-вайшнавизма в трактате Пиллея Локачарьи «Мумукшупади»,1,0.9,deepseek,Сотериологическая доктрина в конкретном трактате.
PRES_9736d3f1aa,2021,1,Камень-трава или плод из города Синтры: история одного индийского фитонима*,1,0.9,deepseek,История одного индийского фитонима.
PRES_978d279dac,2021,1,Две формы атомизма в буддизме*,1,0.9,deepseek,Две формы атомизма в буддизме - частное сравнение.
PRES_a113335109,2021,1,Удвоение знаков в протоиндийской письменности,1,0.85,deepseek,"Удвоение знаков в протоиндийской письменности — частное явление, L1."
PRES_a6317f1789,2021,1,Пушп-Ватика: Цветущий сад поэзии,1,0.9,deepseek,"Цветущий сад поэзии — частный образ, L1."
PRES_af42ca8e9f,2021,1,Мифы об Индии: 2400 лет «фейковой индологии»,3,0.9,deepseek_strict_scale_audit,"Заголовок 'Мифы об Индии: 2400 лет «фейковой индологии»' заявляет глобальную цивилизационную рамку, охватывающую 2400 лет и всю историю индологии. Это L3."
PRES_ba86fb0e21,2021,1,"Ранние священные тексты на соранг-сомпенг как ключ к истории создания культа «Матар Баном» у племени сора (южные мунда, Орисса)",1,0.85,deepseek,Анализ ранних текстов соранг-сомпенг как ключа к истории культа — частный кейс (племя сора).
PRES_bb6d189bea,2021,1,Палийская и санскритские версии сюжетов о самопожертвовании бодхисатвы-зайца,1,0.9,deepseek,Сравнение палийской и санскритских версий одного сюжета — частный кейс.
PRES_c2b2c25a8c,2021,1,«К истолкованию мифа о Махишамардани» в научном наследии М.И. Тубянского,1,0.85,deepseek,Анализ научного наследия М.И. Тубянского по одному мифу — частный кейс.
PRES_c3d9648c21,2021,1,Опыт построения словаря-тезауруса древнеиндийской лингвистической терминологии (на материале грамматики Панини)*,1,0.9,deepseek_strict_scale_audit,Заголовок 'Опыт построения словаря-тезауруса древнеиндийской лингвистической терминологии (на материале грамматики Панини)' описывает создание одного конкретного словаря на материале одного текста (грамматика Панини). Это L1.
PRES_d59e7f7256,2021,1,Индологический материал в рабочих записках Д. Г. Мессершмидта по востоковедению (Collectanea Messerschmidtiana),1,0.9,deepseek,Анализ рабочих записок Мессершмидта — частный кейс (конкретный архивный материал).
PRES_e07744764c,2021,1,«Йога-сутры» Патанджали в арабском переводе ал-Бируни,1,0.9,deepseek,Анализ арабского перевода Йога-сутр ал-Бируни — частный кейс (конкретный перевод).
PRES_e218a2fb4b,2021,1,Приемы композиции групп текстов в палийской «Типитаке»,1,0.85,deepseek,Анализ композиции групп текстов в Типитаке — частный кейс (конкретный корпус).
PRES_e9e0c9a610,2021,1,Народно-разговорная речь и приемы ее стилизации в поэзии североиндийского бхакти,1,0.9,deepseek,"Приемы стилизации в поэзии бхакти — частный кейс, L1."
PRES_ed195acb30,2021,1,Г*. (Санкт-Петербург). Семья Рудневых как собиратели коллекций для МАЭ РАН,1,0.85,deepseek,"Семья Рудневых как собиратели — частный кейс, L1."
PRES_efa6368f8b,2021,1,Трактовка панинийского термина savarṇa комментаторами парибхаш,1,0.9,deepseek,Анализ трактовки термина savarṇa комментаторами — частный кейс (конкретный термин).
PRES_faf88dfc43,2021,1,Санскритский фрагмент «Артхавинишчая-сутры» из Сериндийского фонда ИВР РАН,1,0.9,deepseek,Анализ санскритского фрагмента из конкретного фонда — частный кейс (конкретный артефакт).
PRES_ff09f8aee5,2021,1,Миф о Гхоре и Богине в Йогини-тантре*,1,0.85,deepseek,Анализ мифа в Йогини-тантре — частный кейс (конкретный текст).
PRES_03eb8bb5cb,2021,2,Был ли Панчашихка Материалистом?,1,0.85,deepseek,Вопрос о материализме Панчашикхи — частный кейс (конкретный персонаж).
PRES_147c940250,2021,2,О манерах театральной игры: категория вритти в «Натьяшастре»,1,0.9,deepseek,Анализ категории вритти в Натьяшастре — частный кейс (конкретный термин в одном тексте).
PRES_19f9c5b8ab,2021,2,"Зеркало, конец иллюзии. Или как удовлетворить тайно влюбленную, касающуюся кувшинами грудей отражения возлюбленного. Учение об отражении в 3-й главе «Тантра-алоки» Абхинавагупты",1,0.9,deepseek,"Анализ учения об отражении в конкретном тексте Абхинавагупты, частный кейс."
PRES_213b0b1de9,2021,2,Пятнистый охотничий зверь индоевропейцев и «Атхарваведа» 19.49.4 (заметки об индоиранском бестиарии),1,0.85,deepseek,Заметки об индоиранском бестиарии на основе одного текста Атхарваведы.
PRES_27b1d377eb,2021,2,Особенности топонимов Западного края Китая（西域): лингвокультурный аспект,1,0.8,deepseek,"Лингвокультурный анализ топонимов Западного края Китая, частный кейс."
PRES_30d2bc26a5,2021,2,О роли змея (nāga) в вайшнавском культе раннего периода индуизма,1,0.85,deepseek,"Роль змея в вайшнавском культе раннего индуизма, частный кейс."
PRES_3c42887649,2021,2,Жизнь и реалии Кумаона в народных песнях-ньоли,1,0.85,deepseek,"Народные песни-ньоли Кумаона, частный кейс."
PRES_3eda18e9e8,2021,2,Визуальная поэзия или поэтический рисунок Рабиндраната Тагора: традиция каллиграфии и фигуры-лампы,1,0.85,deepseek,"Визуальная поэзия Рабиндраната Тагора, частный кейс."
PRES_4a38078432,2021,2,Панчатантра как шастра и как тантра,1,0.8,deepseek,"Панчатантра как шастра и как тантра, частный кейс."
PRES_5092113c15,2021,2,«Культурологический поворот» в исследованиях Ю.Н. Рериха и Л.Н. Гумилёва,1,0.9,deepseek_strict_scale_audit,"Заголовок '«Культурологический поворот» в исследованиях Ю.Н. Рериха и Л.Н. Гумилёва' сравнивает подходы двух конкретных исследователей, что является сопоставлением ограниченных объектов. Это L1."
PRES_5cc77e65a5,2021,2,Магические средства ведения войны на монголо-тибетском фронте,1,0.8,deepseek,"Магические средства ведения войны на монголо-тибетском фронте, частный кейс."
PRES_633cf7004a,2021,2,"Волосы Будды: паломнический и житийный нарратив, изобразительная традиция",1,0.85,deepseek,"Волосы Будды: паломнический нарратив и изобразительная традиция, частный кейс."
PRES_646140769f,2021,2,"Эпитет, образ, мотив в средневековой поэзии бхакти",1,0.85,deepseek,"Эпитет, образ, мотив в средневековой поэзии бхакти, частный кейс."
PRES_68f68e8947,2021,2,Прагматика перечней в эпиграфическом тексте (к открытию надписей брахми III–II вв. до н.э. в Центральной Индии),1,0.9,deepseek,Частный кейс: прагматика перечней в эпиграфике на примере конкретных надписей.
PRES_69e4c50d4d,2021,2,"(НИ, Москва). Сура (surā) в ведийских ритуалах Ваджапея и Саутрамани",1,0.9,deepseek,"Сура в ведийских ритуалах Ваджапея и Саутрамани, частный кейс."
PRES_71a1ef7771,2021,2,Особенности представлений о творении вселенной и ее истории в пуранах,2,0.8,deepseek_strict_scale_audit,Заголовок 'Особенности представлений о творении вселенной и ее истории в пуранах' обещает обобщение о целом классе текстов (пураны) и их космологических представлениях. Это L2.
PRES_74f0b9dbb8,2021,2,Любовные и религиозные мотивы в средневековой тамильской поэме «Тирукковейар» Маниккавасахара,1,0.85,deepseek,"Любовные и религиозные мотивы в тамильской поэме, частный кейс."
PRES_7921400a74,2021,2,Зороастрийский культ огня и ритуалы парсов Индии,1,0.8,deepseek,"Зороастрийский культ огня и ритуалы парсов, частный кейс."
PRES_79e743c4be,2021,2,Танец суфийских дервишейволчков ритуала «сама» и сакральный «танец вихря» (fr. dance vertige) «Мистерии» А.Н. Скрябина,1,0.8,deepseek,"Сравнение танца суфийских дервишей и сакрального танца Скрябина, частный кейс."
PRES_94db424895,2021,2,Вклад Ю.Н. Рериха в формирование «транскультурного пространства» Калимпонга (1950-е гг. ХХ в.),1,0.85,deepseek,"Вклад Рериха в формирование транскультурного пространства Калимпонга, частный кейс."
PRES_965ca3fc2b,2021,2,Предварительные замечания к проблеме речевого сбоя в древнеиндийской теории драмы,1,0.8,deepseek,"Проблема речевого сбоя в древнеиндийской теории драмы, частный кейс."
PRES_9d2b60c41e,2021,2,Вклад Ю.Н. Рериха в развитие тибетского языкознания,1,0.85,deepseek,"Вклад Рериха в развитие тибетского языкознания, частный кейс."
PRES_9dae5c811e,2021,2,Захват джунгарами Тибета в 1717 г,1,0.9,deepseek,Конкретное историческое событие (захват Тибета джунгарами в 1717 г.)
PRES_a12fd2f1ff,2021,2,Астрологические манускрипты на танкри из коллекции Кхубрама Кхушдиля (Химачал-Прадеш): особенности текстов и датировка,1,0.9,deepseek,Частный кейс: описание и датировка конкретных манускриптов.
PRES_a525a168ab,2021,2,Эволюция струнного музыкального инструмента вины на материале скульптуры пещерных храмов южной Индии (I–X вв.),1,0.9,deepseek,Эволюция конкретного инструмента на материале скульптуры
PRES_a8e1d07658,2021,2,"Скифский язык, топонимы Скифии и Центральной Азии, индоевропейские языки: культурные заимствования из Индии и культур древнего Понта Эвксинского",3,0.9,deepseek_strict_scale_audit,"Заголовок 'Скифский язык, топонимы Скифии и Центральной Азии, индоевропейские языки: культурные заимствования из Индии и культур древнего Понта Эвксинского' явно заявляет глобальную сравнительную рамку, включающую несколько регионов и языковых семей, что соответствует L3."
PRES_a9dfccbed8,2021,2,Индийское царство и индийские диковины в средневековых ирландских рукописях XV в. «Романа об Александре»,1,0.9,deepseek,Частный кейс: анализ образа Индии в конкретных ирландских рукописях.
PRES_b0a4a6a4a5,2021,2,О буддологии в тексте Abhisamayālaṅkāra (тиб. Mngon rtogs rgyan),1,0.9,deepseek,Конкретный текст Abhisamayālaṅkāra
PRES_c193a1cc2e,2021,2,Мотивационные доминанты как «система ожидания» в санскритском и палийском повествовании,2,0.8,deepseek_strict_scale_audit,Заголовок 'Мотивационные доминанты как «система ожидания» в санскритском и палийском повествовании' обещает обобщение о повествовательных традициях двух крупных корпусов текстов (санскритский и палийский). Это L2.
PRES_d1d14a99b1,2021,2,«История Тирумулара»: биография бхакта и биография сиддха,1,0.9,deepseek,Конкретная биография Тирумулара
PRES_d8f0fef90a,2021,2,Образы бодхисаттвы Авалокитешвары в коллекции Кабинета Рериха: Авалокитешвара – податель прозрения,1,0.9,deepseek,Конкретные образы из коллекции Кабинета Рериха
PRES_d94f99723b,2021,2,Ю.М. Парфионович: штрихи жизненного пути. Парфионович – продолжатель исследований Ю.Н. Рериха в области тибетологии. Совместная деятельность Ю.М. Парфионовича и В. С. Дылыковой по изучению и переводу «Калачакра-тантры». И.В. Григорьев. Ю.М. Парфионович и будущее отечественной буддологии,1,0.9,deepseek,Биография конкретного учёного и его вклад
PRES_e2a4694725,2021,2,Начало гирлянды. Первые известные серии миниатюр рагамала,1,0.9,deepseek,Первые известные серии миниатюр рагамала
PRES_035e8c0d7a,2022,1,Интерпретация фахверковой архитектуры Индии,1,0.85,deepseek,"Интерпретация фахверковой архитектуры — частный кейс, L1."
PRES_09117ff2c4,2022,1,"Рамаитская поэзия Айодхьи XIX-XX вв.: образы, смыслы и подходы к переводу на русский язык",1,0.9,deepseek,"Рамаитская поэзия Айодхьи — частный корпус, L1."
PRES_0e4355bd81,2022,1,"«Глупец», «Незнакомец», «Человек-эпоха»: три ипостаси князя Мышкина в индийском кинематографе",1,0.85,deepseek,"Три ипостаси князя Мышкина в индийском кинематографе — частный кейс, L1."
PRES_15b9f1549c,2022,1,Проблема зла и концепция лилавады в кашмирском шиваизме,2,0.9,deepseek_strict_scale_audit,"Рассмотрение проблемы зла и концепции лилавады в рамках целой традиции кашмирского шиваизма — обобщение уровня традиции, L2."
PRES_1bc9e61177,2022,1,"Ведийское vrā́- «барышня» (?): Этимология, семантика, контекст.*",1,0.9,deepseek,Этимология одного слова — L1.
PRES_1e3039b022,2022,1,Кришнаитские коды проповеди северо-индийского бхакти,2,0.9,deepseek_strict_scale_audit,"Кришнаитские коды проповеди северо-индийского бхакти — обобщение в рамках традиции, L2."
PRES_25c8bcbe7f,2022,1,"Мангала: поэзия, ритуал или йогическая практика?",1,0.85,deepseek,"Мангала: поэзия, ритуал или йогическая практика? — частный жанр, L1."
PRES_2b869fa264,2022,1,Западная философия и восточная медитация в учении Ошо Раджниша.*,2,0.9,deepseek_strict_scale_audit,"Учение Ошо как синтез западной философии и восточной медитации — обобщение уровня традиции, L2."
PRES_2f90c4aa20,2022,1,Живое древо религий М. К. Ганди.*,1,0.9,deepseek_strict_scale_audit,"Заголовок 'Живое древо религий М. К. Ганди' фокусируется на религиозных взглядах одного конкретного мыслителя (Ганди), что является конкретным сюжетом. Это L1."
PRES_31feb73475,2022,1,Буддийский Ренессанс в Южной Азии конец XIX – сер. XX века: история и перспективы,2,0.9,deepseek_strict_scale_audit,"Заголовок 'Буддийский Ренессанс в Южной Азии конец XIX – сер. XX века: история и перспективы' описывает исторический обзор одного региона (Южная Азия) и одной традиции (буддизм). Согласно инструкции, это L2, так как нет внешней сравнительной рамки."
PRES_386eb26ca7,2022,1,О сюжетах по джатаке Махаджанака в сингальской коллекции МАЭ,1,0.9,deepseek,"Сюжеты по джатаке в сингальской коллекции — частный корпус, L1."
PRES_3b39eca1f6,2022,1,"Брахман в ""Абхидхармакошабхашье"" Васубандху",1,0.9,deepseek,"Рассмотрение термина 'брахман' в одном тексте Васубандху, частный кейс."
PRES_4bf8032309,2022,1,Теоморфные образы варн санскрита в контексте индуистской тантры,1,0.85,deepseek,"Теоморфные образы варн санскрита в тантре — частная тема, L1."
PRES_4e66bce058,2022,1,Приветственное слово директора ИВР РАН,1,0.9,deepseek,"Приветственное слово, не содержит исследовательского содержания"
PRES_4ffed3b1f3,2022,1,Комментарий к коренной мантре Ваджракилаи,1,0.8,deepseek,"Комментарий к конкретной мантре, частный кейс"
PRES_51d1870035,2022,1,Фольклор европейских рома (цыган) и мифы индийских племен,2,0.8,deepseek_strict_scale_audit,"Заголовок 'Фольклор европейских рома (цыган) и мифы индийских племен' обещает сравнение двух традиций (фольклор цыган и мифы индийских племен), что является обобщением уровня традиции. Это L2."
PRES_5905b3f56d,2022,1,Отличительные особенности и характерные черты индийских мифологических сериалов на сюжет,2,0.8,deepseek_strict_scale_audit,Заголовок 'Отличительные особенности и характерные черты индийских мифологических сериалов на сюжет' обещает обобщение о целом жанре (индийские мифологические сериалы). Это L2.
PRES_5ee94fed7d,2022,1,Ритуальный комплекс похоронных обрядов в неварском буддизме*,1,0.8,deepseek,Описание конкретного ритуального комплекса в одной традиции
PRES_6f1f055a72,2022,1,Этапы развития тамильского языкового пуризма,2,0.9,deepseek_strict_scale_audit,"Этапы развития тамильского языкового пуризма — процесс уровня традиции, L2."
PRES_73b3579e1f,2022,1,"Сура vs. сома в жертвоприношении Саутрамани: мифы, ритуальные действия, мантры*",1,0.8,deepseek,"Сравнение двух элементов в одном ритуале, частный кейс"
PRES_7554428046,2022,1,Правило lopa в грамматике Панини,1,0.9,deepseek,Конкретное правило грамматики Панини
PRES_76a1404370,2022,1,"Диалектологическое исследование языка куллуи (< химачали): задачи, методика, результаты",1,0.8,deepseek,"Диалектологическое исследование одного языка, частный кейс"
PRES_7ea08762c7,2022,1,Буддизм и война: исторический обзор,2,0.9,deepseek_strict_scale_audit,"Заголовок 'Буддизм и война: исторический обзор' описывает исторический обзор одной традиции (буддизм) в отношении одной темы (война). Согласно инструкции, обзор одной традиции остается L2, даже если охватывает длительное время. Это L2."
PRES_91e05db3cc,2022,1,Enjambement в поэзии Бхартрихари,1,0.8,deepseek,Анализ одного поэтического приема у одного автора
PRES_930a4d9f79,2022,1,История Индии в философской интерпретации Свами Вивекананды.*,1,0.85,deepseek_strict_scale_audit,"Заголовок указывает на интерпретацию истории Индии одним мыслителем (Свами Вивекананда), что является частным кейсом, а не обобщением целой традиции или школы. Уровень L1."
PRES_a14ab8e9af,2022,1,Образ птицы чатаки в поэзии бенгальских вайшнавов (на примере Рупы Госвамина)*,1,0.8,deepseek,"Образ птицы в поэзии конкретной традиции, частный кейс"
PRES_a274e74952,2022,1,Вклад Ю.В. Кнорозова в исследование протоиндийских текстов. К 100-летию со дня рождения,1,0.8,deepseek,Вклад одного ученого в исследование конкретных текстов
PRES_adbfa0677c,2022,1,К пониманию бхаваны в пурва-мимансе,1,0.8,deepseek,"Понимание одного термина в одной школе, частный кейс"
PRES_ade0ab345b,2022,1,"""Бхагавата мела натакам"": театр и ритуал в деревне Мелаттур (Тамилнад)",1,0.8,deepseek,Конкретная театральная традиция в одной деревне
PRES_af185dfb85,2022,1,"К анализу устройства «Шрибхашья» Рамануджи: содержание, композиция, стиль",1,0.8,deepseek,"Анализ устройства одного текста, частный кейс"
PRES_af28da8f44,2022,1,Смысл и понимание войны в средневековой Южной Индии (поэма Джаянкондара «Парани о войне в Калинге»),1,0.8,deepseek_strict_scale_audit,"Обобщение о понимании войны в средневековой Южной Индии на основе одной поэмы — это частный случай, а не региональный процесс. Уровень L1."
PRES_b04a3d7ab8,2022,1,Неатрибутированный санскритский фрагмент SI 3480 из Сериндийского фонда ИВР РАН,1,0.9,deepseek,"Конкретный кейс: атрибуция одного фрагмента, уровень L1."
PRES_b948e24a8b,2022,1,«Бахиранга-парибхаша»: последнее слово за Нагоджибхаттой или Бронкхорстом?,1,0.8,deepseek,"Обсуждение авторства одного текста, частный кейс"
PRES_bac74e92f1,2022,1,К авестийско-ведийским параллелям о собаке,1,0.8,deepseek,"Параллели о собаке, частное сравнение"
PRES_bca4742011,2022,1,"""Нисхождение в образе рыбы"": сказание фольклорной традиции пастухов-голла",1,0.8,deepseek,"Сказание одной фольклорной традиции, частный кейс"
PRES_be992f88b7,2022,1,Новый роман Салмана Рушди «Кишот» и его индийская составляющая,1,0.9,deepseek,Анализ одного романа и его индийских элементов
PRES_bf6d7d426f,2022,1,Особенности тантрического аскетизма,2,0.8,deepseek_strict_scale_audit,Заголовок 'Особенности тантрического аскетизма' обещает обобщение о целой традиции (тантрический аскетизм). Это L2.
PRES_c011ad4d77,2022,1,"Вьякарана: не  наука о языке, а методология синтеза речи (философский подход)",2,0.9,deepseek_strict_scale_audit,"Философский подход к Вьякаране как методологии синтеза речи — обобщение уровня традиции, L2."
PRES_c263466620,2022,1,Коммуникативный дискурс трактата «Таттвасанграха»,1,0.9,deepseek,Анализ коммуникативного дискурса одного трактата
PRES_c6ce1e5635,2022,1,Женщины-гуру в текстах индуистского тантризма*,2,0.9,deepseek_strict_scale_audit,"Тема женщин-гуру в текстах индуистского тантризма — обобщение в рамках целой традиции, L2."
PRES_ca45861a41,2022,1,Мотив царской процессии в жизнеописаниях Будды,1,0.9,deepseek,Анализ мотива царской процессии в жизнеописаниях Будды — частный кейс.
PRES_dd83edf2e6,2022,1,Формирование понятия пустоты в ранней махаяне,2,0.8,deepseek_strict_scale_audit,Заголовок 'Формирование понятия пустоты в ранней махаяне' обещает обобщение о развитии ключевого понятия в целой традиции (ранняя махаяна). Это L2.
PRES_e3b0743d31,2022,1,Томас Рис-Дэвидс как основатель Pali Text Society,1,0.9,deepseek,Биография основателя Pali Text Society — частный кейс.
PRES_e861b67836,2022,1,Вивекананда и его учителя: преемственность религиозно-философских взглядов,1,0.85,deepseek,Преемственность взглядов Вивекананды и его учителей
PRES_e9e8585e26,2022,1,Загадка саммелана-янтры в «Куньджитангхриставе» Умапати Шивачарьи,1,0.9,deepseek,Анализ загадки саммелана-янтры в одном тексте
PRES_f0a33838be,2022,1,«Барахмах» Нанака и дискуссия о реформе сикхского календаря,1,0.9,deepseek,Дискуссия о реформе календаря на основе текста Нанака
PRES_f64c88ae5a,2022,1,Многообразие форм Шивы на примере коллекции Государственного музея истории религии,1,0.9,deepseek,Многообразие форм Шивы на примере одной коллекции
PRES_fb1f237dc7,2022,1,Чайтья в трех версиях «Лалитавистары»: взаимодействие текста и паломнической традиции,1,0.9,deepseek,Сравнение чайтьи в трех версиях одного текста — частный кейс.
PRES_19464a9a79,2022,2,Связка текст-смысл-мышление в «Артхашастре» Каутильи: уникальность и стандартность,1,0.9,deepseek,Анализ связки текст-смысл-мышление в одном тексте — частный кейс.
PRES_224b938159,2022,2,Учение о цвете Ксенократа Сикионского и теория цвето-культурной компетенции чхави Древней Индии,2,0.9,deepseek_strict_scale_audit,"Сравнение учения о цвете Ксенократа и теории чхави Древней Индии — обобщение межкультурного уровня, L2."
PRES_231441bfe0,2022,2,Некоторые особенности культа Белого старца в Сиккиме. (доклад онлайн),1,0.9,deepseek,"Частный случай культа в Сиккиме, современный период, полевые данные."
PRES_27a371b83b,2022,2,О предельном предмете в «Парамартхасаре» Абхинавагупты,1,0.9,deepseek,"Анализ одного текста Абхинавагупты, классический период."
PRES_3713c953c3,2022,2,Этимологическая классификация лексики в индийской и европейской грамматической традиции на примере языка куллуи,2,0.9,deepseek_strict_scale_audit,"Сравнение двух традиций на примере одного языка — обобщение уровня традиций, L2."
PRES_40bcedce59,2022,2,К вопросу о русском переводе «Мимансакапарикальпита-атма-парикши» «Таттва-санграхи» Шантаракшиты с комментарием Камалашилы «Панджика»,1,0.9,deepseek,Частный вопрос перевода конкретного текста.
PRES_5528877ed4,2022,2,Композиция «Апастамба-шраутасутры»: базовые ритуалы (prakṛti) и их модификации (vikṛti),1,0.9,deepseek,"Анализ композиции одной сутры, ведийский период."
PRES_6639f5e148,2022,2,К реконструкции языковых контактов в области Шангшунг в дотибетскую эпоху,1,0.85,deepseek,"Реконструкция контактов в конкретном регионе, дотибетская эпоха."
PRES_6c278c000a,2022,2,Несколько замечаний о введении и первой части «Тирумантирама»,1,0.9,deepseek,Замечания о введении и первой части одного текста.
PRES_6db1d38cf2,2022,2,"Трактат Марко Паллиса, предостерегающий Тибет о последствиях Кали-юги (об атрибутировании и содержании тибетского ксилографа из Архива музея Рерихов (Филиал Государственного музея Востока))",1,0.9,deepseek,Атрибуция и содержание одного ксилографа из архива.
PRES_73ff9d211a,2022,2,Тригата в «Натьяшастре»: религиозное и символическое значение,1,0.9,deepseek,Анализ одного термина в одном тексте.
PRES_787181142c,2022,2,Сообщение о смерти Чингис-хана в русских летописях,1,0.9,deepseek,"Сообщение в русских летописях, частный сюжет."
PRES_88384d600b,2022,2,Представления о времени и пространстве в «Прета-канде» «Гаруда-пураны»,1,0.9,deepseek,"Представления в одной пуране, частный текст."
PRES_8bce4f930d,2022,2,Дарджилингский период в научной карьере Ю.Н. Рериха,1,0.9,deepseek,"Период в карьере одного учёного, частный случай."
PRES_8ca083b138,2022,2,Памятные даты – стимул к новым поискам: 150 лет со дня рождения Павла Риттера и 120 лет со дня рождения Юрия Рериха. (доклад онлайн),1,0.85,deepseek,"Памятные даты как стимул к поискам, частные персоналии."
PRES_b7e8bb27cc,2022,2,«Жизнь Будды» Ашвагхоши и Серебряный век русской культуры,2,0.9,deepseek_strict_scale_audit,"Связь текста Ашвагхоши с целым культурным периодом (Серебряный век) — обобщение, L2."
PRES_bab6fc9b5c,2022,2,Немногие сведения о Нилакантхадикшитеграмматисте,1,0.9,deepseek,"Сведения об одном грамматисте, частный случай."
PRES_beed481e92,2022,2,Недосказанность/прерванность речи в классической санскритской драме,2,0.9,deepseek_strict_scale_audit,"Явление в классической санскритской драме в целом — обобщение, L2."
PRES_c4a37b0299,2022,2,Священные зороастрийские тексты и переписка парсийских жрецов с зороастрийскими жрецами Ирана,1,0.85,deepseek,"Конкретные тексты и переписка, частный сюжет."
PRES_c7dde9eafd,2022,2,Лексикализация дезидератива в классическом санскрите,1,0.9,deepseek,"Лексикализация дезидератива в классическом санскрите, частное явление."
PRES_cc6f3afab6,2022,2,«Стела монастыря Шакья 释迦院碑» 1257 г. в Монголии – изучение и анализ текста,1,0.9,deepseek,"Изучение и анализ текста одной стелы, частный случай."
PRES_d8ca534401,2022,2,Рецепция тантрического текста в совеременной культуре: случай Аллена Гинзберга,1,0.9,deepseek,"Рецепция одного текста в творчестве одного поэта, частный случай."
PRES_e6909d6386,2022,2,Философия и практики самоповреждающего поведения в тамильском бхакти (доклад онлайн),1,0.9,deepseek,"Конкретный кейс: практики самоповреждающего поведения в тамильском бхакти, один регион и традиция."
PRES_ea72ffeb6f,2022,2,Стилистика Амаравати и поэтика «Лалитавистары»,1,0.85,deepseek,"Сравнение стилистики Амаравати и поэтики конкретного текста, частный кейс."
PRES_f0ebf6d248,2022,2,Проявление чувств в лирике кришнаитского бхакти XVI в,1,0.9,deepseek,"Анализ проявления чувств в лирике кришнаитского бхакти XVI века, конкретный жанр и период."
PRES_f6fa058fc3,2022,2,Полисемия в области терминологии родства – дравидийские и индоарийские языки,2,0.9,deepseek_strict_scale_audit,"Обобщение по полисемии в терминологии родства в двух языковых семьях — уровень традиции, L2."
PRES_04610344c1,2023,1,Вспомнить все: ганджифа и забытая карточная игра «Сидаста» из коллекции А.М. и Л.А. Мервартов,1,0.9,deepseek,Забытая карточная игра из коллекции Мервартов
PRES_15d3fb6de7,2023,1,Склонность к конфликтам в образе Махакашьяпы в буддийских канонических текстах,1,0.9,deepseek,"Склонность к конфликтам в образе Махакашьяпы в буддийских канонических текстах, конкретный персонаж и корпус."
PRES_15d62b4d73,2023,1,Надписи на медных предметах протоиндийской письменностью,1,0.9,deepseek,Надписи на медных предметах протоиндийской письменностью
PRES_1908d7b36f,2023,1,Мотивы «Сказания о Джаландхаре в «Падма-пуране»,1,0.9,deepseek,Мотивы сказания в одной пуране
PRES_1b31b33d7d,2023,1,"Падаяни, мудиетту, тиятту: ритуальные исполнительские традиции центральной Кералы",2,0.9,deepseek_strict_scale_audit,"Заголовок 'Падаяни, мудиетту, тиятту: ритуальные исполнительские традиции центральной Кералы' — обзор ритуальных традиций одного региона, что соответствует L2."
PRES_1b5173b389,2023,1,Кукольный театр Западной Бенгалии,1,0.9,deepseek,Кукольный театр Западной Бенгалии как локальная традиция
PRES_35bfe9a087,2023,1,Поздний Р.Тагор и «Бхагавадгита»: переосмысляя концепцию о долге,1,0.9,deepseek,Переосмысление концепции долга Тагором через Бхагавадгиту
PRES_480255fc60,2023,1,"В поисках современного подхода к прозе Премчанда.Коровина Евгения Владимировна, Ренковская Евгения Алексеевна (Москва). Экспедиция к памятникам протоиндийской цивилизации на территории Индии",1,0.9,deepseek,Экспедиция к памятникам протоиндийской цивилизации
PRES_4d78ade780,2023,1,Научные связи Ф.И.Щербатского с британскими востоковедами в 1930-е гг,1,0.9,deepseek,Научные связи Щербатского с британскими востоковедами
PRES_4de09c27d6,2023,1,О не-волшебной помощнице в сказках парья: вариант фольклорного мотива,1,0.85,deepseek,"О не-волшебной помощнице в сказках парья, конкретный фольклорный мотив."
PRES_53e2fda5cf,2023,1,Философская компаративистика В. Хальбфасса,1,0.9,deepseek_strict_scale_audit,"Заголовок обещает обобщение о философской компаративистике конкретного автора (В. Хальбфасс). Хотя это направление, фокус на одном авторе делает его L1."
PRES_54f46089cf,2023,1,Проблема интерпретации действия в комментарии Шанкары на Бхагавадгиту,1,0.9,deepseek,Интерпретация действия в комментарии Шанкары на Бхагавадгиту
PRES_5e77c810ef,2023,1,Сотериологический ракурс «йогического суицида» (utkrānti) в традиционной индуистской йоге и тантре,2,0.9,deepseek_strict_scale_audit,"Заголовок 'Сотериологический ракурс «йогического суицида» (utkrānti) в традиционной индуистской йоге и тантре' — обобщение в рамках традиции, что соответствует L2."
PRES_5f75a74856,2023,1,Об особенностях индийской философии на основе южноазиатской схемы рациональности,3,0.9,deepseek_strict_scale_audit,"Об особенностях индийской философии на основе южноазиатской схемы рациональности — глобальная рамка, L3."
PRES_610b03d2ff,2023,1,Политик читает и пересказывает эпос. «Рамаяна» и «Махабхарата» в переложении Чакраварти Раджагопалачари,1,0.9,deepseek,Конкретный случай переложения эпосов одним автором.
PRES_611497ab1e,2023,1,Почему Брахман наделен природой звука (шабда-таттва)?,1,0.9,deepseek,"Вопрос о природе Брахмана как звука — философский, уровень частного концепта."
PRES_62b9cf0c5b,2023,1,Мантры в ведийских шраута-ритуалах.,1,0.95,deepseek,"Мантры в ведийских ритуалах — конкретный класс явлений, но без обобщения."
PRES_62dd6c8e04,2023,1,Средний залог в санскрите. К семантике категории,1,0.9,deepseek,Частное грамматическое явление в санскрите.
PRES_7562109f6c,2023,1,Найти нормативную этику в традиционных текстах: сверхзадача и её решение мыслителями Бенгальского Возрождения.,2,0.9,deepseek_strict_scale_audit,"Поиск нормативной этики в традиционных текстах мыслителями Бенгальского Возрождения — обобщение на уровне школы, L2."
PRES_787b14a0e0,2023,1,Переоценка различных методологических подходов по исследованию индийской философии: по следам книги В. Адлури и Д. Багчи «The Nay Science: A History of German Indology»,3,0.9,deepseek_strict_scale_audit,"Переоценка методологических подходов к индийской философии — глобальная методологическая рамка, L3."
PRES_791395e4f3,2023,1,Female-Mystic in Medieval Tamil Literature and Early Sufism: Structural Similarity of Images,2,0.9,deepseek_strict_scale_audit,"Сравнение образов женщин-мистиков в тамильской литературе и суфизме — обобщение на уровне традиций, L2."
PRES_79ea256d20,2023,1,Коллекция тамильских рукописей М.С. Андреева из Индийского фонда ИВР РАН,1,0.9,deepseek,Конкретная коллекция рукописей.
PRES_83af4f8905,2023,1,Коллекция № ВХ ЭФЗК 495 для МАЭ (состав и значение),1,0.9,deepseek,Конкретная коллекция МАЭ.
PRES_8cdd12fd64,2023,1,Тема угона скота (veṭci) в древнетамильской поэзии и литературной теории,1,0.9,deepseek,Частная тема в древнетамильской поэзии.
PRES_8f6dd21bfb,2023,1,Ритуальный комплекс родильных обрядов в неварском буддизме,1,0.9,deepseek,Конкретный ритуальный комплекс в неварском буддизме.
PRES_93486d23e6,2023,1,Древнеиндийская ономастика в «Вишнусахасранаме»,1,0.9,deepseek,Частное ономастическое исследование одного текста.
PRES_97985deb72,2023,1,Драма как категория и жанр в древнеиндийской поэтике,2,0.9,deepseek_strict_scale_audit,"Обобщение о категории и жанре в целой традиции древнеиндийской поэтики, L2."
PRES_98d82c72fc,2023,1,«Юга-пурана» как исторический источник,1,0.9,deepseek,Конкретный текст как исторический источник.
PRES_9c5aa5f208,2023,1,Анализ аморальных поступков в «Абхидхармакоше» Васубандху,1,0.9,deepseek,Анализ конкретного текста Васубандху.
PRES_9d14455fc4,2023,1,"«Брахма-стути» из «Бхушунди Рамаяны»: текстология, смыслы, параллели",1,0.9,deepseek,Текстология одного гимна из Рамаяны — частный кейс.
PRES_a2a302da68,2023,1,Антропология индийской куклы: контексты и ракурсы,2,0.8,deepseek_strict_scale_audit,"Заголовок обещает обобщение об антропологии куклы в индийском контексте, что является обобщением о целой традиции (индийская кукла). L2 верен."
PRES_a2f899084b,2023,1,К вопросу об истинности в пурва-мимансе,1,0.9,deepseek,Частный вопрос об истинности в пурва-мимансе.
PRES_a7dd3734a8,2023,1,О возможности передачи санскритских стихотворных размеров в русских переводах,1,0.9,deepseek,Конкретная проблема передачи размеров в переводах.
PRES_a857464651,2023,1,Россия и русские в произведениях Салмана Рушди,1,0.9,deepseek,Конкретная тема в творчестве одного автора.
PRES_abbc19de8a,2023,1,Типология индийских аскетов по санскритским источникам,2,0.9,deepseek_strict_scale_audit,"Типология аскетов по санскритским источникам — обобщение класса явлений, L2."
PRES_ba0c5adfc5,2023,1,Значения и функционирование лексемы ye в бенгальском языке,1,0.9,deepseek,Частное лексическое исследование бенгальского языка.
PRES_bfeac6bacd,2023,1,Дворец небесный и дворец земной: две схожие главы  «Лалитавистары» и их функциональная роль в общей композиции текста,1,0.9,deepseek,Две главы одного текста — частный кейс.
PRES_e3d0c6390b,2023,1,Трудности в изучении философского наследия Дигнаги: опыт переводчика и историка философии,1,0.9,deepseek,Опыт перевода и изучения конкретного философа.
PRES_e9b81b8275,2023,1,"Скульптура Нритья Шивы из храма Мандапешвара в Мумбаи. Стиль, иконография, аналогии",1,0.9,deepseek,"Конкретная скульптура из конкретного храма, стиль и иконография — частный кейс."
PRES_f51367fb8e,2023,1,"«… Есть некая рыба, которая чюдовидна имать»: возможные истоки и неочевидные связи одного композитного существа индийской миниатюры",1,0.85,deepseek,Одно композитное существо на миниатюре — частный кейс.
PRES_f66453165e,2023,1,Этнографические сборы В.И. Липского на Цейлоне в начале XX в,1,0.9,deepseek,Конкретная экспедиция и сборы — частный кейс.
PRES_fa4495621c,2023,1,«Моя мать и твоя мать – какая родня?» Об обозначениях братьев и сестер и возможностях прадравидийской реконструкции,2,0.9,deepseek_strict_scale_audit,"Прадравидийская реконструкция — обобщение уровня языковой семьи, L2."
PRES_fedb65a96a,2023,1,Проповедь Личного Безличного Бога в учении Свами Вивекананды,1,0.85,deepseek,Учение конкретного мыслителя — частный кейс.
PRES_1654668dbb,2023,2,Словослияние в куллуи как способ словообразования,1,0.9,deepseek,Конкретное языковое явление в одном диалекте.
PRES_259ddc64ac,2023,2,Обсценная брань и её следы в РВ 10.10: возможна ли реконструкция текста?,1,0.9,deepseek,Анализ конкретного текста (РВ 10.10).
PRES_3b994db7ef,2023,2,Исследования древнеиндийских текстов как ключевое направление в ранней японской буддологии,2,0.8,deepseek_strict_scale_audit,"Заголовок обещает обобщение о направлении в японской буддологии (исследования древнеиндийских текстов). Это обобщение уровня традиции, L2 верен."
PRES_46cb67fd05,2023,2,Тексты праджняпарамиты в ойратской религиозной культуре и законоположениях,1,0.9,deepseek,Конкретные тексты в ойратской культуре.
PRES_481f966cc6,2023,2,"Karaṇīya-mettasutta – «Любовь всеобъемлющая», как императив, освобождающий от страданий сансары",1,0.9,deepseek,Анализ конкретного сутты.
PRES_48997b3d72,2023,2,Культ корзины в Древней Индии и смена религиозной парадигмы,2,0.8,deepseek_strict_scale_audit,"Заголовок обещает обобщение о культе корзины и смене религиозной парадигмы в Древней Индии. Это обобщение уровня традиции, L2 верен."
PRES_52333b1258,2023,2,Надписи на колонне Гелиодора,1,0.9,deepseek,Конкретный эпиграфический памятник.
PRES_8190c6779b,2023,2,Отражение монгольских имперских идей в средневековых вьетнамских источниках,1,0.9,deepseek,Конкретные источники по отражению идей.
PRES_87b3b9e9f4,2023,2,Несколько замечаний о Брахмане и сущем,1,0.85,deepseek,"Несколько замечаний о понятии, частный анализ."
PRES_89e97978bb,2023,2,Ритуал приема почетного гостя при жертвоприношениях сомы,1,0.9,deepseek,Конкретный ритуал.
PRES_8f4eeac42e,2023,2,Улан-Баторский период в научной карьере Ю.Н. Рериха. 1926-1927 годы,1,0.9,deepseek,Конкретный период в биографии учёного.
PRES_b1ae58819e,2023,2,Представление о годе в концепции времени пуран,1,0.85,deepseek,"Представление о годе в пуранах, частная тема."
PRES_b35fa99329,2023,2,О понятии «вкус» (rasa) в древнеиндийской традиции,1,0.85,deepseek,"О понятии «вкус» в древнеиндийской традиции, частное понятие."
PRES_b57a66fc22,2023,2,"Журнал “Stepping stones” – гималайская культура, буддизм и философия перенниализма сквозь призму взглядов европейских исследователей",2,0.8,deepseek_strict_scale_audit,"Заголовок обещает обобщение о гималайской культуре, буддизме и философии перенниализма через призму европейских исследователей. Хотя темы широки, рамка ограничена взглядами европейских исследователей, что не выводит на L3. L2 верен."
PRES_be1bdeb599,2023,2,«Не одне грандиозныя прелести Гималаев»: итоги путешествия И. П. Минаева в Кумаон (1875),1,0.9,deepseek,Конкретное путешествие И.П. Минаева в Кумаон (1875) — частный кейс.
PRES_e6073c947c,2023,2,Этимология и семантика цветообозначения «красный» в китайской культуре,1,0.9,deepseek,Этимология и семантика одного цветообозначения в китайской культуре — частный кейс.
PRES_edcdc9e33a,2023,2,Социоскрипторная ситуация в Древней Индии,2,0.8,deepseek_strict_scale_audit,"Заголовок обещает обобщение о социоскрипторной ситуации в Древней Индии. Это обобщение уровня целой традиции, L2 верен."
PRES_05b827a55e,2024,1,О терминологии ‘воды’ в космогонических гимнах Ригведы,1,0.9,deepseek,Терминология в конкретных гимнах — частный кейс.
PRES_079e007b21,2024,1,Поведенческие стереотипы сикхов,2,0.8,deepseek_strict_scale_audit,"Заголовок обещает обобщение о поведенческих стереотипах сикхов. Это обобщение уровня целой общины, L2 верен."
PRES_095045ced7,2024,1,От эпического предания до буддийского сказания и обратно: история Шьямы,1,0.9,deepseek,"История Шьямы — частный сюжет, прослеживаемый от эпоса до буддийского сказания."
PRES_0ee4f09fc9,2024,1,Четыре вида непосредственного восприятия в «Капле логики» Дхармакирти,1,0.9,deepseek,Четыре вида восприятия в одном тексте Дхармакирти — частный кейс.
PRES_16bca7ecfe,2024,1,Бодхисаттва — стрелок из лука. Буддийский сюжет и его аналоги,1,0.9,deepseek,Буддийский сюжет о бодхисаттве-стрелке и его аналоги — частный кейс.
PRES_19768a5d08,2024,1,Джайнские пещерные храмы Махараштры в контексте развития скальной архитектуры Индии,2,0.8,deepseek_strict_scale_audit,"Заголовок обещает обобщение о джайнских храмах в контексте развития скальной архитектуры Индии. Это обобщение уровня традиции, L2 верен."
PRES_2bda00f799,2024,1,Локальные варианты Дурга Пуджи в Колкате,1,0.85,deepseek,Локальные варианты праздника в одном городе — частный кейс.
PRES_2c2078bd62,2024,1,Суфизм в Индии: истоки и течения,2,0.8,deepseek_strict_scale_audit,"Заголовок обещает обобщение о суфизме в Индии (истоки и течения). Это обобщение уровня традиции, L2 верен."
PRES_2e44fd3b07,2024,1,Гадание о суженом по зеркалу в «Махабхарате»: индоиранский и индоевропейский фон,2,0.8,deepseek_strict_scale_audit,"Заголовок обещает обобщение о гадании в Махабхарате с индоиранским и индоевропейским фоном. Это сравнение традиций, но в рамках одного сюжета, что является L2."
PRES_36658fe404,2024,1,Переписка О.Н. Бетлингка по поводу Петербургских словарей и судьба лексикографа,1,0.9,deepseek,Переписка Бетлингка и судьба лексикографа — частный кейс.
PRES_4f524eafad,2024,1,Три системы бенгальского стихосложения,2,0.9,deepseek_strict_scale_audit,"Заголовок 'Три системы бенгальского стихосложения' — обобщение о системах стихосложения целого региона, что соответствует L2."
PRES_56fc72bc0c,2024,1,Телеологический аргумент в пользу существования Бога в учении Свами Вивекананды,1,0.9,deepseek,Телеологический аргумент в учении Свами Вивекананды — частный кейс.
PRES_5d7e0395b2,2024,1,Стадии пути к освобождению по «Найшкармья-сиддхи» (I.52) Сурешвары,1,0.9,deepseek,Анализ одного текста (Найшкармья-сиддхи) и конкретного пассажа
PRES_6024934b6c,2024,1,Монистический теизм (адвайта-ишваравада) Абхинавагупты в сопоставлении с ишваравадой адвайты Шанкары на материале их комментариев к «Бхагавадгите».,2,0.8,deepseek_strict_scale_audit,"Заголовок обещает сравнение двух философских систем (адвайта-ишваравада) на материале комментариев. Это обобщение уровня традиции, L2 верен."
PRES_61d9ee5a41,2024,1,Непальский монастырь Копан: встреча Востока и Запада,1,0.85,deepseek,Конкретный монастырь как место встречи культур — частный кейс.
PRES_65c736b410,2024,1,Ритуальные предметы и украшения в контексте обрядов жизненного цикла неваров. Онлайн,2,0.9,deepseek_strict_scale_audit,"Заголовок 'Ритуальные предметы и украшения в контексте обрядов жизненного цикла неваров' — обобщение традиции, что соответствует L2."
PRES_6816d52ddb,2024,1,"""Махабхарата"" как текст культурной памяти",2,0.8,deepseek_strict_scale_audit,"Заголовок обещает обобщение о роли Махабхараты как текста культурной памяти. Это обобщение уровня традиции, L2 верен."
PRES_696c63d93f,2024,1,Женские голоса в каввали: гендер и традиции,2,0.8,deepseek_strict_scale_audit,"Заголовок обещает обобщение о гендерном аспекте традиции каввали. Это обобщение уровня традиции, L2 верен."
PRES_6b13d39224,2024,1,Интерпретация эвтаназии в буддийской картине мира,2,0.8,deepseek_strict_scale_audit,"Заголовок обещает обобщение буддийской позиции по эвтаназии. Это обобщение уровня традиции, L2 верен."
PRES_6ea3ace365,2024,1,'Айодхья Махатмья'. Средневековый путеводитель по Айодхье и его топонимы на современной карте города,1,0.85,deepseek,Конкретный путеводитель и его топонимы — частный кейс.
PRES_751bd49b01,2024,1,Мадхупарка при жертвоприношениях сомы в ритуале Атитхьешти (ātithyeṣṭi),1,0.9,deepseek,Конкретный элемент ритуала — частный кейс.
PRES_8026de31fe,2024,1,"Литература хинди как предмет школьной программы в Индии: история куррикулума, ценности и цели обучения",2,0.8,deepseek_strict_scale_audit,"Заголовок обещает обобщение о литературе хинди как предмете школьной программы в Индии. Это обобщение уровня системы образования, L2 верен."
PRES_8410b1d47f,2024,1,Обоснование невозможности чувственного познания в «Прасаннападе» Чандракирти,1,0.9,deepseek,Анализ аргументации в одном тексте (Прасаннапада)
PRES_8ef9132d46,2024,1,Обряд панчамакара в каулических тантрах,1,0.9,deepseek,Обряд панчамакара в каулических тантрах - конкретный обряд
PRES_91ce32f17e,2024,1,Парадигмальное мышление брахманов. Связь философских универсалий и варно-кастовой системы в Индии,2,0.8,deepseek_strict_scale_audit,"Заголовок обещает связь философских универсалий и варно-кастовой системы в Индии. Хотя это широкая тема, она ограничена Индией, без внешней сравнительной рамки. L3 не обоснован, следует понизить до L2."
PRES_92abfea9fd,2024,1,Вредные существа и животные в авестийской и ведической традиции,2,0.8,deepseek_strict_scale_audit,"Заголовок обещает сравнение авестийской и ведической традиций по теме вредных существ. Это сравнение двух традиций, L2 верен."
PRES_963b9bd836,2024,1,Как лучше представить западному читателю историю индийской философии: размышление по поводу книги В. Эльтшингера и И. Ратье «Что такое индийская философия?»,2,0.8,deepseek_strict_scale_audit,"Заголовок обещает размышление о представлении истории индийской философии западному читателю. Хотя это методологическая рамка, она ограничена одной традицией (индийская философия) и одной книгой. L3 не обоснован, следует понизить до L2."
PRES_9c7e8b863d,2024,1,В.В. Верещагин и И.П. Минаев: русские путешественники в Гималаях,1,0.85,deepseek,Два конкретных путешественника — частный кейс.
PRES_a39bbb97f1,2024,1,Образ времени в поэзии Бхартрихари,1,0.9,deepseek,"Образ времени в поэзии Бхартрихари - один автор, один образ"
PRES_a501b6a2fb,2024,1,Воссоздавая историю древней Индии: исследовательский опыт Раджендролала Митро,1,0.85,deepseek,Исследовательский опыт конкретного учёного — частный кейс.
PRES_a6c3ed1331,2024,1,Сравнительный анализ космологических представлений на полях вишнуитской и джайнской «джняна чаупады» (игры знания) XVIII — XIX вв,2,0.9,deepseek_strict_scale_audit,"Заголовок 'Сравнительный анализ космологических представлений на полях вишнуитской и джайнской «джняна чаупады» (игры знания) XVIII — XIX вв' — сравнительный анализ двух традиций, что соответствует L2."
PRES_aad0fc574e,2024,1,Российская экспедиция в Ассам 1911-1912 гг,1,0.95,deepseek,"Конкретная экспедиция, частный кейс."
PRES_aec61fca00,2024,1,Онтология и сотериология «Ананда-сутр» П.Р. Саркара,1,0.85,deepseek,Анализ одного текста (Ананда-сутры) и его философских аспектов.
PRES_b02d534334,2024,1,Абхисамаяланкара как предмет буддийского образования,1,0.85,deepseek,Абхисамаяланкара как предмет буддийского образования - конкретный текст в образовательном контексте
PRES_b481edbec8,2024,1,Индийские корреспонденты Е.Е. Обермиллера,1,0.9,deepseek,Индийские корреспонденты Е.Е. Обермиллера - конкретная персоналия и архив
PRES_c8253960c0,2024,1,Проблема сознания в философии адвайта-веданты Сурешвары.,1,0.9,deepseek,"Проблема сознания у конкретного философа, частный кейс"
PRES_ccb5812059,2024,1,«Тень» Ситы и «призрак» Елены: две истории о похищенных жёнах,2,0.8,deepseek_strict_scale_audit,"Заголовок обещает сравнение двух сюжетов из разных традиций (Ситы и Елены). Это сравнение ограниченных объектов, L2 верен."
PRES_ce65708032,2024,1,«Город победы» Рушди —  ответ «Рамаяне» самого скандального автора 20 столетия,1,0.9,deepseek,"Сравнение одного романа с эпосом, частный кейс."
PRES_d717d5e2f7,2024,1,Преображение богини Кали: точка зрения «Маханирвана-тантры»,1,0.85,deepseek,Анализ точки зрения одной тантры на образ богини.
PRES_d75dd66eb2,2024,1,Рассказы для детей об аватарах Вишну,1,0.8,deepseek,Конкретный жанр (рассказы для детей) и тема (аватары).
PRES_dae77125cb,2024,1,Новые индоарийские этимологии лексики языка куллуи,1,0.9,deepseek,Этимологии конкретной лексики одного языка.
PRES_e5145aacfc,2024,1,Образы тигра и рыбы в бенгальской фразеологии,1,0.85,deepseek,Анализ образов во фразеологии одного региона.
PRES_e5697a4aaf,2024,1,Кула и кауладхарма: центральная универсалия индуистского тантризма.,2,0.9,deepseek_strict_scale_audit,"Заголовок заявляет 'центральную универсалию индуистского тантризма', что является обобщением уровня традиции (L2), а не глобальной или цивилизационной рамкой (L3)."
PRES_ea2d7c759c,2024,1,Был ли Бхартрихари сторонником шабда-адвайты?,1,0.9,deepseek,"Вопрос о позиции конкретного философа, частный кейс"
PRES_ec0380288a,2024,1,"Поэтическое представление о духовном и мирском благе в гимнах наянаров (сборник ""Деварам"")",1,0.9,deepseek,"Поэтическое представление в конкретном сборнике, частный кейс"
PRES_f010b17f2f,2024,1,"Бхеру-джи и мать Кали в деревенском Раджастхане: мифы, культ, фольклор",1,0.9,deepseek,Конкретное локальное исследование (деревенский Раджастхан).
PRES_f18f8d1465,2024,1,Модели интерпретации телесности в хатха-йоге,2,0.8,deepseek_strict_scale_audit,"Заголовок обещает обобщение о моделях интерпретации телесности в хатха-йоге. Это обобщение уровня традиции, L2 верен."
PRES_f49e034f4f,2024,1,Пенпавакутху: новая форма театра плоских фигур Кералы,1,0.9,deepseek,Конкретная форма театра в Керале.
PRES_f5d59da068,2024,1,“Чорджапод”: история и перспективы исследования,1,0.8,deepseek,История и перспективы исследования одного текста/жанра.
PRES_f7005c0259,2024,1,Бодхисаттва в образе пишачи: следы комической традиции в описании аскезы Гаутамы,1,0.9,deepseek,"Конкретный образ в описании аскезы, частный кейс"
PRES_f839fed528,2024,1,Несколько этимологий арготических слов среднеазиатских цыган на фоне дискуссий последнего полувека об истории цыган,1,0.85,deepseek,Этимологии конкретной группы слов.
PRES_ff586f57a2,2024,1,"Развертка, свертка и смысл в индийской философии",1,0.9,deepseek_strict_scale_audit,"Заголовок 'Развертка, свертка и смысл в индийской философии' не содержит явной цивилизационной или глобальной рамки. Это обсуждение концептов в рамках одной традиции (индийская философия), что соответствует L1."
PRES_04be156989,2024,2,Принципы построения верениц древнеиндийских имён в «Вишнусахасранаме» («Махабхарата» XII.135),1,0.9,deepseek,"Принципы построения верениц имён в конкретном тексте, частный кейс"
PRES_05234eac69,2024,2,Похищение и возвращение жён в древнеиндийском эпосе и параллели в древнегреческих сюжетах,2,0.95,deepseek_strict_scale_audit,"Заголовок явно обещает сравнение сюжетов из двух разных традиций (древнеиндийский эпос и древнегреческие сюжеты), что является обобщением уровня мотива и выходит за рамки одного локального сюжета. Соответствует L2."
PRES_1e29140cc1,2024,2,Планиметрические модели тела человека в санскритских трактатах по искусству и в стенописи Аджанты,2,0.9,deepseek_strict_scale_audit,"Заголовок обещает обобщение о планиметрических моделях в санскритских трактатах и стенописи Аджанты, что охватывает целую традицию (санскритские трактаты по искусству) и конкретный памятник. Это обобщение уровня традиции, L2."
PRES_28cd0cf2d2,2024,2,Ирония в пьесе Ватсараджи «Киратарджуния» (XII в.),1,0.9,deepseek,"Ирония в конкретной пьесе, частный кейс"
PRES_2d53080efa,2024,2,Некоторые тхангка из коллекции Ю.Н. Рериха (Новые исследования),1,0.9,deepseek,"Конкретные тхангка из коллекции, частный кейс"
PRES_3262a00942,2024,2,Ю.Н. Рерих о происхождении монгольской письменности,1,0.9,deepseek,Частный кейс: взгляд Ю.Н. Рериха на происхождение монгольской письменности.
PRES_3fc20c5385,2024,2,"Культ корзины у гондов, джайнская икона аягапатта и буддийский алтарь: еще раз о смене религиозной парадигмы в Древней Индии",2,0.9,deepseek_strict_scale_audit,"Заголовок сравнивает три явления (культ корзины, аягапатта, алтарь) для вывода о смене религиозной парадигмы в Древней Индии. Это обобщение уровня традиции (Древняя Индия), L2."
PRES_423a77f362,2024,2,Этимология и семантика цветообозначения «черный» в культуре Китая,1,0.9,deepseek,Частный кейс: этимология и семантика одного цветообозначения в одной культуре.
PRES_48742ecace,2024,2,Индийские классификации: принципы различения поэтических украшений (аланкар),2,0.9,deepseek_strict_scale_audit,"Заголовок обещает обобщение принципов различения поэтических украшений в индийских классификациях, что охватывает целую традицию (индийские классификации аланкар). L2."
PRES_55975781a7,2024,2,К проблеме происхождения варны кшатриев: культ воинской элиты в индоарийской традиции (по данным археологии и петроглифики),2,0.9,deepseek_strict_scale_audit,"Заголовок обещает обобщение о происхождении варны кшатриев с привлечением археологии и петроглифики, что является обобщением уровня традиции (индоарийская традиция). L2."
PRES_7522e9718b,2024,2,Многообразие культурных традиций и влияний в средневековой Индии: от династий до социальных изменений,2,0.9,deepseek_strict_scale_audit,"Заголовок 'Многообразие культурных традиций и влияний в средневековой Индии' описывает обзор одной традиции (средневековая Индия) без внешней сравнительной рамки. Это L2, а не L3."
PRES_7582592a44,2024,2,Новый поворот традиции шраута: Сагничит Трисахасра Атиратра Сомаяга 2024 в Западной Бенгалии,1,0.9,deepseek,Частный кейс: конкретная сомаяга 2024 года в Западной Бенгалии.
PRES_89de2df795,2024,2,О нарративной символике бронзовой фигурки танцующего Бала-Кришны,1,0.9,deepseek,Частный кейс: нарративная символика одной бронзовой фигурки.
PRES_956af043cd,2024,2,Посох Чанакьи,1,0.8,deepseek,"Частный кейс: посох Чанакьи (вероятно, конкретный артефакт или текст)."
PRES_959566c64e,2024,2,Обряды «жизненного цикла» скульптуры по материалам пуран,2,0.9,deepseek_strict_scale_audit,"Заголовок обещает обобщение об обрядах 'жизненного цикла' скульптуры по материалам пуран, что охватывает целую традицию (пураны). L2."
PRES_9c0c80bea0,2024,2,"Традиционные индийские классификации: образцовые, удобные, проблематичные",2,0.9,deepseek_strict_scale_audit,"Заголовок обещает обобщение о традиционных индийских классификациях, что является обобщением уровня традиции. L2."
PRES_9c6f0c2111,2024,2,Буддизм в Восточном Туркестане,2,0.9,deepseek_strict_scale_audit,"Заголовок 'Буддизм в Восточном Туркестане' описывает региональный процесс, что соответствует L2."
PRES_9f90298801,2024,2,Тема леса в поэтических антологиях Бхартрихари и Видьякары,1,0.9,deepseek,Частный кейс: тема леса в антологиях двух авторов.
PRES_a07fb33bc9,2024,2,"О письмах Ю.Н. Рериха из коллекции Д. Тарчина (Колумбийский университет, Нью-Йорк, США)",1,0.9,deepseek,Частный кейс: письма Ю.Н. Рериха из конкретной коллекции.
PRES_a67d45cc5a,2024,2,К идентификации тантрических изображений Ямантаки в монастыре Юнъань-сы 永安寺 провинции Шаньси 山西省,1,0.9,deepseek,Частный кейс: идентификация тантрических изображений в конкретном монастыре.
PRES_adef2d4283,2024,2,Ведантийско-буддийский полемический диалог в «Брахмасутрабхашье»,1,0.9,deepseek,Частный кейс: полемический диалог в одном тексте.
PRES_b1d3b787fd,2024,2,Феномен в jalacārin в архитектуре храмов Карнатаки древних и средних веков,1,0.85,deepseek,Частный кейс: феномен jalacārin в архитектуре храмов Карнатаки.
PRES_bf18beecbb,2024,2,Вступительное слово от организаторов конференции,1,0.9,deepseek,"Вступительное слово — организационное, не исследовательское."
PRES_c1b909cf1c,2024,2,Сюжет «обращения братьев Кашьяпов» в «Сутре о благом явлении царевича»: неожиданные повороты,1,0.9,deepseek,Частный кейс: сюжет обращения братьев Кашьяпов в одной сутре.
PRES_d00e030c23,2024,2,"Кушанская этимология, поздние бактро-скифские царства и интересные элементы индо-парфянской нумизматики",1,0.85,deepseek,Частный кейс: кушанская этимология и нумизматика.
PRES_e58c748f7f,2024,2,Синкретизм буддизма и шаманизма Тувы в живописи Шоя Чурука,1,0.9,deepseek,"Конкретный художник и его живопись, частный кейс."
PRES_e7ec05b05b,2024,2,Угроза монгольских вторжений в Японию глазами Нитирэна,1,0.9,deepseek,"Взгляд конкретного исторического лица на угрозу, частный кейс."
PRES_e87021cd4c,2024,2,Микушевич как переводчик санскритской поэзии,1,0.9,deepseek,"Конкретный переводчик и его работа, частный кейс."
PRES_e9936009ee,2024,2,Покаяние (prāyaścitta) и наказание (daṇḍa) в дхармасутрах,1,0.9,deepseek,"Сравнение двух понятий в конкретных текстах, частный кейс."
PRES_fc8c9f814c,2024,2,«Наука поэзии» (Кавьяшастра) в трудах ранних аланкариков,1,0.9,deepseek,"Труды ранних аланкариков, конкретная школа, частный кейс."
PRES_ff4471c987,2024,2,Морфология деревянной храмовой архитектуры Химачал-Прадеша (Индия),1,0.9,deepseek,"Морфология архитектуры конкретного региона, частный кейс."
PRES_0152a7782b,2025,1,Непальский Маччхендранатх: ритуально-мифологический контекст,1,0.9,deepseek,Конкретное божество в непальском контексте.
PRES_015d1064e6,2025,1,От демоницы к мстительнице: Переосмысление образа ведьмы в современном индийском кинематографе,1,0.85,deepseek,Анализ образа в современном кинематографе.
PRES_05e30aa208,2025,1,Тантрические парадигмы в игровых системах Востока: сравнительный анализ “Джняна чаупады” и “Салам намшак” сквозь призму индуистской и буддийской тантры,2,0.95,deepseek_strict_scale_audit,"Заголовок обещает сравнительный анализ двух игровых систем сквозь призму индуистской и буддийской тантры, что является обобщением двух традиций. L2."
PRES_060a3a404c,2025,1,Социально-политический контекст романов Даймонд Шамшера Рана,1,0.9,deepseek,"Контекст романов конкретного автора, частный кейс."
PRES_0f4f24f569,2025,1,Проблемы изучения традиционного индийского текста «Абхисамая-аланкара» (на тибетском языке),1,0.9,deepseek,"Проблемы изучения конкретного текста, частный кейс."
PRES_2142820bf7,2025,1,Приветственное слово директора ИВР РАН,1,0.95,deepseek,"Приветственное слово, не является научным докладом."
PRES_2e4095c747,2025,1,Наука абхидхармы в буддийской ментальной традиции средневековой Индии,2,0.9,deepseek_strict_scale_audit,"Заголовок обещает обобщение о науке абхидхармы в буддийской ментальной традиции средневековой Индии, что является обобщением уровня традиции. L2."
PRES_3bf4c2aa70,2025,1,Рождение концепции иконографии Шивы Натараджи в скульптуре пещерных храмов Южной Индии,1,0.9,deepseek,Конкретная иконографическая концепция в скульптуре пещерных храмов.
PRES_40d116e031,2025,1,"Отражение концепции ""нисходящего времени"" (descending time) в Катха Упанишаде",1,0.9,deepseek,"Концепция в конкретной Упанишаде, частный кейс."
PRES_45038e9f46,2025,1,Самбхары в обряде установления жертвенных огней (agnyādheya),1,0.9,deepseek,Конкретный обряд (agnyādheya) и его элементы.
PRES_493f0d6ac7,2025,1,Восхождение Урмилы в поэме Майтхилишарана Гупты «Сакет»,1,0.9,deepseek,Анализ конкретного образа в одном произведении
PRES_4ed8d23e80,2025,1,Синтез глагольной словоформы в грамматике Панини,1,0.95,deepseek,Конкретная грамматическая тема у Панини
PRES_5b284b565f,2025,1,Миф о Потопе и тыкве у дравидийских племен: к вопросу об истории контактов дравидов и мунда,2,0.9,deepseek_strict_scale_audit,"Заголовок сравнивает мифы дравидийских племён для обобщения контактов дравидов и мунда, что является обобщением уровня традиции. L2."
PRES_5ba570d69d,2025,1,Метафора зеркала в «Бхаванакраме» Камалашилы,1,0.9,deepseek,Анализ метафоры в одном тексте
PRES_5eff45b043,2025,1,О семантических переходах с участием терминов родства в старотамильском языке,1,0.9,deepseek,Семантические переходы в старотамильском
PRES_5fad4e3b63,2025,1,Образ вишаканья в художественной культуре древней и средневековой Индии,1,0.85,deepseek,Образ вишаканья в художественной культуре
PRES_6a8a61bed8,2025,1,Према Рамаяна и Шри Ситарама-чаритра-дарпана как примеры Рамаян XX века в контексте современной литературы на бходжпури и майтхили,2,0.9,deepseek_strict_scale_audit,"Заголовок сравнивает два произведения (Према Рамаяна и Шри Ситарама-чаритра-дарпана) в контексте современной литературы на бходжпури и майтхили, что является обобщением в рамках жанра. L2."
PRES_6c0ed74411,2025,1,Анализ переводов М. Зощенко на хинди и на бенгали с помощью метрик readability,1,0.9,deepseek,Анализ переводов конкретного автора с помощью метрик
PRES_6e73cef461,2025,1,Роль и значение школы крама в структуре философии кашмирского шиваизма,2,0.9,deepseek_strict_scale_audit,Заголовок обещает обобщение о роли школы крама в структуре целой философской традиции (кашмирский шиваизм). L2.
PRES_6e9f659dc6,2025,1,Бенгальский стихотворный размер пояр и его разновидности,1,0.95,deepseek,Конкретный стихотворный размер и его разновидности — частный кейс.
PRES_6f8147feae,2025,1,Индийские истоки и источники философствования Р. Тагора: «Садхана» как опыт объяснения Своего Другому,2,0.9,deepseek_strict_scale_audit,"Обсуждаются истоки философствования одного автора (Тагора) в контексте индийских источников, что выходит за рамки одного текста, но не является глобальным обобщением — L2."
PRES_70a940e64a,2025,1,Что такое тантра? К вопросу об определении тантры/тантризма в современной тантрологии,2,0.9,deepseek_strict_scale_audit,"Заголовок ставит вопрос об определении тантры/тантризма в современной тантрологии, что является обобщающим уровнем. L2."
PRES_756e3c2fad,2025,1,«Третий поворот колеса дхармы» и его первые брахманистские оппоненты,1,0.85,deepseek,Конкретная доктринальная тема и её оппоненты
PRES_79183a8b2a,2025,1,Сесил Бендалл как публикатор буддийских письменных памятников,1,0.9,deepseek,Деятельность конкретного учёного
PRES_8433ffdf15,2025,1,Опровержение позиции вайшешики Дигнагой,1,0.9,deepseek,Опровержение конкретной позиции конкретным философом
PRES_8978f20a55,2025,1,Kaṇita Caturam 108: тамильский числовой квадрат из храма Натараджи в Чидамбараме,1,0.95,deepseek,Конкретный артефакт — тамильский числовой квадрат из храма.
PRES_8bf9e85b39,2025,1,Проблемы интерпретации традиционного текста в произведениях индийских художников конца XIX – начала XX века,2,0.9,deepseek_strict_scale_audit,"Обобщение по группе художников и их интерпретации традиционного текста — уровень традиции или школы (L2), не глобальный."
PRES_8c979b88c9,2025,1,О «Yogavārttika» Виджнянабхикшу: Ansatz,1,0.85,deepseek,Анализ одного текста Виджнянабхикшу
PRES_8d519da21d,2025,1,Сикхи в диаспоре: ритуалы детства,2,0.9,deepseek_strict_scale_audit,"Ритуалы детства у сикхов в диаспоре — обобщение уровня общины (L2), не выходящее за рамки одной традиции."
PRES_96863ca3fa,2025,1,Арьядэва и Чандракирти о концепции anātma,1,0.9,deepseek,Сравнение взглядов двух философов на одну концепцию
PRES_99242da6ca,2025,1,Метафора воды как сюжетообразующий прием романа Абрахама Вергезе «Завет воды»,1,0.9,deepseek,Анализ метафоры в одном романе
PRES_9be12a575e,2025,1,Скрытое / явное: представления о знании у племенных народов Южной Карнатаки,2,0.9,deepseek_strict_scale_audit,"Представления о знании у племенных народов Южной Карнатаки — обобщение уровня группы (L2), не глобальное."
PRES_a23657cfb0,2025,1,"Начальный сюжет в житийной литературе раннего буддизма, его вариативность и смысловое наполнение",1,0.85,deepseek,Анализ сюжета в житийной литературе
PRES_a286529cf8,2025,1,Формульное выражение yāvatī yānasya bhūmis в буддийских канонических текстах,1,0.9,deepseek,Формульное выражение в буддийских текстах
PRES_aac636d1e0,2025,1,«Наишкармья-сиддхи» (I. 52) Сурешвары как структура для реконструкции учения Шанкары об освобождении,1,0.85,deepseek,Реконструкция учения Шанкары на основе одного текста
PRES_ab4a6b6257,2025,1,Будда Дипанкара и традиция его почитания в Долине Катманду,2,0.9,deepseek_strict_scale_audit,"Традиция почитания Будды Дипанкары в Долине Катманду — обобщение уровня традиции (L2), не выходящее за рамки региона."
PRES_b0da2392d3,2025,1,Экспедиция Психо-Неврологического института в Индию в 1913,1,0.95,deepseek,Конкретная экспедиция — частный кейс.
PRES_b7fe4e5874,2025,1,Ауробиндо Гхош: между разумом и мистической интуицией,1,0.9,deepseek,Анализ взглядов одного мыслителя — частный кейс.
PRES_b8c7056b10,2025,1,Пещера дивов в сказке на языке парья,1,0.85,deepseek,Анализ конкретной сказки на языке парья.
PRES_c02d591918,2025,1,Проблемы реконструкции системы йоги Патанджали на основе переводов «корневого» текста «Йога-сутр» и толкования Бходжи («Rājamārtaṇḍa»),1,0.9,deepseek,Проблемы реконструкции системы йоги на основе конкретных текстов (Йога-сутры и комментарий Бходжи).
PRES_c3dcf66fa9,2025,1,Учение санкхьи в «Брихадараньяка-упанишаде»,1,0.9,deepseek,Анализ учения санкхьи в конкретной упанишаде.
PRES_c4b18b7d44,2025,1,Интерпретация теизма «Бхагавадгиты» Шанкарой и Абхинавагуптой (на материале их комментариев к «Бхагавадгите),2,0.9,deepseek_strict_scale_audit,"Сравнение интерпретаций теизма двумя философами — обобщение уровня традиции (L2), не глобальное."
PRES_cac95e2161,2025,1,В защиту Вишну Шипивишты: «Аз есьм Шипивишта!» (РВ 7.100.6),1,0.95,deepseek,Интерпретация конкретного стиха Ригведы (7.100.6).
PRES_ce3bd97bd9,2025,1,Внешние и внутренние связи индийского фольклора по данным каталога Ю.Е. Березкина и Е.Н. Дувакина,2,0.9,deepseek_strict_scale_audit,"Заголовок обещает обобщение внешних и внутренних связей индийского фольклора по данным каталога, что является обобщением уровня традиции. L2."
PRES_d601a42cd5,2025,1,Комментарии Б. Н. Пандита на «Шивасутры»: новый взгляд на коренной текст трики,1,0.9,deepseek,Комментарий на конкретный текст — частный кейс.
PRES_da938d5fcc,2025,1,Проблема индианизации колониальной армии на страницах индийской прессы в 1910-х — 1940-х годах,1,0.85,deepseek,Анализ индийской прессы 1910-1940-х годов по конкретной проблеме.
PRES_da95cc9832,2025,1,Новые древнеиндийские праформы на материале этимологий лексики языка куллуи,1,0.9,deepseek,Этимологии лексики конкретного языка (куллуи).
PRES_dbb04a69cb,2025,1,О понятиях «канон» и «классика» в контексте древнеиндийской литературы,2,0.9,deepseek_strict_scale_audit,"Заголовок обсуждает понятия 'канон' и 'классика' в контексте древнеиндийской литературы, что является обобщающим уровнем. L2."
PRES_dd23be0efa,2025,1,Квази-трансцендентальные разоблачение объектных областей индрий в буддийской йоге,1,0.9,deepseek,Анализ конкретного аспекта буддийской йоги (квази-трансцендентальное разоблачение).
PRES_e84196d92a,2025,1,К интерпретации Ригведы: śiśnadevāḥ,1,0.95,deepseek,Интерпретация конкретного термина (śiśnadevāḥ) из Ригведы.
PRES_ea35d438ad,2025,1,Еще раз о структуре Чарьягити,1,0.9,deepseek,Анализ структуры конкретного текста (Чарьягити).
PRES_eabea1fbe3,2025,1,Женщины и сатьяграха: взгляд М. К. Ганди,1,0.9,deepseek,Взгляд Ганди на женщин и сатьяграху — частный кейс.
PRES_f026e85457,2025,1,Инородные предметы в ушах Благословенного: к слову об одной редкой иконографической схеме в буддийском искусстве,1,0.95,deepseek,Конкретная иконографическая схема — частный кейс.
PRES_f0fc87fb3a,2025,1,"Ведийский гапакс batá- и частица bata / vata: семантика, контекст, этимология",1,0.95,deepseek,Этимологический анализ конкретного гапакса (batá) и частицы.
PRES_f1d137e03c,2025,1,Особенности толкования Нового Завета в учении Свами Вивекананды,1,0.9,deepseek,Толкование Нового Завета Вивеканандой — частный кейс.
PRES_fc83b6c79d,2025,1,Возвращаясь к третьей книге Махабхараты: новый взгляд,1,0.9,deepseek,Частный кейс: новая интерпретация одной книги эпоса.
PRES_fe57d86a6f,2025,1,"Павакутху Кералы: артисты и основные сюжеты, мифо-ритуальные истоки исполнительских традиций",2,0.9,deepseek_strict_scale_audit,"Павакутху Кералы: артисты, сюжеты, истоки — обобщение уровня традиции (L2), не выходящее за рамки одного региона."
PRES_0e52f9db93,2025,2,Об этимологии слова «мангус»,1,0.9,deepseek,Частный кейс: этимология одного слова.
PRES_241822b4c1,2025,2,Очеловечивание божеств в пьесе Ватсараджи «Самудраматхана» (XII вв.),1,0.9,deepseek,Частный кейс: анализ одной пьесы.
PRES_2819d33fcb,2025,2,Индийские шастры с точки зрения современной методологии познания,2,0.9,deepseek_strict_scale_audit,"Заголовок обещает обобщение об индийских шастрах с точки зрения современной методологии познания, что является обобщением уровня традиции. L2."
PRES_34e2d06ad5,2025,2,Из истории фиксации традиционного сказителя хобуксарких ойратов Аримпиля (1923–1994),1,0.9,deepseek,Частный кейс: история фиксации одного сказителя.
PRES_40bc52e0ca,2025,2,Анаттавада «палийского Будды» в её философских и сотериологических координатах,1,0.9,deepseek,Частный кейс: анализ концепции анаттавады в палийском буддизме.
PRES_465a702715,2025,2,Вклад Ю.Н. Рериха в историю российских экспедиций в Центральную Азию. К 100-летию начала Центрально-Азиатской экспедиции Н.К. Рериха,1,0.9,deepseek,Частный кейс: вклад одного учёного в историю экспедиций.
PRES_473de19d13,2025,2,Эволюция архитектуры джайнских пещерных храмов Махараштры в контексте скального зодчества Индии,2,0.9,deepseek_strict_scale_audit,"Заголовок обещает обобщение эволюции архитектуры джайнских пещерных храмов Махараштры в контексте скального зодчества Индии, что является обобщением уровня региона и традиции. L2."
PRES_4cc2a9fead,2025,2,Отношения между государством Корё и Тибетом в эпоху Юань (конец XIII – начало XIV вв.),1,0.9,deepseek,Частный кейс: отношения между двумя государствами в конкретный период.
PRES_4d672ef0e1,2025,2,Небесные боги в картине мира буддийской агиографии: признаки эволюции («Лалитавистара»),1,0.9,deepseek,Частный кейс: анализ небесных богов в одном тексте.
PRES_577de0cdf5,2025,2,Чанпинская битва 260 г. до н.э.: когда встречаются источники и археология,1,0.9,deepseek,"Частный кейс: конкретная битва, сопоставление источников и археологии."
PRES_5c44ffa32f,2025,2,Исторические и историографические особенности монгольской летописи начала XVIII в.: Гомбоджаб. «Течение Ганга»,1,0.9,deepseek,Частный кейс: особенности одной летописи.
PRES_5c9e286081,2025,2,Индийская философия сознания через призму цивилизационной демаркации «Восток-Запад»,1,0.85,deepseek_strict_scale_audit,"Заголовок обещает глобальную рамку 'Восток-Запад', но это скорее риторический приём; реальное содержание, вероятно, ограничено сравнением индийской и западной философии сознания, что не выходит за рамки сопоставления ограниченных объектов (L1)."
PRES_5e05166d55,2025,2,Почему у монаха-дигамбара рог на голове? Попытка интерпретации одной строфы из философского диспута в прахасане «Латакамелака»,1,0.9,deepseek,Частный кейс: интерпретация одной строфы из одной пьесы.
PRES_5f755d36b3,2025,2,Треугольник Паскаля или Пингалы?,1,0.9,deepseek,Частный кейс: сравнение треугольника Паскаля и Пингалы.
PRES_679dbfd494,2025,2,Выкуп невесты (śulka) в Древней Индии: шастрическая и эпическая традиции,1,0.9,deepseek,Частный кейс: выкуп невесты в двух традициях.
PRES_68e31769e1,2025,2,Роль языка в познании абсолютного согласно школе Гелук,1,0.9,deepseek,Частный кейс: роль языка в познании согласно одной школе.
PRES_818e4652db,2025,2,Этнорелигиозная картина уйгуров по китайским источникам XIV-XIX вв,2,0.9,deepseek_strict_scale_audit,"Заголовок явно обещает обобщение о целой этнорелигиозной картине уйгуров за несколько веков, что соответствует L2."
PRES_8ef4ffe2db,2025,2,Исторические идеи просветительства Ахамади Дониша в культурном коде Таджикистана,1,0.9,deepseek,Частный кейс: исторические идеи одного просветителя в культурном коде одной страны.
PRES_94509af724,2025,2,Проблема бхакти в «Ожерельи Величаний Шивы» — «Шивастотравали» (Śivastotrāvalī) Утпаладевы,1,0.9,deepseek,Анализ одного текста (Шивастотравали) и концепции бхакти в нём.
PRES_970ff8c51f,2025,2,Зачем в санскрите три прошедших времени?,1,0.9,deepseek,"Вопрос о грамматической категории санскрита, частный случай."
PRES_9bacebbe98,2025,2,Аланкара как аспект стилистики текста,1,0.8,deepseek,"Рассмотрение аланкары как стилистического аспекта, вероятно, на конкретном материале."
PRES_a86c239aaf,2025,2,"(ИВИ РАН, Москва). Роль персоязычных версий индийских текстов в формировании средневековой тюркоязычной литературы Южного Кавказа (на примере памятника «Калила и Димна»)",2,0.9,deepseek_strict_scale_audit,"Заголовок заявляет формирование целой литературной традиции (тюркоязычной литературы Южного Кавказа) через конкретный памятник, что является обобщением уровня традиции (L2)."
PRES_a903b2de1b,2025,2,"(ИВР РАН, Санкт-Петербург) Метафорический дискурс «Бхаванакрамы» Камалашилы",1,0.9,deepseek,Анализ метафорического дискурса одного текста Камалашилы.
PRES_aa9ddea8aa,2025,2,О теории просодии в «Натьяшастре»,1,0.9,deepseek,Рассмотрение теории просодии в одном трактате (Натьяшастра).
PRES_b2fd39a1b2,2025,2,Священные огни в шраута-ритуалах,1,0.9,deepseek,"Описание священных огней в шраута-ритуалах, частный аспект."
PRES_b9413943b6,2025,2,Яджня Ригведы и «другая яджня» палийского канона,1,0.9,deepseek,Частный кейс: сравнение яджни в Ригведе и палийском каноне.
PRES_ba19c21295,2025,2,Metta–Karaṇīya – Любовь как этический императив в раннебуддийской сотериологии на материале Метта сутты и Тевиджджа сутты Палийского канона,1,0.9,deepseek,Анализ концепции любви на материале двух сутт Палийского канона.
PRES_c1e254fba2,2025,2,Сита и Агни в «Рамаяне» Вальмики,1,0.9,deepseek,Анализ образов Ситы и Агни в одной эпической поэме.
PRES_c9f0424f49,2025,2,Список тамильских каст у Бартоломеуса Цигенбальга: книжная традиция vs историческая реальность,1,0.9,deepseek,Сравнение книжной традиции и исторической реальности на примере одного списка каст.
PRES_d6c59acf5e,2025,2,Описание Центральной Азии в «Хождении в пять индийских царств»,1,0.9,deepseek,Описание Центральной Азии в одном тексте (Хождение в пять индийских царств).
PRES_d767707d9d,2025,2,Этапы сложения имперской идеологии у средневековых монголов,2,0.9,deepseek_strict_scale_audit,"Заголовок обещает рассмотрение сложения имперской идеологии у средневековых монголов, что является обобщением о целой исторической линии (L2)."
PRES_de1aae4943,2025,2,Значение иконографии Будды Мучилинды в культуре и искусстве Кхмерской империи XII–XIII вв,1,0.9,deepseek,"Значение иконографии Будды Мучилинды в культуре и искусстве Кхмерской империи, частный случай."
PRES_e4ffdf5e0f,2025,2,К вопросу о переводе буддийского термина бодхи (菩提) на китайский язык,1,0.9,deepseek,Вопрос о переводе одного буддийского термина на китайский язык.
PRES_e8321634be,2025,2,Калмаки в литературе и искусстве могольской Индии,1,0.85,deepseek,"Калмаки в литературе и искусстве могольской Индии, частный образ."
PRES_ea27687ed5,2025,2,Рецепция Маджджхима-никаи в рукописях Э. Гуссерля,1,0.9,deepseek,"Рецепция Маджджхима-никаи в рукописях Гуссерля, частный случай."
PRES_f40d5bacac,2025,2,Представления пуран о священном тексте как культовом предмете,1,0.8,deepseek,"Представления пуран о священном тексте как культовом предмете, частная тема."
PRES_fad14d11c0,2025,2,Prasādapratibhodbhava (Śatapañcāśatka) Матричеты: тохарский перевод и комментарий,1,0.9,deepseek,Частный кейс: тохарский перевод и комментарий конкретного текста.
PRES_fe3dba0fe0,2025,2,Образ Деви с младенцем Шивой в контексте развития иконографии Богини-Матери в скульптуре Бенгалии,1,0.9,deepseek,"Образ Деви с младенцем Шивой в контексте иконографии Богини-Матери в скульптуре Бенгалии, частный случай."
PRES_055b23183b,2026,1,Абхисамаяаланкара: вводная часть,1,0.9,deepseek,"Анализ вводной части конкретного текста, уровень кейса."
PRES_0b6581f9ff,2026,1,Синтез сложных слов tatpuruṣa и karmadhāraya в грамматике Панини,1,0.95,deepseek,"Конкретный грамматический анализ в рамках Панини, уровень кейса."
PRES_0b6e4e4519,2026,1,Прамана-вада «Таттва-сандарбхи» Дживы Госвами в оптике неклассической эпистемологии науки,1,0.9,deepseek,"Анализ одного текста Дживы Госвами, уровень кейса."
PRES_0bf7d4caad,2026,1,Адиваси. Загадочное племя тода,1,0.85,deepseek,"Описание конкретного племени, уровень кейса."
PRES_0ccccd2f0f,2026,1,Тело агхори как «живой текст»: визуальность и перформанс в производстве религиозного авторитета,1,0.9,deepseek,"Анализ тела агхори как текста, конкретный кейс."
PRES_0ec718e125,2026,1,Теория познания в мадхьямаке-сватантрике (по трактату Бхававивеки «Мадхьямака-хридая»),1,0.9,deepseek,"Анализ теории познания по одному трактату, уровень кейса."
PRES_1637f642c2,2026,1,Южноандаманские языки: к вопросу о возможностях внешнего сравнения,1,0.85,deepseek,"Вопрос о внешнем сравнении конкретной группы языков, уровень кейса."
PRES_16c469b6c2,2026,1,Непальский вариант Гаруды,1,0.85,deepseek,"Конкретный вариант Гаруды, уровень кейса."
PRES_1c157737ea,2026,1,"Jati, gotra and marriage system in Haryana: a change in perspective",2,0.9,deepseek_strict_scale_audit,"Заголовок обещает обобщение о системе брака в регионе Харьяна, что соответствует L2 (региональный процесс)."
PRES_1cd8e6e44e,2026,1,Дхармакирти о существовании,1,0.9,deepseek,"Анализ концепции существования у конкретного философа, уровень кейса."
PRES_2026748a9a,2026,1,Индийская философия в свете компаративного подхода Поля Массон-Урселя,1,0.8,deepseek_strict_scale_audit,"Заголовок фокусируется на компаративном подходе одного учёного (Поля Массон-Урселя) к индийской философии, что является анализом одного метода или концепта, а не обобщением целой школы (L1)."
PRES_215ed69350,2026,1,Салман Рушди и русская литература: тайный роман?,1,0.85,deepseek,"Сравнение конкретного автора с русской литературой, уровень кейса."
PRES_23a87e494f,2026,1,Фарс Шанкхадхары «Латакамелака» и ее рукопись из Библиотеки им. Кешара (Катманду),1,0.9,deepseek,"Анализ конкретной пьесы и рукописи, уровень кейса."
PRES_23cb98206f,2026,1,Приветственное слово директора ИВР РАН,1,0.9,deepseek,"Приветственное слово, не содержит исследовательского содержания"
PRES_266f877d3f,2026,1,Перевод в практике преподавания хинди в средней школе,1,0.9,deepseek,"Практика перевода в преподавании, уровень кейса."
PRES_2af0d9ba1e,2026,1,Ведийский ритуал Праваргья (pravargya): текстовая традиция и ритуальная практика,1,0.9,deepseek,"Анализ конкретного ритуала, уровень кейса."
PRES_2af47bc093,2026,1,Вклад Абхинавагупты в развитие шиваитской доктрины философского монизма в отличной от адвайта- веданты парадигме,1,0.85,deepseek,"Вклад конкретного философа, уровень кейса."
PRES_2d9228675d,2026,1,Миф о Потопе и тыкве у племен западной Индии,1,0.8,deepseek,"Миф о потопе у племен западной Индии, уровень кейса."
PRES_2ee12546b2,2026,1,Сита и Агни в «Рамаяне» Вальмики,1,0.9,deepseek,"Анализ конкретных персонажей в Рамаяне, уровень кейса."
PRES_314bc5bec5,2026,1,Интерпретация идей Упанишад в философском наследии Р. Тагора: религиозная онтология,1,0.85,deepseek,"Интерпретация Упанишад Тагором, уровень кейса."
PRES_32b950f0fe,2026,1,"Средневековая фольклорная формула и литературное клише: образ, мотив",1,0.8,deepseek,"Анализ фольклорной формулы и клише, уровень кейса."
PRES_3f4d3d50e9,2026,1,Уроки Герхарда Оберхаммера. По следам перевода книги «Структуры йоговской медитации»,1,0.9,deepseek,"Анализ перевода книги по йоге, частный случай рецепции."
PRES_40d669e631,2026,1,Александр Михайлович Мерварт: судьба ученого,1,0.9,deepseek,"Биография ученого, частный кейс."
PRES_4125041435,2026,1,"Огонь, вода и память: погребальные практики сикхов в мультикультурной среде",1,0.9,deepseek,"Описание погребальных практик сикхов, частный кейс."
PRES_422bda6a2b,2026,1,"Востоковед Павел Яковлевич Петров (1814–1875), его библиотека и архив",1,0.9,deepseek,"Биография и архив востоковеда, частный кейс."
PRES_43b3dacf96,2026,1,"Санньяса и Брахмалока: смерть, социальная или физическая, как опосредующий этап пути к освобождению в адвайта-веданте",1,0.9,deepseek,"Анализ концепции санньясы в адвайта-веданте, частный кейс."
PRES_45a22e8318,2026,1,Коннотативные особенности йогической лексики Виджнянабхикшу (на примере комментария к 1.1 «Pātañjalayogaśāstram»),1,0.9,deepseek,"Лексический анализ комментария, частный кейс."
PRES_4f410bea98,2026,1,Сон Урмилы в современной индийской прозе,1,0.9,deepseek,"Анализ мотива в современной прозе, частный кейс."
PRES_5112b0355f,2026,1,"""Башни с нишами"" в индуизме. Об одном типе храмовых шикхар в архитектуре Чалукьев",1,0.9,deepseek,"Тип храмовых шикхар, частный архитектурный кейс."
PRES_51a9cb36b9,2026,1,Зачем спорили хэшан Махаяна и Камалашила?,1,0.9,deepseek,"Спор двух буддийских мыслителей, частный кейс."
PRES_5327ab9216,2026,1,Вера Александровна Новикова (1918-1972) и послевоенная бенгалистика в Ленинграде,1,0.9,deepseek,"Биография ученого-бенгалиста, частный кейс."
PRES_589e161411,2026,1,К истории поступления индийских памятников в Эрмитаж: новые открытия,1,0.9,deepseek,"История поступления памятников в музей, частный кейс."
PRES_6912669e4d,2026,1,"Особая священная игра» Гулабрао Махараджа как игровая модель индуистской сотериологии: космология, философия и бхакти",1,0.9,deepseek,"Анализ игровой модели в индуизме, частный кейс."
PRES_6a2b1904a8,2026,1,«Местный колорит» в литературной традиции Ориссы,1,0.9,deepseek,"Литературная традиция Ориссы, частный кейс."
PRES_6d7c21fb70,2026,1,«Шри Рамананда-чаритам» Рамбхадрачарьи как образец современной санскритской махакавьи,1,0.9,deepseek,"Анализ современной санскритской поэмы, частный кейс."
PRES_6e8842a256,2026,1,"Традиция толкования упанишад: контекст, философское значение и интерпретация ключевой фразы «tat tvam asi» («Ты есть то»)",1,0.9,deepseek,"Интерпретация ключевой фразы упанишад, частный кейс."
PRES_702d8347a7,2026,1,Об одном диафильме В. Чатопадаева из коллекции МАЭ РАН,1,0.9,deepseek,"Описание диафильма из коллекции, частный кейс."
PRES_717723198b,2026,1,Kumāra: этимология и мифология,1,0.9,deepseek,"Этимология и мифология одного термина, частный кейс."
PRES_8a20127ede,2026,1,Индийское паломничество в сравнительном аспекте,2,0.9,deepseek_strict_scale_audit,"Заголовок обещает сравнительный аспект индийского паломничества, что является обобщением о целой традиции (L2)."
PRES_8aa850a4e6,2026,1,Предание в тексте и предание в камне: сюжет просветления Будды на рельефе Большой Ступы в Санчи,1,0.9,deepseek,"Сюжет на рельефе, частный кейс."
PRES_939dd4f1e1,2026,1,Структура ниданы из «Панчавимшатика-праджняпарамиты» в аспекте ритуальной практики,1,0.9,deepseek,"Структура ниданы в сутре, частный кейс."
PRES_952dc38711,2026,1,Чему и как учит Панчатантра,1,0.9,deepseek,"Анализ одного текста Панчатантры, частный кейс."
PRES_987fd62e14,2026,1,А.А. Сталь-Гольштейн как участник научно-издательской серии «Bibliotheca Buddhica»,1,0.9,deepseek,"Конкретная персоналия и издательская серия, частный кейс."
PRES_a1bf82cfc8,2026,1,Златоликие образы Дипанкары Будды и традиция проведения фестиваля Самьяк маха дана в Патане. Шишова-Маретина Ксения Александровна (Санкт-Петербург). Архетип опасной женственности в индуизме,1,0.8,deepseek,"Конкретный фестиваль и образы, частный кейс."
PRES_a20db0593f,2026,1,Паришишты как исторический источник: проблемы датировки и классификации поздневедийской ритуальной литературы,2,0.9,deepseek_strict_scale_audit,"Заголовок обещает обобщение о целом классе текстов (паришишты) и их датировке, что соответствует L2."
PRES_a28cfd6115,2026,1,Окна в иной мир: изобразительные тексты и линия жизни индийской художницы-парси Катаюн Саклат (1938- 2026): антропологический взгляд,1,0.9,deepseek,"Конкретная художница и её работы, частный кейс."
PRES_a58cb0ccf6,2026,1,Метод кодировки чисел в трудах индийского математика Арьябхаты,1,0.9,deepseek,"Конкретный метод и автор, частный кейс."
PRES_b130fb70d2,2026,1,Эпическая санкхья в беседе царя Джанаки и отшельницы Сулабхи (МБХ 12.308),1,0.9,deepseek,"Анализ конкретного эпизода Махабхараты, частный кейс."
PRES_b2cbcb90c5,2026,1,Лексика языка куллуи: этимологии 2026 года,1,0.9,deepseek,"Этимологии конкретного языка, частный кейс."
PRES_b73c531378,2026,1,Идеи йогачары в трактате Асанги «Абхидхармасамуччая» (первая глава),1,0.9,deepseek,"Анализ одной главы трактата, частный кейс."
PRES_bc3de7e23c,2026,1,"Яйцо, курица и Тримурти: миф о Шакти в фольклоре мадига",1,0.85,deepseek,"Конкретный миф в фольклоре одной касты, частный кейс."
PRES_c922a3c1aa,2026,1,Имперфект в древнеиндийском эпосе,1,0.9,deepseek,"Грамматическая категория в одном корпусе, частный кейс."
PRES_d51a127759,2026,1,«Они из секты Пифагора»: представления об индуизме трех итальянских купцов второй половины XVI в.,1,0.9,deepseek,"Представления трёх конкретных купцов, частный кейс."
PRES_e0f3741a4a,2026,1,По следам Петербуржца в Индии: путешествие князя Салтыкова,1,0.9,deepseek,"Путешествие конкретного князя, частный кейс."
PRES_f261db19db,2026,1,Заметки о роли индийской диаспоры в пропаганде языка и литературы хинди,2,0.9,deepseek_strict_scale_audit,"Заголовок обещает обобщение о роли индийской диаспоры в пропаганде языка хинди, что является обобщением уровня традиции/процесса (L2)."
PRES_f8dfe74eae,2026,1,Голод в Бенгалии 1943 года и его отражение в творчестве индийских художников,1,0.9,deepseek,"Конкретное историческое событие и его отражение в творчестве, частный кейс."
PRES_f9adb6ffd3,2026,1,Можно ли считать мадхьямаку нигилизмом?,1,0.85,deepseek_strict_scale_audit,"Заголовок ставит обобщающий вопрос о целой школе (мадхьямака), но это скорее концептуальный вопрос, а не обещание обзора всей школы; реальное содержание, вероятно, ограничено анализом одного концепта (нигилизм) в одной школе, что соответствует L1."
PRES_fa188bec9a,2026,1,«Сказание о Лиле» в «Йога- васиштхе»,1,0.9,deepseek,"Анализ одного сказания в одном тексте, частный кейс."
PRES_fb340723de,2026,1,Пословицы и поговорки Индии и России как аспект межкультурной коммуникации (проектная деятельность на уроках языка хинди),1,0.85,deepseek,"Сравнение пословиц двух культур, частный кейс."
