title,issn,specialty
"Abyss (Вопросы философии, политологии и социальной антропологии)",2587-7534,5.6.4; 5.7.6; 5.7.7; 5.7.8; 5.5.2; 28.09.20
Academia. Архитектура и строительство,2077-9038,17.00.04; 28.12.20; 16.10.20; 2.1.1; 2.1.2; 2.1.3; 2.1.5; 2.1.7; 2.1.9; 2.1.11; 2.1.12; 2.1.13; 5.6.6; 01.02.20
Acta biomedica scientifica (перевод наименования на государственный язык Российской Федерации:,2541-9420,3.1.21; 3.1.22; 3.1.24; 01.02.20; 02.10.20
"журнал) (До 02.10.2017 г. наименование в Перечне «Бюллетень Восточно-Сибирского научного центра СО РАМН (Bulletin of the East Siberian Scientific Center SB RAMS"" ISSN",1811-0649,3.1.26; 3.1.4; 3.1.5; 3.1.8; 3.1.9; 3.2.2; 3.3.3; 3.3.3; 3.3.6
Acta Linguistica Petropolitana. Труды Института лингвистических исследований,2306-5737,10.01.01; 10.02.01; 10.02.03; 10.02.04; 10.02.19; 10.02.20; 10.02.22; 28.12.20; 16.10.20; 5.6.4; 5.9.4; 5.9.7; 01.02.20; 5.9.3; 5.9.5; 5.9.6; 5.9.8; 08.02.20
Acta medica Eurasica,2413-4864,1.5.22; 17.06.20; 3.1.7; 3.1.17; 3.1.18; 3.1.25; 3.3.6; 22.12.20
Advanced Engineering Research (перевод наименования на государственный язык Российской Федерации: Современные инженерные исследования) (до 22.12.2020 наименование в Перечне «Вестник Донского государственного технического университета» ISSN,1992-5980,
Advances in Law Studies (перевод наименования на государственный язык Российской Федерации: Достижения в праве),2409-5087,12.00.01; 12.00.02; 12.00.14; 28.12.20; 16.10.20; 5.1.1; 5.1.5; 25.04.20
AlfaBuild (перевод наименование на государственный язык Российской Федерации: Основы строительства),2658-5553,2.1.1; 2.1.2; 2.1.5; 01.02.20; 5.4.4; 5.4.5; 5.4.7; 5.7.6; 5.7.7; 01.02.20
AlterEconomics (перевод наименования на государственный язык,2782-6201,08.00.05; 28.12.20; 16.10.20; 20.07.20
Российской Федерации: АльтерЭкономика) (до 20.07.2022 наименование в Перечне «Журнал экономической теории» ISSN,2073-6517,08.00.13; 5.2.1; 5.2.4; 01.02.20; 5.2.2; 5.2.3; 25.04.20
Ars Administrandi (перевод наименование на государственный язык Российской Федерации: Искусство управления),2218-9173,23.00.01; 23.00.05; 28.12.20; 16.10.20; 5.5.2
Art Logos («Искусство слова»),2541-9803,5.9.1; 5.9.3; 5.9.5; 5.9.8; 29.03.20
Baikal Research Journal (перевод наименование на государственный язык Российской Федерации: Байкальский научный журнал),2411-6262,08.00.05; 12.00.08; 19.00.05; 28.12.20; 16.10.20; 5.2.4; 5.3.1; 01.02.20; 5.1.4; 5.2.3; 08.02.20; 5.1.2; 20.02.20
BENEFICIUM (перевод наименование на государственный язык Российской Федерации: БЕНЕФИЦИУМ),2713-1629,08.00.05; 25.12.20; 16.10.20; 5.2.3; 5.2.6; 21.02.20; 09.08.20
Biological Communications (перевод наименование на государственный язык Российской Федерации: Биологические сообщения) (До 09.08.2018 г. наименование в Перечне Вестник Санкт- Петербургского университета. Серия 3. Биология ISSN,1025-8604,
Biomedical Chemistry: Research and Methods (перевод наименование на государственный язык Российской Федерации: Биомедицинская химия: исследования и методы),2618-7531,1.5.4; 1.5.4; 09.02.20
Biomedical Photonics,2413-9432,1.3.19; 3.1.6; 01.02.20; 3.1.9
BRICS Journal of Economics (перевод наименования на государственный язык Российской Федерации Экономический журнал БРИКС),2712-7702,5.2.1; 5.2.2; 5.2.2; 5.2.3; 5.2.4; 5.2.5; 5.2.6; 5.4.3; 23.04.20; 30.09.20
BULLETIN OF ART AND EDUCATION (перевод названия на государственный язык Российской Федерации: БЮЛЛЕТЕНЬ ИСКУССТВО И ОБРАЗОВАНИЕ) (до 30.09.2025 наименование в Перечне «BULLETIN OF THE INTERNATIONAL CENTRE OF ART AND EDUCATION» ISSN,2618-6942,
"Cardioсоматика (""Кардиосоматика"")",2221-7185,14.01.13; 28.12.20; 16.10.20; 3.1.18; 3.1.20; 01.02.20
Caspium Securitatis: журнал каспийской безопасности,2713-024X,5.7.7; 5.7.8; 5.10.1; 01.10.20
CATHEDRA – КАФЕДРА. Стоматологическое образование,2222-2154,14.03.09; 28.12.20; 16.10.20; 3.1.7; 01.02.20; 3.3.6
Caucasian Science Bridge (перевод названия на государственный язык Российской Федерации: Кавказский научный мост),2658-5820,5.4.4; 5.4.6; 5.4.7; 20.07.20
CIS Iron and Steel Review (Обозрение по черной металлургии СНГ),2072-0815,2.6.1; 2.6.2; 2.6.3; 2.6.4; 2.6.5; 2.6.9; 2.6.13; 2.6.17; 2.8.9; 10.06.20
Children`s medicine of the North- West (перевод наименования на государственный язык Российской Федерации: Детская медицина Северо- Запада),2221-2582,3.1.7; 3.1.9; 3.1.11; 3.1.19; 3.1.21; 3.1.22; 3.1.30; 11.12.20
Cloud of science (перевод наименования на государственный язык Российской Федерации: Научное облако),2409-031X,05.13.15; 05.13.17; 28.12.20; 16.10.20; 2.3.3; 2.3.4; 01.02.20; 5.6.8; 05.02.02; 05.02.11; 05.02.22; 05.02.23; 05.14.01; 05.14.03; 05.14.08; 28.12.20; 16.10.20; 05.13.05; 05.13.12; 05.13.15
Сomponents of scientific and technological progress,1997-9347,05.02.13; 05.02.22; 05.02.23; 08.00.05; 02.12.20; 16.10.20; 08.00.12; 08.00.13; 2.1.1; 2.1.3; 2.1.7; 2.1.10; 2.1.11; 2.1.11; 2.1.13; 2.1.13; 5.2.4; 5.2.5; 01.02.20; 2.1.5
"Consilium Medicum (""Врачебный консилиум"")",2075-1753,14.01.28; 28.12.20; 16.10.20; 3.1.3; 3.1.9; 3.1.13; 3.1.18; 3.1.19; 3.1.20; 3.1.24; 3.1.26; 3.1.27; 3.1.29; 3.1.31; 3.1.4; 3.1.23; 01.02.20; 3.1.1; 3.1.6; 3.1.25
Consortium Psychiatricum,2712-7672,3.1.17; 5.3.6; 5.3.6; 11.12.20
Construction and Geotechnics (перевод наименования на государственный язык Российской,2687-0894,2.1.2; 2.1.3; 01.02.20; 22.12.20
(до 22.12.2020 наименование в Перечне «Вестник Пермского национального исследовательского политехнического университета. Строительство и архитектура» ISSN,2224-9826,2.1.4; 2.1.5; 2.1.7; 2.1.8; 2.1.9; 2.1.10
CONTINUUM. Математика. Информатика. Образование,2500-1957,5.8.2; 5.8.7; 22.10.20
Dental Forum (перевод названия на государственный язык Российской Федерации: Форум стоматологии),2077-6632,3.1.7; 01.02.20
"Diagnostics, Resource and Mechanics of materials and structures (перевод названия на государственный язык Российской Федерации: Диагностика, ресурс и механика материалов и конструкций)",2410-9908,1.1.8; 1.1.9; 2.5.2; 2.5.3; 2.5.6; 2.5.7; 2.5.8; 2.5.9; 2.6.1; 2.6.4; 2.6.5; 20.04.20; 2.6.17
Digital Diagnostics,2712-8490,1.2.1; 3.1.6; 3.1.20; 3.1.25; 11.04.20; 31.01.20
"Discrete and Continuous Models and Applied Computational Science (до 31.01.2020 наименование в Перечне «Вестник Российского университета дружбы народов. Серия ""Математика. Информатика. Физика""» ISSN",2312-9743,
E-Management,2658-3445,5.2.3; 5.2.5; 5.2.6; 23.11.20; 15.10.20
"EDUCATIONAL BULLETIN «CONSCIOUSNESS» / «ОБРАЗОВАТЕЛЬНЫЙ ВЕСТНИК «СОЗНАНИЕ» (до 15.10.2019 г. наименование в Перечне «Электронный научно-образовательный Вестник ""Здоровье и образование в XXI веке"" ISSN",2226-7417,
Energy Systems Research (перевод наименования на государственный язык Российской Федерации: Системные исследования в энергетике),2618-9992,1.2.2; 2.4.3; 2.4.5; 11.12.20
Epistemology & Philosophy of Sciences /Эпистемология и философия науки 1811-833Х,2311-7133,5.7.1; 5.7.6; 5.7.8; 01.02.20
"European Social Science Journal (""Европейский журнал социальных наук"")",2079-5513,08.00.05; 08.00.12; 08.00.13; 13.00.04; 13.00.05; 19.00.04; 19.00.05; 19.00.12; 19.00.13; 28.12.20; 16.10.20; 5.2.1; 5.2.4; 5.2.5; 5.3.1; 01.02.20; 22.03.20; 5.3.2; 5.3.3; 5.3.4
FOCUS Эндокринология,2713-0177,3.1.18; 3.1.19; 3.1.20; 3.1.20; 3.1.30; 3.1.31; 3.1.32; 20.05.20; 3.1.24; 25.09.20
Folia Otorhinolaryngologiae et Pathologiae Respiratoriae (Журнал оториноларингологии и респираторной патологии),2310-3825,3.1.3; 01.02.20; 20.04.20
Frontier Materials & Technologies (перевод наименования на государственный язык Российской Федерации: Прогрессивные материалы и технологии) (до 20.04.2023 наименование в Перечне «Вектор науки Тольяттинского,2782-4039,05.02.02; 05.02.11; 05.02.18; 26.03.20; 16.10.20; 2.5.3; 01.02.20
Eurasian mining (Горная промышленность Евразии),2072-0823,1.6.10; 1.6.10; 2.8.3; 2.8.3; 2.8.6; 2.8.8; 2.8.9; 08.07.20
Ex Jure (перевод наименования на государственный язык Российской Федерации: По закону),2619-0648,12.00.01; 12.00.02; 12.00.03; 04.02.20; 16.10.20; 12.00.05; 12.00.08; 12.00.09; 12.00.14; 12.00.15; 5.1.1; 5.1.2; 5.1.3; 5.1.4; 30.06.20; 12.00.01; 12.00.02; 12.00.03; 12.00.04; 12.00.05
"Head and Neck / Голова и шея. Российское издание. Журнал Общероссийской общественной организации ""Федерация специалистов по лечению заболеваний головы и шеи""",2310-5194,3.1.3; 3.1.5; 3.1.6; 3.1.7; 3.1.9; 3.1.10; 3.1.16; 01.02.20; 3.1.19; 3.1.23
"Health, Food & Biotechnology (перевод наименования на государственный язык Российской Федерации: Здоровье, питание и Биотехнологии)",2712-7648,2.6.11; 2.6.11; 3.3.6; 3.3.6; 3.3.6; 4.3.3; 4.3.3; 4.3.5; 4.3.5; 4.3.5; 15.06.20
Historia provinciae – журнал региональной истории,2587-8344,5.6.1; 5.6.2; 5.6.5; 5.6.7; 01.02.20
Hominum (перевод наименования на государственный язык Российской Федерации: Человек существующий),2712-8806,5.3.4; 5.8.1; 5.8.2; 30.10.20
Horizon. Феноменологические исследования,2226-5260,5.7.1; 20.03.20; 5.7.2; 5.7.3; 5.7.6; 5.7.7; 5.7.8
Human Progress (перевод наименования на государственный язык Российской Федерации: Человеческое развитие),2414-4916,08.00.05; 25.12.20; 16.10.20; 5.2.3; 5.2.6; 01.11.20
Hypothekai (перевод наименования на государственный язык Российской Федерации: Наставления),2587-7127,5.8.1; 21.02.20; 5.6.2; 17.07.20
International agricultural journal,2588-0209,1.6.15; 1.6.20; 4.1.2; 4.1.3; 4.1.5; 4.1.6; 5.2.3; 20.03.20
International Journal for Computation Civil and Structural Engineering (Международный журнал по расчету гражданских и строительных конструкций),1524-5845,05.23.07; 28.12.20; 16.10.20; 1.1.8; 01.02.20; 1.2.2; 2.1.1; 2.1.2; 2.1.5; 2.1.9
International Journal of Medicine and Psychology / Международный журнал медицины и психологии,2658-3313,19.00.05; 19.00.13; 04.02.20; 16.10.20; 3.3.3; 3.3.3; 3.3.6; 3.3.8; 5.3.1; 5.3.3; 5.3.4; 01.02.20
International Journal of Open Information Technologies (перевод наименования на государственный язык Российской Федерации: Международный журнал открытых информационных технологий),2307-8162,01.01.09; 05.13.15; 05.13.15; 05.13.17; 05.13.17; 26.03.20; 16.10.20; 1.2.2; 01.02.20; 1.2.2; 2.3.1; 2.3.1; 2.3.5; 2.3.5; 2.3.6; 2.3.6; 2.3.2; 20.03.20
International Law Journal / Международный юридический журнал,2658-5693,12.00.01; 12.00.02; 12.00.03; 12.00.08; 12.00.09; 12.00.10; 12.00.11; 12.00.12; 12.00.14; 25.12.20; 16.10.20; 5.1.1; 5.1.2; 5.1.3; 5.1.4; 5.1.5; 21.02.20; 14.12.20
iPolytech Journal (до 14.12.2022 наименование издания в Перечне «Вестник Иркутского государственного технического университета» ISSN,1814-3520,
Issues in Elitology (Вопросы элитологии),2712-8415,5.5.1; 5.5.2; 5.5.4; 5.7.7; 27.03.20; 5.7.8
Journal «Bulletin Social- Economic and Humanitarian Research» (перевод наименования на государственный язык Российской Федерации: Бюллетень социально- экономических и гуманитарных исследований),2658-5561,5.6.1; 5.6.2; 01.02.20
Journal of Advanced Materials and Technologies (перевод наименования на государственный язык Российской Федерации: Журнал современных материалов и технологий),2782-2192,1.4.15; 2.6.6; 2.6.13; 2.6.17; 16.12.20
Journal of Agriculture and Environment,2564-890X,4.1.1; 4.1.2; 4.1.6; 4.2.4; 4.2.4; 4.2.4; 4.2.5; 4.2.5; 5.2.3; 29.03.20
Journal of Applied Economic Research (перевод наименования на,2712-7435,08.00.05; 28.12.20; 16.10.20; 09.12.20
Журнал прикладных экономических исследований) (до 09.12.2020 г. наименование в Перечне «Вестник УрФУ. Серия экономика и управление» ISSN,2412-5725,08.00.13; 5.2.1; 5.2.4; 01.02.20; 5.2.2; 5.2.3; 5.2.5; 5.2.6; 21.02.20
"Journal of Economic Regulation (""Вопросы регулирования экономики"")",2078-5429,08.00.05; 28.12.20; 16.10.20; 5.2.1; 01.02.20
Journal of Bioinformatics and Genomics (перевод наименования на государственный язык Российской Федерации: «Журнал биоинформатики и геномики»),2530-1381,1.5.8; 15.11.20
"Journal of Institutional Studies (""Журнал институциональных исследований"")",2076-6297,08.00.05; 08.00.13; 28.12.20; 16.10.20; 5.2.1; 5.2.4; 5.2.5; 01.02.20
Journal of Language and Education (перевод наименования на государственный язык Российской Федерации: Язык и образование),2411-7390,10.02.04; 10.02.19; 10.02.20; 10.02.21; 10.02.22; 08.07.20; 16.10.20; 5.3.4; 5.8.1; 5.8.7; 01.02.20; 5.12.3; 5.12.3; 5.12.3; 20.03.20
Journal of Monetary Economics and Management,2782-4586,5.2.3; 5.2.4; 5.2.6; 21.02.20; 08.07.20
Journal of New Economy (перевод наименования на государственный язык Российской Федерации: Журнал Новой экономики) (До 08.07.2019 г. наименование в Перечне «Известия Уральского государственного экономического университета» ISSN,2073-1019,
Journal of regional and international competitiveness,2782-1927,5.2.1; 5.2.6; 31.05.20; 09.08.20
Journal of Siberian Medical Science (перевод наименования на государственный язык Российской Федерации: Журнал Сибирских медицинских наук) (До 09.08.2018 г. наименование в Перечне «Медицина и,2542-1174,14.01.06; 14.01.27; 14.03.07; 14.03.09; 28.12.20; 16.10.20; 3.1.4; 01.02.20
"Jus strictum (до 05.02.2025 г. наименование в Перечне «Вектор науки Тольяттинского государственного университета. Серия: Юридические науки», ISSN",2220-7457,
KANT : Social science & Humanities,2305-8757,5.4.4; 20.12.20; 5.4.5; 5.4.6; 5.5.1; 5.5.2; 5.10.1; 5.10.1; 5.10.2; 5.10.2; 5.10.3
Kavkaz-forum (перевод наименования на государственный язык Российской Федерации: Кавказ-форум),2687-0754,5.6.1; 5.6.4; 5.9.1; 5.9.4; 5.9.5; 5.9.8; 30.10.20
Language in Africa,2686-8946,5.9.6; 5.9.8; 20.02.20
Legal Bulletin / Юридический бюллетень,2658-5448,12.00.01; 12.00.03; 12.00.08; 09.12.20; 16.10.20; 5.1.1; 5.1.2; 5.1.3; 5.1.4; 5.1.5; 29.03.20; 27.11.20
Legal Concept = Правовая парадигма (До 27.11.2017 г. наименование в Перечне Вестник Волгоградского государственного университета. Серия 5. Юриспруденция ISSN,2078-8495,
Legal Issues in the Digital Age (перевод наименования на государственный язык Российской Федерации:,2713-2749,5.1.1; 5.1.2; 25.04.20; 5.1.3; 5.1.4; 5.1.5; 18.05.20
Logos et Praxis (перевод наименования на государственный язык Российской Федерации: Логос и Праксис) (До 18.05.2018 г. наименование в Перечне Вестник Волгоградского государственного университета. Серия 7. Философия. Социология и социальные технологии ISSN,1998-9946,
Lex russica (Русский закон),1729-5920,12.00.01; 12.00.02; 12.00.03; 12.00.04; 12.00.05; 12.00.06; 12.00.07; 12.00.08; 12.00.09; 28.12.20; 16.10.20; 12.00.10; 12.00.11; 12.00.12; 12.00.13; 12.00.14; 12.00.15; 5.1.1; 5.1.2; 5.1.3
Litera (перевод названия на государственный язык Российской Федерации: Литера),2409-8698,10.01.01; 10.01.02; 10.01.03; 10.01.10; 10.02.01; 10.02.02; 10.02.03; 10.02.04; 10.02.05; 10.02.19; 28.12.20; 16.10.20; 10.02.20; 10.02.21; 10.02.22; 24.00.01; 5.9.3; 5.9.4; 5.9.7; 5.10.2
Magazine of Civil Engineering,2712-8172,05.23.16; 26.03.20; 16.10.20; 13.10.20
"гидрология (технические науки),",2071-0305,
"MALIGNANT TUMOURS ""Злокачественные опухоли""",2224-5057,3.1.9; 3.1.6; 01.02.20
Materials. Technologies. Design (перевод наименования на государственный язык Российской Федерации: Материалы. Технологии. Дизайн),2658-7572,1.3.5; 1.3.5; 1.3.8; 1.3.8; 1.3.9; 1.3.13; 2.6.1; 2.6.4; 2.6.6; 2.6.6; 10.06.20
Means of communication equipment,2782-2141,2.2.13; 10.06.20; 2.2.14; 2.2.15; 2.3.1; 2.3.5; 2.3.6; 15.10.20
"MEDICAL & PHARMACEUTICAL JOURNAL «PULSE» / «МЕДИКО- ФАРМАЦЕВТИЧЕСКИЙ ЖУРНАЛ «ПУЛЬС» ( до 15.10.2019 г. наименование в Перечне «Журнал научных статей ""Здоровье и образование в ХХI веке"" ISSN",2226-7425,
Medicine and health care organization / Медицина и организация здравоохранения,2658-4212,14.02.03; 09.12.20; 16.10.20; 3.2.1; 01.02.20; 5.6.6; 3.2.3; 07.12.20
Medicine: theory and practice / Медицина: теория и практика,2658-4190,3.1.18; 3.1.19; 3.1.20; 3.1.33; 25.05.20
Microbiology Independent Research Journal / Независимые микробиологические исследования,2500-2236,1.5.10; 1.5.11; 1.5.18; 01.02.20
Minbar. Islamic Studies (перевод наименования на государственный язык Российской Федерации: Минбар. Исламские исследования),2618-9569,19.00.05; 26.00.01; 12.02.20; 16.10.20; 5.6.1; 5.6.2; 5.6.4; 5.6.5; 5.6.7; 5.3.1; 01.02.20; 5.11.1; 5.11.2; 5.11.3; 20.12.20
Modern Economy Success (перевод наименования на государственный язык Российской Федерации: Успехи современной экономики),2500-3747,08.00.05; 08.00.12; 08.00.13; 12.02.20; 16.10.20; 5.2.1; 5.2.4; 5.2.5; 01.02.20; 5.2.2; 5.2.3; 30.06.20
Modern Humanities Success / Успехи гуманитарных наук,2618-7175,13.00.04; 13.00.05; 10.01.01; 10.01.02; 10.01.03; 10.01.10; 10.02.01; 10.02.02; 10.02.03; 10.02.04; 10.02.19; 10.02.20; 08.07.20; 16.10.20; 5.8.1; 5.8.2; 5.8.3; 5.8.7; 5.9.3; 5.9.4
Modern oriental studies (перевод наименования на государственный язык Российской Федерации: Современные востоковедческие исследования),2686-9675,5.6.2; 5.6.7; 5.7.2; 5.9.6; 5.9.8; 20.07.20
NB: Административное право и практика администрирования,2306-9945,12.00.11; 28.12.20; 16.10.20; 12.00.14; 5.1.2; 17.07.20
Noise Theory and Practice (перевод наименования на государственный язык Российской Федерации: Шум Теория и практика),2412-8627,1.3.7; 01.02.20; 09.12.20
NOMOTHETIKA: Философия. Социология. Право (до 09.12.2020 г. наименование в Перечне «Научные ведомости Белгородского государственного университета. Серия «Философия. Социология. Право» ISSN,2075-4566,
Non-ferrous metals (Цветные металлы),2072-0807,1.5.15; 2.6.1; 2.6.2; 2.6.3; 2.6.4; 2.6.5; 2.6.8; 2.6.13; 2.6.17; 2.8.9; 08.07.20; 20.12.20
π-Economy (до 20.12.2022 наименование издания в Перечне «Научно- технические ведомости Санкт- Петербургского государственного политехнического университета. Экономические науки = St. Petersburg State Polytechnical University Journal. Economics» ISSN,1994-2354,
Oeconomia et Jus,2499-9636,5.1.1; 5.1.2; 5.1.3; 5.1.4; 5.2.1; 5.2.3; 5.2.4; 29.03.20; 5.2.6; 5.2.7
OpenScience (перевод наименования на государственный язык Российской Федерации: Открытая наука),2658-7939,5.2.3; 5.2.4; 5.2.6; 20.12.20
Opera musicologica (Музыковедческие труды),2075-4078,17.00.02; 17.00.09; 17.00.09; 24.00.01; 24.00.01; 26.03.20; 16.10.20; 5.7.3; 01.02.20; 5.10.1; 5.10.1; 5.10.3; 20.12.20; 03.04.20
Oriental Studies (Вестник КИГИ РАН) ( до 03.04.2019 наименование в Перечне «Вестник Калмыцкого института гуманитарных исследований РАН» ISSN 2075- 7794),2619-0990,10.01.03; 10.02.02; 10.02.20; 10.02.22; 28.12.20; 16.10.20; 5.6.1; 5.6.2; 5.6.3; 5.6.4; 5.9.4; 01.02.20; 5.6.5; 5.9.1; 5.9.2; 5.9.5; 5.9.6; 25.04.20
PHILHARMONICA. International Music Journal (перевод наименования на государственный язык Российской Федерации: Филармоника. Международный музыкальный журнал),2453-613X,17.00.02; 17.00.05; 17.00.09; 12.02.20; 16.10.20; 5.10.1; 5.10.1; 5.10.2; 5.10.2; 5.10.2; 5.10.3; 21.02.20
Philologia classica: Исследования по классической филологии и истории антиковедения,0202-2532,10.01.03; 10.02.20; 28.12.20; 16.10.20; 5.9.3; 5.9.7; 01.02.20; 5.9.2; 5.9.8; 21.02.20
Physics of Complex System,2687-153X,1.3.3; 1.3.8; 1.3.11; 20.03.20
PolitBook (перевод наименования на государственный язык Российской Федерации: ПолитБук),2227-1538,23.00.01; 23.00.03; 23.00.05; 23.00.06; 28.12.20; 16.10.20; 5.5.2; 5.5.4; 01.02.20
Primo aspectu,2500-2635,22.00.03; 28.12.20; 16.10.20; 5.8.1; 5.8.7; 5.4.6; 01.02.20; 5.4.4; 20.03.20
Professional Discourse & Communication (перевод наименования на государственный язык Российской Федерации: Дискурс профессиональной коммуникации),2687-0126,5.9.6; 5.9.8; 21.02.20
R-Economy (перевод наименования на государственный язык Российской Федерации: Р-Экономика),2412-0731,08.00.05; 12.02.20; 16.10.20; 5.2.5; 01.02.20; 5.2.3; 27.06.20
Reports Scientific Society,2351-0609,5.2.1; 5.2.2; 5.2.3; 5.2.4; 5.2.5; 5.9.1; 5.9.3; 5.9.6; 20.12.20; 09.08.20
Research Results in Pharmacology (перевод наименования на государственный язык Российской Федерации: Научные результаты в фармакологии) (До 09.08.2018 г. наименование в Перечне «Research result: pharmacology and clinical pharmacology» ISSN,2500-235X,
Research'n Practical Medicine Journal (перевод наименования на государственный язык Российской Федерации: Исследования и Практика в Медицине),2410-1893,14.01.13; 14.02.03; 28.12.20; 16.10.20; 3.1.6; 3.1.6; 3.1.9; 01.02.20; 3.1.13; 3.3.6; 3.1.25; 17.06.20
Resources and Technology (перевод наименования на государственный язык Российской Федерации: Ресурсы и технологии),2307-0048,05.20.01; 05.21.01; 12.02.20; 16.10.20; 4.1.6; 4.3.1; 4.3.4; 15.02.20
Respublica Literaria,2713-3125,5.4.3; 5.4.6; 5.4.7; 5.7.1; 5.7.2; 5.7.7; 25.04.20
Review of Business and Economics Studies (перевод наименования на государственный язык Российской Федерации: Вестник исследований бизнеса и экономики),2308-944X,
Reviews on Advanced Materials and Technologies (перевод наименования на государственный язык Российской Федерации: Обзоры передовых материалов и технологий),2687-0568,1.3.8; 1.3.11; 1.3.19; 1.3.20; 10.06.20; 2.2.2; 2.2.4; 2.2.6; 2.2.7; 2.2.7; 2.2.8; 2.2.9; 2.6.6; 2.6.6; 2.6.17; 2.6.17
Rhema. Рема,1992-6375,10.01.01; 10.02.01; 10.02.19; 10.02.20; 10.02.21; 28.12.20; 16.10.20; 5.9.3; 5.8.2; 01.02.20; 5.9.1; 5.9.5; 5.9.6; 5.9.8; 5.12.3; 20.12.20
Russian Biomedical Research / Российские биомедицинские исследования,2658-6584,1.5.5; 1.5.22; 3.3.3; 3.3.3; 3.3.1; 15.11.20
Russian Electronic Journal of Radiology (Российский Электронный Журнал Лучевой диагностики),2222-7415,14.01.13; 28.12.20; 16.10.20; 3.1.25; 13.10.20
Russian Economic Bulletin / Российский экономический вестник,2658-5286,08.00.05; 08.00.12; 08.00.13; 15.10.20; 16.10.20; 5.2.1; 5.2.4; 5.2.5; 5.4.1; 5.4.4; 5.4.6; 5.4.7; 01.02.20; 5.2.3; 5.2.6; 23.09.20
Russian Journal of Economics (перевод названия на государственный язык Российской Федерации: Российская экономическая наука),2618-7213,5.2.1; 5.2.2; 5.2.3; 5.2.4; 5.2.5; 5.4.2; 17.07.20; 21.12.20
"Russian Journal of Economics and Law (перевод наименования на государственный язык Российской Федерации: Российский журнал экономики и права) (до 21.12.2021 наименование в Перечне «Актуальные проблемы экономики и права», ISSN",1993-047X,
Russian Journal of Education and Psychology (перевод наименования на государственный язык Российской Федерации: Российский журнал педагогики и психологии),2782-3563,5.8.1; 5.8.7; 5.3.1; 5.3.4; 01.02.20
Russian Journal of Ecosystem Ecology (перевод наименования на государственный язык Российской Федерации: Российский журнал экологии экосистем),2500-0578,1.5.9; 1.5.12; 1.5.15; 1.5.19; 01.02.20
Russian Journal of Environmental and Rehabilitation Medicine,2949-0839,1.5.15; 3.2.1; 3.1.33; 3.1.33; 11.04.20
Russian Journal of Immunology (перевод наименования на государственный язык Российской Федерации: Российский иммунологический журнал),1028-7221,1.5.3; 1.5.3; 3.2.7; 3.2.7; 3.3.6; 3.3.6; 15.02.20; 3.3.8; 3.3.8; 27.04.20
Russian Journal of Linguistics (перевод наименования на государственный язык Российской Федерации: Российский лингвистический журнал) (до 27.04.2022 наименование издания в Перечне «Вестник Российского университета дружбы народов. Серия: «Лингвистика» ISSN,2312-9182,
Russian Journal of Management (перевод наименования на государственный язык Российской Федерации: Российский журнал менеджмента),2409-6024,08.00.05; 28.12.20; 16.10.20; 5.2.1; 5.2.3; 5.2.4; 5.2.5; 5.2.6; 5.2.7; 29.03.20
Russian Linguistic Bulletin (перевод наименования на государственный язык Российской Федерации: Российский лингвистический бюллетень),2411-2968,10.01.02; 10.01.03; 10.02.03; 10.02.04; 26.12.20; 16.10.20; 10.02.05; 10.02.19; 10.02.20; 10.02.22; 5.9.1; 5.9.2; 5.9.3; 5.9.5; 5.9.6; 5.9.8; 01.11.20; 27.10.20
Russian Social and Humanitarian Studies / Российские социогуманитарные исследования (до 27.10.2025 г. наименование в Перечне «Современные исследования социальных проблем» ISSN,2218-7405,
Russian Studies in Culture and Society (перевод наименования на государственный язык Российской Федерации: Российские исследования. Культура и общество),2998-8292,5.4.1; 5.4.6; 5.10.1; 5.10.1; 5.10.2; 27.04.20
Russian Studies in Law and Politics (перевод наименования на государственный язык Российской Федерации: Российские исследования. Право и политика),2998-8284,5.1.2; 5.1.3; 5.5.3; 20.12.20; 13.10.20
Russian Technological Journal (До 13.10.2022 г. наименование в Перечне «Российский технологический журнал» ISSN,2500-316X,09.06.20
) (До 09.06.2018 г. наименование в Перечне «Вестник МГТУ МИРЭА» ISSN,2313-5026,
Secreta Artis (перевод наименования на государственный язык Российской Федерации: Секреты искусства),2618-7140,17.00.04; 15.10.20; 16.10.20; 5.10.3; 01.11.20; 15.10.20
Science for Education Today (перевод наименования на государственный язык Российской Федерации: Наука для образования сегодня) (до 15.10.2019 наименование в Перечне «Вестник Новосибирского государственного педагогического университета / Novosibirsk State Pedagogical,2658-6762,13.00.04; 28.12.20; 16.10.20; 5.7.8; 5.8.1; 01.02.20; 5.8.2; 5.8.7; 5.3.2; 5.3.4; 5.7.7; 5.8.5; 5.8.6; 5.12.1; 20.03.20; 27.10.20
Siberian Journal of Economic and Business Studies / Сибирский журнал экономических и бизнес- исследований (до 27.10.2025 г. наименование в Перечне «Наука Красноярья» ISSN,2782-3261,
Siberian Journal of Life Sciences and Agriculture (перевод наименования на государственный язык Российской Федерации:,2658-6657,4.1.1; 4.1.2; 11.12.20; 4.1.3; 4.1.4; 4.1.6; 3.2.1; 3.2.3; 10.06.20
SIBERIAN SOCIUM (перевод наименования на государственный язык Российской Федерации: Сибирский социум),2587-8484,22.00.03; 25.12.20; 16.10.20; 5.4.1; 5.4.4; 5.4.7; 01.02.20; 5.4.2; 29.03.20
Society and Security Insights (перевод наименования на государственный язык Российской Федерации: Общество и безопасность),2619-0249,5.4.3; 5.4.4; 5.4.6; 03.06.20
SocioTime / Социальное время,2410-0773,5.7.1; 5.7.2; 5.7.6; 5.7.7; 5.7.8; 5.4.4; 5.4.5; 5.4.6; 5.4.7; 01.02.20; 5.6.1; 5.6.2; 5.6.3; 5.6.4; 5.6.7; 01.11.20
"Studia Germanica, Romanica et Comparatistica",2415-8720,5.9.6; 5.9.8; 20.02.20
Studia Litterarum (перевод наименования на государственный язык Российской Федерации: Литературные исследования),2500-4247,10.01.01; 10.01.02; 10.01.03; 12.02.20; 16.10.20; 5.9.3; 5.9.4; 01.02.20; 5.9.1; 5.9.2; 23.09.20
Studia Religiosa Rossica: научный журнал о религии,2658-4158,5.7.9; 5.7.9; 5.10.1; 5.10.1; 5.11.1; 5.11.2; 31.05.20
Studia Slavica et Balcanica Petropolitana,1995-848X,5.6.1; 5.6.2; 20.03.20; 5.6.5
Sustainable Development and Engineering Economics (перевод наименования на государственный язык Российской Федерации: Устойчивое развитие и инженерная экономика),2782-6333,5.2.2; 2.3.4; 30.10.20
System Analysis & Mathematical Modeling (перевод наименования на государственный язык Российской Федерации: Системный анализ и математическое моделирование),2713-1734,1.2.2; 1.2.2; 2.3.1; 2.3.1; 13.10.20
T-Comm – Телекоммуникации и Транспорт,2072-8735,05.13.15; 05.22.01; 05.22.13; 28.12.20; 16.10.20; 2.2.13; 2.2.13; 2.2.14; 2.2.14; 2.2.15; 2.2.15; 2.2.16; 2.2.16; 01.02.20; 2.3.4; 1.2.2; 2.9.4; 08.02.20
Tempus et Memoria (до 08.02.20223 наименование в Перечне «Известия Уральского федерального университета. Серия 3. Общественные науки» ISSN,2227-2291,
Terra artis. Искусство и дизайн,2712-8768,5.10.1; 01.10.20; 5.10.1; 5.10.2; 5.10.3
Terra Economicus («ПРОСТРАНСТВО ЭКОНОМИКИ»),2073-6606,08.00.05; 28.12.20; 16.10.20; 5.2.1; 01.02.20; 08.02.20
Terra Linguistica (до 08.02.2023 г. наименование в Перечне «Общество. Коммуникация. Образование = Society. Communication. Education» ISSN,2687-0525,09.12.20
государственного политехнического университета. Гуманитарные и общественные науки. St. Petersburg State Polytechnicl University Journal. Humanities and Social Sciences» ISSN,2304-9758,
The Digital Scholar: Philosopher`s Lab / Цифровой ученый: лаборатория философа,2618-9267,5.7.1; 01.02.20; 5.7.6; 5.7.7; 5.7.8
The EYE ГЛАЗ,2222-4408,3.1.5; 01.02.20; 08.07.20
"The world of academia: Culture, Education (перевод наименования на государственный язык Российской Федерации: Мир университетской науки: культура, образование) (До 08.07.2019 г. наименование в Перечне «Известия Южного федерального университета. Педагогические науки» ISSN",1995-1140,
Theory and Practice of Physical Culture,2409-4234,5.8.4; 5.8.5; 5.8.6; 5.8.7; 20.03.20
"Training, Language and Culture",2521-442X,5.8.2; 20.12.20; 5.9.6; 5.9.8; 24.11.20
Transportation and Information Technologies in Russia / Транспорт и информационные технологии (до 24.11.2025 г. наименование в Перечне «International Journal of Advanced Studies (Международный журнал перспективных исследований)» ISSN,2328-1391,
Turczaninowia (Турчаниновия),1560-7259,03.01.07; 03.01.08; 28.12.20; 16.10.20; 1.5.3; 1.5.21; 1.5.6; 1.5.9; 1.5.7; 1.5.15; 1.5.18; 1.5.20; 1.5.22; 1.5.23; 01.02.20
University therapeutic journal (перевод наименования на государственный язык Российской Федерации: Университетский терапевтический вестник),2713-1912,3.1.9; 3.1.18; 3.1.20; 3.1.21; 3.1.29; 25.05.20; 3.1.30; 3.1.31
Ural Radio Engineering Journal (перевод наименования на государственный язык Российской Федерации: Уральский радиотехнический журнал),2588-0454,05.11.08; 05.11.18; 15.04.20; 16.10.20; 2.2.14; 2.2.16; 2.2.2; 01.02.20; 2.2.8; 2.2.13; 2.2.15; 07.03.20
"Vestnik of Russian New University. Series Complex systems: models, analysis, management"" (""Вестник Российского нового университета. Серия ""Сложные системы: модели, анализ и управление"")",2414-9187,05.13.20; 28.12.20; 16.10.20; 2.2.14; 2.2.15; 2.2.16; 2.3.1; 2.3.4; 2.3.5; 1.2.2; 1.2.2; 01.02.20; 2.3.6; 2.3.8; 14.12.20
"Vestnik of Russian New University. Series Man and society"" (""Вестник Российского нового университета. Серия ""Человек и общество"")",2414-9276,08.00.05; 12.00.01; 12.00.08; 28.12.20; 16.10.20; 5.2.1; 5.2.2; 5.2.3; 5.2.4; 5.2.5; 5.2.6; 5.1.1; 5.1.3; 5.1.4; 21.02.20
"Vestnik of Russian New University. Series Man in the modern world"" (""Вестник Российского нового университета. Серия ""Человек в современном мире"")",2414-925X,10.02.01; 10.02.05; 10.02.19; 10.02.20; 10.02.21; 28.12.20; 16.10.20; 5.8.1; 5.8.2; 20.12.20; 5.8.3; 5.8.7; 5.3.1; 5.3.4; 5.3.5; 5.9.5; 5.9.6; 5.9.8; 30.10.20; 09.12.20
Via in tempore. История. Политология (до 09.12.2020 г. наименование в Перечне «Научные ведомости Белгородского государственного университета. Серия «История. Политология» ISSN,2075-4558,
XXI век: итоги прошлого и проблемы настоящего плюс,2221-951X,05.13.05; 05.13.17; 05.18.12; 05.26.02; 28.12.20; 16.10.20; 05.13.15; 05.18.04; 05.18.15; 03.10.20; 16.10.20; 05.26.03; 2.3.1; 2.3.3; 2.3.4; 4.3.5; 01.02.20; 2.1.16; 1.2.2; 01.02.20
Авиакосмическое приборостроение,2073-0020,05.07.06; 05.07.07; 05.07.10; 05.11.14; 28.12.20; 16.10.20; 2.5.12; 01.02.20; 2.5.13; 2.5.14; 2.5.15; 2.5.16; 2.2.5; 2.3.1; 2.3.6
Авиационная промышленность,0869-530X,05.07.06; 05.07.07; 05.07.10; 28.12.20; 16.10.20; 2.5.12; 2.5.13; 2.5.14; 2.5.15; 2.5.16; 01.02.20
Авиационные двигатели,2658-6061,1.1.7; 1.1.8; 1.1.8; 1.1.9; 22.05.20; 2.5.4; 2.5.6; 2.5.9; 2.5.12; 2.5.13; 2.5.14; 2.5.15
Авиационные материалы и технологии,2713-0193,05.17.06; 28.12.20; 16.10.20; 2.6.1; 2.6.17; 01.02.20; 2.6.11; 22.06.20
АвтоГазоЗаправочный Комплекс плюс Альтернативное Топливо,2073-8323,2.9.5; 01.02.20
Автоматизация в промышленности,1819-5962,05.02.02; 05.02.11; 05.02.22; 05.02.23; 05.13.05; 05.13.12; 28.12.20; 16.10.20; 05.13.15; 05.13.17; 2.2.4; 2.2.5; 2.2.8; 2.2.10; 2.2.11; 2.3.1; 2.3.3; 2.3.4; 2.3.5; 1.2.2
Автоматизация и моделирование в проектировании и управлении,2658-6436,1.2.2; 2.3.3; 16.12.20; 2.3.4; 2.3.7; 2.4.2; 20.03.20
Автоматизация процессов управления,1991-2927,05.08.06; 05.13.05; 05.13.12; 05.13.17; 28.12.20; 16.10.20; 2.2.15; 2.3.1; 2.3.5; 1.2.2; 2.3.6; 01.02.20; 2.3.2; 2.3.7; 15.02.20
Автоматизация и измерения в машино-приборостроении,2658-4727,1.2.2; 2.2.8; 2.3.3; 22.05.20; 13.10.20
"Автоматизация и информатизация ТЭК (до 13.10.2022 наименование издания в Перечне «Автоматизация,",2782-604X,2.2.8; 2.2.10; 01.02.20
"(технические науки), 2.2.10. Метрология и метрологическое обеспечение (технические науки),",0132-2222,2.2.11; 2.2.15; 2.3.3; 2.3.1; 2.3.5; 1.2.2
Автоматизация. Современные технологии,0869-4931,05.07.07; 05.07.10; 05.13.12; 26.03.20; 16.10.20; 05.02.11; 05.02.22; 05.13.05; 31.01.20; 16.10.20; 2.5.13; 2.5.4; 2.3.1; 2.3.3; 01.02.20; 2.2.9; 2.3.2; 2.9.6; 20.03.20
Автоматика на транспорте,2412-9186,2.3.3; 2.9.4; 01.02.20; 2.9.8; 22.05.20
"Автоматика, связь, информатика",0005-2329,05.09.01; 05.09.03; 05.22.01; 26.03.20; 16.10.20; 2.4.11; 2.3.1; 2.3.3; 1.2.2; 2.3.6; 2.9.4; 01.02.20; 2.2.11; 2.2.13; 2.2.15; 2.4.2; 2.9.8; 14.12.20
Автомобиль. Дорога. Инфраструктура,2409-7217,2.4.7; 2.5.6; 2.5.11; 2.9.8; 15.02.20; 2.9.9
Аграрная история / Agrarian History,2713-2447,5.6.1; 23.04.20
Аграрная наука Евро-Северо- Востока,2072-9081,05.20.01; 05.20.03; 06.01.02; 06.01.04; 06.01.05; 06.01.06; 06.01.07; 06.01.09; 28.12.20; 16.10.20; 06.02.01; 06.02.03; 06.02.06; 06.02.07; 06.02.07; 06.02.08; 06.02.09; 06.02.10; 06.02.10; 12.02.20
Аграрная наука,0869-8155,06.01.04; 06.01.07; 06.02.01; 06.02.03; 12.02.20; 16.10.20; 4.1.1; 4.2.3; 01.02.20; 4.1.2; 22.11.20; 4.1.3; 4.1.4; 4.2.1; 4.2.1; 4.2.2; 4.2.2; 4.2.3; 4.2.4; 4.2.4
Аграрное и земельное право,1815-1329,12.00.01; 12.00.02; 12.00.03; 12.00.04; 12.00.05; 12.00.06; 28.12.20; 16.10.20; 12.00.07; 12.00.08; 12.00.09; 12.00.10; 12.00.11; 12.00.12; 12.00.13; 12.00.14; 12.00.15; 5.1.1; 5.1.2; 5.1.3
Аграрный вестник Верхневолжья,2307-5872,05.20.01; 05.20.03; 06.01.04; 06.02.01; 06.02.07; 28.12.20; 16.10.20; 06.02.10; 4.1.1; 01.02.20; 4.1.3; 4.2.1; 4.2.4; 4.2.5; 4.3.1; 13.10.20; 06.01.05; 06.02.01; 06.02.05; 06.02.05
Аграрный научный журнал,2313-8432,05.20.01; 05.20.03; 06.01.02; 06.01.04; 06.01.05; 06.01.07; 06.02.01; 28.12.20; 16.10.20; 06.02.06; 06.02.08; 06.02.10; 4.1.1; 01.02.20; 4.1.2; 4.1.3; 4.1.4; 4.2.1; 4.2.4; 4.2.5
Агробиотехнологии и цифровое земледелие,2782-490X,4.1.1; 4.1.2; 4.1.3; 10.06.20; 4.1.4; 4.2.3; 4.2.3; 4.2.4; 4.2.4; 4.2.5; 4.2.5
АгроЗооТехника / Agricultural and Livestock Technology,2658-7912,4.1.1; 4.2.4; 4.2.4; 4.2.5; 4.2.5; 08.12.20; 25.12.20
Агроинженерия (до 25.12.2020 наименование в Перечне «Вестник Федерального государственного образовательного учреждения высшего профессионального образования «Московский государственный агроинженерный университет имени В.П. Горячкина» ISSN,1728-7936,
Агропродовольственная политика России / Agro-food poicy in Russia,2227-0280,4.1.1; 4.3.1; 4.3.2; 5.2.3; 13.10.20; 4.1.2; 09.04.20
Агропромышленные технологии Центральной России,2541-7835,4.1.1; 4.3.1; 4.3.3; 13.10.20
Агрофизика,2222-0666,03.01.05; 06.01.02; 06.01.03; 06.01.03; 28.12.20; 16.10.20; 1.5.19; 1.5.19; 01.02.20; 4.1.1; 4.1.1
Агрохимический вестник,0235-2516,06.01.04; 06.01.04; 06.01.04; 06.01.07; 06.01.07; 26.03.20; 16.10.20; 1.5.11; 1.5.15; 1.5.15; 1.5.19; 1.5.19; 1.5.19; 4.1.1; 4.1.1; 01.02.20; 4.1.3; 4.1.3; 4.1.3; 22.11.20
АгроЭкоИнженерия,2713-2641,4.3.1; 4.3.1; 15.02.20; 4.3.2
АгроЭкоИнфо: Электронный научно-производственный журнал,1999-6403,05.20.01; 05.20.02; 05.20.03; 06.01.05; 28.12.20; 16.10.20; 1.5.15; 1.5.19; 1.5.20; 4.1.1; 01.02.20; 4.1.2; 4.3.1; 4.3.1; 4.3.2; 26.01.20
Адаптивная физическая культура,1998-149X,13.00.04; 14.02.06; 26.03.20; 16.10.20; 5.8.6; 25.04.20
Адвокатская практика,1999-4826,12.00.01; 28.12.20; 16.10.20; 12.00.03; 12.00.08; 12.00.09; 12.00.11; 12.00.12; 5.1.2; 5.1.3; 5.1.4; 23.09.20
Административное и муниципальное право,1999-2807,12.00.02; 12.00.14; 26.03.20; 16.10.20; 5.1.2; 21.02.20
Административное право и процесс,2071-1166,12.00.14; 28.12.20; 16.10.20; 5.1.2; 23.09.20
Администратор суда,2072-3636,12.00.01; 12.00.02; 12.00.10; 12.00.11; 28.12.20; 16.10.20; 12.00.15; 5.1.2; 25.04.20
"Азиатско-Тихоокеанский регион: экономика, политика, право",1813-3274,08.00.05; 12.00.03; 12.00.05; 12.00.12; 28.12.20; 16.10.20; 12.00.02; 12.00.08; 12.00.10; 25.12.20; 16.10.20; 5.2.1; 5.2.5; 5.5.2; 5.5.4; 01.02.20; 5.1.1; 5.1.2; 5.1.3; 5.1.4
Азимут научных исследований: педагогика и психология,2309-1754,19.00.05; 28.12.20; 16.10.20; 5.8.1; 5.8.2; 5.8.7; 5.3.1; 01.02.20
Азимут научных исследований: экономика и управление,2309-1762,08.00.05; 08.00.12; 08.00.13; 23.00.01; 23.00.03; 23.00.05; 28.12.20; 16.10.20; 5.2.1; 5.2.4; 5.2.5; 5.5.2; 5.5.4; 01.02.20
Азия и Африка сегодня,0321-5075,23.00.05; 28.12.20; 16.10.20; 5.6.2; 01.02.20; 5.6.7; 5.2.5; 5.5.4
Академический вестник. УРАЛНИИПРОЕКТ РААСН,2074-2932,
Академический вестник войск национальной гвардии Российской Федерации (приложение к журналу «На боевом посту»),2658-4336,6.0.0; 08.10.20
Академический юридический журнал,1819-0928,12.00.01; 12.00.02; 12.00.08; 12.00.09; 12.00.14; 28.12.20; 16.10.20; 5.1.1; 5.1.2; 28.11.20; 5.1.3; 5.1.4
Актуальные вопросы ветеринарной биологии,2074-5036,06.02.01; 06.02.03; 06.02.03; 06.02.04; 06.02.05; 06.02.06; 06.02.07; 06.02.08; 06.02.10; 28.12.20; 16.10.20; 1.5.10; 1.5.11; 1.5.7; 1.5.17; 4.2.3; 4.2.3; 01.02.20; 1.5.4; 1.5.23
Актуальные вопросы сельскохозяйственной биологии,2542-0283,06.02.01; 06.02.03; 06.02.05; 06.02.06; 06.02.07; 06.02.08; 06.02.10; 06.04.01; 26.03.20; 16.10.20; 4.2.3; 01.02.20; 4.2.1; 4.2.1; 4.2.2; 4.2.4; 4.2.4; 15.02.20; 4.2.5; 4.2.5
Актуальные вопросы современной филологии и журналистики / Actual Issues of Modern Philology and Journalism,2587-9510,10.01.01; 10.01.02; 10.01.10; 10.02.01; 10.02.03; 10.02.19; 26.12.20; 16.10.20; 5.9.1; 5.9.5; 5.9.6; 5.9.8; 5.9.9; 21.02.20
Актуальные вопросы спортивной психологии и педагогики,2782-5930,5.3.1; 5.3.4; 5.8.4; 5.8.5; 5.8.6; 30.10.20
Актуальные направления научных исследований XXI века: теория и практика,2308-8877,08.00.05; 21.04.20; 16.10.20; 5.2.3; 03.06.20
Актуальные проблемы высшего музыкального образования,2220-1769,17.00.01; 17.00.02; 17.00.04; 17.00.09; 28.12.20; 16.10.20; 5.10.1; 5.10.1; 5.10.1; 5.10.3; 28.11.20
Актуальные проблемы государства и права,2587-9340,12.00.01; 12.00.03; 12.00.08; 12.00.15; 25.12.20; 16.10.20; 5.1.1; 5.1.3; 5.1.4; 01.11.20
Актуальные проблемы Европы,0235-5620,23.00.05; 28.12.20; 16.10.20; 5.2.5; 5.5.4; 01.02.20; 27.01.20
Актуальные проблемы медицины (до 27.01.2021 . наименование в Перечне «Научные ведомости Белгородского,2687-0940,3.1.18; 3.1.20; 3.1.7; 01.02.20
"науки), 3.1.7. Стоматология (медицинские науки),",2075-4728,3.1.9
Актуальные проблемы нефти и газа,2687-0312,25.00.12; 22.12.20; 16.10.20; 1.6.9; 2.8.4; 01.02.20; 1.6.11; 1.6.11; 22.11.20
Актуальные проблемы психологического знания,2073-8544,19.00.13; 28.12.20; 16.10.20; 5.3.1; 5.3.4; 01.02.20; 5.3.7; 21.02.20
Актуальные проблемы российского права,1994-1471,12.00.01; 12.00.02; 12.00.03; 12.00.04; 12.00.05; 12.00.06; 12.00.07; 28.12.20; 16.10.20; 12.00.08; 12.00.09; 12.00.10; 12.00.11; 12.00.12; 12.00.13; 12.00.14; 12.00.15; 5.1.1; 5.1.2; 5.1.3
Актуальные проблемы социально-экономического развития России Научно- аналитический журнал,2070-8912,08.00.05; 08.00.12; 28.12.20; 16.10.20; 5.2.1; 5.2.4; 01.02.20
Актуальные проблемы физической и специальной подготовки силовых структур,2414-0198,13.00.04; 28.12.20; 16.10.20; 5.8.7; 01.02.20; 5.8.4; 5.8.5; 5.8.6; 25.06.20
Актуальные проблемы филологии и педагогической лингвистики,2079-6021,10.01.01; 10.02.01; 10.02.04; 10.02.19; 10.02.20; 28.12.20; 16.10.20; 5.9.3; 01.02.20; 5.9.1; 5.9.5; 5.9.6; 5.9.8; 23.09.20
Актуальные проблемы экономики и менеджмента,2312-5535,08.00.05; 12.02.20; 16.10.20; 5.2.3; 5.2.6; 01.11.20
Акушерство и гинекология,0300-9092,3.1.4; 3.1.21; 01.02.20
"Акушерство и гинекология: новости, мнения, обучение",2303-9698,3.1.4; 01.02.20
"Акушерство, гинекология и репродукция",2313-7347,14.03.07; 28.12.20; 16.10.20; 3.1.4; 3.1.19; 01.02.20; 3.1.18; 3.1.28
Аллергология и иммунология,1562-3637,03.03.03; 14.03.09; 14.03.09; 28.12.20; 16.10.20; 1.5.24; 01.02.20
Аллергология и Иммунология в Педиатрии,2500-1175,14.03.09; 28.12.20; 16.10.20; 3.1.21; 01.02.20; 3.1.23; 3.2.7; 3.2.7; 15.02.20
Алтайский юридический вестник,2307-5309,12.00.01; 12.00.02; 12.00.03; 12.00.08; 12.00.09; 12.00.12; 12.00.14; 28.12.20; 16.10.20; 5.1.1; 5.1.2; 01.11.20; 5.1.4; 25.04.20; 5.8.3; 5.3.8; 01.02.20
Альманах Казачество,2411-5444,5.6.1; 5.6.2; 5.6.4; 5.6.5; 5.6.6; 5.6.7; 01.02.20; 5.8.1; 31.01.20
Альманах клинической медицины,2072-0505,14.01.13; 28.12.20; 16.10.20; 3.1.19; 3.1.18; 3.1.20; 3.1.24; 01.02.20; 3.1.6; 3.1.23; 3.1.25; 3.1.30; 3.3.8; 3.3.8; 13.10.20
Альманах «Крым»,2658-7793,08.00.05; 09.12.20; 16.10.20; 5.2.5; 01.02.20; 5.2.3; 01.11.20
Альманах Пермского военного института войск национальной гвардии,2782-6058,6.0.0; 09.04.20
Альманах современной метрологии,2313-8068,05.11.06; 05.11.08; 03.07.20; 16.10.20; 2.2.4; 2.2.5; 2.2.8; 2.2.10; 01.02.20; 1.3.7; 2.2.14; 13.10.20; 22.03.20
Амбулаторная хирургия (До 22.03.2022 г. наименование в Перечне «Стационарозамещающие технологии: Амбулаторная хирургия» ISSN,1995-1477,
Амурский зоологический журнал,2686-9519,1.5.12; 1.5.14; 07.12.20; 5.2.5; 5.5.1; 5.5.2; 5.5.4; 25.06.20
Анализ риска здоровью,2308-1155,3.2.1; 3.2.2; 3.3.4; 01.02.20; 2.2.4; 2.2.6; 2.2.8; 01.02.20; 1.4.2; 22.11.20
Аналитика и контроль,2073-1442,1.4.2; 1.4.2; 1.4.2; 2.2.8; 01.02.20
Ангиология и сосудистая хирургия. Журнал имени академика А. В. Покровского,1027-6661,3.1.1; 3.1.9; 3.1.15; 12.02.20
Андрология и генитальная хирургия,2070-9781,3.1.11; 3.1.13; 01.02.20
Анестезиология и реаниматология,0201-7563,3.1.12; 01.02.20
Анналы аритмологии,1814-6791,3.1.20; 3.1.15; 01.02.20
Анналы клинической и экспериментальной неврологии,2075-5473,14.01.13; 28.12.20; 16.10.20; 1.5.24; 3.1.24; 3.1.10; 3.3.3; 3.1.33; 01.02.20; 3.1.25; 13.10.20
Анналы хирургии,1560-9502,14.01.28; 28.12.20; 16.10.20; 3.1.4; 01.02.20; 3.1.6; 3.1.9; 3.1.11; 3.1.15
Анналы хирургической гепатологии,1995-5464,3.1.6; 3.1.9; 01.02.20
Антиномии (до 04.02.2020 наименование в Перечне «Научный ежегодник Института философии и права Уральского отделения Российской академии наук» ISSN,1818-0566,
Антропологическая дидактика и воспитание,2713-1009,5.8.1; 5.8.2; 5.8.7; 5.3.4; 31.01.20
Антропологический форум,1815-8870,10.02.02; 10.02.20; 28.12.20; 16.10.20; 5.6.1; 5.6.4; 5.9.4; 01.02.20; 5.9.5; 5.9.8; 20.03.20; 5.7.3; 5.7.8; 27.10.20
АПК: инновационные технологии / AIC: innovative technologies,2687-0436,1.5.15; 1.5.17; 1.5.20; 4.2.1; 5.8.1; 25.01.20
АПК России,2587-8824,05.20.01; 05.20.02; 05.20.03; 06.01.04; 06.01.05; 06.02.03; 06.02.07; 06.02.07; 06.02.10; 12.02.20; 16.10.20; 4.1.1; 4.1.2; 4.2.1; 4.2.1; 4.2.2; 4.2.4; 15.02.20; 4.3.1; 4.3.2
"АПК: экономика, управление",0235-2443,08.00.05; 26.03.20; 16.10.20; 5.2.1; 5.2.4; 01.02.20; 5.2.3; 20.03.20
Арабистика Евразии (Eurasian Arabic Studies),2619-1261,5.6.2; 5.6.7; 5.9.2; 5.9.6; 5.9.8; 31.05.20
Арбитражный и гражданский процесс,1812-383X,12.00.02; 12.00.03; 12.00.07; 12.00.11; 28.12.20; 16.10.20; 12.00.15; 5.1.2; 5.1.3; 28.11.20
Аридные экосистемы,0005-1179,25.00.30; 25.00.35; 28.12.20; 16.10.20; 1.6.12; 1.6.16; 1.6.21; 01.02.20
Арктика и Антарктика,2453-8922,25.00.30; 12.02.20; 16.10.20; 1.6.6; 1.6.7; 1.6.12; 1.6.14; 1.6.16; 1.6.8; 1.6.21; 01.02.20; 1.6.6; 1.6.7; 1.6.7; 1.6.8; 15.02.20; 1.6.12; 1.6.14; 1.6.16; 1.6.16
Арктика: экология и экономика,2223-4594,08.00.05; 25.00.01; 25.00.03; 25.00.12; 25.00.29; 25.00.30; 25.00.35; 25.00.35; 28.12.20; 16.10.20; 2.5.17; 2.5.18; 2.5.19; 1.6.9; 1.6.10; 1.6.12; 01.02.20; 1.6.13; 1.6.16; 1.6.17
Армия и общество,2304-9677,20.00.00; 26.03.20; 28.02.20
Артериальная гипертензия,1607-419X,3.1.18; 3.1.20; 3.1.21; 3.1.24; 3.1.32; 3.1.31; 3.3.3; 3.3.6; 3.3.8; 01.02.20
Архитектурная археология,2686-6900,2.1.11; 5.6.1; 5.6.2; 5.6.3; 19.12.20
Археологические вести,1817-6976,5.6.2; 5.6.3; 01.02.20; 5.6.1; 5.6.2; 5.6.3; 01.02.20
Архив акушерства и гинекологии им. В.Ф. Снегирева,2313-8726,3.1.4; 01.02.20
Архив клинической и экспериментальной медицины,1605-9360,3.1.7; 3.1.18; 3.1.19; 3.3.3; 24.09.20
Архивъ внутренней медицины,2226-6704,
Архив патологии,0004-1955,3.1.6; 3.1.6; 3.3.2; 3.3.2; 13.10.20
Архитектон: известия вузов / Architecton: Proceedings of Higher Education,1990-4126,17.00.04; 17.00.06; 17.00.09; 28.12.20; 16.10.20; 2.1.11; 2.1.12; 2.1.13; 01.02.20; 2.1.11; 5.10.1; 5.10.1; 5.10.2; 5.10.3; 20.03.20
"Архитектура, строительство, транспорт",2782-232X,2.1.1; 2.1.2; 2.1.4; 11.07.20; 2.1.5; 2.1.8; 2.1.9; 2.1.11; 2.1.11; 2.1.12; 2.1.12; 2.1.3; 2.9.5; 08.07.20
Архитектура и строительство России,0235-7259,17.00.04; 28.12.20; 16.10.20; 2.1.11; 2.1.12; 01.02.20; 2.1.13; 5.10.3; 26.01.20
Архитектурное наследство,0320-0841,17.00.04; 17.00.09; 28.12.20; 16.10.20; 2.1.11; 01.02.20; 2.1.11; 2.1.12; 2.1.13; 5.6.3; 5.10.1; 5.10.3; 28.11.20
Аспирантский вестник Поволжья,2072-2354,5.7.1; 5.7.6; 5.7.7; 5.7.8; 3.1.4; 3.1.19; 3.1.3; 3.1.20; 3.1.5; 3.1.22; 3.1.24; 3.1.7; 3.1.8; 3.1.13; 3.1.29; 3.4.2; 3.4.3; 01.02.20
Астраханский вестник экологического образования,2304-5957,25.00.01; 28.12.20; 16.10.20; 25.00.09; 25.00.30; 25.00.35; 1.6.6; 1.6.12; 1.6.13; 1.6.14; 1.6.15; 1.6.16; 1.6.19; 1.6.21; 01.02.20
Астраханский медицинский журнал,1992-6499,14.01.28; 14.03.09; 28.12.20; 16.10.20; 1.5.11; 3.1.4; 3.1.18; 3.1.20; 3.1.21; 3.1.22; 3.1.26; 3.1.9; 3.1.28; 3.1.29; 3.3.1; 3.3.6; 01.02.20; 3.3.8; 3.1.33; 3.1.30
Астрофизический бюллетень,1990-3391,1.3.1; 1.3.1; 20.03.20; 03.01.07; 28.12.20; 16.10.20; 1.5.4; 3.1.18; 3.1.20; 3.1.15; 3.3.3; 01.02.20; 1.5.3; 1.5.7; 12.03.20
Атеросклероз и дислипидемии,2219-8202,3.1.20; 3.3.8; 01.02.20
Атеротромбоз,2307-1109,3.1.20; 3.1.24; 3.3.8; 01.02.20
Атмосфера. Новости кардиологии,2076-4189,3.1.18; 3.1.20; 01.02.20
Аудит и финансовый анализ / Audit and Financical Analisis,0236-2988,08.00.05; 08.00.12; 08.00.13; 28.12.20; 16.10.20; 2.3.1; 2.3.4; 5.2.1; 5.2.4; 5.2.5; 01.02.20
Аудиторские ведомости,1727-8058,08.00.05; 08.00.12; 08.00.13; 28.12.20; 16.10.20; 5.2.4; 5.2.5; 01.02.20; 5.2.3; 5.2.6; 01.11.20
Аутизм и нарушения развития,1994-1617,5.3.8; 5.8.3; 21.02.20; 5.3.6; 11.12.20
Аэрокосмический научный журнал,2413-0982,05.07.06; 05.07.07; 26.03.20; 16.10.20; 05.07.10; 05.11.14; 20.00.00; 26.03.20; 28.02.20; 2.5.12; 2.5.13; 2.5.14; 2.5.15; 2.5.16; 2.2.4; 01.02.20
Бактериология,2500-1027,1.5.6; 1.5.11; 1.5.11; 3.3.8; 3.3.8; 11.04.20
Балтийский гуманитарный журнал,2311-0066,10.02.01; 10.02.02; 10.02.03; 10.02.04; 10.02.05; 10.02.19; 10.02.20; 28.12.20; 16.10.20; 10.02.21; 10.02.22; 12.00.01; 12.00.02; 12.00.03; 5.9.7; 5.8.1; 5.8.2; 01.02.20
Балтийский регион,2074-9848,
Балтийский экономический журнал,2073-3364,5.2.3; 5.2.4; 27.05.20
Банковские услуги,2075-1915,08.00.05; 28.12.20; 16.10.20; 5.2.1; 5.2.4; 5.2.5; 01.02.20; 5.2.3; 5.2.6; 01.11.20
Банковское дело,2071-4904,5.2.4; 01.02.20
Банковское право,1812-3945,12.00.03; 12.00.04; 28.12.20; 16.10.20; 5.1.2; 5.1.3; 23.09.20
Башкирский химический журнал,0869-8406,02.00.17; 28.12.20; 16.10.20; 1.4.1; 1.4.2; 1.4.3; 1.4.3; 1.4.9; 1.4.12; 1.4.12; 2.6.10; 2.6.10; 2.6.12; 2.6.13; 01.02.20
Безопасность бизнеса,2072-3644,12.00.08; 28.12.20; 16.10.20; 5.1.2; 5.1.4; 20.12.20
Безопасность в техносфере,1998-071X,05.14.01; 26.03.20; 16.10.20; 05.14.08; 05.26.02; 05.26.02; 05.26.06; 25.00.35; 2.1.16; 1.6.21; 01.02.20; 22.03.20
Безопасность дорожного движения,2782-2850,5.1.2; 5.1.4; 19.12.20
Безопасность жизнедеятельности,1684-6435,05.26.02; 05.26.03; 26.03.20; 16.10.20; 2.1.16; 01.02.20; 3.2.6; 2.10.1; 2.10.2; 2.10.3; 14.12.20
Безопасность информационных технологий,2074-7136,2.3.5; 2.3.6; 01.02.20; 2.2.2; 2.2.2; 22.11.20; 2.3.5; 2.3.6
Безопасность и риск фармакотерапии,2312-7821,3.1.18; 3.1.24; 3.1.31; 3.3.6; 3.3.6; 15.02.20
Безопасность техногенных и природных систем,2541-9129,2.1.16; 01.02.20; 2.5.11; 2.5.21; 2.6.1; 2.6.5; 2.6.17; 2.10.1; 2.10.2; 2.10.3; 15.02.20
Безопасность труда в промышленности,0409-2961,05.26.02; 26.03.20; 16.10.20; 05.26.03; 31.10.20; 16.10.20; 1.3.17; 1.4.4; 1.4.12; 01.02.20; 2.1.16; 2.10.1; 2.10.2; 20.03.20; 2.10.3; 11.12.20
Бетон и железобетон / Concrete and Reinforced Concrete,0005-9889,
Библиография,0869-6020,5.10.4; 5.10.4; 5.10.4; 5.6.1; 5.6.5; 5.6.6; 01.02.20; 22.03.20
Библиография и книговедение,2411-2305,5.10.4; 01.02.20
Библиосфера,1815-3186,05.25.03; 15.04.20; 16.10.20; 5.10.4; 5.10.4; 01.02.20
Библиотековедение,0869-608X,05.25.02; 05.25.05; 05.25.03; 28.12.20; 16.10.20; 5.6.8; 5.6.1; 5.6.2; 5.6.5; 5.6.6; 5.6.6; 5.10.4; 5.10.4; 01.02.20; 5.6.8; 5.10.1; 5.10.4; 5.10.4; 21.02.20
Библия и христианская древность,2658-7815,5.9.7; 5.11.1; 5.11.2; 25.04.20
"Бизнес, менеджмент и право",2072-1722,5.1.2; 5.1.3; 5.1.4; 20.12.20
Бизнес. Образование. Право,1990-536X,08.00.05; 08.00.12; 28.12.20; 16.10.20; 08.00.13; 12.00.04; 12.00.05; 12.00.06; 12.00.07; 12.00.08; 12.00.09; 12.00.10; 12.00.11; 12.00.12; 12.00.13; 12.00.14; 12.00.15; 13.00.04; 13.00.05; 5.2.1
Бизнес-информатика Business Informatics,1998-0663,05.25.05; 08.00.05; 08.00.13; 28.12.20; 16.10.20; 2.3.4; 2.3.5; 1.2.2; 01.02.20; 2.3.8; 5.2.2; 21.02.20
Биология в сельском хозяйстве,2311-9322,4.1.1; 4.2.1; 11.12.20; 4.2.2; 4.2.2; 4.2.4; 4.2.4; 4.2.5; 4.2.5; 4.3.3
Биология в школе,0320-9660,5.8.2; 01.02.20
Биомедицина,2074-5982,06.02.07; 06.02.10; 28.12.20; 16.10.20; 1.5.5; 1.5.5; 1.5.22; 3.3.6; 3.3.6; 3.3.7; 3.3.7; 3.1.33; 3.1.33; 01.02.20; 1.5.6; 11.12.20; 1.5.6; 1.5.6
Биомедицинская радиоэлектроника,1560-4136,03.01.08; 05.11.10; 05.11.10; 28.12.20; 16.10.20; 1.5.1; 2.2.12; 2.2.12; 01.02.20; 1.3.21; 1.5.2; 1.5.6; 29.03.20
"БИОпрепараты. Профилактика, диагностика, лечение",2221-996X,1.5.3; 1.5.6; 1.5.10; 1.5.11; 3.2.7; 3.2.7; 11.04.20; 20.05.20
Биоразнообразие и устойчивое развитие (до 20.05.2024 наименование в Перечне «Труды Карадагской научной станции им. Т.И. Вяземского – природного заповедника РАН» ISSN,2712-9586,
"Биосферная совместимость: человек, регион, технологии",2311-1518,2.1.4; 2.1.7; 2.1.10; 2.1.12; 2.1.12; 2.1.13; 2.1.13; 01.02.20
Биотехнология и селекция растений,2658-6266,
Биотехносфера,2073-4824,2.2.12; 01.02.20
Богословский вестник,2500-1450,10.02.03; 26.00.01; 25.04.20; 16.10.20; 5.7.9; 5.9.7; 01.02.20; 5.11.1; 5.11.2; 5.11.3; 25.04.20
Богословский сборник Тамбовской духовной семинарии,2687-072X,5.6.1; 5.9.1; 5.11.1; 5.11.2; 5.11.3; 21.02.20
Богословско-исторический сборник,2712-9918,5.6.1; 5.6.2; 5.11.1; 5.11.2; 5.11.3; 22.10.20
Боспорские исследования,2413-1938,5.6.2; 01.02.20; 5.6.1; 5.6.3
БСТ – Бюллетень строительной техники,0007-7690,2.1.1; 2.1.5; 2.1.7; 01.02.20
Бухгалтерский учет и налогообложение в бюджетных организациях,2074-6725,08.00.12; 07.05.20; 16.10.20; 5.2.4; 01.02.20
Бурение и нефть,2072-4799,2.8.2; 2.8.4; 01.02.20; 1.4.10; 1.4.10; 1.4.10; 1.6.11; 1.6.11; 1.6.9; 1.6.9; 2.8.1; 2.8.4; 25.09.20
Бутлеровские сообщения,2074-0212,02.00.16; 03.01.05; 03.01.05; 05.17.06; 05.17.06; 28.12.20; 16.10.20; 1.4.3; 01.02.20; 1.4.7; 1.4.7; 1.4.7; 1.4.8; 1.4.9; 1.4.12; 1.4.12; 1.4.14; 1.4.14; 1.4.14; 1.4.16
Бухгалтерский учет,0321-0154,08.00.12; 28.12.20; 16.10.20
Бухучет в здравоохранении,2075-0242,08.00.12; 26.03.20; 16.10.20; 5.2.3; 01.11.20
Бухучет в сельском хозяйстве,2075-0250,08.00.05; 08.00.12; 28.12.20; 16.10.20; 5.2.3; 21.02.20
Бухучет в строительных организациях,2075-0269,08.00.12; 28.12.20; 16.10.20; 5.2.3; 01.11.20
Бюллетень Главного ботанического сада,0366-502X,1.5.9; 1.5.15; 01.02.20
Бюллетень Государственного Никитского ботанического сада,0513-1634,06.01.05; 12.02.20; 16.10.20; 06.01.05; 06.01.07; 09.12.20; 16.10.20; 1.5.9; 1.5.15; 01.02.20; 4.1.2; 4.1.2; 4.1.3; 4.1.4; 4.1.4; 07.12.20
Бюллетень Калмыцкого научного центра РАН,2587-6503,10.01.02; 25.12.20; 16.10.20; 5.6.3; 5.6.5; 5.9.4; 5.4.4; 01.02.20; 5.4.3; 5.4.6; 5.9.1; 5.9.2; 29.03.20
Бюллетень медицинской науки,2541-8475,3.1.4; 3.1.9; 3.1.17; 3.1.20; 3.1.21; 3.1.28; 3.3.6; 25.05.20; 3.1.13; 11.12.20
"Бюллетень Научного центра сердечно-сосудистой хирургии им. А.Н. Бакулева РАМН ""Сердечно-сосудистые заболевания""",1810-0694,3.1.20; 3.1.21; 3.1.15; 01.02.20; 3.1.25; 15.02.20
Бюллетень Национального научно-исследовательского института общественного здоровья имени Н.А. Семашко,2415-8410,14.02.03; 08.04.20; 16.10.20; 3.2.3; 5.4.3; 5.4.3; 5.4.4; 5.6.6; 22.11.20; 5.6.6; 25.04.20; 1.5.19; 1.5.19; 01.02.20; 4.1.3; 4.1.3; 11.04.20
Бюллетень результатов научных исследований,2223-9987,05.22.01; 08.00.05; 28.12.20; 16.10.20; 2.9.2; 2.9.3; 01.02.20; 2.9.4; 2.4.2; 2.9.1; 2.9.8; 2.9.9; 5.2.3; 11.04.20
Бюллетень сибирской медицины/Bulletin of Siberian Medicine,1682-0363,03.01.07; 03.01.08; 14.01.06; 14.01.21; 14.01.27; 14.01.28; 14.03.01; 14.03.07; 14.03.07; 14.03.09; 14.03.09; 28.12.20; 16.10.20; 1.5.2; 1.5.2; 1.5.3; 1.5.4; 1.5.4; 1.5.8; 1.5.8
Бюллетень физиологии и патологии дыхания,1998-5029,3.1.18; 3.1.21; 3.1.29; 3.3.3; 3.3.3; 3.1.33; 01.02.20
Ведомости уголовно- исполнительной системы,2307-0382,12.00.08; 26.03.20; 16.10.20; 12.00.12; 09.12.20; 16.10.20; 5.8.1; 5.3.9; 01.02.20; 5.1.1; 5.1.2; 5.1.4; 21.02.20
Век глобализации,1994-9065,5.7.4; 5.7.6; 5.7.7; 5.7.8; 5.5.4; 01.02.20
Век качества,2500-1841,08.00.05; 12.00.01; 12.02.20; 16.10.20; 2.2.15; 01.02.20; 2.2.15; 5.2.3; 13.10.20; 04.02.20
Векторы благополучия: экономика и социум (Journal of Wellbeing Technologies) (до 04.02.2020 наименование в Перечне «Вестник науки Сибири» ISSN,2226-0064,
"Вентиляция, отопление, кондиционирование воздуха, теплоснабжение и строительная теплофизика",1609-7483,2.1.3; 01.02.20
Верхневолжский филологический вестник,2499-9679,10.01.01; 10.01.10; 10.02.01; 10.02.04; 10.02.05; 10.02.19; 24.00.01; 28.12.20; 16.10.20; 5.9.1; 5.9.5; 5.9.6; 5.9.8; 5.9.9; 5.10.1; 5.10.1; 21.02.20
Вести Автомобильно- дорожного института = Bulletin of the Automobile and Road Institute,3034-4441,2.1.5; 2.1.7; 2.1.8; 2.9.1; 29.04.20; 2.9.4; 2.9.5; 2.9.8; 2.9.9; 5.2.2; 5.2.4; 5.2.6
Вести высших учебных заведений Черноземья,1815-9958,05.14.01; 05.14.02; 05.14.08; 26.03.20; 16.10.20; 2.3.1; 01.02.20; 1.2.2; 2.4.2; 2.4.3; 2.4.5; 26.01.20
Вестник Авиценны (Паёми Сино),2074-0581,3.1.4; 3.1.6; 3.1.7; 3.1.9; 3.1.10; 3.1.12; 3.1.16; 3.2.1; 3.2.2; 3.3.1; 3.3.3; 01.02.20; 3.1.1; 15.02.20; 3.1.5; 3.1.8; 3.1.15; 3.1.18; 3.1.23; 3.1.27
Вестник аграрной науки Дона,2075-6704,05.14.08; 05.20.01; 05.20.02; 05.20.03; 28.12.20; 16.10.20; 2.1.16; 01.02.20; 2.10.3; 4.3.1; 4.3.2; 15.02.20
"Вестник Адыгейского государственного университета, серия ""Естественно- математические и технические науки""",2410-3225,1.1.6; 2.3.1; 2.3.5; 01.02.20; 2.3.8; 26.01.20
"Вестник Адыгейского государственного университета, серия ""Педагогика и психология""",2410-3004,5.8.1; 5.8.7; 01.02.20; 5.8.2; 5.8.4; 21.02.20
"Вестник Адыгейского государственного университета, серия ""Регионоведение:",2410-3691,24.00.01; 28.12.20; 16.10.20; 5.6.1; 5.6.4; 5.6.7; 5.4.4; 5.4.6; 5.4.7; 01.02.20
"Вестник Адыгейского государственного университета, серия ""Филология и искусствоведение""",2410-3489,10.01.02; 10.02.02; 10.02.20; 17.00.02; 17.00.09; 28.12.20; 16.10.20; 5.9.3; 5.9.4; 01.02.20; 5.9.1; 5.9.8; 21.02.20
"Вестник Адыгейского государственного университета, серия ""Экономика""",2410-3683,08.00.05; 28.12.20; 16.10.20; 5.2.2; 5.2.3; 5.2.6; 25.04.20
Вестник Академии военных наук,2073-8641,20.00.00; 26.03.20; 28.02.20; 6.0.0; 11.07.20
Вестник Академии знаний,2304-6139,08.00.05; 28.12.20; 16.10.20; 5.2.4; 01.02.20; 5.2.3; 5.2.6; 21.02.20
Вестник академии медицинских наук Таджикистана,2221-7355,14.01.28; 28.12.20; 16.10.20; 3.1.4; 3.1.3; 3.1.23; 3.1.6; 3.1.7; 3.1.9; 3.1.11; 01.02.20
Вестник Академии наук Республики Башкортостан,1728-5283,25.00.01; 25.00.09; 25.00.12; 28.12.20; 16.10.20; 5.6.1; 5.6.5; 5.6.7; 1.6.6; 1.6.10; 2.8.4; 1.6.21; 01.02.20; 1.6.1; 1.6.4; 1.6.9; 1.6.9; 1.6.11; 1.6.11; 20.03.20
Вестник Академии наук Чеченской Республики,2076-2348,01.01.02; 28.12.20; 16.10.20; 5.6.1; 5.6.3; 5.6.4; 5.6.6; 5.6.6; 01.02.20; 1.1.2; 14.12.20
Вестник Академии права и управления,2074-9201,08.00.05; 12.00.01; 12.00.02; 12.00.08; 12.00.09; 12.00.13; 28.12.20; 16.10.20; 5.1.1; 21.02.20; 5.1.2; 5.1.3; 5.1.4; 5.2.6; 5.2.3; 5.2.4; 29.03.20
Вестник Академии Русского балета им. А.Я.Вагановой,1681-8962,17.00.01; 17.00.02; 17.00.05; 17.00.09; 28.12.20; 16.10.20; 5.10.1; 5.10.1; 5.10.1; 5.10.3; 01.11.20
Вестник Алтайского государственного аграрного университета,1996-4277,05.20.01; 05.20.02; 05.20.03; 06.01.02; 06.01.04; 06.01.05; 06.02.01; 06.02.04; 06.02.08; 12.02.20; 16.10.20; 06.02.10; 4.1.1; 4.2.3; 01.02.20; 4.1.2; 4.1.3; 4.1.5; 4.2.1; 4.2.4
Вестник Алтайского государственного педагогического университета,2413-4481,5.6.1; 5.6.4; 5.3.4; 5.8.7; 01.02.20; 5.8.1; 21.02.20
Вестник Алтайской академии экономики и права,1818-4057,08.00.05; 08.00.12; 26.03.20; 16.10.20; 08.00.13; 12.00.08; 12.00.12; 5.2.1; 5.2.4; 01.02.20
Вестник анестезиологии и реаниматологии,2078-5658,3.1.12; 01.02.20
Вестник антропологии,2311-0546,03.03.02; 12.02.20; 16.10.20; 5.6.4; 01.02.20
Вестник АПК Верхневолжья,1998-1635,05.20.01; 05.20.02; 05.20.03; 06.02.07; 06.02.07; 06.02.10; 15.02.20; 16.10.20; 4.1.1; 01.02.20; 1.5.20; 4.2.2; 29.03.20; 4.2.2; 4.2.4; 4.2.5; 4.2.5; 4.3.1; 4.3.2; 4.2.4
Аграрный вестник Северного Кавказа (до 14.11.2023 наименование в Перчне «Вестник АПК Ставрополья» ISSN,2222-9345,
Вестник Арбитражного суда Московского округа,2686-7915,12.00.01; 12.00.03; 12.00.04; 12.00.06; 12.00.07; 12.00.11; 12.00.14; 12.00.15; 18.03.20; 16.10.20; 5.1.2; 5.1.3; 01.11.20
Вестник арбитражной практики,2223-1498,12.00.03; 12.00.15; 28.12.20; 16.10.20; 5.1.3; 21.02.20
Вестник аритмологии,1561-8641,14.01.13; 28.12.20; 16.10.20; 3.1.18; 01.02.20; 3.1.20; 3.1.21; 3.1.15; 3.3.3
Вестник Армавирского государственного педагогического университета,2618-8775,5.6.1; 5.7.7; 5.8.1; 5.8.7; 22.10.20
"Вестник археологии, антропологии и этнографии",2071-0437,5.6.3; 5.6.4; 01.02.20
Вестник архивиста,2073-0101,5.6.1; 5.6.2; 5.6.5; 01.02.20
Вестник Ассоциации буровых подрядчиков,2073-9877,25.00.18; 28.12.20; 16.10.20; 2.8.2; 2.8.4; 01.02.20; 2.8.4; 20.03.20
Вестник Астраханского государственного технического университета. Серия: Морская техника и технология,2073-1574,05.09.03; 05.22.19; 26.03.20; 16.10.20; 2.5.19; 2.5.20; 01.02.20; 2.4.2; 2.9.7; 14.12.20
Вестник Астраханского государственного технического университета. Серия: Рыбное хозяйство,2073-5529,05.18.04; 05.18.17; 06.04.01; 28.12.20; 16.10.20; 1.5.13; 1.5.16; 01.02.20; 4.2.6; 4.2.6; 4.2.6; 4.3.3; 15.02.20
"Вестник Астраханского государственного технического университета. Серия: Управление, вычислительная техника и информатика",2072-9502,2.2.15; 2.3.1; 2.3.3; 2.3.4; 1.2.2; 2.3.6; 01.02.20
Вестник Астраханского государственного технического университета. Серия: Экономика,2073-5537,08.00.05; 28.12.20; 16.10.20; 5.2.4; 01.02.20; 5.2.3; 5.2.6; 21.02.20
Вестник Балтийского федерального университета им. И. Канта. Серия: Гуманитарные и общественные науки,2500-3216,12.00.01; 12.00.08; 12.00.09; 12.00.12; 28.12.20; 16.10.20; 5.6.1; 5.6.2; 5.6.4; 5.6.5; 5.6.7; 5.2.1; 5.2.5; 01.02.20; 5.1.1; 5.1.4; 5.5.2; 5.5.3; 5.5.4; 29.03.20
Вестник Балтийского федерального университета им. И. Канта. Серия: естественные науки (до 02.06.2025 г. наименование в Перечне «Вестник Балтийского федерального университета им. И. Канта. Серия: естественные и медицинские науки» ISSN,2500-3208,
"Вестник Балтийского федерального университета им. И. Канта. Серия: Филология, педагогика и психология (До 25.04.2017 г. наименование в Перечне «Вестник Балтийского федерального университета им. И. Канта» ISSN",2223-2095,10.01.01; 10.01.03; 10.01.10; 10.02.01; 10.02.04; 10.02.19; 28.12.20; 16.10.20; 5.9.3; 01.02.20; 5.8.1; 5.8.7; 5.9.1; 5.9.2; 5.9.5; 5.9.6; 5.9.8; 5.12.3; 5.12.3; 29.03.20
Вестник Башкирского государственного аграрного университета,1684-7628,05.20.01; 05.20.02; 05.20.03; 06.01.01; 06.01.02; 06.01.04; 28.12.20; 16.10.20; 06.01.05; 06.02.01; 06.02.02; 06.02.07; 06.02.08; 06.02.10; 4.1.1; 4.2.3; 01.02.20; 4.2.1; 4.2.2; 4.2.4
Вестник Башкирского университета,1998-4812,01.02.06; 02.00.17; 10.02.01; 10.02.02; 10.02.03; 10.02.04; 10.02.19; 10.02.20; 28.12.20; 16.10.20; 1.4.1; 1.4.4; 1.4.7; 15.11.20; 1.1.8; 1.1.9; 1.4.2; 1.4.3; 1.4.4; 1.4.8
Вестник БГТУ им. В.Г. Шухова,2071-7318,05.02.13; 05.17.06; 28.12.20; 16.10.20; 2.5.4; 2.5.5; 01.02.20; 2.5.6; 2.6.14; 2.1.1; 2.1.3; 2.1.5; 2.1.11; 2.1.12; 2.1.13; 2.1.13; 2.5.21; 20.03.20; 2.1.14; 11.12.20
"Вестник Белгородского университета кооперации, экономики и права",2223-5639,08.00.05; 28.12.20; 16.10.20; 5.2.3; 5.2.6; 21.02.20
Вестник Белгородского юридического института МВД России имени И.Д. Путилина,2313-5646,12.00.08; 12.00.09; 12.00.12; 12.00.14; 25.12.20; 16.10.20; 5.1.2; 5.1.4; 01.11.20
ВЕСТНИК «БИОМЕДИЦИНА И СОЦИОЛОГИЯ,2618-8783,22.00.03; 18.11.20; 16.10.20; 14.03.09; 09.12.20; 16.10.20; 1.5.7; 1.5.20; 3.3.3; 3.3.6; 3.3.8; 3.1.33; 5.4.1; 5.4.4; 5.4.6; 01.02.20; 1.5.3; 1.5.5; 1.5.22; 3.2.7
Вестник биотехнологии и физико-химической биологии имени Ю.А. Овчинникова,1996-4741,1.5.2; 1.5.3; 1.5.3; 1.5.4; 1.5.6; 1.5.6; 1.5.6; 1.5.8; 1.5.11; 1.5.11; 1.5.11; 3.4.1; 01.02.20
Вестник БИСТ (Башкирского института социальных технологий),2078-9025,08.00.05; 23.00.01; 23.00.03; 28.12.20; 16.10.20; 5.5.2; 01.02.20; 5.2.3; 5.2.4; 5.2.6; 21.02.20; 5.1.2; 27.05.20
Вестник Брянского государственного университета,2072-2087,5.6.1; 5.6.2; 5.6.3; 5.6.5; 5.6.7; 01.02.20
Вестник Брянской ГСХА,2500-2651,4.1.1; 4.1.3; 4.2.4; 4.3.1; 22.05.20
Вестник Бурятского государственного университета,1994-0866,5.7.1; 5.7.7; 5.7.8; 01.02.20
"Вестник Бурятского государственного университета. Математика, информатика",2304-5728,01.01.02; 01.01.03; 01.01.09; 01.02.01; 28.12.20; 16.10.20; 1.1.1; 1.1.4; 01.02.20; 1.1.6; 1.1.7; 20.03.20
Вестник Бурятского государственного университета. Филология,2686-7095,5.9.1; 5.9.5; 5.9.8; 25.04.20
Вестник Бурятского государственного университета. Экономика и менеджмент,2304-4446,08.00.05; 08.00.12; 08.00.13; 28.12.20; 16.10.20; 5.2.1; 5.2.4; 5.2.5; 01.02.20; 5.2.2; 5.2.3; 5.2.6; 01.11.20
Вестник Бурятской государственной сельскохозяйственной академии имени В.Р. Филиппова,1997-1044,06.01.03; 06.01.03; 06.01.05; 06.01.05; 06.01.07; 06.01.07; 06.01.08; 06.01.08; 06.02.01; 28.12.20; 16.10.20; 06.02.01; 06.02.03; 06.02.03; 06.02.07; 06.02.07; 06.02.08; 06.02.08; 06.02.10; 06.02.10
Вестник Бурятского научного центра Сибирского отделения Российской академии наук,2222-9175,08.00.05; 25.12.20; 16.10.20; 5.6.1; 5.6.2; 5.6.3; 5.6.5; 5.7.2; 5.7.9; 01.02.20
Вестник ВГИК,2074-0832,17.00.03; 28.12.20; 16.10.20; 5.7.3; 01.02.20; 5.10.1; 5.10.1; 5.10.1; 5.10.3; 01.11.20
Вестник ветеринарии,2071-3096,06.02.01; 06.02.03; 06.02.05; 06.02.06; 06.02.07; 28.12.20; 16.10.20; 4.2.3; 01.02.20; 4.2.1; 4.2.1; 4.2.3; 4.2.4; 4.2.4; 4.2.5; 4.2.5; 07.02.20; 2.3.3; 20.05.20
Вестник Владикавказского научного центра,1683-2507,25.00.01; 25.00.03; 25.00.09; 28.12.20; 16.10.20; 5.6.1; 5.6.2; 5.6.4; 5.6.6; 5.6.6; 5.6.6; 5.6.6; 5.6.6; 5.6.6; 1.6.5; 1.6.9; 1.6.9; 1.6.9; 1.6.10; 1.6.8
Вестник Владимирского государственного университета имени Александра Григорьевича и Николая Григорьевича Столетовых. Серия: Педагогические и психологические науки,2307-3241,19.00.05; 19.00.13; 28.12.20; 16.10.20; 5.8.2; 5.8.7; 5.8.1; 01.02.20; 5.3.4; 5.3.5; 5.3.7; 21.02.20
Вестник Владимирского юридического института,2071-0313,12.00.01; 12.00.02; 12.00.03; 12.00.08; 12.00.09; 12.00.10; 12.00.11; 12.00.12; 12.00.14; 12.00.15; 28.12.20; 16.10.20; 5.1.1; 5.1.2; 5.1.3; 5.1.4; 08.02.20
Вестник ВНИИДАД,2619-1601,5.6.8; 01.02.20; 5.6.5
ВЕСТНИК ВОЕННОГО ПРАВА,2541-7622,12.00.09; 28.12.20; 16.10.20; 20.00.00; 28.12.20; 28.02.20; 5.1.4; 20.12.20; 6.0.0; 04.09.20
Вестник военной академии материально-технического обеспечения,2413-4090,6.0.0; 08.10.20
Вестник войск РХБ защиты,2587-5728,6.0.0; 08.10.20; 05.27.03; 05.27.06; 28.12.20; 16.10.20; 2.2.14; 2.2.15; 2.2.16; 01.02.20; 2.3.1; 13.10.20
"Вестник Волгоградского государственного архитектурно-строительного университета. Серия: ""Строительство и архитектура""",1815-4360,
Вестник Волгоградского государственного медицинского университета,1994-9480,3.1.4; 3.1.5; 3.1.7; 3.1.8; 13.10.20; 1.5.5; 1.5.22; 3.1.18; 3.1.20; 3.1.9; 01.02.20; 3.1.13; 3.3.1; 3.3.2; 3.3.6
Вестник Волгоградского государственного университета. Серия 2. Языкознание,1998-9911,10.02.01; 10.02.04; 10.02.05; 10.02.19; 10.02.20; 28.12.20; 16.10.20; 5.9.5; 5.9.6; 5.9.8; 21.02.20; 09.12.20
Вестник Волгоградского государственного университета. Экономика (до 09.12.2020 г. наименование в Перечне «Вестник Волгоградского государственного университета. Серия 3. Экономика. Экология» ISSN,1998-992X,
Вестник Волгоградского государственного университета. Серия 4. История. Регионоведение. Международные отношения,1998-9938,23.00.05; 28.12.20; 16.10.20; 5.6.1; 01.02.20; 5.6.2; 5.6.3; 5.6.4; 5.6.5; 5.6.7; 5.5.2; 5.5.4; 5.5.3; 21.02.20
Вестник Волгоградской академии МВД России,2074-8183,12.00.01; 12.00.08; 12.00.09; 12.00.12; 28.12.20; 16.10.20; 5.1.4; 20.12.20
Вестник Волжского университета имени В.Н. Татищева,2076-7919,08.00.05; 08.00.12; 10.01.01; 10.01.03; 10.01.10; 12.00.01; 12.00.02; 28.12.20; 16.10.20; 12.00.03; 12.00.05; 12.00.08; 12.00.09; 12.00.10; 12.00.12; 12.00.15; 5.2.4; 01.02.20; 5.1.1; 5.1.2
Вестник Вологодского государственного университета. Серия: Исторические и филологические науки,2658-7254,5.6.1; 5.6.2; 5.9.1; 5.9.2; 21.02.20; 5.9.3; 5.9.5; 5.9.6; 5.9.8
Вестник Воронежского государственного аграрного университета,2071-2243,05.20.01; 05.20.01; 05.20.02; 05.20.03; 06.01.02; 06.01.04; 06.01.04; 06.01.06; 06.01.07; 08.00.05; 08.00.12; 08.00.13; 28.12.20; 16.10.20; 4.1.1; 5.2.4; 01.02.20; 4.1.3; 4.1.3; 4.1.4
Вестник Воронежского государственного технического университета,1729-6501,05.13.15; 28.12.20; 16.10.20; 2.5.3; 2.5.5; 2.5.6; 2.5.7; 2.5.8; 2.2.13; 2.2.14; 2.2.15; 2.3.1; 2.3.3; 2.3.5; 1.2.2; 01.02.20
Вестник Воронежского государственного университета инженерных технологий,2226-910X,05.17.06; 05.17.06; 05.18.01; 28.12.20; 16.10.20; 05.18.01; 05.18.04; 05.18.05; 05.18.06; 05.18.12; 05.18.15; 05.18.15; 08.00.05; 2.6.7; 2.6.7; 2.6.10; 2.6.10; 2.6.12; 2.6.13; 2.6.13
Вестник Воронежского государственного университета. Серия: География. Геоэкология,1609-0683,25.00.30; 28.12.20; 16.10.20; 1.6.12; 1.6.13; 1.6.16; 1.6.21; 01.02.20; 1.6.18; 20.03.20
Вестник Воронежского государственного университета. Серия: Геология,1609-0691,1.6.1; 1.6.2; 1.6.3; 1.6.4; 1.6.5; 1.6.6; 1.6.6; 1.6.9; 1.6.9; 1.6.21; 1.6.21; 20.03.20; 1.6.10; 08.07.20
Вестник Воронежского государственного университета.,1995-5480,5.6.1; 01.02.20; 5.6.2; 5.6.3; 5.4.4; 5.5.2
Вестник Воронежского государственного университета. Серия: Лингвистика и межкультурная коммуникация,1680-5755,10.02.01; 10.02.02; 10.02.03; 10.02.04; 10.02.05; 10.02.19; 10.02.20; 10.02.21; 28.12.20; 16.10.20; 5.9.5; 5.9.6; 5.9.8; 21.02.20
Вестник Воронежского государственного университета. Серия: Право,1995-5502,12.00.01; 12.00.02; 12.00.03; 12.00.04; 12.00.05; 12.00.08; 28.12.20; 16.10.20; 12.00.09; 12.00.10; 12.00.11; 12.00.12; 12.00.13; 12.00.14; 12.00.15; 5.1.1; 5.1.2; 5.1.3; 5.1.4; 5.1.5
Вестник Воронежского государственного университета. Серия: Проблемы высшего образования,1609-0721,19.00.05; 28.12.20; 16.10.20; 5.8.1; 5.8.7; 5.3.4; 01.02.20; 5.3.5; 21.02.20
Вестник Воронежского государственного университета.,1995-5499,05.13.17; 28.12.20; 16.10.20; 2.3.1; 2.3.1; 2.3.3; 2.3.4; 2.3.5; 1.2.2; 2.3.6; 01.02.20; 2.3.8; 15.02.20; 1.2.1; 11.12.20
Вестник Воронежского государственного университета. Серия: Физика. Математика,1609-0705,01.01.02; 28.12.20; 16.10.20; 1.1.1; 1.3.3; 1.3.8; 01.02.20; 1.1.2; 20.03.20
Вестник Воронежского государственного университета. Серия: Филология. Журналистика,1814-2958,10.01.01; 10.01.10; 10.02.01; 28.12.20; 16.10.20; 5.9.4; 01.02.20; 5.9.1; 20.03.20; 5.9.5; 5.9.9
Вестник Воронежского государственного университета. Серия: Философия,0234-5439,
Вестник Воронежского государственного университета. Серия: Химия. Биология. Фармация,1609-0675,1.4.1; 1.4.2; 1.4.10; 1.4.15; 1.5.21; 3.4.1; 3.4.2; 3.4.3; 01.02.20
Вестник Воронежского государственного университета. Серия: Экономика и управление,1814-2966,08.00.05; 08.00.12; 08.00.13; 28.12.20; 16.10.20; 5.2.1; 5.2.4; 01.02.20; 5.2.3; 5.2.2; 5.2.6; 21.02.20
Вестник Воронежского института МВД России,2071-3584,05.13.17; 12.00.01; 12.00.08; 12.00.09; 12.00.12; 12.00.14; 28.12.20; 16.10.20; 2.2.13; 2.2.14; 2.2.15; 2.3.1; 2.3.4; 1.2.2; 2.3.6; 01.02.20; 5.1.1; 5.1.2; 5.1.4; 01.11.20
Вестник Воронежского института ФСИН России,2223-3873,05.13.17; 12.00.01; 12.00.08; 12.00.11; 28.12.20; 16.10.20; 12.00.12; 12.00.14; 2.2.13; 2.2.14; 2.2.15; 2.3.1; 2.3.4; 1.2.2; 2.3.6; 01.02.20; 5.1.1; 5.1.2; 5.1.4; 01.11.20
Вестник восстановительной медицины,2078-1962,3.1.20; 3.1.21; 3.1.24; 3.1.6; 3.1.8; 3.1.33; 3.1.33; 01.02.20
Вестник Восточно-Сибирского государственного университета технологий и управления,2413-1997,05.18.04; 05.20.01; 28.12.20; 16.10.20; 05.20.03; 2.1.5; 01.02.20; 4.3.1; 4.3.3; 4.3.5; 4.3.5; 07.03.20; 1.3.14; 08.07.20
Вестник Всероссийского института повышения квалификации сотрудников Министерства внутренних дел Российской Федерации,2312-7937,12.00.01; 12.00.08; 12.00.09; 12.00.12; 12.00.14; 28.12.20; 16.10.20; 5.1.1; 5.1.2; 5.1.4; 23.09.20
"Вестник Всероссийского общества специалистов по медико-социальной экспертизе, реабилитации и реабилитационной индустрии",1999-2351,14.02.03; 14.02.06; 14.03.09; 28.12.20; 16.10.20; 3.2.2; 3.2.4; 3.3.6; 01.02.20; 3.1.33; 3.2.3; 3.1.31; 3.1.31; 25.09.20
Вестник ВЭГУ,1998-0078,5.4.4; 01.02.20; 02.03.20
Вестник Вятского государственного университета (До 02.03.2017 г. наименование в Перечне Вестник Вятского государственного гуманитарного университета ISSN,1997-4280,
Вестник ГГНТУ. Гуманитарные и социально-экономические науки,2686-9721,5.2.3; 5.2.4; 5.7.6; 5.7.7; 5.7.9; 5.8.7; 31.01.20
Вестник ГГНТУ. Технические науки,2686-7567,2.1.1; 2.1.5; 2.1.7; 2.3.1; 2.3.2; 2.3.3; 2.6.10; 2.6.10; 2.6.12; 2.6.12; 2.6.13; 2.6.13; 2.6.13; 15.02.20
Вестник ГГУ сетевой электронный научный журнал Гжельского государственного университета,2713-2587,5.2.3; 5.8.7; 5.10.1; 5.10.1; 5.10.3; 01.11.20
Вестник геонаук,2712-7761,1.6.1; 1.6.2; 1.6.4; 1.6.5; 20.04.20; 1.6.10; 1.6.11; 1.6.14; 1.6.20; 1.6.21
Вестник гигиены и эпидемиологии,1607-0860,3.1.22; 3.2.1; 3.2.2; 24.09.20
Вестник Государственного гуманитарно-технологического университета,2500-350X,10.01.01; 25.12.20; 16.10.20; 5.8.1; 5.8.2; 5.8.7; 5.3.1; 5.3.4; 01.02.20; 5.9.1; 21.02.20
Вестник государственного и муниципального управления,2225-8272,5.6.1; 5.6.2; 01.02.20; 5.1.1; 5.2.7; 5.6.7; 29.04.20
Вестник Государственного социально-гуманитарного университета,2542-2316,5.2.1; 5.2.3; 5.6.1; 5.9.5; 5.9.6; 5.9.8; 31.05.20
Вестник Государственного университета морского и речного флота имени адмирала С.О. Макарова,2309-5180,05.09.03; 05.22.17; 05.22.19; 28.12.20; 16.10.20; 2.5.19; 2.5.20; 01.02.20; 2.3.3; 2.9.7; 22.11.20; 19.12.20
"Вестник Государственного университета просвещения. Серия: История и политические науки (до 19.12.2023 наименование в Перечне «Вестник Московского государственного областного университета. Серия ""История и политические науки"" ISSN",2072-8360,
Психологические науки (до 29.04.2026 наименование в Перечне «Вестник Государственного университета просвещения. Серия: Психологические науки» ISSN,2949-5113,
Вестник Государственного университета просвещения. Серия: Физика-Математика (до 11.12.2023 наименование в Перечне «Вестник Московского государственного областного университета. Серия «Физика- математика» ISSN,2072-8387,
Вестник Государственного университета просвещения. Серия: Экономика (до 19.12.2023 наименование в Перечне «Вестник Московского государственного областного университета серия «Экономика» ISSN,2072-8549,
Вестник гражданских инженеров,1999-5571,08.00.05; 28.12.20; 16.10.20; 2.9.5; 2.1.1; 2.1.2; 2.1.3; 2.1.4; 2.1.5; 2.1.7; 2.1.8; 01.02.20; 2.1.9; 2.1.11; 2.1.12; 2.1.13; 5.2.3; 28.11.20
Вестник гражданского права,1992-2043,12.00.03; 12.00.07; 28.12.20; 16.10.20; 5.1.3; 27.03.20
Вестник гражданского процесса,2226-0781,12.00.03; 12.00.14; 12.00.15; 28.12.20; 16.10.20; 5.1.1; 5.1.3; 20.12.20
Вестник гуманитарного образования,2411-2070,10.01.01; 10.01.03; 24.00.01; 02.12.20; 16.10.20; 5.6.1; 5.6.2; 5.6.3; 5.6.5; 01.02.20; 5.6.7; 5.9.3; 5.10.2; 5.9.1; 5.9.2; 5.10.1; 01.11.20
Вестник Гуманитарного университета,2308-8117,5.1.1; 5.1.2; 5.1.3; 5.2.3; 5.7.2; 5.7.3; 5.7.7; 5.7.8; 5.7.8; 31.01.20; 5.1.4; 5.1.5; 31.01.20; 30.05.20
Вестник Дагестанского государственного технического университета. Технические науки,2073-6185,05.04.13; 05.13.12; 28.12.20; 16.10.20; 2.4.8; 2.3.1; 01.02.20; 2.3.3; 2.3.4; 1.2.2; 2.3.6; 2.1.3; 2.1.5; 2.1.9; 2.1.10; 2.3.7; 20.03.20
Вестник Дагестанского государственного университета. Серия 1. Естественные науки,2542-0321,01.01.02; 12.02.20; 16.10.20; 1.1.1; 1.3.5; 1.3.8; 1.3.9; 1.4.3; 01.02.20; 1.1.2; 1.1.5; 1.4.2; 1.4.4; 14.12.20
Вестник Дагестанского государственного университета. Серия 2. Гуманитарные науки,2542-0313,5.6.1; 5.6.4; 21.12.20; 5.6.7; 5.9.1; 5.9.3; 5.9.4; 5.9.5; 5.9.8
Вестник Дагестанского государственного университета. Серия 3. Общественные науки,2500-1930,5.1.1; 5.1.2; 5.1.3; 5.1.4; 5.2.3; 5.2.4; 5.7.7; 5.7.8; 5.7.9; 19.12.20
Вестник Дагестанского научного центра,1684-792X,1.5.12; 1.5.13; 1.5.15; 1.5.16; 1.5.19; 1.5.20; 5.6.1; 5.6.3; 5.6.4; 5.9.5; 5.9.8; 15.06.20
Вестник Дагестанской государственной медицинской академии,2246-4396,3.1.4; 3.1.18; 3.1.21; 3.1.22; 3.1.9; 01.02.20
Вестник Дальневосточного отделения Российской академии наук,0869-7698,25.00.01; 25.00.03; 25.00.05; 25.00.09; 25.00.29; 25.00.35; 25.00.35; 28.12.20; 16.10.20; 03.02.09; 22.12.20; 16.10.20; 1.4.1; 1.4.9; 1.4.12; 1.4.15; 1.5.17; 1.6.3; 1.6.9; 1.6.10
Вестник Дальневосточного юридического института МВД России,1819-3137,12.00.03; 12.00.08; 12.00.09; 12.00.12; 28.12.20; 16.10.20; 5.1.4; 20.12.20
Вестник дерматологии и венерологии,0042-4609,
Вестник Дипломатической академии МИД России. Россия и мир,2410-2415,5.6.7; 5.2.5; 01.02.20; 5.5.2; 5.5.4
Вестник Донбасской национальной академии строительства и архитектуры,2519-2817,2.1.1; 2.1.3; 2.1.4; 2.1.5; 2.1.7; 2.1.11; 2.1.11; 2.1.12; 2.1.12; 2.5.11; 2.10.2; 10.06.20
Вестник Донецкого национального университета. Серия А: Естественные науки / Bulletin of Donetsk National University. Series А: Natural Sciences,2415-7058,1.1.1; 1.1.7; 1.1.8; 1.4.3; 1.4.4; 1.5.2; 1.5.5; 1.5.15; 1.5.19; 09.04.20
Вестник Донецкого национального университета. Серия Б. Гуманитарные науки,2524-0285,5.6.1; 5.6.2; 5.6.3; 5.7.7; 5.8.2; 5.8.7; 01.10.20
Вестник Донецкого национального университета. Серия В. Экономика и право / Bulletin of Donetsk National University. Series С. Economics and Law,2524-0668,5.1.2; 5.2.1; 5.2.3; 5.2.4; 5.2.5; 5.2.6; 25.06.20
Вестник Донецкого национального университета. Серия Г: Технические науки,2663-4228,2.2.9; 2.2.11; 2.2.13; 2.2.15; 2.3.1; 2.3.2; 2.3.3; 2.3.5; 2.3.8; 2.4.1; 2.4.2; 2.4.6; 12.02.20
Вестник Донецкого национального университета. Серия Д: Филология и психология,2616-8162,5.3.1; 5.3.5; 5.9.1; 5.9.3; 5.9.5; 5.9.6; 5.9.8; 5.9.9; 20.02.20
Вестник Донецкого университета. Серия 06. Юридические науки,3033-7151,5.1.1; 5.1.2; 5.1.3; 5.1.4; 5.1.5; 30.03.20
Вестник Донецкой академии транспорта,3034-6681,2.3.1; 2.5.11; 2.9.1; 2.9.5; 2.9.9; 24.06.20
Вестник Донского государственного аграрного университета,2311-1968,4.1.1; 4.1.3; 4.2.4; 09.02.20; 4.2.5
Вестник древней истории,0321-0391,5.6.3; 5.6.5; 5.9.7; 01.02.20
Вестник Евразийской академии административных наук,2072-3342,12.00.01; 12.00.02; 12.00.03; 12.00.04; 12.00.06; 12.00.10; 12.00.14; 26.03.20; 16.10.20; 5.1.1; 5.1.2; 5.1.5; 08.02.20; 26.01.20
Вестник Евразийской науки (До 26.01.2018 г. наименование в Перечне «Интернет-журнал «Науковедение» ISSN 2223- 5167),2588-0101,08.00.05; 08.00.12; 08.00.13; 28.12.20; 16.10.20; 25.00.12; 25.00.12; 03.10.20; 16.10.20; 2.1.1; 2.1.2; 2.1.3; 2.1.5; 2.1.7; 2.1.9; 2.1.10; 2.1.13; 5.2.1; 5.2.4; 5.2.5
Вестник Екатерининского института,1997-6968,08.00.05; 28.12.20; 16.10.20; 5.2.1; 5.2.4; 01.02.20
Вестник Екатеринбургской духовной семинарии,2224-5391,26.00.01; 25.04.20; 16.10.20; 5.6.1; 5.6.5; 01.02.20; 5.11.1; 5.11.2; 5.11.3; 20.12.20
Вестник Забайкальского государственного университета,2227-9245,08.00.05; 23.00.05; 28.12.20; 16.10.20; 5.2.4; 5.2.5; 5.5.2; 5.5.4; 1.6.10; 1.6.10; 2.8.9; 1.6.21; 01.02.20; 1.6.21; 11.04.20
Вестник защиты растений,1727-1320,06.01.04; 06.01.04; 06.01.05; 19.04.20; 16.10.20; 06.01.05; 06.01.06; 06.01.06; 06.01.07; 06.01.07; 06.01.08; 06.01.08; 06.01.09; 06.01.09; 1.5.14; 1.5.18; 4.1.1; 4.1.1; 01.02.20; 1.5.18
Вестник Ивановского государственного университета. Серия Гуманитарные науки,2219-5254,5.6.1; 5.6.2; 5.6.7; 5.7.1; 5.7.7; 22.10.20; 5.7.8; 5.7.8; 5.9.1; 5.9.2; 5.9.5; 5.9.6
Вестник Ивановского государственного энергетического университета,2072-2672,05.09.03; 05.13.12; 05.14.02; 05.14.04; 05.14.14; 26.03.20; 16.10.20; 2.3.3; 1.2.2; 01.02.20; 2.3.7; 2.4.2; 2.4.3; 2.4.5; 2.4.6; 2.6.13; 14.12.20
Вестник Ивановской медицинской академии,1606-8157,14.02.03; 28.12.20; 16.10.20; 3.1.4; 01.02.20; 3.1.18; 3.1.21; 3.1.22; 3.1.24; 3.1.8; 3.1.9
Вестник ИжГТУ имени М.Т. Калашникова,1813-7903,05.02.02; 05.02.11; 05.02.23; 05.14.01; 28.12.20; 16.10.20; 2.5.5; 2.5.6; 2.2.13; 2.2.14; 2.2.15; 01.02.20; 2.5.2; 2.5.4; 2.5.22; 14.12.20; 2.5.9; 14.12.20; 10.12.20; 2.2.8
Вестник Ижевской государственной сельскохозяйственной академии,1817-5457,4.1.1; 4.1.2; 4.1.3; 4.1.6; 4.2.1; 4.2.4; 4.2.5; 4.3.1; 4.3.2; 11.04.20
Вестник Инженерной школы Дальневосточного федерального университета,2227-6858,01.02.06; 05.08.06; 05.23.07; 05.23.16; 28.12.20; 16.10.20; 1.1.8; 2.5.17; 2.5.18; 2.5.19; 01.02.20; 2.5.20; 2.1.1; 2.1.4; 2.1.5; 2.1.8; 2.1.9; 2.1.10; 2.1.11; 2.1.12
Вестник Института Дружбы народов Кавказа (Теория экономики и управления народным хозяйством),2071-3819,08.00.05; 28.12.20; 16.10.20; 5.2.1; 5.2.4; 01.02.20; 5.2.3; 5.2.5; 5.2.6; 21.02.20
Вестник Института права Башкирского государственного университета,2619-0915,5.1.1; 5.1.2; 5.1.3; 5.1.4; 20.02.20; 5.1.5
Вестник Института проблем естественных монополий: ТЕХНИКА ЖЕЛЕЗНЫХ ДОРОГ,1998-9318,08.00.05; 26.03.20; 16.10.20
Вестник Института социологии,2221-1616,22.00.03; 26.03.20; 16.10.20; 5.4.1; 5.4.4; 5.4.5; 5.4.6; 5.4.7; 5.5.2; 01.02.20
Вестник Института экономики Российской академии наук,2073-6487,08.00.05; 28.12.20; 16.10.20; 5.2.1; 5.2.4; 5.2.5; 01.02.20; 5.2.3; 28.11.20
Вестник института экономических исследований,2519-2019,5.1.1; 5.1.2; 5.1.3; 5.2.2; 5.2.3; 5.2.4; 5.2.6; 21.02.20
Вестник интенсивной терапии имени А.И. Салтанова,1726-9806,3.1.12; 01.02.20
Вестник ИПБ (Вестник профессиональных бухгалтеров),2308-9407,08.00.05; 08.00.12; 28.12.20; 16.10.20; 5.2.4; 01.02.20; 5.2.3; 21.02.20
Вестник Исторического общества Санкт-Петербургской Духовной Академии,2587-8425,
Вестник Казанского государственного аграрного университета,2073-0462,05.20.01; 05.20.02; 05.20.03; 06.01.04; 06.01.05; 06.01.06; 06.01.07; 06.01.09; 08.00.05; 08.00.12; 08.00.13; 28.12.20; 16.10.20; 4.1.1; 01.02.20; 4.1.2; 4.1.3; 4.3.1; 5.2.3; 5.2.6
Вестник Казанского государственного технического университета им. А.Н. Туполева,2048-6255,05.02.22; 28.12.20; 16.10.20; 1.3.14; 2.5.5; 2.5.6; 2.5.8; 2.2.8; 2.2.11; 01.02.20
Вестник Казанского государственного университета культуры и искусств,1812-0547,13.00.05; 17.00.01; 17.00.02; 17.00.03; 17.00.04; 17.00.05; 17.00.06; 17.00.09; 17.00.09; 17.00.09; 24.00.01; 28.12.20; 16.10.20; 24.00.01; 24.00.01; 24.00.01; 5.8.1; 5.8.2; 5.8.7; 5.10.2
Вестник Казанского государственного энергетического университета,2072-6007,05.14.01; 05.14.02; 05.14.04; 05.14.14; 28.12.20; 16.10.20; 2.4.2; 2.4.5; 26.01.20; 5.2.3
Вестник Казанского юридического института МВД России,2227-1171,12.00.01; 12.00.02; 12.00.08; 12.00.09; 12.00.11; 12.00.12; 28.12.20; 16.10.20; 5.1.1; 5.1.2; 5.1.4; 23.09.20
Вестник Калининградского филиала Санкт-Петербургского университета МВД России,2227-7226,12.00.01; 12.00.08; 12.00.09; 12.00.11; 12.00.12; 12.00.14; 28.12.20; 16.10.20; 5.8.1; 5.8.7; 01.02.20; 5.1.1; 5.1.2; 5.1.3; 5.1.4; 28.11.20
Вестник Калмыцкого университета,1995-0713,10.02.02; 10.02.19; 10.02.20; 28.12.20; 16.10.20; 5.6.1; 5.6.3; 5.7.7; 5.7.8; 5.7.9; 01.02.20; 5.9.5; 5.9.8; 08.02.20
Вестник Камчатского государственного технического университета,2079-0333,05.18.04; 05.18.17; 28.12.20; 16.10.20; 1.5.12; 1.5.15; 1.5.16; 1.5.20; 2.2.4; 2.2.8; 01.02.20; 2.2.11; 4.3.5; 4.3.3; 4.3.3; 15.02.20
"Вестник Камчатской региональной ассоциации ""Учебно-научный центр"". Серия: Науки о Земле",1816-5524,
"Вестник Кемеровского государственного университета. Серия: Политические, социологические и экономические науки",2500-3372,
Вестник Кемеровского государственного университета. Серия: Гуманитарные и общественные науки = Bulletin of Kemerovo State University. Series: Humanities and Social Sciences,2542-1840,12.00.01; 12.00.02; 12.00.03; 01.03.20; 16.10.20; 12.00.08; 5.8.3; 31.01.20; 5.8.1; 5.8.2; 5.8.7; 01.02.20; 5.1.1; 5.1.2; 5.1.3; 5.1.4; 5.12.1; 03.06.20; 5.12.3; 27.06.20
Вестник Кемеровского государственного университета культуры и искусств,2078-1768,17.00.01; 17.00.02; 24.00.01; 28.12.20; 16.10.20; 13.00.05; 17.00.04; 25.12.20; 16.10.20; 5.8.7; 5.10.2; 5.8.1; 01.02.20; 5.10.1; 5.10.1; 5.10.1; 5.10.2; 5.10.2; 5.10.2; 5.10.3
Вестник Керченского государственного морского технологического университета,2619-0605,08.00.05; 05.18.12; 25.12.20; 16.10.20; 1.5.13; 01.02.20; 4.3.3; 27.04.20; 5.2.3; 21.02.20
Вестник кибернетики,1999-7604,2.3.1; 2.3.1; 1.2.2; 1.2.2; 2.2.2; 2.2.2; 01.02.20
Вестник компьютерных и информационных технологий,1810-7206,05.01.01; 05.13.12; 28.12.20; 16.10.20; 2.2.15; 2.3.1; 2.3.4; 2.3.5; 01.02.20; 2.3.2; 2.3.3; 2.3.6; 2.3.7; 2.3.8; 2.5.1; 20.03.20; 14.03.20
Вестник Концерна ВКО «Алмаз-Антей» (До 14.03.2017 г. наименование в Перечне Вестник Концерна ПВО «Алмаз - Антей» ISSN,2221-1179,
Вестник Костромского государственного университета (До 23.05.2017 г. наименование в Перечне «Вестник Костромского государственного университета имени Н.А. Некрасова» ISSN,1998-0817,
Вестник Костромского государственного университета. Серия: Педагогика. Психология. Социокинетика (До 23.05.2017 г. наименование в Перечне «Вестник Костромского государственного университета имени Н.А. Некрасова. Серия: Педагогика. Психология. Социальная работа. Ювенология. Социокинетика» ISSN,2073-1426,
Вестник КрасГАУ,1819-4036,05.18.12; 05.18.15; 06.01.02; 06.01.05; 06.01.06; 06.02.01; 06.02.01; 06.02.03; 06.02.03; 06.02.04; 06.02.04; 06.02.05; 06.02.05; 06.02.06; 06.02.06; 06.02.06; 06.02.07; 06.02.08; 06.02.10; 28.12.20
Вестник Краснодарского университета МВД России,2073-1078,12.00.08; 12.00.09; 12.00.11; 12.00.12; 12.00.14; 28.12.20; 16.10.20; 5.1.1; 5.1.2; 5.1.4; 01.11.20
Вестник Красноярского государственного педагогического университета им. В.П. Астафьева (Вестник КГПУ),1995-0861,10.02.01; 10.02.19; 13.00.04; 28.12.20; 16.10.20; 5.8.2; 5.8.7; 5.3.1; 5.3.4; 01.02.20; 5.8.4; 5.9.5; 5.9.8; 20.12.20
Вестник Кузбасского государственного технического университета,1999-4125,05.02.11; 25.00.22; 26.03.20; 16.10.20; 2.5.5; 2.5.6; 2.5.7; 2.5.8; 2.6.7; 2.6.8; 2.6.10; 2.6.12; 1.6.9; 01.02.20; 2.8.9; 2.8.6; 2.8.7; 2.5.9; 2.8.3; 2.8.8
Вестник Кузбасского института,2078-3914,12.00.01; 12.00.03; 12.00.08; 12.00.09; 12.00.10; 12.00.11; 12.00.12; 28.12.20; 16.10.20; 5.1.1; 5.1.3; 5.1.4; 08.02.20; 23.03.20
Вестник культуры и искусств (До 23.03.2017 г. наименование в Перечне Вестник Челябинской государственной,2542-0917,24.00.01; 24.00.01; 24.00.01; 28.12.20; 16.10.20
"(исторические науки), 24.00.01 – Теория и история культуры (культурология),",1815-9176,24.00.01; 5.10.1; 5.10.1; 5.10.1; 5.10.4; 5.10.4; 29.03.20
Вестник культурологии,2658-3291,5.10.1; 5.10.1; 29.03.20
Вестник Курганской ГСХА,2227-4227,05.20.01; 05.20.02; 05.20.03; 06.01.04; 06.01.05; 06.01.07; 06.02.07; 06.02.08; 06.02.10; 12.02.20; 16.10.20; 4.1.1; 01.02.20; 4.1.3; 4.2.4; 15.02.20; 4.2.5; 4.3.1; 4.3.2
Вестник Курган-Тюбинского государственного университета имени Носира Хусрава (серия гуманитарных и экономических наук),2309-6764,10.01.03; 28.12.20; 16.10.20; 5.8.2; 01.02.20
Вестник Курской государственной сельскохозяйственной академии,1997-0749,06.01.02; 06.01.04; 06.01.05; 06.01.07; 06.02.01; 06.02.04; 06.02.07; 06.02.08; 06.02.10; 08.00.05; 28.12.20; 16.10.20; 4.1.1; 4.2.3; 01.02.20; 4.1.2; 4.1.3; 4.1.4; 4.1.4; 4.1.5
Вестник Кыргызско- Российского Славянского университета,1694-500X,05.14.01; 05.14.04; 05.14.08; 26.03.20; 16.10.20; 5.5.4; 5.6.1; 5.6.6; 5.6.7; 01.02.20
Вестник Ленинградского государственного университета имени А.С. Пушкина,1818-6653,19.00.13; 28.12.20; 16.10.20; 5.7.1; 5.7.2; 5.7.5; 5.7.6; 01.02.20; 5.7.7; 5.7.8; 5.7.9; 5.8.1; 5.8.2; 5.8.3; 5.8.7; 5.3.1; 5.3.7; 20.12.20; 5.3.4; 31.05.20
"Вестник Магнитогорского государственного технического университета им. Г.И. Носова, Vestnik of Nosov Magnitogorsk State Technical University",1995-2732,05.02.22; 05.02.23; 25.00.22; 26.03.20; 16.10.20; 2.5.5; 2.5.6; 2.5.7; 2.6.1; 2.6.2; 2.6.3; 2.6.4; 2.6.5; 2.6.6; 2.8.7; 01.02.20; 2.5.22; 22.11.20; 2.8.8; 2.8.9
Вестник Майкопского государственного технологического университета,2078-1024,5.6.1; 5.6.2; 5.6.4; 5.8.1; 5.8.2; 5.8.7; 5.4.4; 5.4.6; 5.4.7; 01.02.20
Вестник Марийского государственного университета,2072-6783,10.01.01; 10.02.01; 10.02.04; 10.02.19; 10.02.20; 13.00.05; 28.12.20; 16.10.20; 10.01.02; 10.01.03; 10.02.02; 26.03.20; 16.10.20; 5.9.3; 5.9.4; 5.8.1; 5.8.2; 01.02.20; 5.8.7; 5.9.1
Вестник Марийского государственного университета. Серия «Исторические науки. Юридические науки»,2411-3522,5.6.1; 5.6.2; 5.6.5; 5.6.7; 01.02.20
"Вестник Марийского государственного университета. Серия ""Сельскохозяйственные науки. Экономические науки""",2411-9687,06.02.01; 06.02.03; 06.02.05; 06.02.07; 06.02.10; 08.00.05; 08.00.12; 08.00.13; 28.12.20; 16.10.20; 06.01.04; 03.10.20; 16.10.20; 06.01.05; 06.01.07; 5.2.1; 5.2.4; 5.2.5; 4.1.1; 01.02.20
Вестник машиностроения,0042-4633,2.5.2; 2.5.3; 2.5.4; 2.5.5; 2.5.6; 2.5.7; 2.5.8; 2.5.15; 2.5.21; 2.5.22; 2.6.4; 2.6.6; 2.6.17; 11.12.20; 4.3.1
Вестник МГИМ имени А.Г. Шнитке,2712-9063,5.10.1; 5.10.3; 5.8.2; 5.8.7; 25.04.20
Вестник МГИМО- Университета,2071-8160,5.6.7; 5.2.5; 5.5.4; 01.02.20
Вестник МГСУ,1997-0935,05.02.22; 05.23.07; 05.23.16; 08.00.05; 28.12.20; 16.10.20; 2.1.1; 2.1.2; 2.1.3; 2.1.4; 2.1.5; 2.1.7; 2.1.9; 2.1.10; 2.1.11; 01.02.20; 2.1.11; 2.1.12; 2.1.12; 2.1.13
Вестник МГТУ,1560-9278,05.09.01; 05.09.03; 05.09.12; 05.18.01; 05.18.04; 05.18.12; 05.18.15; 28.12.20; 16.10.20; 2.4.11; 01.02.20; 4.3.5; 1.6.1; 1.6.3; 1.6.4; 1.6.21; 1.6.21; 2.4.2; 4.3.3; 4.3.3
"Вестник МГТУ ""Станкин""",2072-3172,2.5.4; 2.5.5; 2.5.6; 2.5.7; 2.3.3; 01.02.20
"Вестник МГТУ им. Н.Э. Баумана. Серия ""Естественные науки""",1812-3368,01.01.02; 01.01.03; 01.04.15; 28.12.20; 16.10.20; 1.1.1; 1.1.6; 1.3.2; 1.3.3; 1.3.6; 01.02.20; 1.3.7; 1.3.8; 1.3.14; 1.3.20; 1.3.19; 1.4.3; 1.4.4; 1.4.6; 1.4.9
Вестник Медицинского института непрерывного образования,2782-1714,3.1.3; 3.1.9; 3.1.13; 3.1.23; 3.1.33; 12.03.20; 3.1.9; 3.1.18; 3.1.8; 01.02.20; 1.5.5; 3.1.6; 3.1.14; 3.1.14; 3.1.22; 3.1.25; 3.1.28; 3.3.1; 3.3.2; 3.3.2
Вестник медицинского стоматологического института,1993-3932,14.01.13; 14.02.03; 11.07.20; 16.10.20; 3.1.5; 3.1.17; 3.1.31; 3.1.31; 5.3.1; 5.3.1; 5.3.2; 15.11.20; 3.1.24; 3.1.7; 3.2.5; 01.02.20
Вестник Международной академии холода,1606-4313,05.04.02; 05.04.06; 05.04.12; 26.03.20; 16.10.20; 05.18.01; 05.18.04; 05.18.12; 1.3.8; 1.3.10; 1.3.14; 2.4.8; 4.3.5; 01.02.20; 1.3.2; 2.4.6; 4.3.1; 4.3.3; 20.03.20
"Вестник международных организаций: образование, наука, новая экономика International Organisations Research Journal",1996-7845,5.2.5; 5.8.7; 5.5.4; 01.02.20
Вестник метролога,2413-1806,05.11.10; 05.11.08; 05.11.06; 28.12.20; 16.10.20; 2.2.10; 2.2.5; 2.2.8; 01.02.20; 2.2.6; 2.2.4; 2.2.6; 2.2.9; 13.10.20
Вестник Мининского университета,2307-1281,19.00.05; 19.00.13; 28.12.20; 16.10.20; 5.7.2; 5.7.6; 5.7.8; 5.7.9; 5.8.1; 5.8.3; 5.8.7; 5.3.1; 5.3.4; 01.02.20; 5.3.5; 28.11.20
Вестник Мичуринского государственного аграрного университета,1992-2582,06.01.04; 06.01.04; 06.01.05; 06.01.05; 06.01.07; 28.12.20; 16.10.20; 06.01.07; 06.01.08; 06.01.08; 06.02.07; 06.02.08; 06.02.10; 08.00.05; 26.03.20; 16.10.20; 4.1.1; 4.1.1; 01.02.20; 4.1.4
Вестник Московского авиационного института,0869-6101,05.02.02; 05.02.18; 05.02.23; 05.07.06; 26.03.20; 16.10.20; 05.07.07; 05.07.10; 2.5.4; 2.5.6; 2.5.8; 2.5.12; 2.5.13; 2.5.14; 2.5.15; 2.5.16; 2.6.1; 2.6.3; 2.6.4; 2.6.5
Вестник Московского автомобильно-дорожного государственного технического университета (МАДИ),2079-1364,05.05.03; 05.05.04; 05.22.01; 28.12.20; 16.10.20; 2.9.4; 2.9.5; 2.1.8; 01.02.20; 2.1.9; 2.1.10; 2.5.6; 2.5.11; 2.9.1; 21.10.20; 2.9.8; 2.9.9; 11.12.20
Вестник МГПУ. Серия Естественные науки. MCU Journal of Natural Sciences,2076-9091,1.5.4; 1.5.5; 1.6.13; 5.8.4; 5.8.5; 5.8.6; 15.02.20; 1.5.15; 11.12.20
"Вестник Московского городского педагогического университета. Серия ""Информатика и информатизация образования""",2072-9014,5.8.7; 5.8.1; 5.8.2; 01.02.20; 20.12.20
Вестник МГПУ. Серия «Исторические науки». MCU Journal of Historical Studies (до 20.12.2022 натменование в Перечне «Вестник Московского городского педагогического университета. Серия «Исторические науки»),2076-9105,5.6.1; 5.6.2; 01.02.20; 08.02.20
"Вестник МГПУ. Серия «Педагогика и психология». MCU Journal of Pedagogy and Psychology (до 08.02.2023 г. наименование в Перечне «Вестник Московского городского педагогического университета. Серия ""Педагогика и психология""»)",2076-9121,5.8.1; 5.8.2; 5.8.3; 5.8.7; 5.3.1; 5.3.4; 5.3.8; 01.02.20; 5.3.5; 5.3.7; 5.12.1; 29.03.20; 03.06.20; 10.01.03; 10.02.04; 10.02.05; 10.02.19; 28.12.20; 16.10.20; 5.8.2
Вестник МГПУ. Серия «Философские науки». MCU Journal of Philosophical Sciences (до 20.12.2022 натменование в Перечне «Вестник Московского городского педагогического университета. Серия «Философские науки»),2078-9238,5.7.2; 5.7.7; 5.7.8; 01.02.20
"Вестник Московского городского педагогического университета. Серия ""Экономические науки""",2312-6647,08.00.05; 28.12.20; 16.10.20; 5.2.4; 5.2.5; 01.02.20; 5.2.3; 5.2.6; 21.02.20
"Вестник Московского городского педагогического университета. Серия ""Юридические науки""",2076-9113,12.00.08; 12.00.01; 12.00.02; 12.00.03; 28.12.20; 16.10.20; 5.1.1; 5.1.2; 5.1.3; 5.1.4; 08.02.20
Вестник Московского государственного лингвистического университета. Гуманитарные науки,2542-2197,10.01.01; 10.02.01; 10.02.04; 10.02.05; 28.12.20; 16.10.20; 10.02.19; 10.02.20; 10.02.21; 24.00.01; 24.00.01; 5.9.3; 01.02.20; 5.9.1; 5.9.2; 5.9.5; 5.9.6; 5.9.8; 5.10.1; 5.10.1
Вестник Московского государственного лингвистического университета. Образование и педагогические науки,2500-3488,12.00.03; 12.00.08; 12.00.10; 19.00.05; 19.00.13; 28.12.20; 16.10.20; 5.8.1; 5.8.2; 01.02.20; 5.8.7; 5.3.1; 5.3.4; 5.1.3; 5.1.4; 5.1.5; 29.03.20; 5.3.1; 29.03.20; 16.06.20
Вестник Московского государственного лингвистического университета. Общественные науки,2500-347X,22.00.03; 23.00.03; 23.00.05; 28.12.20; 16.10.20; 5.6.1; 5.6.2; 5.6.7; 5.4.1; 5.4.4; 5.4.6; 5.4.7; 5.5.2; 5.5.4; 01.02.20
"Вестник Московского государственного технического университета им. Н.Э. Баумана. Серия ""Приборостроение""",0236-3933,05.11.06; 05.11.08; 05.11.14; 28.12.20; 16.10.20; 05.11.18; 05.13.05; 05.13.15; 05.13.17; 2.2.4; 2.2.5; 2.2.6; 2.2.8; 2.2.10; 2.2.11; 2.2.12; 2.3.1; 2.3.4; 2.3.5; 1.2.2
"Вестник Московского государственного технического университета им. Н.Э. Баумана. Серия ""Машиностроение""",0236-3941,05.02.02; 05.02.13; 05.02.22; 05.04.02; 05.04.06; 05.04.11; 05.04.12; 05.04.13; 05.07.10; 28.12.20; 16.10.20; 2.5.5; 2.5.6; 2.4.8; 2.5.12; 2.5.13; 2.5.14; 2.5.15; 2.5.16; 01.02.20
Вестник Московского государственного университета культуры и искусств,1997-0803,13.00.05; 24.00.01; 24.00.01; 28.12.20; 16.10.20; 5.7.3; 5.8.1; 5.8.7; 01.02.20; 5.7.2; 5.7.8; 5.8.2; 5.10.1; 5.10.1; 5.10.2; 5.10.2; 21.02.20; 5.10.4; 5.10.4; 5.10.4
Вестник Московского гуманитарно-экономического института,2311-5351,08.00.05; 08.00.12; 08.00.13; 28.12.20; 16.10.20; 5.2.1; 5.2.4; 5.2.5; 01.02.20
Вестник Московского информационно- технологического университета-Московского архитектурно-строительного института,2619-046X,2.1.11; 2.1.12; 2.1.12; 5.9.1; 5.9.8; 5.3.1; 21.02.20
Вестник Московского университета МВД России,2073-0454,08.00.05; 08.00.12; 12.00.01; 12.00.02; 28.12.20; 16.10.20; 12.00.03; 12.00.04; 12.00.05; 12.00.06; 12.00.07; 12.00.08; 12.00.09; 12.00.10; 12.00.11; 12.00.12; 12.00.13; 12.00.14; 12.00.15; 5.2.4
Вестник Московского университета. Серия 10. Журналистика,0320-8079,10.01.10; 28.12.20; 16.10.20; 5.9.9; 5.9.9; 5.9.9; 5.9.9; 21.02.20
Вестник Московского университета. Серия 11. Право,0201-7385,
Вестник Московского университета. Серия 12. Политические науки,0868-4871,23.00.01; 23.00.03; 23.00.05; 23.00.06; 28.12.20; 16.10.20; 5.5.2; 5.5.4; 01.02.20; 5.5.1; 5.5.1; 5.5.3; 21.02.20
Вестник Московского университета. Серия 13. Востоковедение,0201-7385,
Вестник Московского университета. Серия 14. Психология,0137-0936,19.00.04; 19.00.05; 19.00.12; 19.00.13; 28.12.20; 16.10.20; 5.3.1; 5.3.2; 5.3.3; 5.3.9; 5.3.4; 5.3.8; 01.02.20; 5.3.5; 5.3.7; 5.12.1; 23.09.20; 5.3.6; 20.02.20
ВЕСТНИК МОСКОВСКОГО УНИВЕРСИТЕТА. СЕРИЯ 15. ВЫЧИСЛИТЕЛЬНАЯ МАТЕМАТИКА И КИБЕРНЕТИКА,0137-0782,1.1.2; 1.1.3; 1.1.4; 1.1.5; 20.03.20; 1.1.6; 1.2.1; 1.2.2
Вестник Московского университета. Серия 18. Социология и политология,1029-3736,22.00.03; 28.12.20; 16.10.20; 5.4.1; 5.4.4; 5.4.5; 5.4.6; 5.4.7; 01.02.20; 5.4.2; 5.4.3; 5.4.5; 5.5.1; 5.5.2; 5.5.3; 5.5.4; 21.02.20
Вестник Московского университета. Серия 19. Лингвистика и межкультурная коммуникация,0201-7385,
Вестник Московского университета. Серия 20. Педагогическое образование,2073-2635,5.8.1; 5.8.7; 01.02.20; 5.3.1; 5.3.4; 5.3.6; 5.3.7; 5.8.2; 30.10.20
Вестник Московского университета. Серия 21. Управление (государство и общество),2073-2643,08.00.05; 28.12.20; 16.10.20; 5.6.1; 5.6.2; 5.2.1; 01.02.20; 5.1.2; 5.2.3; 5.2.6; 5.6.7; 21.02.20; 5.2.7; 5.2.7; 5.2.7; 19.12.20
Вестник Московского университета. Серия 22. Теория перевода,2074-6636,10.02.20; 24.00.01; 26.03.20; 16.10.20; 5.7.1; 5.7.8; 01.02.20; 5.8.2; 5.9.8; 5.10.1; 5.10.1; 5.12.3; 5.12.3; 20.03.20
Вестник Московского университета. Серия 26. Государственный аудит,0201-7385,08.00.12; 12.00.01; 12.00.02; 12.00.03; 12.00.04; 12.00.08; 12.00.09; 28.12.20; 16.10.20; 12.00.10; 12.00.11; 12.00.12; 12.00.13; 12.00.14; 5.2.4; 01.02.20; 5.1.2; 20.12.20
Вестник Московского университета. Серия 27. Глобалистика и геополитика,2414-4894,5.7.7; 5.5.4; 01.02.20; 5.5.2; 5.6.2; 5.6.7; 08.02.20
ВЕСТНИК МОСКОВСКОГО УНИВЕРСИТЕТА. СЕРИЯ 4. ГЕОЛОГИЯ,0579-9406,1.6.1; 1.6.2; 1.6.2; 1.6.3; 1.6.4; 1.6.4; 1.6.4; 1.6.4; 20.03.20; 1.6.5; 1.6.6; 1.6.7; 1.6.7; 1.6.7; 1.6.8; 1.6.8; 1.6.9; 1.6.9; 1.6.10; 1.6.10
Вестник Московского университета. Серия 6. Экономика,0130-0105,08.00.05; 28.12.20; 16.10.20; 5.2.1; 5.2.4; 01.02.20; 5.2.2; 5.2.2; 5.2.3; 5.2.5; 5.2.6; 5.4.2; 5.4.2; 5.4.3; 5.4.3; 20.03.20
Вестник Московского университета. Серия 7. Философия,0130-0091,23.00.01; 28.12.20; 16.10.20; 5.7.1; 5.7.2; 5.7.3; 5.7.4; 5.7.5; 5.7.6; 01.02.20; 5.7.7; 5.7.8; 5.7.9
Вестник Московского университета. Серия 8. История,0130-0083,5.6.1; 5.6.2; 5.6.3; 5.6.4; 5.6.5; 01.02.20; 5.10.3; 08.02.20
Вестник Московского университета. Серия 9. Филология,0130-0075,10.01.01; 10.01.02; 10.01.03; 10.02.01; 10.02.02; 10.02.03; 10.02.04; 10.02.05; 10.02.19; 10.02.20; 10.02.21; 10.02.22; 28.12.20; 16.10.20; 5.9.3; 5.9.4; 5.9.7; 01.02.20; 5.9.1; 5.9.2
Вестник Московского университета. Серия XXV. Международные отношения и мировая политика,2076-7404,5.6.7; 5.5.2; 5.5.4; 01.02.20
Вестник Московского университета. Серия ХХIII. Антропология,2074-8132,03.03.02; 03.03.02; 28.12.20; 16.10.20; 1.5.7; 5.6.3; 5.6.4; 01.02.20
Вестник Московского университета имени С.Ю. Витте. Серия 1: Экономика и управление,2587-554X,5.2.1; 5.2.3; 5.2.4; 5.2.5; 5.2.6; 23.09.20
Вестник Московского университета имени С.Ю. Витте. Серия 2. Юридические науки. (Электронный научный журнал),2587-9472,5.1.2; 5.1.3; 5.1.4; 20.02.20; 08.00.05; 26.03.20; 16.10.20; 5.2.3; 23.09.20
Вестник Московского энергетического института,1993-6982,05.09.01; 05.09.02; 05.09.03; 05.09.05; 05.09.10; 05.09.12; 05.13.05; 05.13.15; 05.13.17; 05.14.01; 05.14.02; 05.14.03; 05.14.04; 05.14.08; 05.14.12; 05.14.14; 28.12.20; 16.10.20; 2.4.11; 2.3.1
Вестник Московской академии Следственного комитета Российской Федерации,2410-7638,08.00.05; 08.00.13; 12.00.01; 12.00.02; 12.00.03; 28.12.20; 16.10.20; 12.00.04; 12.00.05; 12.00.06; 12.00.07; 12.00.08; 12.00.09; 12.00.10; 12.00.11; 12.00.12; 12.00.13; 12.00.14; 12.00.15; 5.1.1
Вестник музыкальной науки,2308-1031,17.00.02; 28.12.20; 16.10.20; 24.00.01; 24.00.01; 5.10.1; 5.10.1; 5.10.3; 23.09.20
Вестник науки и образования Северо-Запада России,2413-9858,2.1.6; 4.3.3; 11.12.20
Вестник Научного центра ВостНИИ по промышленной и экологической безопасности,2542-2138,1.5.15; 2.1.16; 2.8.6; 01.02.20
Вестник Научного центра по безопасности работ в угольной промышленности,2072-6554,05.26.02; 25.00.22; 28.12.20; 16.10.20; 2.1.16; 2.8.6; 01.02.20; 2.2.4; 29.03.20
Вестник научно- исследовательского института железнодорожного транспорта,2223-9731,05.02.02; 05.02.18; 05.22.01; 28.12.20; 16.10.20; 2.5.3; 2.6.1; 2.6.17; 01.02.20; 2.9.2; 2.9.3; 2.9.4; 2.5.2; 27.06.20; 01.01.02; 01.01.03; 01.01.09; 01.04.23; 05.13.05; 05.13.12
Вестник Национального Медико-хирургического Центра им. Н.И. Пирогова,2072-8255,3.1.18; 3.1.20; 3.1.8; 3.1.9; 01.02.20; 3.1.15
Вестник Национальной академии туризма,2073-0624,08.00.05; 28.12.20; 16.10.20
Вестник НГАУ (Новосибирский государственный аграрный университет),2072-6724,06.01.05; 06.01.07; 06.01.07; 06.02.01; 06.02.03; 06.02.07; 06.02.08; 06.02.10; 28.12.20; 16.10.20; 06.01.04; 17.12.20; 16.10.20; 4.2.3; 4.1.1; 01.02.20; 1.5.6; 1.5.20; 4.1.1; 4.1.2
Вестник НГИЭИ,2227-9407,05.20.01; 05.20.02; 05.20.03; 08.00.05; 26.03.20; 16.10.20; 4.3.1; 4.3.2; 5.2.3; 15.02.20
Вестник НГУЭУ,2073-6495,05.25.05; 08.00.05; 28.12.20; 16.10.20; 08.00.12; 08.00.13; 5.2.1; 5.2.4; 5.2.5; 01.02.20; 2.3.4; 2.3.8; 5.2.2; 5.2.3; 5.2.6; 15.02.20
"Вестник неврологии, психиатрии, нейрохирургии",2074-6822,14.01.06; 14.01.27; 28.12.20; 16.10.20; 3.1.24; 3.1.10; 01.02.20; 3.1.17; 26.01.20
Вестник Нижегородского государственного лингвистического университета им. Н.А. Добролюбова,2072-3490,10.02.01; 10.02.04; 10.02.19; 10.02.20; 28.12.20; 16.10.20; 10.01.03; 26.03.20; 16.10.20; 5.8.2; 5.8.7; 01.02.20; 5.9.2; 5.9.5; 20.03.20; 5.9.6; 5.9.8; 5.12.3
Вестник Нижегородского университета им. Н.И. Лобачевского,1993-1778,10.02.01; 10.02.19; 12.00.01; 12.00.02; 12.00.03; 12.00.04; 12.00.08; 12.00.09; 12.00.10; 12.00.11; 12.00.12; 12.00.13; 12.00.14; 12.00.15; 28.12.20; 16.10.20; 5.6.1; 5.6.2; 5.6.3; 01.02.20
Вестник Нижегородского университета им. Н.И. Лобачевского. Серия: Социальные науки,1811-5942,08.00.05; 08.00.12; 08.00.13; 22.00.03; 28.12.20; 16.10.20; 5.2.4; 5.8.2; 5.8.7; 5.4.4; 5.4.6; 5.4.7; 01.02.20; 5.2.2; 5.2.3; 5.2.5; 08.02.20; 5.2.6; 5.4.2
Вестник Нижневартовского государственного университета,2311-1402,
Вестник НИИ гуманитарных наук при Правительстве Республики Мордовия,2077-3579,08.00.05; 28.12.20; 16.10.20; 5.6.1; 5.6.3; 5.6.4; 01.02.20; 5.2.3; 5.9.1; 5.9.5; 29.03.20
Вестник НИЦ «Строительство»,2782-3938,2.1.1; 2.1.2; 2.1.5; 01.02.20
Вестник Новгородского государственного университета,2076-8052,05.27.03; 05.27.06; 14.03.09; 28.12.20; 16.10.20; 2.2.13; 2.2.14; 2.2.15; 2.2.16; 01.02.20; 2.2.2; 3.3.1; 3.3.2; 3.3.3; 3.3.6; 3.3.8; 3.1.33; 1.3.4; 20.03.20; 1.3.8
Вестник Новосибирского государственного университета. Серия: Информационные технологии,1818-7900,05.13.15; 05.13.15; 05.13.17; 05.13.17; 05.25.05; 25.00.35; 28.12.20; 16.10.20; 2.3.1; 2.3.5; 2.3.5; 1.2.2; 1.2.2; 01.02.20; 2.3.6; 1.6.9; 1.6.9
"Вестник Новосибирского государственного университета. Серия: История, филология",1818-7919,10.01.01; 10.01.02; 10.01.03; 10.01.10; 10.02.01; 10.02.02; 10.02.03; 10.02.04; 10.02.05; 10.02.19; 10.02.20; 10.02.22; 28.12.20; 16.10.20; 5.6.1; 5.6.2; 5.6.3; 5.6.4; 5.6.5; 5.9.3
Вестник Новосибирского государственного университета. Серия: Лингвистика и межкультурная коммуникация,1818-7935,10.02.01; 10.02.02; 10.02.03; 10.02.04; 10.02.05; 10.02.19; 10.02.20; 10.02.21; 28.12.20; 16.10.20; 5.9.5; 5.9.6; 5.9.7; 5.9.8; 5.12.3; 21.02.20
Вестник новых медицинских технологий,1609-2163,14.01.06; 14.01.27; 14.01.28; 28.12.20; 16.10.20; 14.03.01; 1.5.2; 1.5.2; 1.5.8; 1.5.8; 3.1.4; 3.1.18; 3.1.20; 3.1.21; 3.1.24; 3.1.7; 3.1.9; 3.1.27; 3.1.29; 3.3.1
Вестник новых медицинских технологий (электронное издание),2075-4094,14.01.06; 14.01.27; 14.01.28; 14.03.01; 28.12.20; 16.10.20; 3.1.4; 3.1.18; 3.1.20; 3.1.24; 3.1.7; 3.1.9; 3.1.27; 3.1.29; 3.2.1; 3.2.1; 3.3.1; 3.3.2; 3.3.3; 3.3.3
Вестник «НПО имени С.А. Лавочкина»,2075-6941,2.5.13; 2.5.14; 2.5.16; 01.02.20
Вестник НЦБЖД,2075-4957,05.11.14; 05.26.02; 26.03.20; 16.10.20; 05.26.03; 2.2.4; 2.2.5; 2.2.8; 2.2.11; 2.1.16; 5.8.1; 5.8.2; 5.8.3; 5.8.7; 01.02.20; 2.9.5; 2.9.8; 13.10.20
Вестник Омского государственного аграрного университета,2222-0364,05.20.01; 05.20.03; 06.01.04; 06.01.05; 06.01.09; 06.02.01; 06.02.03; 06.02.04; 06.02.05; 12.02.20; 16.10.20; 06.02.10; 4.1.1; 4.2.3; 01.02.20; 4.1.2; 4.1.2; 4.1.3; 4.1.3; 4.1.4
Вестник Омского государственного педагогического университета. Гуманитарные исследования,2309-9380,10.02.01; 10.02.20; 28.12.20; 16.10.20; 5.7.1; 5.7.8; 5.8.1; 5.8.7; 01.02.20; 5.9.5; 5.9.8; 23.09.20
Вестник Омского университета,1812-3996,01.01.06; 01.01.09; 28.12.20; 16.10.20; 1.1.1; 5.7.6; 5.7.7; 5.7.8; 01.02.20
"Вестник Омского университета. Серия ""Право""",1990-5173,12.00.01; 12.00.02; 12.00.03; 12.00.04; 28.12.20; 16.10.20; 12.00.05; 12.00.06; 12.00.07; 12.00.08; 12.00.09; 12.00.10; 12.00.11; 12.00.12; 12.00.13; 12.00.14; 12.00.15; 5.1.1; 5.1.2; 5.1.3
Вестник Омского университета. Серия «Психология»,2410-6364,5.3.1; 5.3.4; 5.3.5; 5.3.7; 21.02.20
"Вестник Омского университета. Серия ""Экономика""",1812-3988,08.00.05; 28.12.20; 16.10.20; 5.2.1; 01.02.20; 5.2.3; 5.2.6; 21.02.20
Вестник Омского университета. Серия Исторические науки,2312-1300,23.00.01; 28.12.20; 16.10.20; 5.6.1; 5.6.2; 5.6.3; 5.6.4; 5.6.5; 5.6.7; 5.5.2; 01.02.20; 5.5.1; 5.5.1; 20.12.20
Вестник Оренбургского государственного педагогического университета. Электронный научный журнал,2303-9922,1.5.9; 1.5.12; 1.5.15; 1.5.18; 5.6.1; 5.6.3; 5.8.1; 5.8.2; 5.8.7; 01.02.20
ВЕСТНИК Оренбургского государственного университета,1814-6457,5.8.1; 01.02.20; 5.8.2; 5.8.7
Вестник Оренбургской Духовной Семинарии,2312-2293,5.6.1; 5.11.1; 5.11.2; 5.11.3; 23.04.20
Вестник оториноларингологии,0042-4668,3.1.3; 3.1.33; 13.10.20
Вестник офтальмологии,0042-465X,3.1.5; 26.01.20; 06.02.01; 06.02.01; 06.02.05; 06.02.05; 06.02.09; 06.02.09; 28.12.20; 16.10.20; 4.2.4; 15.02.20
Вестник педагогических инноваций,1812-9463,5.8.1; 01.02.20; 5.8.2; 5.8.7
Вестник педагогических наук,2687-1661,5.8.1; 5.8.2; 5.8.7; 01.02.20
Вестник педагогического университета,2219-5408,10.01.01; 10.01.03; 10.01.10; 10.02.01; 10.02.19; 10.02.20; 10.02.22; 28.12.20; 16.10.20; 5.9.3; 5.9.4; 01.02.20
Вестник Пермского института Федеральной службы исполнения наказаний,2226-2326,12.00.08; 15.10.20; 16.10.20; 12.00.14; 25.12.20; 16.10.20; 5.1.4; 21.02.20; 5.1.2; 01.11.20; 05.02.02; 26.03.20; 16.10.20; 05.02.18; 05.02.23; 1.1.8; 2.5.5; 2.5.8; 2.6.1; 2.6.3
Вестник Пермского национального исследовательского политехнического университета. Аэрокосмическая техника,2224-9982,05.07.10; 28.12.20; 16.10.20; 2.5.13; 2.5.15; 01.02.20
Вестник Пермского национального исследовательского политехнического университета. Прикладная экология. Урбанистика,2409-5125,2.1.1; 2.1.2; 2.1.4; 2.1.5; 2.1.8; 01.02.20; 2.1.10; 2.1.13
Вестник Пермского национального исследовательского политехнического университета. Социально- экономические науки,2224-9354,08.00.05; 08.00.13; 28.12.20; 16.10.20; 5.2.4; 5.4.4; 5.4.6; 5.4.7; 01.02.20; 5.2.3; 5.2.6; 21.02.20
Вестник Пермского национального исследовательского политехнического университета. Химическая технология и биотехнология,2224-9400,1.5.6; 2.3.3; 2.6.7; 2.6.10; 2.6.12; 01.02.20
"Вестник Пермского национального исследовательского политехнического университета. Электротехника, информационные технологии, системы управления",2224-9397,05.09.01; 05.09.02; 05.09.03; 05.09.05; 05.13.05; 05.14.01; 28.12.20; 16.10.20; 05.14.02; 2.3.1; 2.3.3; 2.3.4; 1.2.2; 01.02.20; 2.3.2; 2.3.7; 2.3.7; 2.3.8; 2.4.1; 2.4.2
Вестник Пермского университета. Геология,1994-3601,1.6.1; 1.6.7; 1.6.7; 1.6.7; 1.6.9; 1.6.9; 11.04.20; 1.6.9; 22.06.20
Вестник Пермского университета. Математика. Механика. Информатика,1993-0550,1.1.1; 1.1.2; 08.07.20; 1.1.3; 1.1.5; 1.1.6; 1.1.7; 1.1.8; 1.1.9; 1.2.1; 1.2.2; 1.2.3; 2.3.1; 2.3.2; 2.3.7
Вестник Пермского университета. Российская и зарубежная филология,2073-6681,10.01.01; 10.01.03; 10.01.10; 10.02.01; 10.02.02; 10.02.03; 10.02.04; 10.02.19; 10.02.20; 28.12.20; 16.10.20; 10.02.21; 5.9.3; 5.9.4; 5.9.7; 01.02.20; 5.9.1; 5.9.2; 5.9.5; 5.9.6
"Вестник Пермского университета. Серия ""Политология""",2218-1067,23.00.01; 23.00.05; 28.12.20; 16.10.20; 5.5.2; 01.02.20; 5.5.1; 5.5.3; 5.5.4; 21.02.20
"Вестник Пермского университета. Серия ""Экономика"" = Perm University Herald. ECONOMY",1994-9960,08.00.05; 28.12.20; 16.10.20; 08.00.12; 08.00.13; 5.2.1; 01.02.20; 5.2.2; 5.2.3; 21.02.20
Вестник Пермского университета. Серия История,2219-3111,5.6.2; 5.6.1; 5.6.5; 01.02.20
Вестник Пермского университета. Серия Биология=Bulletin of Perm University. BIOLOGY,1994-9952,03.03.03; 28.12.20; 16.10.20; 1.5.9; 1.5.11; 1.5.12; 1.5.7; 3.3.8; 01.02.20; 1.5.18; 3.2.7; 3.2.7; 20.03.20
Вестник Пермского университета. Философия. Психология. Социология,2078-7898,5.7.1; 5.7.2; 5.7.7; 5.7.8; 5.3.1; 5.4.1; 5.4.4; 01.02.20; 5.4.7
Вестник Пермского университета. Физика,1994-3598,1.1.9; 1.3.8; 01.02.20
Вестник Пермского университета. Юридические науки,1995-4190,12.00.01; 12.00.02; 12.00.03; 12.00.04; 12.00.05; 12.00.07; 12.00.09; 12.00.10; 12.00.14; 12.00.15; 28.12.20; 16.10.20; 5.1.1; 5.1.2; 5.1.3; 5.1.4; 5.1.5; 30.06.20
Вестник ПНИПУ. Культура. История. Философия. Право,2224-9974,5.6.1; 5.6.6; 01.02.20; 22.03.20
Вестник ПНИПУ. Проблемы языкознания и педагогики,2224-9389,10.02.01; 28.12.20; 16.10.20; 10.02.04; 10.02.19; 10.02.20; 5.8.2; 5.8.7; 01.02.20; 5.9.8; 21.02.20
"Вестник Поволжского государственного технологического университета. Серия ""Лес. Экология. Природопользование""",2306-2827,05.21.01; 05.21.05; 06.03.01; 06.03.01; 06.03.02; 06.03.02; 06.03.03; 06.03.03; 26.03.20; 16.10.20; 1.6.19; 1.6.21; 4.1.2; 4.1.2; 4.1.6; 26.01.20; 4.1.6; 4.1.6; 4.3.4; 4.3.4
"Вестник Поволжского государственного технологического университета. Серия ""Радиотехнические и инфокоммуникационные системы""",2306-2819,05.13.05; 28.12.20; 16.10.20; 01.04.03; 01.04.03; 28.12.20; 30.10.20; 05.11.14; 31.10.20; 16.10.20; 2.2.13; 2.2.14; 2.2.15; 2.2.16; 2.3.3; 1.2.2; 2.3.6; 2.2.8; 2.2.11; 2.2.12
"Вестник Поволжского государственного технологического университета. Серия ""Экономика и управление""",2306-2800,08.00.05; 28.12.20; 16.10.20; 5.2.1; 5.2.4; 01.02.20; 5.2.3; 5.2.6; 23.09.20
"Вестник Поволжского государственного университета сервиса. Серия ""Экономика""",2073-9338,08.00.05; 28.12.20; 16.10.20
Вестник Поволжского института управления,1682-2358,12.00.01; 12.00.02; 23.00.01; 23.00.03; 23.00.05; 28.12.20; 16.10.20; 5.5.2; 5.5.4; 01.02.20; 5.1.1; 5.1.2; 5.4.5; 5.5.3; 08.02.20
Вестник последипломного медицинского образования,2221-741X,14.01.28; 28.12.20; 16.10.20; 3.1.4; 3.1.18; 3.1.23; 01.02.20
Вестник последипломного образования в сфере здравоохранения,2414-0252,3.1.4; 3.1.3; 3.1.18; 3.1.21; 3.1.23; 3.1.24; 3.1.11; 3.1.12; 3.1.7; 3.1.9; 3.1.6; 3.1.15; 01.02.20
Вестник Православного Свято- Тихоновского гуманитарного университета. Серия 2: История. История Русской Православной Церкви,1991-6434,26.00.01; 28.12.20; 16.10.20; 5.6.1; 01.02.20; 5.6.2; 5.11.2; 01.11.20
Вестник Православного Свято- Тихоновского гуманитарного университета. Серия 3: Филология,1991-6485,10.01.01; 10.01.03; 10.02.01; 10.02.03; 10.02.05; 10.02.19; 28.12.20; 16.10.20; 10.02.20; 10.02.22; 5.9.3; 5.9.7; 01.02.20; 5.9.1; 5.9.2; 5.9.5; 5.9.6; 5.9.8; 01.11.20
Вестник Православного Свято- Тихоновского гуманитарного университета. Серия 4: Педагогика. Психология,1991-6493,5.8.1; 5.8.7; 5.3.1; 01.02.20
Вестник Православного Свято- Тихоновского гуманитарного университета. Серия 5: Вопросы истории и теории христианского искусства,2220-5098,17.00.02; 17.00.04; 17.00.09; 28.12.20; 16.10.20; 5.10.1; 5.10.2; 5.10.3; 01.11.20; 11.05.20
Вестник Православного Свято- Тихоновского гуманитарного университета. Серия I: Богословие. Философия. Религиоведение (До 11.05.2017 г. наименование в Перечне «Вестник Православного Свято- Тихоновского гуманитарного университета. Серия 1: Богословие. Философия» ISSN,1991-640X,
Вестник практической психологии образования,2658-3100,5.3.4; 5.3.5; 5.3.7; 21.02.20
Вестник психологии и педагогики Алтайского государственного университета,2500-3135,5.3.1; 5.3.4; 5.8.1; 5.8.7; 31.01.20
Вестник психотерапии 0132-182Х,0132-2109,14.01.06; 19.00.04; 28.12.20; 16.10.20; 3.2.5; 01.02.20; 3.1.17; 5.3.2; 5.3.6; 5.3.6; 31.05.20; 5.3.9
Вестник психофизиологии,2227-6157,19.00.02; 28.12.20; 16.10.20; 5.3.2; 5.3.2; 01.02.20; 1.5.5; 1.5.24; 1.5.24; 5.12.1; 5.12.2; 5.12.2; 5.12.2; 22.11.20; 13.04.20
Вестник Пятигорского государственного университета (До 13.04.2017 г. наименование в Перечне «Вестник Пятигорского государственного лингвистического университета» ISSN,2071-6001,
Вестник РГАТА имени П.А. Соловьева,2073-8072,05.02.02; 05.02.23; 26.03.20; 16.10.20; 2.5.3; 2.5.5; 2.5.6; 2.5.13; 2.5.15; 2.6.1; 01.02.20
Вестник РГГУ. Серия: Евразийские исследования. История. Политология. Международные отношения,2686-7648,5.5.4; 5.6.2; 5.6.7; 01.02.20
Вестник РГГУ. Серия «Информатика. Информационная безопасность. Математика»,2686-679X,1.1.6; 2.3.6; 2.3.8; 11.07.20; 26.12.20
"Вестник РГГУ. Серия ""Литературоведение. Языкознание. Культурология "" (до 26.12.2019 г. наименование в Перечне «Вестник РГГУ. Серия ""История. Филология. Культурология. Востоковедение""» ISSN 2073- 6355)",2686-7249,10.01.01; 10.01.03; 10.02.01; 10.02.02; 10.02.19; 10.02.20; 24.00.01; 24.00.01; 24.00.01; 24.00.01; 28.12.20; 16.10.20; 5.9.3; 5.9.4; 5.9.7; 5.10.2; 5.10.2; 5.10.2; 01.02.20; 26.12.20
"Вестник РГГУ. Серия ""Политология. История. Международные отношения"" ( до 26.12.2019 г наименование в Перечне «Вестник РГГУ. Серия ""Политология. История. Международные отношения. Зарубежное регионоведение. Востоковедение""»)",2073-6339,23.00.01; 23.00.05; 28.12.20; 16.10.20; 5.6.1; 5.6.2; 5.6.5; 5.6.7; 5.5.2; 5.5.4; 01.02.20
"Вестник РГГУ. Серия ""Психология. Педагогика. Образование""",2073-6398,19.00.05; 19.00.13; 28.12.20; 16.10.20; 5.8.1; 5.8.2; 5.3.1; 01.02.20; 5.3.5; 5.3.7; 21.02.20; 5.3.6; 01.10.20
"Вестник РГГУ. Серия ""Философия. Социология. Искусствоведение""",2073-6401,17.00.03; 17.00.04; 17.00.09; 28.12.20; 16.10.20; 5.7.2; 5.7.7; 01.02.20; 5.4.1; 5.4.4; 5.4.6; 5.10.1; 5.10.1; 5.10.3; 07.03.20
"Вестник РГГУ. Серия ""Экономика. Управление. Право""",2073-6304,08.00.05; 12.00.03; 12.00.04; 12.00.10; 28.12.20; 16.10.20; 5.2.1; 5.2.4; 5.2.5; 01.02.20; 5.1.3; 5.2.6; 23.09.20
Вестник рентгенологии и радиологии,0042-4676,14.01.13; 18.03.20; 16.10.20; 3.1.25; 22.11.20
Вестник РМАТ,2224-6789,08.00.05; 28.12.20; 16.10.20; 5.5.2; 5.8.7; 01.02.20; 5.2.3; 5.2.6; 21.02.20
Вестник РОНЦ им. Н.Н. Блохина РАМН,1726-9865,14.01.13; 28.12.20; 16.10.20; 3.1.6; 01.02.20
Вестник Росздравнадзора,2070-7940,14.02.03; 28.12.20; 16.10.20; 3.4.3; 01.02.20; 3.2.3; 22.05.20; 22.12.20
Вестник российских университетов. Математика (до 22.12.2020 г. наименование в Перечне «Вестник Тамбовского университета. Серия: Естественные и технические науки» ISSN 1810- 0198),2686-9667,1.1.1; 01.02.20; 1.1.2; 15.04.20
Вестник Российского государственного медицинского университета,2070-7320,14.02.03; 14.03.09; 14.03.09; 28.12.20; 16.10.20; 3.1.21; 3.1.24; 3.1.6; 3.1.8; 3.3.2; 3.3.3; 3.3.6; 3.3.8; 01.02.20
Вестник Российского научного центра рентгенорадиологии Минздрава России,1999-7264,14.01.13; 28.12.20; 16.10.20; 3.3.2; 01.02.20; 3.1.6; 3.1.25; 3.3.2; 07.12.20; 06.01.02; 06.01.04; 06.01.05; 06.01.06; 06.01.07; 06.01.09; 06.02.01; 06.02.04; 06.02.07; 06.02.10; 28.12.20
Вестник Российского университета дружбы народов. Серия: Всеобщая история,2312-8127,5.6.2; 01.02.20; 5.6.5; 5.6.7; 30.06.20
Вестник Российского университета дружбы народов. Серия: Государственное и муниципальное управление,2312-8313,08.00.05; 25.12.20; 16.10.20; 5.2.1; 5.5.2; 5.5.4; 01.02.20; 5.5.3; 01.11.20
Вестник Российского университета дружбы народов. Серия: Инженерные исследования,2312-8143,
Вестник Российского университета дружбы народов. Серия: Информатизация образования,2312-8631,5.8.1; 5.8.2; 5.8.7; 01.02.20
Вестник Российского университета дружбы народов. Серия: История России,2312-8674,
Вестник Российского университета дружбы народов. Серия: Литературоведение. Журналистика,2312-9220,10.01.01; 10.01.02; 10.01.03; 10.01.10; 28.12.20; 16.10.20; 5.9.3; 5.9.4; 01.02.20; 5.9.1; 5.9.2; 5.9.9; 23.09.20
Вестник Российского университета дружбы народов. Серия: Международные отношения,2313-0660,
Вестник Российского университета дружбы народов. Серия: Политология,2313-1438,
Вестник Российского университета дружбы народов. Серия: Психология и педагогика,2313-1683,
Вестник Российского университета дружбы народов. Серия: Социология,2313-2272,22.00.03; 28.12.20; 16.10.20; 5.7.7; 5.4.1; 5.4.4; 5.4.5; 5.4.6; 5.4.7; 01.02.20
Вестник Российского университета дружбы народов. Серия: Теория языка. Семиотика. Семантика,2313-2299,10.02.01; 10.02.03; 10.02.04; 10.02.19; 10.02.20; 28.12.20; 16.10.20; 5.9.8; 23.09.20
Вестник Российского университета дружбы народов. Серия: Философия,2313-2302,5.7.1; 5.7.2; 5.7.7; 01.02.20
Вестник Российского университета дружбы народов. Серия: Экология и безопасность жизнедеятельности,2313-2310,1.5.15; 1.5.15; 1.6.21; 1.6.21; 1.6.21; 01.02.20
Вестник Российского университета дружбы народов. Серия: Экономика,2313-2329,08.00.05; 28.12.20; 16.10.20; 5.2.4; 5.2.5; 01.02.20; 5.2.1; 5.2.2; 5.2.3; 23.09.20
Вестник Российского университета дружбы народов. Серия: Юридические науки,2313-2337,12.00.01; 12.00.02; 12.00.03; 12.00.04; 12.00.06; 12.00.08; 12.00.09; 12.00.10; 12.00.11; 12.00.12; 12.00.13; 12.00.14; 12.00.15; 28.12.20; 16.10.20; 5.1.1; 5.1.2; 23.09.20; 5.1.3; 5.1.4
Вестник Российского университета кооперации,2227-4383,08.00.05; 08.00.12; 12.00.01; 12.00.02; 12.00.08; 28.12.20; 16.10.20; 5.2.1; 5.2.4; 01.02.20; 5.1.1; 5.1.2; 5.1.4; 5.2.3; 08.02.20; 08.00.05; 28.12.20; 16.10.20; 5.2.1; 5.2.2
Вестник Российской академии естественных наук,1682-1696,14.03.09; 28.12.20; 16.10.20; 25.00.12; 08.00.05; 25.12.20; 16.10.20; 1.6.9; 1.6.10; 2.8.2; 2.8.4; 2.8.5; 2.8.6; 01.02.20; 2.8.3; 5.2.3; 5.2.6; 5.2.7; 22.11.20
Вестник Российской Военно- медицинской академии,1682-7392,14.01.28; 14.02.03; 14.03.09; 28.12.20; 16.10.20; 3.1.18; 3.1.20; 3.1.8; 3.1.9; 3.1.10; 3.1.28; 3.1.14; 01.02.20; 3.2.2; 3.3.3; 3.3.4; 3.3.6; 3.3.6; 3.3.7; 3.3.7
Вестник Российской нации,2073-7459,5.6.2; 5.4.4; 5.5.2; 01.02.20
Вестник Российской правовой академии,2072-9936,12.00.01; 12.00.02; 12.00.03; 12.00.04; 12.00.05; 12.00.06; 12.00.07; 12.00.08; 28.12.20; 16.10.20; 12.00.09; 12.00.10; 12.00.11; 12.00.12; 12.00.13; 12.00.14; 12.00.15; 5.1.1; 5.1.2; 5.1.3
Вестник российской сельскохозяйственной науки,2500-2082,05.20.01; 06.02.07; 26.03.20; 16.10.20; 4.1.1; 01.02.20; 4.2.5; 4.3.1; 13.10.20
Вестник Российской таможенной академии,2072-7240,08.00.05; 28.12.20; 16.10.20; 12.00.10; 12.00.12; 12.00.14; 5.2.5; 01.02.20; 5.1.2; 5.1.4; 5.2.3; 25.04.20; 05.02.02; 05.02.22; 05.13.17; 05.22.01; 28.12.20; 16.10.20; 2.5.3; 2.5.8
Вестник Ростовского государственного экономического университета (РИНХ),1991-0533,08.00.05; 08.00.12; 08.00.13; 28.12.20; 16.10.20; 5.2.1; 5.2.4; 5.2.5; 01.02.20; 5.2.2; 5.2.3; 5.2.6; 21.02.20
Вестник Русской христианской гуманитарной академии,1819-2777,24.00.01; 26.00.01; 28.12.20; 16.10.20; 5.7.2; 5.7.8; 5.7.9; 01.02.20
Вестник рыбохозяйственной науки,2311-4274,06.04.01; 28.12.20; 16.10.20; 1.5.13; 1.5.16; 1.5.17; 1.5.20; 01.02.20; 22.03.20
Вестник Рязанского государственного агротехнологического университета имени П.А. Костычева,2077-2084,05.20.01; 05.20.01; 05.20.03; 06.01.02; 06.01.04; 06.02.05; 06.02.05; 06.02.07; 06.02.07; 06.02.10; 28.12.20; 16.10.20; 4.1.1; 01.02.20; 4.1.3; 4.1.5; 4.1.5; 4.2.2; 4.2.2; 4.2.4
Вестник Рязанского государственного радиотехнического университета,1995-4565,05.13.05; 05.13.15; 05.13.17; 28.12.20; 16.10.20; 1.3.2; 1.3.5; 1.3.11; 2.2.13; 2.2.14; 2.2.15; 2.2.16; 2.3.1; 2.3.3; 2.3.4; 2.3.5; 1.2.2; 01.02.20; 2.2.1; 15.02.20
Вестник Рязанского государственного университета имени С.А. Есенина,2413-2217,5.9.1; 5.9.2; 5.9.5; 21.12.20; 5.6.1; 5.6.2; 5.6.5; 1.6.14; 01.02.20
"Вестник Самарского государственного технического университета. Серия ""Психолого-педагогические науки""",1991-8569,19.00.05; 28.12.20; 16.10.20; 5.8.2; 5.8.7; 5.3.1; 01.02.20; 5.3.5; 5.3.7; 5.8.1; 21.02.20
"Вестник Самарского государственного технического университета. Серия ""Технические науки""",1991-8542,05.09.01; 05.09.03; 28.12.20; 16.10.20; 05.09.10; 2.2.11; 2.3.1; 2.3.3; 01.02.20; 2.4.2; 2.4.4; 22.11.20
"Вестник Самарского государственного технического университета. Серия ""Физико- математические науки""",1991-8615,01.01.02; 28.12.20; 16.10.20; 1.1.8; 1.2.2; 01.02.20; 1.1.2; 22.11.20
Вестник Самарского государственного технического университета. Серия «Философия»,2658-7750,5.7.1; 5.7.2; 5.7.7; 29.03.20
Вестник Самарского государственного экономического университета,1993-0453,08.00.05; 08.00.12; 28.12.20; 16.10.20; 5.2.1; 5.2.4; 5.2.5; 01.02.20; 5.2.3; 5.2.6; 17.07.20; 5.2.2; 30.10.20
Вестник Самарского муниципального института управления,2071-9558,08.00.05; 22.00.03; 28.12.20; 16.10.20; 5.4.5; 5.4.7; 01.02.20; 30.12.20
"Вестник Самарского университета. Аэрокосмическая техника, технологии и машиностроение (До 30.12.2016 г. наименование в Перечне Вестник Самарского государственного аэрокосмического университета имени академика С.П. Королева (национального исследовательского университета) ISSN",1998-6629,
"Вестник Самарского университета. История, педагогика, филология (До 23.06.2017 г. наименование в Перечне Вестник Самарского государственного университета ISSN",1810-5378,
Вестник Самарского университета. Экономика и управление,2542-0461,08.00.05; 08.00.13; 04.02.20; 16.10.20; 5.2.2; 5.2.3; 08.02.20
Вестник Самарского юридического института,2307-6852,12.00.01; 12.00.08; 12.00.09; 12.00.11; 12.00.12; 19.00.06; 28.12.20; 16.10.20; 5.8.1; 01.02.20; 5.3.1; 5.1.1; 5.1.4; 5.8.7; 23.09.20
Вестник СамГУПС,2079-6099,08.00.05; 08.00.12; 28.12.20; 16.10.20; 2.2.11; 01.02.20; 5.2.3; 25.06.20; 5.8.2; 25.11.20; 29.04.20
Вестник Военной академии войск национальной гвардии (до 29.04.2026 наименование в Перечне «Вестник Санкт- Петербургского военного института войск национальной гвардии» ISSN,2587-7402,
Вестник Санкт-Петербургского государственного университета гражданской авиации,2075-9878,05.22.13; 05.22.14; 28.12.20; 16.10.20; 2.3.3; 01.02.20; 2.9.1; 2.9.6; 22.11.20; 03.04.20
Вестник Санкт-Петербургского государственного института культуры/Vestnik of Saint Petersburg State University of Culture ( до 03.04.2019 наименование в Перечне «Вестник Санкт- Петербургского государственного университета культуры и искусств» ISSN,2220-3044,
Вестник Санкт-Петербургского государственного университета технологии и дизайна. Серия 1. Естественные и технические науки,2079-8199,1.4.3; 1.4.4; 1.4.7; 01.02.20; 2.3.3; 1.2.2; 2.3.6
Вестник Санкт-Петербургского государственного университета технологии и дизайна. Серия 2. Искусствоведение. Филологические науки,2079-8202,17.00.04; 17.00.06; 17.00.06; 17.00.09; 28.12.20; 16.10.20; 5.10.2; 5.10.3; 5.6.1; 5.6.2; 5.9.1; 5.9.2; 5.9.9; 15.02.20
"Вестник Санкт-Петербургского государственного университета технологии и дизайна. Серия 3. Экономические, гуманитарные и общественные науки",2079-8210,08.00.05; 08.00.13; 28.12.20; 16.10.20; 5.2.1; 5.2.5; 5.8.1; 5.8.2; 5.8.7; 01.02.20
Вестник Санкт-Петербургского государственного университета технологии и дизайна. Серия 4. Промышленные технологии,2619-0729,2.3.1; 2.5.21; 2.5.22; 2.6.16; 16.12.20; 03.04.20
Вестник Санкт-Петербургского университета. Медицина (до 03.04.2019 наименование в Перечне «Вестник Санкт– Петербургского государственного университета. Серия 11. Медицина.» ISSN,1818-2909,
Вестник Санкт-Петербургского университета МВД России,2949-1150,12.00.01; 12.00.02; 12.00.08; 28.12.20; 16.10.20; 12.00.03; 12.00.09; 12.00.12; 12.00.14; 08.07.20; 16.10.20; 5.8.1; 5.8.7; 5.3.3; 01.02.20; 5.1.1; 29.03.20; 5.1.2; 5.1.3; 5.1.4
Вестник Санкт-Петербургского университета. Математика. Механика. Астрономия (до 03.04.2019 наименование в Перечне «Вестник Санкт- Петербургского университета. Серия 1. Математика. Механика. Астрономия» ISSN,1025-3106,
Вестник Санкт-Петербургского университета. Прикладная математика. Информатика. Процессы управления (до 07.05.2019 наименование в Перечне «Вестник Санкт- Петербургского университета. Серия 10. Прикладная математика. Информатика. Процессы управления» ISSN,1811-9905,
Вестник Санкт-Петербургского университета. Серия 12. Психология. Социология. Педагогика,1995-0047,19.00.05; 26.03.20; 16.10.20; 5.8.7; 01.02.20
Вестник Санкт-Петербургского университета. Социология,2541-9374,5.4.1; 5.4.2; 5.4.2; 5.4.4; 5.4.5; 5.4.6; 5.4.7; 23.11.20; 07.05.20
Вестник Санкт-Петербургского университета. Востоковедение и африканистика (до 07.05.2019 наименование в Перечне «Вестник Санкт-,2587-5892,10.01.03; 10.02.22; 28.12.20; 16.10.20
аборигенов Америки и Австралии (с,2074-1227,5.6.2; 5.6.4; 5.6.5; 5.6.7; 5.9.4; 01.02.20; 5.5.2; 5.5.4; 5.9.2; 5.9.6; 21.02.20; 07.05.20
Вестник Санкт-Петербургского университета. Право (до 07.05.2019 наименование в Перечне «Вестник Санкт- Петербургского университета. Серия 14. Право» ISSN,2074-1243,
Вестник Санкт-Петербургского университета. Искусствоведение (до 08.02.2023 г. наименование в Перечне «Вестник Санкт- Петербургского университета. Серия 15. Искусствоведение),2221-3007,17.00.01; 17.00.02; 17.00.04; 17.00.06; 26.03.20; 16.10.20; 21.12.20
Вестник Санкт-Петербургского университета. Психология (до 21.12.2021 наименование в Перечне «Вестник Санкт- Петербургского университета. Серия 16. Психология. Педагогика» ISSN,2223-5760,
Вестник Санкт-Петербургского университета. Философия и конфликтология (до 03.04.2019 наименование в Перечне «Вестник Санкт- Петербургского университета. Серия 17. Философия. Конфликтология. Культурология. Религиоведение» ISSN 2306- 997Х),2541-9382,5.7.1; 5.7.2; 5.7.3; 5.7.4; 5.7.5; 5.7.6; 5.7.7; 5.7.8; 5.7.9; 01.02.20; 03.04.20
Вестник Санкт-Петербургского университета. История (до 03.04.2019 наименование в Перечне «Вестник Санкт- Петербургского университета. Серия 2. История» ISSN 1812- 9323),2541-9390,5.6.1; 01.02.20; 5.6.2; 5.6.3; 5.6.4; 5.6.5; 5.6.6; 5.6.7; 21.02.20
Вестник Санкт-Петербургского университета. Международные отношения,2658-6029,5.5.4; 5.6.7; 08.02.20
Вестник Санкт-Петербургского университета. Серия 4. Физика. Химия,1024-8579,01.04.15; 26.03.20; 16.10.20; 01.04.15; 01.04.16; 01.04.16; 02.00.16; 1.3.3; 1.3.4; 1.3.4; 1.3.6; 1.3.6; 1.3.8; 1.3.9; 1.3.9; 1.3.19; 1.3.19; 1.4.1; 1.4.3; 1.4.3
Вестник Санкт-Петербургского университета. Экономика (до 20.12.2022 наименование в Перечне «Вестник Санкт- Петербургского университета. Серия 5. Экономика»,1026-356X,08.00.05; 28.12.20; 16.10.20; 5.2.1; 01.02.20; 5.2.2; 5.2.3; 5.2.4; 5.2.5; 21.02.20; 08.02.20
Вестник Санкт-Петербургского университета. Менеджмент (до 08.02.2023 наименование в Перечне «Вестник Санкт- Петербургского университета. Серия 8. Менеджмент»),1605-7953,08.00.05; 28.12.20; 16.10.20; 5.2.6; 21.02.20; 07.05.20
Вестник Санкт-Петербургского университета. Язык и литература (до 07.05.2019 наименование в Перечне «Вестник Санкт- Петербургского университета. Серия 9. Филология. Востоковедение. Журналистика» ISSN,1813-1921,
Вестник Санкт-Петербургской юридической академии,2226-0242,12.00.01; 12.00.02; 12.00.08; 12.00.11; 12.00.12; 12.00.14; 28.12.20; 16.10.20; 5.1.1; 5.1.2; 5.1.4; 28.11.20
Вестник Саратовского государственного социально- экономического университета,1994-5094,08.00.05; 08.00.12; 08.00.13; 28.12.20; 16.10.20; 5.2.1; 5.2.4; 5.2.5; 01.02.20
Вестник Саратовской государственной юридической академии,2227-7315,12.00.01; 12.00.02; 12.00.03; 12.00.04; 12.00.05; 12.00.06; 12.00.08; 12.00.09; 12.00.10; 12.00.11; 12.00.12; 12.00.13; 12.00.14; 28.12.20; 16.10.20; 12.00.15; 5.4.5; 01.02.20; 5.1.1; 5.1.2
Вестник Саратовской консерватории. Вопросы искусствознания,2618-9461,17.00.02; 17.00.09; 25.12.20; 16.10.20; 5.10.1; 5.10.3; 20.12.20
Вестник связи,0320-8141,05.11.06; 05.11.08; 05.11.18; 28.12.20; 16.10.20; 2.2.6; 2.2.10; 2.2.13; 2.2.14; 2.2.15; 2.2.16; 01.02.20; 26.12.20
Вестник Свято-Филаретовского института (до 26.12.2019 наименование в Перечне «Свет Христов,2658-7599,26.00.01; 28.12.20; 16.10.20; 5.11.1; 20.12.20
5.11.1. Теоретическая теология (по исследовательскому направлению:,2078-3434,5.11.2; 5.11.3
Вестник СГУГиТ (Сибирского государственного университета геосистем и технологий),2411-1759,25.00.33; 25.00.35; 26.03.20; 16.10.20; 2.2.6; 2.2.10; 2.8.3; 1.6.15; 1.6.22; 1.6.19; 01.02.20; 1.6.20; 26.01.20
Вестник Северного (Арктического) федерального университета. Серия Гуманитарные и социальные науки,2227-6564,10.02.01; 10.02.04; 10.02.05; 10.02.19; 10.02.20; 10.02.22; 28.12.20; 16.10.20; 5.6.1; 5.6.2; 5.6.5; 01.02.20; 5.6.6; 5.6.7; 5.7.7; 5.7.9; 5.7.1; 5.7.8; 5.7.9; 5.9.5
Вестник Северо-Восточного научного центра ДВО РАН,1814-0998,25.00.01; 25.00.03; 25.00.05; 25.00.09; 28.12.20; 16.10.20; 1.5.12; 1.6.2; 1.6.3; 1.6.7; 1.6.10; 01.02.20; 1.5.9; 1.5.13; 1.5.16; 1.6.1; 1.6.4; 20.03.20
Вестник Северо-Восточного федерального университета имени М.К. Аммосова,2222-5404,10.01.01; 10.02.02; 10.02.19; 10.02.20; 10.02.22; 28.12.20; 16.10.20; 5.9.3; 5.9.4; 01.02.20; 5.9.1; 5.9.5; 5.9.8; 20.03.20
Вестник Северо-Восточного федерального университета имени М.К. Аммосова. Vestnik of North-Eastern Federal University. Серия Медицинские науки. Medical Sciences,2587-5590,3.1.7; 3.1.20; 3.1.21; 3.1.22; 3.1.24; 20.05.20
"Вестник Северо-Восточного федерального университета имени М.К. Аммосова. Vestnik of North-Eastern Federal University. Серия ""Науки о Земле. Earth Sciences""",2587-8751,1.6.10; 1.6.12; 1.6.12; 20.03.20
Вестник Северо-Западного государственного,2618-7116,14.01.28; 31.01.20; 16.10.20; 3.1.19; 3.1.18; 3.1.20; 3.1.21; 3.1.6; 3.1.7; 3.1.8; 3.1.9; 3.1.27; 3.1.29; 01.02.20
Вестник Северо-Кавказского федерального университета,2307-907X,05.14.02; 08.00.05; 28.12.20; 16.10.20; 5.2.4; 5.2.5; 5.8.1; 5.8.2; 5.8.7; 01.02.20; 2.4.2; 2.4.3; 5.2.3; 5.2.6; 20.03.20
Вестник Северо-Осетинского государственного университета имени К.Л. Хетагурова,1994-7720,08.00.05; 28.12.20; 16.10.20; 5.6.1; 5.6.2; 01.02.20; 5.6.4; 5.2.1; 5.2.4; 5.8.1; 5.8.2; 5.2.3; 28.11.20
Вестник СевКавГТИ,2070-1578,08.00.05; 28.12.20; 16.10.20
Вестник сектора древнерусского искусства,2658-543X,2.1.11; 2.1.11; 5.6.3; 5.10.1; 5.10.2; 5.10.2; 5.10.3; 21.02.20; 5.10.1; 5.10.2; 21.02.20
Вестник СибАДИ,2071-7296,05.05.04; 05.22.01; 28.12.20; 16.10.20; 2.9.4; 2.9.5; 01.02.20; 2.1.1; 2.1.5; 2.1.7; 2.1.8; 2.5.11; 2.9.1; 22.11.20
Вестник СибГУТИ,1998-6920,05.13.15; 05.13.17; 05.13.20; 28.12.20; 16.10.20; 1.3.8; 2.2.13; 2.2.14; 2.2.15; 2.2.16; 2.3.4; 2.3.5; 1.2.2; 2.3.6; 01.02.20; 2.3.8; 26.01.20
Вестник Сибирского государственного,2304-4497,1.3.8; 22.06.20; 1.3.8; 2.6.1; 2.6.2; 2.6.17
Вестник Сибирского государственного университета путей сообщения,1815-9265,05.22.01; 28.12.20; 16.10.20; 05.02.22; 04.03.20; 16.10.20; 2.9.2; 2.9.4; 2.1.1; 2.1.2; 2.1.4; 2.1.7; 2.1.8; 01.02.20; 2.9.1; 13.10.20
Вестник Сибирского государственного университета путей сообщения: Гуманитарные исследования,2618-7949,5.6.1; 5.10.1; 5.10.1; 23.04.20
Вестник Сибирского института бизнеса и информационных технологий,2225-8264,08.00.05; 26.03.20; 16.10.20; 5.8.2; 01.02.20; 5.2.3; 29.03.20; 27.11.20
Вестник Сибирского юридического института МВД России (До 27.11.2017 г. наименование в Перечне Вестник Сибирского юридического института ФСКН России ISSN,2225-7322,
Вестник славянских культур,2073-9567,10.01.01; 10.01.03; 17.00.09; 24.00.01; 28.12.20; 16.10.20; 5.9.1; 5.9.2; 5.10.1; 20.03.20; 5.10.1; 5.10.1; 5.10.3
Вестник Смоленской государственной медицинской академии,2225-6016,14.01.13; 28.12.20; 16.10.20; 3.1.18; 3.1.20; 3.1.21; 3.1.22; 3.1.8; 3.3.2; 3.3.3; 3.3.6; 3.3.6; 3.4.1; 3.4.2; 3.4.3; 01.02.20; 3.1.25; 07.12.20
Вестник современной клинической медицины,2071-0240,3.1.18; 3.1.20; 3.1.21; 3.1.26; 3.1.9; 3.1.29; 3.4.2; 3.4.3; 01.02.20
Вестник современных цифровых технологий,2686-9373,2.3.2; 27.06.20; 2.3.6; 2.3.8; 5.2.4
Вестник спортивной науки,1998-0833,13.00.04; 28.12.20; 16.10.20; 3.1.33; 3.1.33; 01.02.20; 5.8.4; 5.8.5; 01.11.20
Вестник судебной медицины,2227-2003,3.3.5; 01.02.20
Вестник СурГУ. Медицина,2949-3447,14.01.13; 28.12.20; 16.10.20; 3.1.4; 3.1.18; 3.1.20; 3.1.21; 3.1.23; 3.1.9; 3.3.3; 01.02.20; 3.1.25; 07.12.20
Вестник Сургутского государственного педагогического университета,2078-7626,5.6.1; 5.8.7; 5.4.4; 01.02.20
Вестник Сургутского государственного университета,2949-3455,08.00.05; 08.00.12; 12.00.01; 12.00.02; 12.00.03; 12.00.08; 12.00.09; 12.00.12; 12.00.14; 28.12.20; 16.10.20; 5.2.1; 5.2.4; 01.02.20; 5.1.2; 5.1.4; 5.2.3; 21.02.20
Вестник Сыктывкарского университета. Серия 1: Математика. Механика. Информатика,1992-2752,5.8.2; 19.12.20
"Вестник Таджикского государственного университета права, бизнеса и политики. Серия гуманитарных наук",2413-2004,10.01.03; 10.01.10; 10.02.20; 10.02.22; 28.12.20; 16.10.20; 5.6.1; 5.6.3; 5.6.5; 5.6.7; 01.02.20; 5.9.2; 5.9.6; 5.9.8; 5.9.9; 21.02.20
"Вестник Таджикского государственного университета права, бизнеса и политики. Серия общественных наук",2411-1945,08.00.05; 12.00.01; 12.00.02; 12.00.03; 12.00.08; 12.00.14; 28.12.20; 16.10.20; 5.5.2; 5.5.4; 01.02.20; 5.1.1; 5.1.3; 21.02.20; 5.1.4; 5.2.3
Вестник Таджикского национального университета,2074-1847,5.6.1; 5.6.3; 5.6.4; 5.6.5; 5.6.7; 5.7.2; 5.7.7; 5.7.8; 5.7.9; 5.8.1; 5.8.2; 5.8.7; 01.02.20; 5.6.2; 28.11.20
Вестник Таджикского национального университета. Серия естественных наук,2413-452X,01.01.02; 26.12.20; 16.10.20; 1.3.8; 01.02.20; 1.1.1; 1.1.2; 1.4.1; 1.4.3; 1.4.4; 26.01.20; 1.4.6; 1.4.7
Вестник Таджикского национального университета. Серия социально- экономических и общественных наук,2413-5151,08.00.05; 23.00.01; 23.00.03; 23.00.06; 28.12.20; 16.10.20; 5.2.1; 5.2.4; 5.5.2; 5.5.4; 01.02.20; 5.1.1; 5.1.2; 5.1.3; 5.1.5; 5.2.3; 5.2.6; 21.02.20
Вестник Таджикского национального университета. Серия филологических наук,2413-516X,10.01.10; 10.02.19; 10.02.20; 10.02.21; 28.12.20; 16.10.20; 5.9.3; 5.9.4; 01.02.20; 5.9.2; 5.9.6; 21.02.20; 5.9.8; 5.9.9
Вестник Тамбовского государственного технического университета,0136-5835,2.2.11; 2.2.8; 2.3.1; 2.3.3; 2.6.13; 2.6.9; 28.09.20
Вестник Тамбовского университета. Серия: Гуманитарные науки,1810-0201,13.00.04; 28.12.20; 16.10.20; 5.6.1; 5.6.2; 5.6.5; 5.8.1; 5.8.2; 01.02.20; 5.8.6; 28.11.20
Вестник Тверского государственного технического университета. Серия «Строительство. Электротехника и химические технологии»,2658-7459,2.1.5; 2.4.4; 2.6.10; 2.6.10; 22.05.20
Вестник Тверского государственного технического университета. Серия «Технические науки»,2658-5030,2.3.1; 2.3.3; 2.5.3; 2.8.8; 15.11.20
Вестник Тверского государственного университета. Серия: Биология и экология,1995-0160,1.5.9; 1.5.12; 1.5.5; 01.02.20
Вестник Тверского государственного университета. Серия: История,1998-5037,5.6.1; 5.6.4; 5.6.5; 01.02.20
Вестник Тверского государственного университета. Серия: Педагогика и психология,1999-4133,13.00.05; 19.00.05; 28.12.20; 16.10.20; 5.8.1; 5.8.2; 5.8.7; 5.3.1; 5.3.3; 5.3.4; 5.3.8; 01.02.20; 5.3.5; 21.02.20
Вестник Тверского государственного университета. Серия: Право,1995-0144,12.00.01; 12.00.02; 12.00.03; 12.00.08; 12.00.14; 12.00.15; 28.12.20; 16.10.20; 5.1.1; 5.1.2; 5.1.3; 5.1.4; 23.09.20
Вестник Тверского государственного университета. Серия: Прикладная математика,1995-0136,01.01.06; 01.01.09; 05.01.01; 05.13.17; 28.12.20; 16.10.20; 1.1.4; 1.1.6; 2.3.1; 2.3.4; 1.2.2; 01.02.20; 1.2.2; 1.1.5; 1.2.1; 1.2.3; 20.03.20
Вестник Тверского государственного университета. Серия: Филология,1994-3725,10.01.01; 10.01.10; 10.02.01; 10.02.19; 10.02.20; 28.12.20; 16.10.20; 5.9.3; 01.02.20; 5.9.1; 5.9.5; 5.9.8; 5.9.9; 21.02.20
Вестник Тверского государственного университета. Серия: Философия.,1997-9908,5.7.1; 5.7.2; 5.7.6; 5.7.7; 5.7.8; 01.02.20
Вестник Тверского государственного университета. Серия: Химия,1995-0152,1.4.4; 1.4.4; 1.4.7; 1.4.7; 01.02.20
Вестник Тверского государственного университета. Серия: Экономика и управление,2219-1453,08.00.05; 08.00.13; 28.12.20; 16.10.20; 5.2.1; 5.2.4; 01.02.20; 5.2.2; 5.2.2; 5.2.3; 5.2.5; 5.2.6; 21.02.20
Вестник терапевта,2712-8601,3.1.18; 3.1.19; 3.1.20; 3.1.29; 3.1.30; 13.10.20
Вестник технологического университета,1998-7072,05.17.06; 05.17.06; 26.03.20; 16.10.20; 1.4.1; 1.4.3; 1.4.3; 1.4.4; 1.4.6; 1.4.7; 1.4.8; 1.4.10; 01.02.20; 1.4.10; 1.4.12; 1.4.12; 1.4.14; 1.2.2; 2.6.7; 2.6.9
Вестник Тихоокеанского государственного университета,1996-3440,05.11.06; 05.11.06; 05.11.10; 05.11.10; 05.11.18; 08.00.05; 28.12.20; 16.10.20; 2.2.6; 2.2.6; 2.2.11; 2.2.11; 01.02.20; 2.3.1; 2.2.4; 5.2.3; 5.2.6; 15.02.20
Вестник Томского государственного архитектурно-строительного университета,1607-1859,05.23.07; 05.23.16; 28.12.20; 16.10.20; 2.1.1; 2.1.2; 2.1.3; 2.1.4; 2.1.5; 2.1.7; 2.1.8; 2.1.9; 2.1.10; 2.1.11; 01.02.20; 2.1.11; 2.1.12; 2.1.12; 2.1.13; 2.1.13
Вестник Томского государственного педагогического университета (Tomsk State Pedagogical University Bulletin),1609-624X,10.01.01; 10.01.03; 10.02.01; 10.02.02; 10.02.04; 10.02.20; 28.12.20; 16.10.20; 5.9.1; 5.9.2; 5.9.5; 5.9.6; 5.9.8; 22.10.20; 5.8.1; 5.8.2; 01.02.20; 5.8.7; 5.9.3; 01.02.20
Вестник Томского государственного университета,1561-7793,10.02.01; 10.02.19; 12.00.01; 12.00.02; 12.00.03; 12.00.08; 12.00.09; 12.00.12; 12.00.14; 28.12.20; 16.10.20; 5.6.1; 5.6.2; 5.6.3; 5.6.4; 5.6.5; 5.6.6; 5.6.7; 01.02.20; 5.12.3
Вестник Томского государственного университета. Биология,1998-8591,1.5.21; 1.5.6; 1.5.9; 1.5.11; 1.5.12; 1.5.13; 1.5.7; 1.5.15; 1.5.16; 1.5.19; 1.5.5; 01.02.20
Вестник Томского государственного университета. История,2311-2387,5.6.1; 5.6.2; 5.6.3; 5.6.4; 5.6.5; 5.6.6; 5.6.7; 01.02.20
Вестник Томского государственного университета. Культурология и искусствоведение,2222-0836,17.00.09; 24.00.01; 28.12.20; 16.10.20; 5.6.1; 5.10.2; 01.02.20; 5.10.1; 5.10.1; 08.02.20; 5.10.2; 19.12.20
Вестник Томского государственного университета. Математика и механика,1998-8621,01.01.06; 01.02.01; 28.12.20; 16.10.20; 1.1.1; 1.1.3; 1.1.4; 1.1.6; 1.1.8; 1.1.8; 1.1.9; 01.02.20; 1.1.5; 1.1.7; 26.01.20
Вестник Томского государственного университета. Право,2225-3513,12.00.03; 12.00.05; 12.00.08; 28.12.20; 16.10.20; 12.00.09; 5.1.2; 5.1.3; 5.1.4; 08.02.20
"Вестник Томского государственного университета. Управление, вычислительная техника и информатика",1998-8605,08.00.13; 28.12.20; 16.10.20; 2.3.1; 2.3.1; 1.2.2; 01.02.20; 1.2.2; 2.3.5; 26.01.20
Вестник Томского государственного университета. Филология,1998-6645,10.01.01; 10.01.10; 10.02.01; 10.02.19; 28.12.20; 16.10.20; 5.9.1; 5.9.5; 5.9.8; 5.9.9; 5.12.3; 20.03.20
Вестник Томского государственного университета.,2311-2395,
Вестник Томского государственного университета. Химия,2413-5542,1.4.1; 1.4.2; 1.4.3; 1.4.4; 1.4.7; 1.4.15; 1.4.16; 2.6.17; 26.01.20
Вестник Томского государственного университета. Экономика,1998-8648,08.00.05; 08.00.12; 08.00.13; 28.12.20; 16.10.20; 5.2.1; 5.2.4; 5.2.5; 01.02.20; 5.2.2; 5.2.3; 21.02.20; 5.2.6
Вестник Томского института повышения квалификации работников ФСИН России,2686-7893,5.1.4; 28.11.20
Вестник травматологии и ортопедии им. Н.Н. Приорова,0869-8678,3.1.8; 01.02.20; 3.1.6; 3.1.10; 3.1.25; 3.1.33; 12.02.20
Вестник трансплантологии и искусственных органов,1995-1191,3.1.14; 3.1.14; 01.02.20
Вестник транспорта Поволжья,1997-0722,05.04.02; 05.22.01; 28.12.20; 16.10.20; 2.9.2; 2.9.3; 2.9.4; 01.02.20; 10.01.01; 10.02.01; 28.12.20; 16.10.20; 5.6.1; 5.6.2; 5.9.3; 01.02.20; 5.9.1; 28.11.20; 5.9.8
Вестник Тюменского государственного университета. Социально-экономические и правовые исследования,2411-7897,08.00.05; 12.00.02; 12.00.09; 12.00.10; 22.00.03; 28.12.20; 16.10.20; 5.4.4; 01.02.20; 5.1.2; 5.1.3; 5.1.4; 5.2.3; 5.4.2; 5.4.4; 21.02.20
"Вестник Тюменского государственного университета. Физико-математическое моделирование. Нефть, газ, энергетика",2411-7978,1.1.9; 1.3.14; 1.3.14; 1.2.2; 1.2.2; 01.02.20
Вестник УГАТУ,1992-6502,05.07.10; 28.12.20; 16.10.20; 2.5.3; 2.5.4; 2.5.5; 2.5.13; 2.5.15; 2.3.5; 01.02.20; 19.04.20
"Вестник УГНТУ. Наука, образование, экономика. Серия экономика (До 19.04.2017 г. наименование в Перечне «Вестник УГУЭС. Наука, образование, экономика. Серия экономика» ISSN 2307- 5864)",2541-8904,08.00.05; 22.00.03; 28.12.20; 16.10.20; 5.2.4; 5.8.2; 01.02.20; 5.2.3; 5.4.2; 21.02.20
Вестник угроведения,2220-4156,10.01.02; 10.02.02; 10.02.20; 28.12.20; 16.10.20; 5.6.4; 5.9.4; 01.02.20; 5.6.6; 5.6.6; 21.02.20; 5.6.8; 5.6.8; 5.6.8; 5.9.1; 5.9.5; 5.9.8
Вестник Удмуртского университета. Серия Биология. Науки о Земле,2412-9518,
Вестник Удмуртского университета. Серия История и филология,2413-2454,
Вестник Удмуртского университета. Серия Философия. Психология. Педагогика,2412-9550,5.8.1; 5.3.1; 01.02.20
Вестник Удмуртского университета. Серия Экономика и право,2413-2446,
Вестник Удмуртского университета. Социология. Политология. Международные отношения/ Bulletin of Udmurt University. Sociology. Political Science. International Relations,2587-6163,
Вестник Ульяновской государственной сельскохозяйственной академии,1816-4501,05.20.01; 05.20.03; 06.01.04; 28.12.20; 16.10.20; 06.01.05; 06.01.07; 06.01.09; 06.02.01; 06.02.01; 06.02.04; 06.02.07; 06.02.08; 06.02.10; 4.1.1; 4.2.3; 4.2.3; 01.02.20; 4.1.2; 4.1.3
Вестник университета,1816-4277,08.00.05; 08.00.12; 08.00.13; 19.00.05; 22.00.03; 28.12.20; 16.10.20; 5.2.1; 5.2.4; 5.2.5; 5.3.1; 5.4.1; 5.4.4; 5.4.5; 5.4.6; 5.4.7; 01.02.20; 5.2.2; 5.2.3; 5.2.6
Вестник Университета гражданской защиты МЧС Беларуси,2519-237X,1.3.17; 2.10.1; 2.10.2; 2.10.3; 3.2.6; 11.12.20
Вестник Университета мировых цивилизаций,2949-4788,5.5.2; 5.5.4; 01.10.20; 30.11.20
Вестник Университета прокуратуры Российской Федерации (До 30.11.2018 г. наименование в Перечне «Вестник Академии Генеральной прокуратуры Российской Федерации» ISSN,2070-4232,
Вестник университета (Российско-Таджикский (Славянский) университет),2077-8325,08.00.05; 10.02.01; 10.02.19; 10.02.20; 10.02.22; 28.12.20; 16.10.20; 5.2.1; 5.2.4; 5.2.5; 01.02.20; 5.2.3; 5.2.6; 5.9.1; 5.9.2; 5.9.5; 5.9.6; 5.9.8; 5.9.9; 21.02.20
Вестник Университета имени О.Е. Кутафина (МГЮА),2311-5998,12.00.01; 12.00.02; 12.00.03; 28.12.20; 16.10.20; 12.00.04; 12.00.05; 12.00.06; 12.00.07; 12.00.08; 12.00.09; 12.00.10; 12.00.11; 12.00.12; 12.00.13; 12.00.14; 12.00.15; 5.1.1; 5.1.2; 5.1.3
Вестник Университета Российского инновационного образования,2949-4524,
Вестник Университета управления «ТИСБИ»,2949-2955,5.2.4; 25.06.20
Вестник Уральского государственного университета путей сообщения,2079-0392,05.02.22; 05.22.01; 26.03.20; 16.10.20; 2.9.2; 2.9.3; 2.9.4; 2.1.16; 01.02.20; 2.9.1; 2.9.5; 2.9.9; 20.03.20
Вестник Уральского юридического института МВД России,2312-5640,12.00.01; 12.00.02; 12.00.03; 28.12.20; 16.10.20; 12.00.05; 12.00.08; 12.00.09; 12.00.11; 12.00.12; 12.00.14; 12.00.15; 5.1.1; 5.1.2; 5.1.3; 5.1.4; 28.11.20
Вестник Уральской медицинской академической науки,2073-9125,03.03.02; 14.03.09; 14.03.09; 28.12.20; 16.10.20; 1.5.5; 3.3.3; 3.3.3; 3.3.6; 01.02.20; 3.2.7; 3.2.7; 3.3.8; 3.3.8; 22.11.20; 3.1.6; 22.11.20; 10.12.20; 1.5.22; 3.2.3
Вестник урологии,2308-6424,3.1.13; 01.02.20
Вестник УрФО. Безопасность в информационной сфере,2225-5435,2.2.13; 2.3.1; 2.3.6; 01.02.20
Вестник ученых- международников,2687-0193,5.1.5; 5.5.2; 5.5.4; 21.12.20
Вестник Уфимского юридического института МВД России,1729-9187,10.02.01; 10.02.04; 12.00.01; 12.00.02; 12.00.03; 12.00.08; 12.00.09; 12.00.11; 26.03.20; 16.10.20; 12.00.12; 12.00.14; 5.8.1; 5.8.7; 01.02.20; 5.1.1; 5.1.2; 5.1.3; 5.1.4; 5.9.5
Вестник филологических наук,2782-5329,5.9.1; 5.9.2; 5.9.4; 5.9.5; 5.9.6; 5.9.8; 20.12.20; 5.9.9
Вестник хирургической гастроэнтерологии,2072-7984,14.01.28; 12.02.20; 16.10.20; 3.1.6; 3.1.9; 01.02.20
Вестник Центрального научно– исследовательского института туберкулеза,2587-6678,3.1.26; 3.1.9; 3.1.29; 01.02.20
Вестник Челябинского государственного университета,1994-2796,08.00.05; 08.00.12; 08.00.13; 10.02.01; 10.02.19; 28.12.20; 16.10.20; 5.2.1; 5.2.4; 5.2.5; 5.7.1; 5.7.2; 5.7.6; 5.7.7; 5.7.8; 01.02.20; 5.2.3; 5.2.6; 5.9.5; 5.9.8
Вестник Череповецкого государственного университета,1994-0637,10.02.01; 10.02.02; 10.02.04; 10.02.19; 10.02.20; 28.12.20; 16.10.20; 5.8.7; 5.8.1; 2.3.1; 01.02.20; 5.9.5; 5.9.6; 5.9.8; 03.06.20; 5.9.1; 5.9.3; 08.02.20
Вестник Чувашского государственного аграрного университета,2782-4136,4.1.1; 4.2.2; 4.2.4; 4.3.1; 4.3.2; 15.02.20
Вестник Чеченского государственного университета им. А. А. Кадырова,2072-3121,5.1.1; 5.1.4; 29.03.20; 5.2.3; 5.2.4; 25.04.20
Вестник Чувашского государственного педагогического университета им. И.Я. Яковлева,1680-1709,10.01.01; 10.01.02; 10.01.03; 10.01.10; 10.02.01; 10.02.02; 10.02.03; 10.02.04; 10.02.05; 10.02.19; 10.02.20; 10.02.21; 10.02.22; 13.00.04; 13.00.05; 28.12.20; 16.10.20; 5.9.3; 5.9.4; 01.02.20
Вестник Чувашского государственного педагогического университета им. И.Я. Яковлева. Серия: Механика предельного состояния,2073-5499,1.1.8; 01.02.20
Вестник Чувашского университета,1810-1909,05.09.01; 05.09.03; 05.09.10; 05.09.12; 05.14.02; 28.12.20; 16.10.20; 5.6.1; 5.6.2; 5.6.4; 01.02.20; 1.2.2; 29.03.20; 2.4.1; 2.4.2; 2.4.3
Вестник Шадринского государственного педагогического университета,2542-0291,5.8.2; 5.8.7; 28.11.20
"Вестник экономики, права и социологии",1998-5533,08.00.05; 12.00.01; 12.00.02; 12.00.03; 12.00.08; 12.00.10; 12.00.11; 22.00.03; 28.12.20; 16.10.20; 5.2.1; 5.2.4; 5.2.5; 5.4.1; 5.4.4; 5.4.5; 5.4.6; 5.4.7; 01.02.20; 5.1.1
Вестник экономического правосудия Российской Федерации,2500-2643,12.00.01; 12.00.03; 12.00.04; 12.00.07; 12.00.15; 28.12.20; 16.10.20; 5.1.1; 5.1.2; 5.1.3; 08.02.20
Вестник экономической безопасности,2414-3995,08.00.05; 12.00.01; 12.00.02; 28.12.20; 16.10.20; 12.00.03; 12.00.04; 12.00.05; 12.00.06; 12.00.07; 12.00.08; 12.00.09; 12.00.10; 12.00.11; 12.00.12; 12.00.13; 12.00.14; 12.00.15; 5.8.1; 5.8.7
Вестник экспериментальной и клинической хирургии,2070-478X,
Вестник Югорского государственного университета/Yugra State University Bulletin,2078-9114,12.00.08; 21.11.20; 16.10.20; 1.2.2; 01.02.20; 5.1.4; 21.02.20; 2.6.17; 01.02.20; 09.12.20
Вестник Южно-российского государственного технического университета (НПИ). Серия: Социально-экономические науки,2075-2067,08.00.05; 22.00.03; 28.12.20; 16.10.20; 08.00.10; 08.00.12; 08.00.13; 28.12.20; 21.10.20; 5.4.6; 5.4.7; 5.7.7; 5.7.8; 22.10.20; 5.2.1; 5.4.4; 01.02.20; 5.2.3; 20.12.20; 5.2.6
Вестник Южно-Уральского государственного гуманитарно- педагогического университета (Вестник ЮУрГГПУ) / The Herald of South-Ural State Humanities-Pedagogical University (Herald SUrSHPU) (До 03.06.2021 наименование в Перечне «Вестник Челябинского государственного педагогического университета» ISSN,1997-9886,
"Вестник Южно-Уральского государственного университета. Серия ""Вычислительная математика и информатика""",2305-9052,05.13.17; 28.12.20; 16.10.20; 2.3.5; 01.02.20; 1.2.3; 13.10.20
"Вестник Южно-Уральского государственного университета. Серия ""Компьютерные технологии, управление, радиоэлектроника""",1991-976X,
"Вестник Южно-Уральского государственного университета. Серия ""Лингвистика""",1991-9751,10.02.01; 10.02.04; 10.02.05; 10.02.19; 28.12.20; 16.10.20; 10.02.20; 10.02.21; 5.9.8; 23.09.20; 01.01.02; 01.01.09; 28.12.20; 16.10.20; 1.1.1; 1.1.6; 1.1.9; 1.3.6; 1.3.8; 01.02.20
"Вестник Южно-Уральского государственного университета. Серия ""Машиностроение""",1990-8504,
"Вестник Южно-Уральского государственного университета. Серия ""Металлургия""",1990-8482,
"Вестник Южно-Уральского государственного университета. Серия ""Образование. Педагогические науки""",2073-7602,13.00.05; 28.12.20; 16.10.20; 5.8.1; 5.8.7; 01.02.20
Вестник Южно-Уральского государственного университета. Серия «Пищевые и биотехнологии»,2310-2748,
"Вестник Южно-Уральского государственного университета. Серия ""Право""",1991-9778,12.00.01; 12.00.02; 12.00.03; 12.00.08; 12.00.09; 28.12.20; 16.10.20; 5.1.1; 5.1.2; 5.1.3; 5.1.4; 08.02.20
"Вестник Южно-Уральского государственного университета. Серия ""Социально- гуманитарные науки""",1990-8466,17.00.02; 17.00.04; 17.00.09; 28.12.20; 16.10.20; 5.6.1; 5.6.2; 5.6.3; 5.6.5; 5.4.4; 5.4.5; 5.4.6; 01.02.20; 5.9.1; 5.9.9; 5.10.1; 5.10.3; 07.03.20
"Вестник Южно-Уральского государственного университета. Серия ""Строительство и архитектура""",1991-9743,05.01.01; 28.12.20; 16.10.20; 2.1.1; 2.1.2; 2.1.5; 2.1.7; 2.1.9; 01.02.20; 2.1.13; 2.1.4; 2.5.1; 07.03.20
"Вестник Южно-Уральского государственного университета. Серия ""Химия""",2412-0413,
"Вестник Южно-Уральского государственного университета. Серия ""Экономика и менеджмент""",1997-0129,
"Вестник Южно-Уральского государственного университета. Серия ""Энергетика""",1990-8512,
Вестник юридических исследований,3034-140X,5.1.1; 5.1.2; 5.5.1; 5.5.2; 5.5.3; 5.5.4; 01.10.20
Вестник юридического факультета Южного федерального университета,2313-6138,5.1.1; 5.1.2; 23.11.20; 5.1.3; 5.1.4; 5.1.5
Вестник Ярославского государственного университета им П.Г. Демидова. Серия Гуманитарные науки,1996-5648,12.00.01; 12.00.02; 12.00.05; 12.00.08; 28.12.20; 16.10.20; 5.6.1; 5.6.2; 5.6.4; 5.6.5; 5.6.7; 5.3.3; 01.02.20; 5.1.1; 5.1.2; 5.1.3; 5.1.4; 5.3.1; 5.3.4; 5.3.5
Ветеринария,0042-4846,06.02.01; 06.02.03; 06.02.03; 06.02.04; 06.02.05; 06.02.05; 06.02.06; 28.12.20; 16.10.20; 4.2.3; 4.2.3; 01.02.20; 1.5.6; 1.5.17; 2.7.1; 4.2.1; 4.2.1; 4.2.2; 4.2.2; 4.2.5
Ветеринария и кормление,1814-9588,06.02.01; 06.02.01; 28.12.20; 16.10.20; 06.02.03; 06.02.03; 06.02.05; 06.02.05; 06.02.06; 06.02.06; 06.02.06; 06.02.07; 06.02.07; 06.02.08; 06.02.08; 06.04.01; 06.04.01; 4.2.3; 4.2.3; 01.02.20
Ветеринария Кубани,2071-8020,06.02.01; 06.02.03; 06.02.04; 06.02.06; 12.02.20; 16.10.20; 4.2.3; 01.02.20; 1.5.10; 4.2.3; 01.02.20
Ветеринарная патология,2949-4826,06.02.01; 06.02.01; 06.02.03; 06.02.03; 06.02.04; 06.02.05; 06.02.05; 06.02.06; 06.02.06; 06.02.07; 06.02.07; 06.02.08; 28.12.20; 16.10.20; 06.02.08; 06.02.10; 06.02.10; 1.5.17; 1.5.17; 4.2.3
Ветеринарный врач,1998-698X,06.02.01; 06.02.07; 28.12.20; 16.10.20; 06.02.08; 06.02.01; 06.02.03; 06.02.03; 06.02.05; 06.02.07; 06.02.08; 09.12.20; 16.10.20; 4.2.3; 1.5.1; 1.5.1; 1.5.6; 1.5.6; 1.5.17; 1.5.17
Ветеринарный фармакологический вестник,2541-8203,06.02.01; 06.02.01; 06.02.03; 28.02.20; 16.10.20; 06.02.03; 06.02.04; 06.02.04; 06.02.05; 06.02.05; 06.02.06; 06.02.06; 06.02.08; 06.02.08; 06.02.10; 4.2.3; 4.2.3; 01.02.20; 1.5.4; 1.5.5
Взрывное дело,0372-7009,25.00.22; 28.12.20; 16.10.20; 2.8.7; 2.8.6; 01.02.20; 2.8.8; 29.03.20
Византийский временник,0132-3776,10.01.02; 10.01.03; 17.00.04; 28.12.20; 16.10.20; 5.6.1; 5.6.2; 5.6.3; 5.6.5; 01.02.20
Визуализация в медицине / Visualization in medicine,2658-6606,3.1.6; 3.1.6; 3.3.9; 10.06.20; 3.3.9
Виктимология,2411-0590,5.1.4; 5.3.9; 21.12.20
Виноделие и виноградарство,2073-3631,05.18.01; 05.18.01; 05.18.07; 05.18.12; 05.20.01; 05.20.01; 06.01.04; 06.01.07; 28.12.20; 16.10.20; 4.3.5; 01.02.20; 2.7.1; 4.1.2; 4.1.3; 4.1.4; 20.03.20
Виртуальная коммуникация и социальные сети (Virtual Communication and Social Networks),2782-4799,5.4.4; 5.9.5; 19.12.20; 5.9.8; 5.9.9; 5.9.9; 5.12.3; 5.12.3
ВИЧ-инфекция и иммуносупрессии,2077-9328,14.02.03; 14.03.09; 28.12.20; 16.10.20; 3.1.18; 3.1.22; 3.3.2; 3.3.3; 3.3.4; 3.3.6; 3.3.8; 01.02.20; 3.1.17; 3.1.22; 3.1.26; 3.2.2; 3.2.7; 3.2.7; 3.3.2; 3.3.3
Владимирский земледелец,2225-2584,4.1.1; 01.02.20
Власть Закона,2079-0295,12.00.01; 12.00.03; 12.00.07; 28.12.20; 16.10.20; 5.1.1; 5.1.2; 5.1.3; 5.1.4; 20.07.20
Власть истории и История власти,2415-7015,5.6.1; 5.6.2; 5.6.4; 5.6.5; 5.6.6; 5.6.7; 01.02.20; 5.9.5; 5.9.6; 5.9.8; 31.05.20
Власть и управление на Востоке России,1818-4049,08.00.05; 28.12.20; 16.10.20; 5.2.4; 5.2.5; 5.4.4; 01.02.20; 5.4.5; 5.4.7; 5.2.3; 5.2.6; 5.4.3; 20.12.20
Вода: химия и экология,2072-8158,1.4.3; 1.4.9; 2.6.13; 2.6.15; 01.02.20
"Водное хозяйство России: проблемы, технологии, управление",1999-4508,05.23.07; 28.12.20; 16.10.20; 2.1.4; 1.6.6; 1.6.16; 01.02.20
Водные биоресурсы и среда обитания / Aquatic Bioresources & Environment,2618-8147,1.5.13; 1.5.15; 1.5.16; 01.02.20
Военная мысль,0236-2058,20.00.00; 28.12.20; 28.02.20; 6.0.0; 20.05.20
Военное право,2074-1944,20.00.00; 07.05.20; 28.02.20; 6.0.0; 04.09.20
Военно-исторический журнал,0321-0626,5.6.1; 5.6.2; 5.6.5; 5.6.6; 01.02.20; 5.6.7
Военно-медицинский журнал,0026-9050,14.02.03; 09.12.20; 16.10.20; 3.1.18; 3.1.20; 3.1.23; 3.1.9; 3.1.29; 3.3.7; 01.02.20; 3.1.8; 22.11.20; 3.2.2; 3.2.3; 11.12.20
Военно-правовые и гуманитарные науки Сибири,2782-6619,5.1.2; 5.1.4; 5.8.1; 5.8.7; 27.06.20; 6.0.0; 11.07.20
Военно-филологический журнал,2782-2311,5.9.8; 29.03.20
Военно-юридический журнал,2070-2108,12.00.01; 12.00.02; 12.00.04; 12.00.08; 28.12.20; 16.10.20; 12.00.10; 12.00.11; 12.00.14; 5.1.2; 5.1.4; 01.11.20
Военный академический журнал,2311-6668,20.00.00; 28.12.20; 28.02.20; 5.6.1; 5.7.7; 01.02.20; 6.0.0; 22.05.20; 6.0.0; 11.07.20
Военный инженер,2500-1647,20.00.00; 22.12.20; 28.02.20; 6.0.0; 09.04.20
Воздушно-космические силы. Теория и практика,2500-4352,20.00.00; 08.07.20; 28.02.20; 5.8.1; 5.8.7; 01.02.20; 19.02.20; 6.0.0; 09.04.20
Воздушно-космическая сфера,2587-7992,05.07.10; 12.02.20; 16.10.20
Волгоградский научно- медицинский журнал,2658-4514,14.01.24; 14.03.01; 26.03.20; 16.10.20; 14.04.02; 14.04.02; 26.03.20; 24.01.20; 14.04.02; 14.04.03; 3.1.7; 3.1.9; 3.1.18; 3.1.33; 3.2.1; 3.2.3; 3.3.6; 3.3.6; 3.3.6; 25.01.20
Вооружение и экономика,2071-0151,20.00.00; 26.03.20; 28.02.20; 6.0.0; 09.04.20
"Вопросы атомной науки и техники. Серия ""Математическое моделирование физических процессов""",2414-0171,05.13.15; 28.12.20; 16.10.20; 1.1.6; 1.1.8; 1.1.9; 01.02.20; 2.3.1; 2.3.5; 1.2.2; 2.3.2; 15.02.20
"Вопросы атомной науки и техники. Серия ""Материаловедение и новые материалы""",0321-222X,05.14.03; 05.14.03; 26.03.20; 16.10.20; 2.6.1; 2.6.5; 2.6.17; 2.6.8; 01.02.20; 1.4.4; 1.4.4; 1.4.4; 2.4.9; 2.6.2; 11.04.20
"Вопросы атомной науки и техники. Серия ""Термоядерный синтез""",0202-3822,01.04.15; 01.04.16; 05.14.03; 28.12.20; 16.10.20; 1.3.2; 1.3.3; 1.3.5; 1.3.8; 1.3.9; 1.3.12; 1.3.13; 1.3.18; 1.3.19; 01.02.20; 1.3.10; 1.3.16; 1.3.17; 2.4.9; 2.6.1
Вопросы атомной науки и техники. Серия: Физика радиационного воздействия на радиоэлектронную аппаратуру,1997-2830,05.07.07; 05.11.10; 28.12.20; 16.10.20; 2.2.10; 2.2.2; 01.02.20; 1.3.2; 20.03.20; 1.3.2; 2.2.2; 2.2.9
Вопросы атомной науки и техники. Серия: Физика ядерных реакторов,0205-4671,1.2.2; 1.2.2; 1.3.2; 1.3.2; 1.3.14; 1.3.14; 2.4.9; 11.12.20
Вопросы атомной науки и техники. Серия: Ядерно- реакторные константы,2414-1038,01.04.16; 05.14.03; 28.12.20; 16.10.20; 1.3.2; 1.3.14; 1.3.18; 1.2.2; 01.02.20; 2.4.9; 07.03.20
Вопросы безопасности,2409-7543,05.26.06; 12.00.01; 12.00.02; 12.00.08; 12.00.09; 12.00.11; 12.00.12; 12.00.14; 12.00.15; 28.12.20; 16.10.20; 5.1.4; 21.02.20
"Вопросы биологической, медицинской и фармацевтической химии",1560-9596,03.01.05; 28.12.20; 16.10.20; 1.5.4; 1.5.4; 1.5.6; 3.3.6; 3.3.6; 3.4.1; 3.4.2; 3.4.2; 01.02.20; 1.5.21; 3.3.6; 20.03.20; 3.3.8; 3.3.8; 4.1.2
Вопросы всеобщей истории архитектуры,2500-0616,17.00.04; 17.00.09; 09.08.20; 16.10.20; 2.1.11; 2.1.11; 2.1.12; 2.1.13; 5.6.3; 01.02.20; 5.10.1; 5.10.3; 28.11.20
Вопросы гематологии / онкологии и иммунопатологии в педиатрии,1726-1708,14.01.13; 14.03.09; 28.12.20; 16.10.20; 3.1.21; 3.1.6; 3.1.11; 3.1.28; 3.3.8; 3.1.33; 01.02.20; 3.1.6; 3.2.7; 3.2.7; 07.12.20
"Вопросы гинекологии, акушерства и перинатологии",1726-1678,3.1.4; 01.02.20
Вопросы государственного и муниципального управления. Public Administration Issues,1999-5431,08.00.05; 12.00.01; 28.12.20; 16.10.20; 5.5.3; 21.02.20; 5.2.7; 27.05.20
Вопросы детской диетологии,1727-5784,14.01.28; 28.12.20; 16.10.20; 3.1.21; 01.02.20; 1.5.4; 1.5.7; 1.5.7; 3.1.11; 3.1.18; 3.1.19; 3.1.30; 3.2.1; 11.04.20
Вопросы диетологии,2224-5448,14.01.28; 28.12.20; 16.10.20; 3.1.19; 3.3.6; 01.02.20; 3.1.19; 3.1.30; 3.3.6; 15.02.20
Вопросы журналистики,2618-8422,5.9.9; 21.02.20
"Вопросы журналистики, педагогики, языкознания",2712-7451,10.01.10; 28.12.20; 16.10.20; 09.12.20
(до 09.12.2020 г. наименование в Перечне «Научные ведомости Белгородского государственного университета. Серия: Гуманитарные науки» ISSN,2075-4574,10.02.01; 10.02.04; 10.02.05; 10.02.19; 5.8.1; 5.8.7; 01.02.20; 5.9.5; 5.9.6; 5.9.8; 5.9.9; 5.9.9; 5.9.9; 5.9.9; 28.11.20
Вопросы защиты информации – научно-практический журнал,2073-2600,05.13.15; 28.12.20; 16.10.20; 2.3.1; 2.3.5; 1.2.2; 2.3.6; 01.02.20
Вопросы инновационной экономики,2222-0372,08.00.05; 28.12.20; 16.10.20; 5.2.5; 01.02.20
Вопросы истории естествознания и техники,0205-9606,5.6.6; 01.02.20; 5.6.6; 5.6.6; 5.6.6; 5.6.6; 5.6.6; 5.6.6
Вопросы кибербезопасности,2311-3456,05.13.15; 05.13.17; 05.26.02; 26.03.20; 16.10.20; 2.3.1; 2.3.6; 01.02.20; 1.2.4; 2.2.15; 2.3.5; 2.3.6; 15.02.20
Вопросы когнитивной лингвистики,1812-3228,10.01.03; 10.02.01; 10.02.04; 10.02.05; 10.02.19; 10.02.20; 26.03.20; 16.10.20; 5.9.1; 5.9.2; 23.09.20; 5.9.3; 5.9.5; 5.9.6; 5.9.8; 5.9.9; 5.12.3
"Вопросы курортологии, физиотерапии и лечебной физической культуры",0042-8787,3.1.8; 3.1.18; 3.1.20; 3.1.33; 3.1.33; 26.01.20
Вопросы лексикографии,2227-4200,10.02.01; 10.02.19; 28.12.20; 16.10.20; 5.9.5; 5.9.8; 5.12.3; 21.02.20
Вопросы лесной науки,2658-607X,1.5.9; 1.5.15; 1.5.19; 4.1.6; 4.1.6; 11.12.20
Вопросы материаловедения,1994-6716,05.02.11; 05.17.06; 26.03.20; 16.10.20; 2.5.3; 2.5.5; 2.5.6; 2.5.7; 2.5.8; 2.6.1; 2.6.2; 2.6.3; 2.6.4; 2.6.5; 2.6.7; 2.6.9; 01.02.20; 2.5.9; 2.6.11; 2.6.6
Вопросы медиабизнеса,3034-1930,
Вопросы методики преподавания в вузе,2227-8591,5.8.2; 5.8.7; 29.03.20
Вопросы наркологии,0234-0623,14.01.06; 14.01.27; 28.12.20; 16.10.20; 3.3.3; 3.3.6; 01.02.20; 3.1.17; 3.1.17; 3.3.3; 3.3.6; 3.3.6; 20.03.20
Вопросы национальных и федеративных отношений,2226-8596,23.00.01; 23.00.03; 23.00.05; 23.00.06; 28.12.20; 16.10.20; 5.6.1; 5.6.4; 5.6.7; 5.5.2; 5.5.4; 01.02.20; 5.5.1; 5.5.3; 21.02.20
Вопросы нейрохирургии им. Н.Н. Бурденко,0042-8817,3.1.6; 3.1.10; 3.1.12; 3.1.25; 26.01.20
Вопросы новой экономики,1994-0556,08.00.05; 08.00.13; 28.12.20; 16.10.20; 5.2.1; 5.2.4; 5.2.5; 01.02.20; 5.2.3; 5.2.6; 21.02.20
Вопросы нормативно-правового регулирования в ветеринарии,2072-6023,06.02.01; 06.02.01; 06.02.02; 06.02.02; 06.02.03; 06.02.03; 06.02.04; 06.02.04; 06.02.05; 06.02.05; 28.12.20; 07.07.20; 06.02.06; 06.02.06; 06.02.07; 06.02.07; 06.02.08; 06.02.08; 06.02.10; 06.02.10
Вопросы обеспечения качества лекарственных средств,2309-6039,14.04.03; 28.12.20; 16.10.20; 3.3.6; 3.3.6; 3.4.1; 3.4.2; 3.4.2; 3.4.2; 3.4.3; 01.02.20
ВОПРОСЫ ОБОРОННОЙ ТЕХНИКИ. Научно– технический журнал. Серия 16. Технические средства противодействия терроризму,2306-1456,01.02.01; 05.02.11; 28.12.20; 16.10.20; 20.00.00; 28.12.20; 28.02.20; 1.1.8; 1.1.9; 2.5.6; 01.02.20; 19.03.20; 6.0.0; 09.04.20
Вопросы образования Educational Studies,1814-9545,08.00.05; 13.00.05; 22.00.03; 28.12.20; 16.10.20; 5.2.4; 5.8.1; 5.8.2; 5.8.7; 5.4.4; 5.4.6; 01.02.20; 5.2.3; 5.4.2; 5.4.2; 5.4.3; 20.03.20
Вопросы онкологии,0507-3758,1.5.4; 3.1.4; 3.1.6; 3.1.6; 3.1.9; 3.1.25; 10.06.20
Вопросы ономастики,1994-2400,10.02.01; 10.02.02; 28.12.20; 16.10.20; 10.02.03; 10.02.04; 10.02.05; 10.02.19; 10.02.20; 10.02.21; 10.02.22; 5.9.7; 01.02.20
Вопросы питания,0042-8833,1.5.4; 1.5.5; 3.1.18; 3.1.21; 3.1.30; 3.1.33; 3.2.1; 3.2.1; 3.3.4; 4.3.3; 4.3.3; 4.3.5; 4.3.5; 15.02.20; 1.5.4; 15.06.20
Вопросы политической экономии,2412-9666,08.00.05; 09.08.20; 16.10.20; 5.2.1; 5.2.5; 01.02.20
Вопросы политологии,2225-8922,23.00.01; 28.12.20; 16.10.20; 5.5.2; 5.5.4; 01.02.20; 5.5.1; 5.5.3; 5.6.1; 5.6.7; 5.4.5; 21.02.20
"Вопросы права, экономики и технологий",2949-5172,5.1.1; 5.1.2; 5.2.5; 5.2.7; 1.2.1; 30.10.20
Вопросы практической кольпоскопии. Генитальные инфекции,2782-6392,3.1.4; 3.1.6; 20.05.20
Вопросы практической педиатрии,1817-7646,14.01.28; 14.02.03; 14.03.09; 09.03.20; 16.10.20; 3.1.19; 3.1.3; 3.1.21; 01.02.20; 3.1.22; 3.1.7; 3.1.26; 3.1.11; 3.1.29; 3.1.27; 3.1.30; 3.2.7; 3.2.3; 15.02.20
Вопросы прикладной лингвистики,2306-1286,5.9.6; 5.9.8; 22.10.20
Вопросы психического здоровья детей и подростков,2305-9133,14.01.06; 19.00.13; 28.12.20; 16.10.20; 3.2.5; 01.02.20; 3.1.17; 3.1.17; 5.3.7; 26.01.20
Вопросы психолингвистики,2077-5911,10.02.01; 10.02.04; 10.02.19; 28.12.20; 16.10.20; 5.9.8; 31.05.20
Вопросы радиационной безопасности,1816-9643,02.00.09; 02.00.09; 26.03.20; 16.10.20; 03.02.09; 03.02.09; 1.4.13; 1.4.13; 1.5.15; 1.5.15; 3.3.3; 3.3.3; 3.3.4; 01.02.20; 1.5.1; 1.5.1; 1.5.15; 1.6.21; 2.4.9; 20.03.20
Вопросы радиоэлектроники,2218-5453,05.11.06; 05.11.18; 05.27.06; 28.12.20; 16.10.20; 2.2.4; 2.2.8; 2.2.11; 2.2.12; 2.2.13; 2.2.14; 2.2.16; 01.02.20
"Вопросы радиоэлектроники, серия Техника телевидения",0492-5726,05.11.18; 05.13.17; 28.12.20; 16.10.20; 2.2.4; 2.2.6; 2.2.11; 2.2.13; 2.2.15; 2.2.16; 01.02.20; 2.3.1; 15.02.20
Вопросы региональной экономики,2078-4023,08.00.05; 08.00.12; 08.00.13; 28.12.20; 16.10.20; 5.2.4; 5.2.5; 01.02.20; 5.2.3; 21.02.20
Вопросы реконструктивной и пластической хирургии,1814-1471,3.1.8; 3.1.9; 3.1.16; 01.02.20
Вопросы российского и международного права,2222-5129,12.00.01; 12.00.02; 12.00.03; 28.12.20; 16.10.20; 12.00.05; 12.00.06; 12.00.08; 12.00.09; 12.00.10; 12.00.11; 12.00.14; 12.00.15; 5.1.1; 5.1.2; 5.1.3; 5.1.4; 5.1.5; 21.02.20
Вопросы рыболовства,0234-2774,1.5.13; 01.02.20; 1.5.20; 4.2.6; 4.2.6; 4.2.6; 09.02.20; 5.2.3; 27.03.20
Вопросы современной лингвистики / Key Issues of Contemporary Linguistics,2949-5059,10.02.04; 10.02.05; 28.12.20; 16.10.20; 19.12.20
Вопросы современной науки и практики. Университет им. В.И. Вернадского,1990-9047,08.00.05; 28.12.20; 16.10.20; 1.5.15; 5.8.2; 5.8.7; 01.02.20; 5.2.3; 20.07.20
Вопросы современной педиатрии,1682-5527,14.01.28; 14.02.03; 14.03.09; 28.12.20; 16.10.20; 3.1.19; 3.1.21; 3.1.22; 3.1.11; 3.1.12; 3.1.27; 3.1.29; 3.1.32; 3.3.3; 3.3.6; 3.1.23; 01.02.20; 3.1.24; 3.1.30; 20.03.20
Вопросы статистики,2313-6383,08.00.05; 08.00.12; 08.00.13; 22.00.03; 28.12.20; 16.10.20; 5.2.1; 01.02.20; 5.2.2; 5.2.3; 5.4.2; 5.4.2; 5.4.3; 5.4.3; 21.02.20
Вопросы степеведения,2712-8628,1.5.9; 1.5.15; 1.6.12; 1.6.13; 1.6.21; 4.1.1; 22.05.20
Вопросы театра. Proscaenium,0507-3952,17.00.01; 17.00.02; 17.00.03; 17.00.04; 17.00.05; 17.00.09; 28.12.20; 16.10.20; 24.00.01; 5.10.1; 5.10.1; 5.10.3; 01.11.20
Вопросы теологии,2658-5200,26.00.01; 01.03.20; 16.10.20; 5.11.1; 5.11.2; 5.11.3; 20.12.20
Вопросы теории и практики журналистики (Theoretical and Practical Issues of Journalism),2308-6203,10.01.10; 10.02.01; 28.12.20; 16.10.20; 5.9.9; 20.12.20
Вопросы теоретической экономики,2587-7666,5.2.1; 5.4.2; 5.4.2; 5.5.3; 5.5.3; 27.04.20
Вопросы управления / Management Issues,2304-3369,
Вопросы урологии и андрологии,2307-6631,3.1.13; 01.02.20
Вопросы филологии,1562-1391,10.01.01; 10.01.02; 10.01.03; 10.01.10; 10.02.01; 10.02.02; 10.02.03; 10.02.04; 10.02.05; 10.02.19; 10.02.20; 26.03.20; 16.10.20; 5.9.3; 5.9.4; 01.02.20
Вопросы экономики,0042-8736,08.00.05; 28.12.20; 16.10.20; 5.2.1; 5.2.4; 5.2.5; 01.02.20
Вопросы экономики и права,2072-5574,12.00.01; 12.00.04; 12.00.10; 28.12.20; 16.10.20; 5.1.2; 5.2.1; 5.2.3; 5.2.6; 21.02.20
Вопросы электромеханики. Труды ВНИИЭМ,2500-1299,05.09.01; 05.09.02; 05.09.03; 05.07.06; 05.07.07; 03.07.20; 16.10.20; 2.5.12; 2.5.13; 2.5.16; 2.2.14; 2.2.14; 01.02.20; 2.2.15; 2.2.15; 2.2.16; 2.2.16; 2.4.1; 2.4.2; 14.12.20
Вопросы электротехнологии,2309-6020,05.09.01; 05.09.02; 05.09.03; 05.09.10; 05.09.12; 28.12.20; 16.10.20; 2.2.4; 2.2.11; 01.02.20; 2.4.1; 2.4.2; 2.4.4; 21.10.20
Вопросы ювенальной юстиции,2072-3695,12.00.01; 12.00.02; 12.00.03; 12.00.08; 12.00.09; 15.10.20; 16.10.20; 12.00.10; 12.00.11; 5.1.1; 5.1.2; 5.1.4; 5.1.5; 01.11.20
Воронежский научно- технический вестник,2311-8873,2.5.5; 2.5.6; 2.9.5; 25.05.20
Воспитание и обучение детей с нарушениями развития,2074-4986,5.8.3; 01.02.20; 5.3.8; 08.02.20
Воспитание школьников,0130-0776,5.8.2; 5.3.4; 01.02.20
Восток. Афро-азиатские общества:История и современность,0869-1908,10.02.22; 28.12.20; 16.10.20; 5.6.1; 5.6.2; 5.6.3; 5.6.4; 5.6.5; 01.02.20; 5.6.7; 5.5.4
Восточная Азия: факты и аналитика,2686-7702,5.2.5; 5.5.4; 5.6.7; 19.12.20
Восточнославянская филология,1992-9196,5.8.2; 5.9.1; 5.9.2; 5.9.3; 5.9.4; 5.9.5; 5.9.6; 5.9.8; 05.02.20
Врач и информационные технологии,1811-0193,2.3.4; 01.02.20; 10.07.20; 2.3.1; 2.3.5; 3.3.9; 3.3.9; 11.07.20
Временник Зубовского института,2221-8130,17.00.02; 24.00.01; 07.05.20; 16.10.20; 17.00.09; 04.02.20; 16.10.20; 5.7.8; 01.02.20; 5.10.1; 5.10.3; 28.11.20
Всеобщая история,2307-1656,5.6.1; 5.6.2; 5.6.4; 5.6.5; 5.6.6; 5.6.7; 01.02.20
Все о мясе,2071-2499,05.18.04; 05.18.12; 05.02.23; 12.02.20; 16.10.20; 4.3.3; 4.3.5; 13.10.20
Всероссийский криминологический журнал,2500-4255,5.1.4; 01.11.20
Всероссийский криминологический журнал / Russian journal of criminology,2500-1442,5.1.4; 01.10.20
Всероссийский научно- практический журнал социальных и гуманитарных исследований,2949-1134,5.3.5; 5.3.9; 5.7.1; 5.7.7; 5.8.1; 5.8.7; 19.12.20
"Всероссийский научный журнал ""Вопросы правоведения""",2073-5022,12.00.01; 12.00.02; 12.00.03; 12.00.04; 12.00.05; 12.00.06; 28.12.20; 16.10.20; 12.00.07; 12.00.08; 12.00.09; 12.00.10; 12.00.11; 12.00.12; 12.00.13; 12.00.14; 12.00.15
"Всероссийский научный журнал ""Общественные науки""",2079-5505,12.00.01; 12.00.02; 12.00.03; 12.00.04; 12.00.05; 12.00.06; 12.00.07; 12.00.08; 12.00.09; 28.12.20; 16.10.20; 12.00.10; 12.00.11; 12.00.12; 12.00.13; 12.00.14; 12.00.15
Вспомогательные исторические дисциплины,0130-0865,5.6.1; 5.6.2; 5.6.5; 5.6.8; 25.06.20
Высокотехнологическая медицина,2542-1646,3.1.6; 3.1.9; 3.1.12; 01.02.20
Высшее образование в России,0869-3617,5.4.4; 5.4.6; 5.7.6; 5.7.7; 5.8.1; 5.8.2; 5.8.7; 01.02.20
Высшее образование сегодня,1726-667X,13.00.04; 28.12.20; 16.10.20; 13.00.05; 19.00.05; 5.3.1; 5.3.2; 5.3.4; 5.8.1; 5.8.2; 5.8.7; 01.02.20; 5.3.5; 5.8.5; 5.8.6; 21.02.20
Вычислительная механика сплошных сред — Computational continuum mechanics,1999-6691,1.1.8; 1.1.8; 1.1.9; 1.1.9; 1.2.2; 1.2.2; 01.02.20
Вычислительные методы и программирование: Новые вычислительные технологии (Электронный научный журнал),1726-3522,1.1.6; 1.2.2; 1.2.2; 01.02.20; 2.3.5; 2.3.5
Вятский медицинский вестник,2220-7880,14.01.06; 14.03.09; 28.12.20; 16.10.20; 3.1.4; 3.1.7; 3.1.9; 3.1.11; 3.1.18; 3.1.20; 3.1.21; 3.1.22; 3.1.23; 3.3.2; 3.3.2; 3.3.3; 3.3.3; 3.3.5; 3.3.6; 01.02.20
Газовая промышленность,0016-5581,05.02.13; 26.03.20; 16.10.20; 2.6.9; 01.02.20; 2.8.5; 2.4.5; 2.4.7; 2.6.1; 2.6.12; 2.8.2; 2.8.3; 2.8.4; 20.03.20
Гальванотехника и обработка поверхности,0869-5326,05.02.23; 26.03.20; 16.10.20; 1.4.6; 2.6.9; 2.6.9; 01.02.20
Гасырлар авазы – Эхо веков,2073-7475,5.6.1; 5.6.2; 5.6.3; 01.02.20
Гелиогеофизические исследования,2304-7380,1.3.1; 1.3.4; 1.6.9; 1.6.9; 2.2.4; 2.2.10; 20.05.20
Генетика и разведение животных,2410-2733,06.02.01; 28.12.20; 16.10.20; 06.02.06; 06.02.06; 06.02.07; 06.02.07; 06.02.08; 06.02.08; 06.04.01; 1.5.5; 1.5.5; 1.5.23; 01.02.20; 1.5.7; 4.2.1; 4.2.3; 4.2.3; 4.2.4; 4.2.4
Гений Ортопедии ORTHOPAEDIC QENIUS,1028-4427,3.1.8; 01.02.20
Географический вестник,2079-7877,25.00.30; 25.00.35; 28.12.20; 16.10.20; 1.6.12; 1.6.13; 1.6.16; 1.6.21; 01.02.20; 1.6.18; 1.6.20; 20.03.20
География в школе,0016-7207,5.8.1; 5.8.2; 5.8.7; 01.02.20; 1.6.13; 20.04.20; 25.12.20
Географическая среда и живые системы / Geographical Environment and Living Systems (до 25.12.2020 наименование в Перечне «Вестник Московского государственного областного университета. Серия «Естественные науки» ISSN,2072-8352,
Геодезия и картография,0016-7126,25.00.33; 28.12.20; 16.10.20; 1.6.19; 1.6.22; 01.02.20; 1.6.1; 1.6.15; 1.6.20; 14.12.20; 25.00.12; 25.00.12; 25.00.35; 26.03.20; 16.10.20; 1.6.9; 1.6.9; 1.6.9; 1.6.21; 01.02.20
Геология и геофизика Юга России,2221-3198,25.00.03; 25.00.12; 25.00.12; 25.00.35; 25.00.35; 25.00.35; 25.00.35; 26.03.20; 16.10.20; 25.00.01; 25.00.22; 15.04.20; 16.10.20; 1.6.9; 01.02.20; 1.6.9; 1.6.9; 1.6.10; 1.6.10; 1.6.12
Геология нефти и газа,0016-7894,25.00.09; 25.00.12; 28.12.20; 16.10.20; 1.6.9; 01.02.20; 1.6.4; 22.11.20; 1.6.11
"Геология, география и глобальная энергия",2077-6322,25.00.01; 26.03.20; 16.10.20; 1.6.6; 1.6.12; 1.6.15; 1.6.17; 1.6.21; 1.6.21; 01.02.20
Геометрия и графика,2308-4898,05.01.01; 28.12.20; 16.10.20; 5.8.2; 5.8.7; 01.02.20; 2.5.1; 13.07.20
Геополитика и экогеодинамика регионов,2309-7663,08.00.05; 28.12.20; 16.10.20; 1.6.12; 1.6.13; 1.6.21; 5.2.1; 01.02.20; 5.2.5
Геосистемы переходных зон,2541-8912,25.00.01; 25.00.03; 25.00.35; 21.11.20; 16.10.20; 1.1.8; 01.02.20; 1.1.8; 1.6.3; 1.6.9; 1.6.9; 1.6.14; 1.6.17; 1.6.17; 1.6.17; 1.6.21; 1.6.21; 1.5.15; 25.05.20; 1.6.1
Геосферные исследования / Geosphere research,2542-1379,1.6.1; 1.6.2; 1.6.3; 1.6.4; 1.6.5; 1.6.8; 1.6.10; 1.6.12; 1.6.14; 1.6.16; 1.6.18; 20.04.20; 1.6.21
Геотехника,2221-5514,05.23.07; 28.12.20; 16.10.20; 1.6.7; 1.6.7; 1.6.9; 1.6.21; 2.1.2; 2.1.7; 2.1.9; 01.02.20
Геофизические исследования,1818-3735,25.00.03; 28.12.20; 16.10.20; 1.6.9; 1.6.9; 1.6.9; 2.8.3; 01.02.20
Геоэкология. Инженерная геология. Гидрогеология. Геокриология,0869-7803,25.00.03; 28.12.20; 16.10.20; 1.6.6; 1.6.7; 1.6.21; 01.02.20
Гигиена и санитария,0016-9900,1.5.15; 3.2.1; 3.2.1; 3.2.4; 3.2.4; 3.3.4; 3.3.4; 22.11.20; 1.5.11; 09.04.20
Гидроакустика/Hydroacoustics,1608-8182,05.11.06; 28.12.20; 16.10.20; 1.3.7; 2.3.1; 22.11.20; 03.04.20
Гидрометеорологические исследования и прогнозы Hydrometeorological research and forecasting ( до 03.04.2019 наименование в Перечне «Труды Гидрометеорологического научно-исследовательского центра Российской Федерации» ISSN,0371-7089,
Гидрометеорология и образование,2713-2102,1.6.18; 1.6.18; 08.07.20
Гидрометеорология и экология,2713-3001,1.6.16; 1.6.16; 1.6.17; 1.6.17; 1.6.18; 1.6.18; 1.6.18; 1.6.21; 13.10.20; 1.6.20; 20.03.20
ГИДРОТЕХНИКА,2227-8400,2.1.6; 2.8.5; 12.02.20
Гидротехническое строительство,0016-9714,2.1.6; 11.12.20
Гидросфера. Опасные процессы и явления,2686-7877,1.6.7; 1.6.8; 1.6.12; 1.6.14; 1.6.16; 1.6.17; 1.6.18; 1.6.21; 2.1.6; 25.05.20; 4.3.4
Гинекология,2079-5696,3.1.4; 01.02.20
Главный врач Юга России,2686-8733,14.01.06; 14.01.12; 08.04.20; 16.10.20; 3.1.4; 3.1.6; 3.1.7; 3.1.9; 3.1.19; 01.02.20
Главный зоотехник,2074-7454,06.02.07; 06.02.07; 06.02.08; 06.02.08; 06.02.10; 06.02.10; 28.12.20; 16.10.20; 4.2.4; 4.2.4; 4.2.5; 4.2.5; 07.12.20; 26.01.20
Глобальная энергия/ Global Energy (До 26.01.2023 наименование в Перечне «Материаловедение. Энергетика» ISSN,2687-1300,22.12.20
) (до 22.12.2020 наименование в Перечне «Научно-технические ведомости СПбПУ. Естественные и инженерные науки» ISSN,2542-1239,25.07.20
) (До 25.07.2017 г. наименование в Перечне Научно-технические ведомости СПбГПУ ISSN 1994- 2354),2782-6724,05.04.06; 05.04.11; 05.04.13; 05.09.01; 05.09.02; 05.09.05; 05.16.07; 26.03.20; 16.10.20; 2.6.1; 2.6.4; 2.6.5; 2.6.6; 2.6.17; 01.02.20; 2.4.1; 2.4.2; 2.4.9; 2.5.10; 2.6.2
Глобальный научный потенциал,1997-9355,08.00.05; 08.00.13; 13.00.04; 13.00.04; 13.00.05; 28.12.20; 16.10.20; 10.02.01; 10.02.04; 10.02.19; 10.02.20; 10.02.21; 10.02.22; 18.07.20; 16.10.20; 5.2.4; 5.2.5; 5.8.1; 5.8.2; 5.8.7
Горение и взрыв,2305-9117,05.14.04; 12.02.20; 16.10.20; 1.3.17; 1.4.4; 01.02.20
Горизонты экономики,2219-3650,08.00.05; 28.12.20; 16.10.20; 5.2.5; 01.02.20; 5.2.1; 5.2.2; 5.2.3; 5.2.4; 5.2.6; 21.02.20
Горная промышленность,1609-9192,05.05.06; 25.00.22; 28.12.20; 16.10.20; 2.8.8; 2.8.9; 15.02.20
Горное оборудование и электромеханика,1816-4528,05.02.02; 05.05.06; 05.09.01; 05.09.03; 26.03.20; 16.10.20; 2.5.5; 01.02.20; 2.4.2; 2.8.8; 14.12.20
Горные науки и технологии,2500-0632,2.4.2; 2.8.3; 15.02.20; 2.8.6; 2.8.8; 2.8.9; 2.10.3
Горный журнал,0017-2278,1.5.15; 1.6.10; 1.6.10; 2.8.3; 2.8.3; 2.8.6; 2.8.8; 2.8.9; 20.03.20
Горный информационно- аналитический бюллетень (научно-технический журнал) Mining informational and analytical bulletin (scientific and technical journal),0236-1493,05.05.06; 05.26.02; 25.00.22; 25.00.35; 26.03.20; 16.10.20; 1.6.21; 2.8.3; 2.8.6; 01.02.20; 2.8.7; 2.8.9; 1.6.20; 2.8.8; 20.03.20; 2.10.1; 2.10.2; 2.10.3; 15.04.20
Госпитальная медицина: наука и практика,2658-6681,14.01.13; 14.02.03; 09.12.20; 16.10.20; 3.1.7; 3.1.9; 3.1.13; 3.1.15; 3.1.18; 3.1.23; 3.1.24; 3.1.33; 3.3.8; 01.02.20; 3.1.5; 3.1.20; 3.1.25; 13.10.20; 3.2.3; 22.11.20
Государственная власть и местное самоуправление,1813-1247,12.00.01; 12.00.02; 28.12.20; 16.10.20; 5.1.1; 5.1.2; 5.2.3; 23.11.20
Государственная служба,2070-8378,08.00.05; 12.00.02; 12.00.14; 28.12.20; 16.10.20; 5.2.4; 5.2.5; 5.4.7; 01.02.20; 5.1.2; 5.1.3; 5.2.3; 5.2.6; 5.2.7; 5.2.7; 5.2.7; 5.4.3; 5.4.4; 5.4.5; 5.4.6
Государственная служба и кадры,2312-0444,12.00.02; 28.12.20; 16.10.20; 12.00.03; 12.00.07; 12.00.08; 12.00.09; 12.00.14; 5.1.1; 5.1.2; 5.1.3; 5.1.4; 5.1.5; 20.12.20; 11.04.20
Государственное и муниципальное управление. Ученые записки (До 11.04.2018 г. наименование в Перечне Государственное и муниципальное управление. Ученые записки СКАГС ISSN,2079-1690,
Государственное управление,2664-0651,5.2.3; 5.2.4; 5.2.5; 5.1.1; 5.1.2; 5.1.3; 5.5.3; 5.5.4; 21.02.20; 5.2.3; 5.2.6; 5.2.7; 5.5.3; 01.10.20
"Государственное управление. Электронный вестник (E-journal ""Public Administration"")",2070-1381,08.00.05; 22.00.03; 28.12.20; 16.10.20; 5.2.1; 5.5.2; 01.02.20; 5.2.3; 5.2.6; 5.5.1; 5.5.3; 21.02.20; 5.2.7; 5.2.7; 5.2.7; 5.4.2; 5.4.2; 5.4.4; 5.4.5; 5.4.5
Государственный аудит. Право. Экономика,2304-9103,08.00.05; 08.00.12; 26.03.20; 16.10.20; 5.2.4; 01.02.20
Государственный советник,2308-9369,08.00.05; 12.02.20; 24.12.20
Государство и право,0132-0769,12.00.01; 12.00.02; 28.12.20; 16.10.20; 12.00.03; 12.00.04; 12.00.05; 12.00.06; 12.00.07; 12.00.08; 12.00.09; 12.00.10; 12.00.11; 12.00.12; 12.00.13; 12.00.14; 12.00.15; 5.1.1; 5.1.2; 5.1.3
"Государство, религия, церковь в России и за рубежом",2073-7203,5.4.6; 01.02.20; 5.6.1; 5.6.4; 5.6.7; 5.7.7; 5.7.8; 5.7.9
Градостроительное право,2500-0292,12.00.02; 12.00.10; 25.12.20; 16.10.20; 5.1.2; 25.04.20; 21.02.20
Градостроительство и архитектура (До 21.02.2017 г. наименование в Перечне Вестник СГАСУ. Градостроительство и архитектура ISSN,2304-0491,
Гражданин. Выборы. Власть.,2587-6449,12.00.01; 12.00.02; 15.10.20; 16.10.20; 5.5.2; 01.02.20; 5.1.1; 5.1.2; 23.04.20
Гражданское общество в России и за рубежом,2221-3287,12.00.01; 12.00.02; 28.12.20; 16.10.20; 5.6.1; 01.02.20; 5.1.1; 5.1.2; 23.09.20
Гражданское право,2070-2140,12.00.03; 12.00.07; 28.12.20; 16.10.20; 5.1.3; 01.11.20
Грозненский естественнонаучный бюллетень,2542-0496,1.5.9; 1.5.9; 1.5.15; 1.6.9; 1.6.10; 16.12.20; 1.6.11; 1.6.12; 1.6.20; 1.6.21; 1.6.21; 1.6.21; 1.6.22; 2.4.5
Грудная и сердечно-сосудистая хирургия,0236-2791,14.01.13; 28.12.20; 16.10.20; 3.1.9; 3.1.11; 3.1.12; 3.1.15; 3.1.20; 01.02.20; 3.1.25; 26.01.20
Гуманизация образования,1029-3388,
Гуманитарий Юга России,2227-8656,08.00.05; 22.00.03; 28.12.20; 16.10.20; 5.4.1; 5.4.4; 5.4.6; 5.4.7; 5.7.7; 5.7.8; 01.02.20
Гуманитарий: актуальные проблемы гуманитарной науки и образования,2078-9823,19.00.05; 28.12.20; 16.10.20; 5.3.1; 5.6.1; 5.6.2; 5.7.7; 5.7.8; 01.02.20
Гуманитарно-педагогическое образование,2413-1180,10.02.01; 10.02.02; 10.02.03; 10.02.04; 10.02.05; 28.12.20; 16.10.20; 10.02.19; 10.02.20; 10.02.21; 10.02.22; 5.3.3; 5.9.7; 01.02.20
Гуманитарные ведомости ТГПУ им. Л.Н. Толстого,2304-4742,24.00.01; 24.00.01; 28.12.20; 16.10.20; 5.7.2; 5.7.4; 5.7.8; 5.7.9; 01.02.20; 5.10.1; 5.10.1; 20.03.20
Гуманитарные и социально- экономические науки,1997-2377,08.00.05; 28.12.20; 16.10.20; 5.2.1; 5.2.4; 5.6.1; 5.6.6; 5.7.6; 5.7.7; 5.7.8; 01.02.20; 5.7.9; 5.6.2; 20.03.20
Гуманитарные и социальные науки,2070-1403,09.00.08; 09.00.11; 09.00.13; 10.02.04; 10.02.19; 13.00.08; 28.12.20; 16.10.20; 5.7.6; 5.7.7; 5.7.8; 5.8.7; 01.02.20; 5.8.1; 5.9.6; 5.9.8; 20.12.20
Гуманитарные и юридические исследования,2409-1030,10.02.01; 10.02.19; 12.00.01; 12.00.02; 12.00.03; 28.12.20; 16.10.20; 12.00.04; 12.00.06; 12.00.08; 12.00.14; 5.6.1; 5.6.2; 5.6.5; 01.02.20; 5.1.1; 5.1.2; 5.1.3; 5.1.4; 5.6.7
Гуманитарные исследования,1818-4936,10.01.01; 10.01.03; 10.02.01; 10.02.04; 10.02.05; 10.02.19; 28.12.20; 16.10.20; 5.9.3; 01.02.20; 5.9.1; 5.9.2; 5.9.5; 5.9.6; 5.9.8; 5.9.9; 20.03.20
Гуманитарные исследования в Восточной Сибири и на Дальнем Востоке,1997-2857,5.6.1; 5.6.2; 5.6.3; 5.6.4; 5.7.2; 5.7.6; 5.7.7; 5.7.8; 01.02.20
Гуманитарные исследования Центральной России,2541-9056,5.6.1; 5.6.2; 5.8.1; 5.8.7; 22.10.20
Гуманитарные исследования. Педагогика и психология,2712-827X,5.8.1; 5.8.2; 5.8.7; 5.3.1; 31.05.20
Гуманитарные науки,2409-5591,19.00.13; 28.12.20; 16.10.20; 5.3.1; 5.3.4; 5.8.1; 5.8.3; 5.8.7; 01.02.20
Гуманитарные науки в Сибири,0869-8651,5.6.1; 5.6.2; 5.6.3; 5.6.4; 5.6.5; 01.02.20
Гуманитарные науки и образование,2079-3499,10.02.01; 10.02.02; 10.02.04; 10.02.19; 10.02.20; 28.12.20; 16.10.20; 5.6.1; 5.6.2; 5.6.3; 5.6.4; 5.8.1; 5.8.2; 5.8.7; 01.02.20; 5.9.5; 5.9.6; 5.9.8; 23.09.20
Гуманитарные науки. Вестник Финансового университета,2226-7867,23.00.01; 28.12.20; 16.10.20; 5.5.2; 5.5.4; 01.02.20; 5.4.2; 5.4.4; 5.7.2; 5.7.7; 5.7.8; 5.5.1; 5.5.3; 20.12.20
"Гуманитарные, социально- экономические и общественные науки / HUMANITIES, SOCIAL-ECONOMIC AND SOCIAL SCIENCES",2221-1373,08.00.05; 08.00.12; 08.00.13; 12.00.01; 12.00.02; 12.00.03; 12.00.06; 28.12.20; 16.10.20; 12.00.08; 12.00.09; 12.00.10; 12.00.11; 12.00.12; 22.00.03; 5.2.1; 5.2.4; 5.2.5; 5.4.1; 5.4.4
Гуманитарный вектор,1996-7853,10.01.01; 10.01.10; 28.12.20; 16.10.20; 5.6.1; 5.6.2; 5.6.3; 5.6.4; 5.6.5; 5.7.7; 5.7.8; 01.02.20; 5.7.8; 5.9.1; 5.9.8; 5.9.9; 5.9.9; 20.12.20
Гуманитарный вестник,2306-8477,5.7.2; 5.7.5; 5.7.6; 5.7.7; 01.02.20; 5.6.1; 5.6.2; 5.7.1; 20.02.20
Дайджест-Финансы,2073-8005,
Дальневосточный аграрный вестник,1999-6837,05.20.01; 06.01.05; 06.01.07; 06.02.01; 06.02.08; 06.02.09; 28.12.20; 16.10.20; 4.1.1; 01.02.20; 4.1.2; 4.1.3; 4.2.1; 4.2.1; 4.2.4; 4.2.4; 4.3.1; 15.02.20; 4.3.3; 10.06.20
Дальневосточный медицинский журнал,1994-5191,14.02.03; 28.12.20; 16.10.20; 3.1.4; 3.1.6; 3.1.9; 3.1.18; 3.1.20; 3.1.21; 3.1.22; 3.3.2; 3.3.2; 3.3.3; 3.3.3; 3.3.5; 3.3.6; 3.3.6; 3.3.8; 01.02.20; 3.2.3
Датчики и системы / Sensors & Systems,1992-7185,05.11.06; 05.11.06; 05.11.08; 05.11.10; 05.11.10; 05.11.14; 05.11.14; 05.11.18; 05.13.05; 26.03.20; 16.10.20; 05.13.15; 05.13.17; 05.27.03; 05.27.06; 1.2.2; 2.2.1; 2.2.10; 2.2.11; 2.2.11
Два века русской классики/ Two centuries of the Russian classics,2686-7494,5.9.1; 5.9.3; 29.03.20
Двигателестроение,0202-1633,05.02.11; 05.04.02; 05.04.12; 05.14.01; 05.14.04; 28.12.20; 16.10.20; 2.5.3; 2.5.5; 01.02.20; 2.4.5; 2.4.6; 2.4.7; 2.5.9; 2.5.11; 2.5.15; 2.5.20; 15.02.20
Двойные технологии,1680-2780,05.07.06; 28.12.20; 16.10.20; 05.07.07; 1.2.2; 2.2.13; 2.2.14; 2.2.15; 2.3.1; 2.3.6; 2.5.13; 2.5.16; 01.02.20; 2.5.11; 15.02.20
Дезинфекционное дело,2076-457X,1.5.10; 3.2.1; 3.2.2; 01.02.20
Декоративное искусство и предметно-пространственная среда. Вестник МГХПА,1997-4663,17.00.04; 17.00.06; 28.12.20; 16.10.20; 5.10.3; 20.12.20
Деловой журнал Neftegaz.RU,2410-3837,2.8.2; 2.8.4; 01.02.20
ДЕМИС. Демографические исследования/ DEMIS. Demographic research,2782-229X,5.4.2; 5.4.2; 5.4.3; 17.07.20; 5.4.3
Демографическое обозрение,2409-2274,08.00.13; 22.00.03; 12.02.20; 16.10.20; 1.6.13; 01.02.20; 5.2.2; 5.4.2; 5.4.2; 5.4.3; 5.4.3; 5.4.4; 08.02.20
Деньги и кредит,0130-3090,08.00.13; 26.03.20; 16.10.20; 5.2.1; 5.2.4; 01.02.20; 5.2.2; 21.02.20
Деревообрабатывающая промышленность,0011-9008,05.21.01; 05.21.03; 05.21.05; 28.12.20; 16.10.20; 4.3.4; 4.3.4; 15.02.20
Детская хирургия,1560-9510,3.1.11; 3.1.12; 3.1.13; 01.02.20
Детские болезни сердца и сосудов,1810-0686,14.01.13; 28.12.20; 16.10.20; 3.1.4; 3.1.11; 3.1.12; 3.1.15; 3.1.20; 3.1.21; 01.02.20; 3.1.25; 07.12.20
Детские инфекции,2072-8107,3.1.21; 3.1.22; 3.2.2; 01.02.20
Детские чтения,2304-5817,5.9.1; 25.04.20
Дефектология,0130-3074,5.3.8; 5.8.3; 01.02.20
Диагностическая и интервенционная радиология,1993-5234,14.01.13; 28.12.20; 16.10.20; 3.1.6; 3.1.9; 3.1.15; 3.1.20; 01.02.20; 3.1.1; 3.1.10; 3.1.25; 26.01.20
Диалог со временем. Альманах интеллектуальной истории,2073-7564,10.01.01; 10.01.03; 10.01.10; 26.03.20; 16.10.20; 5.6.1; 5.6.2; 5.6.5; 5.7.2; 5.7.3; 5.9.3; 01.02.20
Дидактика математики: проблемы и исследования,2079-9152,5.8.2; 5.8.7; 30.10.20
Дизайн и технологии,2076-4693,05.19.01; 05.19.02; 05.19.02; 05.19.04; 05.19.05; 08.00.05; 17.00.06; 17.00.06; 28.12.20; 16.10.20; 2.6.11; 2.6.16; 5.2.3; 26.01.20; 5.10.3; 2.6.11; 2.6.16; 12.02.20
Дизайн. Материалы. Технология,1990-8997,05.19.01; 05.19.02; 05.19.04; 05.19.05; 17.00.04; 17.00.06; 17.00.06; 17.00.09; 28.12.20; 16.10.20; 2.3.3; 01.02.20; 2.3.7; 2.6.11; 2.6.13; 2.6.16; 2.6.17; 5.10.1; 5.10.2; 5.10.3
Динамика и виброакустика,2409-4579,1.1.7; 1.1.8; 2.5.4; 2.5.10; 2.5.15; 11.07.20
Динамика сложных систем - XXI век,1999-7493,2.2.13; 2.2.15; 2.3.1; 2.3.3; 2.5.4; 01.02.20; 1.2.1; 1.2.2; 1.2.2; 2.3.1; 2.3.1; 2.3.3; 2.3.4; 2.3.5; 2.3.8; 5.2.2; 26.01.20; 5.2.2
Дипломатическая служба,2075-4440,23.00.01; 23.00.03; 23.00.05; 23.00.06; 28.12.20; 16.10.20; 5.5.2; 5.5.4; 01.02.20; 5.5.1; 5.5.1; 5.5.3; 5.6.7; 01.11.20
"Дискурс-Пи (до 03.06.2022 наименование в Перечне «Научный журнал ""Дискурс-Пи"")",1817-9568,23.00.01; 28.12.20; 16.10.20; 5.5.2; 5.5.4; 5.7.1; 5.7.2; 5.7.7; 01.02.20; 5.5.1; 23.09.20
Дифференциальные уравнения и процессы управления,1817-2172,01.01.02; 28.12.20; 16.10.20; 2.3.5; 01.02.20; 1.1.2; 1.2.2; 1.2.2; 07.03.20
Дневник Казанской медицинской школы,2308-2038,14.01.28; 28.12.20; 16.10.20; 3.1.18; 3.1.20; 3.1.27; 01.02.20
Доказательная гастроэнтерология,2305-2260,
"Доказательная педагогика, психология (до 05.02.2025 г. наименование в Перечне «Вектор науки Тольяттинского государственного университета. Серия: Педагогика, психология», ISSN",2221-5662,
Доклады Академии наук высшей школы Российской Федерации,1727-2769,05.09.01; 28.12.20; 16.10.20; 1.3.8; 1.3.8; 1.3.11; 1.3.14; 1.3.14; 2.2.13; 2.2.13; 2.2.14; 2.2.14; 2.2.15; 2.2.15; 2.2.16; 2.2.16; 01.02.20; 2.4.1; 2.4.2; 14.12.20
Доклады Башкирского университета,2587-6546,5.9.5; 5.9.6; 5.9.8; 27.03.20
Доклады Национальной академии наук Таджикистана,2791-1489,01.01.02; 26.03.20; 16.10.20; 20.04.20
Доклады Томского государственного университета систем управления и радиоэлектроники,1818-0442,05.09.03; 05.09.12; 05.13.05; 05.13.17; 28.12.20; 16.10.20; 1.2.2; 2.2.13; 2.2.14; 2.2.16; 2.3.1; 2.3.3; 2.3.4; 2.3.5; 2.3.6; 01.02.20; 2.3.2; 2.3.8; 2.4.1; 2.4.2
Дом Бурганова. Пространство культуры,2071-6818,17.00.01; 17.00.02; 17.00.03; 17.00.04; 17.00.06; 17.00.09; 28.12.20; 16.10.20; 5.9.3; 5.9.7; 01.02.20; 5.10.1; 5.10.1; 5.10.1; 20.03.20; 5.10.3; 2.1.11; 2.1.11; 2.1.11; 05.22.01
Достижения науки и техники,0235-2451,06.01.02; 06.01.03; 06.01.04; 06.01.04; 06.01.05; 06.01.05; 28.12.20; 16.10.20; 06.01.06; 06.01.07; 06.01.07; 06.01.08; 06.01.09; 06.02.01; 06.02.01; 06.02.03; 06.02.03; 06.02.04; 06.02.04; 06.02.05
Достоевский и мировая культура. Филологический журнал,2619-0311,5.9.1; 5.9.2; 5.9.3; 20.12.20
ДОШКОЛЬНИК. Методика и практика воспитания и обучения,2223-7003,5.8.1; 5.8.2; 5.8.7; 01.02.20
Дошкольное воспитание,0012-561X,5.3.4; 5.8.1; 5.8.7; 01.02.20
Древняя Русь. Вопросы медиевистики,2071-9574,10.01.01; 10.02.01; 28.12.20; 16.10.20; 5.6.1; 5.6.3; 01.02.20; 5.6.5; 5.9.3; 5.9.1; 5.9.5; 28.11.20
Друкеровский вестник,2312-6469,08.00.05; 08.00.13; 28.12.20; 16.10.20; 5.2.1; 01.02.20; 5.2.2; 5.2.3; 5.2.6; 20.03.20
Духовно-нравственное воспитание,2074-5001,5.7.1; 5.7.7; 5.7.8; 01.02.20
Евразиатский энтомологический журнал,1684-4866,1.5.14; 01.02.20
Евразийская адвокатура,2304-9839,12.00.01; 12.00.02; 12.00.03; 12.00.08; 12.00.09; 28.12.20; 16.10.20; 12.00.10; 12.00.11; 12.00.12; 5.1.1; 5.1.2; 5.1.3; 5.1.4; 20.07.20
"Евразийская интеграция: экономика, право, политика",2073-2929,08.00.05; 12.00.03; 12.00.10; 23.00.05; 23.00.05; 25.12.20; 16.10.20; 5.2.1; 5.2.5; 5.5.2; 5.5.4; 01.02.20; 5.1.5; 5.2.3; 5.5.3; 28.11.20
Евразийский кардиологический журнал,2225-1685,14.01.13; 28.12.20; 16.10.20; 3.1.15; 3.1.20; 01.02.20; 3.1.1; 3.1.18; 15.02.20; 3.1.25; 20.05.20
Евразийский Союз: вопросы международных отношений,2306-5702,5.5.2; 5.5.4; 01.02.20; 5.2.5; 5.6.7; 21.02.20
Евразийский юридический журнал,2073-4506,08.00.05; 12.00.01; 12.00.02; 12.00.03; 12.00.04; 12.00.08; 12.00.09; 12.00.10; 12.00.14; 28.12.20; 16.10.20; 5.2.5; 5.7.1; 5.7.2; 5.7.4; 5.7.6; 5.7.7; 5.7.8; 5.7.9; 01.02.20
Ежегодник российского образовательного законодательства,1997-7549,12.00.01; 12.00.03; 28.12.20; 16.10.20; 5.1.1; 5.1.3; 01.11.20
Ежегодник финно-угорских исследований,2311-0333,10.01.02; 10.01.10; 10.02.02; 10.02.19; 28.12.20; 16.10.20; 10.02.20; 5.6.1; 5.6.2; 5.6.4; 5.9.3; 5.9.4; 01.02.20; 5.9.1; 5.9.5; 5.9.8; 21.02.20
Ежеквартальный журнал «Здоровье мегаполиса» (City Health),2713-2617,3.2.3; 5.2.3; 5.4.4; 13.10.20
Естественно-гуманитарные исследования,2309-4788,08.00.05; 08.00.12; 18.07.20; 16.10.20; 5.2.3; 5.2.4; 5.2.6; 21.02.20
Естественные и технические науки,1684-2626,1.5.7; 1.5.15; 1.5.9; 1.5.10; 1.5.11; 1.5.20; 01.02.20
Жанры речи,2311-0740,
Железнодорожный транспорт,0044-4448,05.22.01; 05.22.06; 05.22.07; 05.22.08; 28.12.20; 16.10.20; 2.9.2; 2.9.3; 2.9.4; 01.02.20
Женское здоровье и репродукция,2712-8598,3.1.4; 25.01.20
Женщина в российском обществе,1992-2892,22.00.03; 23.00.03; 23.00.05; 28.12.20; 16.10.20; 5.4.4; 5.4.5; 5.4.7; 5.5.2; 5.6.1; 01.02.20
Живая психология,2413-6522,19.00.13; 28.12.20; 16.10.20; 3.2.5; 5.3.1; 5.3.3; 5.3.4; 01.02.20; 03.04.20
Животноводство и кормопроизводство ( до 03.04.2019 наименование в перечне «Вестник мясного скотоводства (Herald of Beef Cattle Breeding)» ISSN 2079- 6250),2658-3135,06.02.08; 06.02.08; 06.02.10; 06.02.10; 28.12.20; 16.10.20; 4.1.1; 4.2.4; 4.2.4; 4.2.5; 4.2.5; 15.02.20
Живые и биокосные системы,2308-9709,1.5.7; 1.5.9; 1.5.11; 1.5.15; 1.5.19; 10.06.20
Жилищное строительство,0044-4472,2.1.1; 2.1.2; 2.1.5; 2.1.7; 2.1.10; 2.1.11; 2.1.12; 2.1.13; 2.1.13; 01.02.20
Жилищное хозяйство и коммунальная инфраструктура,2541-9110,08.00.05; 22.12.20; 16.10.20; 2.1.1; 2.1.3; 2.1.4; 2.1.10; 2.1.13; 01.02.20
Жилищные стратегии,2410-1621,08.00.05; 28.12.20; 16.10.20; 5.2.3; 5.2.6; 21.02.20
"Журнал ""IВЕRОАМЕRIСА"" на испанском языке (перевод названия на государственный язык Российской Федерации: ИБЕРОАМЕРИКА)",2075-9711,5.2.5; 5.5.2; 5.5.4; 01.02.20
"Журнал ""АУДИТ""",2227-9288,08.00.12; 28.12.20; 16.10.20; 5.2.3; 5.2.4; 29.03.20; 3.1.21; 3.1.22; 3.1.24; 01.02.20
Журнал ААИ,2073-9133,05.02.23; 05.05.03; 28.12.20; 16.10.20
Журнал акушерства и женских болезней,1684-0461,3.1.4; 01.02.20
Журнал анатомии и гистопатологии,2225-7357,1.5.22; 1.5.22; 3.3.1; 3.3.2; 01.02.20
Журнал зарубежного законодательства и сравнительного правоведения / Journal of Foreign Legislation and Comparative Law,1991-3222,12.00.01; 12.00.02; 12.00.03; 12.00.04; 12.00.05; 12.00.06; 28.12.20; 16.10.20; 12.00.08; 12.00.10; 12.00.11; 12.00.13; 12.00.14; 5.1.1; 5.1.2; 5.1.3; 5.1.4; 5.1.5; 28.11.20
"Журнал им. Н.В. Склифосовского ""Неотложная медицинская помощь""",2223-9022,14.01.13; 28.12.20; 16.10.20; 3.1.4; 3.1.8; 3.1.9; 3.1.10; 3.1.11; 3.1.12; 3.1.15; 3.1.20; 3.1.24; 3.3.4; 3.3.4; 3.3.8; 3.3.8; 01.02.20
Журнал Института наследия / The Heritage Institute Journal,2411-0582,5.6.1; 19.12.20; 5.6.3; 5.6.4; 5.10.1; 5.10.2
Журнал инфектологии,2072-6732,3.1.21; 3.1.22; 3.2.2; 01.02.20
Журнал исследований по управлению,2500-3291,08.00.05; 08.00.13; 31.10.20; 16.10.20; 5.2.5; 01.02.20
Журнал исследований социальной политики,1727-0634,08.00.05; 22.00.03; 23.00.01; 23.00.03; 23.00.05; 28.12.20; 16.10.20; 5.4.4; 5.4.7; 5.5.2; 01.02.20; 5.4.2; 5.4.2; 5.4.3; 5.4.5; 21.02.20
"Журнал исторических, политологических и международных исследований",2522-4069,5.5.1; 5.5.4; 5.6.1; 5.6.2; 5.6.3; 5.6.7; 05.02.20
Журнал Конституционного правосудия,2072-4144,12.00.02; 28.12.20; 16.10.20; 5.1.2; 28.11.20
"Журнал критики и литературоведения ""Вопросы литературы""",0042-8795,10.01.01; 10.01.02; 10.01.03; 28.12.20; 16.10.20; 5.9.3; 01.02.20; 5.9.1; 5.9.2; 21.02.20; 05.04.20
Журнал медико-биологических исследований (До 05.04.2017 г. наименование в Перечне Вестник Северного (Арктического) федерального университета. Серия «Медико- биологические науки» ISSN,2308-3174,
Журнал «Мелиорация»,2070-4828,06.01.02; 06.01.02; 06.01.06; 06.01.06; 12.02.20; 16.10.20; 4.1.1; 4.1.1; 4.1.5; 4.1.5; 07.12.20
"Журнал микробиологии, эпидемиологии и иммунобиологии",0372-9311,14.03.09; 14.03.09; 28.02.20; 16.10.20; 1.5.10; 1.5.10; 1.5.11; 1.5.11; 3.2.2; 3.2.2; 01.02.20
Журнал неврологии и психиатрии им. С.С. Корсакова,1997-7298,3.1.17; 3.1.24; 26.01.20
Журнал Новой экономической ассоциации,2221-2264,08.00.05; 28.12.20; 16.10.20; 08.00.12; 08.00.13; 5.2.1; 5.2.4; 5.2.5; 01.02.20; 5.2.2; 5.2.3; 5.2.7; 21.02.20
Журнал Общества теории музыки,2308-1333,17.00.02; 17.00.09; 28.12.20; 16.10.20; 5.10.1; 5.10.3; 01.11.20
Журнал педагогических исследований,2500-3305,5.8.1; 5.8.2; 5.8.7; 25.04.20
Журнал политических исследований,2587-6295,23.00.01; 18.07.20; 16.10.20; 5.5.2; 5.5.4; 01.02.20; 5.5.1; 5.5.3; 23.09.20
Журнал правовых и экономических исследований.,1995-1248,08.00.05; 28.12.20; 16.10.20; 12.00.01; 12.00.02; 12.00.03; 12.00.08; 12.00.09; 12.00.12; 5.2.1; 5.2.4; 01.02.20; 5.1.1; 5.1.2; 5.1.3; 5.1.4; 5.2.3; 5.2.6; 23.09.20
Журнал предпринимательского и корпоративного права,2500-2899,12.00.03; 12.00.07; 28.12.20; 16.10.20; 5.1.2; 5.1.3; 29.03.20
Журнал прикладных исследований,2712-7516,
Журнал радиоэлектроники,1684-1719,1.3.4; 1.3.5; 1.3.8; 2.2.14; 2.2.16; 01.02.20
Журнал российского права,1605-6590,12.00.01; 12.00.02; 12.00.03; 12.00.04; 12.00.05; 12.00.06; 12.00.07; 12.00.08; 28.12.20; 16.10.20; 12.00.09; 12.00.10; 12.00.11; 12.00.13; 12.00.14; 12.00.15; 5.1.1; 5.1.2; 5.1.3; 5.1.4
Журнал Сердечная Недостаточность,1728-4651,3.1.20; 01.02.20
Журнал Сибирского федерального университета. Биология. Journal of Siberian Federal University. Biology,1997-1389,1.5.9; 1.5.11; 1.5.12; 1.5.15; 1.5.16; 01.02.20
Журнал Сибирского федерального университета. Гуманитарные науки. Journal of Siberian Federal University. Humanities & Social Sciences,1997-1370,
Журнал Сибирского федерального университета. Техника и технологии. Journal of Siberian Federal University. Engineering and Technologies,1999-494X,05.14.04; 26.03.20; 16.10.20; 2.2.14; 2.2.16; 2.6.2; 2.6.5; 2.6.6; 2.6.17; 01.02.20; 2.4.1; 2.4.2; 2.4.5; 2.4.6; 2.4.9; 15.04.20
Журнал Сибирского федерального университета. Химия. Journal of Siberian Federal University. Chemistry,1998-2836,02.00.01; 28.12.20; 16.10.20; 1.4.1; 1.4.2; 1.4.2; 1.4.4; 1.4.4; 1.4.12; 1.4.12; 01.02.20; 1.4.3; 14.12.20
Журнал социологии и социальной антропологии,1029-8053,
Журнал Средневолжского математического общества,2079-6900,1.1.1; 1.1.2; 1.1.5; 1.1.6; 1.1.8; 1.1.8; 1.1.9; 1.1.9; 1.2.2; 20.03.20
Журнал Суда по интеллектуальным правам,2313-4852,12.00.03; 12.00.11; 12.00.13; 12.00.14; 12.00.15; 28.12.20; 16.10.20; 5.1.2; 5.1.3; 01.11.20
Журнал технической физики,0044-4642,1.1.9; 1.3.2; 1.3.2; 1.3.3; 1.3.5; 1.3.5; 1.3.6; 1.3.6; 1.3.8; 1.3.8; 1.3.9; 1.3.9; 1.3.11; 1.3.11; 1.3.13; 1.3.13; 1.5.2; 20.03.20; 1.5.2; 2.2.7
Журнал теоретической и прикладной механики,0136-4545,1.1.7; 1.1.8; 1.2.2; 2.8.6; 08.07.20
Журнал Фронтирных Исследований (Journal of Frontier Studies),2500-0225,24.00.01; 26.12.20; 16.10.20; 10.01.03; 24.00.01; 24.00.01; 25.12.20; 16.10.20; 5.6.1; 5.6.2; 5.6.4; 01.02.20
Журнал Экспериментальной и Теоретической Физики,0044-4510,1.3.1; 1.3.1; 1.3.2; 1.3.2; 1.3.3; 1.3.4; 1.3.5; 1.3.5; 1.3.6; 11.04.20; 1.3.6; 1.3.7; 1.3.7; 1.3.8; 1.3.8; 1.3.9; 1.3.9; 1.3.10; 1.3.10; 1.3.11
Журнал юридических исследований,2500-333X,12.00.01; 12.00.02; 12.00.04; 12.00.08; 12.00.09; 12.00.12; 12.00.14; 25.12.20; 16.10.20; 5.1.1; 5.1.2; 5.1.4; 23.09.20
Журналист. Социальные коммуникации,2221-6073,10.01.10; 28.12.20; 16.10.20; 5.4.4; 01.02.20
Забайкальский медицинский вестник,1998-6173,14.01.06; 14.01.27; 14.03.09; 28.12.20; 16.10.20; 3.1.4; 3.1.6; 3.1.12; 3.1.18; 3.1.19; 01.02.20; 3.1.20; 3.1.21; 3.1.22; 3.1.24; 3.1.29; 3.3.3; 3.3.3; 3.3.8; 3.3.8
Заводская лаборатория. Диагностика материалов,1028-6861,1.1.8; 1.3.2; 1.3.2; 1.4.2; 01.02.20
"Заготовительные производства в машиностроении (кузнечно- прессовое, литейное и другие производства)",1684-1107,05.04.11; 26.03.20; 16.10.20; 2.5.7; 2.5.8; 2.6.1; 2.6.3; 2.6.4; 2.6.5; 2.6.6; 01.02.20
Закон и Власть,2587-831X,12.00.03; 12.00.15; 05.04.20; 16.10.20; 5.1.2; 31.01.20; 5.1.3; 5.1.4; 5.1.5; 5.5.2; 5.5.4; 01.02.20
Закон и право,2073-3313,12.00.01; 12.00.02; 12.00.03; 12.00.04; 12.00.05; 12.00.06; 12.00.07; 12.00.08; 12.00.09; 12.00.10; 12.00.11; 12.00.12; 12.00.13; 12.00.14; 28.12.20; 16.10.20; 5.1.1; 5.1.2; 5.1.3; 5.1.4
Законность,0869-4486,12.00.08; 12.00.09; 12.00.11; 28.12.20; 16.10.20; 5.1.2; 5.1.3; 5.1.4; 01.11.20
Законодательная и прикладная метрология,2782-5418,05.09.03; 28.12.20; 16.10.20; 2.2.4; 2.2.10; 2.2.11; 2.2.12; 2.3.3; 01.02.20
Законодательство,1681-8695,12.00.03; 12.00.11; 28.12.20; 16.10.20; 12.00.01; 12.00.02; 12.00.04; 12.00.05; 12.00.07; 12.00.08; 12.00.09; 12.00.10; 12.00.12; 12.00.13; 12.00.14; 12.00.15; 18.07.20; 16.10.20; 5.1.1; 5.1.2
"Законы России: опыт, анализ, практика",1992-8041,12.00.01; 12.00.02; 12.00.03; 28.12.20; 16.10.20; 12.00.04; 12.00.05; 12.00.06; 12.00.07; 12.00.08; 12.00.09; 12.00.10; 12.00.11; 12.00.12; 12.00.13; 12.00.14; 12.00.15; 5.1.1; 5.1.2; 5.1.3
Записки Института истории материальной культуры Российской академии наук,2310-6557,5.6.3; 5.6.5; 01.02.20
Защита и карантин растений,1026-8634,06.01.05; 28.12.20; 16.10.20; 06.01.07; 4.1.3; 4.1.3; 13.10.20
Защита информации. Инсайд,2413-3582,05.13.15; 05.13.17; 28.12.20; 16.10.20; 2.3.3; 2.3.5; 2.3.6; 01.02.20; 1.2.4; 11.04.20
Защита окружающей среды в нефтегазовом комплексе,2411-7013,1.6.21; 1.5.15; 1.5.15; 01.02.20; 2.1.16; 01.02.20; 10.04.20; 2.10.3; 11.04.20
"Здоровье, демография, экология финно-угорских народов",1994-8921,3.1.4; 3.1.9; 3.1.18; 3.2.3; 22.05.20
Здоровье населения и среда обитания,2219-5238,14.02.05; 14.02.05; 14.02.06; 28.12.20; 16.10.20; 14.02.03; 18.11.20; 16.10.20; 3.2.1; 3.2.2; 3.2.1; 3.2.2; 3.2.4; 01.02.20; 3.2.3; 3.2.4; 5.4.4; 13.10.20
Здравоохранение Дальнего Востока,1728-1261,3.1.4; 3.1.8; 3.1.12; 3.1.18; 3.1.25; 3.1.27; 15.06.20; 3.1.21; 3.2.3; 10.06.20; 14.02.03; 28.12.20; 16.10.20; 3.2.1; 3.2.2; 3.2.4; 01.02.20; 3.2.3; 26.01.20
Здравоохранение Таджикистана,0514-2415,3.1.4; 3.1.6; 3.1.7; 3.1.9; 3.1.11; 01.02.20; 3.1.12; 3.1.15; 3.1.18; 3.1.21; 3.1.3; 3.1.8; 3.1.22; 3.1.24; 15.02.20
Земледелие,0044-3913,06.01.02; 06.01.03; 06.01.03; 06.01.04; 06.01.04; 06.01.05; 06.01.05; 06.01.06; 06.01.07; 06.01.07; 28.12.20; 16.10.20; 4.1.1; 4.1.1; 01.02.20; 4.1.2; 4.1.2; 4.1.3; 4.1.3; 07.12.20
Землетрясения Северной Евразии,1818-6254,1.6.9; 1.6.9; 12.02.20
"Землеустройство, кадастр и мониторинг земель",2074-7977,08.00.05; 26.03.20; 16.10.20; 1.6.15; 1.6.21; 1.6.21; 01.02.20; 06.01.04; 06.01.05; 06.01.07; 09.06.20; 16.10.20; 1.5.7; 1.5.9; 01.02.20; 4.1.1; 4.1.2; 4.1.3; 07.12.20
Зерновое хозяйство России,2079-8725,06.01.04; 06.01.05; 06.01.07; 28.12.20; 16.10.20; 4.1.1; 01.02.20; 4.1.2; 4.1.3; 23.01.20
Знак: проблемное поле медиаобразования,2070-0695,10.01.10; 28.12.20; 16.10.20; 5.9.9; 21.02.20
Знание. Понимание. Умение,1998-9873,24.00.01; 28.12.20; 16.10.20; 5.4.4; 5.4.6; 5.7.7; 5.7.8; 01.02.20; 5.10.1; 20.12.20; 5.6.1; 5.6.5; 01.02.20
Ибероамериканские тетради,2409-3416,5.6.7; 20.12.20; 5.2.5; 5.5.4; 20.12.20; 18.12.20; 5.6.2; 5.9.2; 5.9.4; 5.9.6; 5.10.1; 5.10.1; 5.10.3; 5.10.3; 19.12.20
Идеи и идеалы,2075-0862,08.00.05; 24.00.01; 28.12.20; 16.10.20; 24.00.01; 24.00.01; 24.00.01; 5.2.4; 5.2.5; 5.7.1; 5.7.2; 5.7.4; 5.7.6; 5.7.7; 5.7.8; 5.7.8; 5.7.9; 01.02.20; 5.2.1; 5.2.3
Известия Национальной академии наук Таджикистана. Отделение биологических наук (до 20.04.2023 наименование издания в Перечне «Известия Академии наук Республики Таджикистан. Отделение биологических и медицинских наук» ISSN,0002-3477,
Известия Академии наук Республики Таджикистан. Отделение общественных наук,2076-2569,08.00.05; 10.02.19; 10.02.20; 10.02.22; 28.12.20; 16.10.20; 5.2.1; 5.2.5; 5.7.1; 5.7.2; 5.7.4; 5.7.7; 5.7.8; 5.7.9; 01.02.20; 5.2.3; 5.9.6; 5.9.8; 20.03.20; 23.03.20
"Известия Национальной академии наук Таджикистана. Отделение физико- математических, химических, геологических и технических наук (до 23.03.2023 наимиенование в Перечне «Известия Академии наук Республики Таджикистан. Отделение физико- математических, химических, геологических и технических наук» ISSN",0002-3485,
Известия Алтайского государственного университета,1561-9443,01.04.15; 28.12.20; 16.10.20; 1.1.3; 1.1.6; 1.3.2; 1.3.3; 1.3.6; 1.3.8; 5.6.1; 5.6.2; 5.6.3; 5.6.4; 5.6.5; 01.02.20
Известия Алтайского отделения Русского географического общества,2410-1192,1.5.15; 08.07.20; 1.6.16; 1.6.21; 18.10.20
Известия Байкальского государственного университета (До 18.10.2016 г. наименование в Перечне «Известия Иркутской государственной экономической академии» ISSN,1993-3541,
Известия Балтийской государственной академии рыбопромыслового флота: психолого-педагогические науки (теория и методика профессионального образования),2071-5331,5.3.4; 5.8.7; 01.02.20
Известия ВНИИГ им. Б.Е. Веденеева,0368-0738,05.23.07; 05.23.16; 28.12.20; 16.10.20; 2.1.1; 2.1.2; 01.02.20; 2.1.6; 22.11.20
Известия Волгоградского государственного педагогического университета,1815-9044,10.01.09; 10.02.01; 10.02.04; 10.02.19; 10.02.20; 28.12.20; 16.10.20; 5.8.1; 5.8.2; 5.8.7; 5.9.3; 5.9.4; 01.02.20
Известия Волгоградского государственного технического университета,1990-5297,2.5.4; 2.5.6; 28.09.20; 1.4.3; 1.4.7; 1.4.7; 2.5.5; 2.5.8; 2.6.2; 2.6.3; 2.6.17; 01.02.20
Известия Воронежского государственного педагогического университета,2309-7078,10.02.01; 10.02.19; 28.12.20; 16.10.20; 5.6.1; 01.02.20; 5.8.1; 5.8.7; 5.6.3; 5.9.1; 5.9.5; 5.9.8; 20.03.20; 10.02.20; 10.02.22; 25.12.20; 16.10.20; 5.5.2; 5.5.4; 5.6.1
Известия вузов. Инвестиции. Строительство. Недвижимость,2227-2917,05.23.07; 05.23.16; 28.12.20; 16.10.20; 2.1.1; 2.1.2; 2.1.3; 01.02.20; 2.1.4; 2.1.5; 2.1.7; 2.1.8; 2.1.9; 2.1.10; 2.1.11; 2.1.12; 2.1.13; 2.1.6; 2.1.14; 5.2.3
Известия вузов. Порошковая металлургия и функциональные покрытия,1997-308X,2.6.5; 2.6.6; 01.02.20
Известия вузов. Прикладная химия и биотехнология,2227-2925,1.4.3; 1.5.6; 2.6.12; 2.6.13; 01.02.20
Известия вузов. Физика,0021-3411,1.1.2; 22.06.20; 1.1.9; 1.3.3; 1.3.6; 1.3.8; 1.3.9; 1.3.11; 1.3.12; 1.3.13; 1.3.14; 1.3.15; 1.3.17; 1.3.19; 2.2.7
Известия вузов. Цветная металлургия,0021-3438,
"Известия высших учебных заведений. Серия ""Гуманитарные науки""",2219-9373,10.02.19; 28.12.20; 16.10.20; 5.9.3; 01.02.20; 22.03.20; 25.00.33; 25.00.35; 28.12.20; 16.10.20; 1.6.15; 1.6.19; 1.6.22; 01.02.20; 2.2.6; 1.6.20; 11.04.20
Известия высших учебных заведений. Геология и разведка,0016-7762,1.6.7; 1.6.9; 1.6.10; 1.6.11; 2.8.3; 10.06.20
Известия высших учебных заведений России. Радиоэлектроника,1993-8985,05.11.06; 05.11.08; 05.11.10; 05.11.14; 05.11.18; 05.27.03; 05.27.06; 28.12.20; 16.10.20; 2.2.1; 2.2.2; 2.2.4; 2.2.5; 2.2.6; 2.2.8; 01.02.20; 2.2.10; 2.2.11; 2.2.12; 2.2.13
Известия высших учебных заведений. Горный журнал,0536-1028,05.05.04; 05.05.06; 08.00.05; 25.00.18; 25.00.22; 25.00.35; 28.12.20; 16.10.20; 1.6.21; 2.8.2; 2.8.3; 2.8.4; 2.8.6; 01.02.20; 2.8.7; 2.8.9; 2.3.7; 2.3.7; 2.8.3; 2.8.8
Известия высших учебных заведений. Лесной журнал,0536-1036,05.21.01; 05.21.03; 05.21.05; 06.03.02; 06.03.02; 06.03.03; 06.03.03; 28.12.20; 16.10.20; 06.03.01; 26.03.20; 16.10.20; 1.5.9; 01.02.20; 2.6.11; 2.6.11; 4.1.6; 4.1.6; 4.3.4; 4.3.4
Известия высших учебных заведений. Математика,0021-3446,1.1.1; 1.1.2; 1.1.3; 1.1.4; 1.1.5; 1.1.6; 20.03.20
Известия высших учебных заведений. Материалы электронной техники,1609-3577,05.27.03; 05.27.06; 26.03.20; 16.10.20; 1.3.8; 1.3.11; 1.3.11; 1.3.12; 2.2.2; 01.02.20; 2.2.2; 2.6.6
Известия высших учебных заведений. Машиностроение,0536-1044,05.02.02; 05.02.11; 05.02.18; 05.04.02; 05.04.06; 05.04.12; 05.04.13; 05.07.07; 26.03.20; 16.10.20; 2.5.4; 2.5.5; 2.5.6; 2.5.8; 2.5.12; 2.5.13; 2.5.14; 01.02.20; 1.1.7; 1.1.8
Известия высших учебных заведений. Нефть и газ,0445-0108,05.02.22; 25.00.12; 26.03.20; 16.10.20; 25.00.12; 31.01.20; 16.10.20; 1.6.6; 1.6.6; 1.6.9; 1.6.9; 2.8.2; 2.8.4; 2.8.5; 01.02.20; 1.6.11; 1.6.11; 20.03.20
Известия высших учебных заведений. Пищевая технология,0579-3009,05.18.01; 05.18.04; 05.18.05; 05.18.06; 12.02.20; 16.10.20; 05.18.12; 05.18.15; 08.00.05; 2.6.10; 4.3.5; 01.02.20; 4.3.3; 4.3.3; 4.3.5; 5.2.3; 07.12.20
Известия высших учебных заведений. Поволжский регион. Гуманитарные науки,2072-3024,5.6.1; 5.6.2; 5.6.5; 01.02.20
Известия высших учебных заведений. Поволжский регион. Естественные науки,2307-9150,1.5.9; 1.5.12; 1.5.15; 1.5.21; 01.02.20
Известия высших учебных заведений. Поволжский регион. Медицинские науки,2072-3032,3.1.8; 3.1.9; 3.1.18; 3.3.1; 3.3.2; 3.3.3; 01.02.20; 3.1.20; 13.10.20; 3.1.7; 25.09.20
Известия высших учебных заведений. Поволжский регион. Общественные науки,2072-3016,08.00.05; 12.00.01; 12.00.02; 12.00.11; 22.00.03; 28.12.20; 16.10.20; 5.4.1; 5.4.4; 01.02.20; 5.1.1; 5.1.2; 5.1.4; 5.4.2; 20.12.20
Известия высших учебных заведений. Поволжский регион. Технические науки,2072-3059,05.02.11; 05.11.14; 05.13.05; 26.03.20; 16.10.20; 2.2.4; 2.2.11; 2.3.1; 2.5.5; 2.5.6; 01.02.20; 2.2.9; 2.3.2; 2.5.9; 13.10.20
Известия высших учебных заведений. Поволжский регион. Физико-математические науки,2072-3040,01.01.02; 01.01.09; 01.04.15; 01.04.16; 28.12.20; 16.10.20; 1.1.6; 1.3.3; 1.3.6; 1.3.8; 1.3.11; 01.02.20; 1.1.2; 1.3.15; 22.11.20
Известия высших учебных заведений. Приборостроение,0021-3454,05.11.06; 05.11.06; 05.11.14; 05.11.14; 05.11.18; 05.13.05; 28.12.20; 16.10.20; 05.13.12; 05.13.15; 05.13.17; 2.2.5; 2.2.6; 2.2.6; 2.2.8; 2.2.10; 2.2.11; 2.2.11; 2.2.12; 2.2.12
Известия высших учебных заведений. Прикладная нелинейная динамика,0869-6632,
Известия высших учебных заведений. Проблемы полиграфии и издательского дела,2072-6775,05.02.13; 08.00.05; 26.03.20; 16.10.20; 2.5.21; 5.10.4; 5.10.4; 20.12.20
Известия высших учебных заведений. Проблемы энергетики,1998-9903,05.09.01; 05.09.03; 05.09.12; 05.14.01; 05.14.02; 05.14.03; 05.14.04; 05.14.14; 28.12.20; 16.10.20; 2.2.4; 2.2.8; 2.2.11; 01.02.20; 2.4.2; 2.4.3; 2.4.5; 2.4.6; 2.5.4; 20.03.20
Известия высших учебных заведений. Северо-Кавказский регион. Естественные науки,0321-3005,01.01.02; 01.01.03; 01.01.09; 01.02.06; 25.00.01; 25.00.09; 25.00.12; 25.00.30; 28.12.20; 16.10.20; 1.1.1; 1.1.3; 1.1.6; 1.1.8; 1.1.9; 01.02.20; 1.6.6; 1.6.12; 1.6.12; 1.6.13
Известия высших учебных заведений. Северо-Кавказский регион. Общественные науки,0321-3056,08.00.05; 28.12.20; 16.10.20; 5.2.1; 5.2.4; 5.2.5; 5.6.1; 5.6.2; 5.6.5; 5.6.7; 5.7.1; 01.02.20; 5.7.2; 5.7.5; 5.7.6; 5.7.7; 5.7.8; 5.7.9
Известия высших учебных заведений. Северо-Кавказский регион. Технические науки,0321-2653,05.02.02; 26.03.20; 16.10.20; 05.13.05; 05.13.17; 03.10.20; 16.10.20; 1.2.2; 2.3.1; 2.3.3; 2.5.3; 2.5.4; 2.6.7; 2.6.9; 2.6.10; 2.6.14; 01.02.20; 2.2.11; 2.3.8; 2.5.2
"Известия высших учебных заведений. Серия ""Экономика, финансы и управление производством""",2218-1784,08.00.05; 08.00.13; 28.12.20; 16.10.20; 5.2.4; 01.02.20; 2.3.1; 5.2.2; 21.02.20
Известия высших учебных заведений. Социология. Экономика. Политика,1993-1824,22.00.03; 28.12.20; 16.10.20; 5.4.1; 5.4.5; 5.4.6; 5.4.7; 01.02.20
Известия высших учебных заведений. Строительство,0536-1052,05.23.07; 05.23.16; 28.12.20; 16.10.20; 2.1.1; 2.1.2; 2.1.3; 2.1.4; 2.1.5; 2.1.7; 2.1.9; 2.1.10; 2.1.11; 01.02.20; 2.1.12; 2.1.13
Известия высших учебных заведений. Технология легкой промышленности,0021-3489,05.19.01; 05.19.02; 05.19.04; 05.19.05; 17.00.04; 17.00.06; 17.00.06; 17.00.09; 28.12.20; 16.10.20; 2.3.1; 2.3.3; 2.3.4; 2.3.7; 2.6.11; 2.6.11; 2.6.13; 2.6.13; 2.6.16; 2.6.16
Известия высших учебных заведений. Технология текстильной промышленности,0021-3497,2.3.7; 2.5.21; 2.5.22; 2.6.11; 2.6.16; 15.02.20
Известия высших учебных заведений. Электромеханика,0136-3360,05.09.01; 05.09.03; 05.09.05; 05.09.12; 05.13.05; 05.14.01; 05.14.02; 28.12.20; 16.10.20; 1.2.2; 2.3.3; 01.02.20; 2.4.1; 2.4.2; 2.4.3; 2.4.5; 21.10.20
Известия высших учебных заведений. Электроника,1561-5405,05.13.05; 05.13.12; 05.27.06; 28.12.20; 16.10.20; 2.2.2; 2.2.8; 2.3.1; 2.3.3; 2.3.5; 01.02.20; 1.3.5; 1.3.5; 1.3.8; 1.3.8; 1.3.11; 1.3.11; 1.3.12; 1.3.12; 2.2.1
Известия высших учебных заведений. Ядерная энергетика,0204-3327,01.04.15; 26.03.20; 16.10.20; 01.04.16; 05.14.03; 05.14.03; 1.3.2; 1.3.2; 2.3.1; 2.3.3; 01.02.20; 1.3.16; 2.4.9; 21.10.20
Известия Горского государственного аграрного университета,2070-1047,06.01.04; 06.02.04; 06.02.08; 06.02.10; 28.12.20; 16.10.20; 1.5.20; 4.1.1; 01.02.20; 4.1.3; 4.2.1; 4.2.4; 13.10.20
"Известия ГГТУ. Медицина, фармация",2687-1521,1.5.11; 3.3.6; 3.3.6; 3.3.6; 3.4.1; 3.4.3; 11.12.20; 3.3.8; 3.3.8; 3.4.2; 3.4.2; 3.4.2; 12.03.20
Известия Дагестанского ГАУ,2686-7591,4.1.1; 4.1.1; 4.1.4; 4.1.4; 4.1.4; 4.2.3; 4.2.3; 4.2.4; 4.2.4; 4.3.1; 13.10.20; 4.3.1; 4.3.3
"Известия Дагестанского государственного педагогического университета, серия ""Естественные и точные науки""",1995-0675,25.00.01; 25.00.03; 28.12.20; 16.10.20; 1.4.3; 1.4.4; 1.6.12; 1.6.13; 1.6.15; 1.6.21; 01.02.20; 1.4.1; 1.6.1; 1.6.20; 15.02.20
"Известия Дагестанского государственного педагогического университета, серия ""Общественные и гуманитарные науки""",1995-0667,10.01.01; 10.01.02; 10.01.03; 10.02.01; 10.02.02; 10.02.04; 10.02.05; 10.02.19; 28.12.20; 16.10.20; 10.02.20; 5.6.1; 5.6.4; 5.9.3; 5.9.4; 01.02.20; 22.03.20
"Известия Дагестанского государственного педагогического университета. Серия ""Психолого- педагогические науки""",1995-0659,13.00.05; 28.12.20; 16.10.20; 5.3.4; 5.8.1; 5.8.2; 5.8.3; 5.8.7; 01.02.20
Известия Дальневосточного федерального университета. Экономика и управление,2311-2271,05.18.01; 05.18.04; 05.18.15; 08.00.05; 28.12.20; 16.10.20; 4.3.5; 01.02.20; 5.2.3; 25.04.20; 5.2.6; 4.3.3
Известия Института инженерной физики,2073-8110,2.2.11; 2.2.15; 2.3.1; 2.3.6; 01.02.20; 5.5.2; 5.5.4; 5.7.2; 5.7.4; 5.7.7; 5.7.8; 5.7.9; 01.02.20
"Известия Иркутского государственного университета. Серия ""Биология. Экология""",2073-3372,03.02.09; 28.12.20; 16.10.20; 1.5.3; 1.5.4; 1.5.5; 1.5.6; 1.5.7; 1.5.9; 1.5.11; 1.5.12; 1.5.15; 1.5.16; 1.5.17; 1.5.18; 1.5.19; 1.5.21; 01.02.20
"Известия Иркутского государственного университета. Серия ""Геоархеология. Этнология. Антропология""",2227-2380,5.6.3; 5.6.4; 01.02.20
"Известия Иркутского государственного университета. Серия ""История""",2222-9124,5.6.1; 5.6.2; 5.6.5; 01.02.20
"Известия Иркутского государственного университета. Серия ""Науки о Земле""",2073-3402,25.00.01; 25.00.03; 25.00.30; 25.00.33; 25.00.35; 28.12.20; 16.10.20; 1.6.3; 1.6.6; 1.6.12; 1.6.13; 1.6.14; 1.6.16; 1.6.19; 1.6.21; 01.02.20; 1.6.1; 1.6.18; 1.6.20; 20.03.20
Известия Иркутского государственного университета.,2073-3380,23.00.01; 28.12.20; 16.10.20; 23.00.03; 23.00.05; 5.5.2; 5.5.4; 5.7.9; 5.7.9; 01.02.20
"Известия Иркутского государственного университета. Серия ""Психология""",2304-1226,19.00.05; 28.12.20; 16.10.20; 5.3.1; 5.3.2; 5.3.3; 5.3.4; 01.02.20; 5.3.5; 21.02.20
Известия Кабардино- Балкарского государственного аграрного университета им. В.М. Кокова,2411-3492,4.2.4; 4.2.5; 4.3.1; 15.02.20; 4.3.3; 12.03.20
Известия Кабардино- Балкарского государственного университета,2221-7789,01.04.15; 01.04.15; 28.12.20; 16.10.20; 1.3.8; 1.3.14; 1.4.3; 1.4.7; 1.4.7; 01.02.20; 1.4.7; 20.03.20
Известия Кабардино- Балкарского научного центра,2949-1940,08.00.13; 26.03.20; 16.10.20; 06.01.05; 06.01.07; 22.12.20; 16.10.20; 2.3.1; 4.1.1; 01.02.20; 2.3.3; 2.3.7; 2.3.8; 4.1.2; 4.1.3; 5.2.2; 5.2.3; 5.2.6; 15.02.20
Известия Калининградского государственного технического университета,1997-3071,05.18.04; 12.02.20; 16.10.20; 05.18.12; 05.18.17; 1.5.13; 1.5.15; 2.5.17; 2.5.18; 2.5.20; 01.02.20; 4.3.3; 4.3.5; 15.02.20
Известия Казанского государственного архитектурно-строительного университета,2073-1523,2.1.1; 2.1.2; 2.1.3; 2.1.4; 2.1.5; 2.1.7; 2.1.8; 2.1.9; 2.1.10; 2.1.11; 2.1.12; 2.1.13; 01.02.20
Известия Коми научного центра Уральского отделения Российской академии наук,1994-5655,25.00.01; 25.00.03; 25.00.05; 25.00.09; 25.00.12; 25.00.35; 28.12.20; 16.10.20; 1.6.2; 1.6.3; 1.6.5; 1.6.9; 1.6.10; 2.8.4; 2.8.6; 2.8.9; 5.6.1; 5.6.3; 5.6.4; 5.6.5
Известия Лаборатории древних технологий,2415-8739,5.6.1; 5.6.3; 5.6.4; 01.02.20
"Известия МГТУ ""МАМИ""",2074-0530,05.04.02; 05.04.12; 28.12.20; 16.10.20; 05.04.13; 05.05.03; 05.05.04; 05.09.03; 2.4.1; 2.4.2; 2.4.5; 2.4.6; 2.4.7; 2.5.4; 2.5.10; 2.5.11; 22.11.20
Известия Международной академии аграрного образования,1994-7860,05.20.01; 08.00.05; 28.12.20; 16.10.20; 4.2.1; 4.2.1; 4.2.4; 4.3.1; 4.3.1; 5.2.2; 13.10.20; 5.2.3
ИЗВЕСТИЯ Нижневолжского агроуниверситетского комплекса: наука и высшее профессиональное образование,2071-9485,05.20.01; 05.20.02; 05.20.03; 06.01.02; 06.01.02; 06.01.03; 06.01.04; 06.01.05; 06.01.06; 06.01.07; 06.01.08; 06.01.09; 06.02.01; 06.02.01; 06.02.03; 06.02.04; 06.02.07; 06.02.07; 06.02.08; 06.02.08
Известия Оренбургского государственного аграрного университета,2073-0853,05.20.01; 05.20.02; 05.20.03; 06.01.05; 06.01.06; 06.02.01; 28.12.20; 16.10.20; 06.02.05; 06.02.07; 06.02.08; 06.02.10; 4.1.1; 4.2.3; 01.02.20; 4.1.1; 4.1.2; 4.1.2; 4.1.3; 4.1.3
Известия Петербургского университета путей сообщения / Proceedings of Petersburg Transport University,1815-588X,2.9.2; 2.9.3; 2.9.4; 01.02.20; 2.1.1; 2.1.2; 2.1.5; 2.1.8; 2.2.15; 2.9.1; 2.9.9; 20.04.20
Известия Российского государственного,1992-6464,10.02.01; 28.12.20; 16.10.20; 10.02.04; 10.02.19; 10.02.20; 10.02.21; 19.00.05; 19.00.13; 13.00.04; 13.00.05; 19.00.04; 15.10.20; 16.10.20; 5.3.1; 5.3.4; 5.3.8; 5.8.1; 5.8.2; 5.8.3
Известия Российской академии наук. Серия литературы и языка,1605-7880,10.01.01; 10.01.03; 10.02.01; 10.02.19; 10.02.20; 28.12.20; 16.10.20; 5.9.3; 01.02.20; 5.9.1; 5.9.2; 5.9.5; 5.9.8; 21.02.20
Известия Российской академии наук. Энергетика,0002-3310,2.4.2; 2.4.3; 2.4.5; 2.4.6; 2.4.9; 14.12.20
Известия Российской академии образования,2073-8498,5.8.1; 01.02.20
Известия Российской Академии Ракетных и Артиллерийских Наук,2075-3608,01.02.01; 28.12.20; 16.10.20; 20.00.00; 28.12.20; 28.02.20; 1.1.8; 1.1.9; 2.5.13; 2.5.15; 01.02.20; 11.02.20; 6.0.0; 09.04.20
Известия Российской Военно- медицинской академии,2713-2315,
Известия Самарского научного центра Российской академии наук,1990-5378,05.02.22; 05.02.23; 05.13.12; 05.13.17; 05.13.17; 26.03.20; 16.10.20; 1.2.2; 1.2.2; 1.5.12; 1.5.15; 01.02.20; 1.5.16; 2.3.1; 2.3.3; 2.3.4; 2.5.5; 2.5.6; 2.5.7; 2.5.22
Известия Самарского научного центра Российской академии наук. Исторические науки,2658-4816,5.6.1; 5.6.2; 5.6.3; 5.6.4; 5.6.5; 5.6.6; 5.6.7; 28.09.20
"ИЗВЕСТИЯ САМАРСКОГО НАУЧНОГО ЦЕНТРА РОССИЙСКОЙ АКАДЕМИИ НАУК. Социальные, гуманитарные, медико- биологические науки",2413-9645,24.00.01; 24.00.01; 28.12.20; 16.10.20; 5.8.7; 5.10.2; 5.10.2; 01.02.20; 5.9.1; 5.9.2; 23.09.20; 5.10.1; 5.10.1
Известия Самарской государственной сельскохозяйственной академии,1997-3225,05.20.01; 05.20.03; 06.01.04; 06.01.05; 06.01.05; 06.01.07; 06.01.07; 06.02.01; 06.02.01; 06.02.06; 06.02.06; 06.02.06; 06.02.07; 06.02.07; 06.02.08; 06.02.08; 06.02.10; 09.08.20; 16.10.20; 06.02.10
Известия Санкт- Петербургского государственного аграрного университета,2078-1318,05.20.01; 05.20.02; 05.20.03; 06.01.03; 06.01.04; 06.01.05; 06.01.06; 28.12.20; 16.10.20; 06.01.07; 06.01.08; 06.01.09; 06.02.07; 06.02.08; 06.02.10; 05.20.01; 06.01.04; 06.01.05; 06.01.07; 06.02.07
Известия Санкт- Петербургского государственного технологического института (технического университета),1998-9849,05.17.06; 26.03.20; 16.10.20; 1.2.2; 1.4.1; 1.4.3; 1.4.4; 1.4.7; 1.4.9; 1.4.15; 2.3.1; 2.3.3; 2.6.7; 2.6.9; 2.6.10; 2.6.12; 2.6.13; 2.6.14; 01.02.20; 2.6.11
Известия Санкт- Петербургского государственного экономического университета,2311-3464,08.00.05; 08.00.12; 08.00.13; 10.02.04; 10.02.19; 22.00.03; 28.12.20; 16.10.20; 5.2.1; 5.2.4; 5.2.5; 5.4.7; 01.02.20; 5.2.2; 5.2.3; 5.2.6; 5.2.7; 5.4.2; 5.9.6; 5.9.8
Известия Санкт-Петербургской лесотехнической академии,2079-4304,05.21.01; 05.21.03; 05.21.03; 28.12.20; 16.10.20; 05.21.05; 06.03.01; 06.03.02; 06.03.02; 1.5.9; 1.5.14; 1.5.15; 01.02.20; 4.1.3; 4.1.6; 4.1.6; 4.1.6; 4.3.4; 4.3.4; 13.10.20
"Известия Саратовского университета. Новая серия. Серия ""Акмеология образования. Психология развития""",2304-9790,
"Известия Саратовского университета. Новая серия. Серия ""История. Международные отношения""",1819-4907,
"Известия Саратовского университета. Новая серия. Серия ""Математика. Механика. Информатика""",1816-9791,
"Известия Саратовского университета. Новая серия. Серия ""Науки о Земле""",1819-7663,
"Известия Саратовского университета. Новая серия. Серия ""Социология. Политология""",1818-9601,
"Известия Саратовского университета. Новая серия. Серия ""Физика""",1817-3020,01.04.15; 01.04.16; 28.12.20; 16.10.20; 1.3.3; 1.3.4; 1.3.5; 1.3.6; 1.3.11; 1.3.19; 1.5.2; 2.2.2; 01.02.20
"Известия Саратовского университета. Новая серия. Серия ""Филология. Журналистика""",1817-7115,10.01.01; 10.01.10; 10.02.01; 10.02.04; 28.12.20; 16.10.20; 10.02.05; 10.02.19; 10.01.03; 26.03.20; 16.10.20; 5.9.1; 5.9.2; 5.9.5; 5.9.6; 5.9.8; 5.9.9; 27.04.20
"Известия Саратовского университета. Новая серия. Серия ""Химия. Биология. Экология""",1816-9775,
"Известия Саратовского университета. Новая серия. Серия ""Экономика. Управление. Право""",1994-2540,
Известия Саратовского университета. Новая серия. Серия: Философия. Психология. Педагогика,1819-7671,
Известия сельскохозяйственной науки Тавриды,2413-1946,05.20.01; 05.20.01; 06.01.02; 06.01.04; 06.01.05; 06.01.06; 06.01.08; 06.01.09; 06.02.01; 06.02.04; 28.12.20; 16.10.20; 4.1.1; 4.2.3; 01.02.20; 4.1.2; 4.1.4; 4.1.6; 07.12.20; 4.2.1
Известия Смоленского государственного университета,2072-9464,10.01.01; 10.01.03; 10.02.01; 10.02.04; 10.02.19; 10.02.20; 10.02.21; 28.12.20; 16.10.20; 5.6.1; 5.6.2; 5.6.7; 5.9.3; 5.9.4; 01.02.20; 5.9.1; 5.9.2; 5.9.5; 5.9.6; 5.9.8
Известия СОИГСИ,2223-165X,10.01.02; 10.02.02; 28.12.20; 16.10.20; 10.02.19; 10.02.20; 5.6.1; 5.6.4; 5.9.4; 01.02.20; 5.9.1; 5.9.5; 5.9.8; 21.02.20
"Известия СПбГЭТУ ""ЛЭТИ""",2071-8985,05.09.03; 05.09.10; 05.09.12; 05.13.12; 05.13.15; 28.12.20; 16.10.20; 1.3.2; 1.3.4; 1.3.7; 1.3.8; 1.3.11; 1.3.13; 2.3.1; 2.3.3; 01.02.20; 2.3.2; 26.01.20; 2.3.7; 2.4.2
Известия Тимирязевской сельскохозяйственной академии,0021-342X,06.01.02; 06.01.04; 06.01.05; 06.01.05; 06.01.06; 06.01.06; 06.01.07; 06.01.07; 06.01.08; 06.01.08; 06.01.09; 06.01.09; 06.02.06; 06.02.06; 06.02.07; 06.02.07; 06.02.08; 06.02.08; 18.03.20; 16.10.20
Известия Томского политехнического университета. Инжиниринг георесурсов (До 23.03.2023 наименование в Перечне «Известия Томского политехнического университета» ISSN,1684-8519,
Известия Транссиба,2220-4245,05.14.01; 05.14.02; 05.14.04; 05.22.01; 28.12.20; 16.10.20; 2.3.3; 2.9.2; 2.9.3; 01.02.20; 2.4.2; 2.4.3; 2.4.5; 2.4.6; 2.9.1; 2.9.4; 14.12.20
Известия Тульского государственного университета. Гуманитарные науки,2071-6141,23.00.05; 23.00.05; 28.12.20; 16.10.20; 5.4.4; 5.5.2; 5.7.2; 5.7.7; 01.02.20
Известия Тульского государственного университета. Естественные науки,2071-6176,1.4.3; 1.5.6; 1.5.15; 23.01.20
Известия Тульского государственного университета. Педагогика,2312-2374,5.8.7; 27.06.20
"Известия Тульского государственного университета. Серия ""Науки о Земле""",2218-5194,25.00.22; 26.03.20; 16.10.20; 2.1.16; 2.8.6; 01.02.20; 2.8.8; 15.02.20
Известия Тульского государственного университета. Технические науки,2071-6168,05.02.02; 05.02.13; 05.02.23; 05.09.03; 28.12.20; 16.10.20; 2.3.1; 2.3.3; 2.3.5; 2.5.5; 2.5.6; 2.5.7; 01.02.20; 2.4.2; 2.5.2; 11.04.20; 2.5.8; 2.5.11; 2.5.21; 2.5.22
Известия Тульского государственного университета. Физическая культура. Спорт.,2305-8404,13.00.04; 28.12.20; 16.10.20; 5.8.4; 5.8.5; 5.8.6; 21.02.20
Известия Тульского государственного университета. Экономические и юридические науки,2071-6184,12.00.08; 12.00.09; 12.00.12; 08.07.20; 16.10.20; 5.1.4; 21.02.20
Известия Уральского государственного горного университета,2307-2091,05.05.04; 05.05.06; 25.00.01; 25.00.03; 25.00.05; 25.00.09; 25.00.12; 28.12.20; 16.10.20; 25.00.22; 25.00.35; 08.00.05; 26.03.20; 16.10.20; 1.6.2; 1.6.3; 1.6.5; 1.6.6; 1.6.7; 1.6.9
"Известия Уральского федерального университета. Серия 1. Проблемы образования, науки и культуры",2227-2275,10.01.01; 10.01.10; 28.12.20; 16.10.20; 24.00.01; 5.10.2; 01.02.20; 5.9.1; 5.9.2; 5.9.9; 5.9.9; 5.9.9; 5.10.1; 5.10.1; 5.10.1; 20.12.20
Известия Уральского федерального университета. Серия 2. Гуманитарные науки,2227-2283,10.02.01; 10.02.19; 10.02.20; 17.00.04; 17.00.09; 28.12.20; 16.10.20; 5.6.1; 5.6.4; 5.6.5; 5.6.2; 01.02.20
Известия Уфимского научного центра Российской академии наук,2222-8349,02.00.03; 28.12.20; 08.12.20; 1.3.3; 1.3.7; 1.3.8; 01.02.20; 1.3.17; 1.5.4; 1.5.6; 1.5.11; 1.5.20; 1.5.15
Известия Чеченского государственного педагогического университета. Серия 1. Гуманитарные и общественные науки,2587-6074,5.2.3; 5.2.4; 5.8.1; 5.8.2; 23.04.20; 5.9.1; 5.9.5; 5.9.8; 27.05.20
Известия Юго-Западного государственного университета,2223-1560,05.13.05; 26.03.20; 16.10.20; 1.2.2; 2.1.1; 2.1.3; 2.1.9; 2.3.1; 2.3.3; 2.3.4; 2.3.6; 01.02.20; 2.5.4; 2.5.5; 2.5.8; 2.3.2; 2.3.5; 15.02.20
Известия Юго-Западного государственного университета. Серия История и право,2223-1501,12.00.01; 12.00.02; 12.00.03; 12.00.06; 12.00.08; 12.00.09; 12.00.11; 12.00.14; 23.00.05; 28.12.20; 16.10.20; 5.5.2; 5.5.4; 5.6.1; 5.6.3; 5.6.5; 01.02.20; 5.6.6; 5.1.1; 5.1.2
Известия Юго-Западного государственного университета. Серия: Лингвистика и педагогика,2223-151X,10.02.01; 10.02.19; 10.02.20; 19.00.05; 28.12.20; 16.10.20; 5.3.1; 5.8.7; 01.02.20; 5.9.5; 5.9.8; 20.03.20
Известия Юго-Западного государственного университета. Серия: Техника и технологии,2223-1528,01.04.15; 26.03.20; 16.10.20; 1.3.8; 1.4.2; 1.4.3; 2.6.1; 2.6.5; 01.02.20; 1.3.16; 2.6.6; 07.03.20
"Известия Юго-Западного государственного университета. Серия Управление, вычислительная техника, информатика. Медицинское приборостроение",2223-1536,2.2.4; 2.2.8; 2.2.12; 2.2.15; 2.3.1; 01.02.20; 2.3.8; 3.3.9; 15.02.20
Известия Юго-Западного государственного университета. Серия Экономика. Социология. Менеджмент,2223-1552,08.00.05; 08.00.13; 22.00.03; 28.12.20; 16.10.20; 5.2.1; 5.2.4; 5.2.5; 5.4.4; 5.4.6; 5.4.7; 5.7.2; 5.7.6; 5.7.7; 5.7.8; 01.02.20; 5.2.2; 5.2.3; 5.2.6; 5.4.2
Известия Южного федерального университета. Филологические науки,1995-0640,10.01.01; 10.01.02; 10.01.03; 10.01.10; 10.02.01; 10.02.04; 10.02.05; 10.02.19; 28.12.20; 16.10.20; 5.8.2; 01.02.20; 5.9.1; 5.9.5; 5.9.6; 5.9.8; 5.9.9; 01.11.20
Известия ЮФУ. Технические науки,1999-9429,05.13.05; 05.13.12; 05.13.15; 05.13.17; 26.03.20; 16.10.20; 05.27.06; 2.2.13; 2.2.14; 2.2.16; 2.2.2; 2.3.1; 2.3.6; 01.02.20; 24.11.20; 1.2.2; 2.2.13; 2.2.14; 2.2.16; 2.2.2
Измерение. Мониторинг. Управление. Контроль,2307-5538,05.07.06; 05.07.07; 05.09.01; 05.09.03; 05.11.14; 28.12.20; 16.10.20; 2.2.4; 2.2.11; 2.2.12; 2.5.13; 01.02.20; 2.2.9; 15.02.20
"Изобразительное искусство Урала, Сибири и Дальнего Востока",2713-2722,
Имагология и компаративистика,2409-9554,5.9.1; 19.12.20
Иммунология,0206-4952,
"Иммунопатология, аллергология, инфектология",2412-320X,14.03.07; 14.03.09; 14.03.09; 28.12.20; 16.10.20; 1.5.10; 1.5.10; 1.5.11; 1.5.11; 1.5.17; 1.5.18; 1.5.18; 3.1.6; 3.1.18; 3.1.21; 3.1.22; 3.3.3; 3.3.3; 3.3.6; 3.3.6
Имущественные отношения в Российской Федерации,2072-4098,08.00.05; 28.12.20; 16.10.20; 12.00.03; 12.00.04; 12.00.06; 12.00.14; 26.03.20; 16.10.20; 5.2.4; 01.02.20; 5.1.2; 5.1.3; 30.06.20; 5.2.3; 01.11.20
Индоевропейское языкознание и классическая филология,2306-9015,10.01.01; 10.02.03; 10.02.04; 10.02.20; 28.12.20; 16.10.20; 5.9.3; 5.9.4; 5.9.7; 01.02.20; 5.6.2; 5.6.5; 5.9.1; 20.03.20; 5.9.5; 5.9.6; 5.9.8; 5.11.2; 25.04.20
Индустриальная Экономика,2712-7559,08.00.05; 25.12.20; 16.10.20; 5.2.4; 5.2.5; 01.02.20; 5.2.1; 5.2.2; 5.2.3; 5.2.6; 21.02.20
Индустрия питания/Food Industry,2500-1922,05.18.01; 05.18.04; 05.18.12; 05.18.15; 26.03.20; 16.10.20; 4.3.5; 01.02.20; 4.3.3; 13.10.20
Инженерная геология,1993-5056,25.00.03; 22.12.20; 16.10.20; 1.6.7; 1.6.21; 1.6.6; 1.6.7; 1.6.7; 1.6.7; 1.6.8; 1.6.9; 1.6.9; 1.6.9; 2.1.2; 2.1.10; 01.02.20; 1.6.1; 1.6.21; 2.8.6; 22.11.20
Инженерная физика,2072-9995,01.04.15; 01.04.15; 01.04.16; 01.04.16; 01.04.23; 25.00.22; 28.12.20; 16.10.20; 1.3.2; 1.3.2; 1.3.3; 1.3.8; 1.3.8; 1.3.9; 1.3.9; 1.3.10; 1.3.12; 1.3.12; 1.3.13; 1.3.14
Инженер-нефтяник,2072-7232,2.8.1; 2.8.2; 01.02.20; 2.8.4
Инженерно-строительный вестник Прикаспия,3212-3702,05.13.12; 05.26.03; 11.07.20; 16.10.20; 1.2.2; 2.1.1; 2.1.2; 2.1.3; 2.1.4; 2.1.5; 2.1.7; 2.1.9; 2.1.10; 2.1.12; 2.1.12; 2.1.13; 2.1.13; 2.1.16; 2.3.1; 2.3.4
Инженерные изыскания,1997-8650,25.00.03; 25.00.33; 25.00.33; 25.00.35; 25.00.35; 22.12.20; 16.10.20; 1.6.6; 1.6.7; 1.6.7; 1.6.7; 1.6.8; 1.6.8; 1.6.9; 1.6.9; 1.6.9; 1.6.12; 1.6.12; 1.6.16; 1.6.17
Инженерные системы и сооружения,2074-188X,2.1.7; 2.1.13; 2.1.14; 2.1.15; 2.3.1; 11.12.20; 04.03.20
Инженерные технологии и системы (до 04.03.2020 наименование в перечне «Вестник Мордовского университета» ISSN,0236-2910,
Инженерный вестник Дона,2073-8633,01.04.15; 28.12.20; 16.10.20; 2.1.11; 25.01.20; 1.2.2; 01.02.20; 2.1.1; 2.1.5; 2.1.7; 2.1.10; 2.1.13; 2.3.1; 2.3.3; 2.3.4; 2.3.6; 1.3.11; 1.3.3; 1.3.6; 1.3.7
Инженерный журнал: наука и инновации,2308-6033,01.02.06; 01.02.08; 05.07.06; 05.07.10; 26.03.20; 16.10.20; 1.1.8; 1.1.9; 2.5.12; 01.02.20; 2.5.13; 2.5.15; 2.5.16; 2.6.1; 2.6.4; 2.6.5; 1.1.7; 1.1.10; 2.5.11; 2.5.14
Инициативы XXI века,2073-4131,08.00.05; 19.00.13; 19.00.13; 26.03.20; 16.10.20; 5.3.1; 5.8.1; 01.02.20; 22.03.20
ИННОВАЦИИ В ЖИЗНЬ Международный научный журнал,2227-6300,08.00.05; 26.03.20; 16.10.20
Инновации в менеджменте,2311-5319,08.00.05; 26.03.20; 16.10.20; 5.2.3; 5.2.6; 2.5.22; 21.02.20
Инновации в АПК: проблемы и перспективы,2311-9535,05.20.01; 05.20.02; 05.20.03; 06.01.04; 08.00.05; 08.00.12; 12.02.20; 16.10.20; 4.1.1; 5.2.4; 01.02.20; 4.1.3; 4.3.1; 4.3.2; 11.04.20; 5.2.3
Инновации и инвестиции,2307-180X,05.23.07; 05.23.16; 08.00.05; 08.00.12; 08.00.13; 28.12.20; 16.10.20; 2.1.1; 2.1.2; 2.1.3; 2.1.4; 2.1.5; 2.1.7; 2.1.8; 2.1.9; 2.1.10; 2.1.11; 2.1.11; 2.1.11; 2.1.12
Инновации в образовании,1609-4646,5.3.4; 5.8.1; 5.8.2; 5.8.7; 01.02.20
Инновации и продовольственная безопасность,2311-0651,05.18.04; 06.01.04; 06.01.05; 06.02.01; 06.02.03; 06.02.05; 06.02.08; 28.12.20; 16.10.20; 06.02.10; 4.1.1; 4.1.1; 4.2.3; 01.02.20; 4.2.1; 4.2.1; 4.2.2; 4.2.2; 4.2.3; 4.2.4
Инновационная деятельность,2071-5226,08.00.05; 28.12.20; 16.10.20; 5.2.4; 01.02.20; 5.2.3; 5.2.6; 21.02.20
Инновационная медицина Кубани,2541-9897,14.01.13; 12.02.20; 16.10.20; 3.1.6; 3.1.8; 3.1.9; 3.1.10; 3.1.12; 3.1.13; 3.1.14; 3.1.15; 3.1.20; 3.1.24; 3.1.29; 01.02.20; 3.1.25; 15.02.20
Инновационная наука: Психология. Педагогика. Дефектология,2658-7165,5.3.1; 5.3.2; 5.3.2; 5.3.4; 5.3.5; 5.3.7; 5.3.8; 5.8.1; 28.11.20
Инновационная научная современная академическая,2686-8970,5.3.4; 19.12.20; 5.8.1; 5.8.2; 5.8.7
"Инновационная экономика: информация, аналитика, прогнозы",2411-9520,5.2.1; 5.2.2; 5.2.3; 5.2.4; 5.2.5; 5.2.6; 21.02.20
Инновационная экономика и общество / Innovative economics and society,2310-0710,5.2.3; 5.2.4; 5.2.6; 5.7.1; 5.7.7; 31.05.20
Инновационное развитие профессионального образования,2304-2818,5.8.7; 01.02.20
Инновационное развитие экономики,2223-7984,08.00.05; 26.03.20; 16.10.20; 5.2.4; 01.02.20; 5.2.3; 31.01.20
Инновационные проекты и программы в образовании,2306-8310,5.8.7; 01.02.20; 21.04.20
Инновационные транспортные системы и технологии (до 21.04.2022 наименование издания в Перечне,2782-3733,05.09.01; 05.09.03; 21.11.20; 16.10.20
"05.09.03 – Электротехнические комплексы и системы (технические науки),",2413-9203,08.00.05; 1.3.13; 01.02.20; 2.1.8; 2.4.2; 5.2.3; 21.02.20
Иностранные языки в высшей школе,2072-7607,10.02.04; 10.02.05; 10.02.19; 10.02.20; 28.12.20; 16.10.20; 5.9.6; 5.9.8; 21.02.20
Иностранные языки в школе,0130-6073,5.8.1; 5.8.2; 5.8.7; 01.02.20
Институт психологии Российской академии наук. Социальная и экономическая психология,2542-0852,19.00.05; 15.10.20; 16.10.20; 5.3.3; 01.02.20; 5.3.5; 21.02.20
Институт психологии Российской Академии Наук. Организационная психология и психология труда,2541-8688,5.3.3; 23.11.20; 5.3.5; 5.3.7
Институт Стоматологии,2073-6460,14.01.13; 14.02.03; 28.12.20; 16.10.20; 3.1.7; 3.3.3; 01.02.20; 3.1.25; 3.2.3; 07.12.20
Интегративная физиология,2687-1270,1.5.5; 1.5.7; 5.12.2; 11.07.20
Интеграция образования Integration of Education,1991-9468,5.3.4; 5.4.4; 5.8.2; 01.02.20; 5.4.6; 5.4.7; 5.8.1; 5.8.3; 5.8.7; 20.07.20
Интеллект. Инновации. Инвестиции,2077-7175,05.22.01; 26.03.20; 16.10.20; 08.00.05; 08.00.12; 2.9.5; 5.2.4; 5.7.1; 5.7.2; 5.7.3; 5.7.4; 5.7.6; 5.7.7; 5.7.8; 5.7.9; 01.02.20; 5.2.3; 5.2.6; 23.09.20
Интеллектуальная собственность. Авторское право и смежные права,0201-7059,5.1.3; 19.12.20
Интеллектуальная собственность. Промышленная собственность,0201-7067,08.00.05; 28.12.20; 16.10.20; 5.2.1; 5.2.5; 01.02.20; 5.1.3; 5.2.3; 21.02.20
Интеллектуальная электротехника,2658-6754,2.4.2; 2.4.3; 25.01.20
Интеллектуальные системы в производстве,1813-7911,05.11.06; 05.11.08; 26.03.20; 16.10.20; 05.11.10; 05.11.14; 05.11.18; 05.13.12; 2.3.1; 28.09.20; 1.2.2; 2.2.4; 2.2.5; 2.2.6; 2.2.8; 2.2.10; 2.2.11; 2.2.12; 2.3.3; 2.3.4
Интеллектуальные системы. Теория и приложения,2411-4448,01.01.09; 05.13.17; 28.12.20; 16.10.20; 2.3.5; 01.02.20; 1.1.5; 20.03.20; 1.2.1; 1.2.3
Интеллигенция и мир,1993-3959,5.6.1; 5.6.2; 01.02.20
Интеракция. Интервью. Интерпретация,2687-0401,5.4.1; 5.4.4; 5.4.6; 5.4.7; 21.12.20
Интернет-журнал «Отходы и ресурсы»,2500-0659,08.00.05; 08.00.13; 12.02.20; 16.10.20; 1.6.20; 1.6.20; 1.6.21; 2.3.1; 16.12.20; 5.2.1; 5.2.5; 01.02.20; 1.6.21; 2.3.3; 2.3.4; 5.2.3; 20.03.20
"Интернет-журнал ""Транспортные сооружения""",2413-9807,2.1.1; 2.1.2; 01.02.20; 2.1.5; 2.1.8; 2.1.9
Инфекции в хирургии,2220-2412,3.1.9; 01.02.20
Инфекционные болезни,1729-9225,3.1.22; 3.2.2; 01.02.20
"Инфекционные болезни: новости, мнения, обучение",2305-3496,3.1.22; 3.2.2; 01.02.20
Инфекция и иммунитет,2220-7619,
Инфокоммуникационные и радиоэлектронные технологии,2587-9936,1.3.1; 1.3.4; 1.3.5; 1.3.11; 2.2.1; 2.2.2; 15.04.20; 2.2.3; 2.2.4; 2.2.5; 2.2.8; 2.2.13; 2.2.14; 2.2.15; 2.2.16; 5.6.6
Инфокоммуникационные технологии,2073-3909,05.13.12; 05.13.15; 05.13.20; 28.12.20; 16.10.20; 1.2.2; 1.3.6; 2.2.13; 2.2.14; 2.2.15; 2.2.16; 2.3.4; 2.3.5; 2.3.6; 01.02.20
Информатика и автоматизация,2713-3192,01.01.02; 28.12.20; 16.10.20; 22.03.20
"01.01.02 – Дифференциальные уравнения, динамические системы и",2078-9181,01.01.09; 05.13.15; 05.13.17; 1.1.4; 2.3.1; 2.3.5; 2.3.6; 01.02.20; 2.3.2; 13.10.20
Информатизация в цифровой экономике,2712-9306,5.2.3; 5.2.6; 29.03.20
Информатизация и связь,2078-8320,05.13.12; 05.13.15; 05.13.17; 28.12.20; 16.10.20; 1.2.2; 2.2.13; 2.2.15; 2.3.4; 2.3.5; 2.3.6; 01.02.20; 1.2.2; 1.2.3; 2.3.1; 2.3.2; 2.3.7; 14.12.20
Информатизация образования и науки,2073-7572,2.3.3; 2.3.4; 01.02.20
Информатика в школе,2221-1993,5.8.1; 5.8.2; 5.8.7; 01.02.20
Информатика и ее применения,1992-2264,
Информатика и образование,0234-0453,05.13.17; 28.12.20; 16.10.20; 1.2.2; 2.3.4; 2.3.5; 5.8.1; 01.02.20; 5.8.2; 5.8.7; 2.3.8; 11.04.20
Информатика и системы управления,1814-2400,05.13.17; 28.12.20; 16.10.20; 1.2.2; 01.02.20; 2.2.11; 2.3.1; 2.3.5; 13.10.20; 25.12.20
"Информатика, телекоммуникации, управление (до 25.12.2020 наименование в Перечне «Научно-технические ведомости Санкт- Петербургского государственного политехнического университета. Информатика. Телекоммуникации. Управление =St. Petersburg State Polytechnical University Journal. Computer Science. Telecommunications and Control Systems» ISSN",2304-9766,
Информационное общество,1606-1330,2.3.4; 2.3.5; 5.4.4; 01.02.20; 12.00.13; 28.12.20; 16.10.20; 1.2.1; 2.3.8; 5.1.1; 5.1.2; 5.1.3; 5.1.4; 5.1.5; 01.11.20
Информационно- измерительные и управляющие системы,2070-0814,1.2.2; 2.2.4; 2.2.15; 2.2.16; 2.3.1; 01.02.20; 1.2.1; 2.2.2; 2.2.6; 11.04.20; 2.2.8; 2.2.9; 2.2.11; 2.2.13; 2.2.14; 2.3.4; 2.3.5; 2.3.7
Информационно- технологический вестник,2409-1650,05.07.10; 26.03.20; 16.10.20; 2.5.13; 2.5.14; 2.6.1; 2.6.5; 2.6.6; 2.6.17; 01.02.20; 2.3.1; 2.3.5; 15.02.20
Информационно-управляющие системы,1684-8853,05.13.05; 05.13.15; 28.12.20; 16.10.20; 05.13.17; 1.2.2; 2.2.13; 2.2.14; 2.2.15; 2.2.16; 2.3.1; 2.3.4; 2.3.5; 2.3.6; 01.02.20; 1.1.6; 01.02.20; 12.10.20
Информационно- экономические аспекты стандартизации и технического регулирования,2311-1348,05.25.05; 08.00.05; 28.12.20; 16.10.20; 2.5.22; 2.3.8; 5.2.3; 31.01.20
Информационные войны,1996-4544,23.00.06; 28.12.20; 16.10.20; 5.5.4; 01.02.20; 5.4.5; 5.4.5; 5.4.7; 01.11.20
Информационные и математические технологии в науке и управлении,2413-0133,1.2.2; 2.3.1; 2.3.3; 2.3.5; 2.4.5; 22.03.20
Информационные и телекоммуникационные технологии,2218-5070,2.3.4; 01.02.20
Информационные ресурсы России,0204-3653,05.13.17; 05.25.05; 28.12.20; 16.10.20; 2.3.1; 01.02.20
Информационные системы и технологии,2072-8964,2.2.8; 2.2.15; 2.3.1; 2.3.3; 2.3.4; 01.02.20; 1.2.2; 2.3.8; 15.04.20
Информационные технологии,1684-6400,05.13.05; 05.13.12; 05.13.15; 26.03.20; 16.10.20; 05.13.17; 05.13.17; 1.2.2; 1.2.2; 2.2.11; 2.2.15; 2.3.1; 2.3.1; 2.3.3; 2.3.4; 2.3.5; 2.3.6; 01.02.20; 1.2.3; 2.3.2
Информационные технологии в проектировании и производстве,2073-2597,05.11.08; 05.11.14; 05.13.05; 05.13.12; 28.12.20; 16.10.20; 05.13.15; 1.2.2; 2.2.4; 2.2.6; 2.2.11; 2.3.3; 2.3.4; 01.02.20; 2.2.9; 2.3.2; 2.3.7; 15.02.20
Информационные технологии в,2686-7362,2.3.1; 2.3.4; 5.2.2; 25.06.20
Информационные технологии и вычислительные системы,2071-8632,05.13.17; 05.13.17; 05.13.20; 26.03.20; 16.10.20; 1.2.2; 1.2.2; 2.3.1; 2.3.1; 01.02.20; 2.3.5; 2.3.5; 2.3.6; 1.1.5; 1.2.1; 1.2.3; 2.3.2; 2.3.3; 2.3.4; 2.3.6
Информация и безопасность,1682-7813,2.3.6; 01.02.20
Информация и Космос,2072-9804,05.13.05; 05.13.15; 05.13.17; 25.00.35; 26.03.20; 16.10.20; 1.2.2; 01.02.20; 2.2.13; 2.2.14; 2.2.15; 2.2.16; 2.3.1; 2.3.5; 2.3.6; 1.6.20; 2.3.2; 2.3.8; 22.11.20
Ипатьевский вестник,2309-5164,5.11.1; 5.11.2; 5.11.3; 19.12.20
Иппология и ветеринария,2225-1537,06.02.01; 06.02.01; 06.02.03; 06.02.03; 06.02.04; 06.02.04; 06.02.05; 28.12.20; 16.10.20; 06.02.05; 06.02.06; 06.02.06; 06.02.06; 06.02.07; 06.02.07; 06.02.08; 06.02.08; 06.02.09; 06.02.09; 06.02.10
Искусственные общества,2077-5180,08.00.05; 08.00.13; 26.03.20; 16.10.20; 1.2.2; 2.3.4; 5.7.6; 5.7.7; 01.02.20; 1.2.1; 1.2.2; 5.2.2; 5.2.3; 26.01.20
Искусственный интеллект и принятие решений,2071-8594,01.01.09; 05.13.17; 05.13.17; 28.12.20; 16.10.20; 2.3.1; 2.3.1; 2.3.5; 01.02.20; 2.3.5; 5.3.1; 1.2.1; 1.2.1; 2.3.8; 5.12.4; 29.03.20
Искусство Евразии,2518-7767,5.10.1; 01.10.20
Искусство и образование,2072-0432,17.00.02; 17.00.09; 28.12.20; 16.10.20; 5.8.1; 5.8.2; 5.8.7; 01.02.20; 5.10.1; 5.10.3; 29.03.20
Искусство музыки: теория и история,2307-5015,5.10.1; 5.10.1; 5.10.3; 5.7.3; 23.09.20
Искусство правоведения. The Art of Law,2949-1088,5.1.1; 5.1.2; 5.1.4; 01.10.20; 5.1.3; 30.03.20
Искусствоведение,2949-3277,5.10.1; 5.10.3; 19.12.20; 17.00.04; 17.00.09; 24.00.01; 24.00.01; 28.12.20; 16.10.20; 5.10.1; 5.10.1; 5.10.1; 5.10.2; 5.10.2; 5.10.3; 21.02.20
Ислам в современном мире: внутригосударственный и международно-политический аспекты,2074-1529,26.00.01; 28.12.20; 16.10.20; 5.5.2; 5.6.1; 01.02.20; 5.5.1; 5.5.1; 5.6.4; 5.11.1; 5.11.2; 5.11.3; 20.12.20
Исламоведение,2077-8155,23.00.03; 23.00.06; 28.12.20; 16.10.20; 5.5.4; 5.6.1; 5.7.4; 5.7.7; 5.7.8; 5.7.9; 01.02.20
Исследование проблем экономики и финансов,2782-6414,5.2.3; 5.2.4; 19.12.20
Использование и охрана природных ресурсов в России,2222-5633,06.03.02; 25.00.30; 25.00.33; 26.03.20; 16.10.20; 1.5.15; 1.5.19; 1.5.20; 1.6.6; 1.6.16; 1.6.21; 01.02.20; 1.6.18; 1.6.20; 4.1.1; 4.1.3; 4.1.5; 4.1.6; 20.03.20
Исследования водных биологических ресурсов Камчатки и северо-западной части Тихого океана,2072-8212,06.04.01; 28.12.20; 16.10.20; 1.5.13; 1.5.16; 1.5.20; 01.02.20
Историко-биологические исследования,2076-8176,5.6.6; 5.6.6; 01.02.20
Историко-географический журнал,2782-6511,5.6.1; 5.6.2; 5.6.3; 5.6.4; 5.6.5; 5.6.8; 5.9.1; 1.6.13; 30.10.20
Историко-правовые проблемы: новый ракурс,2309-1592,12.00.01; 28.12.20; 16.10.20; 5.1.1; 28.11.20
Историко-экономические исследования,2308-2488,5.2.1; 5.6.1; 01.02.20
Историческая информатика,2585-7797,5.6.1; 5.6.2; 5.6.5; 01.02.20; 5.6.4; 5.6.6; 5.6.8; 5.6.8; 20.03.20
ИСТОРИЧЕСКАЯ ЭКСПЕРТИЗА / «THE HISTORICAL EXPERTISE»,2409-6105,5.6.1; 5.6.2; 5.6.5; 01.02.20; 03.12.20
Исторические записки,0130-6685,5.6.1; 5.6.2; 5.6.3; 5.6.4; 5.6.5; 01.02.20
Исторический архив,0869-6322,5.6.1; 5.6.5; 01.02.20
Исторический бюллетень,2658-5685,5.6.1; 5.6.2; 5.6.4; 5.6.5; 5.6.7; 01.02.20
Исторический вестник,2306-4978,5.6.1; 5.6.2; 20.07.20
Исторический журнал: научные исследования,2454-0609,5.6.1; 01.02.20; 5.6.3; 5.6.4; 5.6.5; 5.6.6; 5.6.2; 5.6.8; 20.03.20
Исторический курьер,2618-9100,5.6.1; 5.6.4; 5.6.5; 5.6.6; 5.6.7; 01.02.20
Исторический поиск / Historical Search,2712-9454,5.6.1; 5.6.4; 5.6.5; 27.04.20
"История, археология и этнография Кавказа 2618-849Х,",2618-6772,5.6.1; 5.6.3; 5.6.4; 01.02.20
История государства и права,1812-3805,12.00.01; 28.12.20; 16.10.20; 5.1.1; 23.09.20
История и педагогика естествознания,2226-2296,5.6.6; 5.6.6; 5.6.6; 01.02.20
История и архивы,2658-6541,5.6.1; 5.6.2; 5.6.5; 5.6.8; 01.02.20
ИСТОРИЯ И СОВРЕМЕННОЕ МИРОВОЗЗРЕНИЕ / HISTORY AND MODERN PERSPECTIVES,2658-4654,23.00.05; 05.04.20; 16.10.20; 5.6.1; 5.6.2; 5.6.3; 5.6.4; 5.6.5; 5.6.6; 5.6.7; 01.02.20; 5.6.8; 21.02.20; 30.10.20
"История. Культурология. Политология (до 30.10.2024 наименование в Перечне «Гуманитарные, социально-экономические и общественные науки. Серия: Исторические науки. Культурология. Политические науки» ISSN",2686-8350,
История медицины,2311-6919,14.02.03; 28.12.20; 16.10.20; 5.6.6; 5.6.6; 5.6.6; 01.02.20
История науки и техники,1813-100X,17.00.04; 17.00.09; 28.12.20; 16.10.20; 5.6.1; 5.6.2; 5.6.3; 5.6.4; 5.6.5; 5.6.6; 01.02.20
История повседневности,2542-2375,5.6.1; 5.6.4; 5.6.5; 30.06.20
История философии / History of Philosophy,2074-5869,5.7.2; 01.02.20
История: Факты и Символы,2410-4205,5.6.1; 5.6.3; 01.02.20; 05.09.02; 28.12.20; 16.10.20; 2.4.1; 20.03.20
Казанская наука,2078-9955,10.01.01; 10.01.10; 10.02.01; 10.02.04; 10.02.19; 28.12.20; 16.10.20; 5.8.2; 5.8.3; 5.8.7; 5.9.1; 5.9.5; 5.9.6; 5.9.8; 5.9.9; 27.06.20
Казанский лингвистический журнал,2658-3321,5.8.1; 5.8.2; 5.8.7; 30.06.20; 5.9.1; 5.9.2; 5.9.6; 5.9.8
Казанский медицинский журнал,0368-4814,14.01.21; 14.02.03; 14.02.05; 14.02.06; 14.03.01; 14.03.09; 14.03.09; 28.12.20; 16.10.20; 3.1.6; 3.1.9; 3.1.11; 3.1.20; 3.2.1; 3.2.1; 3.2.4; 3.3.1; 3.3.2; 3.3.2; 3.3.3
Казанский социально- гуманитарный вестник,2079-5912,22.00.03; 28.12.20; 16.10.20; 5.4.4; 5.4.5; 5.4.5; 01.02.20; 5.7.1; 5.7.7; 5.7.9; 29.03.20
Казанский экономический вестник,2305-4212,08.00.05; 26.03.20; 16.10.20; 08.00.12; 5.2.1; 5.2.4; 01.02.20
Кантовский сборник,0207-6918,5.7.1; 5.7.2; 5.7.3; 5.7.4; 5.7.5; 5.7.6; 5.7.7; 5.7.8; 5.7.9; 01.02.20
Карантин растений. Наука и практика,2306-9767,06.01.07; 12.02.20; 16.10.20; 1.5.9; 1.5.14; 01.02.20
Кардиоваскулярная терапия и профилактика,1728-8800,3.1.1; 3.1.18; 3.1.20; 3.1.20; 3.1.25; 3.1.33; 3.1.33; 5.8.2; 5.8.7; 15.02.20; 3.2.3; 11.12.20
Кардиологический вестник - бюллетень Российского кардиологического научно- производственного комплекса,2077-6764,14.01.13; 28.12.20; 16.10.20; 1.5.4; 1.5.22; 3.1.15; 3.1.20; 01.02.20; 3.1.1; 3.1.25; 13.10.20
Кардиология и сердечно- сосудистая хирургия,1996-6385,3.1.9; 01.02.20; 3.1.15; 3.1.20; 13.07.20
"Кардиология: новости, мнения, обучение",2309-1908,3.1.15; 3.1.20; 3.1.28; 01.02.20
Картофель и овощи,0022-9148,06.01.05; 06.01.05; 06.01.09; 06.01.09; 28.12.20; 16.10.20; 06.01.07; 06.01.07; 01.07.20; 16.10.20; 4.1.1; 01.02.20; 4.1.2; 4.1.3; 15.02.20; 4.1.3; 4.1.4; 23.00.01; 28.12.20; 16.10.20
Катарактальная и рефракционная хирургия,2413-0338,3.1.5; 01.02.20
Каучук и резина,0022-9466,1.4.7; 1.4.7; 2.6.6; 2.6.6; 2.6.11; 2.6.11; 2.6.17; 2.6.17; 11.12.20
Кафедра травматологии и ортопедии,2226-2016,3.1.8; 01.02.20
Качественная Клиническая Практика,2588-0519,3.1.18; 3.3.6; 3.3.6; 01.02.20
Качество и жизнь,2312-5209,05.02.02; 05.02.11; 05.02.18; 05.02.22; 05.02.23; 05.22.13; 05.22.14; 26.03.20; 16.10.20; 2.5.3; 2.5.4; 2.5.5; 2.5.7; 2.5.8; 01.02.20; 2.9.2; 01.02.20; 21.06.20; 1.2.2; 2.5.13
Качество. Инновации. Образование,1999-513X,05.27.06; 28.12.20; 16.10.20; 05.02.22; 05.02.23; 21.11.20; 16.10.20; 2.2.15; 01.02.20; 2.2.16; 2.2.2; 2.5.22; 22.05.20
Квантовая электроника,0368-7147,1.3.6; 1.3.6; 1.3.8; 1.3.8; 1.3.9; 1.3.9; 1.3.16; 1.3.16; 1.3.19; 1.3.19; 2.2.7; 2.2.7; 11.12.20
Клеточная терапия и трансплантология,1866-8836,1.5.7; 3.1.6; 3.1.6; 3.1.14; 3.1.14; 3.1.28; 3.1.28; 3.3.8; 3.3.8; 25.09.20
Клиническая геронтология,1607-2499,14.01.28; 28.12.20; 16.10.20; 3.1.18; 3.1.20; 3.1.24; 3.1.27; 3.1.31; 01.02.20
Клиническая дерматология и венерология,1997-2849,14.03.09; 28.12.20; 16.10.20; 3.1.23; 3.1.33; 3.3.8; 01.02.20; 3.2.7; 13.10.20
Клиническая и специальная психология,2304-0394,19.00.04; 19.00.13; 28.12.20; 16.10.20; 5.3.7; 5.3.8; 15.02.20; 5.3.6; 12.02.20
Клиническая и экспериментальная морфология,2226-5988,1.5.22; 3.3.2; 01.02.20
Клиническая и экспериментальная тиреоидология,1995-5472,
Клиническая и экспериментальная хирургия. Журнал им. акад. Б.В. Петровского,2308-1198,3.1.9; 3.1.15; 01.02.20; 1.5.7; 22.11.20; 3.1.14; 3.3.2
Клиническая лабораторная диагностика,0869-2084,1.5.11; 1.5.11; 3.2.7; 3.2.7; 3.3.8; 3.3.8; 11.12.20
Клиническая медицина,0023-2149,3.1.9; 3.1.15; 3.1.18; 3.1.19; 3.1.20; 3.1.22; 3.1.24; 3.1.27; 3.1.28; 3.1.29; 3.1.30; 3.1.32; 13.07.20
Клиническая микробиология и антимикробная химиотерапия,1684-4386,14.03.07; 14.03.07; 26.03.20; 16.10.20; 14.02.02; 14.02.02; 14.03.03; 14.03.03; 14.03.04; 14.04.01; 26.03.20; 08.12.20; 14.04.02; 14.04.02; 14.04.03; 14.03.09; 09.12.20; 16.10.20; 1.5.11; 1.5.11
Клиническая нефрология,2075-3594,3.1.18; 3.1.20; 3.1.32; 01.02.20
Клиническая онкогематология. Фундаментальные исследования и клиническая практика,1997-6933,14.03.09; 14.03.07; 14.03.07; 03.03.03; 14.03.09; 26.03.20; 16.10.20; 3.1.28; 1.5.5; 3.3.2; 01.02.20; 3.3.2; 3.3.6; 3.3.6; 3.3.8; 3.3.8; 1.5.3; 1.5.7; 3.1.6; 3.1.6
Клиническая практика,2220-3095,14.01.13; 14.03.09; 28.12.20; 16.10.20; 3.1.5; 3.1.6; 3.1.7; 3.1.8; 3.1.9; 3.1.15; 3.1.20; 3.1.24; 3.1.29; 3.1.33; 3.3.8; 3.3.8; 01.02.20; 1.5.4; 3.1.25; 3.2.7
Клиническая стоматология,1811-153X,3.1.7; 01.02.20; 1.5.11; 3.1.2; 3.3.1; 26.01.20
Клиническая фармакология и терапия,0869-5490,3.1.18; 3.1.20; 3.1.32; 3.3.6; 01.02.20
Клиническая физиология кровообращения,1814-6910,14.01.13; 28.12.20; 16.10.20; 3.1.12; 3.1.15; 3.1.18; 3.1.20; 01.02.20
Клинический вестник ФГБУ ГНЦ ФМБЦ им. А.И. Бурназяна ФМБА России,2782-6430,3.1.6; 3.1.9; 3.1.18; 3.1.33; 10.06.20
Клинический разбор в общей медицине,2713-2552,3.1.18; 3.1.20; 3.1.24; 17.06.20; 3.1.4; 3.1.30; 10.06.20
Когнитивные исследования языка,2071-9639,10.01.03; 10.02.01; 10.02.04; 10.02.05; 10.02.19; 10.02.20; 26.03.20; 16.10.20; 5.9.2; 5.9.5; 5.9.6; 5.9.8; 5.9.9; 5.12.3; 20.12.20
Коллекция гуманитарных исследований,2500-3585,5.3.4; 5.3.5; 5.4.4; 30.10.20
Колопроктология,2073-7556,14.01.13; 28.12.20; 16.10.20; 14.01.28; 15.10.20; 16.10.20; 3.1.6; 3.1.9; 3.1.11; 3.3.2; 01.02.20; 1.5.7; 1.5.7; 3.1.25; 3.1.30; 14.04.20; 05.18.01; 05.18.12; 06.02.05; 06.02.08
Коммуникативные исследования,2413-6162,10.01.01; 10.01.10; 10.02.01; 10.02.04; 10.02.19; 10.02.20; 10.02.21; 28.12.20; 16.10.20; 5.9.3; 01.02.20; 5.9.1; 5.9.5; 5.9.8; 5.9.9; 5.9.9; 07.03.20
Коммуникология,2311-3065,22.00.03; 23.00.01; 23.00.06; 24.00.01; 24.00.01; 28.12.20; 16.10.20; 5.4.1; 5.4.4; 5.4.5; 5.4.6; 5.4.7; 01.02.20; 5.5.2; 5.4.2; 5.4.2; 5.5.1; 5.9.9; 5.9.9; 5.9.9
Компетентность,1993-8780,05.02.22; 08.00.05; 26.03.20; 16.10.20; 2.2.4; 2.2.10; 01.02.20; 2.5.22; 5.2.3; 5.2.6; 26.01.20
Комплексные проблемы сердечно-сосудистых заболеваний,2306-1278,3.1.15; 3.1.18; 3.1.20; 01.02.20; 3.3.3; 3.3.3; 13.10.20; 3.2.3; 15.06.20
Компрессорная техника и пневматика,2413-3035,05.04.02; 05.04.06; 05.04.12; 05.04.13; 26.03.20; 16.10.20; 2.4.8; 01.02.20
Компьютерные инструменты в образовании,2071-2340,05.13.17; 05.13.17; 28.12.20; 16.10.20; 1.2.2; 2.3.5; 2.3.5; 01.02.20; 1.1.5; 1.1.6; 1.2.3; 2.3.8; 20.03.20
Компьютерные исследования и моделирование,2076-7633,01.01.02; 01.01.03; 01.01.09; 28.12.20; 16.10.20; 01.02.01; 01.02.08; 1.1.6; 1.1.8; 1.1.9; 01.02.20; 1.3.8; 1.4.1; 1.4.4; 1.4.6; 1.4.15; 01.02.20
Коневодство и конный спорт,0023-3285,06.02.06; 06.02.07; 06.02.10; 28.12.20; 16.10.20; 4.2.4; 4.2.5; 4.2.5; 1.5.5; 1.5.20; 20.03.20
Конкурентное право,2225-8302,12.00.03; 12.00.07; 28.12.20; 16.10.20; 5.1.3; 23.09.20; 5.1.2; 27.05.20
"Конкурентоспособность в глобальном мире: экономика, наука, технологии",2412-883X,5.2.1; 5.2.3; 5.2.5; 23.11.20
Конституционное и муниципальное право,1812-3767,12.00.02; 28.12.20; 16.10.20; 5.1.2; 23.09.20
Конструкции из композиционных материалов – межотраслевой научно- технический журнал,2073-2589,05.07.07; 05.17.06; 26.03.20; 16.10.20; 2.5.13; 2.5.14; 2.5.15; 2.6.5; 2.6.14; 01.02.20; 2.6.11; 07.03.20
Консультативная психология и психотерапия,2075-3470,19.00.01; 19.00.04; 19.00.04; 28.12.20; 16.10.20; 3.2.5; 01.02.20; 5.3.1; 5.3.6; 5.3.7; 26.01.20
Контекст и рефлексия: философия о мире и человеке,2223-5485,5.7.1; 5.7.2; 5.7.3; 5.7.4; 5.7.6; 5.7.7; 5.7.8; 5.7.9; 01.02.20; 30.03.20
Контроллинг,1998-6157,08.00.05; 08.00.13; 26.03.20; 16.10.20; 5.2.2; 5.2.3; 5.2.6; 21.02.20
Контроль. Диагностика,0201-7032,05.02.11; 05.02.23; 05.11.06; 05.11.10; 05.11.14; 28.12.20; 16.10.20; 2.2.4; 01.02.20; 2.2.6; 2.2.8; 2.2.10; 2.2.11; 2.2.12; 2.5.8; 2.5.9; 2.5.22; 15.02.20
Контроль качества продукции,2541-9900,05.02.23; 26.12.20; 16.10.20; 2.5.22; 22.11.20; 5.2.3; 17.07.20
"Контуры глобальных трансформаций: политика, экономика, право",2542-0240,23.00.01; 28.12.20; 16.10.20; 5.2.5; 5.5.2; 5.5.4; 01.02.20
Конфликтология,1818-1198,23.00.06; 28.12.20; 16.10.20; 5.4.4; 5.7.7; 01.02.20
Конфликтология / nota bene,2454-0617,23.00.05; 23.00.06; 12.02.20; 16.10.20; 5.5.4; 5.6.7; 01.02.20; 5.5.1; 5.5.2; 5.5.3; 21.02.20
Копирайт (вестник Академии интеллектуальной собственности),2307-2741,08.00.05; 12.00.03; 28.12.20; 16.10.20; 5.1.3; 5.2.3; 28.11.20
"Концепт: философия, религия, культура",2541-8831,24.00.01; 12.02.20; 16.10.20; 24.00.01; 18.07.20; 16.10.20; 5.7.8; 5.7.9; 01.02.20; 5.10.1; 5.10.1; 20.12.20
Кормление сельскохозяйственных животных и кормопроизводство,2075-1524,06.02.08; 06.02.08; 28.12.20; 16.10.20; 06.02.10; 06.02.10; 4.2.4; 4.2.4; 13.10.20
Кормопроизводство,1562-0417,05.02.13; 06.01.05; 06.01.06; 06.01.07; 06.02.08; 28.12.20; 16.10.20; 4.1.1; 01.02.20; 4.1.2; 4.2.4; 11.04.20
"Корпоративное управление и инновационное развитие экономики Севера: Вестник Научно-исследовательского центра корпоративного права, управления и венчурного инвестирования Сыктывкарского государственного университета",2070-4992,08.00.05; 28.12.20; 16.10.20; 5.2.4; 01.02.20; 5.2.3; 20.12.20; 5.2.6
Корпоративные финансы,2073-0438,08.00.05; 28.12.20; 16.10.20; 5.2.1; 5.2.4; 01.02.20
Космическая техника и технологии,2308-7625,05.07.06; 05.07.07; 05.07.10; 26.03.20; 16.10.20; 2.3.1; 2.5.12; 2.5.13; 2.5.14; 2.5.15; 2.5.16; 01.02.20
Космические аппараты и технологии,2618-7957,01.02.06; 05.07.06; 05.07.07; 05.07.10; 11.07.20; 16.10.20; 1.1.8; 01.02.20; 1.1.9; 2.2.14; 2.2.15; 2.2.16; 2.5.13; 2.5.16; 2.2.13; 2.5.6; 2.5.12; 2.5.14; 2.5.15; 20.03.20
Космонавтика и ракетостроение,1994-3210,01.02.06; 05.07.06; 05.07.07; 05.07.10; 28.12.20; 16.10.20; 1.1.8; 1.1.9; 2.5.12; 2.5.13; 2.5.14; 01.02.20; 2.5.15; 2.5.16; 1.1.7; 1.1.8; 1.1.9; 13.10.20; 2.2.16; 01.02.20
Костюмология,2587-8026,05.19.01; 05.19.04; 05.19.05; 17.00.04; 17.00.06; 17.00.06; 12.02.20; 16.10.20; 2.6.16; 5.10.3; 11.04.20
Краткие сообщения Института археологии,0130-2620,5.6.3; 01.02.20
Креативная кардиология,1997-3187,14.01.13; 28.12.20; 16.10.20; 3.1.15; 3.1.18; 3.1.20; 01.02.20; 3.1.25; 13.10.20
Креативная хирургия и онкология,2076-3093,3.1.6; 3.1.9; 01.02.20
Креативная экономика,1994-6929,08.00.05; 28.12.20; 16.10.20; 5.2.1; 01.02.20; 14.02.03; 14.03.09; 28.12.20; 16.10.20; 14.01.06; 14.01.13; 15.10.20; 16.10.20; 3.1.3; 3.1.4; 3.1.6; 3.1.7; 3.1.8; 3.1.9; 3.1.11
Крестьяноведение,2500-1809,5.2.1; 5.4.2; 5.6.1; 21.02.20
КриминалистЪ,2686-7753,12.00.01; 12.00.02; 12.00.08; 12.00.09; 12.00.11; 12.00.12; 21.04.20; 16.10.20; 5.1.1; 5.1.2; 5.1.4; 08.02.20
"Криминалистика: вчера, сегодня, завтра",2587-9820,12.00.09; 12.00.12; 04.02.20; 16.10.20; 5.1.4; 23.09.20
Криминологический журнал,2687-0185,5.1.2; 5.1.4; 5.2.3; 01.11.20
Кролиководство и звероводство,0023-4885,06.02.01; 06.02.03; 06.02.06; 06.02.07; 06.02.08; 06.02.09; 06.02.10; 28.12.20; 16.10.20; 1.5.7; 1.5.10; 1.5.11; 1.5.20; 4.2.3; 01.02.20; 1.5.8; 1.5.24; 13.10.20; 4.2.4; 4.2.5
Крымский журнал экспериментальной и клинической медицины,2224-6444,
Крымский терапевтический журнал,2307-5236,14.01.28; 28.12.20; 16.10.20; 3.1.20; 3.1.29; 01.02.20; 3.1.30; 22.11.20
Кубанский научный медицинский вестник,1608-6228,14.01.13; 14.03.09; 28.12.20; 16.10.20; 14.02.03; 15.10.20; 16.10.20; 3.1.3; 3.1.4; 3.1.6; 3.1.7; 3.1.9; 3.1.12; 3.1.15; 3.1.18; 3.1.20; 3.1.21; 3.1.23; 3.1.24; 3.3.2
Кузнечно-штамповочное производство. Обработка материалов давлением,0234-8241,05.02.02; 05.02.11; 08.00.05; 28.12.20; 16.10.20; 2.5.5; 2.5.6; 2.5.7; 2.6.1; 2.6.4; 2.6.5; 2.6.6; 2.6.17; 01.02.20
Культура и безопасность,2712-8997,5.7.7; 5.10.1; 5.10.1; 20.02.20
Культура и искусство,2222-1956,17.00.05; 17.00.06; 17.00.09; 24.00.01; 28.12.20; 16.10.20; 5.7.1; 5.7.2; 5.7.3; 5.7.4; 5.7.5; 5.7.6; 5.7.7; 01.02.20; 5.7.8; 5.7.9; 5.10.2; 5.7.8; 5.7.9; 5.10.1
Культура и образование: научно-информационный журнал вузов культуры и искусств,2310-1679,13.00.05; 24.00.01; 24.00.01; 28.12.20; 16.10.20; 10.01.01; 04.02.20; 16.10.20; 5.8.1; 5.8.7; 5.9.3; 01.02.20; 5.8.2; 5.9.1; 5.9.2; 5.10.1; 5.10.1; 5.10.1; 20.03.20; 5.10.4
Культура и текст,2305-4077,10.01.01; 10.02.01; 10.02.04; 10.02.19; 24.00.01; 28.12.20; 16.10.20; 5.9.3; 5.9.4; 01.02.20; 5.9.1; 5.9.5; 5.9.6; 5.9.8; 5.10.1; 5.10.1; 21.02.20
Культура и цивилизация,2223-5426,24.00.01; 28.12.20; 16.10.20; 5.10.1; 5.10.1; 5.10.3; 29.03.20
Культура и цивилизация (Донецк),2522-9788,5.5.1; 5.5.1; 5.7.7; 30.03.20; 5.7.8; 5.7.8
Культура Мира,2949-2521,5.5.2; 5.10.1; 17.07.20
Культура физическая и здоровье,1999-3455,13.00.04; 28.12.20; 16.10.20; 3.1.33; 01.02.20; 5.8.4; 5.8.5; 5.8.6; 21.02.20
"Культура: управление, экономика, право",2070-2159,12.00.02; 12.00.12; 28.12.20; 16.10.20; 5.1.2; 23.09.20
Культурная жизнь Юга России,2070-075X,05.25.05; 17.00.01; 17.00.02; 17.00.03; 17.00.04; 17.00.05; 17.00.06; 28.12.20; 16.10.20; 17.00.09; 17.00.09; 24.00.01; 24.00.01; 24.00.01; 24.00.01; 5.10.2; 5.10.2; 5.10.2; 01.02.20; 5.10.1
Культурное наследие России,2308-2062,17.00.09; 24.00.01; 24.00.01; 28.12.20; 16.10.20; 5.6.1; 5.10.2; 01.02.20; 5.10.1; 5.10.1; 01.11.20
Культурно-историческая психология,1816-5435,19.00.05; 19.00.13; 28.12.20; 16.10.20; 5.3.1; 5.3.4; 01.02.20; 5.3.5; 5.3.7; 5.12.1; 5.12.1; 20.03.20; 5.3.6; 23.01.20
Культурный код,2658-3852,5.6.1; 5.6.5; 5.10.1; 5.10.1; 5.10.2; 5.10.3; 21.02.20
Кунсткамера,2618-8619,5.6.1; 5.6.3; 5.6.4; 5.6.5; 5.6.6; 5.10.2; 5.10.2; 01.02.20
Курортная медицина,2304-0343,3.1.33; 01.02.20
Культурологический журнал / Journal of Cultural Research,2222-2480,5.6.1; 5.6.3; 19.12.20; 5.10.1; 5.10.2
Лабораторная и клиническая медицина. Фармация,2712-9330,3.3.2; 3.3.2; 3.3.8; 3.3.8; 3.4.3; 12.03.20
Лабораторная служба,2305-2198,3.3.8; 01.02.20
Лабораторные животные для научных исследований,2618-723X,06.02.01; 06.02.01; 09.03.20; 16.10.20; 3.3.3; 3.3.3; 3.3.6; 3.3.6; 01.02.20; 4.2.1; 4.2.1; 07.12.20
Лазерная медицина,2071-8004,3.1.9; 01.02.20
Лакокрасочные материалы и их применение,0130-9013,1.4.3; 1.4.7; 01.02.20; 1.4.7; 2.6.9; 2.6.9; 14.12.20; 2.6.11; 2.6.11; 5.2.5; 5.5.2; 5.5.4; 5.6.2; 5.6.4; 5.6.7; 01.02.20
Латиноамериканский исторический альманах,2713-0282,5.5.1; 5.5.2; 5.5.4; 5.6.2; 5.6.5; 5.6.7; 27.03.20
Ленинградский юридический журнал,1813-6230,12.00.01; 12.00.02; 12.00.03; 12.00.04; 12.00.05; 12.00.06; 28.12.20; 16.10.20; 12.00.07; 12.00.08; 12.00.09; 12.00.10; 12.00.11; 12.00.12; 12.00.13; 12.00.14; 12.00.15; 5.1.1; 5.1.2; 5.1.3
Леса России и хозяйство в них,2218-7545,4.1.6; 4.1.6; 4.1.6; 4.3.4; 4.3.4; 26.01.20; 4.3.4; 11.05.20
Лесной вестник / Forestry bulletin (До 11.05.2017 г. наименование в Перечне «Вестник Московского государственного университета леса – Лесной вестник» ISSN,1727-3749,
Лесоведение,0024-1148,06.03.01; 06.03.02; 06.03.03; 28.12.20; 16.10.20; 1.5.9; 01.02.20; 1.5.11; 1.5.14; 1.5.15; 1.5.19; 1.5.20; 1.5.7; 4.1.6; 11.04.20
Лесотехнический журнал,2222-7962,05.21.01; 05.21.05; 06.03.01; 06.03.01; 06.03.02; 06.03.02; 06.03.03; 28.12.20; 16.10.20; 1.5.15; 01.02.20; 4.1.6; 4.1.6; 4.1.6; 4.3.4; 4.3.4; 17.06.20; 4.3.4
Лесохозяйственная информация,2304-3083,06.03.01; 06.03.02; 06.03.03; 28.12.20; 16.10.20; 1.5.14; 1.5.15; 01.02.20; 4.1.2; 4.1.3; 4.1.6; 07.12.20
Летняя школа по русской литературе,2307-5945,10.01.01; 28.12.20; 16.10.20; 5.9.3; 01.02.20; 5.9.1; 20.12.20
Лечащий врач,1560-5175,14.01.06; 14.01.28; 14.03.09; 28.12.20; 16.10.20; 3.1.3; 3.1.4; 3.1.18; 3.1.20; 01.02.20; 3.1.21; 3.1.22; 3.1.23; 3.1.24; 3.1.27; 3.1.29; 3.1.32; 3.1.19; 3.2.7; 11.04.20
Лечебная физкультура и спортивная медицина,2072-4136,3.1.33; 3.1.33; 3.3.7; 3.3.7; 01.02.20
Лечебное дело,2071-5315,14.02.03; 28.12.20; 16.10.20; 3.1.3; 3.1.4; 3.1.9; 3.1.18; 3.1.20; 3.1.21; 3.1.23; 3.1.24; 3.1.27; 3.1.29; 3.1.31; 01.02.20; 3.3.6; 3.1.30; 3.2.3; 15.06.20
Лечение и профилактика,2225-4064,3.1.4; 3.1.11; 3.1.19; 3.1.18; 3.1.21; 3.1.22; 01.02.20
Лидерство и менеджмент,2410-1664,08.00.05; 18.07.20; 16.10.20; 5.2.3; 5.2.6; 23.09.20
Лингвистика и образование,2712-9519,5.9.5; 5.9.6; 5.9.8; 27.03.20
Литейное производство,0024-449X,05.02.11; 05.02.22; 05.16.01; 05.16.02; 26.03.20; 16.10.20; 05.16.04; 2.6.1; 2.6.2; 2.6.3; 01.02.20
Литейщик России,1684-1085,2.6.3; 01.02.20; 05.02.20
Литература в школе / Literature at School (до 05.02.2021 наименование в Перечне «Литература в школе»),0130-3414,10.01.01; 10.01.02; 10.01.03; 13.00.05; 28.12.20; 16.10.20; 5.8.2; 5.9.3; 5.9.4; 01.02.20; 5.9.1; 5.9.2; 21.02.20
Литература двух Америк,2541-7894,5.9.2; 29.03.20
Литературный факт,2541-8297,5.9.1; 5.9.2; 25.04.20
Литературоведческий журнал,2073-5561,5.9.1; 5.9.2; 5.9.3; 20.12.20
"Личность в меняющемся мире: здоровье, адаптация, развитие",2307-9886,19.00.04; 12.02.20; 16.10.20; 3.2.5; 5.3.1; 5.8.7; 01.02.20; 5.8.2; 23.09.20; 5.3.6; 07.12.20; 5.3.6; 27.06.20
Личность. Культура. Общество,1606-951X,24.00.01; 28.12.20; 16.10.20; 5.4.1; 5.4.4; 5.4.6; 5.4.7; 5.7.1; 5.7.2; 5.7.7; 5.7.8; 5.10.2; 01.02.20
ЛОББИРОВАНИЕ В ЗАКОНОДАТЕЛЬСТВЕ / LOBBYING IN THE LEGISLATIVE PROCESS,2782-7372,
Логистика и управление цепями поставок,1727-6349,08.00.05; 28.12.20; 16.10.20
"Локус: люди, общество, культуры, смыслы",2219-3987,23.00.01; 23.00.03; 23.00.05; 23.00.06; 28.12.20; 16.10.20; 5.5.2; 01.02.20; 5.5.4; 5.6.1; 5.6.2; 5.6.5; 5.6.7; 5.4.5; 5.5.1; 5.5.3; 21.02.20
Лучевая диагностика и терапия,2079-5343,14.01.13; 28.12.20; 16.10.20; 3.1.6; 3.1.18; 3.1.20; 3.3.3; 01.02.20; 3.1.10; 3.1.25; 22.11.20
Магарач. Виноградарство и виноделие.,2309-9305,05.18.01; 06.01.08; 28.12.20; 16.10.20; 06.01.05; 06.01.07; 28.02.20; 16.10.20; 4.1.2; 4.1.3; 15.02.20; 4.1.3; 4.1.4; 4.3.3
Мануальная терапия,1684-6753,3.1.24; 3.1.33; 3.1.33; 01.02.20
Манускрипт,2949-3242,5.6.1; 5.6.2; 5.6.5; 5.7.1; 5.7.3; 5.7.7; 5.7.8; 5.7.9; 5.10.1; 5.10.3; 27.05.20; 09.06.20
"Манускрипт (До 09.06.2018 г. наименование в Перечне «Исторические, философские, политические и юридические науки, культурология и искусствоведение. Вопросы теории и практики» ISSN 1997- 292Х)",2618-9690,07.00.02; 09.00.01; 09.00.03; 09.00.04; 09.00.05; 09.00.08; 09.00.11; 28.12.20; 22.11.20; 09.00.13; 09.00.14; 17.00.01; 17.00.02; 17.00.04; 17.00.06; 17.00.09; 07.00.03; 07.00.07; 07.00.09; 07.00.15
Маркетинг в России и за рубежом,1028-5849,08.00.05; 28.12.20; 16.10.20; 5.2.3; 5.2.6; 01.11.20
Маркетинг и маркетинговые исследования,2074-5095,08.00.05; 28.12.20; 16.10.20; 5.2.3; 21.02.20
Маркшейдерия и недропользование,2079-3332,2.8.3; 2.8.4; 2.8.6; 01.02.20; 1.6.21; 2.8.7; 2.8.8; 2.8.9; 29.03.20
Маркшейдерский вестник,2073-0098,25.00.22; 24.03.20; 16.10.20; 2.8.3; 19.10.20; 1.6.22; 2.8.6; 01.02.20; 15.07.20; 06.01.04; 06.01.05; 06.01.05; 06.01.07; 06.01.07; 28.12.20; 16.10.20; 4.1.1; 4.1.1; 01.02.20; 4.1.2
Математика в школе,0130-9358,5.8.1; 01.02.20; 5.8.2
Математика и математическое моделирование,2412-5911,01.01.02; 01.01.06; 01.01.09; 05.13.12; 05.13.17; 28.12.20; 16.10.20; 1.1.1; 1.1.6; 1.2.2; 1.3.2; 1.3.3; 1.3.6; 1.3.7; 1.3.8; 2.3.1; 2.3.6; 01.02.20
Математические вопросы криптографии,2220-2617,01.01.06; 01.01.09; 26.03.20; 16.10.20; 1.1.5; 25.01.20; 2.3.6; 2.3.6; 1.1.4; 01.02.20
Математические заметки СВФУ,2411-9326,01.01.02; 01.01.06; 01.01.09; 28.12.20; 16.10.20; 1.1.1; 1.1.3; 1.1.6; 1.2.2; 1.2.2; 01.02.20
Математическое моделирование и численные методы,2309-3684,01.02.06; 01.02.08; 26.03.20; 16.10.20; 1.1.8; 1.1.9; 1.2.2; 2.3.1; 2.5.12; 2.5.14; 01.02.20; 2.5.16; 1.1.8; 1.1.9; 1.2.2; 2.3.1; 26.01.20; 25.01.20
Математическая физика и компьютерное моделирование (До 25.01.2018 г. наименование в Перечне «Вестник Волгоградского государственного университета. Серия 1. Математика. Физика» ISSN,2222-8896,
Мать и дитя в Кузбассе,1991-010X,3.1.4; 3.1.21; 01.02.20
Машиностроение и инженерное образование,1815-1051,01.02.06; 05.02.02; 26.03.20; 16.10.20; 1.1.8; 01.02.20; 1.1.7; 20.03.20; 1.2.2; 2.3.3; 2.5.2; 2.5.3; 2.5.4; 2.5.6; 2.5.21; 2.6.1; 2.6.5; 2.6.17; 05.02.02; 05.02.13
Медиалингвистика,2312-0274,5.9.9; 5.9.9; 5.9.9; 29.03.20
Меди@льманах,1992-4631,10.01.10; 28.12.20; 16.10.20; 5.9.9; 5.9.9; 5.9.9; 5.9.9; 20.12.20
Медико-биологические и социально психологические проблемы безопасности в чрезвычайных ситуациях,1995-4441,05.26.02; 05.26.02; 14.02.03; 28.12.20; 16.10.20; 3.1.8; 3.1.9; 3.2.1; 3.2.6; 01.02.20
Медико-социальная экспертиза и реабилитация,1560-9537,14.02.03; 14.02.06; 28.12.20; 16.10.20; 3.1.6; 3.1.18; 3.1.31; 3.1.33; 3.3.5; 01.02.20
Медико-социальные проблемы семьи,1608-876X,3.1.4; 3.1.13; 3.1.18; 3.1.19; 3.1.21; 3.1.22; 3.2.3; 5.3.6; 09.12.20
Медицина в Кузбассе,2687-0053,3.3.2; 3.3.3; 01.02.20; 3.1.9; 3.2.1; 3.2.1; 3.2.4; 3.2.4; 3.3.2; 3.3.3; 13.10.20
Медицина и высокие технологии,2306-3645,05.11.10; 05.11.14; 28.12.20; 16.10.20; 05.11.18; 2.2.4; 2.2.6; 2.2.11; 2.2.12; 3.3.3; 3.3.6; 3.3.8; 01.02.20; 3.3.3; 3.3.6; 3.3.6; 3.3.8; 13.10.20
Медицина катастроф,2070-1004,3.1.9; 3.2.6; 01.02.20; 15.10.20
МЕДИЦИНА. СОЦИОЛОГИЯ. ФИЛОСОФИЯ. ПРИКЛАДНЫЕ ИССЛЕДОВАНИЯ (до 15.10.2019 г. наименование в Перечне «Фундаментальные аспекты психического здоровья» ISSN,2499-9652,
Медицина труда и промышленная экология,1026-9428,1.5.15; 3.2.1; 3.2.1; 3.2.4; 3.2.4; 3.3.7; 07.12.20
Медицина труда и экология человека,2411-3794,3.2.1; 01.02.20; 3.2.4; 3.2.4; 07.12.20
Медицина экстремальных ситуаций,2306-6326,3.1.7; 3.1.9; 3.1.33; 3.2.1; 3.2.4; 3.3.3; 3.3.3; 3.3.4; 3.3.6; 3.3.7; 3.3.7; 01.02.20; 3.3.8; 3.3.8
Медицинская визуализация,1607-0763,14.01.13; 28.12.20; 16.10.20; 3.1.25; 13.10.20
Медицинская генетика,2073-7998,1.5.7; 1.5.7; 3.1.6; 3.1.20; 3.3.8; 3.3.8; 01.02.20
Медицинская иммунология,1563-0625,03.03.03; 03.03.03; 14.03.09; 14.03.09; 28.12.20; 16.10.20; 3.3.8; 3.3.8; 01.02.20; 1.5.3; 3.2.7; 3.2.7; 3.3.6; 15.02.20
Медицинская наука и образование Урала,1814-8999,14.02.05; 14.02.06; 28.12.20; 16.10.20; 3.1.4; 3.1.9; 3.1.18; 3.1.19; 3.1.20; 3.1.21; 01.02.20; 3.1.29; 3.2.1; 3.2.2; 3.2.4; 3.3.1; 3.3.2; 3.3.3; 3.3.4; 3.3.5
Медицинская паразитология и паразитарные болезни,0025-8326,1.5.17; 1.5.14; 01.02.20; 1.5.17; 3.1.22; 3.2.2; 3.2.2; 20.05.20
Медицинская радиология и радиационная безопасность,1024-6177,05.26.05; 28.12.20; 16.10.20
Медицинская физика,1810-200X,1.3.2; 1.3.12; 1.3.18; 1.3.19; 01.02.20
Медицинские технологии. Оценка и выбор (MEDICAL,2219-0678,14.02.03; 28.12.20; 16.10.20; 3.1.6; 3.1.9; 3.1.18; 3.1.20; 3.3.6; 01.02.20; 3.2.3; 15.02.20
Медицинский академический журнал,1608-4101,14.01.01; 14.01.04; 14.01.05; 14.01.06; 14.01.09; 14.01.11; 14.01.15; 14.01.16; 14.01.17; 14.01.18; 14.01.27; 14.01.28; 28.12.20; 08.12.20; 03.01.07; 03.01.08; 03.03.03; 03.03.03; 14.03.09; 14.03.09
Медицинский алфавит,2078-5631,14.01.06; 14.03.09; 28.12.20; 16.10.20; 14.01.13; 14.01.28; 18.11.20; 16.10.20; 3.1.4; 3.1.6; 3.1.7; 3.1.9; 3.1.18; 3.1.20; 3.1.23; 3.1.24; 01.02.20; 3.1.27; 3.1.29; 3.2.1
Медицинский альманах,1997-7689,14.02.03; 28.12.20; 16.10.20; 3.1.4; 3.1.11; 3.1.19; 3.1.20; 3.1.24; 3.2.2; 3.4.3; 01.02.20; 3.1.7; 3.1.9; 3.1.18; 25.05.20; 3.1.2; 3.1.23; 22.05.20
Медицинский альянс,2307-6348,3.1.7; 3.1.8; 3.1.9; 3.1.20; 3.1.26; 3.1.29; 01.02.20; 3.1.25; 3.3.3; 3.3.3; 17.06.20
Медицинский вестник Башкортостана,1999-6202,14.01.06; 14.01.13; 14.03.09; 28.12.20; 16.10.20; 3.1.4; 3.1.5; 3.1.6; 3.1.7; 3.1.9; 3.1.11; 3.1.13; 3.1.15; 3.1.18; 3.1.20; 3.1.21; 3.1.22; 3.3.1; 3.3.2; 3.3.3
Медицинский вестник ГВКГ им. Н.Н. Бурденко / Medical Bulletin of Main Millitary Clinical Hospital named after N.N. Burdenko,2782-1730,3.1.5; 3.1.6; 3.1.8; 3.1.9; 3.1.10; 3.1.12; 3.1.18; 3.1.20; 3.1.23; 3.1.25; 3.1.28; 3.1.29; 3.3.8; 15.02.20
Медицинский вестник МВД,2073-8080,14.01.13; 14.02.03; 28.02.20; 16.10.20; 3.1.8; 3.1.9; 3.1.12; 3.1.18; 3.1.20; 3.1.23; 3.1.33; 3.3.5; 01.02.20; 3.1.13; 09.02.20; 3.1.17; 3.1.25; 3.2.3; 3.1.2; 3.2.7
Медицинский вестник Национальной академии наук Таджикистана,2791-0687,1.5.5; 3.1.4; 3.1.6; 3.1.6; 3.1.7; 3.1.8; 3.1.9; 3.1.15; 3.1.18; 3.1.20; 3.1.20; 3.1.22; 3.1.22; 3.1.23; 3.1.24; 3.1.30; 3.1.32; 15.02.20
Медицинский вестник Юга России,2219-8075,
Медицинский оппонент,2619-0001,3.1.4; 3.1.6; 3.1.18; 3.1.20; 3.1.21; 3.1.22; 3.1.30; 3.2.7; 25.01.20; 14.03.09; 28.12.20; 16.10.20; 14.01.28; 08.04.20; 16.10.20; 3.1.3; 3.1.4; 3.1.6; 3.1.18; 3.1.19
Медицинское образование и профессиональное развитие,2220-8453,14.02.03; 28.12.20; 16.10.20; 5.8.7; 11.07.20
Медлайн.Ру (Medline.Ru),1999-6314,1.5.2; 3.1.3; 3.1.5; 3.1.6; 3.1.8; 3.1.9; 3.1.10; 3.1.15; 3.1.28; 3.3.2; 3.3.4; 3.3.6; 01.02.20
Междисциплинарный научно- практический журнал ЖИЗНЬ ЗЕМЛИ,0514-7468,25.00.01; 03.07.20; 16.10.20; 1.5.15; 1.6.2; 1.6.2; 1.6.12; 5.10.2; 5.10.2; 01.02.20; 1.6.1; 1.6.4; 1.6.14; 1.6.14; 1.6.14; 5.6.6; 5.6.6; 15.02.20
Международная аналитика,2587-8476,5.4.5; 5.4.5; 5.5.1; 5.5.2; 5.5.4; 5.6.7; 08.02.20
Международная жизнь,0130-9625,12.00.10; 12.00.13; 23.00.06; 28.12.20; 16.10.20; 5.5.4; 5.6.1; 5.6.2; 5.6.7; 01.02.20; 5.1.5; 5.5.2; 01.11.20
Международная торговля и торговая политика,2410-7395,08.00.05; 28.12.20; 16.10.20; 5.2.5; 01.02.20
Международная экономика,2074-6040,08.00.05; 08.00.12; 08.00.13; 26.03.20; 16.10.20; 5.2.1; 5.2.4; 5.2.5; 01.02.20; 5.2.3; 20.12.20
Международное аналитическое обозрение АЛИТинформ: Цемент. Бетон. Сухие смеси,1998-1295,2.1.5; 2.6.14; 01.02.20
Международное право,2306-9899,12.00.10; 28.12.20; 16.10.20; 5.1.5; 21.02.20
Международное право и международные организации / International Law and International Organizations,2226-6305,12.00.01; 12.00.02; 12.00.03; 12.00.04; 12.00.05; 12.00.06; 28.12.20; 16.10.20; 12.00.07; 12.00.08; 12.00.09; 12.00.10; 12.00.11; 12.00.12; 12.00.13; 12.00.14; 12.00.15; 5.1.2; 5.1.4; 5.1.5
Международное правосудие,2226-2059,12.00.02; 12.00.03; 12.00.10; 12.00.11; 28.12.20; 16.10.20; 5.1.5; 01.11.20
Международное публичное и частное право,1812-3910,12.00.03; 28.12.20; 16.10.20; 12.00.08; 12.00.10; 5.1.3; 5.1.4; 5.1.5; 01.11.20
Международное уголовное право и международная юстиция,2071-1190,12.00.10; 28.12.20; 16.10.20; 12.00.08; 12.00.09; 12.00.12; 18.07.20; 16.10.20; 5.1.4; 21.02.20
Международные отношения,2454-0641,5.6.2; 5.6.7; 01.02.20
Международные процессы. Журнал мировой политики и международных отношений,1728-2756,23.00.03; 23.00.05; 26.03.20; 16.10.20; 5.2.5; 5.5.2; 5.5.4; 5.6.1; 5.6.2; 01.02.20; 5.6.4; 5.6.5; 5.6.7; 5.5.1; 5.5.1; 5.5.3; 21.02.20
Международный аспирантский вестник. Русский язык за рубежом.,2074-1154,10.01.01; 10.02.01; 28.12.20; 16.10.20; 5.8.2; 01.02.20; 5.9.5; 5.9.8; 21.02.20
Международный бухгалтерский учет,2073-5081,08.00.12; 28.12.20; 16.10.20; 5.2.5; 01.02.20; 5.2.3; 21.02.20
Международный вестник ветеринарии,2072-2419,06.02.01; 06.02.01; 06.02.03; 06.02.03; 06.02.04; 06.02.04; 06.02.05; 28.12.20; 16.10.20; 06.02.05; 06.02.06; 06.02.06; 06.02.07; 06.02.08; 06.02.10; 1.5.5; 1.5.17; 1.5.17; 4.2.3; 4.2.3
"Международный журнал ""Свободная мысль""",0869-4435,23.00.01; 28.12.20; 16.10.20; 23.00.03; 5.2.1; 5.2.4; 5.2.5; 5.5.4; 5.6.1; 5.6.2; 5.6.7; 01.02.20
Международный журнал интервенционной кардиоангиологии,1727-818X,3.1.1; 3.1.15; 3.1.20; 3.1.20; 3.1.25; 26.01.20
Международный журнал исследований культуры,2079-1100,17.00.02; 17.00.03; 17.00.04; 17.00.06; 17.00.09; 24.00.01; 24.00.01; 24.00.01; 28.12.20; 16.10.20; 5.7.3; 5.7.8; 5.10.2; 5.10.2; 01.02.20; 5.10.1; 5.10.1; 21.02.20; 5.10.1; 5.10.3
Международный журнал сердца и сосудистых заболеваний,2311-1623,
Международный журнал по иммунореабилитации,1562-3629,14.03.09; 14.03.09; 28.12.20; 16.10.20; 3.1.29; 3.2.2; 01.02.20; 22.03.20
"Международный информационно-аналитический журнал «Crede Experto: транспорт, общество, образование, язык»",2312-1327,05.22.13; 05.22.14; 10.02.04; 10.02.05; 10.02.19; 22.12.20; 16.10.20; 2.9.4; 5.8.1; 5.8.2; 5.8.7; 01.02.20; 2.9.6; 5.9.6; 5.9.8; 13.10.20
"Международный научно- аналитический журнал «Евразийское пространство: экономика, право, общество»",2687-1084,08.00.05; 21.04.20; 16.10.20; 5.2.1; 5.2.5; 01.02.20; 5.2.3; 5.2.4; 23.04.20
Международный научно- исследовательский журнал «Проблемы рыночной экономики»,2500-2325,08.00.05; 18.03.20; 16.10.20; 5.2.5; 01.02.20; 5.2.3; 21.02.20
"Международный научно- практический журнал ""Вестник МИРБИС""",2411-5703,08.00.05; 28.12.20; 16.10.20; 5.4.4; 5.7.2; 01.02.20; 5.2.3; 20.07.20
Международный научно- практический журнал «Гематология Трансфузиология Восточная Европа»,2411-8966,3.1.6; 3.1.28; 01.02.20; 24.11.20
Международный научно- практический журнал «Евразийская оториноларингология и аудиология» (до 24.11.2025 г. наименование в Перечне «Оториноларингология. Восточная Европа» ISSN,2226-3322,
Международный научно- практический журнал «Право и цифровая экономика» / International research and practice,2618-8198,5.1.2; 29.03.20; 5.1.3
Международный научно- практический журнал Экономика и качество систем связи,2500-1833,2.2.13; 2.2.13; 2.2.14; 2.2.14; 2.2.15; 2.2.15; 2.3.1; 2.3.5; 2.3.6; 2.3.8; 5.2.3; 5.2.4; 5.2.6; 11.12.20
Международный научный вестник,2782-3849,5.1.4; 5.1.5; 27.05.20
Международный научный журнал,1995-4638,08.00.05; 08.00.13; 12.02.20; 16.10.20; 5.2.4; 5.2.5; 5.8.2; 5.8.7; 01.02.20; 5.2.2; 5.2.3; 5.2.6; 19.12.20
Международный правовой курьер,2413-3140,12.00.01; 12.00.03; 12.00.10; 28.12.20; 16.10.20; 5.1.1; 5.1.3; 5.1.5; 21.02.20
Международный правовой курьер (International legal Courier),2311-4525,12.00.01; 12.00.03; 12.00.10; 28.12.20; 16.10.20; 5.6.5; 5.6.7; 01.02.20
Международный рецензируемый научно- теоретический журнал «Проблемы искусственного интеллекта»,2413-7383,1.2.1; 1.2.1; 1.2.2; 1.2.3; 2.3.1; 25.09.20; 2.3.3; 2.3.5; 2.3.6; 2.3.8; 2.5.4
Международный сельскохозяйственный журнал,2587-6740,
Международный технический журнал (до 26.09.2023 наименование издания в Перечне «Международный технико- экономический журнал» ISSN,1995-4646,
"Международный электронный научно-образовательный журнал ""Architecture and Modern Information Technologies"" (""Архитектура и современные информационные технологии"")",1998-4839,2.1.11; 2.1.12; 2.1.13; 01.02.20
Международный электронный научный журнал «Социальные и экономические системы»,2618-7035,5.2.2; 5.2.3; 5.2.4; 5.2.6; 23.11.20
Мелиорация и водное хозяйство,0235-2524,05.23.07; 28.12.20; 16.10.20; 06.01.02; 06.01.02; 2.1.6; 4.1.5; 4.1.5; 07.12.20; 28.09.20
Мелиорация и гидротехника/Land Reclamation and Hydraulic Engineering (До 28.09.2021 г. наименование в Перечне «Научный журнал Российского НИИ проблем мелиорации» ISSN,2222-1816,
Менеджер здравоохранения,1811-0185,14.02.03; 28.12.20; 16.10.20; 3.2.3; 26.01.20; 3.3.9; 3.3.9
Менеджмент в России и за рубежом,1028-5857,08.00.05; 28.12.20; 16.10.20; 5.2.5; 5.2.6; 21.02.20
Менеджмент и бизнес- администрирование,2075-1826,08.00.05; 28.12.20; 16.10.20; 5.2.4; 01.02.20; 5.2.3; 5.2.6; 23.09.20
Менеджмент качества в медицине,2658-5898,3.2.3; 5.2.6; 20.12.20; 3.3.9; 11.12.20
Местное право,2075-1788,12.00.02; 28.12.20; 16.10.20; 5.1.1; 5.1.2; 5.4.7; 20.03.20
Металлические конструкции,1993-3517,2.1.1; 2.1.9; 10.06.20
Металловедение и термическая обработка металлов,0026-0819,1.3.8; 11.12.20; 2.6.1; 2.6.4; 2.6.5; 2.6.17
Металлообработка,1684-6702,05.02.02; 05.02.11; 26.03.20; 16.10.20; 2.5.3; 2.5.5; 2.5.6; 2.5.7; 01.02.20
Метаморфозы истории,2414-3677,5.6.1; 5.6.2; 5.6.7; 28.11.20
Метафизика,2224-7580,01.01.03; 28.12.20; 16.10.20; 5.7.1; 5.7.6; 5.7.9; 01.02.20; 5.7.8; 20.03.20
Механика композиционных материалов и конструкций,1029-6670,1.1.8; 2.5.13; 2.6.6; 2.6.6; 01.02.20
"Механика машин, механизмов и материалов",1995-0470,1.1.7; 2.5.2; 2.5.3; 2.5.6; 2.5.11; 2.5.21; 2.6.17; 2.6.17; 25.05.20
"Мехатроника, автоматизация, управление",1684-6427,2.3.1; 2.3.1; 2.3.3; 2.5.4; 2.5.16; 01.02.20
Миграционное право,2071-1182,12.00.10; 28.12.20; 16.10.20; 5.1.1; 5.1.2; 28.11.20
Микроэкономика,1817-1591,08.00.05; 28.12.20; 16.10.20; 5.2.3; 5.2.6; 21.02.20
Микроэлементы в медицине,1607-9957,1.5.4; 1.5.5; 1.5.8; 01.02.20; 1.5.24; 3.3.3; 3.3.3; 3.3.5; 3.3.6; 3.3.8; 3.3.8
Микроэлектроника,0544-1269,2.2.2; 2.2.2; 2.2.3; 1.2.2; 1.2.3; 1.3.8; 1.3.11; 1.4.4; 20.03.20; 25.00.05; 25.00.09; 26.03.20; 16.10.20; 1.6.10; 01.02.20; 1.6.3; 1.6.4; 1.6.5; 20.04.20
МИР (Модернизация. Инновации. Развитие). Научно- практический журнал,2079-4665,08.00.05; 28.12.20; 16.10.20; 5.2.5; 01.02.20; 5.2.3; 5.2.4; 5.2.6; 08.02.20
Мир измерений,1813-8667,2.2.4; 2.2.10; 01.02.20; 2.2.4; 13.10.20
Мир лингвистики и коммуникации: электронный научный журнал,1999-8406,10.02.01; 10.02.03; 10.02.04; 10.02.05; 10.02.19; 10.02.20; 10.02.21; 28.12.20; 16.10.20; 5.9.7; 01.02.20; 5.9.1; 5.9.5; 5.9.6; 5.9.8; 5.9.9; 5.9.9; 5.12.3; 21.02.20
"Мир науки, культуры, образования",1991-5497,10.01.01; 10.01.02; 10.01.03; 10.01.10; 10.02.01; 10.02.02; 10.02.03; 10.02.04; 10.02.05; 10.02.19; 10.02.20; 10.02.21; 10.02.22; 13.00.05; 28.12.20; 16.10.20; 5.8.1; 5.8.2; 5.8.7; 5.9.3
Мир науки. Педагогика и психология (до 30.05.2019 г. наименование в Перечне «Интернет-журнал «Мир науки» ISSN,2309-4265,
Мир нефтепродуктов (до 16.12.2021 наименование в Перечне «Мир нефтепродуктов. Вестник нефтяных компаний» ISSN,2071-5951,
Мир новой экономики,2220-6469,08.00.05; 28.12.20; 16.10.20; 5.2.4; 5.2.5; 01.02.20; 5.2.1; 5.2.3; 5.2.6; 23.09.20
Мир образования – образование в мире,2073-8536,5.3.1; 5.3.4; 5.8.1; 5.8.2; 5.8.7; 01.02.20
Мир перемен,2073-3038,5.2.5; 5.5.4; 01.02.20
Мир психологии,2073-8528,19.00.05; 28.12.20; 16.10.20; 5.3.1; 5.3.4; 5.8.1; 01.02.20; 5.3.5; 21.02.20
Мир России. Социология. Этнология,1811-038X,22.00.03; 28.12.20; 16.10.20; 5.4.1; 5.4.4; 5.4.5; 5.4.6; 5.4.7; 01.02.20; 5.2.1; 5.4.2; 5.4.2; 5.4.3; 5.4.5; 21.02.20
Мир русского слова,1811-1629,10.01.01; 10.02.01; 28.12.20; 16.10.20; 5.8.2; 01.02.20; 5.9.1; 5.9.5; 19.12.20
Мир русскоговорящих стран,2658-7866,5.5.2; 5.5.3; 5.5.4; 5.9.1; 5.9.2; 5.9.8; 5.10.1; 29.03.20
"Мир науки. Социология, филология, культурология",2542-0577,10.02.01; 10.02.02; 10.02.19; 10.02.22; 24.00.01; 12.02.20; 16.10.20; 5.4.6; 5.4.7; 01.02.20; 5.10.1; 5.4.1; 5.4.2; 5.4.4; 5.4.5; 5.9.1; 5.9.2; 5.9.3; 08.02.20; 5.9.5
Мир техники кино,1991-3400,05.11.18; 26.03.20; 16.10.20; 2.4.11; 01.02.20
Мир транспорта,1992-3252,05.22.01; 08.00.05; 08.00.13; 28.12.20; 16.10.20; 2.1.1; 2.1.2; 2.1.5; 2.1.7; 2.1.8; 2.1.9; 2.9.2; 2.9.3; 2.9.4; 5.2.1; 5.2.5; 01.02.20
Мир транспорта и технологических машин,2073-7432,05.22.01; 28.12.20; 16.10.20; 2.9.4; 2.9.5; 01.02.20; 2.9.1; 2.9.8; 2.9.9; 21.10.20; 27.01.20
Мир экономики и управления (До 27.01.2017 г. наименование в Перечне Вестник Новосибирского государственного университета. Серия: Социально- экономические науки. ISSN,1818-7862,
Мировая политика,2409-8671,5.5.4; 01.02.20; 5.5.2; 21.02.20
Мировая экономика и международные отношения,0131-2227,5.2.5; 5.5.4; 01.02.20; 5.2.1; 5.2.3; 5.5.1; 5.5.2; 20.03.20
Мировая экономика и мировые финансы,2949-6454,
Мировое и национальное хозяйство,2713-0983,5.2.5; 21.02.20
Мировой судья,2072-4152,12.00.09; 12.00.10; 12.00.11; 12.00.15; 28.12.20; 16.10.20; 5.1.3; 5.1.4; 5.1.5; 01.11.20
Миссия конфессий,2499-9423,24.00.01; 28.12.20; 16.10.20; 5.4.4; 5.4.5; 5.4.6; 5.4.7; 5.7.1; 5.7.2; 5.7.3; 5.7.7; 01.02.20; 5.7.9; 5.10.1; 28.11.20
"Модели, системы, сети в экономике, технике, природе и обществе",2227-8486,08.00.05; 08.00.12; 15.10.20; 16.10.20; 1.2.2; 2.2.4; 2.2.11; 2.2.12; 2.3.1; 2.3.4; 01.02.20; 5.2.3; 01.11.20
Моделирование и анализ данных,2219-3758,1.2.2; 1.2.2; 2.3.1; 2.3.1; 2.3.5; 2.3.5; 26.01.20
Моделирование и анализ информационных систем,2313-5417,
Моделирование систем и процессов,2219-0767,05.13.12; 05.13.12; 12.02.20; 16.10.20; 2.3.1; 01.02.20; 2.3.7; 2.3.7; 13.07.20
"Молекулярная генетика, микробиология и вирусология",0208-0613,1.5.3; 1.5.3; 1.5.4; 1.5.4; 1.5.4; 1.5.6; 1.5.6; 1.5.7; 1.5.7; 1.5.10; 15.02.20
Молекулярная медицина,1728-2918,03.01.07; 03.01.08; 03.03.03; 14.03.09; 14.03.09; 28.12.20; 16.10.20; 1.5.1; 1.5.2; 1.5.3; 1.5.4; 1.5.4; 1.5.5; 1.5.6; 1.5.22; 1.5.24; 3.3.2; 3.3.2; 3.3.3; 3.3.3
Молочное и мясное скотоводство,0026-9034,06.02.07; 06.02.08; 06.02.10; 12.02.20; 16.10.20; 1.5.7; 4.2.4; 4.2.4; 4.2.5; 4.2.5; 13.10.20
Молочная промышленность,1019-8946,05.18.04; 05.18.12; 05.18.15; 06.02.10; 28.12.20; 16.10.20; 4.3.5; 01.02.20; 4.2.4; 4.2.4; 4.3.3; 13.07.20; 4.3.1; 4.3.3; 25.09.20; 4.3.5
Молочнохозяйственный вестник,2225-4269,05.18.04; 06.01.01; 06.01.04; 06.02.01; 06.02.05; 06.02.07; 06.02.08; 06.02.10; 01.07.20; 16.10.20; 4.1.1; 01.02.20; 4.1.2; 4.1.3; 4.2.1; 4.2.4; 4.2.5; 4.3.3; 15.02.20; 4.3.5
Монголоведение (Монгол судлал),2500-1523,10.01.01; 10.01.02; 10.01.03; 10.02.02; 10.02.22; 12.02.20; 16.10.20; 5.6.1; 5.6.4; 01.02.20; 5.6.2; 5.6.5; 5.9.1; 5.9.2; 5.9.4; 5.9.5; 5.9.6; 29.03.20
Мониторинг общественного мнения: экономические и социальные перемены,2219-5467,22.00.03; 28.12.20; 16.10.20; 5.4.1; 5.4.4; 5.4.5; 5.4.6; 01.02.20; 5.4.7; 5.4.2; 5.4.3; 29.03.20
Мониторинг правоприменения,2226-0692,12.00.01; 12.00.02; 12.00.03; 12.00.04; 12.00.08; 12.00.09; 12.00.10; 12.00.11; 12.00.12; 12.00.13; 12.00.14; 12.00.15; 22.00.03; 28.12.20; 16.10.20; 5.4.1; 5.4.4; 5.4.6; 5.4.7; 01.02.20
МОНИТОРИНГ. Наука и Технологии,2076-7358,05.14.01; 05.14.08; 26.03.20; 16.10.20; 1.6.1; 1.6.6; 1.6.9; 1.6.12; 1.6.19; 1.6.20; 1.6.20; 1.6.21; 2.4.5; 16.12.20; 1.6.6; 1.6.9; 1.6.9; 1.6.12; 1.6.21; 01.02.20
Морская медицина,2413-5747,3.2.6; 3.3.7; 01.02.20; 1.5.5; 01.02.20; 31.10.20; 3.1.6; 3.1.18; 3.1.20; 13.10.20; 3.1.20; 3.1.22; 3.1.22; 3.1.24; 3.1.27; 3.3.7
Морская радиоэлектроника,2220-8712,05.08.06; 05.11.06; 05.13.05; 26.03.20; 16.10.20; 2.2.8; 2.5.17; 2.5.18; 2.5.19; 2.5.20; 01.02.20; 2.2.9; 2.2.11; 2.2.15; 2.2.16; 2.3.1; 2.3.4; 22.11.20
МОРСКИЕ ИНТЕЛЛЕКТУАЛЬНЫЕ ТЕХНОЛОГИИ,2073-7173,05.08.06; 28.12.20; 16.10.20; 05.13.12; 05.13.17; 1.2.2; 2.3.1; 2.3.3; 2.3.4; 2.3.5; 2.5.17; 2.5.18; 2.5.19; 2.5.20; 01.02.20; 2.2.11; 2.2.11; 2.3.1; 2.3.7; 2.3.7
Морской биологический журнал,2499-9768,03.02.09; 28.12.20; 16.10.20; 1.5.13; 1.5.16; 1.5.20; 01.02.20; 1.5.9; 20.03.20; 1.5.12
Морской вестник / Morskoy vestnik,1812-3694,05.22.19; 28.12.20; 16.10.20; 2.2.11; 2.5.18; 2.5.19; 2.5.20; 01.02.20; 2.2.9; 2.2.11; 2.2.16; 2.2.16; 20.04.20
Морской гидрофизический журнал,0233-7584,25.00.29; 25.00.30; 25.00.30; 25.00.35; 25.00.35; 28.12.20; 16.10.20; 1.6.17; 1.6.17; 1.6.17; 1.6.19; 01.02.20; 1.6.18; 1.6.18; 26.01.20; 1.6.19; 1.6.20; 1.6.20
Морской сборник,0134-9236,20.00.00; 26.03.20; 28.02.20
Морфологические ведомости,1812-3171,03.03.02; 03.03.02; 14.03.01; 28.12.20; 16.10.20; 1.5.22; 1.5.23; 1.5.24; 3.3.1; 3.3.2; 3.3.2; 01.02.20; 1.5.24; 15.02.20
Морфологический альманах имени В.Г. Ковешникова,2218-2918,1.5.22; 3.1.18; 3.1.21; 3.1.7; 3.1.9; 3.3.1; 3.3.1; 3.3.3; 11.02.20
Морфология,1026-3543,06.02.01; 12.02.20; 16.10.20; 1.5.22; 3.3.1; 01.02.20
Московский журнал международного права,0869-0049,12.00.01; 12.00.03; 12.00.10; 28.12.20; 16.10.20; 5.1.1; 5.1.3; 5.1.5; 20.12.20; 19.12.20
"Московский педагогический журнал (до 19.12.2023 наименование в Перечне «Вестник Московского государственного областного университета. Серия ""Педагогика"" ISSN",2072-8395,
Московский хирургический журнал,2072-3180,3.1.9; 01.02.20; 3.1.6; 3.1.6; 3.1.15; 22.11.20; 25.00.33; 25.00.35; 08.00.05; 09.08.20; 16.10.20; 1.6.13; 1.6.15; 1.6.21; 5.2.5; 01.02.20; 5.2.1; 08.02.20; 5.2.3; 5.2.6
Московский юридический журнал (до 19.12.2023 наименование в Перечне «Вестник Московского государственного областного университета. Серия «Юриспруденция» ISSN,2072-8557,
Муаррих (Историк),2709-7382,5.6.1; 5.6.2; 5.6.3; 5.6.4; 5.6.5; 5.6.6; 5.6.6; 5.6.6; 5.6.7; 5.6.8; 5.6.8; 21.02.20; 5.6.8
Музыка в системе культуры: Научный вестник Уральской консерватории,2658-7858,5.10.1; 5.10.1; 5.10.3; 21.02.20
Музыка и время,2072-9960,17.00.01; 17.00.02; 17.00.03; 17.00.05; 17.00.09; 28.12.20; 16.10.20
"Музыка. Искусство, наука, практика",2226-3330,17.00.02; 28.12.20; 16.10.20; 5.10.3; 21.02.20
Музыкальная академия,0869-4516,17.00.02; 28.12.20; 16.10.20; 5.10.1; 5.10.3; 20.12.20
Музыкальное искусство Евразии. Традиции и современность,2782-1773,5.10.1; 5.10.3; 19.12.20; 04.02.20
"Музыкальное искусство и образование / Musical Art and Education (до 04.02.2020 наименование в Перечне «Вестник кафедры ЮНЕСКО ""Музыкальное искусство и образование"")",2309-1428,17.00.02; 28.12.20; 16.10.20; 5.3.1; 5.8.1; 5.8.2; 5.8.7; 01.02.20
Музыкальный журнал Европейского Севера,2413-0486,17.00.02; 25.12.20; 16.10.20; 5.10.3; 20.12.20
Музыковедение,2072-9979,17.00.01; 17.00.02; 17.00.03; 17.00.09; 24.00.01; 28.12.20; 16.10.20; 5.8.7; 01.02.20
Муниципалитет: экономика и управление,2304-3385,08.00.05; 12.00.02; 28.12.20; 16.10.20; 5.2.4; 01.02.20; 5.1.2; 5.2.3; 5.2.6; 5.4.7; 21.02.20
Муниципальная академия,2304-831X,08.00.05; 28.12.20; 16.10.20; 5.2.3; 5.2.6; 5.2.7; 5.2.7; 29.03.20
Муниципальная служба: правовые вопросы,2072-4314,12.00.01; 12.00.02; 12.00.03; 12.00.08; 12.00.10; 12.00.11; 12.00.15; 28.12.20; 16.10.20; 5.1.1; 5.1.2; 5.1.3; 5.1.4; 5.1.5; 28.11.20
"Муниципальное имущество: экономика, право, управление",2500-0349,08.00.05; 12.00.02; 28.12.20; 16.10.20; 5.1.2; 5.2.3; 28.11.20
Муниципальное образование: инновации и эксперимент,2306-8329,5.8.1; 5.8.7; 01.02.20
Мясная индустрия,2618-8252,05.02.23; 05.18.04; 05.18.12; 19.04.20; 16.10.20; 5.2.3; 22.11.20; 4.3.3; 4.3.5; 22.05.20
Навигация и гидрография,2220-0983,05.08.06; 05.22.17; 05.22.19; 28.12.20; 16.10.20; 2.2.16; 01.02.20; 1.6.17; 1.6.17; 1.6.18; 1.6.18; 1.6.20; 1.6.20; 2.2.5; 2.9.7; 15.02.20; 6.0.0; 20.04.20
Навигация и управление летательными аппаратами,2618-7868,2.2.5; 2.3.1; 01.02.20
Надежность,1729-2646,05.22.01; 26.03.20; 16.10.20; 1.2.2; 2.3.1; 2.3.3; 2.3.4; 2.3.5; 2.3.6; 01.02.20; 1.2.1; 1.2.2; 2.9.1; 2.9.4; 2.9.8; 13.10.20
Надежность и качество сложных систем,2307-4205,05.07.06; 05.07.07; 05.27.06; 26.03.20; 16.10.20; 2.5.12; 2.5.13; 2.5.14; 01.02.20; 2.2.3; 2.2.9; 13.10.20
Налоги и налогообложение,1812-8688,08.00.05; 08.00.12; 08.00.13; 12.00.04; 12.00.08; 12.00.09; 12.00.10; 12.00.12; 28.12.20; 16.10.20; 5.2.1; 5.2.4; 5.2.5; 01.02.20; 5.1.2; 5.2.2; 21.02.20
Налоговая политика и практика,2071-5250,08.00.05; 28.12.20; 16.10.20; 08.00.12; 08.00.13; 12.00.04; 5.2.1; 5.2.4; 5.2.5; 01.02.20
Нано и микросистемная техника,1813-8586,01.04.15; 01.04.15; 05.27.06; 28.12.20; 16.10.20; 1.3.11; 1.3.11; 2.2.2; 2.2.2; 01.02.20; 2.2.3; 2.2.9; 1.4.15; 1.4.15; 1.4.15; 20.03.20
НАНОИНДУСТРИЯ,1993-8578,01.04.15; 05.27.06; 28.12.20; 16.10.20; 1.3.11; 2.6.6; 01.02.20; 2.2.3; 29.03.20
Наноматериалы и наноструктуры – XXI век,2225-0999,01.04.15; 01.04.15; 01.04.18; 05.27.06; 28.12.20; 16.10.20; 1.3.8; 1.3.8; 1.3.20; 2.2.2; 2.2.2; 01.02.20
"Наносистемы: физика, химия, математика",2220-8054,1.3.3; 1.3.6; 1.3.6; 1.3.8; 1.3.8; 1.3.12; 20.03.20; 1.3.12; 1.3.19; 1.3.19; 1.4.1; 1.4.1; 1.4.4; 1.4.4; 1.4.4; 1.4.7; 1.4.7; 1.4.7; 1.4.15; 1.4.15
Наноструктуры. Математическая физика и моделирование,2224-8412,01.01.03; 01.04.15; 01.04.15; 26.03.20; 16.10.20; 1.3.8; 1.3.8; 01.02.20; 1.3.11; 1.3.12
"Нанотехнологии: разработка, применение — XXI век",2225-0980,01.04.15; 01.04.15; 01.04.15; 03.01.08; 28.12.20; 16.10.20; 1.3.4; 1.3.4; 1.3.11; 1.3.11; 1.5.2; 1.5.2; 1.5.2; 1.5.4; 1.5.4; 2.2.13; 2.2.13; 2.2.14; 2.2.14; 2.2.16
Наркоконтроль,2072-4160,12.00.08; 28.12.20; 16.10.20; 12.00.12; 12.00.14; 5.1.2; 5.1.4; 23.09.20
Наркология,1682-8313,14.01.06; 14.01.27; 14.01.27; 28.12.20; 16.10.20; 3.3.6; 3.3.6; 3.3.8; 3.3.8; 01.02.20
Народное образование,0130-6928,5.8.1; 01.02.20
Народонаселение,1561-7785,22.00.03; 22.00.04; 28.12.20; 16.10.20; 5.4.4; 01.02.20; 5.2.3; 5.4.2; 5.4.3; 5.4.3; 21.02.20
Народы и религии Евразии,2542-2332,5.6.3; 5.6.4; 5.7.9; 01.02.20; 5.7.9
На страже экономики,2588-0071,08.00.05; 25.12.20; 16.10.20; 5.2.3; 01.11.20
Наследие веков,2412-9798,24.00.01; 24.00.01; 24.00.01; 24.00.01; 12.02.20; 16.10.20; 5.6.1; 5.6.4; 5.10.2; 5.10.2; 01.02.20; 5.10.1; 5.10.1; 5.10.1; 20.12.20
Наследие и современность,2619-0214,5.6.1; 5.10.1; 5.10.1; 5.10.2; 20.07.20
Наследственное право,2072-4179,12.00.03; 28.12.20; 16.10.20; 5.1.3; 01.11.20; 05.02.11; 26.03.20; 16.10.20; 05.04.13; 05.07.07; 05.07.10; 2.5.13; 2.5.14; 2.5.15; 01.02.20; 2.5.5; 2.5.6; 2.5.10; 10.06.20
Наука в центральной России,2305-2538,05.20.01; 05.20.03; 12.02.20; 16.10.20; 4.3.1; 13.10.20
Наука и бизнес: пути развития,2221-5182,05.02.13; 05.02.22; 05.02.23; 05.13.12; 05.13.12; 05.13.15; 28.12.20; 16.10.20; 05.13.15; 05.13.18; 08.00.05; 08.00.13; 1.2.2; 2.3.6; 2.5.4; 2.5.6; 5.2.4; 5.2.5; 01.02.20; 2.5.1
Наука и инновации в медицине,2500-1388,14.02.03; 03.10.20; 16.10.20; 3.1.3; 01.02.20; 3.1.6; 3.1.8; 3.1.9; 3.1.20; 3.1.22; 3.1.24; 3.1.31; 3.2.1; 3.2.4; 3.3.1; 3.3.2; 3.3.6; 3.3.6; 3.2.3; 13.10.20
"Наука и искусство управления / Вестник Института экономики, управления и права Российского государственного гуманитарного университета",2782-2222,5.2.1; 5.2.4; 5.2.5; 5.2.6; 20.12.20
Наука и спорт: современные тенденции,2308-8826,13.00.04; 28.12.20; 16.10.20; 5.8.4; 5.8.5; 5.8.6; 08.02.20
Наука и техника в газовой промышленности,2070-6820,25.00.12; 28.12.20; 16.10.20; 2.8.2; 01.02.20; 2.8.4; 2.8.5; 1.5.15; 1.6.11; 1.6.11; 2.4.7; 15.02.20
Наука и техника в дорожной отрасли,1993-8543,2.1.8; 2.9.5; 01.02.20
Наука и техника транспорта,2074-9325,05.22.01; 28.12.20; 16.10.20; 2.3.1; 2.3.3; 2.9.2; 2.9.3; 2.9.4; 01.02.20; 2.9.1; 2.9.8; 21.10.20; 2.10.3; 25.09.20; 2.1.16; 01.02.20; 25.09.20; 2.1.1; 2.1.8; 21.10.20
Наука и технологии трубопроводного транспорта нефти и нефтепродуктов,2221-2701,05.02.13; 05.02.22; 08.00.05; 26.03.20; 16.10.20; 2.5.8; 2.8.5; 01.02.20; 2.5.21; 2.5.22; 13.10.20; 5.2.3; 13.10.20; 10.12.20
Наука и Школа,1819-463X,10.01.01; 10.01.02; 10.01.03; 10.01.10; 02.12.20; 16.10.20; 5.8.1; 5.8.2; 5.8.3; 01.02.20; 5.8.7; 5.9.1; 5.9.2; 5.9.9; 28.11.20
Наука. Культура. Общество,2713-0681,5.4.1; 5.4.2; 5.4.3; 5.4.4; 5.4.5; 5.4.5; 5.4.6; 5.4.7; 5.5.1; 5.5.2; 5.5.3; 5.5.4; 27.04.20
Наука молодых (Erudition Juvenium),2311-3820,14.01.06; 14.01.28; 14.02.03; 28.12.20; 16.10.20; 3.1.4; 3.1.6; 3.1.7; 3.1.8; 3.1.9; 01.02.20; 3.1.12; 3.1.13; 3.1.15; 3.1.18; 3.1.19; 3.1.20; 3.1.21; 3.1.22; 3.1.24
Наука. Образование. Современность / Science. Education. The present,2658-7335,5.1.1; 5.1.2; 5.1.3; 23.09.20; 5.1.4; 5.1.5; 5.9.1; 5.9.2; 5.9.3; 5.9.5; 5.9.8; 5.9.9
Наука. Общество. Оборона,2311-1763,5.6.1; 5.6.2; 01.02.20
Наука о человеке: гуманитарные исследования,1998-5320,08.00.05; 08.00.12; 08.00.13; 10.01.01; 10.01.02; 10.01.03; 10.01.10; 28.12.20; 16.10.20; 5.2.1; 5.2.4; 5.2.5; 5.8.1; 5.8.2; 5.8.7; 01.02.20; 5.9.3; 5.9.4; 5.9.1; 5.9.2
Наука Юга России,2500-0640,1.1.8; 1.5.15; 1.5.20; 1.6.10; 1.6.17; 1.6.17; 01.02.20
Наука. Инновации. Технологии,2308-4758,25.00.12; 25.00.30; 25.00.30; 25.00.35; 28.12.20; 16.10.20; 1.6.12; 1.6.12; 1.6.13; 1.6.21; 2.8.2; 01.02.20; 2.8.4; 1.6.11; 1.6.18; 1.6.20; 20.03.20
Наука. Искусство. Культура,2305-5499,5.7.8; 5.7.9; 5.10.1; 5.10.1; 20.03.20; 27.01.20
"Науки о Земле и недропользование (До 27.01.2021 г. наименование в Перечне «Известия Сибирского отделения Секции наук о Земле Российской академии естественных наук. Геология, разведка и разработка месторождений полезных ископаемых» ISSN",2541-9455,25.10.20
"(До 25.10.2017 г. наименование в Перечне «Известия Сибирского отделения Секции наук о Земле Российской академии естественных наук. Геология, поиски и разведка рудных месторождений» ISSN 0130-108Х)",2686-9993,25.00.22; 25.00.35; 26.03.20; 16.10.20; 1.6.9; 1.6.9; 1.6.10; 2.8.1; 2.8.3; 2.8.3; 01.02.20
Наукоемкие технологии,1999-8465,05.27.03; 05.27.06; 26.03.20; 16.10.20; 2.2.13; 2.2.16; 01.02.20; 2.2.1; 2.2.2; 2.2.2; 2.2.15; 2.2.15; 29.03.20; 2.2.3; 5.12.4; 5.2.2; 29.03.20; 25.09.20
Наукоемкие технологии в космических исследованиях Земли,2409-5419,05.07.06; 05.07.10; 05.13.05; 05.13.15; 05.13.17; 26.03.20; 16.10.20; 1.2.2; 2.2.15; 2.3.1; 2.3.5; 2.3.6; 2.5.13; 01.02.20; 2.5.16
Наукоемкие технологии в машиностроении,2223-4608,2.5.5; 2.5.6; 2.5.7; 2.5.8; 2.6.17; 01.02.20; 2.5.3; 22.11.20; 2.5.6; 2.5.21; 2.6.2; 2.6.4; 2.8.6; 2.8.8; 24.02.20
Научная жизнь,1991-9476,05.20.03; 06.01.02; 06.02.01; 06.02.02; 06.02.03; 06.02.03; 06.02.04; 06.02.04; 06.02.05; 28.12.20; 16.10.20; 06.02.05; 06.02.06; 06.02.06; 06.02.06; 06.02.07; 06.02.07; 06.02.08; 06.02.08; 06.02.09
Научная мысль Кавказа,2072-0181,10.02.01; 10.02.19; 28.12.20; 16.10.20; 5.6.1; 01.02.20; 5.6.2; 5.6.5; 5.7.7; 5.7.8; 5.7.9; 5.9.5; 5.9.8; 21.02.20
Научно-агрономический журнал,2500-0047,1.5.15; 4.1.1; 4.1.2; 4.1.6; 25.05.20
"Научно – практический журнал ""Общественное здоровье и здравоохранение""",1812-0555,14.02.03; 26.03.20; 16.10.20; 3.2.3; 07.12.20
Научно-аналитический вестник Института Европы РАН,2618-7914,5.2.5; 5.5.2; 5.5.4; 5.6.7; 01.02.20
"Научно-аналитический журнал ""Вестник Санкт- Петербургского университета Государственной",2218-130X,05.25.05; 05.26.02; 28.12.20; 16.10.20; 05.26.02; 05.26.03; 2.3.4; 01.02.20; 2.3.1; 2.3.6; 2.3.8; 2.10.1; 2.10.1; 2.10.2; 2.10.2; 15.02.20
Научно-аналитический журнал «Геоэкономика энергетики»,2687-0703,5.2.5; 5.5.4; 01.02.20
Научно-практический журнал «НОВООБРАЗОВАНИЕ»,2307-1575,3.1.6; 3.1.9; 3.1.25; 19.05.20; 09.12.20
"Научно-практический журнал «Пенитенциарная наука» (до 09.12.2019 г. наименование в Перечне «Вестник института: преступление, наказание, исправление» ISSN",2076-4162,
"Научно-практический журнал по дерматологии, венерологии и косметологии «Торсуевские чтения»",2522-9885,3.1.23; 3.2.7; 18.03.20
"Научно-практический, теоретический журнал «Экономика и управление: проблемы, решения»",2227-3891,08.00.05; 08.00.12; 08.00.13; 02.12.20; 16.10.20; 5.2.1; 5.2.4; 5.2.5; 01.02.20; 5.2.3; 5.2.6; 08.02.20
Научное мнение,2222-4378,19.00.05; 19.00.13; 28.12.20; 16.10.20; 5.3.1; 5.3.4; 5.7.1; 5.7.2; 5.7.7; 01.02.20; 5.7.8; 5.7.9; 5.8.1; 5.8.2; 5.8.7; 5.3.5; 5.3.7; 5.8.3; 5.8.4; 21.02.20
"Научное мнение. Экономические, юридические и социологические науки",2222-4379,12.00.01; 12.00.08; 12.00.10; 12.00.11; 28.12.20; 16.10.20
Научное обеспечение системы повышения квалификации кадров,2076-8907,5.8.1; 5.8.7; 01.02.20
Научное обозрение. Серия 1. Экономика и право,2076-4650,08.00.05; 08.00.12; 08.00.13; 28.12.20; 16.10.20; 12.00.01; 12.00.02; 12.00.03; 12.00.10; 12.00.11; 12.00.14; 5.2.1; 5.2.4; 5.2.5; 01.02.20
Научное обозрение. Серия 2. Гуманитарные науки,2076-4685,19.00.05; 19.00.13; 22.00.03; 28.12.20; 16.10.20; 5.3.1; 5.3.4; 5.4.1; 5.4.4; 5.4.5; 5.4.6; 5.4.7; 5.8.1; 5.8.2; 01.02.20; 5.8.7
Научное обозрение: теория и практика,2226-0226,08.00.05; 08.00.12; 08.00.13; 28.12.20; 16.10.20; 5.2.1; 5.2.4; 5.2.5; 01.02.20
Научное приборостроение,0868-5886,1.3.4; 1.3.4; 1.3.6; 1.3.6; 1.3.7; 1.3.7; 1.3.8; 1.3.8; 1.3.18; 1.3.18; 2.2.4; 2.2.8; 01.02.20; 22.12.20
Научные проблемы водного транспорта (до 22.12.2020 наименование в Перечне «Вестник ВГАВТ» ISSN,1991-8275,
Научный журнал «Менеджер»,2518-1440,5.2.3; 5.2.4; 5.2.6; 5.2.7; 05.02.20
Научно-медицинский вестник Центрального Черноземья,1990-472X,3.1.18; 3.1.21; 3.1.29; 3.3.6; 3.3.8; 22.05.20
"Научно-методический журнал ""Сибирский учитель""",1817-6488,5.8.1; 5.8.2; 5.8.7; 01.02.20
"Научно-методический электронный журнал ""Концепт""",2304-120X,5.8.1; 5.8.2; 5.8.7; 01.02.20
"Научно-образовательный и методический журнал ""Человек. Культура. Образование""",2223-1277,24.00.01; 28.12.20; 16.10.20; 5.7.8; 01.02.20; 5.10.1; 5.7.9; 5.8.1; 20.12.20
Научно-педагогическое обозрение. Pedagogical Review,2307-6127,5.8.2; 5.3.4; 28.09.20; 5.3.1; 5.8.1; 5.8.7; 01.02.20
Научно-практическая ревматология,1995-4484,3.1.27; 01.02.20
"Научно-практический журнал ""Вестник Восточно-Сибирского института МВД России""",2312-3184,12.00.01; 12.00.02; 12.00.08; 12.00.09; 12.00.11; 12.00.12; 12.00.14; 28.12.20; 16.10.20; 5.1.1; 5.1.2; 23.09.20; 5.1.4
"Научно-практический журнал ""Вестник ИрГСХА""",1999-3765,06.02.01; 06.02.10; 28.12.20; 16.10.20; 1.5.12; 1.5.15; 4.1.1; 01.02.20; 4.1.3; 15.02.20
"Научно-практический журнал ""Наука и образование: хозяйство и экономика, предпринимательство, право и управление""",2219-0279,08.00.05; 12.00.01; 12.00.02; 12.00.03; 12.00.04; 12.00.08; 12.00.09; 12.00.10; 12.00.11; 12.00.14; 23.00.01; 28.12.20; 16.10.20; 23.00.03; 23.00.05; 23.00.06; 5.2.1; 5.2.4; 5.5.2; 5.5.4
"Научно-практический журнал ""Отечественные архивы""",0869-4427,5.6.5; 01.02.20; 5.6.8; 25.04.20
"Научно-практический журнал ""Пермский аграрный вестник""",2307-2873,05.20.01; 05.20.03; 06.01.04; 06.01.09; 06.02.01; 06.02.05; 28.12.20; 16.10.20; 06.02.07; 06.02.08; 06.02.10; 4.1.1; 4.2.3; 01.02.20; 4.1.2; 4.1.3; 4.1.4; 4.2.1; 4.2.2; 4.2.4
"Научно-практический журнал ""Проблемы анализа риска"" Scientific and Practical Journal ""Issues of Risk Analysis""",1812-5220,05.26.02; 05.26.06; 08.00.05; 26.03.20; 16.10.20; 08.00.13; 1.1.4; 5.2.4; 01.02.20; 5.2.3; 20.03.20
Научно-практический журнал «Проблемы экологии и охраны природы техногенного региона»,2077-3366,1.5.9; 1.5.15; 09.04.20
"Научно-практический журнал ""Российское конкурентное право и экономика""",2542-0259,08.00.05; 08.00.13; 12.00.03; 12.00.04; 12.00.07; 12.00.11; 12.00.13; 12.00.14; 12.00.15; 09.08.20; 16.10.20; 5.2.1; 5.2.5; 01.02.20; 5.1.2; 5.1.3; 08.02.20; 5.1.4; 5.2.3
"Научно-практический журнал ""Системная психология и социология""",2223-6880,5.3.1; 5.3.3; 5.3.4; 5.3.8; 01.02.20
Научно-практический журнал «Университетская клиника»,1819-0464,3.1.7; 3.1.9; 3.1.18; 3.1.20; 3.1.21; 3.1.24; 3.2.7; 3.3.1; 3.3.3; 11.12.20; 06.02.01; 06.02.03; 06.02.09; 28.12.20; 16.10.20; 06.02.05; 26.03.20; 16.10.20; 4.2.3; 01.02.20
"Научно-производственный журнал ""Птицеводство""",0033-3239,06.02.07; 06.02.07; 06.02.08; 06.02.08; 06.02.10; 06.02.10; 26.03.20; 16.10.20; 4.2.4; 22.11.20; 4.2.4; 4.2.5; 4.2.5
"Научно-производственный журнал ""Свиноводство""",0039-713X,06.02.06; 06.02.07; 06.02.07; 06.02.08; 06.02.08; 06.02.10; 06.02.10; 28.12.20; 16.10.20; 4.2.2; 4.2.2; 4.2.4; 4.2.4; 4.2.4; 11.07.20; 4.2.5; 4.2.5
Научно-технические ведомости Санкт-Петербургского государственного политехнического университета. Физико- математические науки. St. Petersburg State Polytechnical University Journal. Physics and Mathematics,2304-9782,01.04.15; 28.12.20; 16.10.20; 1.1.8; 1.1.9; 1.3.2; 1.3.3; 1.3.4; 1.3.5; 1.3.6; 1.3.7; 1.3.8; 1.3.11; 1.3.19; 01.02.20
"Научно-технический вестник ""Каротажник""",1810-5599,25.00.12; 28.12.20; 16.10.20; 1.6.9; 2.8.2; 01.02.20; 1.6.11; 22.11.20; 1.3.2; 2.8.3; 12.02.20
Научно-технический вестник Брянского государственного университета,2413-9920,05.02.02; 05.02.11; 05.05.03; 05.05.04; 12.02.20; 16.10.20; 2.5.2; 2.5.11; 2.5.21; 07.03.20
"Научно-технический вестник информационных технологий, механики и оптики",2226-1494,01.04.15; 26.03.20; 16.10.20; 05.13.12; 05.13.15; 05.13.17; 05.27.03; 26.12.20; 16.10.20; 1.2.2; 1.3.2; 1.3.5; 1.3.6; 1.3.8; 1.3.9; 1.3.12; 1.3.17; 1.3.19; 2.2.2; 01.02.20
Научно-технический вестник Поволжья,2079-5920,1.2.2; 2.3.1; 2.3.3; 2.3.5; 2.3.5; 2.3.6; 01.02.20
"Научно-технический журнал ""Геология, геофизика и разработка нефтяных и газовых месторождений""",2413-5011,25.00.12; 28.12.20; 16.10.20; 1.6.9; 2.8.1; 2.8.4; 01.02.20; 1.6.4; 1.6.11; 22.11.20
"Научно-технический журнал ""Двигатель""",9999-0210,05.04.02; 05.04.12; 26.03.20; 16.10.20; 2.5.15; 01.02.20
"Научно-технический журнал ""Надежность и безопасность энергетики""",1999-5555,05.04.11; 05.04.12; 05.04.13; 05.14.03; 05.14.04; 05.14.12; 05.14.14; 28.12.20; 16.10.20; 2.4.7; 2.4.9; 2.5.10; 20.03.20; 2.4.2; 2.4.3; 2.4.5; 2.4.6; 11.07.20; 2.1.3; 11.12.20
Научно-технический журнал «Радиоактивные отходы» / Scientific and technical journal «Radioactive waste»,2587-9707,05.14.03; 05.26.05; 25.00.09; 22.12.20; 16.10.20; 1.6.6; 2.8.7; 1.6.21; 1.6.21; 01.02.20; 1.2.2; 1.3.14; 1.3.14; 2.4.9; 20.03.20
Научно-технический журнал «Электропитание»,2541-8882,05.09.01; 05.09.02; 05.09.03; 05.09.10; 05.09.12; 05.14.01; 05.14.08; 26.03.20; 16.10.20; 20.00.00; 26.03.20; 28.02.20
"Научно-технический журнал ""Энергия единой сети""",2306-8345,05.09.02; 05.09.03; 28.12.20; 16.10.20; 2.4.1; 2.4.2; 2.4.3; 2.4.5; 14.12.20
"Научно-технический сборник ""Вести газовой науки""",2306-8949,05.14.01; 05.26.02; 05.26.03; 25.00.12; 25.00.18; 28.12.20; 16.10.20; 2.8.2; 2.8.4; 2.8.5; 01.02.20; 1.6.11; 2.4.6; 22.11.20
Научно-технический сборник Российского морского регистра судоходства,2223-7097,05.22.19; 28.12.20; 16.10.20; 2.5.17; 2.5.18; 2.5.20; 2.6.1; 01.02.20
Научно–технический сборник «Системы управления и обработки информации»,1819-3900,05.11.14; 21.11.20; 16.10.20; 2.3.1; 2.3.3; 01.02.20
Научные и образовательные проблемы гражданской защиты,2079-7001,20.00.00; 28.12.20; 28.02.20; 6.0.0; 11.12.20; 05.26.02; 26.03.20; 16.10.20; 3.2.6; 11.12.20
Научные и технические библиотеки,0130-9765,05.25.02; 05.25.05; 05.25.05; 28.12.20; 16.10.20; 5.10.4; 5.10.4; 01.02.20; 2.3.8; 5.6.8; 14.12.20
Научные исследования и разработки. Российский журнал управления проектами,2587-6279,08.00.05; 28.12.20; 16.10.20; 5.2.6; 23.09.20; 5.2.4; 27.03.20
Научные исследования и разработки. Современная коммуникативистика,2587-9103,10.02.01; 10.02.19; 10.02.22; 24.00.01; 24.00.01; 28.12.20; 16.10.20; 5.8.1; 5.8.2; 01.02.20; 5.8.7; 5.7.7; 5.7.8; 5.7.9; 5.9.5; 5.9.6; 5.9.8; 5.9.9; 5.10.1; 5.10.1
Научные исследования и разработки. Социально- гуманитарные исследования и технологии,2587-912X,19.00.05; 19.00.12; 28.12.20; 16.10.20; 5.3.1; 5.3.4; 5.8.1; 5.8.7; 01.02.20; 5.8.2; 21.02.20
Научные исследования и разработки. Экономика,2587-9111,08.00.05; 28.12.20; 16.10.20; 5.2.1; 5.2.3; 5.2.4; 23.09.20; 5.2.6
Научные исследования и разработки. Экономика фирмы,2587-6287,08.00.05; 12.02.20; 16.10.20; 5.2.4; 01.02.20; 5.2.3; 5.2.6; 19.12.20
Научные исследования экономического факультета. Электронный журнал,2078-3809,5.2.1; 22.10.20
Научные результаты биомедицинских исследований,2658-6533,14.01.06; 11.07.20; 16.10.20; 1.5.7; 1.5.7; 3.1.4; 3.1.31; 3.1.31; 3.3.6; 3.3.6; 3.3.6; 01.02.20; 3.1.17; 22.11.20
Научные труды Вольного экономического общества России,2072-2060,08.00.05; 28.12.20; 16.10.20; 5.2.1; 5.2.4; 5.2.5; 01.02.20; 5.2.2; 5.2.3; 5.2.6; 21.02.20; 5.4.2; 5.4.2; 5.4.3; 5.4.5
Научные труды Дальрыбвтуза,2713-3222,2.5.20; 4.2.6; 4.2.6; 4.2.6; 4.3.3; 15.04.20
Научные труды Института астрономии РАН,2712-8318,1.3.1; 11.12.20
Научные труды: Институт народнохозяйственного прогнозирования РАН,2076-3182,08.00.05; 28.12.20; 16.10.20; 5.2.1; 01.02.20; 5.2.3; 5.2.4; 29.03.20; 22.06.20
Научные труды Санкт- Петербургской академии художеств (До 22.06.2021 г. наименование в Перечне «Научные труды» ISSN,1998-2453,
Научный альманах стран Причерноморья,2414-1143,24.00.01; 02.12.20; 16.10.20; 5.7.7; 5.7.8; 01.02.20; 5.7.9; 5.10.1; 20.03.20
Научный вестник ГосНИИ ГА,2309-2998,05.22.13; 05.22.14; 05.26.02; 28.12.20; 16.10.20; 2.9.1; 2.9.6; 2.9.8; 21.10.20
Научный вестник Московского государственного технического университета гражданской авиации,2079-0619,05.02.22; 05.07.07; 05.07.10; 05.22.01; 26.03.20; 16.10.20; 05.22.13; 05.22.14; 2.5.12; 2.5.13; 2.5.14; 2.5.15; 2.5.16; 2.9.4; 01.02.20; 2.9.1; 2.9.6; 2.9.8; 14.12.20
Научный вестник Московской консерватории,2079-9438,17.00.02; 17.00.09; 17.00.09; 28.12.20; 16.10.20; 5.10.1; 5.10.3; 01.11.20
Научный вестник НИИ «Респиратор»,2414-5777,2.10.1; 2.10.3; 3.2.6; 12.02.20
Научный вестник оборонно- промышленного комплекса России,2410-4124,20.00.00; 12.07.20; 28.02.20; 6.0.0; 11.12.20; 12.00.01; 12.00.02; 12.00.08; 12.00.09; 12.00.11; 12.00.12; 12.00.14; 28.12.20; 16.10.20; 5.7.6; 5.7.7; 5.7.8; 5.7.9; 01.02.20; 5.1.1
Научный вестник Орловского юридического института МВД России имени В. В. Лукьянова,2713-2536,5.1.1; 5.1.2; 5.1.4; 21.02.20
"Научный вестник: финансы, банки, инвестиции",2312-5330,08.00.05; 08.00.12; 28.12.20; 16.10.20; 5.2.4; 01.02.20
Научный диалог,2225-756X,
Научный журнал «Juvenis scientia» (перевод наименования на государственный язык Российской Федерации:,2414-3782,3.1.18; 13.07.20; 3.1.20; 20.05.20
"Научный журнал ""Вестник Академии""",2073-9621,08.00.05; 28.12.20; 16.10.20; 5.2.3; 5.2.6; 21.02.20
Научный журнал «Вестник Донбасского государственного университета юстиции»,3034-4646,5.1.1; 5.1.2; 5.1.3; 5.1.4; 5.1.5; 16.12.20
"Научный журнал ""Моделирование, оптимизация и информационные технологии""",2310-6018,05.13.12; 05.13.17; 28.12.20; 16.10.20; 1.2.2; 2.2.11; 2.2.12; 2.2.13; 2.2.14; 2.2.15; 2.2.16; 2.3.1; 2.3.3; 2.3.4; 01.02.20; 2.3.5; 2.3.6; 2.3.7; 2.3.8; 15.02.20
Научный журнал «Мягкие измерения и вычисления»,2618-9976,08.00.13; 02.12.20; 16.10.20; 2.2.11; 5.2.2; 26.01.20
Научный журнал «Океанологические исследования»,1564-2291,25.00.05; 25.00.05; 25.00.09; 25.00.29; 25.00.30; 25.00.30; 25.00.35; 25.00.35; 25.00.35; 23.03.20; 16.10.20; 1.5.13; 1.5.16; 1.6.2; 1.6.9; 1.6.9; 01.02.20; 1.6.9; 1.6.14; 1.6.14
Научный журнал Российского газового общества,2412-6497,1.6.11; 2.6.9; 2.6.12; 2.6.13; 2.8.2; 2.8.4; 16.12.20; 2.8.5; 11.12.20
"Научный журнал ""Труды Академэнерго""",2070-4755,01.02.06; 05.14.01; 05.14.04; 05.14.08; 05.14.14; 28.12.20; 16.10.20; 1.1.8; 1.1.9; 1.3.14; 01.02.20
"Научный журнал ""Управление в современных системах"" (www.inueco.ru)",2311-1313,08.00.05; 04.02.20; 16.10.20; 5.2.3; 21.02.20
"Научный журнал ""Художественное образование и наука""",2410-6348,17.00.01; 17.00.02; 17.00.04; 17.00.06; 28.12.20; 16.10.20; 17.00.09; 24.00.01; 04.02.20; 16.10.20; 5.8.1; 5.8.2; 5.8.7; 01.02.20; 5.10.1; 5.10.1; 5.10.3; 08.02.20
Научный журнал НИУ ИТМО. Серия Процессы и аппараты пищевых производств,2310-1164,05.18.01; 05.18.04; 05.18.05; 05.18.06; 05.18.12; 05.18.15; 12.02.20; 16.10.20; 1.5.6; 2.3.3; 4.3.5; 01.02.20; 2.7.1; 15.02.20; 4.3.3
"Научный журнал НИУ ИТМО. Серия ""Экономика и экологический менеджмент""",2310-1172,08.00.05; 28.12.20; 16.10.20; 5.2.1; 5.2.4; 01.02.20; 5.2.6; 21.02.20; 25.07.20
Научный журнал строительства и архитектуры (До 25.07.2017 г. наименование в Перечне Научный вестник Воронежского государственного архитектурно-строительного университета. Строительство и архитектура ISSN,2072-0041,
"Научный и общественно- политический журнал ""Социология власти""",2074-0492,5.4.1; 5.4.4; 5.4.5; 5.7.6; 01.02.20; 5.7.7; 5.7.8
"Научный информационный сборник ""Проблемы безопасности и чрезвычайных ситуаций""",0869-4176,05.26.02; 05.26.06; 26.03.20; 16.10.20; 2.3.3; 01.02.20; 2.4.9; 11.12.20; 25.01.20
Научный журнал «Современные лингвистические и методико- дидактические исследования» (До 25.01.2018 г. наименование в Перечне «Научный Вестник Воронежского государственного архитектурно-строительного университета. Серия Современные лингвистические и методико-дидактические исследования» ISSN,1991-9700,
Научный журнал «Экономические системы»,2309-2076,08.00.05; 02.12.20; 16.10.20; 5.2.4; 5.2.5; 01.02.20; 5.2.3; 5.2.6; 23.09.20
"Научный информационный сборник ""Транспорт: наука, техника, управление""",0236-1914,05.22.01; 05.22.14; 05.22.19; 28.12.20; 16.10.20; 08.00.05; 2.9.3; 2.9.4; 2.9.5; 01.02.20; 5.2.3; 14.12.20
"Научный поиск: личность, образование, культура",2713-0959,5.8.1; 5.8.4; 5.8.7; 5.10.1; 20.12.20; 5.3.4; 5.3.5; 27.05.20
Научный портал МВД России,2073-4069,12.00.01; 12.00.08; 12.00.09; 12.00.10; 12.00.11; 12.00.12; 12.00.13; 28.12.20; 16.10.20; 12.00.14; 5.1.1; 5.1.2; 5.1.3; 5.1.4; 5.1.5; 01.11.20
Научный результат. Вопросы теоретической и прикладной лингвистики,2313-8912,10.01.03; 10.02.19; 10.02.20; 10.02.21; 09.08.20; 16.10.20; 5.9.2; 5.9.8; 28.11.20
Научный результат. Информационные технологии,2518-1092,1.2.1; 2.3.1; 20.03.20
Научный результат. Педагогика и психология образования,2313-8971,19.00.05; 19.00.13; 09.08.20; 16.10.20; 5.3.1; 5.3.4; 5.8.1; 5.8.2; 01.02.20; 5.8.7; 5.3.5; 5.3.7; 28.11.20
Научный результат. Социальные и гуманитарные исследования,2408-932X,24.00.01; 24.00.01; 25.12.20; 16.10.20; 5.7.1; 5.7.2; 5.7.6; 5.7.7; 5.7.8; 5.7.9; 01.02.20; 5.9.9; 5.10.1; 5.10.1; 5.12.3; 28.11.20
Научный результат. Социология и управление,2408-9338,5.4.4; 5.4.6; 5.4.7; 01.02.20
Научный результат. Технологии бизнеса и сервиса,2408-9346,08.00.05; 25.12.20; 16.10.20; 5.2.3; 5.2.5; 5.2.6; 28.11.20
Научный результат. Экономические исследования,2409-1634,5.2.3; 23.11.20; 5.2.4; 5.2.5
Национальная безопасность/NOTA BENE,2073-8560,08.00.05; 08.00.12; 08.00.13; 12.00.01; 12.00.02; 12.00.03; 12.00.04; 12.00.05; 12.00.06; 12.00.07; 12.00.08; 12.00.09; 12.00.10; 12.00.11; 12.00.12; 12.00.13; 12.00.14; 28.12.20; 16.10.20; 12.00.15
Национальное здравоохранение,2713-069X,3.2.3; 12.02.20
Национальное здоровье / National Health,2410-8952,14.02.05; 14.02.06; 19.00.04; 19.00.05; 19.00.13; 28.12.20; 16.10.20; 3.2.4; 5.3.1; 5.3.2; 5.3.3; 5.3.4; 5.3.8; 5.7.1; 5.7.2; 5.7.4; 5.7.6; 5.7.7; 01.02.20; 5.7.8
Национальные интересы: приоритеты и безопасность,2073-2872,
Национальный журнал глаукома,2078-4104,
Национальный психологический журнал/ National psychologica ljournal,2079-6617,05.26.02; 05.26.03; 13.00.04; 19.00.04; 19.00.05; 19.00.12; 19.00.13; 28.12.20; 16.10.20; 2.1.16; 5.3.1; 5.3.2; 5.3.3; 5.3.9; 5.3.4; 01.02.20; 5.3.8; 5.8.1; 5.8.7; 5.12.1
НАЧАЛА РУССКОГО МИРА,3034-1337,5.9.5; 5.9.6; 5.9.8; 27.05.20
Начальная школа,0027-7371,5.3.4; 5.8.2; 01.02.20
Неотложная кардиология Emergency cardiology,2413-8991,3.1.12; 3.1.18; 01.02.20
Начальное образование,1998-0728,5.8.1; 5.8.2; 5.8.7; 01.02.20
Неврологический вестник,1027-4898,
Неврологический журнал,1560-9545,3.1.24; 3.1.10; 01.02.20
Неврологический журнал имени Л.О. Бадаляна,2686-8997,1.5.7; 3.1.21; 3.1.24; 3.1.33; 26.01.20
"Неврология, нейропсихиатрия, психосоматика",2074-2711,14.01.06; 28.12.20; 16.10.20; 3.1.24; 01.02.20; 3.1.17; 11.12.20
"Недвижимость: экономика, управление",2073-8412,08.00.05; 28.12.20; 16.10.20; 2.1.7; 2.1.10; 2.1.13; 01.02.20; 2.1.14; 5.2.3; 15.02.20; 27.01.20
Недропользование (до 27.01.2021 наименование в Перечне «Вестник Пермского национального исследовательского политехнического университета. Геология. Нефтегазовое и горное дело» ISSN,2224-9923,
Недропользование-XXI век,1998-4685,1.6.1; 07.03.20; 1.6.9; 1.6.9
Неизвестный Достоевский,2409-5788,10.01.01; 10.01.10; 12.02.20; 16.10.20; 5.9.3; 01.02.20; 5.9.1; 5.9.2; 5.9.9; 5.6.8; 20.12.20
"Нейрокомпьютеры: разработка, применение",1999-8554,05.13.15; 28.12.20; 16.10.20; 1.2.2; 2.3.1; 2.3.3; 01.02.20; 2.3.5; 2.3.7; 2.3.8; 3.3.7; 3.3.9; 5.7.6; 29.03.20
Нейрохирургия,1683-3295,3.1.10; 01.02.20
Нейрохирургия и неврология детского возраста,1680-6786,3.1.24; 3.1.10; 01.02.20
Нелинейный мир,2070-0970,01.04.15; 28.12.20; 16.10.20; 1.3.3; 1.3.4; 1.3.4; 1.3.5; 1.3.6; 1.3.6; 1.3.7; 1.3.7; 1.3.8; 1.3.8; 2.3.1; 01.02.20; 1.2.1; 1.2.2; 2.3.1; 2.3.4; 20.03.20
"Неонатология: новости, мнения, обучение",2308-2402,3.1.21; 01.02.20
Неотложная кардиология и кардиоваскулярные риски,2616-633X,3.1.15; 3.1.18; 3.1.20; 3.1.27; 3.1.33; 3.3.6; 3.3.8; 01.02.20
Неотложная хирургия им. И.И. Джанелидзе,2712-9632,3.1.8; 3.1.9; 09.04.20; 3.1.10; 3.1.25
Неофилология,2587-6953,10.01.01; 10.02.01; 10.02.04; 24.00.01; 12.02.20; 16.10.20; 5.9.3; 01.02.20; 5.9.1; 5.9.5; 5.9.6; 5.9.9; 5.10.1; 08.02.20
Непрерывное образование: XXI,2308-7234,5.8.1; 5.8.2; 5.8.7; 01.02.20
Нервно-мышечные болезни,2222-8721,3.1.24; 01.02.20
Нервные болезни,2226-0757,3.1.24; 01.02.20
Нефрология,1561-6274,3.1.6; 3.1.14; 3.1.18; 3.1.19; 3.1.20; 3.1.21; 3.1.29; 01.02.20; 3.1.32; 3.3.8; 3.3.8; 22.05.20
Нефрология и диализ,1680-4422,3.1.14; 3.1.21; 3.1.32; 01.02.20; 3.1.4; 3.1.15; 3.1.18; 11.12.20
Нефтегазовое дело,2073-0128,05.02.13; 25.00.12; 28.12.20; 16.10.20; 2.6.17; 2.8.2; 2.8.4; 2.8.5; 01.02.20; 1.6.9; 01.02.20; 10.12.20; 2.5.21; 11.12.20; 2.8.3; 10.06.20; 05.17.06; 05.26.03; 28.12.20; 16.10.20
Нефтегазохимия,2310-8266,1.4.12; 1.4.12; 1.4.14; 1.4.14; 01.02.20
Нефтепереработка и нефтехимия,0233-5727,1.4.12; 1.4.12; 1.4.14; 1.4.14; 2.6.12; 2.6.12; 01.02.20
Нефтепромысловое дело. Oilfield Engineering,0207-2351,1.6.9; 2.6.12; 2.8.2; 2.8.4; 01.02.20
Нефть. Газ. Новации,2077-5423,25.00.12; 28.12.20; 16.10.20; 2.8.2; 01.02.20; 2.8.3; 2.8.4; 2.8.5; 1.2.1; 1.4.10; 1.4.12; 1.6.11; 1.6.11; 2.8.1; 22.11.20
Нефтяная провинция,2412-8910,2.8.2; 2.8.4; 01.02.20
Нефтяное хозяйство,0028-2448,1.6.11; 1.6.11; 2.8.1; 2.8.2; 2.8.3; 2.8.3; 2.8.4; 29.03.20; 2.8.4; 2.8.5
Нива Поволжья,1998-6092,05.20.01; 05.20.03; 06.01.02; 06.01.04; 06.01.05; 28.12.20; 16.10.20; 4.1.1; 01.02.20; 4.1.2; 4.2.4; 4.3.1; 26.01.20; 4.3.1; 22.05.20
Нижегородское образование,2073-1086,5.8.1; 5.8.2; 5.8.7; 01.02.20
Новая и новейшая история,0130-3864,5.6.1; 5.6.5; 01.02.20; 5.6.6; 5.6.7; 5.6.2; 5.6.4; 21.02.20
Новое в психолого- педагогических исследованиях,2072-2516,5.3.4; 5.8.1; 5.8.2; 5.8.7; 01.02.20; 5.3.7; 21.02.20; 05.09.01; 05.09.02; 05.09.03; 05.14.03; 05.14.08; 05.14.14; 28.12.20; 16.10.20; 2.4.1; 2.4.2; 2.4.5; 2.4.9; 11.12.20
Новое в экономической кибернетике,2523-448X,5.2.1; 20.02.20; 5.2.2; 5.2.3
Новое литературное обозрение,0869-6365,10.01.01; 24.00.01; 28.12.20; 16.10.20; 5.6.1; 5.9.3; 01.02.20
Новое прошлое / The New Past,2500-3224,10.01.03; 12.02.20; 16.10.20; 5.6.1; 5.6.2; 5.6.5; 5.6.7; 01.02.20
Новости навигации,2223-0475,05.22.13; 12.02.20; 16.10.20; 2.2.5; 2.2.16; 2.9.5; 01.02.20
Новости клинической цитологии России,1562-4943,3.1.6; 3.1.6; 3.3.2; 3.3.2; 3.3.8; 11.04.20
Новые горизонты русистики,3033-5795,5.8.2; 5.9.1; 5.9.5; 30.03.20
Новые данные о минералах,1816-546X,1.6.3; 1.6.4; 22.11.20
Новые психологические исследования,2782-2184,5.3.1; 5.3.5; 5.3.6; 5.3.7; 19.12.20; 17.06.20
Новые технологии / New technologies (до 17.06.2022 наименование в Перечне «Новые технологии»),2072-0920,05.18.01; 05.18.04; 05.18.05; 05.18.06; 05.18.12; 06.01.02; 06.01.04; 06.01.05; 06.01.08; 08.00.05; 28.12.20; 16.10.20; 4.1.1; 4.3.5; 01.02.20; 4.1.2; 4.1.4; 4.3.3; 13.10.20
Новый филологический вестник,2072-9316,10.01.01; 10.01.03; 26.03.20; 16.10.20; 5.9.3; 01.02.20
Нормативно-правовое регулирование в ветеринарии / Legal regulation in veterinary medicine,2782-6252,4.2.1; 4.2.2; 4.2.3; 4.2.4; 4.2.5; 4.2.6; 13.10.20
Нотарiальный вѣстникъ,1819-6624,12.00.03; 12.00.11; 12.00.15; 28.12.20; 16.10.20; 5.1.2; 5.1.3; 23.09.20
ОБЖ. Основы безопасности жизни,1998-0736,5.8.1; 5.8.2; 5.8.4; 5.8.6; 5.8.7; 31.01.20
Обзор педагогических исследований,2687-0428,13.00.04; 19.00.05; 25.12.20; 16.10.20; 5.3.1; 5.3.4; 5.8.1; 5.8.2; 5.8.7; 01.02.20; 5.3.5; 5.8.4; 08.02.20; 5.8.5; 5.8.6
Обзоры по клинической фармакологии и лекарственной терапии,1683-4100,3.3.6; 3.4.2; 01.02.20
Обогащение руд,0202-3776,2.6.2; 2.8.8; 2.8.9; 15.02.20
Обозреватель-Observer,2074-2975,5.5.2; 5.5.4; 01.02.20; 5.6.7; 30.06.20
Обозрение психиатрии и медицинской психологии имени В.М. Бехтерева,2313-7053,14.01.06; 14.01.27; 28.12.20; 16.10.20; 5.3.6; 01.02.20; 3.1.17; 3.1.17; 26.01.20
Оборонный комплекс – научно- техническому прогрессу России – научно-технический журнал,1729-6552,05.02.02; 05.02.13; 05.02.22; 05.13.15; 26.03.20; 16.10.20; 1.2.2; 01.02.20; 2.2.13; 2.2.14; 2.2.15; 2.2.16; 2.3.3; 2.3.4; 2.5.4; 2.5.5; 2.3.2; 2.5.2; 2.5.22; 14.12.20
Оборудование и технологии для нефтегазового комплекса,1999-6934,05.02.13; 05.02.23; 26.03.20; 16.10.20; 2.8.2; 2.8.4; 2.8.5; 01.02.20; 2.5.21; 2.5.22; 13.10.20
Обработка металлов (технология • оборудование • инструменты),1994-6309,05.02.13; 26.03.20; 16.10.20; 2.5.5; 01.02.20; 2.5.6; 2.5.8; 2.6.1; 2.6.5; 2.6.6; 2.6.17; 2.5.21; 14.12.20
Образование и культурное пространство,2713-2803,5.8.7; 5.10.3; 5.10.4; 27.06.20
Образование и наука,1994-5639,19.00.13; 28.12.20; 16.10.20; 5.8.1; 5.8.2; 5.8.7; 5.3.4; 01.02.20; 5.4.4; 5.4.7; 20.03.20
Образование и общество,2071-6710,13.00.05; 19.00.13; 28.12.20; 16.10.20; 5.8.1; 01.02.20; 5.8.2; 5.8.7; 5.3.7; 21.02.20
Образование и право,2076-1503,12.00.01; 12.00.02; 28.12.20; 16.10.20; 5.1.1; 5.1.2; 5.1.3; 20.07.20
Образование и саморазвитие,1991-7740,5.8.1; 5.8.2; 5.8.7; 01.02.20
Образование личности,2225-7330,19.00.13; 28.12.20; 16.10.20; 5.3.4; 5.8.2; 01.02.20
Образование. Наука. Научные кадры,2073-3305,08.00.05; 12.00.01; 12.00.02; 28.12.20; 16.10.20; 13.00.02; 5.8.2; 01.02.20; 5.1.1; 5.1.2; 5.1.3; 5.1.4; 5.2.3; 5.2.6; 5.8.7; 08.02.20; 19.00.13; 28.12.20; 16.10.20; 5.3.1
Образовательные ресурсы и технологии,2500-2112,2.3.1; 2.3.8; 5.8.2; 13.10.20; 5.8.7
Обсерватория культуры,2072-3156,17.00.01; 17.00.02; 17.00.03; 17.00.04; 17.00.05; 17.00.06; 17.00.09; 17.00.09; 24.00.01; 24.00.01; 24.00.01; 28.12.20; 16.10.20; 5.7.8; 5.10.2; 5.10.2; 01.02.20; 5.10.1; 5.10.1; 5.10.1
Общая реаниматология,1813-9779,3.1.12; 3.3.3; 3.3.3; 15.06.20
"Общенациональный научно- политический журнал ""Власть""",2071-5358,23.00.01; 23.00.03; 23.00.05; 23.00.06; 28.12.20; 16.10.20; 5.4.4; 5.4.5; 5.4.7; 5.5.2; 5.5.4; 5.6.1; 5.6.2; 5.6.5; 5.6.7; 01.02.20; 5.5.1; 5.5.3; 21.02.20
"Общероссийский научно- технический журнал ""Полет""",1684-1301,05.02.11; 05.07.06; 05.07.07; 05.07.10; 28.12.20; 16.10.20; 2.3.1; 01.02.20; 2.5.3; 2.5.6; 2.5.12; 2.5.13; 2.5.15; 2.5.16
Общественное здоровье,2782-1676,3.2.3; 15.02.20
Общественные науки и современность,0869-0499,08.00.05; 23.00.01; 23.00.03; 23.00.05; 28.12.20; 16.10.20; 5.2.1; 5.2.5; 5.5.2; 5.5.4; 01.02.20; 5.5.1; 5.5.1; 5.5.3; 5.7.7; 29.03.20
Общество и право,1727-4125,12.00.01; 28.12.20; 16.10.20; 12.00.02; 12.00.03; 12.00.08; 12.00.09; 12.00.11; 12.00.12; 12.00.14; 12.00.15; 5.1.1; 5.1.2; 5.1.3; 5.1.4; 28.11.20
Общество и экономика,0207-3676,22.00.03; 26.03.20; 16.10.20; 5.4.4; 5.4.7; 01.02.20; 5.2.1; 5.2.5; 21.02.20
Общество. Среда. Развитие.,1997-5996,24.00.01; 24.00.01; 24.00.01; 28.12.20; 16.10.20; 1.6.16; 5.10.2; 01.02.20; 5.4.2; 5.4.4; 5.4.7; 5.10.1; 5.10.1; 5.10.1; 5.10.2; 5.10.3; 21.02.20
"Общество: политика, экономика, право",2071-9701,08.00.05; 12.00.01; 12.00.08; 12.00.12; 12.00.14; 23.00.01; 23.00.03; 23.00.05; 23.00.06; 28.12.20; 16.10.20; 5.2.5; 01.02.20; 5.5.2; 5.5.4; 5.1.2; 5.2.3; 5.2.4; 5.5.1; 5.5.3
"Общество, право, государственность: ретроспектива и перспектива",2949-0979,5.1.4; 19.12.20
"Общество: социология, психология, педагогика",2221-2795,
"Общество: философия, история, культура",2221-2787,
Овощи России,2072-9146,06.01.02; 06.01.02; 06.01.04; 06.01.04; 06.01.05; 06.01.05; 06.01.06; 06.01.06; 06.01.07; 06.01.07; 06.01.08; 06.01.08; 06.01.09; 06.01.09; 28.12.20; 16.10.20; 4.1.1; 4.1.1; 01.02.20; 4.1.2
"Овцы, козы, шерстяное дело",2074-0840,06.02.07; 06.02.07; 06.02.08; 06.02.10; 06.02.10; 28.12.20; 16.10.20; 4.2.4; 4.2.4; 4.2.5; 4.2.5; 13.10.20
Огнеупоры и техническая керамика,0369-7290,1.4.15; 1.4.15; 01.02.20; 2.6.2; 2.6.3; 2.6.5; 2.6.6; 2.6.7; 2.6.7; 2.6.14; 2.6.14
Ожирение и метаболизм,2071-8713,
Ойкумена. Регионоведческие исследования: научно- теоретический журнал,1998-6785,22.00.03; 23.00.01; 28.12.20; 16.10.20; 5.4.1; 5.4.4; 5.5.2; 5.5.4; 5.6.1; 01.02.20; 5.4.2; 5.4.2; 5.5.1; 5.5.1; 5.5.3; 08.02.20
Окружающая среда и энерговедение,2658-6703,1.6.21; 12.02.20
Омский научный вестник,1813-8225,05.02.02; 05.02.11; 05.02.18; 05.02.22; 05.02.23; 05.09.01; 05.09.03; 05.11.06; 05.11.08; 05.11.10; 05.11.14; 05.11.18; 26.03.20; 16.10.20; 2.2.4; 2.2.5; 2.2.6; 2.2.8; 2.2.10; 2.2.11
Омский научный вестник. Серия «Авиационно-ракетное и энергетическое машиностроение»,2588-0373,
Омский научный вестник. Серия «Общество. История. Современность»,2542-0488,
Онкогематология,1818-8346,3.1.6; 3.1.6; 3.1.28; 01.02.20
Онкогинекология,2227-8710,3.1.4; 3.1.6; 3.1.6; 01.02.20
Онкология. Журнал им. П.А. Герцена,2305-218X,14.01.13; 28.12.20; 16.10.20; 3.1.6; 01.02.20; 3.1.9; 13.10.20
"Онкологический журнал: лучевая диагностика, лучевая терапия",2587-7593,14.01.13; 09.12.20; 16.10.20; 3.1.6; 01.02.20; 3.1.1; 3.1.6; 3.1.25; 25.05.20
Онкопедиатрия,2311-9977,14.01.13; 28.12.20; 16.10.20; 3.1.6; 3.1.11; 01.02.20
Онкоурология,1726-9776,3.1.6; 3.1.6; 3.1.13; 01.02.20
Онтология проектирования,2223-9537,
Оперативная хирургия и клиническая анатомия (Пироговский научный журнал),2587-7755,3.1.9; 3.3.1; 01.02.20; 3.1.7; 3.1.10; 13.07.20; 3.1.2; 09.04.20
Оперативник (сыщик),1999-2696,12.00.09; 12.00.12; 28.12.20; 16.10.20
Оптика атмосферы и океана,0869-5695,25.00.29; 28.12.20; 16.10.20; 1.3.6; 1.3.6; 01.02.20; 1.3.16; 1.3.19; 1.3.19; 1.6.18; 1.6.18; 1.6.18; 2.2.6; 2.2.6; 20.04.20
Оптика и спектроскопия,0030-4034,1.3.2; 1.3.3; 1.3.6; 1.3.6; 1.3.12; 1.3.16; 22.05.20; 1.3.19; 1.3.19; 2.2.6; 2.2.7; 2.2.7; 2.6.6
Оптический журнал,1023-5086,1.3.6; 1.3.6; 1.3.11; 1.3.19; 2.2.4; 2.2.6; 2.2.7; 2.2.7; 2.2.8; 2.2.10; 5.12.4; 29.03.20
Опухоли головы и шеи,2222-1468,14.01.13; 28.12.20; 16.10.20; 3.1.6; 01.02.20; 3.1.25; 07.12.20
Опухоли женской репродуктивной системы,1994-4098,14.01.13; 28.12.20; 16.10.20; 3.1.4; 3.1.6; 01.02.20
Организатор производства,1810-4894,08.00.05; 28.12.20; 16.10.20
Организационная психология,2312-5942,19.00.05; 28.12.20; 16.10.20; 5.3.3; 01.02.20; 5.3.5; 21.02.20
Организационная психолингвистика,2619-0273,5.3.1; 5.3.4; 5.9.8; 22.10.20; 5.12.3; 5.12.3; 27.06.20
"ОРГЗДРАВ: новости, мнения, обучение. Вестник ВШОУЗ",2411-8621,3.2.3; 5.2.3; 25.01.20
Оренбургский медицинский вестник,2309-0782,3.1.9; 3.2.1; 3.3.1; 13.07.20
Ориенталистика (Orientalistica),2618-7043,10.01.03; 25.12.20; 16.10.20; 5.6.1; 5.6.2; 5.6.3; 5.6.4; 5.6.5; 5.7.2; 5.7.8; 01.02.20; 5.7.8; 5.7.9; 5.7.9; 5.9.3; 5.9.4
Орошаемое земледелие,2618-8279,4.1.1; 4.1.2; 4.1.3; 4.1.4; 4.1.5; 4.1.5; 4.1.6; 13.10.20
Ортодоксия,2712-9276,
Ортодонтия,2924-7068,3.1.7; 01.02.20
"Ортопедия, травматология и восстановительная хирургия детского возраста",2309-3994,14.02.03; 28.12.20; 16.10.20; 3.1.8; 3.1.10; 3.1.11; 01.02.20
"Основы экономики, управления и права",2305-8641,5.2.3; 5.7.1; 5.7.7; 20.03.20
Остеопороз и остеопатии,2072-2680,1.5.5; 1.5.22; 3.1.8; 3.1.19; 3.1.27; 01.02.20
От химии к технологии шаг за шагом / From Chemistry Towards Technology Step-By- Step,2782-1900,1.4.3; 1.4.4; 1.4.7; 1.4.7; 2.6.13; 12.02.20
Отечественная геология,0869-7175,1.6.4; 1.6.4; 15.04.20; 1.6.4; 1.6.10; 1.6.10
Отечественная и зарубежная педагогика,2224-0772,5.8.1; 01.02.20; 5.3.4; 5.7.6; 5.8.2; 5.8.7; 20.12.20; 19.12.20
"Отечественная филология (до 19.12.2023 наименование в Перечне «Вестник Московского государственного областного университета. Cерия ""Русская филология"" ISSN",2072-8522,
Открытое образование,1818-4243,2.3.3; 5.8.2; 5.8.7; 01.02.20
Открытые системы. СУБД,1028-7493,05.13.17; 28.12.20; 16.10.20; 2.3.4; 2.3.5; 2.3.5; 01.02.20
Офтальмологические ведомости,1998-7102,3.1.5; 01.02.20
Офтальмология,1816-5095,3.1.5; 01.02.20
Офтальмохирургия,0235-4160,3.1.5; 01.02.20
П.О.И.С.К. (Политика. Обществоведение. Искусство. Социология. Культура),2072-6015,24.00.01; 28.12.20; 16.10.20; 5.4.4; 5.5.2; 01.02.20
"Палеоросия. Древняя Русь: во времени, в личностях, в идеях",2618-9674,5.6.1; 5.6.5; 5.9.1; 5.11.2; 27.03.20
Палимпсест. Литературоведческий журнал,2658-7475,5.9.1; 5.9.2; 5.9.3; 5.9.4; 01.10.20
Паллиативная медицина и реабилитация,2079-4193,3.1.6; 01.02.20
"Парадигмы управления, экономики и права",2782-5531,5.5.2; 5.5.3; 5.5.4; 04.02.20
Пародонтология,1683-3759,3.1.7; 3.3.1; 01.02.20; 3.1.2; 1.5.11; 12.03.20
ПАТЕНТЫ И ЛИЦЕНЗИИ. ИНТЕЛЛЕКТУАЛЬНЫЕ ПРАВА,2413-5631,
Патология кровообращения и кардиохирургия,1681-3472,3.1.6; 3.1.10; 3.1.12; 3.1.15; 3.1.20; 01.02.20; 3.3.3
Патологическая физиология и экспериментальная терапия,0031-2991,3.1.17; 3.1.18; 3.1.20; 3.1.20; 3.1.33; 3.1.33; 3.2.7; 3.3.3; 3.3.3; 3.3.4; 3.3.6; 3.3.6; 3.3.8; 08.12.20
Педагогика,0869-561X,5.8.1; 01.02.20; 5.8.2; 5.8.7; 23.09.20
Педагогика. Вопросы теории и практики,2686-8725,13.00.05; 08.07.20; 16.10.20; 5.8.3; 31.01.20; 5.8.1; 5.8.2; 01.02.20; 5.8.7; 5.3.4; 01.10.20; 19.00.13; 28.12.20; 16.10.20; 5.3.1; 5.3.2; 5.3.4; 5.8.1; 5.8.7; 01.02.20
Педагогика и психология образования,2500-297X,5.3.1; 5.3.4; 5.8.1; 5.8.2; 5.8.7; 01.02.20
Педагогика искусства,1997-4558,17.00.09; 24.00.01; 28.12.20; 16.10.20; 5.8.2; 5.8.7; 01.02.20
Педагогика сельской школы,2686-8652,5.8.1; 5.8.2; 5.8.7; 17.07.20
Педагогико-психологические и медико-биологические проблемы физической культуры и спорта,2070-4798,13.00.04; 28.12.20; 16.10.20; 5.8.4; 5.8.5; 5.8.6; 08.02.20
Педагогическая информатика,2077-9013,5.8.2; 5.8.7; 01.02.20
Педагогические измерения,2587-9375,5.8.1; 5.8.2; 01.02.20
Педагогические исследования,2782-2346,5.8.1; 5.8.7; 23.09.20
Педагогический журнал,2223-5434,5.8.1; 5.8.2; 01.02.20; 5.8.7
Педагогический журнал Башкортостана,1817-3292,13.00.05; 28.12.20; 16.10.20; 5.3.4; 5.8.1; 5.8.2; 5.8.7; 01.02.20
Педагогический ИМИДЖ,2409-5052,13.00.04; 13.00.05; 19.00.05; 28.12.20; 16.10.20; 5.3.4; 5.3.8; 5.8.1; 5.8.2; 5.8.3; 5.8.7; 01.02.20
Педагогический научный журнал,2949-0863,5.8.1; 5.8.2; 21.02.20; 5.8.7
Педагогическое образование / Pedagogical Education,2712-9950,5.8.1; 5.8.2; 5.8.7; 31.01.20
Педагогическое образование в России,2079-8717,13.00.04; 19.00.05; 28.12.20; 16.10.20; 5.3.1; 5.3.4; 5.8.1; 5.8.2; 5.8.7; 01.02.20
Педагогическое образование и наука,2072-2524,5.8.1; 5.8.2; 5.8.7; 01.02.20
Педиатрическая фармакология,1727-5776,14.01.28; 14.03.07; 14.03.09; 28.12.20; 16.10.20; 3.1.11; 3.1.21; 3.1.22; 3.1.29; 3.1.32; 3.3.6; 01.02.20; 3.1.20; 3.1.23; 3.1.3; 3.1.30; 15.02.20; 3.2.7; 3.2.7; 07.05.20
Педиатрия. Consilium Medicum (до 07.05.2019 . наименование в Перечне «Педиатрия – приложение к журналу «Consilium Medicum». ISSN,2413-8460,
Педиатрия. Журнал имени Г.Н. Сперанского 0031-403Х,1990-2182,3.1.11; 3.1.21; 3.3.6; 01.02.20
ПЕРВАЯ МИЛЯ LAST MILE,2070-8963,2.2.15; 01.02.20; 2.4.1; 20.03.20; 28.11.20
Первый экономический журнал (до 28.11.2022 наименование в перечне «Бюллетень транспортной информации» ISSN,2072-8115,
Пермский медицинский журнал,0136-1449,14.03.09; 28.12.20; 16.10.20; 3.1.4; 3.1.6; 3.1.9; 3.1.19; 3.1.21; 3.1.29; 3.2.2; 3.3.8; 01.02.20; 3.1.7; 3.1.18; 15.06.20; 3.1.20; 3.1.24; 3.2.4; 3.2.7
Перспективные материалы,1028-978X,01.04.15; 02.00.01; 26.03.20; 16.10.20; 1.3.8; 1.3.8; 1.3.11; 1.3.11; 1.3.17; 1.3.20; 1.4.1; 1.4.4; 1.4.4; 1.4.4; 1.4.6; 1.4.6; 1.4.6; 1.4.7; 1.4.8; 1.4.15
Перспективы науки,2077-6810,05.13.15; 05.13.15; 05.13.18; 13.00.04; 13.00.04; 13.00.05; 28.12.20; 16.10.20; 1.2.2; 2.1.1; 2.1.3; 2.1.7; 2.1.10; 2.1.11; 2.1.11; 01.02.20; 2.1.11; 2.1.12; 2.1.12; 2.1.13
Перспективы науки и образования,2307-2334,5.8.1; 5.8.2; 5.8.7; 01.02.20
Пест-Менеджмент / Pest- Management,2076-846X,1.5.12; 1.5.14; 1.5.15; 1.5.15; 3.2.2; 12.03.20
Петербургский исторический журнал. Исследования по российской и всеобщей истории,2311-603X,5.6.1; 5.6.2; 5.6.5; 01.02.20
Петербургский экономический журнал,2307-5368,08.00.05; 08.00.12; 08.00.13; 28.12.20; 16.10.20; 5.2.1; 5.2.4; 5.2.5; 01.02.20; 5.2.2; 5.2.3; 5.2.6; 27.06.20; 2.5.22; 12.02.20
Пиво и напитки,2072-9650,05.18.01; 05.18.05; 05.18.12; 05.18.15; 05.20.03; 28.12.20; 16.10.20; 4.3.5; 01.02.20; 4.3.3; 4.3.5; 4.3.5; 13.10.20
Пилотируемые полеты в космос,2226-7298,05.07.06; 05.07.07; 05.07.10; 05.26.02; 28.12.20; 16.10.20; 2.3.1; 2.3.3; 3.2.6; 01.02.20; 2.5.13; 15.02.20
Письма в Вавиловский журнал генетики и селекции,2686-8482,1.5.7; 1.5.22; 4.1.2; 4.1.2; 15.06.20
Письма в Эмиссия. Оффлайн (The Emissia. Offline Letters): электронный научный журнал,2500-2244,
Письма в Журнал технической физики,0320-0116,1.3.2; 1.3.2; 1.3.3; 1.3.5; 1.3.5; 1.3.6; 1.3.6; 1.3.8; 1.3.8; 1.3.9; 1.3.9; 1.3.11; 1.3.11; 1.3.13; 1.3.13; 1.3.19; 1.3.19; 1.3.21; 1.3.21; 2.2.2
Письма в Журнал Экспериментальной и теоретической физики,0370-274X,1.3.1; 1.3.3; 1.3.6; 1.3.8; 1.3.9; 1.3.10; 1.3.11; 1.3.12; 1.3.15; 1.3.16; 1.3.18; 2.2.7; 2.6.6; 20.03.20
Письма о материалах,2218-5046,01.04.15; 26.03.20; 16.10.20; 1.1.8; 01.02.20; 1.3.8; 2.6.1; 2.6.2; 2.6.4; 2.6.6; 2.6.6; 2.6.17
Письменные памятники Востока,1811-8062,5.6.2; 5.6.5; 5.7.2; 5.9.2; 19.12.20
Пищевая промышленность,0235-2486,05.18.01; 05.18.01; 05.18.04; 05.18.05; 05.18.06; 05.18.12; 05.18.15; 05.18.15; 28.12.20; 16.10.20; 05.18.17; 4.3.5; 01.02.20; 4.3.3; 4.3.3; 4.3.5; 4.3.5; 13.10.20
Пищевые системы – Food systems,2618-9771,2.7.1; 4.3.3; 4.3.5; 17.06.20; 18.11.20
"Пластическая хирургия и эстетическая медицина (до 18.11.2019 г. . наименование в Перечне «Анналы пластической, реконструктивной и эстетической хирургии» ISSN",2072-8093,
Плодоводство и виноградарство Юга России,2219-5335,05.18.01; 06.01.05; 06.01.07; 15.10.20; 16.10.20; 06.01.08; 4.1.2; 4.1.3; 4.1.4; 4.1.4; 4.3.3; 4.3.5; 15.02.20
Плодоводство и ягодоводство России,2073-4948,06.01.08; 28.12.20; 16.10.20; 4.1.1; 01.02.20; 4.1.2; 4.1.3; 4.1.4; 15.02.20
Плодородие,1994-8603,06.01.02; 06.01.02; 06.01.03; 06.01.03; 06.01.04; 06.01.04; 06.01.04; 06.01.07; 06.01.07; 26.03.20; 16.10.20; 06.01.08; 06.01.08; 06.01.09; 06.01.09; 4.1.1; 4.1.1; 01.02.20; 1.5.15; 1.5.19
Поведенческая неврология,2712-9675,3.1.24; 20.05.20
Поволжская археология,2306-4099,5.6.3; 5.6.4; 5.6.5; 01.02.20
Поволжский онкологический вестник,2078-1466,3.1.6; 3.1.9; 13.10.20
Поволжский педагогический поиск,2307-1052,5.8.1; 5.8.4; 21.02.20; 5.8.7; 5.9.1; 5.9.8
Подводные исследования и робототехника,1992-4429,1.3.7; 2.2.4; 2.2.11; 2.3.1; 01.02.20
Подъемно-транспортное дело,2077-5903,05.02.02; 05.02.23; 05.04.13; 05.05.04; 28.12.20; 16.10.20; 2.5.3; 01.02.20
Пожарная безопасность,2411-3778,05.26.03; 26.03.20; 16.10.20; 2.1.15; 2.10.1; 2.10.1; 14.12.20
Пожарная и аварийная безопасность,2542-162X,5.3.3; 5.8.7; 2.5.3; 22.10.20
Пожаровзрывобезопасность /Fire and Explosion Safety,0869-7493,2.1.15; 15.02.20; 2.3.1; 2.3.1; 2.3.3; 2.3.4; 2.3.7; 2.3.7; 2.6.17; 2.6.17; 2.6.17
"Пожары и чрезвычайные ситуации: предотвращение, ликвидация",2071-9116,05.26.02; 05.26.03; 26.03.20; 16.10.20; 2.1.16; 2.3.3; 2.3.4; 01.02.20; 2.1.15; 2.10.1; 2.10.1; 2.10.2; 2.10.2; 2.10.3; 2.10.3; 15.02.20
Познание и переживание,2782-2168,5.3.1; 5.3.5; 19.12.20
Ползуновский вестник,2072-8921,05.17.06; 05.18.01; 05.18.04; 05.18.15; 26.03.20; 16.10.20; 2.6.1; 2.6.13; 2.6.17; 01.02.20; 2.6.11; 4.3.3; 13.10.20; 27.05.20
Полилингвиальность и транскультурные практики / Polylinguality & Transcultural Practices (до 27.05.2019 г. наименование в Перечне «Вестник Российского университета дружбы народов. Серия «Вопросы образования: языки и специальность» ISSN,2312-8011,
Полилог / Polylogos,2587-7011,23.00.01; 25.12.20; 16.10.20; 5.5.2; 5.7.1; 5.7.2; 5.7.6; 5.7.7; 01.02.20
Полимерные материалы и технологии,2415-7260,05.17.06; 05.17.06; 26.03.20; 16.10.20; 1.4.3; 1.4.7; 1.4.7; 1.4.7; 1.4.8; 1.4.8; 1.4.12; 1.4.12; 2.6.10; 2.6.10; 2.6.15; 2.6.15; 2.6.15; 01.02.20; 1.4.3; 1.4.4
ПОЛИС. Политические исследования,1026-9487,23.00.01; 23.00.03; 23.00.05; 23.00.06; 28.12.20; 16.10.20; 5.4.5; 5.4.5; 5.5.2; 5.5.4; 01.02.20; 5.5.1; 5.5.3; 28.11.20
Политематический сетевой электронный научный журнал Кубанского государственного аграрного университета,1990-4665,05.20.01; 06.01.05; 06.02.10; 12.02.20; 16.10.20; 4.1.1; 01.02.20; 4.2.3; 01.02.20; 14.02.20; 4.1.2; 4.1.2; 4.1.3; 4.1.3; 4.1.4; 4.3.1; 5.2.2; 15.02.20
Политехнический вестник. Серия. Интеллект. Инновация. Инвестиции.,2520-2235,1.3.3; 1.3.8; 1.3.14; 1.3.14; 01.02.20
Политехнический вестник. Серия: Инженерные исследования,2520-2227,2.6.1; 2.6.2; 2.6.5; 01.02.20
Политика и общество,2454-0684,5.1.2; 5.1.5; 5.4.4; 5.4.5; 5.4.5; 5.5.1; 5.5.1; 5.5.2; 19.12.20; 5.5.3; 5.5.4
Политическая лингвистика,1999-2629,10.01.10; 10.02.01; 10.02.04; 10.02.19; 10.02.20; 28.12.20; 16.10.20; 5.9.5; 5.9.6; 5.9.8; 5.9.9; 21.02.20
Политическая наука,1998-1775,23.00.01; 23.00.03; 23.00.05; 28.12.20; 16.10.20; 5.5.2; 5.5.4; 01.02.20; 5.5.1; 5.5.3; 5.4.5; 5.4.5; 21.02.20
Политическая экспертиза: ПОЛИТЭКС,1818-4499,5.5.1; 29.03.20; 5.5.2; 5.5.3; 5.5.4
ПОЛИТИЯ. Журнал политической философии и социологии политики,2078-5089,23.00.01; 23.00.03; 23.00.05; 23.00.06; 28.12.20; 16.10.20; 5.5.2; 5.5.4; 01.02.20
Политравма/Polytrauma,1819-1495,3.1.10; 3.1.12; 13.10.20; 3.1.8; 3.1.9; 3.3.3; 3.3.3; 01.02.20
Полицейская деятельность,2454-0692,5.8.1; 5.8.7; 01.02.20; 5.1.4; 21.02.20
Полицейская и следственная деятельность,2409-7810,12.00.02; 12.00.03; 28.12.20; 16.10.20; 12.00.04; 12.00.05; 12.00.06; 12.00.07; 12.00.08; 12.00.09; 12.00.11; 12.00.12; 12.00.14; 5.1.4; 17.07.20
Полупроводниковая светотехника,2079-9462,2.1.3; 2.2.2; 2.2.2; 2.2.6; 2.2.6; 2.4.11; 15.02.20
Постсоветские исследования,2618-7426,5.6.7; 5.5.4; 22.10.20
Постсоветский материк,2311-6412,5.2.5; 5.5.2; 01.02.20; 5.6.1; 5.6.2; 25.06.20
Почвы и окружающая среда,2618-6802,1.5.15; 1.5.19; 15.06.20
Правда и закон,2587-8387,5.1.1; 5.1.2; 5.1.3; 5.1.4; 5.8.2; 01.11.20
Право и бизнес,2712-8865,5.1.3; 19.12.20
Право в Вооруженных Силах - Военно-правовое обозрение,2219-5947,12.00.08; 12.00.11; 28.12.20; 16.10.20; 12.00.03; 12.00.10; 12.00.14; 31.10.20; 16.10.20; 20.00.00; 31.10.20; 28.02.20; 5.1.2; 15.02.20; 5.1.3; 5.1.4; 5.1.5; 6.0.0; 20.04.20
Право и государство: теория и практика,1815-1337,12.00.01; 12.00.02; 12.00.03; 12.00.04; 12.00.05; 12.00.06; 12.00.07; 12.00.08; 12.00.09; 12.00.10; 12.00.11; 12.00.12; 12.00.13; 12.00.14; 12.00.15; 28.12.20; 16.10.20; 5.1.1; 5.1.2; 5.1.3
Право и политика,1811-9018,12.00.01; 12.00.02; 12.00.03; 12.00.04; 12.00.05; 28.12.20; 16.10.20; 12.00.08; 12.00.09; 12.00.10; 12.00.11; 12.00.12; 12.00.14; 12.00.15; 5.1.1; 5.1.2; 5.1.3; 5.1.4; 5.1.5; 5.5.1
Право и практика,2411-2275,12.00.01; 12.00.02; 12.00.03; 28.12.20; 16.10.20; 12.00.04; 12.00.05; 12.00.06; 12.00.07; 12.00.08; 12.00.09; 12.00.10; 12.00.11; 12.00.12; 12.00.14; 5.1.1; 5.1.2; 5.1.3; 5.1.4; 21.02.20
Право и современные государства,2307-3306,08.00.05; 12.00.01; 12.00.02; 12.00.08; 28.12.20; 16.10.20; 12.00.14; 23.00.01; 5.2.1; 5.5.2; 5.5.4; 01.02.20; 5.1.1; 5.1.2; 5.1.4; 5.2.6; 21.02.20
Право и управление. XXI век,2073-8420,12.00.01; 12.00.02; 12.00.03; 12.00.10; 12.00.14; 28.12.20; 16.10.20; 5.1.1; 5.1.2; 5.1.5; 5.2.5; 08.02.20
Право и управление,2224-9133,5.1.3; 5.1.4; 20.07.20
Право и экономика,0869-7671,12.00.03; 28.12.20; 16.10.20; 5.1.3; 21.02.20
Право интеллектуальной собственности,2072-4322,12.00.03; 28.12.20; 16.10.20; 5.1.1; 5.1.3; 5.1.5; 5.2.5; 5.2.6; 28.11.20
Право: история и современность,2588-0012,12.00.01; 12.00.08; 04.02.20; 16.10.20; 5.1.1; 5.1.2; 5.1.3; 5.1.4; 20.07.20
Право. Безопасность. Чрезвычайные ситуации,2074-1626,5.1.1; 25.06.20; 5.1.4
Право. Журнал Высшей школы экономики,2072-8166,12.00.01; 12.00.02; 12.00.03; 12.00.10; 28.12.20; 16.10.20; 5.1.1; 5.1.2; 5.1.3; 5.1.4; 5.1.5; 28.11.20
Правовая жизнь,2307-5198,12.00.01; 12.00.02; 12.00.03; 12.00.14; 28.12.20; 16.10.20; 5.1.1; 5.1.2; 5.1.3; 21.02.20
Правовая информатика,1994-1404,2.3.1; 15.11.20; 5.1.2
Правовая культура,1992-5867,12.00.01; 12.00.02; 12.00.08; 12.00.11; 12.00.14; 12.00.15; 28.12.20; 16.10.20; 5.1.1; 5.1.2; 5.1.3; 5.1.4; 20.07.20
Правовая политика и правовая жизнь,1608-8794,12.00.01; 12.00.02; 12.00.03; 12.00.04; 12.00.10; 12.00.14; 12.00.15; 28.12.20; 16.10.20; 12.00.05; 12.00.06; 12.00.08; 12.00.09; 12.00.12; 12.00.13; 05.04.20; 16.10.20; 5.1.1; 5.1.2; 5.1.3
Правоведение (до 25.12.2020 наименование в Перечне «Известия высших учебных заведений. Правоведение» ISSN 0131- 8039),2658-6037,12.00.01; 12.00.02; 12.00.03; 12.00.04; 12.00.05; 12.00.06; 12.00.07; 12.00.08; 28.12.20; 16.10.20; 12.00.09; 12.00.10; 12.00.11; 12.00.12; 12.00.13; 12.00.14; 12.00.15; 5.1.1; 5.1.2; 5.1.3
Правовое государство: теория и практика,2500-0217,12.00.01; 12.00.02; 12.00.03; 12.00.04; 12.00.05; 12.00.06; 28.12.20; 16.10.20; 12.00.07; 12.00.08; 12.00.09; 12.00.10; 12.00.11; 12.00.12; 12.00.13; 12.00.14; 12.00.15; 5.1.1; 5.1.2; 5.1.3
"ПРАВОПОРЯДОК: ИСТОРИЯ, ТЕОРИЯ, ПРАКТИКА",2311-696X,12.00.01; 12.00.08; 12.00.09; 12.00.10; 12.00.11; 05.02.20; 16.10.20; 12.00.14; 5.1.4; 20.12.20; 5.1.1; 5.1.2; 5.1.5; 19.12.20
Правоприменение,2542-1514,12.00.01; 12.00.02; 12.00.04; 12.00.08; 12.00.09; 12.00.10; 12.00.11; 12.00.12; 12.00.13; 12.00.14; 12.00.15; 26.03.20; 16.10.20; 5.1.1; 5.1.2; 5.1.3; 21.02.20; 5.1.4; 5.1.5
Правовой энергетический форум,2312-4350,12.00.07; 28.12.20; 16.10.20; 5.1.2; 5.1.3; 5.1.5; 23.09.20
Правосудие / Justice,2686-9241,5.1.1; 5.1.2; 5.1.3; 5.1.4; 5.1.5; 01.11.20
Практика противокоррозионной защиты,1998-5738,1.4.6; 1.4.6; 1.4.6; 2.6.9; 2.6.9; 01.02.20
Практика педиатра,2658-7319,14.01.28; 27.01.20; 16.10.20; 3.1.20; 3.1.21; 3.1.22; 3.1.23; 3.1.32; 01.02.20; 3.1.3; 22.11.20; 3.1.19; 3.1.29; 3.1.30; 3.2.7; 3.1.25; 12.03.20
"Практики и интерпретации: журнал филологических, образовательных и культурных исследований",2415-8852,5.9.1; 5.9.2; 29.03.20
Практическая аллергология,2712-9667,3.1.23; 3.2.7; 15.06.20
Практическая медицина,2072-1757,14.01.06; 14.01.28; 28.12.20; 16.10.20; 3.1.4; 3.1.18; 3.1.19; 3.1.20; 3.1.21; 3.1.22; 3.1.24; 3.1.29; 01.02.20
Практическая онкология Ежеквартальный тематический журнал,1726-9814,14.01.13; 14.03.07; 14.03.07; 28.12.20; 16.10.20; 3.1.6; 3.1.6; 3.3.6; 3.3.6; 01.02.20
Практическая пульмонология,2409-6636,3.1.29; 01.02.20
Практическая силовая электроника,1996-7888,05.09.01; 05.09.02; 05.09.03; 05.09.05; 05.09.10; 05.09.12; 28.12.20; 16.10.20; 2.2.2; 2.4.1; 2.4.2; 2.4.5; 20.03.20
Практический маркетинг,2071-3762,08.00.05; 28.12.20; 16.10.20; 5.2.3; 21.02.20
Предпринимательское право,1999-4788,12.00.03; 28.12.20; 16.10.20; 5.1.3; 23.09.20
"Представительная власть - XXI век: законодательство, комментарии, проблемы (Represen tativepower - 21st Century: Legislation, Commentary, Problems)",2073-9532,12.00.01; 12.00.02; 12.00.04; 12.00.08; 28.12.20; 16.10.20; 12.00.10; 23.00.01; 23.00.03; 23.00.05; 23.00.06; 5.5.2; 5.5.4; 01.02.20; 5.1.1; 5.1.2; 5.1.3; 5.1.4; 5.1.5; 5.2.1
Пренатальная диагностика,0234-4521,14.01.13; 28.12.20; 16.10.20; 3.1.25; 15.02.20
Преподавание истории в школе,0132-0696,13.00.05; 28.12.20; 16.10.20; 5.6.1; 5.6.2; 5.6.4; 5.6.5; 5.8.1; 5.8.2; 01.02.20; 5.8.7
Преподавание истории и обществознания в школе,2074-4935,5.8.1; 5.8.2; 5.8.7; 01.02.20; 5.6.1; 5.6.2; 19.12.20
Преподаватель ХХI век,2073-9613,10.02.01; 10.02.02; 10.02.03; 10.02.04; 10.02.05; 10.02.19; 10.02.20; 10.02.22; 13.00.04; 13.00.05; 28.12.20; 16.10.20; 5.6.1; 5.6.2; 5.6.3; 5.6.5; 01.02.20; 5.6.6; 5.6.7; 5.8.1
Препринты ИПМ им. М.В. Келдыша,2071-2901,
Приборы и системы разведочной геофизики,2074-8906,1.6.9; 1.6.9; 1.6.9; 01.02.20
"Приборы и системы. Управление, контроль, диагностика",2073-0004,05.11.06; 05.11.08; 05.11.14; 05.11.18; 05.13.05; 05.13.12; 05.13.15; 05.13.17; 28.12.20; 16.10.20; 05.25.05; 11.07.20; 16.10.20; 1.2.2; 2.2.4; 2.2.5; 2.2.6; 2.2.8; 2.2.10; 2.2.11
Приборы и техника эксперимента,0032-8162,1.3.1; 1.3.1; 1.3.2; 1.3.2; 1.3.4; 1.3.4; 1.3.5; 1.3.5; 1.3.6; 1.3.6; 1.3.7; 1.3.7; 1.3.8; 1.3.8; 1.3.9; 1.3.9; 1.3.10; 1.3.10; 1.3.11; 1.3.11
Приводы и компоненты машин,2223-1587,05.02.02; 05.02.18; 05.02.23; 26.03.20; 16.10.20; 05.09.03; 2.5.3; 01.02.20
Приволжский научный журнал,1995-2511,05.23.16; 05.23.07; 28.12.20; 16.10.20; 2.1.1; 2.1.3; 2.1.4; 2.1.5; 2.1.10; 2.1.11; 2.1.12; 2.1.13; 01.02.20; 2.1.6; 13.10.20
Прикаспийский журнал: управление и высокие технологии,2074-1707,05.11.01; 05.11.16; 05.11.17; 05.13.01; 05.13.05; 05.13.10; 28.12.20; 16.10.20; 05.13.11; 05.13.18; 05.13.19; 1.2.2; 2.2.4; 2.2.11; 2.2.12; 2.3.1; 2.3.4; 2.3.5; 2.3.6; 01.02.20
Прикладная дискретная математика,2071-0410,01.01.06; 01.01.09; 05.13.17; 05.13.17; 28.12.20; 16.10.20; 2.3.5; 2.3.6; 2.3.6; 01.02.20; 1.1.5; 1.2.3; 26.01.20
Прикладная информатика / Journal of Applied Informatics,1993-8314,05.13.17; 08.00.13; 28.12.20; 16.10.20; 1.2.2; 2.3.5; 2.3.6; 01.02.20; 2.3.8; 5.2.2; 15.02.20
Прикладная математика и вопросы управления / Applied Mathematics and Control Sciences,2499-9873,08.00.13; 19.04.20; 16.10.20; 1.2.2; 2.3.1; 2.3.3; 2.3.4; 01.02.20; 1.1.2; 1.2.1; 1.2.2; 2.3.5; 15.02.20; 2.3.7; 5.2.2; 5.2.2; 22.12.20
Прикладная математика & Физика (до 22.12.2020 наименование в Перечне «Научные ведомости Белгородского государственного университета. Серия: Математика. Физика» ISSN,2075-4639,
Прикладная психология и педагогика,2500-0543,5.3.3; 5.3.9; 5.8.1; 5.8.7; 01.02.20
Прикладная физика,1996-0948,05.11.14; 28.12.20; 16.10.20; 1.3.2; 1.3.2; 1.3.4; 1.3.5; 1.3.9; 1.3.11; 1.3.13; 1.3.19; 1.3.20; 2.2.2; 2.2.4; 2.2.6; 2.2.10; 01.02.20; 2.2.9; 20.03.20
Прикладная физика и математика,2307-1621,01.01.02; 01.01.03; 01.04.15; 01.04.15; 01.04.16; 01.04.23; 01.04.23; 05.07.06; 28.12.20; 16.10.20; 05.07.07; 1.3.2; 1.3.3; 1.3.8; 1.3.8; 1.3.9; 1.3.9; 1.3.10; 1.3.12; 1.3.12
Прикладная эконометрика,1993-7601,08.00.05; 08.00.12; 08.00.13; 08.00.13; 28.12.20; 16.10.20; 1.1.4; 01.02.20; 5.2.1; 5.2.4; 5.2.2; 5.2.3; 5.4.2; 5.4.2; 5.4.3; 5.4.3; 5.5.3; 20.03.20
Прикладная юридическая психология,2072-8336,19.00.05; 28.12.20; 16.10.20; 5.3.1; 5.3.4; 5.3.9; 01.02.20
Прикладные информационные аспекты медицины,2070-9277,1.5.4; 3.1.7; 3.4.2; 11.04.20
Прикладные экономические исследования,2313-2086,5.2.3; 5.2.4; 5.2.5; 5.2.6; 21.02.20
Приложение международного научного журнала «Вестник психофизиологии»,2587-5558,5.3.1; 5.3.3; 5.3.7; 5.3.8; 01.11.20; 5.3.9; 5.8.1; 5.8.3; 5.8.6; 5.8.7; 3.3.3; 3.3.3; 3.3.8; 3.3.8; 3.3.9
Принципы экологии,2304-6465,03.02.09; 09.12.20; 16.10.20; 1.5.12; 1.5.15; 1.5.16; 01.02.20; 03.01.08; 03.01.07; 28.12.20; 16.10.20; 1.5.8; 1.5.21; 1.6.2; 01.02.20; 1.4.7; 1.5.2; 1.5.3; 1.5.4; 1.5.5
Природные и техногенные риски. Безопасность сооружений,2221-5638,05.26.02; 05.26.03; 25.00.01; 25.00.03; 31.01.20; 16.10.20; 1.6.7; 1.6.9; 1.6.21; 2.1.1; 2.1.2; 2.1.5; 2.1.8; 2.1.9; 2.1.10; 01.02.20; 1.6.1; 20.03.20; 2.1.15
Природные ресурсы Арктики и Субарктики Arctic and Subarctic Natural Resources,2618-9712,25.00.01; 22.12.20; 16.10.20; 1.5.15; 1.5.20; 1.5.20; 1.6.3; 1.6.7; 1.6.7; 1.6.7; 1.6.10; 2.6.6; 2.6.17; 01.02.20; 1.6.1; 22.11.20
Природообустройство,1997-6011,05.23.07; 05.23.16; 06.01.02; 28.12.20; 16.10.20; 2.1.6; 4.1.5; 4.1.6; 22.11.20
Пробелы в российском законодательстве. Юридический журнал,2072-3164,
Проблемы агрохимии и экологии,2072-0386,06.01.03; 06.01.04; 28.12.20; 16.10.20; 1.5.15; 1.5.19; 01.02.20; 4.1.3; 4.1.3; 4.1.3; 4.1.5; 4.1.5; 4.1.5; 07.12.20
Проблемы Арктики и Антарктики,0555-2648,25.00.29; 25.00.30; 25.00.30; 28.12.20; 16.10.20; 1.6.8; 1.6.14; 1.6.16; 1.6.16; 1.6.17; 1.6.17; 01.02.20; 1.6.1; 1.6.18; 1.6.18; 20.03.20
Проблемы биологии продуктивных животных,1996-6733,06.02.07; 06.02.08; 12.02.20; 16.10.20; 06.02.08; 1.5.5; 1.5.6; 01.02.20; 4.2.4; 4.2.4; 4.2.5; 11.04.20
Проблемы востоковедения,2223-0564,10.01.02; 10.02.02; 10.02.19; 10.02.20; 28.12.20; 16.10.20; 5.6.1; 5.6.2; 5.9.3; 5.9.4; 01.02.20; 5.9.1; 5.9.5; 5.9.8; 21.02.20
Проблемы гастроэнтерологии,0868-8109,14.01.28; 28.12.20; 16.10.20; 3.1.9; 01.02.20
Проблемы Дальнего Востока,0131-2812,5.2.5; 5.5.2; 5.5.4; 5.6.2; 5.6.7; 01.02.20
Проблемы информатики,2073-0667,05.13.17; 31.10.20; 16.10.20; 1.2.2; 2.3.5; 01.02.20; 1.2.3; 2.3.8; 15.02.20
Проблемы информационной безопасности. Компьютерные системы,2071-8217,2.3.3; 2.3.5; 2.3.6; 2.3.6; 01.02.20; 1.2.4; 11.12.20
"Проблемы истории, филологии, культуры",1992-0431,5.6.2; 5.6.3; 5.6.4; 01.02.20
Проблемы исторической поэтики,2411-4642,10.01.01; 10.01.03; 26.03.20; 16.10.20; 5.9.3; 5.9.4; 01.02.20; 5.9.1; 5.9.2; 5.9.9; 23.09.20
Проблемы машиностроения и автоматизации,0234-6206,01.02.01; 01.02.01; 01.02.06; 01.02.06; 05.02.02; 05.02.11; 05.02.22; 05.02.23; 05.14.01; 28.12.20; 16.10.20; 1.1.8; 1.1.9; 2.5.3; 2.5.5; 2.5.6; 2.5.8; 01.02.20; 1.1.7; 20.03.20
Проблемы машиностроения и надежности машин,0235-7119,1.1.7; 1.1.9; 2.3.3; 2.5.3; 2.5.4; 2.5.5; 2.5.6; 2.5.7; 2.5.8; 2.5.10; 2.5.11; 2.5.22; 2.6.1; 2.6.5; 2.6.6; 20.03.20; 2.6.17
Проблемы медицинской микологии,1999-6780,1.5.18; 3.1.23; 01.02.20
Проблемы межрегиональных связей,2414-5734,5.2.3; 5.10.1; 5.10.1; 30.10.20; 29.03.20
Проблемы музыкальной науки / Music Scholarship (До 29.03.2022 наименование в Перечне «Проблемы музыкальной науки» ISSN,1997-0854,
Проблемы музыкальной науки / Music Scholarship,2782-3598,5.8.2; 5.10.1; 5.10.1; 21.02.20; 24.04.20
Проблемы национальной стратегии,2079-3359,08.00.05; 28.12.20; 16.10.20; 5.2.4; 5.2.5; 5.5.2; 5.6.1; 5.6.2; 5.6.4; 01.02.20; 5.6.7
Проблемы особо опасных инфекций,0370-1069,05.26.06; 05.26.06; 28.12.20; 16.10.20; 1.5.11; 1.5.11; 3.2.2; 3.2.2; 01.02.20; 3.2.6; 26.01.20
Проблемы постсоветского пространства,2313-8920,5.2.5; 5.5.2; 5.5.4; 5.6.7; 01.02.20
Проблемы права,2075-7913,12.00.01; 12.00.02; 12.00.03; 12.00.08; 12.00.09; 12.00.14; 28.12.20; 16.10.20; 5.1.1; 5.1.2; 21.02.20; 5.1.3; 5.1.4
Проблемы прогнозирования,0868-6351,5.2.1; 5.2.2; 5.2.3; 5.2.4; 5.2.5; 5.2.6; 5.2.7; 29.03.20
Проблемы правоохранительной деятельности,1819-7426,5.1.2; 5.1.4; 27.05.20
Проблемы прочности и пластичности,1814-9146,01.02.06; 01.02.06; 28.12.20; 16.10.20; 1.1.8; 01.02.20; 1.1.7; 1.1.8; 20.03.20
Проблемы развития АПК региона,2079-0996,05.18.01; 05.18.01; 05.18.15; 28.12.20; 16.10.20; 06.01.02; 06.01.04; 06.01.05; 06.01.07; 06.01.08; 06.01.09; 06.02.01; 06.02.08; 06.02.10; 4.1.1; 4.2.3; 4.3.5; 01.02.20; 4.1.3; 4.1.4
Проблемы развития территории,2076-8915,
Проблемы региональной экологии,1728-323X,1.5.15; 1.6.12; 1.6.13; 1.6.21; 01.02.20
Проблемы репродукции,1025-7217,3.1.4; 3.1.13; 3.1.19; 01.02.20
"Проблемы сбора, подготовки и транспорта нефти и нефтепродуктов",1998-8443,25.00.12; 28.12.20; 16.10.20; 05.26.03; 04.03.20; 16.10.20; 1.5.15; 1.6.9; 2.8.2; 2.8.4; 2.8.5; 01.02.20; 1.6.11; 15.02.20
Проблемы современного образования,2218-8711,19.00.04; 19.00.05; 28.12.20; 16.10.20; 5.3.1; 5.3.3; 5.3.4; 5.7.1; 5.7.2; 5.7.6; 5.7.7; 5.8.1; 5.8.2; 5.8.7; 01.02.20; 5.3.5; 21.02.20
Проблемы современного педагогического образования,2311-1305,19.00.13; 28.12.20; 16.10.20; 5.3.1; 5.3.4; 01.02.20; 5.8.1; 5.8.2; 5.8.3; 5.8.7
Проблемы современной экономики,1818-3395,
Проблемы социально- экономического развития Сибири,2224-1833,08.00.05; 08.00.12; 08.00.13; 28.12.20; 16.10.20; 5.2.1; 5.2.4; 5.6.1; 5.6.5; 01.02.20; 5.2.2; 5.2.3; 21.02.20
Проблемы стандартизации в здравоохранении,1607-2502,14.02.03; 28.12.20; 16.10.20; 3.2.3; 26.01.20
Проблемы стоматологии,2077-7566,3.1.7; 01.02.20
Проблемы теории и практики управления,0234-4505,08.00.05; 26.03.20; 16.10.20; 2.3.4; 5.2.5; 01.02.20
Проблемы управления рисками в техносфере,1998-8990,05.26.02; 05.26.03; 28.12.20; 16.10.20; 3.2.6; 2.10.1; 2.10.1; 2.10.2; 2.10.2; 14.12.20
Проблемы управления/Control Sciences,1819-3161,08.00.05; 08.00.13; 08.00.13; 28.12.20; 16.10.20; 1.2.2; 1.2.2; 2.3.1; 2.3.4; 2.3.5; 01.02.20; 2.3.5
Проблемы черной металлургии и материаловедения,1997-9258,2.6.1; 2.6.2; 2.6.4; 2.6.5; 01.02.20
Проблемы экономики и управления нефтегазовым комплексом,1999-6942,08.00.05; 28.12.20; 16.10.20; 5.2.5; 01.02.20; 5.2.3; 5.2.6; 23.09.20; 06.02.20
Проблемы экономики и юридической практики (До 06.02.2017 г. наименование в Перечне Бизнес в законе. Экономико-юридический журнал ISSN,1816-921X,
Программная инженерия,2220-3397,01.01.09; 26.03.20; 16.10.20; 05.13.05; 05.13.15; 05.13.17; 1.1.1; 1.2.2; 1.2.2; 2.2.11; 2.3.4; 2.3.5; 2.3.5; 2.3.6; 2.3.6; 01.02.20; 1.2.1; 1.2.3; 1.2.4; 2.3.1
Программные продукты и системы 0236-235Х,2311-2735,05.13.12; 05.13.15; 05.13.17; 26.03.20; 16.10.20; 1.2.2; 2.3.1; 2.3.3; 2.3.5; 01.02.20; 1.2.1; 1.2.2; 2.3.1; 2.3.5; 2.3.6; 2.3.6; 2.3.7; 2.3.7; 2.3.8; 20.03.20
Программные системы и вычислительные методы,2305-6061,05.01.01; 26.03.20; 16.10.20; 2.3.1; 20.03.20; 2.3.5
Программные системы: теория и приложения,2079-3316,05.13.17; 28.12.20; 16.10.20; 2.3.1; 2.3.1; 2.3.5; 2.3.5; 01.02.20; 1.2.1; 1.2.2; 2.3.7; 2.3.7; 3.3.9; 15.02.20
Прогрессивная экономика,2713-1211,5.2.3; 5.2.4; 5.2.5; 5.2.6; 27.06.20
Прогрессивные технологии и системы машиностроения,2073-3216,
Продовольственная политика и безопасность,2499-9431,08.00.05; 09.12.20; 16.10.20; 5.2.1; 5.2.3; 5.2.6; 01.11.20
Проектирование и технология электронных средств,2071-9809,05.11.14; 05.11.18; 28.12.20; 16.10.20; 1.2.2; 2.2.4; 2.2.4; 2.2.13; 2.2.15; 2.2.16; 2.3.1; 01.02.20
ПРОЕКТИРОВАНИЕ. ОПЫТ. РЕЗУЛЬТАТ,3034-2058,5.8.1; 5.8.2; 5.8.3; 01.10.20; 05.02.23; 28.12.20; 16.10.20; 2.5.7; 2.6.4; 01.02.20
Пролог: журнал о праве / Prologue: Law Journal,2313-6715,12.00.01; 12.00.02; 12.00.03; 09.12.20; 16.10.20; 12.00.08; 12.00.15; 5.1.1; 5.1.2; 5.1.3; 5.1.4; 20.07.20
Промышленная ботаника,1728-6204,1.5.9; 1.5.15; 28.01.20
Промышленная энергетика,0033-1155,05.09.03; 05.09.10; 05.14.01; 05.14.02; 05.14.04; 05.14.08; 05.14.12; 05.14.14; 28.12.20; 16.10.20; 2.1.3; 01.02.20; 2.4.2; 2.4.3; 2.4.4; 2.4.5; 2.4.6; 2.4.9; 20.03.20
Промышленное и гражданское строительство,0869-7019,1.6.6; 2.1.1; 2.1.2; 2.1.3; 2.1.4; 2.1.5; 2.1.7; 2.1.8; 2.1.9; 2.1.10; 01.02.20
Промышленное производство и использование эластомеров,2071-8268,1.4.7; 1.4.12; 01.02.20
Промышленные АСУ и контроллеры,1561-1531,05.11.14; 05.13.05; 05.13.12; 05.13.15; 28.12.20; 16.10.20; 05.25.05; 11.07.20; 16.10.20; 1.2.2; 2.2.4; 2.2.6; 01.02.20; 2.2.8; 2.2.10; 2.3.1; 2.3.3; 2.3.4; 2.3.5; 2.3.6
Промышленные процессы и технологии (Industrial processes and technologies),2713-0789,1.5.15; 1.5.15; 2.4.6; 2.6.11; 2.6.11; 2.6.13; 2.6.13; 2.6.16; 12.02.20
Промышленный сервис,2224-9656,05.02.22; 26.03.20; 16.10.20; 2.5.3; 2.6.12; 2.6.13; 01.02.20
PROНЕФТЬ. Профессионально о нефти,2587-7399,25.00.18; 26.12.20; 16.10.20; 2.8.2; 01.02.20; 2.8.4; 1.6.11; 2.8.4; 21.04.20
Пространственная экономика,1815-9834,08.00.05; 08.00.13; 28.12.20; 16.10.20; 5.2.1; 5.2.5; 01.02.20; 5.2.2; 5.2.3; 21.02.20
"Пространство, время и фундаментальные взаимодействия",2226-8812,01.03.02; 01.04.23; 28.12.20; 16.10.20; 1.3.3; 1.3.6; 01.02.20
Противодействие терроризму. Проблемы XXI-века- COUNTER-TERRORISM,2304-5825,08.00.05; 12.00.10; 28.12.20; 16.10.20; 5.5.2; 01.02.20; 22.03.20
Профессиональное образование в России и за рубежом,2220-3036,5.8.1; 5.8.7; 01.02.20
Профессиональное образование в современном мире,2224-1841,19.00.13; 28.12.20; 16.10.20; 5.3.1; 5.3.4; 5.7.6; 5.7.7; 5.7.8; 5.8.1; 5.8.2; 5.8.7; 01.02.20
Профессиональное образование и рынок труда,2712-9268,5.8.7; 01.02.20; 5.2.3; 5.2.6; 21.02.20
Профессорский журнал. Серия: рекреация и туризм,2686-858X,5.2.3; 5.2.6; 08.02.20
Профессорский журнал. Серия: русский язык и литература,2687-0339,5.8.2; 5.9.1; 5.9.5; 20.12.20
Профилактическая и клиническая медицина,2074-9120,14.01.28; 14.02.03; 28.12.20; 16.10.20; 3.1.6; 3.1.8; 01.02.20; 3.1.21; 3.2.1; 3.2.2; 3.3.8; 3.1.7; 3.1.9; 3.1.18; 3.1.20; 3.1.22; 3.2.4; 01.02.20; 10.07.20; 3.1.30
Профилактическая медицина,2305-4948,
Профильная школа,1198-0744,5.8.1; 5.8.7; 01.02.20
Процессы в геосредах,2412-9429,25.00.29; 28.12.20; 16.10.20; 1.1.8; 1.1.8; 1.1.9; 1.1.9; 1.6.9; 1.6.17; 1.6.17; 01.02.20
Психиатрия,1683-8319,14.01.06; 28.12.20; 16.10.20; 3.1.17; 5.3.6; 22.11.20; 1.5.24; 1.5.24; 12.02.20
Психиатрия и психофармакотерапия,2075-1761,14.01.06; 28.12.20; 16.10.20; 3.1.17; 10.06.20
Психические расстройства в общей медицине,2074-2363,14.01.06; 28.12.20; 16.10.20; 14.01.06; 28.12.20; 16.10.20; 3.3.5; 3.3.8; 01.02.20
Психологическая наука и образование,1814-2052,
Психологические исследования,2075-7999,19.00.04; 19.00.05; 19.00.13; 28.12.20; 16.10.20; 5.3.1; 01.02.20; 5.3.5; 5.3.7; 5.12.1; 5.12.2; 5.12.3; 20.03.20
Психология и педагогика служебной деятельности,2658-638X,19.00.05; 25.12.20; 16.10.20; 5.3.1; 01.02.20; 5.3.3; 5.3.4; 5.3.9; 5.8.1; 5.8.2; 5.8.7; 5.3.5; 23.09.20; 15.06.20
Психология и педагогика спортивной деятельности (до 15.06.2023 наименование в Перечне «Спортивный психолог» ISSN,2074-0182,
Психология и право,2222-5196,19.00.04; 28.12.20; 16.10.20; 5.3.9; 01.02.20; 5.3.6; 11.12.20
Психология и психотехника,2070-8955,19.00.05; 19.00.13; 28.12.20; 16.10.20; 5.3.2; 5.8.1; 5.8.7; 01.02.20; 5.3.1; 5.3.2; 5.3.3; 5.3.3; 5.3.4; 5.3.6; 5.3.7; 5.3.9; 5.8.2; 20.03.20; 5.12.1; 5.12.1
Психология образования в поликультурном пространстве,2073-8439,5.3.4; 5.8.1; 5.8.2; 5.8.7; 01.02.20
Психология обучения,1561-2457,5.3.1; 5.3.4; 01.02.20
Психология. Журнал Высшей школы экономики,1813-8918,19.00.13; 28.12.20; 16.10.20; 5.3.1; 01.02.20
Психология. Историко- критические обзоры и современные исследования,2223-5477,19.00.04; 19.00.05; 28.12.20; 16.10.20; 5.3.3; 5.3.4; 01.02.20; 5.3.1; 5.3.2; 11.04.20; 5.3.5; 5.3.7; 5.12.1; 5.12.1; 5.12.2; 5.12.3; 5.12.3; 5.12.4; 5.12.4; 31.10.20
"Психология. Психофизиология / Psychology. Psychophysiology (до 31.10.2019 г. наименование в Перечне «Вестник Южно- Уральского государственного университета. Серия ""Психология""» ISSN",2071-3053,
Психология человека в образовании,2686-9527,5.3.1; 5.3.3; 5.3.4; 5.3.5; 21.12.20; 5.3.6; 5.3.7; 19.09.20
Психолого-педагогические исследования (До 19.09.2017 г. наименование в Перечне «Психологическая наука и образование PSYEDU.ru» ISSN,2074-5885,
Психолого-педагогический журнал «Гаудеамус»,1810-231X,5.3.4; 5.3.5; 5.8.1; 5.8.7; 27.04.20
Психолого-педагогический поиск,2075-3500,13.00.05; 19.00.05; 19.00.13; 28.12.20; 16.10.20; 5.8.1; 5.8.7; 01.02.20; 5.3.5; 21.02.20; 5.3.1; 5.3.3; 5.3.8; 17.07.20
Психопедагогика в правоохранительных органах,1999-6241,12.00.01; 12.00.08; 12.00.12; 12.00.14; 13.00.04; 19.00.05; 19.00.13; 28.12.20; 16.10.20; 5.3.1; 5.3.3; 5.3.4; 5.3.9; 5.8.1; 5.8.7; 01.02.20; 5.1.1; 5.1.2; 5.1.4; 5.3.2
Псковский регионологический журнал,2219-7931,1.6.13; 1.6.21; 5.4.3; 19.12.20
Птица и птицепродукты / Poultry & Chicken Products,2073-4999,05.18.04; 05.18.15; 06.02.01; 06.02.08; 06.02.10; 28.12.20; 16.10.20; 4.2.2; 4.2.2; 4.2.4; 4.2.4; 4.2.4; 4.3.3; 26.01.20; 4.3.3
Публичное и частное право,2073-8501,12.00.02; 12.00.08; 12.00.09; 12.00.14; 28.12.20; 16.10.20
Публичное право сегодня,2541-8440,5.1.1; 5.1.2; 5.1.3; 5.1.4; 5.1.5; 21.02.20
Пульмонология,0869-0189,3.1.9; 3.1.26; 3.1.29; 01.02.20
Путеводитель предпринимателя. Научно- практический сборник трудов,2073-9885,08.00.05; 08.00.12; 28.12.20; 16.10.20; 5.2.1; 5.2.4; 5.2.5; 01.02.20; 5.2.3; 5.2.6; 01.11.20
Путевой Навигатор,2541-9986,2.1.1; 2.1.2; 2.1.8; 01.02.20
Путь и путевое хозяйство,0131-5765,2.1.5; 2.1.8; 2.9.2; 01.02.20
Пчеловодство,0369-8629,06.02.07; 06.02.07; 06.02.10; 06.02.10; 28.12.20; 16.10.20; 4.2.4; 4.2.4; 4.2.5; 4.2.5; 13.10.20
Радиационная биология. Радиоэкология,0869-8031,14.03.09; 09.12.20; 16.10.20; 1.5.1; 1.5.1; 1.5.7; 1.5.7; 1.5.15; 3.3.3; 3.3.3; 3.3.6; 01.02.20; 3.3.6
Радиационная гигиена,1998-426X,05.26.02; 05.26.05; 28.12.20; 16.10.20; 1.5.1; 1.5.1; 3.2.1; 3.2.1; 3.2.6; 01.02.20
Радиация и риск. Бюллетень Национального радиационно- эпидемилогического регистра,0131-3878,05.26.02; 14.01.13; 26.03.20; 16.10.20; 3.2.6; 01.02.20; 1.5.1; 1.5.1; 1.5.1; 3.1.6; 3.1.6; 22.03.20
Радиология - практика,2713-0118,14.01.13; 28.12.20; 16.10.20; 3.1.25; 25.05.20
Радиостроение,2587-926X,1.3.6; 2.2.6; 2.2.11; 2.2.14; 2.2.16; 01.02.20
Радиопромышленность,2413-9599,05.13.05; 28.12.20; 16.10.20; 08.00.05; 2.2.14; 2.2.15; 2.2.16; 2.3.1; 01.02.20
Радиотехника,0033-8486,01.04.15; 01.04.15; 05.13.15; 28.12.20; 16.10.20; 1.3.2; 1.3.2; 1.3.4; 1.3.4; 1.3.5; 1.3.5; 1.3.6; 1.3.6; 1.3.7; 1.3.7; 1.3.8; 1.3.8; 1.3.9; 1.3.9; 1.3.11
Радиотехнические и телекоммуникационные системы,2221-2574,2.2.13; 2.2.13; 2.2.14; 2.2.14; 2.2.15; 2.2.15; 2.2.16; 2.2.16; 01.02.20; 1.2.2; 1.2.2; 1.2.3; 2.2.11; 2.2.11; 2.3.1; 2.3.1; 2.3.5; 2.3.5; 2.3.8; 13.10.20
Радиоэлектроника. Наносистемы. Информационные технологии,2218-3000,1.3.2; 1.3.2; 20.03.20; 1.3.5; 1.3.5; 1.3.8; 1.3.8; 2.2.13; 2.2.13; 2.2.14; 2.2.14; 2.2.16; 2.2.16; 2.3.6; 2.3.6; 2.3.7; 2.3.7; 2.6.6; 2.6.6; 2.2.2
Развитие и безопасность,2713-2633,5.2.3; 5.2.5; 21.02.20
Развитие личности / Development of personality,2073-9788,19.00.05; 19.00.13; 28.12.20; 16.10.20; 5.3.1; 5.3.4; 01.02.20
Развитие образования,2619-1466,5.3.1; 5.3.4; 5.8.1; 29.03.20; 5.8.7
Развитие территорий,2412-8945,5.2.2; 5.2.3; 5.2.4; 5.2.6; 5.5.2; 5.5.3; 21.12.20
Разнообразие растительного мира,2686-9713,1.5.9; 26.01.20
Разработка и регистрация лекарственных средств,2305-2066,3.3.6; 3.4.1; 3.4.2; 01.02.20; 3.3.6; 3.3.6; 10.06.20
Ракетно-космическое приборостроение и информационные системы,2409-0239,2.2.2; 2.2.13; 2.2.14; 2.2.15; 2.2.16; 2.3.1; 01.02.20
Расследование преступлений: проблемы и пути их решения,2411-1627,12.00.01; 12.00.02; 12.00.03; 12.00.06; 12.00.07; 12.00.08; 12.00.09; 12.00.10; 12.00.11; 28.12.20; 16.10.20; 12.00.12; 12.00.14; 12.00.15; 5.1.1; 5.1.2; 5.1.3; 5.1.4; 5.1.5; 20.07.20
Растительность России,2073-0659,1.5.9; 01.02.20
Растительные ресурсы,0033-9946,1.5.9; 1.5.15; 1.5.20; 1.5.21; 3.3.6; 01.02.20
Растительный мир Азиатской России. Вестник Центрального сибирского ботанического сада СО РАН,1995-2449,1.5.9; 01.02.20
Реальная клиническая практика: данные и доказательства,2782-3784,3.3.6; 3.3.6; 25.09.20
Регионалистика,2313-0881,08.00.05; 22.00.03; 12.02.20; 16.10.20; 5.2.5; 01.02.20; 5.4.4; 5.2.3; 5.4.2; 21.02.20
Рациональное освоение недр,2219-5963,25.00.22; 26.03.20; 16.10.20; 2.8.7; 01.02.20; 2.8.8; 07.03.20
Рациональная фармакотерапия в кардиологии,1819-6446,3.1.20; 3.3.6; 01.02.20; 3.1.18; 3.1.31; 08.07.20
"Регион: системы, экономика, управление",1997-4469,08.00.05; 26.03.20; 16.10.20; 5.2.3; 5.2.6; 31.05.20
Регион: экономика и социология,0868-5169,08.00.05; 08.00.13; 22.00.03; 28.12.20; 16.10.20; 5.2.4; 5.4.4; 01.02.20; 5.2.2; 5.2.3; 21.02.20; 5.4.2; 1.6.13
Региональная архитектура и строительство,2072-2958,2.1.1; 2.1.3; 2.1.4; 2.1.5; 2.1.12; 01.02.20
Региональная геология и металлогения,0869-7892,25.00.01; 25.00.03; 25.00.05; 25.00.09; 25.00.12; 28.12.20; 16.10.20; 1.6.2; 1.6.3; 1.6.5; 1.6.9; 1.6.10; 01.02.20; 1.6.1; 1.6.4; 1.6.11; 20.03.20
Региональная и отраслевая экономика,2782-4578,5.2.1; 5.2.2; 5.2.3; 5.2.4; 5.2.5; 5.2.6; 21.02.20
Региональная экономика и управление: электронный научный журнал,1999-2645,08.00.05; 28.12.20; 16.10.20; 5.2.4; 5.2.5; 01.02.20
Региональная экономика. Юг России,2310-1083,08.00.05; 28.12.20; 16.10.20; 5.2.4; 5.2.5; 01.02.20; 5.2.3; 21.02.20
Региональная экономика: теория и практика,2073-1477,08.00.05; 28.12.20; 16.10.20; 5.2.4; 5.2.5; 01.02.20; 5.2.3; 5.2.6; 21.02.20; 22.12.20
Региональные геосистемы (до 22.12.2020 наименование в Перечне «Научные ведомости Белгородского государственного университета. Серия: Естественные науки» ISSN,2075-4671,
Региональные исследования,1994-5280,1.6.13; 01.02.20
Региональные проблемы преобразования экономики,1812-7096,08.00.05; 28.12.20; 16.10.20; 5.2.4; 01.02.20; 5.2.3; 01.11.20
Регионарная анестезия и лечение острой боли,1993-6508,3.1.12; 01.02.20
Регионарное кровообращение и микроциркуляция,1682-6655,14.01.13; 28.12.20; 16.10.20; 1.5.5; 1.5.5; 3.1.9; 3.1.15; 3.1.18; 3.1.20; 3.1.20; 3.1.24; 3.3.1; 3.3.3; 3.3.3; 01.02.20; 3.1.25; 15.02.20; 04.10.20
Регионология (до 04.10.2023 наименование издания в Перечне РЕГИОНОЛОГИЯ REGIONOLOGY),2413-1407,08.00.05; 28.12.20; 16.10.20; 5.4.4; 5.5.2; 5.5.4; 01.02.20; 5.4.2; 5.4.3; 5.4.3; 5.4.5; 5.4.5; 5.4.6; 5.4.7; 5.5.3; 23.09.20; 5.2.3; 5.2.5; 19.12.20
Регулярный научный журнал Охотинского общества грунтоведов ГРУНТОВЕДЕНИЕ,2687-0541,1.5.19; 1.6.7; 1.6.7; 2.1.2; 01.02.20; 1.6.21; 25.09.20; 30.10.20
Регуляторные исследования и экспертиза лекарственных средств (до 30.10.2024 наименование в Перечене «Ведомости Научного центра экспертизы средств медицинского применения. Регуляторные исследования и экспертиза лекарственных средств» ISSN,1991-2919,
Релейная защита и автоматизация,2222-5269,05.14.02; 28.12.20; 16.10.20; 2.4.2; 2.4.3; 25.05.20
Религиоведение,2072-8662,5.6.1; 5.6.3; 5.6.4; 5.7.2; 5.7.8; 5.7.9; 5.9.3; 5.9.4; 01.02.20; 13.1.20
Ремедиум (до 13.1.2022 наименование в перечне «Ремедиум. Журнал о рынке лекарств и медицинской технике),1561-5936,3.3.6; 3.4.3; 01.02.20; 3.2.3; 5.2.3; 5.2.6; 15.02.20
"Ремонт, восстановление, модернизация",1684-2561,05.02.11; 05.20.03; 28.12.20; 16.10.20; 05.21.05; 2.5.3; 2.5.6; 01.02.20
Репродуктивное здоровье детей и подростков,1816-2134,3.1.4; 3.1.21; 01.02.20
Ресурсосберегающие технологии производства и обработки давлением материалов в машиностроении,2218-1806,2.1.3; 2.5.2; 2.6.4; 21.10.20
Речной транспорт (ХХI век),1729-4258,05.22.17; 05.22.19; 28.12.20; 16.10.20; 2.5.18; 2.5.20; 2.3.3; 01.02.20; 2.5.11; 2.5.17; 2.5.19; 2.9.4; 2.9.7; 2.9.8; 2.9.9; 14.12.20
"РИСК: Ресурсы, Информация, Снабжение, Конкуренция",0130-3848,08.00.05; 28.12.20; 16.10.20; 08.00.12; 5.2.4; 5.2.5; 01.02.20; 5.2.3; 23.09.20; 5.2.6; 31.05.20
Рисоводство,1684-2464,06.01.04; 06.01.05; 28.12.20; 16.10.20; 4.1.1; 4.1.1; 4.1.2; 4.1.2; 4.1.3; 4.1.3; 4.1.4; 4.1.4; 4.1.4; 4.1.5; 4.1.5; 4.1.5; 15.02.20
"РМЖ ""Клиническая офтальмология""",2311-7729,3.1.5; 01.02.20
РМЖ. Мать и дитя,2618-8430,3.1.4; 3.1.6; 3.1.21; 01.02.20
РМЖ (Русский Медицинский Журнал),2225-2282,14.01.06; 14.01.13; 14.01.28; 28.12.20; 16.10.20; 14.03.09; 15.10.20; 16.10.20; 3.1.3; 3.1.4; 3.1.6; 3.1.9; 3.1.11; 3.1.13; 3.1.18; 3.1.19; 3.1.20; 3.1.21; 3.1.22; 3.1.23
РМЖ (Русский Медицинский Журнал). Медицинское обозрение,2587-6821,14.01.06; 14.01.13; 14.01.28; 28.12.20; 16.10.20; 14.03.09; 15.10.20; 16.10.20; 3.1.3; 3.1.4; 3.1.6; 3.1.9; 3.1.13; 3.1.18; 3.1.19; 3.1.20; 3.1.21; 3.1.22; 3.1.23; 3.1.24
Робототехника и техническая кибернетика/ Robotics and Technical Cybernetics,2310-5305,05.07.07; 28.12.20; 16.10.20; 05.07.10; 1.2.2; 2.3.5; 2.3.6; 2.5.13; 01.02.20; 1.2.1; 2.5.4; 2.5.9; 13.10.20
Российская Арктика,2658-4255,05.09.03; 23.03.20; 16.10.20; 1.6.17; 01.02.20; 1.6.21; 2.4.2; 3.2.4; 21.04.20
Российская археология,0869-6063,5.6.3; 01.02.20
Российская детская офтальмология,2307-6658,3.1.5; 01.02.20
Российская оториноларингология,1810-4800,3.1.3; 01.02.20
Российская педиатрическая офтальмология,1993-1859,3.1.5; 26.01.20
Российская ринология,0869-5474,3.1.3; 01.02.20; 3.1.2; 3.2.7; 15.06.20
Российская стоматология,2072-6406,3.1.7; 01.02.20; 3.1.2; 13.10.20
Российская школа связей с общественностью,2949-2513,5.5.2; 5.9.9; 5.9.9; 5.9.9; 25.06.20
Российская юстиция,0131-6761,12.00.01; 12.00.02; 12.00.03; 12.00.06; 12.00.10; 12.00.11; 28.12.20; 16.10.20; 12.00.14; 12.00.15; 5.1.1; 5.1.2; 5.1.3; 5.1.4; 5.1.5; 28.11.20
Российский аллергологический журнал,1810-8830,14.03.09; 14.03.09; 03.03.03; 09.12.20; 16.10.20; 3.1.21; 3.1.23; 3.2.7; 3.2.7; 07.12.20
Российский биотерапевтический журнал,1726-9784,14.03.09; 14.03.09; 28.12.20; 16.10.20; 3.1.6; 3.1.6; 3.4.1; 01.02.20; 3.2.7; 3.2.7; 15.02.20
Российский вестник акушера- гинеколога,1726-6122,3.1.4; 01.02.20
Российский вестник гигиены,2713-0835,3.2.1; 3.2.1; 11.07.20
Российский вестник дентальной имплантологии,2220-4180,3.1.7; 01.02.20
"Российский вестник детской хирургии, анестезиологии и реаниматологии",2219-4061,3.1.8; 3.1.11; 3.1.12; 01.02.20
Российский вестник перинатологии и педиатрии,1027-4065,3.1.11; 3.1.21; 3.1.22; 01.02.20
Российский внешнеэкономический вестник,2072-8042,08.00.05; 28.12.20; 16.10.20; 5.2.5; 01.02.20
Российский гуманитарный журнал (Liberal Arts in Russia),2305-8420,10.01.01; 10.01.03; 10.02.01; 10.02.02; 10.02.03; 10.02.04; 10.02.19; 10.02.20; 28.12.20; 16.10.20; 5.7.1; 5.7.2; 5.7.6; 5.7.7; 5.7.8; 5.7.9; 5.9.3; 01.02.20
Российский девиантологический журнал,2713-0622,5.1.4; 27.03.20; 5.3.3; 5.3.4; 5.3.5; 5.3.9
Российский журнал биомеханики,2409-6601,01.02.08; 28.12.20; 16.10.20; 1.1.10; 1.1.10; 15.02.20
Российский журнал боли,2219-5297,1.5.5; 1.5.24; 3.1.12; 3.1.24; 3.3.3; 3.3.3; 3.3.6; 3.3.6; 3.3.6; 01.02.20
"Российский журнал гастроэнтерологии, гепатологии, колопроктологии",1382-4376,14.01.28; 28.12.20; 16.10.20; 3.1.9; 3.1.18; 01.02.20; 3.1.30; 3.3.2; 3.3.2; 26.01.20
Российский журнал гериатрической медицины,2686-8636,3.1.18; 3.1.20; 22.05.20; 3.1.31
Российский журнал детской гематологии и онкологии,2311-1267,3.1.6; 3.1.21; 3.1.28; 01.02.20
Российский журнал истории Церкви,2686-973X,5.11.2; 5.6.1; 5.6.2; 5.6.5; 5.10.1; 5.10.1; 5.10.1; 5.10.2; 5.10.2; 5.10.2; 20.12.20
Российский журнал кожных и венерических болезней,1560-9588,3.1.23; 01.02.20
Российский журнал менеджмента,1729-7427,08.00.05; 28.12.20; 16.10.20; 5.2.6; 25.04.20
Российский журнал правовых исследований,2410-7522,12.00.01; 12.00.02; 12.00.03; 02.12.20; 16.10.20; 12.00.08; 12.00.09; 12.00.10; 12.00.11; 12.00.14; 5.1.1; 5.1.2; 5.1.3; 5.1.4; 5.1.5; 28.11.20; 5.5.1; 5.5.2; 5.5.3; 5.5.4
Российский журнал прикладной экологии,2411-7374,1.5.15; 1.5.15; 1.6.16; 1.6.21; 28.09.20
"Российский журнал «Проблемы ветеринарной санитарии, гигиены и экологии»",2075-1818,06.02.05; 06.02.03; 09.12.20; 16.10.20; 4.2.1; 13.10.20; 4.2.1; 4.2.2; 4.2.2
Российский кардиологический журнал,1560-4071,3.1.1; 3.1.14; 3.1.14; 3.1.15; 3.1.18; 3.1.20; 3.1.20; 3.1.22; 3.1.22; 3.1.25; 3.1.31; 3.1.31; 3.1.33; 3.1.33; 3.3.3; 3.3.3; 3.3.6; 3.3.6; 3.3.6; 3.3.8
Российский медико- биологический вестник имени академика И.П. Павлова,0204-3475,14.01.06; 14.01.13; 14.02.03; 28.12.20; 16.10.20; 3.1.4; 3.1.6; 3.1.7; 3.1.8; 3.1.9; 3.1.11; 3.1.14; 3.1.15; 3.1.18; 3.1.19; 3.1.20; 3.1.21; 3.1.22; 3.1.24; 3.1.29
Российский медицинский журнал,0869-2106,14.01.06; 14.02.03; 14.02.06; 28.12.20; 16.10.20; 3.1.3; 3.1.5; 3.1.8; 3.1.9; 3.1.11; 3.1.19; 3.1.20; 3.1.21; 3.1.24; 3.1.29; 3.1.33; 3.2.1; 3.2.2; 3.3.2; 3.3.6
Российский научный вестник,2782-3830,5.1.2; 5.1.3; 01.10.20
Российский неврологический журнал,2658-7947,3.1.10; 3.1.24; 14.04.20
Российский нейрохирургический журнал имени профессора А.Л. Поленова,2071-2693,3.1.10; 3.1.24; 01.02.20
Российский онкологический журнал,1028-9984,03.01.07; 14.01.13; 28.12.20; 16.10.20; 1.5.3; 3.1.6; 3.3.2; 3.3.8; 01.0.20
Российский остеопатический журнал,2220-0975,3.1.7; 3.1.24; 3.1.33; 01.02.20; 3.1.4; 3.1.18; 3.1.21; 01.02.20; 22.01.20
Российский офтальмологический журнал (РОЖ),2072-0076,3.1.5; 01.02.20
Российский паразитологический журнал,1998-8435,1.5.17; 1.5.17; 01.02.20
Российский педиатрический журнал,1560-9561,3.1.21; 01.02.20; 3.1.11; 3.2.3; 09.04.20; 14.01.06; 14.01.27; 14.02.03; 28.12.20; 16.10.20; 3.3.8; 3.3.8; 01.02.20; 10.12.20; 1.5.24; 1.5.24; 3.1.17; 3.1.17; 5.3.6; 11.12.20
Российский психологический журнал,1812-1853,13.00.04; 19.00.04; 19.00.05; 19.00.12; 19.00.13; 28.12.20; 16.10.20; 5.3.1; 5.3.2; 5.3.3; 5.3.4; 5.3.8; 01.02.20; 5.3.9; 5.8.1; 5.8.2; 5.8.3; 5.8.7; 5.3.2; 5.3.3
Российский семейный врач,2072-1668,3.1.18; 3.1.21; 3.1.22; 3.1.27; 3.1.29; 3.1.31; 11.12.20
Российский сейсмологический журнал,2686-7907,1.6.9; 1.6.9; 1.6.9; 13.10.20
Российский следователь,1812-3783,12.00.02; 28.12.20; 16.10.20; 12.00.08; 12.00.09; 12.00.10; 12.00.11; 12.00.12; 12.00.13; 12.00.14; 5.1.4; 23.09.20; 19.12.20
Российский социально- гуманитарный журнал (до 19.12.2023 наименование в Перечне «Вестник Московского государственного областного университета» ISSN,2224-0209,
Российский стоматологический журнал,1728-2802,14.02.03; 26.03.20; 16.10.20; 3.1.7; 01.02.20
Российский судья,1812-3791,12.00.02; 12.00.03; 12.00.10; 12.00.11; 12.00.15; 28.12.20; 16.10.20; 5.1.2; 5.1.3; 5.1.4; 5.1.5; 23.09.20
Российский экономический журнал,0130-9757,08.00.05; 28.12.20; 16.10.20; 5.2.1; 5.2.5; 01.02.20; 5.2.3; 5.2.4; 23.09.20
Российский экономический интернет-журнал,2218-5402,08.00.05; 28.12.20; 16.10.20; 5.2.1; 5.2.4; 5.2.5; 01.02.20; 5.2.3; 01.11.20
Российский юридический журнал,2071-3797,12.00.01; 28.12.20; 16.10.20; 12.00.02; 12.00.03; 12.00.04; 12.00.05; 12.00.07; 12.00.08; 12.00.09; 12.00.10; 12.00.11; 12.00.12; 12.00.14; 12.00.15; 5.1.1; 5.1.2; 5.1.3; 5.1.4; 5.1.5
Российско-азиатский правовой журнал,2687-010X,5.1.1; 5.1.2; 01.10.20; 5.1.3; 5.1.4; 5.1.5
"Российское право: образование, практика, наука",2410-2709,12.00.01; 12.00.02; 12.00.03; 12.00.04; 12.00.05; 12.00.06; 12.00.07; 12.00.08; 12.00.09; 12.00.10; 12.00.11; 12.00.12; 12.00.13; 12.00.14; 12.00.15; 28.12.20; 16.10.20; 5.1.1; 21.02.20; 5.1.2
Российское право онлайн,2542-2472,5.1.2; 5.1.3; 5.1.5; 01.10.20
Российское правосудие,2072-909X,12.00.01; 12.00.02; 12.00.03; 12.00.05; 12.00.08; 12.00.09; 12.00.10; 12.00.11; 12.00.14; 12.00.15; 28.12.20; 16.10.20; 5.1.1; 5.1.2; 21.12.20; 5.1.3; 5.1.4; 5.1.5
Российско-китайские исследования,2587-7445,5.2.3; 5.2.5; 5.5.2; 5.5.4; 5.6.2; 23.09.20
Россия XXI,0869-8503,23.00.03; 23.00.05; 24.00.01; 28.12.20; 16.10.20; 5.5.4; 5.6.1; 5.6.2; 5.6.7; 01.02.20
Россия в глобальном мире / Russia in the Global World,2949-3501,5.5.1; 5.5.3; 5.5.4; 5.6.1; 5.6.2; 23.04.20
Россия и Америка в XXI веке,2070-5476,5.5.4; 5.6.2; 5.6.7; 01.02.20; 5.2.1; 21.02.20; 5.2.3; 5.2.5; 5.5.1; 5.5.2; 5.5.4
Россия и АТР,1026-8804,5.6.1; 5.6.3; 5.6.4; 01.02.20; 5.6.2; 29.03.20
Россия и мир: научный диалог- Russia & World: Sc. Dialogue,2782-3067,5.4.5; 5.4.5; 5.5.2; 5.5.4; 5.6.7; 20.02.20
Россия и новые государства Евразии,2073-4786,23.00.05; 25.12.20; 16.10.20; 5.2.5; 5.5.4; 01.02.20; 5.5.2; 5.6.2; 21.02.20
Россия и современный мир,1726-5223,08.00.05; 23.00.03; 28.12.20; 16.10.20; 5.2.5; 01.02.20; 5.5.2; 5.5.4; 5.6.1; 5.6.2; 5.6.7
Руды и металлы,0869-5997,1.6.4; 1.6.4; 1.6.4; 1.6.10; 1.6.10; 15.04.20; 03.04.20
Русистика/ Russian language studies (до 03.04.2019 наименование в перечне «Вестник Российского университета дружбы народов. Серия «Русский и иностранные языки и методика их преподавания» ISSN,2313-2264,
Русская германистика: Ежегодник Российского союза германистов,2782-2605,5.9.2; 5.9.6; 20.03.20
Русская литература,0131-6095,5.9.1; 5.9.4; 21.02.20
Русская политология - Russian political science,2541-965X,5.5.1; 25.04.20; 5.5.1; 5.5.2; 5.5.4
Русская речь,0131-6117,10.01.01; 10.02.01; 28.12.20; 16.10.20; 5.9.1; 5.9.5; 5.9.8; 21.02.20
Русская словесность,0868-9539,10.01.01; 10.02.01; 28.12.20; 16.10.20; 5.9.3; 01.02.20; 5.9.1; 5.9.5; 27.03.20
Русский журнал детской неврологии,2073-8803,14.01.06; 28.12.20; 16.10.20; 3.1.24; 01.02.20; 3.1.17; 15.02.20
Русский инженер,2074-9252,05.02.02; 05.02.11; 05.02.22; 05.02.23; 28.12.20; 16.10.20; 2.1.1; 01.02.20; 2.1.7; 2.1.8; 2.1.10; 2.1.13; 2.5.5; 2.5.6; 2.5.1; 2.5.2; 2.5.4; 2.5.9; 2.5.11; 2.5.13
Русский язык в научном освещении,1681-1062,10.02.01; 10.02.03; 10.02.19; 10.02.20; 28.12.20; 16.10.20; 5.9.5; 5.9.8; 21.02.20
Русский язык в школе,0131-6141,10.02.01; 28.12.20; 16.10.20; 5.8.2; 01.02.20; 5.9.5; 5.9.8; 30.06.20; 10.01.01; 10.02.01; 10.02.19; 28.12.20; 16.10.20; 5.8.2; 01.02.20; 5.9.1; 5.9.5; 5.9.8; 20.03.20
Русско-Византийский вестник,2588-0276,5.6.1; 5.7.2; 27.06.20
Рыбное хозяйство,0131-6184,05.18.04; 05.18.17; 28.12.20; 16.10.20; 1.5.13; 1.5.15; 01.02.20; 4.2.6; 4.2.6; 4.2.6; 4.3.3; 15.02.20; 4.3.3
Рыбоводство и рыбное хозяйство,2074-5990,06.04.01; 06.04.01; 28.12.20; 16.10.20; 1.5.13; 1.5.16; 1.5.20; 01.02.20; 4.2.6; 4.2.6; 22.11.20
Садоводство и виноградарство,0235-2591,06.01.05; 06.01.07; 06.01.08; 12.02.20; 16.10.20; 4.1.2; 4.1.2; 4.1.3; 4.1.3; 4.1.4; 4.1.4; 15.02.20
Самарский научный вестник,2309-4370,1.5.12; 1.5.14; 1.5.15; 5.6.1; 01.02.20; 5.6.2; 5.6.3; 5.6.4; 5.6.5; 5.8.1; 5.8.2; 5.8.7
Самоуправление,2221-8173,08.00.05; 26.03.20; 16.10.20; 5.2.3; 08.02.20
Санитарный врач,2074-8841,3.2.1; 3.2.2; 01.02.20; 05.14.04; 05.14.08; 28.12.20; 16.10.20; 05.04.02; 11.07.20; 16.10.20; 2.1.3; 2.1.4; 01.02.20; 2.4.5; 12.02.20
Саратовский научно- медицинский журнал,1995-0039,14.02.03; 14.02.05; 28.12.20; 16.10.20; 3.1.3; 01.02.20; 3.1.4; 3.1.5; 3.1.7; 3.1.8; 3.1.9; 3.1.10; 3.1.13; 3.1.18; 3.1.19; 3.1.20; 3.1.21; 3.1.22; 3.1.23; 3.1.24
"Саркомы костей, мягких тканей и опухоли кожи",2219-4614,3.1.6; 01.02.20
Сахарная свекла,0036-3359,06.01.05; 28.12.20; 16.10.20; 4.1.1; 4.1.1; 4.1.2; 4.1.2; 4.1.3; 4.1.3; 4.3.1; 4.3.3; 5.2.3; 13.10.20
Сберегательное дело за рубежом,2782-5949,5.2.3; 5.2.4; 5.2.5; 20.07.20
"Сборка в машиностроении, приборостроении",0202-3350,01.02.01; 01.02.06; 05.02.02; 26.03.20; 16.10.20; 05.02.11; 05.02.13; 05.02.18; 05.04.11; 1.1.8; 2.5.3; 2.5.4; 2.5.5; 2.5.8; 01.02.20; 1.1.7; 2.5.2; 2.5.6; 2.5.9; 2.5.21
Сборник научных трудов «Актуальные проблемы военно- научных исследований»,2658-7009,6.0.0; 11.12.20
Сборник научных трудов Донецкого института железнодорожного транспорта,1993-5579,2.9.2; 2.9.3; 2.9.4; 20.05.20
"Сборник научных трудов ""Гетеромагнитная микроэлектроника""",1810-9594,05.13.05; 28.12.20; 16.10.20; 1.3.4; 1.3.4; 01.02.20
Сборник научных трудов «Научные проблемы материально-технического обеспечения Вооруженных Сил Российской Федерации»,2588-0179,6.0.0; 20.04.20
"Сборник трудов Всероссийской научно-технической конференции ""Проблемы разработки перспективных микро- и наноэлектронных систем""",2078-7707,05.13.05; 05.13.12; 05.13.15; 28.12.20; 16.10.20; 2.2.2; 2.3.5; 01.02.20; 2.3.2; 2.3.7; 15.02.20
Сварка и Диагностика,2071-5234,05.02.11; 26.03.20; 16.10.20; 2.5.8; 2.6.1; 2.6.17; 01.02.20; 2.5.9; 14.12.20
Светотехника,0039-7067,2.4.11; 15.04.20; 08.00.05; 28.12.20; 16.10.20; 5.2.3; 19.12.20
Севернорусские говоры,0134-8515,10.02.01; 28.12.20; 16.10.20; 10.02.02; 5.9.5; 20.03.20
Северные Архивы и Экспедиции,2542-1158,24.00.01; 15.10.20; 16.10.20; 5.6.1; 5.6.4; 5.6.5; 5.7.8; 5.10.2; 01.02.20; 5.10.1; 20.12.20
"Северный регион: наука, образование, культура",2949-3463,5.3.7; 5.6.1; 5.8.1; 5.8.4; 5.8.7; 30.10.20
Северо-Восточный гуманитарный вестник,2218-1644,10.01.02; 10.02.02; 10.02.20; 18.03.20; 16.10.20; 5.6.1; 5.6.3; 5.6.4; 01.02.20; 5.9.4; 5.9.1; 5.9.5; 5.9.8; 29.03.20
Северо-Кавказский юридический вестник,2074-7306,12.00.01; 12.00.02; 12.00.03; 12.00.04; 12.00.08; 12.00.09; 12.00.10; 12.00.14; 28.12.20; 16.10.20; 5.1.1; 5.1.2; 5.1.3; 5.1.4; 5.1.5; 01.11.20
Сегодня и завтра российской экономики,1993-4947,08.00.05; 08.00.12; 08.00.13; 28.12.20; 16.10.20; 12.00.14; 5.2.1; 5.2.4; 5.2.5; 01.02.20
Сейсмостойкое строительство. Безопасность сооружений,2618-9283,05.26.02; 05.26.05; 25.00.03; 22.12.20; 16.10.20; 2.1.1; 2.1.2; 1.6.7; 01.02.20; 1.6.1; 2.4.9; 15.02.20
Сейсмостойкое строительство. Безопасность сооружений,1681-6560,05.23.01; 05.23.02; 05.23.05; 05.23.08; 05.23.11; 05.23.17; 05.26.05; 25.00.03; 25.00.08; 28.12.20; 21.12.20
Сельский механизатор,0131-7393,05.14.01; 05.14.08; 05.20.01; 05.20.01; 05.20.02; 05.20.03; 08.00.05; 28.12.20; 16.10.20; 4.3.1; 4.3.1; 4.3.2; 22.11.20
Сельскохозяйственные машины и технологии,2073-7599,05.20.01; 05.20.02; 05.20.03; 18.05.20; 16.10.20; 4.1.5; 4.3.1; 4.3.2; 13.10.20; 5.6.6; 20.04.20; 5.6.6; 11.07.20
Сельскохозяйственный журнал,2687-1246,4.1.1; 4.1.1; 4.1.3; 4.1.3; 4.2.1; 4.2.1; 4.2.4; 4.2.4; 4.2.5; 4.2.5; 11.04.20
Семейное и жилищное право,1999-477X,12.00.03; 28.12.20; 16.10.20; 5.1.3; 01.11.20
Семиотические исследования. Semiotic studies,2782-2966,5.4.2; 5.4.2; 5.4.4; 5.4.7; 5.7.1; 5.7.6; 5.7.7; 5.9.1; 31.05.20; 5.9.3
Сервис plus,1993-7768,24.00.01; 28.12.20; 16.10.20; 5.10.1; 5.10.1; 5.10.1; 5.10.1; 21.02.20; 08.00.05; 28.12.20; 16.10.20; 5.2.3; 5.2.5; 21.02.20
Сердце: журнал для практикующих врачей,1728-4724,3.1.18; 3.1.20; 3.3.3; 3.3.3; 3.3.6; 3.3.6; 3.3.6; 3.3.8; 3.3.8; 01.02.20
Сеченовский вестник,2218-7332,3.1.4; 3.1.6; 3.1.9; 3.1.18; 3.3.3; 01.02.20; 3.3.5; 3.4.2; 01.02.20; 24.05.20; 3.4.3; 3.1.10; 25.05.20; 3.3.1; 01.02.20; 11.02.20; 1.5.22; 12.02.20
Сетевой научно-практический журнал частного и публичного права «Ius Publicum et Privatum»,2713-2811,12.00.01; 12.00.08; 12.00.09; 12.00.11; 12.00.12; 05.02.20; 16.10.20; 5.1.1; 5.1.2; 5.1.4; 23.09.20
Сибирская финансовая школа,1993-4386,08.00.05; 08.00.12; 28.12.20; 16.10.20; 5.2.4; 01.02.20
Сибирские исторические исследования,2312-461X,5.6.1; 5.6.3; 5.6.4; 5.9.4; 21.02.20
Сибирские уголовно- процессуальные и криминалистические чтения,2411-6122,12.00.09; 12.00.11; 12.02.20; 16.10.20; 12.00.12; 5.1.4; 21.02.20
Сибирский антропологический журнал,2542-1816,12.00.01; 12.00.02; 12.00.08; 24.00.01; 24.00.01; 15.10.20; 16.10.20; 5.6.1; 5.6.4; 5.6.5; 5.10.2; 01.02.20; 5.1.1; 5.1.2; 5.1.4; 5.10.1; 5.10.1; 20.12.20; 18.06.20
Сибирский аэрокосмический журнал (САЖ) (До 18.06.2021 г. наименование в Перечне «Сибирский журнал науки и технологий (СибЖНТ)» ISSN,2587-6066,26.01.20
) (До 26.01.2018 г. наименование в Перечне «Вестник Сибирского государственного,2712-8970,05.07.07; 26.03.20; 16.10.20; 2.3.1; 2.3.5; 01.02.20
"обеспечение вычислительных систем, комплексов и компьютерных сетей (физико-математические науки),",1816-9724,2.5.13; 2.5.15; 1.2.2; 1.2.2; 2.3.7; 2.3.7; 20.03.20
Сибирский вестник психиатрии и наркологии,1810-3111,14.01.06; 14.01.27; 28.12.20; 16.10.20; 3.1.17; 3.1.17; 26.01.20
Сибирский вестник сельскохозяйственной науки,0370-8799,05.20.01; 06.01.05; 06.01.07; 06.02.07; 06.02.08; 12.02.20; 16.10.20; 4.1.1; 4.2.3; 01.02.20; 4.1.2; 11.12.20; 4.1.3; 4.2.4; 4.2.5; 4.3.1; 27.01.20
Сибирский журнал клинической и экспериментальной медицины (до 27.01.2021 г. наименование в Перечне «Сибирский медицинский журнал» ISSN,2073-8552,
Сибирский искусствоведческий журнал,2782-4926,5.10.3; 27.05.20
Сибирский лесной журнал. Siberian Journal of Forest Science,2311-1410,03.02.09; 03.02.09; 06.03.01; 06.03.01; 06.03.02; 06.03.02; 26.03.20; 16.10.20; 06.03.02; 06.03.03; 06.03.03; 06.03.03; 1.5.7; 1.5.7; 1.5.9; 1.5.9; 1.5.9; 1.5.14; 1.5.15; 1.5.15
Сибирский медицинский вестник,2541-8289,3.1.3; 11.12.20; 3.1.4; 3.1.5; 3.1.6; 3.1.7; 3.1.8; 3.1.9; 3.1.10; 3.1.11; 3.1.13; 3.1.17; 3.1.18; 3.1.21; 3.1.24; 3.1.25; 3.2.1; 3.3.2; 3.3.3; 3.3.6
Сибирский научный медицинский журнал,2410-2512,14.01.21; 14.01.27; 14.03.01; 14.03.09; 28.12.20; 16.10.20; 3.1.6; 3.1.20; 3.1.31; 3.1.33; 3.2.2; 3.3.1; 3.3.2; 01.02.20; 3.3.2; 3.3.3; 3.3.3; 3.3.4; 3.3.6; 3.3.6
Сибирский онкологический журнал,1814-4861,
Сибирский педагогический журнал,1813-4718,5.8.1; 5.8.2; 5.8.7; 01.02.20
Сибирский пожарно- спасательный вестник,2500-4026,05.26.02; 05.26.03; 12.02.20; 16.10.20; 2.1.15; 2.3.4; 14.12.20; 2.10.1; 11.12.20
Сибирский психологический журнал,1726-7080,
Сибирский физический журнал (До 01.11.2017 г. наименование в Перечне Вестник Новосибирского государственного университета. Серия: Физика. ISSN 1818- 7994),2541-9447,01.04.15; 01.04.15; 01.04.23; 01.04.23; 26.03.20; 16.10.20; 1.3.3; 1.3.4; 1.3.4; 1.3.5; 1.3.5; 1.3.6; 1.3.6; 1.3.7; 1.3.7; 1.3.8; 1.3.8; 1.3.9; 1.3.9; 1.3.11
Сибирский филологический журнал,1813-7083,10.01.01; 10.02.01; 10.02.02; 10.02.03; 10.02.19; 10.02.20; 28.12.20; 16.10.20; 5.9.3; 5.9.4; 01.02.20; 5.9.1; 5.9.5; 5.9.8; 20.12.20
Сибирский филологический форум / Siberian philological forum,2587-7844,10.01.01; 10.02.01; 10.02.19; 01.03.20; 16.10.20; 5.9.3; 01.02.20; 5.9.1; 5.9.5; 5.9.8; 20.12.20; 05.04.20
Сибирский философский журнал (До 05.04.2017 г. наименование в Перечне Вестник Новосибирского государственного университета. Серия: Философия ISSN 1818- 796Х),2541-7517,5.4.4; 5.7.1; 5.7.2; 5.7.3; 5.7.4; 5.7.5; 5.7.6; 5.7.7; 5.7.8; 5.7.9; 01.02.20
Сибирский юридический вестник,2071-8136,
Сибирское медицинское обозрение,1819-9496,14.03.09; 28.12.20; 16.10.20; 3.1.4; 3.1.9; 3.1.18; 3.1.20; 3.1.21; 3.1.24; 3.1.26; 3.1.27; 3.1.29; 3.1.32; 01.02.20; 31.10.20
Сибирское юридическое обозрение (до 31.10.2019 г. наименование в Перечне «Вестник Омской юридической академии» ISSN,2306-1340,
СибСкрипт = SibScript (до 25.04.2023 наименование издания в Перечне «Вестник Кемеровского государственного университета» ISSN,2078-8975,
Системная инженерия и информационные технологии,2658-5014,
Системные технологии,2227-5398,05.23.07; 28.12.20; 16.10.20; 2.1.1; 01.02.20; 2.1.3; 2.1.4; 2.1.5; 2.1.7; 2.1.12; 2.1.2; 2.1.6; 2.1.9; 2.1.11; 2.1.11; 2.1.12; 2.1.13; 2.1.13; 15.02.20
Системный анализ и управление в биомедицинских системах,1682-6523,2.2.12; 3.1.7; 3.1.18; 01.02.20; 25.01.20
Системы анализа и обработки данных (до 25.01.2022 наименование в Перечне «Научный вестник Новосибирского государственного технического университета» ISSN,1814-1196,
Системы высокой доступности,2072-9472,05.13.15; 05.13.17; 28.12.20; 16.10.20; 2.3.1; 2.3.5; 2.3.6; 01.02.20; 2.3.2; 2.3.7; 2.3.7; 2.3.8; 07.03.20
Системы и средства информатики,0869-6527,
Системы контроля окружающей среды,2220-5861,2.2.8; 01.02.20
Системы управления и информационные технологии,1729-5068,05.13.12; 05.13.15; 05.13.17; 05.25.05; 26.03.20; 16.10.20; 1.2.2; 2.2.14; 2.2.15; 2.2.16; 2.3.1; 2.3.3; 2.3.4; 2.3.5; 01.02.20
"Системы управления, связи и безопасности",2410-9916,05.13.05; 05.13.15; 28.12.20; 16.10.20; 20.00.00; 26.03.20; 28.02.20; 1.2.2; 2.2.13; 2.2.14; 2.2.15; 2.3.1; 2.3.5; 2.3.6; 01.02.20; 6.0.0; 04.09.20
Системы. Методы. Технологии,2077-5415,05.02.02; 05.02.11; 26.03.20; 16.10.20; 05.02.18; 05.14.14; 05.21.01; 05.21.03; 05.21.05; 2.5.3; 2.5.4; 2.5.5; 2.5.6; 01.02.20; 2.4.5; 2.5.2; 4.3.4; 11.04.20; 2.2.8; 11.04.20
Скорая медицинская помощь,2072-6716,14.02.03; 01.07.20; 16.10.20; 3.1.9; 3.1.12; 3.1.18; 3.1.20; 3.1.21; 01.02.20; 3.2.3; 11.04.20; 3.2.6; 25.04.20
Славяноведение,0869-544X,10.01.03; 10.02.03; 10.02.20; 28.12.20; 16.10.20; 5.6.2; 01.02.20; 5.9.2; 5.9.6; 5.9.8; 21.02.20
Славянский альманах,2073-5731,10.01.03; 10.02.01; 10.02.03; 10.02.20; 28.12.20; 16.10.20; 5.6.1; 5.6.2; 5.6.7; 01.02.20; 5.9.2; 5.9.5; 5.9.6; 5.9.8; 20.12.20
Словесность и история,2712-7591,5.9.1; 5.9.4; 5.10.1; 21.02.20; 5.6.5
Слово.ру: балтийский акцент,2225-5346,10.01.01; 10.01.03; 10.02.01; 10.02.19; 10.02.20; 12.02.20; 16.10.20; 5.9.3; 01.02.20; 5.7.1; 5.7.8; 5.9.1; 5.9.2; 5.9.5; 5.9.8; 5.12.3; 5.12.3; 20.03.20
Слово. Текст. Контекст,2949-494X,5.9.1; 5.9.5; 5.9.8; 23.04.20
Современная архитектура мира,2500-3445,17.00.04; 26.03.20; 16.10.20; 2.1.11; 01.02.20; 2.1.11; 2.1.12
Современная высшая школа: инновационный аспект/Contemporary higher education: innovative aspects,2071-9620,5.8.1; 5.8.2; 5.8.7; 01.02.20
Современная Европа,0201-7083,23.00.01; 23.00.03; 23.00.05; 28.12.20; 16.10.20; 5.2.5; 5.5.2; 5.5.4; 5.6.2; 5.6.7; 01.02.20; 5.5.1; 5.5.1; 5.5.3; 07.03.20
Современная зарубежная психология,2304-4977,19.00.04; 19.00.05; 19.00.13; 28.12.20; 16.10.20; 5.3.1; 5.3.4; 01.02.20; 5.3.5; 5.3.7; 5.3.8; 5.3.9; 5.12.1; 5.12.1; 20.03.20; 5.3.6; 23.01.20
Современная конкуренция / Journal of Modern Competition,1993-7598,08.00.05; 28.12.20; 16.10.20; 5.2.1; 01.02.20; 5.2.3; 5.2.6; 21.02.20
Современная наука и инновации,2307-910X,05.18.01; 05.18.04; 05.18.12; 05.18.15; 23.00.01; 28.12.20; 16.10.20; 23.00.03; 23.00.05; 23.00.06; 2.3.1; 4.3.5; 5.5.2; 5.5.4; 01.02.20; 4.3.3; 5.5.1; 5.5.3; 21.02.20
"Современная наука: актуальные проблемы теории и практики. Серия ""Гуманитарные науки""",2223-2982,10.02.01; 10.02.02; 10.02.03; 10.02.04; 10.02.05; 10.02.19; 10.02.20; 10.02.22; 13.00.04; 13.00.05; 28.12.20; 16.10.20; 5.6.1; 5.6.2; 5.6.5; 5.6.6; 5.6.7; 5.8.1; 5.8.2; 5.8.3
"Современная наука: актуальные проблемы теории и практики. Серия ""Естественные и технические науки""",2223-2966,05.13.15; 05.13.17; 14.01.06; 14.01.28; 28.12.20; 16.10.20; 1.2.2; 1.5.7; 1.5.10; 01.02.20; 1.5.11; 1.5.12; 1.5.15; 2.3.1; 2.3.3; 2.3.4; 2.3.6; 3.1.4; 3.1.6; 3.1.7
"Современная наука: актуальные проблемы теории и практики. Серия ""Познание""",2500-3682,19.00.04; 19.00.05; 19.00.13; 24.00.01; 28.12.20; 16.10.20; 5.3.1; 5.3.2; 5.3.3; 5.3.4; 5.3.8; 5.7.1; 01.02.20; 5.7.2; 5.7.3; 5.7.4; 5.7.6; 5.7.7; 5.7.8; 5.7.9
"Современная наука: актуальные проблемы теории и практики. Серия ""Экономика и право""",2223-2974,08.00.05; 08.00.12; 12.00.01; 12.00.03; 12.00.04; 12.00.05; 12.00.06; 12.00.07; 12.00.08; 12.00.09; 28.12.20; 16.10.20; 12.00.10; 12.00.11; 12.00.12; 12.00.13; 12.00.14; 12.00.15; 5.2.1; 5.2.4
Современная онкология,1815-1434,14.01.13; 28.12.20; 16.10.20; 3.1.6; 01.02.20
Современная организация лекарственного обеспечения,2312-2854,3.4.3; 01.02.20
Современная ревматология,1996-7012,3.1.27; 01.02.20
Современная терапия психических расстройств,2306-4137,14.01.06; 28.12.20; 16.10.20; 3.1.17; 13.10.20
Современная экономика: проблемы и решения,2078-9017,08.00.05; 08.00.12; 08.00.13; 28.12.20; 16.10.20; 5.2.1; 5.2.4; 5.2.5; 01.02.20; 5.2.2; 5.2.3; 5.2.6; 21.02.20
Современная электродинамика,2949-0553,1.3.3; 1.3.4; 1.3.4; 1.3.6; 1.3.6; 1.3.8; 1.3.8; 08.07.20; 1.3.12; 1.3.12; 1.3.13; 1.3.13; 1.3.19; 1.3.19; 30.06.20
Современное дошкольное образование (до 30.06.2022 наименование в Перечне «Современное дошкольное образование. Теория и практика»),1997-9657,19.00.13; 28.12.20; 16.10.20; 5.3.4; 5.8.1; 5.8.2; 5.8.7; 01.02.20; 5.3.7; 01.11.20
Современное общество и право,2225-7837,12.00.01; 12.00.02; 12.00.03; 12.00.04; 12.00.06; 12.00.08; 28.12.20; 16.10.20; 12.00.14; 5.1.1; 5.1.2; 5.1.3; 5.1.4; 21.02.20
Современное педагогическое образование,2587-8328,10.02.01; 10.02.19; 10.02.20; 10.02.21; 08.07.20; 16.10.20; 5.8.1; 5.8.2; 5.8.7; 01.02.20; 5.9.1; 5.9.2; 5.9.3; 5.9.5; 5.9.6; 5.9.8; 28.11.20
Современное право,1991-6027,12.00.02; 28.12.20; 16.10.20; 12.00.10; 12.00.15; 5.1.2; 5.1.3; 5.1.4; 5.1.5; 21.02.20
Современное промышленное и гражданское строительство,1993-3495,2.1.1; 2.1.4; 2.1.5; 2.1.7; 2.1.11; 2.1.11; 2.1.12; 2.1.12; 10.06.20
Современное садоводство - Contemporary horticulture,2312-6701,06.01.05; 06.01.08; 15.02.20; 16.10.20; 4.1.2; 4.1.4; 11.04.20
Современное профессиональное образование,2949-1487,5.8.1; 30.06.20; 29.03.20
педагогики и образования,2712-9969,5.8.2; 5.8.7; 5.9.1; 5.9.2; 5.9.3; 5.9.5; 5.9.6; 5.9.8; 17.07.20
Современное строительство и архитектура,2414-5920,2.1.1; 2.1.5; 2.1.6; 2.1.7; 2.1.9; 2.1.11; 2.1.11; 2.1.12; 2.1.12; 15.04.20
Современные вопросы биомедицины,2588-0500,13.00.04; 09.12.20; 16.10.20; 1.5.5; 1.5.5; 3.1.33; 3.1.33; 01.02.20; 1.1.10; 5.3.2; 5.8.4; 5.8.5; 5.8.6; 13.10.20
Современные информационные технологии и ИТ-образование,2411-1473,05.13.17; 28.12.20; 16.10.20; 01.01.02; 01.01.09; 05.13.17; 03.07.20; 16.10.20; 1.1.6; 1.2.2; 2.3.1; 2.3.1; 2.3.5; 2.3.5; 01.02.20; 5.8.2; 5.8.7; 1.1.5; 1.2.3; 2.3.8
Современные наукоемкие технологии,1812-7320,05.02.02; 05.02.11; 05.02.13; 05.02.18; 05.02.22; 05.13.17; 05.13.18; 13.00.04; 13.00.04; 13.00.05; 26.03.20; 16.10.20; 1.2.2; 2.3.3; 2.3.4; 2.3.5; 01.02.20; 2.5.3; 2.5.5; 2.5.7
Современные наукоемкие технологии. Региональное приложение,2713-1106,
Современные проблемы гражданской защиты ( до 07.05.2019 наименование в Перечне «Вестник Воронежского института ГПС МЧС России» ISSN 2226-700Х),2658-6223,05.26.03; 28.12.20; 16.10.20; 2.1.1; 2.1.3; 01.02.20; 2.1.4; 2.1.5; 2.1.10; 2.3.4; 2.10.1; 22.11.20; 2.10.2; 2.10.2; 08.07.20
Современные проблемы здравоохранения и медицинской статистики,2312-2935,14.01.27; 14.02.03; 12.02.20; 16.10.20; 3.1.6; 3.1.18; 3.1.20; 3.1.23; 3.1.24; 3.1.26; 3.1.31; 3.1.31; 3.2.1; 3.4.1; 3.4.3; 01.02.20; 3.2.3; 25.05.20
Современные проблемы музыкознания,2587-9731,5.10.3; 28.11.20
Современные проблемы науки и образования,2070-7428,13.00.04; 28.12.20; 16.10.20; 14.01.06; 14.01.13; 14.01.27; 14.01.28; 14.03.07; 14.03.09; 3.1.3; 3.1.5; 3.1.6; 3.1.8; 3.1.9; 3.1.10; 3.1.11; 3.1.12; 3.1.18; 3.1.19; 3.1.20
Современные проблемы сервиса и туризма,1995-0411,1.6.13; 01.02.20
"Современные тенденции в строительстве, градостроительстве и планировке территорий",2949-1835,2.1.1; 2.1.2; 2.1.5; 2.1.7; 2.1.9; 2.1.13; 2.1.14; 20.03.20
Современные технологии. Системный анализ. Моделирование,1813-9108,05.02.02; 05.14.01; 05.22.01; 28.12.20; 16.10.20; 2.5.5; 01.02.20; 2.9.2; 2.9.3; 19.12.20
Современные философские исследования (до 19.12.2023 наименование в Перечне «Вестник Московского государственного областного университета. Серия «Философские науки» ISSN,2072-8530,
Современный ученый,2541-8459,10.02.01; 10.02.02; 10.02.19; 13.00.04; 13.00.05; 12.00.01; 12.00.02; 12.00.08; 12.00.09; 12.02.20; 16.10.20; 5.8.1; 5.8.3; 5.8.7; 5.9.7; 01.02.20; 5.1.1; 5.1.2; 5.1.3; 5.1.4
Соловьевские исследования,2076-9210,10.01.01; 10.01.03; 24.00.01; 28.12.20; 16.10.20; 5.7.1; 5.7.2; 01.02.20; 5.7.3; 5.7.4; 5.7.7; 5.7.8; 5.7.9; 5.9.3
Сорбционные и хроматографические процессы,1680-0613,1.4.1; 1.4.2; 1.4.4; 1.4.6; 1.4.7; 1.4.9; 1.4.10; 1.5.4; 1.5.6; 1.5.6; 01.02.20
Социальная и клиническая психиатрия,0869-4893,14.01.06; 28.12.20; 16.10.20; 3.1.17; 3.1.17; 22.11.20
Социальная педагогика в России. Научно-методический журнал,2071-3770,5.8.1; 5.8.7; 01.02.20
Социальная политика и социология,2071-3665,08.00.05; 28.12.20; 16.10.20; 5.4.4; 5.4.7; 5.7.7; 01.02.20; 5.2.3; 20.03.20
Социальная психология и общество,2221-1527,19.00.05; 19.00.12; 28.12.20; 16.10.20; 5.3.5; 21.02.20
Социально-гуманитарные знания,0869-8120,22.00.03; 23.00.01; 23.00.03; 23.00.05; 23.00.06; 28.12.20; 16.10.20; 5.4.4; 5.4.6; 5.4.7; 5.5.2; 5.5.4; 5.7.6; 5.7.7; 5.7.8; 5.7.9; 01.02.20
Социально-гуманитарные технологии,2500-4204,5.3.3; 5.4.4; 5.4.7; 5.8.7; 07.03.20
Социальное и пенсионное право,2070-2167,12.00.05; 28.12.20; 16.10.20; 5.1.2; 28.11.20; 5.5.2; 5.8.1; 23.11.20
Социально-политические науки,2223-0092,12.00.01; 12.00.02; 12.00.03; 12.00.04; 12.00.05; 12.00.06; 12.00.07; 12.00.08; 12.00.09; 12.00.10; 12.00.11; 12.00.12; 12.00.13; 28.12.20; 16.10.20; 12.00.14; 12.00.15; 23.00.01; 23.00.03; 23.00.05
Социальное пространство,2499-9881,22.00.03; 25.12.20; 16.10.20; 5.4.1; 5.4.4; 5.4.5; 5.4.6; 5.4.7; 01.02.20; 5.4.2; 5.4.3; 20.03.20
Социально-трудовые исследования,2658-3712,08.00.05; 15.10.20; 16.10.20; 5.2.3; 23.09.20
Социально-экологические технологии,2500-2961,1.5.5; 1.5.7; 1.5.9; 1.5.15; 1.5.19; 1.5.20; 1.5.24; 1.6.12; 1.6.21; 01.02.20
Социально-экономический и гуманитарный журнал Красноярского ГАУ,2500-1825,08.00.05; 01.03.20; 16.10.20; 5.6.1; 01.02.20; 5.2.3; 21.02.20
Социально-экономическое управление: теория и практика,1813-7946,5.2.3; 5.2.6; 5.9.5; 5.9.8; 19.12.20
Социальные аспекты здоровья населения,2071-5021,14.02.03; 28.12.20; 16.10.20; 3.2.3; 3.3.9; 3.3.9; 5.4.3; 5.4.3; 21.02.20
Социальные и гуманитарные знания,2412-6519,10.02.01; 10.02.04; 10.02.19; 10.02.20; 22.00.03; 28.12.20; 16.10.20; 10.01.01; 10.01.08; 28.12.20; 30.10.20; 23.00.01; 31.10.20; 16.10.20; 5.4.4; 5.4.5; 5.5.2; 5.5.4; 01.02.20; 5.4.3
Социальные и гуманитарные науки на Дальнем Востоке,1992-2868,10.02.01; 10.02.04; 10.02.20; 28.12.20; 16.10.20; 5.3.3; 5.7.1; 5.7.2; 5.7.7; 01.02.20; 5.9.5; 5.9.6; 5.9.8; 20.03.20
"Социальные и гуманитарные науки. Отечественная и зарубежная литература. Серия 4, Государство и право",2219-861X,5.1.2; 5.1.3; 5.1.5; 19.12.20
"Социальные и гуманитарные науки. Отечественная и зарубежная литература. Серия 5, История",2219-875X,5.6.1; 5.6.2; 31.01.20
"Социальные и гуманитарные науки. Отечественная и зарубежная литература. Серия 6, Языкознание",2219-8776,5.9.5; 5.9.6; 20.02.20; 5.9.8
"Социальные и гуманитарные науки. Отечественная и зарубежная литература. Серия 7, Литературоведение",2219-8784,5.9.1; 5.9.2; 5.9.3; 31.05.20
"Социальные и гуманитарные науки. Отечественная и зарубежная литература. Серия 9, Востоковедение и африканистика",2219-8822,5.6.2; 5.6.7; 5.5.4; 01.10.20
СОЦИАЛЬНЫЕ НОВАЦИИ И СОЦИАЛЬНЫЕ НАУКИ,2712-7826,5.2.3; 5.4.4; 30.10.20
Социолингвистика,2713-2951,5.9.5; 5.9.6; 5.9.8; 20.12.20
Социодинамика,2409-7144,22.00.03; 28.12.20; 16.10.20; 5.4.1; 5.4.4; 5.4.5; 5.4.6; 5.4.7; 5.7.2; 5.7.4; 5.7.7; 5.7.8; 5.7.9; 01.02.20; 5.7.8; 5.7.9; 21.02.20
Социологический журнал,1562-2495,22.00.03; 28.12.20; 16.10.20; 5.4.1; 5.4.4; 5.4.5; 5.4.6; 5.4.7; 01.02.20
Социологическое обозрение,1728-1938,5.4.1; 5.4.4; 5.4.5; 5.4.6; 5.4.7; 01.02.20; 5.7.7; 20.03.20
Социология,1812-9226,22.00.03; 28.12.20; 16.10.20; 5.4.1; 5.4.4; 5.4.5; 5.4.5; 5.4.6; 5.4.7; 5.7.1; 5.7.2; 5.7.3; 5.7.4; 5.7.5; 5.7.6; 01.02.20; 5.7.7; 5.7.8; 5.7.9
Социология города,1994-3520,2.1.10; 2.1.12; 2.1.12; 2.1.13; 2.1.13; 01.02.20
Социология и право,2219-6242,12.00.01; 12.00.02; 12.00.03; 12.00.04; 12.00.08; 12.00.10; 12.00.12; 12.00.13; 12.00.14; 12.00.15; 28.12.20; 16.10.20; 22.00.03; 5.4.1; 5.4.4; 5.4.5; 5.4.6; 5.4.7; 01.02.20; 5.1.4
Социология медицины,1728-2810,14.02.05; 14.02.05; 28.12.20; 16.10.20; 5.4.4; 01.02.20; 3.2.3; 11.07.20
Социология науки и технологий Sociology of Science and Technology,2079-0910,5.4.1; 5.4.4; 5.7.6; 01.02.20
"Социология: методология, методы, математическое моделирование",1994-8964,5.4.1; 01.02.20
Социологическая наука и социальная практика,2308-6416,22.00.03; 26.03.20; 16.10.20; 5.4.1; 5.4.4; 5.4.5; 5.4.6; 01.02.20; 5.4.7
Социум и власть,1996-0522,08.00.05; 08.00.12; 23.00.01; 28.12.20; 16.10.20; 5.2.4; 5.5.2; 5.5.4; 5.7.1; 5.7.2; 5.7.3; 5.7.4; 5.7.5; 5.7.6; 5.7.7; 5.7.8; 5.7.9; 01.02.20; 5.2.3; 5.2.6
Союз криминалистов и криминологов,2310-8681,5.1.1; 5.1.2; 5.1.4; 01.10.20
Специальная техника,1996-0506,2.2.6; 2.2.8; 01.02.20; 2.2.13; 2.2.14; 2.2.15; 2.3.6
Специальная техника и технологии транспорта,2712-9624,6.0.0; 20.04.20
Специальное образование,1999-6993,5.8.1; 5.8.3; 01.02.20
"Спорт: экономика, право, управление",2070-2175,12.00.03; 12.00.08; 12.00.14; 28.12.20; 16.10.20; 5.1.3; 20.12.20
Спортивная медицина: наука и практика,2223-2524,14.02.06; 28.12.20; 16.10.20; 3.1.8; 3.1.20; 3.1.21; 3.1.24; 3.1.33; 3.3.6; 01.02.20
Спортивно-педагогическое образование,2618-7604,5.8.4; 5.8.5; 5.8.6; 5.8.7; 22.03.20
Справочник врача общей практики,2074-9600,3.1.18; 3.3.8; 3.3.8; 01.02.20
Справочник. Инженерный журнал,0203-347X,01.02.06; 05.02.02; 05.02.11; 05.02.18; 05.02.23; 05.05.03; 05.05.04; 26.03.20; 16.10.20; 1.1.8; 2.5.6; 01.02.20; 1.1.7; 2.5.2; 2.5.5; 2.5.7; 2.5.9; 2.5.10; 15.02.20; 2.5.11
Сравнительная политика,2221-3279,5.5.2; 5.5.4; 5.6.7; 01.02.20
Сравнительное конституционное обозрение,1812-7126,12.00.01; 12.00.02; 12.00.10; 12.00.11; 12.00.13; 12.00.14; 28.12.20; 16.10.20; 5.1.1; 5.1.2; 01.11.20; 5.3.1; 5.8.1; 5.8.7; 01.02.20
Среднерусский вестник общественных наук,2071-2367,08.00.05; 23.00.01; 28.12.20; 16.10.20; 23.00.03; 23.00.05; 5.2.1; 5.2.4; 5.2.5; 5.4.6; 5.4.7; 5.5.2; 5.5.4; 01.02.20; 5.2.3; 5.2.6; 5.4.4; 5.5.3; 21.02.20
Средние века. Исследования по истории Средневековья и раннего Нового времени,0131-8780,5.6.2; 01.02.20
СРЕТЕНСКОЕ СЛОВО,2782-6066,5.11.1; 5.11.2; 5.11.3; 27.05.20
Стандарты и качество,0038-9692,08.00.05; 28.12.20; 16.10.20; 05.02.23; 03.10.20; 16.10.20; 2.3.4; 2.5.22; 5.2.3; 5.2.6; 21.10.20
Стандарты и мониторинг в образовании,1998-1740,5.8.7; 01.02.20
СТАНКОИНСТРУМЕНТ,2499-9407,05.02.18; 19.04.20; 16.10.20; 2.2.10; 2.5.5; 2.5.6; 2.6.3; 2.6.17; 01.02.20; 2.5.2; 14.12.20
Старинная музыка,1999-6810,17.00.02; 28.12.20; 16.10.20; 5.10.3; 01.11.20; 23.11.20
"Статистика и экономика (До 23.11.2016 г. наименование в Перечне «Экономика, статистика и информатика. Вестник УМО» ISSN 1994- 7844)",2500-3925,08.00.05; 08.00.12; 08.00.13; 08.00.13; 28.12.20; 16.10.20; 1.1.4; 5.2.2; 5.2.3; 20.12.20; 5.2.2; 08.02.20
Cтратегирование: теория и практика (Strategizing: Theory and Practice),2782-2435,5.2.2; 5.2.3; 5.2.5; 19.12.20
Стоматология,0039-1735,3.1.2; 3.1.7; 26.01.20
Стоматология детского возраста и профилактика,1683-3031,3.1.7; 3.3.2; 01.02.20; 3.1.2; 12.03.20; 3.1.7; 01.02.20; 09.08.20
Стратегические решения и риск-менеджмент (До 09.08.2018 г. наименование в Перечне «Эффективное антикризисное управление» ISSN,2078-8886,08.00.05; 28.12.20; 16.10.20; 5.2.4; 5.2.5; 01.02.20; 5.2.1; 5.2.2; 5.2.3; 5.2.6; 21.02.20
Стратегическая стабильность,1680-2772,20.00.00; 28.12.20; 28.02.20; 6.0.0; 20.04.20
Страховое дело,0869-7574,08.00.13; 28.12.20; 16.10.20; 5.2.4; 01.02.20; 5.2.5; 08.00.05; 12.00.03; 28.12.20; 16.10.20; 5.2.4; 01.02.20
Строитель Донбасса,2617-1848,2.1.1; 2.1.5; 2.1.7; 2.1.11; 2.1.11; 2.1.12; 2.1.12; 2.10.2; 10.06.20
Строительная механика и конструкции,2219-1038,1.1.8; 2.1.1; 2.1.2; 2.1.8; 2.1.9; 01.02.20
Строительная механика и расчет сооружений,0039-2383,2.1.1; 2.1.2; 01.02.20; 2.1.9
Строительная механика инженерных конструкций и сооружений,1815-5235,2.1.1; 2.1.2; 2.1.9; 01.02.20
Строительное производство,2658-5340,05.02.22; 05.13.12; 31.01.20; 16.10.20; 2.1.2; 2.1.7; 01.02.20; 2.1.14; 13.07.20; 2.1.1; 2.1.5; 22.05.20
Строительные и дорожные машины,0039-2391,05.02.02; 05.02.23; 05.05.03; 05.05.04; 05.05.06; 26.03.20; 16.10.20; 2.5.3; 2.5.4; 2.1.1; 2.1.5; 01.02.20; 2.1.7; 2.1.8
Строительные материалы,0585-430X,2.1.1; 2.1.5; 2.1.7; 2.1.10; 01.02.20
Строительные материалы и изделия,2618-7183,05.23.07; 31.10.20; 16.10.20; 2.1.1; 2.1.2; 2.1.3; 2.1.5; 2.1.7; 2.1.8; 2.1.9; 2.1.10; 2.1.11; 2.1.11; 2.1.12; 2.1.12; 01.02.20; 2.1.13; 2.1.13; 2.6.6; 2.6.17
Строительство и архитектура / Construction & Architecture,2308-0191,05.23.07; 21.11.20; 16.10.20; 2.1.1; 2.1.2; 2.1.5; 2.1.7; 2.1.9; 2.1.10; 2.1.11; 2.1.12; 2.1.13; 01.02.20; 2.1.6; 2.1.14; 2.1.15; 20.03.20
Строительство и реконструкция,2073-7416,2.1.1; 2.1.2; 2.1.5; 2.1.7; 01.02.20; 2.1.9; 2.1.10; 2.1.11; 2.1.12; 2.1.13
Строительство и техногенная безопасность,2413-1873,05.01.01; 05.14.08; 28.12.20; 16.10.20; 2.1.1; 2.1.3; 2.1.4; 2.1.5; 2.1.7; 2.1.10; 2.1.13; 01.02.20
Строительство нефтяных и газовых скважин на суше и на море,0130-3872,05.02.13; 25.00.18; 26.03.20; 16.10.20; 2.8.1; 2.8.2; 2.8.4; 01.02.20; 2.5.21; 14.12.20
Строительство уникальных зданий и сооружений,2304-6295,2.1.1; 01.02.20
Строительство: наука и образование / Construction: Science and Education,2305-5502,05.23.07; 05.23.16; 28.12.20; 16.10.20; 2.1.1; 2.1.2; 2.1.3; 2.1.4; 2.1.5; 2.1.7; 2.1.9; 2.1.10; 2.1.11; 2.1.12; 2.1.13; 01.02.20; 2.1.6; 2.1.14; 20.03.20
Субтропическое и декоративное садоводство,2225-3068,03.01.05; 06.01.05; 06.01.08; 09.12.20; 16.10.20; 1.5.19; 01.02.20; 1.5.19; 4.1.2; 4.1.2; 4.1.3; 4.1.3; 4.1.4; 4.1.4; 07.03.20
Судебная экспертиза,1813-4327,12.00.09; 12.00.12; 28.12.20; 16.10.20; 5.1.4; 28.11.20
Судебная экспертиза и исследования,2782-5256,5.1.4; 01.10.20
Судебно-медицинская экспертиза,0039-4521,3.3.5; 26.01.20
Судостроение,0039-4580,05.08.04; 04.03.20; 16.10.20; 1.3.7; 2.5.8; 2.5.19; 2.5.20; 01.02.20; 2.5.18; 5.2.3; 14.12.20; 3.3.5; 01.02.20
Суханшиноси (Словесность),2308-7420,5.9.2; 5.9.3; 5.9.4; 5.9.6; 5.9.8; 17.07.20
Сфера культуры,2713-301X,5.9.1; 5.10.1; 5.10.1; 5.10.1; 5.10.3; 5.10.4; 5.10.4; 21.02.20
"США & Канада: экономика, политика, культура",0321-2068,08.00.05; 08.00.12; 23.00.01; 23.00.03; 23.00.05; 23.00.06; 12.02.20; 16.10.20; 5.2.4; 5.2.5; 5.5.2; 01.02.20; 5.5.4; 5.6.2; 5.6.7
Сыроделие и маслоделие,0235-2508,05.18.04; 05.18.12; 05.18.15; 28.12.20; 16.10.20; 4.3.5; 01.02.20; 4.2.4; 4.2.4; 4.3.3; 13.07.20; 4.3.1; 4.3.3; 4.3.5; 25.09.20
Таврический вестник аграрной науки,2542-0720,05.20.01; 06.01.02; 06.01.05; 28.12.20; 16.10.20; 1.5.11; 1.5.20; 01.02.20; 4.1.1; 1.5.11; 1.5.20; 4.1.2; 4.1.2; 4.1.5; 4.1.5; 4.3.1; 4.3.1; 15.02.20
Таврический вестник информатики и математики,1729-3901,01.01.02; 01.01.06; 01.01.09; 05.13.17; 28.12.20; 16.10.20; 1.1.1; 1.1.9; 1.2.2; 2.3.1; 01.02.20; 1.1.2; 1.1.5; 15.02.20; 1.1.6; 1.1.8; 1.2.1; 1.2.3
Таврический журнал психиатрии,2413-1881,14.01.06; 19.00.04; 19.00.05; 28.12.20; 24.05.20; 3.1.24; 5.3.1; 01.02.20; 24.05.20
Таврический медико- биологический вестник,2070-8092,14.01.13; 14.01.28; 14.02.03; 14.02.06; 28.12.20; 16.10.20; 3.1.4; 3.1.9; 3.1.18; 3.1.20; 3.1.21; 3.1.22; 3.1.23; 3.1.24; 3.1.26; 3.1.27; 3.1.28; 3.1.29; 01.02.20
ТАДЖИКИСТАН и современный мир,2075-9584,08.00.05; 25.12.20; 16.10.20; 5.2.1; 5.2.4; 01.02.20; 5.5.2; 5.2.3; 5.2.5; 5.4.5; 21.02.20
Таможенное дело,2071-1220,12.00.04; 12.00.14; 28.12.20; 16.10.20; 5.1.2; 25.04.20
Театр. Живопись. Кино. Музыка,1998-8745,17.00.01; 17.00.02; 17.00.03; 17.00.04; 17.00.05; 17.00.09; 28.12.20; 16.10.20; 5.9.1; 5.10.1; 5.10.3; 01.11.20
Текст. Книга. Книгоиздание,2306-2061,10.01.01; 10.01.10; 10.02.01; 28.12.20; 16.10.20; 5.9.1; 5.9.5; 5.9.9; 20.03.20
Телекоммуникации,1684-2588,2.2.13; 2.2.15; 2.3.1; 2.3.6; 01.02.20
Теневая экономика,2541-7681,5.2.1; 5.2.3; 5.2.6; 01.11.20
Теологический вестник Смоленской православной духовной семинарии,2782-2095,5.6.1; 5.7.9; 5.11.1; 5.11.2; 5.11.3; 19.12.20
Теология: теория и практика,2949-3951,5.11.1; 5.11.2; 5.11.3; 23.04.20
Теоретическая и прикладная лингвистика,2410-7190,10.02.01; 10.02.02; 12.02.20; 16.10.20; 10.02.04; 10.02.05; 10.02.19; 10.02.20; 5.9.5; 5.9.6; 5.9.8; 20.12.20
Теоретическая и прикладная экология,1995-4301,03.02.09; 26.03.20; 16.10.20; 1.4.2; 1.5.11; 1.5.15; 1.5.15; 1.5.19; 1.6.12; 1.6.19; 01.02.20; 1.5.15; 1.6.21; 1.6.21; 2.6.7; 4.1.3; 20.03.20
Теоретическая и прикладная экономика,2409-8647,08.00.05; 08.00.12; 08.00.13; 28.12.20; 16.10.20; 5.2.1; 5.2.4; 5.2.5; 01.02.20; 5.2.6; 21.02.20
Теоретическая и прикладная юриспруденция,3034-2813,5.1.1; 5.1.2; 5.1.3; 01.10.20
Теоретическая и экспериментальная психология,2073-0861,19.00.04; 19.00.05; 19.00.13; 28.12.20; 16.10.20; 5.3.1; 5.3.2; 5.3.3; 5.3.4; 5.3.8; 01.02.20; 5.3.5; 5.3.7; 29.03.20; 5.3.6; 20.02.20
Теоретическая экономика,2221-3260,5.2.1; 5.2.5; 01.02.20
Теоретические и прикладные проблемы агропромышленного комплекса,2221-7312,06.01.02; 06.01.05; 28.12.20; 16.10.20; 06.01.05; 06.01.08; 06.02.01; 06.02.07; 06.02.10; 08.00.05; 4.1.1; 4.1.1; 01.02.20; 4.1.2; 4.1.2; 4.1.4; 4.1.5; 4.2.1; 4.2.5; 5.2.3
Теории и проблемы политических исследований,2223-5442,23.00.01; 23.00.03; 28.12.20; 16.10.20; 5.5.2; 5.5.4; 01.02.20
Теория государства и права,2500-0837,12.00.01; 12.00.02; 12.02.20; 16.10.20; 5.1.1; 5.1.2; 08.02.20
Теория и история искусства,2411-0795,5.10.1; 5.10.3; 29.03.20
Теория и практика археологических исследований,2307-2539,5.6.3; 01.02.20
Теория и практика общественного развития,1815-4964,
Теория и практика переработки мяса,2441-438X,05.18.04; 05.18.12; 05.02.23; 01.07.20; 16.10.20; 4.3.3; 13.10.20; 4.3.5
Теория и практика социогуманитарных наук,2713-0274,5.1.1; 5.1.2; 5.3.4; 5.3.9; 5.8.1; 5.8.7; 25.06.20
Теория и практика судебной экспертизы,1819-2785,12.00.12; 28.12.20; 16.10.20; 5.1.4; 21.02.20
Теория и практика физической культуры,0040-3601,5.8.4; 5.8.5; 5.8.6; 5.8.7; 21.02.20
Теория и техника радиосвязи,1995-7009,2.2.13; 2.2.14; 2.2.15; 01.02.20
Теория и технология металлургического производства,2311-5378,2.6.2; 2.6.3; 2.6.4; 01.02.20
Теория языка и межкультурная коммуникация,2219-8660,10.02.01; 10.02.19; 28.12.20; 16.10.20; 10.02.20; 10.02.21; 5.9.5; 5.9.8; 01.11.20
Тепловые процессы в технике,2074-2649,01.02.06; 01.02.06; 05.07.07; 28.12.20; 16.10.20; 1.1.8; 1.1.9; 1.1.9; 1.3.2; 1.3.8; 1.3.9; 1.3.10; 1.3.14; 1.3.14; 2.5.12; 2.5.13; 2.5.14; 2.5.15; 01.02.20
«Терапевтический архив»,0040-3660,14.01.28; 03.10.20; 16.10.20; 3.1.18; 3.1.19; 3.1.20; 3.1.22; 3.1.27; 3.1.28; 3.1.29; 3.1.32; 01.02.20; 3.1.30; 14.04.20
"Территория ""Нефтегаз""",2072-2745,05.02.11; 05.02.13; 05.14.01; 25.00.12; 25.00.18; 26.03.20; 16.10.20; 1.6.9; 1.6.9; 2.5.3; 01.02.20; 2.5.4; 2.5.8; 2.8.2; 2.8.5; 1.6.11; 1.6.11; 2.5.21; 2.8.4; 20.03.20
Территория новых возможностей. Вестник Владивостокского государственного университета,2949-1258,5.1.1; 5.2.3; 5.2.6; 5.8.2; 5.8.7; 19.12.20
Тетради по консерватизму,2409-2517,23.00.01; 23.00.03; 23.00.06; 28.12.20; 16.10.20; 5.5.2; 5.5.4; 5.6.1; 5.6.2; 5.7.2; 5.7.7; 01.02.20; 5.7.8; 5.7.9
Техник транспорта: образование и практика,2687-1025,2.9.1; 2.9.2; 2.9.3; 2.9.4; 2.9.8; 2.9.9; 11.12.20
Техника и оборудование для села,2072-9642,05.20.01; 05.20.02; 05.20.03; 08.00.05; 12.02.20; 16.10.20; 4.3.1; 4.3.2; 5.2.3; 13.10.20
Техника и технологии в животноводстве,2713-2064,05.20.01; 05.20.01; 09.12.20; 16.10.20; 4.3.1; 4.3.1; 15.02.20
Техника и технология пищевых производств (Food Processing: Techniques and Technology),2074-9414,05.18.01; 05.18.04; 05.18.15; 05.18.15; 08.00.05; 08.00.12; 12.02.20; 16.10.20; 05.18.12; 11.07.20; 16.10.20; 1.5.6; 1.5.6; 4.3.5; 01.02.20; 4.2.2; 4.2.4; 4.3.1; 4.3.2; 4.3.3
Техника и технология силикатов,2076-0655,2.1.5; 2.6.14; 2.6.14; 01.02.20
Техника радиосвязи,2075-8693,1.3.4; 2.2.13; 2.2.14; 01.02.20
Технико-технологические проблемы сервиса,2074-1146,05.26.02; 08.00.05; 19.04.20; 16.10.20; 2.9.5; 01.02.20; 5.2.3; 5.2.6; 31.05.20
Технический сервис машин,2618-8287,05.02.13; 05.20.01; 05.20.03; 21.11.20; 16.10.20; 5.6.6; 01.02.20; 4.3.1; 22.11.20
Технологии гражданской безопасности,1996-8493,05.26.02; 26.03.20; 16.10.20; 6.0.0; 20.04.20
Технологии живых систем,2070-0997,03.01.07; 28.12.20; 16.10.20; 03.03.02; 14.03.01; 1.5.2; 1.5.4; 1.5.4; 1.5.6; 1.5.8; 1.5.5; 1.5.22; 1.5.23; 1.5.24; 3.3.1; 3.3.2; 3.3.2; 3.3.3; 3.3.3; 3.3.5
Технологии и качество,2587-6147,05.19.01; 05.19.02; 17.00.06; 22.12.20; 16.10.20; 2.6.16; 5.10.3; 27.06.20
Технологии нефти и газа,1815-2600,25.00.12; 25.00.12; 28.12.20; 16.10.20; 1.4.12; 1.4.12; 1.4.14; 1.4.14; 2.6.12; 2.6.12; 2.6.13; 2.6.13; 2.8.4; 2.8.5; 01.02.20
Технологии пищевой и перерабатывающей промышленности АПК – продукты здорового питания,2311-6447,05.18.04; 05.18.05; 05.18.06; 05.18.12; 05.18.15; 05.18.17; 06.04.01; 26.03.20; 16.10.20; 4.3.5; 01.02.20; 4.1.4; 4.2.4; 4.2.5; 4.2.6; 4.3.1; 4.3.3; 13.10.20
Технологии обеспечения жизненного цикла ядерных энергетических установок,2414-5726,05.14.03; 12.02.20; 16.10.20; 1.4.2; 1.4.4; 2.4.9; 20.03.20
Технологии сейсморазведки,1813-4254,05.13.18; 25.00.12; 25.00.12; 28.12.20; 16.10.20; 1.6.9; 1.6.9; 1.6.9; 2.8.3; 01.02.20; 22.03.20
Технологии техносферной безопасности: Интернет-журнал,2071-7342,05.26.02; 05.26.03; 26.03.20; 16.10.20; 1.2.2; 2.3.1; 2.3.3; 2.3.4; 01.02.20; 2.1.15; 2.10.1; 20.03.20
Технологии электромагнитной совместимости,1729-2670,05.13.05; 28.12.20; 16.10.20; 2.2.13; 2.2.14; 2.2.15; 2.2.16; 01.02.20; 1.3.2; 1.3.13; 2.2.11; 22.11.20
Технология и товароведение инновационных пищевых продуктов,2219-8466,05.18.01; 05.18.04; 05.18.05; 28.12.20; 16.10.20; 05.18.06; 05.18.12; 05.18.15; 4.3.5; 01.02.20; 4.3.3; 4.3.3; 15.02.20
Технология легких сплавов,0321-4664,2.6.1; 2.6.3; 2.6.4; 2.6.5; 01.02.20
Технология машиностроения,1562-322X,05.02.02; 05.02.11; 05.02.22; 05.02.23; 26.03.20; 16.10.20; 2.3.3; 2.5.4; 2.5.5; 2.5.6; 2.5.7; 01.02.20; 2.5.8; 2.6.1; 2.6.3; 2.6.4; 2.6.5
Технологос,2687-0266,5.6.1; 5.6.6; 5.7.2; 5.7.6; 5.7.9; 20.03.20
Техносферная безопасность,2311-3286,05.26.03; 26.03.20; 16.10.20; 3.2.6; 3.2.6; 2.10.1; 2.10.1; 14.12.20
Тихоокеанская география / Pacific Geograhy,2687-0509,1.6.12; 1.6.13; 1.6.21; 13.10.20
Тихоокеанский медицинский журнал,1609-1175,14.03.09; 28.12.20; 16.10.20; 3.1.18; 3.1.20; 3.1.29; 3.2.1; 3.2.2; 3.2.4; 3.3.1; 3.3.3; 3.3.5; 3.3.8; 01.02.20; 3.1.9; 3.1.21; 3.1.22; 3.2.7; 3.3.6; 07.12.20
Токсикологический вестник,0869-7922,1.5.15; 3.2.1; 3.2.4; 3.3.4; 3.3.4; 01.02.20
Томский журнал лингвистических и антропологических исследований. Tomsk Journal of Linguistics and Anthropology,2307-6119,10.02.02; 10.02.20; 28.12.20; 16.10.20; 5.6.3; 5.6.4; 5.6.5; 01.02.20; 5.9.5; 5.9.8; 25.04.20
"Торговля, сервис, индустрия питания / Trade, service, food industry",2782-2214,5.2.3; 20.02.20
Точка зрения. Восток-Запад,2410-1257,3.1.5; 26.01.20
Травматология и ортопедия России,2311-2905,3.1.8; 01.02.20
Традиции и современность,2687-1122,
Традиционная культура,2410-6658,10.01.01; 17.00.02; 28.12.20; 16.10.20; 5.6.4; 5.9.4; 01.02.20
Традиционная медицина,1818-6173,3.1.20; 3.1.24; 3.1.31; 3.1.33; 3.1.33; 3.3.4; 3.3.4; 3.3.6; 3.3.6; 3.3.6; 3.3.8; 3.3.8; 3.4.1; 01.02.20; 3.4.2; 3.4.2; 3.4.3
Традиционное прикладное искусство и образование,2619-1504,5.8.7; 01.02.20
Тракторы и сельхозмашины,0321-4443,05.04.02; 05.05.03; 05.20.01; 05.20.01; 28.12.20; 16.10.20; 2.4.5; 2.4.7; 2.4.8; 2.5.9; 2.5.11; 2.5.21; 2.5.22; 4.3.1; 4.3.2; 15.02.20
Трансляционная медицина Translational medicine,2311-4495,1.5.22; 3.1.20; 3.1.21; 3.1.28; 3.3.3; 01.02.20; 3.3.8
Трансплантология,2074-0506,14.01.13; 14.03.09; 14.03.09; 28.12.20; 16.10.20; 3.1.9; 3.1.12; 3.1.14; 3.1.15; 3.1.20; 3.1.28; 3.3.3; 3.3.4; 01.02.20
Транспорт Азиатско- Тихоокеанского региона (Pacific Rim countries transportation system),2415-8658,2.1.1; 2.1.2; 2.1.7; 2.1.8; 2.4.2; 2.4.5; 2.9.1; 2.9.2; 2.9.3; 2.9.4; 2.9.8; 2.9.9; 22.11.20
Транспорт и хранение нефтепродуктов и углеводородного сырья,0131-4270,25.00.18; 26.03.20; 16.10.20; 1.6.21; 2.3.3; 2.8.4; 2.8.5; 01.02.20
Транспорт на альтернативном топливе,2073-1329,05.14.01; 26.03.20; 16.10.20; 2.9.5; 01.02.20; 2.4.5; 2.4.7; 2.4.8; 5.2.3; 5.2.6; 20.04.20; 05.22.01; 08.00.05; 26.03.20; 16.10.20; 2.9.2; 2.9.3; 2.9.4; 2.9.5; 01.02.20
Транспорт Урала,1815-9400,05.22.01; 28.12.20; 16.10.20; 2.9.2; 2.9.3; 2.9.4; 2.9.5; 01.02.20; 2.9.1; 2.9.9; 21.10.20
Транспорт. Транспортные сооружения. Экология,2411-1678,2.1.1; 2.1.2; 2.1.5; 2.1.7; 2.1.8; 01.02.20
"Транспортное, горное и строительное машиностроение: наука и производство",2658-3305,1.1.7; 1.1.8; 2.5.2; 2.5.11; 2.5.21; 2.8.2; 2.8.6; 2.8.7; 2.8.8; 21.04.20
Транспортное дело России,2072-8689,05.22.19; 08.00.05; 08.00.13; 26.03.20; 16.10.20; 5.2.4; 01.02.20; 5.2.3; 2.5.18; 2.5.19; 2.5.20; 2.9.1; 2.9.2; 2.9.3; 2.9.4; 2.9.5; 2.9.7; 2.9.8; 2.9.9; 14.12.20
Транспортное машиностроение (до 13.10.2022 наименование в Перечне «Вестник Брянского государственного технического университета» ISSN,1999-8775,
Транспортное право,1812-3937,12.00.03; 12.00.08; 18.07.20; 16.10.20; 5.1.2; 5.1.3; 25.04.20
Транспортное право и безопасность,2500-1868,08.00.05; 12.00.01; 12.00.06; 12.00.09; 12.00.12; 12.00.14; 31.10.20; 16.10.20; 5.1.2; 5.1.4; 08.02.20
Транспортное строительство,0131-4300,05.22.01; 28.12.20; 16.10.20; 2.1.1; 2.1.2; 2.1.5; 2.1.7; 2.1.8; 2.1.9; 2.1.10; 2.9.2; 01.02.20; 2.1.3; 2.1.4; 2.9.5; 01.02.20; 10.12.20
Трансформация экосистем,2619-0931,1.5.15; 1.5.20; 01.02.20
Трансфузиология,2221-4593,3.1.28; 3.3.8; 01.02.20
Трение и износ,0202-4977,1.1.7; 1.1.7; 22.06.20; 1.1.8; 1.1.8; 2.5.2; 2.5.3; 2.5.6; 2.5.9; 2.6.6; 2.6.17; 12.00.03; 12.00.15; 28.12.20; 16.10.20; 5.1.3; 21.02.20
"Тромбоз, гемостаз и реология",2078-1008,14.01.21; 28.12.20; 16.10.20; 1.5.5; 1.5.5; 3.1.4; 3.1.6; 3.1.8; 3.1.12; 3.1.20; 3.1.21; 3.1.24; 3.1.27; 3.1.28; 3.3.6; 3.3.8; 01.02.20; 3.3.8
Трубопроводный транспорт: теория и практика,1816-451X,05.02.02; 05.02.11; 05.02.13; 26.03.20; 16.10.20; 1.6.7; 1.6.7; 1.6.7; 1.6.21; 2.5.8; 01.02.20; 22.03.20
Труд и социальные отношения,2073-7815,08.00.05; 12.00.05; 28.12.20; 16.10.20; 5.2.1; 5.2.4; 5.4.4; 5.4.7; 01.02.20; 5.1.2; 5.1.3; 5.4.3; 5.4.3; 20.12.20; 5.2.3; 5.2.6; 27.06.20
Трудный пациент,2074-1995,14.01.13; 14.01.28; 28.12.20; 16.10.20; 3.1.4; 3.1.6; 3.1.9; 3.1.13; 3.1.18; 3.1.19; 3.1.20; 3.1.21; 3.1.24; 3.1.27; 3.1.29; 01.02.20
Трудовое право в России и за рубежом,2221-3295,12.00.05; 28.12.20; 16.10.20; 5.1.2; 5.1.3; 28.11.20
Труды 25 ГосНИИ МО РФ,2313-7037,20.00.00; 31.10.20; 28.02.20; 6.0.0; 22.05.20; 12.00.01; 12.00.02; 12.00.08; 12.00.09; 12.00.11; 12.00.12; 28.12.20; 16.10.20; 5.1.1; 5.1.2; 5.1.4; 27.06.20
Труды Академии управления МВД России,2072-9391,12.00.01; 12.00.02; 12.00.08; 12.00.09; 12.00.11; 12.00.12; 12.00.14; 28.12.20; 16.10.20; 5.1.1; 5.1.2; 5.1.4; 01.11.20
Труды ВИАМ,2307-6046,05.17.06; 28.12.20; 16.10.20; 2.6.1; 2.6.17; 01.02.20; 2.6.11; 22.06.20
Труды ВНИРО,2307-3497,05.18.04; 28.12.20; 16.10.20; 1.5.7; 1.5.12; 1.5.16; 1.5.20; 2.7.1; 5.2.3; 25.01.20; 1.5.13; 1.5.15; 01.02.20
Труды Военно-космической академии имени А.Ф. Можайского,2218-5429,20.00.00; 28.12.20; 28.02.20; 6.0.0; 22.06.20
Труды Главной геофизической обсерватории им. А.И. Воейкова,0376-1274,25.00.29; 25.00.30; 25.00.30; 25.00.30; 28.12.20; 16.10.20; 1.6.18; 1.6.18; 1.6.18; 14.12.20; 08.07.20
"Труды ГосНИИАС. Серия Авиационные системы (до 08.07.2024 г. . наименование в Перечне «Труды ГосНИИАС Серия ""Вопросы авионики""», ISSN",2411-1902,
Труды ГПНТБ СО РАН,2618-7515,5.10.4; 5.10.4; 27.06.20
Труды зоологического института Российской академии наук,0206-0477,1.5.12; 1.5.14; 1.5.16; 1.5.17; 01.02.20
Труды Института государства и права РАН,2073-4522,12.00.01; 12.00.02; 12.00.03; 12.00.04; 12.00.05; 12.00.06; 12.00.07; 12.00.08; 12.00.09; 12.00.10; 12.00.11; 12.00.12; 12.00.13; 12.00.14; 12.00.15; 28.12.20; 16.10.20; 5.1.1; 28.11.20; 5.1.2
"Труды Института истории, археологии и этнографии ДВО",2658-5960,5.6.1; 5.6.2; 5.6.3; 5.6.4; 29.03.20
Труды Института математики и механики УрО РАН,0134-4889,01.01.02; 01.01.03; 01.01.06; 01.01.09; 01.02.01; 05.13.17; 28.12.20; 16.10.20; 1.1.1; 1.1.3; 1.1.4; 1.1.6; 1.1.9; 1.2.2; 2.3.1; 01.02.20; 1.1.2; 22.11.20; 1.1.5; 1.1.7
Труды Института прикладной астрономии РАН,2224-7440,01.03.01; 01.03.01; 01.03.02; 01.03.02; 28.12.20; 16.10.20; 1.3.1; 1.3.1; 22.11.20
Труды Института русского языка им. В.В. Виноградова,2311-150X,10.02.01; 10.02.19; 02.12.20; 16.10.20; 5.9.5; 5.9.8; 20.12.20
Труды Института системного анализа Российской академии наук,2079-0279,01.01.02; 01.01.09; 05.13.17; 05.13.17; 28.12.20; 16.10.20; 1.2.2; 1.2.2; 2.3.1; 01.02.20; 2.3.5; 2.3.5; 1.1.2; 1.1.6; 1.2.3; 2.3.8; 5.2.2; 5.2.3; 15.02.20
Труды Института системного программирования РАН,2220-6426,01.01.09; 05.13.15; 05.13.17; 05.13.17; 28.12.20; 16.10.20; 1.2.2; 1.2.2; 2.3.5; 2.3.5; 2.3.6; 01.02.20
Труды Карельского научного центра Российской академии наук,1997-3217,25.00.01; 28.12.20; 16.10.20; 25.00.03; 1.5.9; 1.5.12; 1.5.15; 1.6.2; 1.6.12; 1.6.21; 01.02.20; 1.6.1; 22.11.20
Труды кафедры богословия Санкт-Петербургской Духовной Академии,2541-9587,5.7.9; 5.7.9; 5.10.1; 5.10.1; 5.10.1; 5.11.1; 30.06.20; 29.05.20
Труды Крыловского государственного научного центра. Transactions Of The Krylov State Research Centre (До 29.05.2017 г. наименование в Перечне «Труды Центрального научно- исследовательского института имени академика А.Н. Крылова» ISSN,0869-8422,
Труды Кубанского государственного аграрного университета,1999-1703,06.01.05; 06.01.07; 12.02.20; 16.10.20; 06.01.07; 06.02.01; 06.02.03; 06.02.03; 06.02.08; 06.02.10; 08.00.05; 08.00.12; 4.1.1; 4.1.1; 4.2.3; 01.02.20; 4.1.2; 4.1.2; 4.1.3; 4.1.3
ТРУДЫ МФТИ - Труды Московского физико- технического института (государственного университета),2072-6759,01.02.01; 01.04.15; 05.13.17; 28.12.20; 16.10.20; 1.1.9; 1.2.2; 1.3.2; 01.02.20; 1.3.3; 1.3.4; 1.3.5; 1.3.8; 1.3.9; 1.3.13; 1.3.17; 1.3.19; 1.1.1; 1.1.2; 1.1.4
Труды НАМИ,0135-3152,05.04.02; 05.05.03; 28.12.20; 16.10.20; 2.4.7; 29.03.20; 2.5.11; 05.05.03; 05.14.02; 05.14.03; 28.12.20; 16.10.20; 2.3.1; 01.02.20; 2.3.1; 2.3.8; 2.4.9; 2.5.11; 15.02.20
Труды НИИР,0134-5583,2.2.13; 2.2.15; 01.02.20
"Труды НПО ""Энергомаш имени академика В.П. Глушко""",2079-0228,2.5.15; 01.02.20
Труды Оренбургского института (филиала) МГЮА,2073-8838,12.00.01; 28.12.20; 16.10.20; 12.00.02; 12.00.03; 12.00.05; 12.00.08; 25.12.20; 16.10.20; 12.00.09; 12.00.14; 12.00.15; 5.1.2; 5.1.3; 5.1.4; 21.02.20
Труды по интеллектуальной собственности,2225-3475,12.00.01; 12.00.02; 12.00.03; 12.00.04; 12.00.10; 12.00.11; 12.00.13; 12.00.14; 12.00.15; 28.12.20; 16.10.20; 5.1.2; 5.1.3; 28.11.20
"Труды по прикладной ботанике, генетике и селекции",2227-8834,03.01.07; 28.12.20; 16.10.20; 06.01.05; 1.5.6; 1.5.6; 1.5.7; 1.5.7; 1.5.9; 01.02.20; 4.1.2; 4.1.2; 4.1.4; 4.1.4; 15.02.20
Труды РАНИМИ,2519-2418,2.8.3; 2.8.6; 2.8.8; 09.12.20
Труды Российского государственного университета нефти и газа имени И.М. Губкина,2073-9028,05.02.13; 25.00.12; 25.00.12; 25.00.18; 26.03.20; 16.10.20; 1.4.3; 1.4.3; 1.4.10; 1.4.10; 1.4.10; 01.02.20; 1.4.12; 1.4.12; 1.6.21; 1.6.21; 1.6.9; 1.6.9; 2.5.8; 2.8.2
Труды Санкт-Петербургского научно-исследовательского института лесного хозяйства,2079-6080,06.03.01; 06.03.01; 06.03.02; 06.03.02; 06.03.03; 12.02.20; 16.10.20; 4.1.6; 4.1.6; 13.10.20
Труды Саратовской православной духовной семинарии,2782-5884,
Труды СПбГМТУ,2414-1437,2.2.11; 2.4.2; 2.5.17; 2.5.18; 2.5.19; 2.5.20; 10.06.20
Труды учебных заведений связи,1813-324X,05.11.18; 12.02.20; 16.10.20; 1.2.2; 2.2.6; 2.2.13; 2.2.14; 2.2.15; 2.2.16; 01.02.20; 2.3.1; 2.3.6; 13.10.20
Труды «НПЦАП». Системы и приборы управления (до 13.10.2022 наименование в Перечне «Труды ФГУП «НПЦАП» ),1991-5950,05.13.05; 28.12.20; 16.10.20; 2.2.5; 2.3.1; 2.5.16; 01.02.20
Туберкулез и болезни легких,2075-1230,3.1.26; 3.1.29; 01.02.20
Туберкулез и социально- значимые заболевания,2413-0346,14.02.03; 28.12.20; 16.10.20; 1.5.11; 3.1.26; 01.02.20
Тульский научный вестник. Серия История. Языкознание,2712-8407,5.6.1; 5.6.2; 5.6.4; 5.9.5; 5.9.8; 21.02.20
Турбины и дизели,2949-2971,2.4.5; 2.4.6; 2.4.7; 2.4.8; 2.4.9; 2.5.10; 11.12.20
Туризм: право и экономика,1813-1212,12.00.03; 12.00.10; 12.00.14; 28.12.20; 16.10.20; 5.1.2; 25.04.20
Тяжелое машиностроение,1024-7106,05.02.11; 05.04.11; 26.03.20; 16.10.20; 2.5.6; 01.02.20; 2.5.8; 2.6.1; 2.6.2; 2.6.3; 11.07.20
Уголовная юстиция,2308-8451,12.00.08; 12.00.09; 12.00.11; 12.00.12; 28.12.20; 16.10.20; 5.1.4; 28.11.20
Уголовное право,2071-5870,12.00.08; 12.00.09; 28.12.20; 16.10.20; 12.00.11; 12.00.12; 5.1.4; 08.02.20
Уголовное судопроизводство,2072-4411,12.00.09; 28.12.20; 16.10.20; 5.1.4; 23.09.20
"Уголовно-исполнительная система: право, экономика, управление",2072-4438,12.00.08; 28.12.20; 16.10.20; 5.1.4; 01.11.20
Уголовно-исполнительное право,2072-2427,12.00.08; 25.12.20; 16.10.20; 5.1.4; 23.09.20
Уголовный процесс,2076-4413,12.00.08; 12.00.09; 12.00.11; 12.00.12; 28.12.20; 16.10.20; 5.1.4; 25.04.20
Ультразвуковая и функциональная диагностика,1607-0771,
Ульяновский медико- биологический журнал,2227-1848,1.5.5; 1.5.15; 1.5.15; 1.5.22; 1.5.24; 3.1.4; 3.1.6; 3.1.6; 3.1.9; 3.1.18; 3.1.20; 3.1.21; 3.1.24; 01.02.20
Умные композиты в строительстве Smart Composite in Construction,2782-1919,2.1.1; 2.1.5; 2.1.8; 2.1.12; 2.1.12; 20.04.20
Университетский научный журнал,2222-5064,1.2.2; 1.3.4; 1.3.6; 1.3.8; 2.3.3; 2.3.5; 01.02.20; 2.6.17
"Университетский научный журнал. Серия ""Филологические и исторические науки, искусствоведение""",2222-5065,10.02.01; 10.02.04; 10.02.19; 10.02.20; 10.02.21; 17.00.02; 17.00.04; 17.00.09; 28.12.20; 16.10.20; 5.6.1; 5.6.2; 5.6.7; 01.02.20; 5.9.1; 5.9.5; 5.9.6; 5.9.8; 5.10.3; 21.02.20
Университетское управление: практика и анализ,1999-6640,08.00.05; 22.00.03; 28.12.20; 16.10.20; 5.4.4; 5.4.7; 01.02.20; 5.2.3; 5.4.2; 20.03.20
Управленец,2218-5003,08.00.05; 28.12.20; 16.10.20; 5.2.3; 5.2.6; 23.09.20
Управление,2309-3633,08.00.05; 08.00.12; 08.00.13; 28.12.20; 16.10.20; 23.00.01; 23.00.03; 23.00.05; 23.00.06; 09.08.20; 16.10.20; 5.2.1; 5.2.4; 5.2.5; 5.5.2; 5.5.4; 01.02.20; 5.2.2; 5.2.3; 5.2.6
Управление большими системами,1819-2467,01.01.09; 08.00.05; 08.00.13; 08.00.13; 28.12.20; 16.10.20; 1.2.2; 1.2.2; 2.3.1; 2.3.1; 2.3.3; 2.3.4; 2.3.5; 2.3.5; 01.02.20; 1.2.3; 2.3.8; 5.2.2; 5.2.2; 15.02.20
Управление и политика,2782-7062,
Управление наукой и наукометрия,2686-6706,08.00.05; 08.00.13; 25.12.20; 16.10.20; 5.7.6; 01.02.20; 5.2.2; 5.2.3; 5.4.4; 31.05.20
Управление наукой: теория и практика / Science management: theory and practice,2686-827X,5.2.3; 5.4.4; 5.4.7; 5.7.6; 30.06.20
Управление образованием: теория и практика,2311-2174,5.8.1; 5.8.2; 5.8.7; 01.02.20
Управление персоналом и интеллектуальными ресурсами в России,2305-7807,08.00.05; 28.12.20; 16.10.20; 5.4.7; 01.02.20; 5.2.6; 21.02.20
Управление риском,1684-6303,08.00.05; 28.12.20; 16.10.20; 08.00.13; 5.2.1; 5.2.4; 5.2.5; 01.02.20
Управление техносферой,2686-8148,1.6.21; 2.8.4; 15.02.20; 08.00.05; 12.02.20; 16.10.20; 5.4.4; 5.4.6; 5.8.7; 01.02.20; 5.2.3; 21.02.20
Управление финансовыми рисками,2221-7541,08.00.05; 08.00.10; 08.00.13; 28.12.20; 16.10.20; 5.2.4; 01.02.20
Управление экономическими системами: электронный научный журнал,1999-4516,08.00.05; 28.12.20; 24.12.20
Управленческие науки,2304-022X,08.00.05; 28.12.20; 16.10.20; 5.2.4; 01.02.20; 2.3.4; 5.2.3; 5.2.6; 13.10.20; 5.2.7; 23.04.20
Управленческий учет,1814-8476,08.00.05; 08.00.12; 28.12.20; 16.10.20; 5.2.4; 01.02.20; 5.2.3; 21.02.20
Управленческое консультирование,1726-1139,08.00.05; 08.00.13; 23.00.01; 28.12.20; 16.10.20; 5.2.5; 5.5.2; 5.5.4; 01.02.20; 5.2.2; 5.2.3; 5.4.4; 5.4.5; 5.4.7; 5.5.1; 5.5.3; 08.02.20
Упрочняющие технологии и покрытия,1813-1336,05.05.03; 05.05.06; 26.03.20; 16.10.20; 2.5.5; 2.5.6; 2.6.1; 2.6.4; 2.6.5; 01.02.20; 2.5.9; 2.6.6; 2.6.17; 20.03.20
Уральский исторический вестник,1728-9718,10.01.01; 10.01.02; 28.12.20; 16.10.20; 5.6.1; 5.6.2; 5.6.3; 5.6.4; 5.6.5; 5.6.6; 5.9.3; 5.9.4; 01.02.20
Уральский медицинский журнал,2071-5943,14.01.06; 14.01.13; 14.01.27; 28.12.20; 16.10.20; 14.01.28; 14.02.03; 14.03.07; 14.03.09; 3.1.3; 3.1.4; 3.1.5; 3.1.6; 3.1.7; 3.1.8; 3.1.9; 3.1.11; 3.1.12; 3.1.13; 3.1.18
Урбанистика,2310-8673,22.00.03; 24.00.01; 28.12.20; 16.10.20; 2.1.7; 2.1.11; 2.1.12; 2.1.13; 5.4.1; 5.4.4; 5.4.5; 5.4.6; 5.4.7; 5.10.2; 01.02.20; 2.1.11; 2.1.13; 5.4.2; 5.4.3; 5.4.3
Уровень жизни населения регионов России,1999-9836,08.00.05; 28.12.20; 16.10.20; 5.4.4; 01.02.20; 5.2.3; 5.4.2; 5.4.3; 21.02.20; 5.4.3; 23.04.20; 5.7.7; 01.02.20; 01.10.20
Урологические ведомости,2225-9074,3.1.13; 01.02.20
Успехи геронтологии/Advances in Gerontology,1561-9125,3.1.31; 3.1.31; 11.12.20
Успехи кибернетики,2712-9942,1.2.2; 1.2.2; 2.2.2; 2.2.2; 2.3.1; 2.3.1; 27.06.20
Успехи молекулярной онкологии,2313-805X,3.1.6; 01.02.20; 1.5.3; 1.5.4; 1.5.7; 1.5.22; 3.1.6; 3.3.3; 15.02.20
Успехи прикладной физики,2307-4469,1.3.2; 1.3.5; 1.3.6; 1.3.11; 1.3.19; 1.3.20; 2.2.2; 2.2.6; 01.02.20
Успехи современного естествознания,1681-7494,06.01.05; 06.03.01; 06.03.02; 06.03.03; 25.00.01; 25.00.03; 25.00.05; 25.00.12; 25.00.22; 26.03.20; 16.10.20; 25.00.29; 25.00.30; 25.00.30; 25.00.33; 25.00.35; 1.6.3; 1.6.5; 1.6.6; 1.6.7
Успехи современной радиоэлектроники,2070-0784,1.2.2; 1.3.8; 1.3.8; 2.2.14; 2.2.14; 2.2.15; 2.2.16; 2.3.1; 01.02.20; 1.2.1; 1.2.2; 1.2.3; 1.2.4; 2.2.1; 2.2.2; 2.2.3; 2.2.4; 2.2.5; 2.2.6; 2.2.7
Устойчивое развитие горных территорий,1998-4502,05.05.06; 25.00.22; 26.03.20; 16.10.20; 1.6.12; 1.6.13; 2.8.6; 2.8.9; 01.02.20; 1.6.12; 2.3.1; 2.8.8; 20.03.20
Уфимский гуманитарный научный форум,2713-2358,5.2.3; 5.4.3; 5.4.4; 20.03.20
Учебная физика,2307-5457,5.8.2; 27.06.20
Учебный эксперимент в образовании,2079-875X,5.3.4; 5.8.2; 22.10.20
Ученые записки ИАфр РАН,2412-5717,5.2.5; 5.5.4; 5.6.2; 5.6.7; 01.02.20
Ученые записки (Номаи Донишгох) Худжандского государственного университета имени академика Б.Г. Гафурова. Серия гуманитарно- общественных наук,2077-4990,10.01.01; 10.01.03; 10.01.10; 28.12.20; 16.10.20; 5.6.1; 5.6.3; 5.6.4; 5.6.5; 5.6.6; 5.6.7; 5.8.1; 5.8.2; 5.9.3; 5.9.4; 01.02.20; 5.9.1; 5.9.2; 5.9.9; 20.03.20
Ученые записки (Номаи Донишгох). Серия естественные и экономические науки,2077-4974,08.00.05; 28.12.20; 16.10.20; 1.3.8; 1.5.12; 01.02.20; 1.5.15; 5.2.1; 5.2.3; 15.02.20
Ученые записки Забайкальского государственного университета,2658-7114,5.8.1; 5.8.2; 5.8.7; 01.02.20
Ученые записки Казанского университета. Серия Гуманитарные науки,1815-6126,10.02.01; 10.02.02; 10.02.03; 10.02.04; 10.02.19; 10.02.20; 10.02.21; 10.02.22; 12.00.01; 12.00.02; 12.00.03; 12.00.05; 12.00.06; 28.12.20; 16.10.20; 12.00.07; 12.00.08; 12.00.09; 12.00.10; 12.00.12
Ученые записки Казанской академии ветеринарной медицины им. Н.Э. Баумана (до 10.04.2026 г. наименование в Перечне «Ученые записки Казанской государственной академии ветеринарной медицины им. Н.Э. Баумана» ISSN,2413-4201,
Ученые записки Комсомольского-на-Амуре государственного технического университета,2076-4359,24.00.01; 24.00.01; 24.00.01; 28.12.20; 16.10.20; 1.2.2; 2.3.3; 2.5.5; 01.02.20; 5.10.1; 20.03.20; 08.00.05; 08.00.12; 08.00.13; 28.12.20; 16.10.20; 2.5.5; 2.5.6; 2.5.8; 2.9.5
Ученые записки Крымского федерального университета,2413-1725,1.4.1; 01.02.20; 1.4.2; 1.4.3; 1.4.4; 1.4.9; 1.4.15; 1.5.5; 1.5.9; 1.5.15; 1.5.20; 1.5.24
Ученые записки Крымского федерального университета имени В.И. Вернадского. География. Геология,2413-1717,25.00.01; 25.00.03; 25.00.30; 25.00.33; 25.00.35; 28.12.20; 16.10.20; 1.6.7; 1.6.9; 1.6.12; 1.6.13; 1.6.14; 1.6.21; 01.02.20
Ученые записки Крымского федерального университета имени В.И. Вернадского. Исторические науки,2413-1741,5.6.1; 5.6.2; 5.6.3; 5.6.5; 01.02.20; 5.10.2
Ученые записки Крымского федерального университета имени В.И. Вернадского. Социология. Педагогика. Психология,2413-1709,19.00.05; 22.00.03; 28.12.20; 16.10.20; 5.3.1; 5.3.8; 5.4.1; 5.4.4; 5.4.5; 5.4.6; 5.4.7; 5.8.1; 5.8.2; 5.8.7; 01.02.20
Ученые записки Крымского федерального университета имени В.И. Вернадского. Филологические науки,2413-1679,10.01.01; 10.01.02; 10.01.03; 10.01.10; 10.02.01; 10.02.02; 10.02.04; 10.02.19; 28.12.20; 16.10.20; 10.01.08; 28.12.20; 24.12.20; 10.01.09; 10.02.20; 10.02.21; 5.9.1; 5.9.2; 5.9.3; 5.9.6
Ученые записки Крымского федерального университета имени В.И. Вернадского. Философия. Политология. Культурология,2413-1695,24.00.01; 28.12.20; 16.10.20; 5.5.2; 5.5.4; 5.7.1; 5.7.7; 5.7.8; 01.02.20
Учёные записки Крымского федерального университета имени В.И. Вернадского. Экономика и управление,2413-1644,08.00.05; 28.12.20; 16.10.20; 5.2.1; 5.2.5; 01.02.20
Ученые записки Крымского федерального университета имени В.И. Вернадского. Юридические науки,2413-1733,12.00.01; 12.00.02; 28.12.20; 16.10.20; 12.00.03; 12.00.05; 12.00.06; 12.00.08; 12.00.09; 12.00.10; 12.00.11; 12.00.14; 12.00.15; 5.1.1; 5.1.2; 5.1.3; 5.1.4; 5.1.5; 21.02.20
Ученые записки Международного банковского института,2413-3345,08.00.05; 28.12.20; 16.10.20; 5.2.1; 5.2.4; 5.2.5; 01.02.20; 5.2.3; 21.02.20
Ученые записки национального общества прикладной лингвистики (НОПриЛ),2305-8838,10.02.01; 10.02.02; 10.02.03; 10.02.04; 10.02.05; 10.02.19; 10.02.20; 10.02.21; 10.02.22; 28.12.20; 16.10.20; 5.9.7; 01.02.20; 5.9.5; 5.9.6; 5.9.8; 5.9.9; 21.02.20
Ученые записки Новгородского государственного университета,2411-7951,10.01.01; 10.01.03; 10.01.10; 10.02.01; 10.02.04; 10.02.05; 10.02.19; 28.12.20; 16.10.20; 5.6.1; 5.6.2; 01.02.20; 5.6.3; 5.6.4; 5.6.6; 5.9.3; 5.9.1; 5.9.2; 5.9.5; 5.9.6
Ученые записки Орловского государственного университета,1998-2720,10.01.01; 10.01.03; 28.12.20; 16.10.20; 5.6.1; 5.6.2; 5.8.2; 5.8.7; 01.02.20; 5.9.1; 5.9.2; 21.02.20
Ученые записки Петрозаводского государственного университета,2542-1077,10.01.01; 10.01.02; 10.01.03; 10.02.01; 10.02.02; 28.12.20; 16.10.20; 10.02.03; 10.02.19; 10.02.20; 10.02.22; 5.6.1; 5.6.2; 5.6.3; 5.6.4; 5.6.5; 5.9.3; 5.9.4; 5.9.7; 01.02.20
Ученые записки Российского государственного гидрометеорологического университета,2074-2762,25.00.30; 25.00.30; 25.00.35; 28.12.20; 16.10.20; 1.6.16; 1.6.16; 1.6.17; 1.6.17; 1.6.21; 01.02.20
Ученые записки Российского государственного социального университета,2071-5323,13.00.05; 19.00.05; 28.12.20; 16.10.20; 5.3.1; 5.3.3; 5.8.7; 01.02.20; 5.3.5; 20.03.20
Ученые записки Российской академии музыки имени Гнесиных,2227-9997,17.00.02; 28.12.20; 16.10.20; 5.10.1; 5.10.3; 5.8.7; 23.09.20
Ученые записки Российской академии предпринимательства,2073-6258,08.00.05; 28.12.20; 16.10.20; 5.2.4; 5.2.5; 01.02.20; 5.2.3; 5.2.6; 21.02.20
Учёные записки Первого Санкт-Петербургского,2949-1452,14.02.05; 28.12.20; 16.10.20; 12.10.20
государственного медицинского университета имени академика И. П. Павлова (до 12.10.2023 наименование в Перечне «Ученые записки СПбГМУ им. акад. И.П. Павлова» ISSN,1607-4181,14.03.01; 3.1.6; 3.1.8; 3.1.9; 3.1.20; 3.1.22; 3.1.33; 3.1.33; 3.3.1; 3.3.2; 3.3.2; 3.3.3; 3.3.3; 3.3.4; 3.3.5; 3.3.6; 3.3.6; 3.3.8; 3.3.8; 01.02.20
Ученые записки университета имени П.Ф. Лесгафта,1994-4683,13.00.04; 19.00.04; 28.12.20; 16.10.20; 5.3.1; 5.3.4; 5.8.1; 5.8.7; 01.02.20; 5.8.4; 5.8.5; 5.8.6; 20.12.20
Ученые записки учреждения образования «Витебская ордена «Знак Почета» государственная академия ветеринарной медицины»,2078-0109,06.02.01; 06.02.01; 06.02.03; 15.02.20; 16.10.20; 06.02.03; 06.02.04; 06.02.04; 06.02.05; 06.02.05; 06.02.06; 06.02.06; 06.02.06; 06.02.07; 06.02.07; 06.02.08; 06.02.08; 06.02.10; 06.02.10; 1.5.10
Ученые записки физического факультета Московского Университета,2307-9665,01.03.01; 01.03.02; 01.03.03; 01.03.04; 01.04.15; 01.04.16; 01.04.23; 26.03.20; 16.10.20; 1.3.2; 1.3.3; 1.3.4; 1.3.5; 1.3.6; 1.3.7; 1.3.8; 1.3.9; 1.3.10; 01.02.20; 1.3.11
Ученые записки ЦАГИ,0321-3439,1.1.9; 2.5.12; 2.5.14; 2.5.16; 01.02.20
Ученые записки. Электронный научный журнал Курского государственного университета,2074-1774,13.00.05; 19.00.05; 19.00.07; 28.12.20; 16.10.20; 19.00.13; 5.3.1; 5.3.4; 5.6.1; 5.6.2; 5.6.3; 5.6.4; 5.6.5; 5.6.7; 5.8.1; 5.8.2; 5.8.7; 01.02.20; 5.3.5; 5.3.7
Ученые труды Российского университета адвокатуры и нотариата имени Г.Б. Мирзоева (до 19.05.2025 г. наименование в Перечне «Ученые труды Российской академии адвокатуры и нотариата» ISSN,1997-0986,
Учет и контроль,2415-7783,5.2.3; 5.2.4; 30.10.20
Учет и статистика,1994-0874,08.00.05; 08.00.12; 28.12.20; 16.10.20; 5.2.4; 01.02.20; 5.2.3; 21.02.20
Учёт. Анализ. Аудит,2408-9303,08.00.05; 08.00.12; 28.12.20; 16.10.20; 5.2.4; 01.02.20; 5.2.2; 5.2.3; 23.09.20
Фармакокинетика и фармакодинамика,2587-7836,3.3.6; 3.3.6; 3.3.6; 25.05.20
Фармакология & Фармакотерапия,2713-2129,3.1.3; 3.1.4; 3.1.13; 3.1.24; 3.3.6; 3.3.6; 3.3.6; 09.02.20; 3.1.18; 15.06.20; 3.1.19; 3.1.20; 3.1.22; 3.1.23; 3.1.29; 3.1.30; 3.2.7
Фармакоэкономика. Современная фармакоэкономика и фармакоэпидемиология,2070-4909,14.01.28; 14.03.07; 14.03.07; 14.03.09; 28.12.20; 16.10.20; 3.1.4; 3.1.18; 3.1.21; 3.1.29; 3.2.2; 3.2.2; 3.3.6; 3.3.6; 3.3.6; 3.3.8; 3.3.8; 01.02.20
Фармакоэкономика: теория и практика,2312-2862,3.3.6; 3.4.3; 01.02.20
Фармация и фармакология / Pharmacy&Pharmacology,2307-9266,3.3.6; 3.3.6; 3.3.6; 3.4.1; 22.05.20; 3.4.2; 3.4.3
Федерализм,2073-1051,08.00.05; 28.12.20; 16.10.20; 5.2.1; 5.2.4; 01.02.20; 5.2.3; 01.11.20
Физика в школе,0130-5522,5.8.2; 5.8.7; 01.02.20
Физика волновых процессов и радиотехнические системы,1810-3189,05.27.03; 28.12.20; 16.10.20; 1.3.4; 1.3.6; 2.2.2; 2.2.13; 2.2.14; 01.02.20
Физика и техника высоких давлений,0868-5924,1.3.8; 2.6.4; 2.6.6; 12.02.20
Физика и техника полупроводников,0015-3222,1.3.8; 1.3.11; 1.3.11; 1.3.19; 1.3.19; 12.02.20; 2.2.2; 2.2.2; 2.2.7; 2.6.6; 2.6.6
Физика металлов и металловедение,0015-3230,1.3.8; 1.3.8; 1.3.12; 1.3.12; 2.6.1; 20.04.20
Физика твердого тела,0367-3294,1.1.8; 1.1.8; 1.3.3; 1.3.6; 1.3.6; 1.3.8; 1.3.8; 1.3.11; 1.3.11; 1.3.12; 1.3.12; 1.3.13; 1.3.13; 1.3.14; 1.3.14; 11.07.20; 1.3.20; 2.6.6; 2.6.6; 2.6.15
Физико-технические проблемы разработки полезных ископаемых,0015-3273,1.2.2; 1.6.9; 1.6.20; 1.6.21; 2.8.3; 2.8.6; 2.8.8; 2.8.9; 11.04.20
Физико-химическая кинетика в газовой динамике,1991-6396,1.1.6; 1.1.9; 1.3.2; 1.3.3; 1.3.5; 1.3.6; 1.3.9; 1.3.12; 1.3.13; 1.3.14; 1.3.17; 01.02.20; 1.3.19
"Физико-химические аспекты изучения кластеров, наноструктур и наноматериалов",2226-4442,01.04.15; 01.04.15; 28.12.20; 16.10.20; 1.3.2; 1.3.3; 1.3.5; 1.3.8; 1.3.8; 1.3.11; 1.3.12; 1.3.14; 1.3.20; 2.2.4; 2.2.6; 2.3.5; 01.02.20
Физиотерапевт,2074-9961,3.1.18; 3.1.24; 3.1.33; 01.02.20
"Физиотерапия, бальнеология и реабилитация",1681-3456,14.02.06; 28.12.20; 16.10.20; 3.1.18; 3.1.33; 01.02.20; 3.1.33
Физическая культура в школе,0130-5581,13.00.04; 28.12.20; 16.10.20; 5.8.4; 5.8.5; 21.02.20
"Физическая культура, спорт – наука и практика",1999-6799,13.00.04; 28.12.20; 16.10.20; 5.8.4; 5.8.5; 20.12.20
"Физическая культура: воспитание, образование, тренировка",1817-4779,13.00.04; 28.12.20; 16.10.20; 5.8.4; 5.8.5; 5.8.6; 5.8.7; 20.12.20
Физическая культура. Спорт. Туризм. Двигательная рекреация,2500-0365,13.00.04; 12.02.20; 16.10.20; 5.8.1; 5.8.7; 01.02.20; 5.8.4; 5.8.5; 5.8.6; 20.12.20
Физическая и реабилитационная медицина,2658-4522,3.1.8; 3.1.33; 3.1.33; 3.2.3; 26.01.20
"Физическая и реабилитационная медицина, медицинская реабилитация",2658-6843,3.1.24; 3.1.33; 25.05.20
Физические основы приборостроения,2225-4293,1.3.4; 1.3.4; 1.3.6; 1.3.6; 2.2.6; 01.02.20
Физическое воспитание и спортивная тренировка,2311-8776,13.00.04; 03.10.20; 16.10.20; 1.5.5; 5.8.7; 01.02.20; 5.8.4; 5.8.5; 5.8.6; 03.06.20
Физическое образование в вузах,1609-3143,1.3.2; 1.3.3; 1.3.6; 1.3.8; 1.3.19; 5.8.1; 5.8.2; 01.02.20
Филологические науки в МГИМО,2410-2423,10.01.01; 10.01.02; 28.12.20; 16.10.20; 10.01.03; 10.02.01; 10.02.02; 10.02.03; 10.02.04; 10.02.05; 10.02.19; 10.02.20; 10.02.22; 5.9.7; 01.02.20; 5.8.1; 5.8.7; 5.9.2; 5.9.6; 5.9.8
Филологические науки. Вопросы теории и практики,1997-2911,10.01.01; 10.01.02; 10.01.03; 10.02.01; 28.12.20; 16.10.20; 10.02.02; 10.02.04; 10.02.05; 10.02.19; 10.02.20; 10.02.21; 5.8.2; 5.8.7; 5.9.3; 01.02.20; 5.9.1; 5.9.2; 5.9.5; 5.9.6
Филологические науки. Научные доклады высшей школы,2310-4287,10.01.01; 10.01.03; 10.02.01; 10.02.19; 10.02.20; 28.12.20; 16.10.20; 5.9.3; 01.02.20; 5.9.1; 5.9.8; 21.02.20
Филологический вестник,2949-4656,5.9.1; 5.9.2; 5.9.4; 5.9.5; 5.9.6; 5.9.8; 5.9.9; 23.04.20
Филологический класс,2071-2405,10.01.01; 10.01.03; 10.02.01; 10.02.19; 10.02.20; 28.12.20; 16.10.20; 5.8.2; 5.9.3; 01.02.20; 5.9.1; 5.9.2; 5.9.5; 5.9.8; 21.02.20
Филология и культура. Philology and Culture,2074-0239,10.01.01; 10.01.02; 28.12.20; 16.10.20; 10.01.03; 10.02.01; 10.02.02; 10.02.04; 10.02.05; 10.02.19; 10.02.20; 10.02.21; 5.8.1; 5.8.2; 5.9.3; 5.9.4; 01.02.20; 5.9.1; 5.9.2; 5.9.5
Филология и человек,1992-7940,10.01.01; 10.01.10; 10.02.01; 10.02.02; 28.12.20; 16.10.20; 10.02.03; 10.02.04; 10.02.19; 10.02.20; 5.9.3; 5.9.4; 01.02.20; 5.9.1; 5.9.5; 5.9.6; 5.9.8; 5.9.9; 23.09.20
Филология: научные исследования,2305-6177,10.01.01; 10.01.02; 10.01.03; 10.01.10; 10.02.01; 10.02.02; 10.02.03; 10.02.04; 10.02.05; 10.02.19; 28.12.20; 16.10.20; 10.02.20; 10.02.21; 10.02.22; 5.9.3; 5.9.4; 5.9.7; 01.02.20; 5.9.1
Философические письма. Русско-европейский диалог,2658-5413,5.6.1; 5.7.2; 5.7.3; 5.7.8; 5.9.1; 5.9.3; 22.10.20
Философия. Журнал Высшей школы экономики,2587-8719,5.6.1; 5.6.2; 5.7.1; 5.7.2; 08.02.20; 5.7.4; 5.7.7
Философия и культура,1999-2793,17.00.01; 17.00.02; 17.00.03; 17.00.04; 17.00.05; 17.00.06; 17.00.09; 28.12.20; 16.10.20; 5.7.1; 5.7.2; 5.7.3; 5.7.4; 5.7.5; 5.7.6; 5.7.7; 5.7.8; 5.7.8; 5.7.9; 5.7.9
Философия науки,1560-7488,5.7.1; 5.7.2; 5.7.5; 5.7.6; 01.02.20
Философия науки и техники,2225-9783,5.7.1; 5.7.6; 01.02.20
Философия образования,1811-0916,5.7.1; 5.7.7; 5.8.2; 01.02.20
Философия права,1817-7085,12.00.01; 12.00.03; 12.00.08; 12.00.09; 12.00.11; 12.00.12; 28.12.20; 16.10.20; 5.5.2; 5.7.7; 01.02.20; 5.1.1; 5.1.2; 28.11.20; 5.1.3; 5.1.4; 5.5.3; 5.7.8
Философия хозяйства - журнал Центра общественных наук и экономического факультета МГУ им. М.В. Ломоносова,2073-6118,08.00.05; 22.00.03; 28.12.20; 16.10.20; 5.2.1; 5.2.5; 5.4.4; 5.4.5; 5.7.6; 5.7.7; 5.7.8; 01.02.20
Философская мысль,2409-8728,24.00.01; 28.12.20; 16.10.20; 5.7.1; 5.7.2; 5.7.3; 5.7.4; 5.7.5; 5.7.6; 5.7.7; 5.7.8; 5.7.9; 5.10.2; 01.02.20; 5.7.8; 5.7.9; 5.10.1; 5.10.2; 20.03.20
Философские науки,0235-1188,5.7.1; 5.7.2; 5.7.6; 5.7.7; 5.7.8; 5.12.1; 20.02.20
Философский журнал / Philosophy Journal,2072-0726,5.7.1; 5.7.2; 5.7.3; 5.7.4; 5.7.5; 5.7.6; 5.7.7; 5.7.8; 5.7.9; 01.02.20
Финансовая аналитика: проблемы и решения,2073-4484,5.2.4; 01.02.20; 5.2.1; 5.2.2; 5.2.3; 5.2.5; 5.2.6; 21.02.20
Финансовая жизнь,2218-4708,08.00.05; 28.12.20; 16.10.20; 5.2.4; 01.02.20
Финансовая экономика,2075-7786,08.00.05; 28.12.20; 16.10.20; 5.2.1; 5.2.4; 5.2.5; 01.02.20
Финансовое право,1813-1220,12.00.04; 28.12.20; 16.10.20; 5.1.2; 28.11.20
Финансовое право и управление,2310-0508,12.00.04; 28.12.20; 16.10.20
Финансовые исследования,1991-0525,08.00.05; 28.12.20; 16.10.20; 5.2.4; 5.2.5; 01.02.20; 5.2.3; 21.02.20
Финансовые рынки и банки,2658-3917,08.00.05; 04.02.20; 16.10.20; 5.2.4; 01.02.20; 5.2.3; 5.2.6; 20.07.20
Финансовый бизнес,0869-8589,08.00.05; 08.00.12; 08.00.13; 28.12.20; 16.10.20; 5.2.1; 5.2.5; 01.02.20; 5.2.3; 5.2.4; 21.02.20; 08.02.20
Финансовый журнал (до 08.02.2023 г. наименование в Перечне «Научно- исследовательский финансовый институт. Финансовый журнал»),2075-1990,08.00.10; 08.00.12; 28.12.20; 16.10.20; 5.2.4; 5.2.5; 01.02.20; 5.2.4; 01.02.20; 5.2.3; 5.2.5; 5.2.6; 21.02.20; 5.2.4; 01.02.20
Финансы и бизнес,1814-4802,08.00.12; 08.00.13; 28.12.20; 16.10.20; 5.2.1; 5.2.4; 01.02.20; 5.2.2; 5.2.3; 5.2.5; 27.03.20
Финансы и кредит,2071-4688,
Финансы и управление,2409-7802,08.00.05; 08.00.12; 08.00.13; 12.00.01; 12.00.02; 12.00.03; 12.00.04; 12.00.05; 12.00.06; 12.00.07; 12.00.08; 12.00.09; 12.00.10; 12.00.11; 12.00.12; 12.00.13; 28.12.20; 16.10.20; 12.00.14; 12.00.15
"Финансы, деньги, инвестиции",2222-0917,08.00.05; 28.12.20; 16.10.20; 5.2.1; 5.2.4; 01.02.20; 5.2.3; 5.2.5; 5.5.2; 5.5.3; 23.09.20; 11.10.20
Финансы: теория и практика / Finance: Theory and Practice (До 11.10.2017 г. наименование в Перечне «Вестник Финансового университета» ISSN,2221-1632,
Финно-угорский мир,2076-2577,10.02.02; 10.02.20; 10.02.22; 28.12.20; 16.10.20; 24.00.01; 24.00.01; 5.6.1; 5.6.4; 5.6.7; 01.02.20; 5.9.5; 5.9.6; 5.9.8; 5.10.1; 5.10.1; 21.02.20
Фиторазнообразие Восточной Европы / Phytodiversity of Eastern Europe,2072-8816,1.5.9; 22.05.20
Флебология,1997-6976,3.1.9; 3.1.15; 01.02.20; 3.1.1; 3.1.20; 13.10.20
"Фольклор: структура, типология, семиотика",2658-5294,5.9.4; 20.02.20; 27.06.20
Форпост науки/ Science Outpost (до 27.06.2023 наименование в перечне «Вестник ОрелГИЭТ» ISSN,2076-5347,
ФОРСАЙТ/Foresight and STI Governance,1995-459X,5.2.3; 5.2.6; 21.02.20; 5.4.7
Фотон-Экспресс,2308-6920,2.2.6; 2.2.10; 2.2.15; 01.02.20
Фундаментальная и клиническая медицина / Fundamental and clinical medicine,2500-0764,3.1.4; 3.1.18; 3.1.20; 3.2.1; 3.2.2; 3.3.3; 01.02.20
Фундаментальная и прикладная гидрофизика,2073-6673,05.08.06; 25.00.29; 28.12.20; 16.10.20; 1.3.6; 1.3.7; 01.02.20; 1.6.17; 1.6.17; 2.5.17; 15.02.20
Фундаментальная и прикладная климатология,2410-8758,25.00.29; 25.00.30; 25.00.30; 28.12.20; 16.10.20; 1.6.21; 01.02.20; 1.6.12; 1.6.12; 1.6.18; 1.6.18; 1.6.21; 14.12.20
Фундаментальные и прикладные исследования кооперативного сектора экономики,2076-9288,08.00.05; 08.00.12; 12.00.03; 12.00.04; 12.00.05; 28.12.20; 16.10.20; 5.2.3; 5.2.6; 21.02.20
Фундаментальные и прикладные проблемы техники и технологии,2073-7408,05.02.02; 05.02.18; 05.02.23; 28.12.20; 16.10.20; 2.2.4; 2.2.5; 2.2.8; 2.2.11; 2.2.12; 2.5.3; 2.5.4; 2.5.5; 2.5.6; 2.5.7; 01.02.20; 2.5.2; 2.5.22; 20.03.20
Фундаментальные исследования,1812-7339,08.00.05; 08.00.13; 28.12.20; 16.10.20; 5.2.4; 5.2.5; 01.02.20
Фундаментальные проблемы современного материаловедения,1811-1416,1.3.8; 01.02.20; 2.6.1
ФЭС: Финансы. Экономика. Стратегия.,1995-7637,08.00.05; 28.12.20; 16.10.20; 4.3.3; 4.3.3; 5.2.3; 5.2.4; 5.2.6; 21.02.20
Хвойные бореальной зоны,1993-0135,05.21.01; 05.21.03; 05.21.05; 06.03.01; 06.03.02; 06.03.03; 28.12.20; 16.10.20; 1.5.15; 01.02.20; 4.1.6; 4.1.6; 4.3.4; 4.3.4; 15.02.20
Химическая промышленность сегодня,2713-2854,05.17.06; 05.17.06; 28.12.20; 16.10.20; 2.6.7; 2.6.7; 2.6.9; 2.6.9; 2.6.10; 2.6.10; 2.6.12; 2.6.12; 2.6.13; 2.6.13; 2.6.14; 2.6.14; 2.6.15; 2.6.15; 01.02.20; 1.4.14
ХИМИЧЕСКАЯ ФИЗИКА И МЕЗОСКОПИЯ,1727-0529,1.1.9; 1.1.9; 1.2.2; 1.3.14; 1.3.14; 1.3.17; 1.3.17; 1.3.17; 1.3.8; 1.3.8; 2.2.8; 15.02.20
Химия в школе,0368-5632,5.8.1; 5.8.2; 01.02.20; 5.8.7; 01.11.20
Химия и технология органических веществ / Chemistry and Technology of Organic Substances,2587-6724,05.26.06; 05.26.06; 03.07.20; 16.10.20; 1.4.2; 1.4.3; 01.02.20; 2.6.10; 2.6.13; 20.03.20
Хирургическая практика,2223-2427,3.1.8; 28.09.20; 3.1.9; 01.02.20; 3.1.6; 13.10.20
Хирургия. Журнал им. Н.И. Пирогова,0023-1207,3.1.6; 3.1.9; 3.1.15; 26.01.20; 10.06.20
Хирургия и онкология (до 10.06.2024 наименование в Перечне «Тазовая хирургия и онкология» ISSN,2686-9594,
) (до 28.02.2020 г. наименование в Перечне « Онкологическая колопроктология» ISSN,2220-3478,
Хирургия позвоночника,1810-8997,3.1.8; 3.1.10; 01.02.20
Хлебопечение России,2073-3569,05.18.01; 05.18.12; 28.12.20; 16.10.20; 05.18.15; 05.20.01; 4.3.5; 01.02.20; 4.3.1; 4.3.3; 15.02.20
Хлебопродукты,0235-2508,05.18.01; 05.18.15; 28.12.20; 16.10.20; 4.3.5; 01.02.20; 4.3.1; 4.3.3; 13.10.20
Хозяйство и право,0134-2398,12.00.03; 28.12.20; 16.10.20; 5.1.2; 5.1.3; 21.02.20
Холодильная техника,0023-124X,05.18.04; 12.02.20; 16.10.20; 2.4.8; 01.02.20
Хранение и переработка сельхозсырья,2072-9669,05.18.01; 05.18.01; 05.18.04; 05.18.05; 05.18.06; 05.18.12; 05.18.15; 05.18.17; 05.20.01; 05.20.01; 05.20.03; 28.12.20; 16.10.20; 4.3.5; 01.02.20; 2.3.3; 4.1.4; 4.1.4; 4.1.4; 15.02.20
Христианское чтение,1814-5574,26.00.01; 28.12.20; 16.10.20; 5.6.1; 5.7.2; 01.02.20; 5.11.1; 5.11.2; 5.11.3; 20.12.20
Христианство на Ближнем Востоке,2587-9316,5.6.1; 5.6.2; 5.11.1; 5.11.2; 5.11.3; 17.07.20
Художественная культура,2226-0072,17.00.02; 17.00.03; 17.00.04; 24.00.01; 07.05.20; 16.10.20; 5.7.3; 01.02.20; 5.10.1; 5.10.1; 5.10.1; 5.10.3; 01.11.20
Цветные металлы,0372-2929,2.5.8; 2.6.1; 2.6.2; 2.6.3; 2.6.4; 2.6.5; 2.6.6; 2.6.8; 2.6.8; 2.6.13; 2.6.13; 2.6.17; 2.8.9; 11.04.20
Цемент и его применение,1607-8837,05.02.13; 26.03.20; 16.10.20; 2.1.5; 2.6.14; 2.6.14; 01.02.20; 2.5.21; 22.11.20
Ценности и смыслы,2071-6427,13.00.05; 24.00.01; 28.12.20; 16.10.20; 5.7.1; 5.7.7; 5.7.8; 5.8.1; 5.8.2; 5.8.7; 01.02.20; 5.7.6; 5.10.1; 5.10.1; 5.10.1; 5.10.2; 5.10.2; 5.10.3; 29.03.20
Центр и периферия,2307-5775,24.00.01; 28.12.20; 16.10.20; 5.6.1; 5.6.3; 5.6.4; 01.02.20; 5.10.1; 20.07.20
Цитокины и воспаление,1684-7849,03.03.03; 14.03.09; 14.03.09; 28.12.20; 16.10.20; 1.5.22; 3.3.3; 3.3.3; 3.3.6; 3.3.8; 3.3.8; 01.02.20; 22.03.20
Цифровая обработка сигналов,1684-2634,05.13.05; 28.12.20; 16.10.20; 2.2.11; 2.2.12; 2.2.13; 2.2.15; 2.2.16; 2.3.1; 01.02.20
Цифровая социология / Digital Sociology,2658-347X,22.00.03; 05.02.20; 16.10.20; 5.4.1; 5.4.4; 5.4.5; 5.4.6; 5.4.7; 01.02.20; 5.4.2; 21.02.20
Цифровая экономика,2686-956X,2.3.1; 2.3.7; 2.3.8; 5.1.3; 5.2.2; 5.2.2; 5.2.3; 5.2.6; 25.01.20; 05.02.20
"Цифровая экономика и инновации (до 05.02.2025 г. наименование в Перечне «Вектор науки Тольяттинского государственного университета. Серия: Экономика и управление», ISSN",2221-5689,
Цифровое право Digital Law Journal,2686-9136,5.1.1; 5.1.3; 5.1.5; 21.02.20; 5.2.3; 5.2.4
Цифровые модели и решения,2949-477X,
Человек и его здоровье (до 15.11.2021 наименование в Перечне «Курский научно- практический вестник «Человек и его здоровье» ISSN,1998-5746,
Человек и культура,2409-8744,17.00.01; 17.00.02; 17.00.03; 17.00.04; 17.00.05; 17.00.06; 17.00.09; 24.00.01; 28.12.20; 16.10.20; 5.6.1; 5.6.2; 5.6.4; 5.6.5; 01.02.20; 5.6.6; 5.6.7; 5.10.2; 5.6.4; 5.6.6
Человек и образование,1815-7041,5.3.4; 5.8.1; 5.8.7; 01.02.20
Человек. Наука. Социум,2713-1041,5.8.1; 5.8.7; 5.3.4; 01.07.20
"Человек Научно-популярный, иллюстрированный журнал",0236-2007,24.00.01; 26.03.20; 16.10.20; 5.4.4; 5.4.6; 5.4.7; 5.7.1; 5.7.2; 5.7.4; 5.7.6; 5.7.7; 5.7.8; 5.7.9; 01.02.20
Человек: Образ и сущность. Гуманитарные аспекты/Human being: Image and essence. Humanitarian aspects,1728-9319,10.02.20; 10.02.21; 24.00.01; 24.00.01; 25.12.20; 16.10.20; 5.7.8; 01.02.20; 5.9.2; 5.9.8; 21.02.20
Человек. Общество. Инклюзия,2412-8139,22.00.03; 28.12.20; 16.10.20; 5.4.1; 5.4.4; 5.4.5; 5.4.6; 5.4.7; 5.7.2; 5.7.4; 01.02.20; 5.7.6; 5.7.7; 5.7.8; 5.2.3; 5.2.4; 08.02.20; 14.12.20
"Человек. Спорт. Медицина / Human. Sport. Medicine (До 14.12.2016 г. наименование в Перечне Вестник Южно- Уральского государственного университета. Серия ""Образование, здравоохранение, физическая культура"" ISSN",1991-9786,
Человек: преступление и наказание,1999-9917,12.00.01; 12.00.08; 12.00.09; 12.00.11; 28.12.20; 16.10.20; 5.3.4; 5.3.9; 01.02.20; 5.1.1; 21.02.20; 5.1.4; 5.2.3
Человеческий капитал,2074-2029,13.00.05; 19.00.05; 19.00.13; 19.00.13; 28.12.20; 16.10.20; 5.3.1; 5.3.3; 5.6.1; 5.6.2; 5.6.7; 5.8.1; 5.8.2; 5.8.7; 01.02.20; 5.3.2; 5.3.4; 5.3.5; 5.3.7; 5.3.8
Челябинский гуманитарий,1999-5407,5.8.2; 5.9.1; 5.9.9; 5.10.1; 31.05.20
Черная металлургия. Бюллетень научно-технической и экономической информации,0135-5910,05.16.07; 12.02.20; 16.10.20; 2.6.1; 2.6.2; 2.6.4; 01.02.20
Черные металлы,0132-0890,2.5.6; 2.5.7; 2.6.1; 2.6.2; 2.6.3; 2.6.4; 2.6.5; 2.6.17; 2.8.9; 11.04.20
Школа Будущего,1996-4552,13.00.04; 28.12.20; 16.10.20; 13.00.05; 5.8.1; 5.8.2; 5.8.7; 01.02.20; 5.8.4; 5.8.6; 21.02.20
Школа и производство,0037-4024,5.8.2; 01.02.20
Школьные технологии,2220-2641,5.8.1; 01.02.20
Экологическая безопасность прибрежной и шельфовой зон моря,2413-5577,25.00.29; 25.00.35; 28.12.20; 16.10.20; 1.6.17; 1.6.17; 1.6.21; 01.02.20; 1.6.14; 1.6.17; 1.6.18; 1.6.18; 1.6.20; 14.12.20; 1.5.16; 11.12.20
Экологическая генетика,1811-0932,1.5.7; 01.02.20
Экологический вестник научных центров Черноморского экономического сотрудничества,1729-5459,01.01.02; 28.12.20; 16.10.20; 1.1.8; 1.3.6; 1.3.8; 01.02.20
Экологический Вестник Северного Кавказа,2308-3875,1.5.9; 1.5.15; 1.5.20; 1.5.20; 1.6.21; 4.1.1; 4.1.1; 4.1.3; 4.1.3; 11.04.20
Экологический мониторинг и моделирование экосистем,2782-3237,1.5.15; 1.6.21; 08.07.20
Экологическое право,1812-3775,12.00.06; 28.12.20; 16.10.20; 5.1.2; 01.11.20
Экология и промышленность России,1816-0395,05.16.07; 26.03.20; 16.10.20; 1.6.21; 2.6.13; 01.02.20; 2.6.2; 14.12.20; 05.26.06; 25.00.22; 26.03.20; 16.10.20; 2.8.6; 2.8.9; 01.02.20; 22.03.20
Экология промышленного производства – Межотраслевой научно-практический журнал,2073-2589,05.26.06; 26.03.20; 16.10.20; 2.1.3; 2.1.4; 2.1.10; 01.02.20; 1.6.21; 2.6.13; 15.02.20
Экология урбанизированных территорий,1816-1863,1.5.15; 1.6.21; 2.1.10; 2.1.12; 01.02.20; 2.1.13
ЭКОНОМИКА БИЗНЕС БАНКИ,2304-9596,08.00.05; 08.00.12; 08.00.13; 28.12.20; 16.10.20; 5.2.4; 5.2.5; 01.02.20; 5.2.1; 5.2.2; 5.2.3; 5.2.6; 03.06.20
Экономика высокотехнологичных производств,2542-0593,5.2.3; 5.2.6; 27.03.20; 29.03.20
Экономика промышленности / Russian Journal of Industrial Economics (До 29.03.2022 наименование в Перечне «Экономика в промышленности»),2072-1633,08.00.05; 08.00.12; 08.00.13; 28.12.20; 16.10.20; 5.2.1; 5.2.4; 5.2.5; 01.02.20; 5.2.2; 5.2.3; 5.2.6; 5.4.3; 23.09.20
Экономика железных дорог,1727-6500,05.22.01; 28.12.20; 16.10.20; 08.00.05; 02.12.20; 16.10.20; 2.9.4; 01.02.20; 5.2.3; 29.03.20; 09.12.20
Экономика. Информатика (до 09.12.2020 г. наименование в Перечне «Научные ведомости Белгородского государственного университета. Серия: Экономика. Информатика» ISSN,2411-3808,
Экономика и математические методы,0424-7388,08.00.05; 08.00.13; 28.12.20; 16.10.20; 5.2.1; 5.2.5; 01.02.20
Экономика и менеджмент систем управления,2223-0432,08.00.05; 28.12.20; 16.10.20; 08.00.12; 08.00.13; 5.2.1; 5.2.4; 5.2.5; 01.02.20
Экономика и предпринимательство,1999-2300,08.00.05; 08.00.12; 08.00.13; 28.12.20; 16.10.20; 5.2.1; 5.2.4; 5.2.5; 01.02.20
Экономика и управление,1998-1627,08.00.05; 28.12.20; 16.10.20; 2.3.4; 5.2.1; 5.2.4; 5.2.5; 01.02.20; 5.2.3; 5.2.6; 01.11.20
Экономика и управление инновациями,2587-5574,5.2.1; 5.2.3; 21.02.20
Экономика и управление в машиностроении,2072-0890,08.00.05; 28.12.20; 16.10.20; 5.2.3; 21.02.20; 5.2.6
Экономика и управление в спорте,2949-3196,5.2.3; 5.2.6; 27.03.20
Экономика и управление собственностью,2072-9324,08.00.05; 26.03.20; 16.10.20
Экономика и управление: научно-практический журнал,2072-8697,08.00.05; 28.12.20; 16.10.20; 5.2.1; 5.5.2; 01.02.20; 5.2.3; 25.06.20
Экономика и управление: теория и практика,2412-8376,5.2.3; 5.2.4; 21.02.20; 08.00.05; 08.00.13; 12.02.20; 16.10.20; 5.2.3; 5.2.6; 21.02.20
Экономика образования,1609-4654,08.00.05; 28.12.20; 16.10.20; 5.2.3; 23.09.20; 12.00.03; 12.02.20; 16.10.20; 5.1.1; 5.1.2; 20.07.20; 5.1.3; 5.1.4; 5.1.5
Экономика. Право. Инновации,2713-1874,2.3.4; 5.2.3; 21.02.20
ЭКОНОМИКА ПРОФЕССИЯ БИЗНЕС,2413-8584,08.00.05; 04.02.20; 16.10.20; 5.2.3; 21.02.20
"Экономика, предпринимательство и право",2222-534X,08.00.05; 31.10.20; 16.10.20; 5.2.3; 5.2.4; 5.2.5; 5.2.6; 21.02.20
Экономика региона,2072-6414,5.2.3; 5.2.4; 5.2.5; 21.02.20
Экономика Северо-Запада: проблемы и перспективы развития,2411-4588,08.00.05; 28.12.20; 16.10.20; 5.2.2; 5.2.3; 5.2.6; 21.02.20
Экономика сельского хозяйства России,2070-0288,08.00.05; 28.12.20; 16.10.20; 5.2.3; 21.02.20
Экономика сельскохозяйственных и перерабатывающих предприятий,0235-2494,08.00.05; 08.00.10; 08.00.14; 28.12.20; 16.10.20; 5.2.4; 5.2.5; 01.02.20; 5.2.3; 01.11.20
Экономика строительства,0131-7768,08.00.05; 28.12.20; 16.10.20; 2.1.7; 5.2.1; 5.2.5; 01.02.20; 5.2.2; 5.2.3; 5.2.4; 5.2.6; 29.03.20; 2.1.1; 2.1.2; 2.1.5; 2.1.10; 2.1.11; 27.06.20; 2.1.13; 2.1.15
Экономика строительства и городского хозяйства,1993-3509,5.2.3; 5.2.6; 25.06.20
Экономика строительства и природопользования,2519-4453,08.00.05; 28.12.20; 16.10.20; 2.1.4; 2.1.7; 2.1.10; 01.02.20
Экономика Таджикистана,2310-3957,08.00.05; 28.12.20; 16.10.20; 5.2.1; 01.02.20; 5.2.2; 5.2.3; 5.2.4; 5.2.5; 5.2.6; 5.4.2; 5.5.3; 21.02.20
Экономика труда,2410-1613,08.00.05; 28.12.20; 16.10.20; 5.2.3; 21.02.20
Экономика устойчивого развития,2079-9136,08.00.05; 28.12.20; 16.10.20; 5.2.4; 5.2.5; 01.02.20; 5.2.3; 5.2.6; 01.11.20
"Экономика, труд, управление в сельском хозяйстве",2077-3595,08.00.05; 28.12.20; 16.10.20; 5.2.3; 5.2.5; 01.11.20
Экономика. Налоги. Право,1999-849X,08.00.05; 12.00.04; 28.12.20; 16.10.20; 5.2.4; 5.2.5; 01.02.20; 5.2.3; 5.2.6; 20.07.20; 5.1.2; 5.2.7; 27.03.20; 12.00.03; 26.03.20; 16.10.20
"Экономика: вчера, сегодня, завтра",2222-9167,08.00.05; 28.12.20; 16.10.20; 5.2.1; 01.02.20; 5.2.3; 21.02.20; 5.2.4; 5.2.6
Экономика: теория и практика,2224-042X,08.00.05; 28.12.20; 16.10.20; 5.2.1; 5.2.4; 5.2.5; 01.02.20
Экономика Центральной Азии,2542-0607,5.2.3; 5.2.5; 5.2.6; 23.11.20
Экономическая безопасность,2658-7548,08.00.05; 25.12.20; 16.10.20; 5.2.1; 5.2.4; 01.02.20; 5.2.3; 5.2.5; 5.2.6; 20.12.20
Экономическая история,2409-630X,5.6.1; 5.6.2; 5.6.5; 01.02.20
Экономическая наука современной России,1609-1442,08.00.05; 08.00.12; 08.00.13; 28.12.20; 16.10.20; 5.2.1; 5.2.4; 01.02.20; 5.2.5; 5.2.3; 5.2.6; 28.11.20
Экономическая политика (Economic Policy),1994-5124,08.00.05; 12.00.01; 12.00.03; 12.00.04; 28.12.20; 16.10.20; 08.00.13; 04.02.20; 16.10.20; 5.2.1; 5.2.4; 5.2.5; 01.02.20; 5.2.2; 5.2.3; 27.03.20
Экономическая социология,1726-3247,22.00.03; 26.03.20; 16.10.20; 5.4.2; 5.4.2; 5.4.4; 21.02.20
Экономическая среда,2306-1758,5.2.1; 5.2.2; 5.2.3; 5.2.4; 5.2.5; 17.07.20
Экономические и гуманитарные исследования регионов,2079-1968,5.4.4; 5.7.1; 5.7.7; 5.7.8; 5.8.1; 5.8.7; 01.02.20
Экономические и гуманитарные науки,2073-7424,08.00.05; 08.00.12; 28.12.20; 16.10.20; 5.2.4; 01.02.20; 5.2.3; 21.02.20
Экономические и социально- гуманитарные исследования,2409-1073,08.00.05; 18.07.20; 16.10.20; 5.7.1; 5.7.7; 01.02.20; 5.2.3; 5.2.6; 5.8.2; 21.02.20
"Экономические и социальные перемены: факты, тенденции, прогноз",1998-0698,08.00.05; 08.00.13; 22.00.03; 26.03.20; 16.10.20; 5.2.1; 5.2.4; 01.02.20; 5.2.5; 5.4.1; 5.4.4; 5.4.5; 5.4.6; 5.4.7; 5.2.2; 5.2.3; 5.4.2; 5.4.3; 07.03.20
Экономические и социальные проблемы России,1998-1791,5.2.3; 5.2.5; 20.12.20
Экономические науки,2072-0858,08.00.05; 28.12.20; 16.10.20; 5.2.1; 5.2.5; 01.02.20; 5.2.3; 5.2.4; 5.2.6; 01.11.20
Экономические отношения,2587-8921,08.00.05; 12.02.20; 16.10.20; 5.2.5; 01.02.20; 08.00.01; 08.00.05; 28.12.20; 16.10.20; 08.00.14; 5.2.1; 5.2.5; 01.02.20; 5.5.3; 21.02.20; 5.2.3; 25.04.20
Экономический анализ: теория и практика,2073-039X,08.00.05; 08.00.12; 08.00.13; 28.12.20; 16.10.20; 5.2.1; 01.02.20; 5.2.3; 21.02.20
Экономический вектор,2411-7269,08.00.05; 31.10.20; 16.10.20; 5.2.3; 21.02.20
Экономический вестник,2949-4648,5.2.1; 5.2.2; 5.2.4; 5.2.5; 27.03.20; 5.2.3; 01.07.20
Экономический вестник Республики Татарстан,2073-9427,08.00.05; 28.12.20; 16.10.20; 5.2.1; 01.02.20
Экономический журнал Высшей школы Экономики,1813-8691,08.00.05; 08.00.10; 08.00.13; 28.12.20; 16.10.20; 5.2.4; 01.02.20; 5.2.1; 5.2.2; 5.2.3; 29.03.20
Экономическое возрождение России,1990-9780,08.00.05; 28.12.20; 16.10.20; 5.2.1; 5.2.4; 5.2.5; 01.02.20
Экономическое правосудие в Уральском округе,2542-0674,12.00.03; 12.00.04; 12.00.14; 12.00.15; 28.12.20; 16.10.20; 5.1.3; 23.09.20
Экономическое развитие России,2306-5001,08.00.05; 28.12.20; 16.10.20; 5.2.4; 01.02.20; 5.2.3; 01.11.20; 5.2.1; 5.2.5; 5.2.6; 5.2.7; 27.05.20
Экосистемы,2414-4738,1.5.9; 1.5.15; 01.02.20
Экспериментальная и клиническая урология (Experimental and Сlinical Urology),2222-8543,3.1.11; 3.1.13; 01.02.20
Экспериментальная психология,2072-7593,19.00.05; 28.12.20; 16.10.20; 5.3.1; 5.3.2; 5.3.3; 01.02.20; 5.3.5; 5.12.1; 5.12.1; 21.02.20
Эксперт-криминалист,2072-442X,12.00.09; 12.00.12; 28.12.20; 16.10.20; 5.1.4; 07.12.20
Эксперт: теория и практика,2686-7818,2.1.9; 15.11.20; 2.1.1; 2.1.5; 01.02.20; 1.1.8; 22.03.20; 1.1.8; 15.02.20
Эксплуатация морского транспорта,1992-8181,05.08.05; 05.22.19; 26.03.20; 16.10.20; 2.5.20; 01.02.20; 2.9.7; 2.9.8; 21.10.20
Экспозиция Нефть Газ,2076-6785,1.6.9; 2.8.2; 2.8.4; 01.02.20; 1.6.11; 1.6.11; 11.12.20; 13.00.04; 19.00.02; 28.12.20; 16.10.20; 5.3.1; 5.3.2; 5.3.2; 01.02.20; 5.8.1; 5.8.4; 22.11.20; 5.8.5; 5.8.6
Электрические станции,0201-4564,05.04.02; 05.04.12; 05.09.01; 05.09.02; 05.09.03; 05.09.12; 05.14.01; 05.14.02; 05.14.03; 05.14.04; 05.14.08; 05.14.12; 05.14.14; 11.07.20; 16.10.20; 2.4.1; 2.4.2; 2.4.3; 2.4.5; 2.4.6
Электричество,0013-5380,05.09.01; 05.09.02; 05.09.03; 05.09.05; 05.09.10; 05.09.12; 05.14.01; 05.14.02; 05.14.08; 05.14.12; 05.27.06; 28.12.20; 16.10.20; 2.2.1; 01.02.20; 2.4.1; 2.4.2; 2.4.3; 2.4.4; 2.4.5
"ЭЛЕКТРО. Электротехника, электроэнергетика, электротехническая промышленность",1995-5685,05.09.01; 05.09.02; 05.09.03; 05.09.05; 05.09.10; 26.03.20; 16.10.20; 05.09.12; 2.4.11; 01.02.20
Электромагнитные волны и электронные системы,1560-4128,1.3.8; 1.3.8; 2.2.14; 2.2.14; 01.02.20; 1.2.1; 1.3.2; 1.3.2; 1.3.4; 1.3.4; 1.3.5; 1.3.5; 1.3.6; 1.3.12; 2.2.1; 2.2.2; 2.2.2; 2.2.9; 2.2.13; 2.2.13
Электроника и электрооборудование транспорта,1812-6782,05.09.01; 05.09.03; 05.27.06; 28.12.20; 16.10.20; 2.2.2; 2.9.3; 01.02.20
"ЭЛЕКТРОНИКА: Наука, Технология, Бизнес",1992-4178,05.11.08; 05.11.14; 05.11.18; 05.27.03; 05.27.06; 26.03.20; 16.10.20; 2.2.1; 2.2.2; 2.2.4; 2.2.5; 2.2.6; 2.2.8; 2.2.10; 2.2.11; 2.2.12; 01.02.20
"Электронная техника. Серия 1 ""СВЧ-техника""",1990-9012,05.27.02; 05.27.03; 05.27.06; 28.12.20; 16.10.20; 1.3.4; 1.3.4; 1.3.5; 1.3.5; 1.3.11; 1.3.11; 2.2.1; 2.2.2; 2.2.2; 2.2.14; 2.2.16; 01.02.20
Электронная техника. Серия 2. Полупроводниковые приборы,2073-8250,01.04.15; 01.04.15; 05.27.03; 05.27.06; 05.27.06; 28.12.20; 16.10.20; 1.3.4; 1.3.5; 1.3.6; 1.3.8; 01.02.20; 1.3.8; 1.3.11; 1.3.20; 2.2.2; 2.2.2; 2.2.3; 21.10.20
ЭЛЕКТРОННАЯ ТЕХНИКА. Серия 3. МИКРОЭЛЕКТРОНИКА,2410-9932,05.13.05; 05.13.12; 05.27.06; 26.03.20; 16.10.20; 1.4.4; 2.2.2; 2.3.5; 01.02.20
"Электронное приложение к ""Российскому юридическому журналу""",2219-6838,12.00.01; 12.00.02; 12.00.03; 12.00.04; 12.00.05; 12.00.06; 28.12.20; 16.10.20; 12.00.07; 12.00.08; 12.00.09; 12.00.10; 12.00.11; 12.00.12; 12.00.13; 12.00.14; 12.00.15; 5.1.1; 5.1.2; 5.1.3
Электронные библиотеки,1562-5419,1.2.2; 2.3.1; 2.3.1; 2.3.5; 2.3.5; 13.10.20; 5.12.4; 2.3.8; 12.02.20
Электронные информационные системы,2312-9719,05.13.05; 05.27.06; 26.03.20; 16.10.20; 2.2.2; 2.2.2; 01.02.20; 2.2.3; 2.2.15; 2.3.1; 2.3.2; 2.3.3; 2.3.7; 15.02.20
Электронный журнал «Кавказология»,2542-212X,10.01.02; 08.07.20; 16.10.20; 5.6.1; 5.6.4; 01.02.20; 5.9.1; 21.02.20; 5.6.5; 19.12.20; 5.9.4; 5.9.5; 5.9.8; 30.10.20
"Электронный научно- исследовательский журнал Сибирского государственного института искусств имени Дмитрия Хворостовского ""ARTE""",2687-1106,5.10.1; 5.10.1; 5.10.3; 25.06.20
"Электронный научно- образовательный журнал ""История""",2079-8784,5.6.1; 5.6.2; 5.6.3; 5.6.4; 5.6.5; 5.6.6; 5.6.7; 01.02.20
Электронный научно- технический журнал «Контенант»,2313-8459,1.3.6; 2.2.6; 2.2.6; 2.2.10; 20.03.20
Электронный научный журнал «ИТ-Стандарт»,2949-0529,2.2.15; 2.3.1; 2.3.2; 2.3.4; 2.3.5; 11.12.20
"Электронный научный журнал ""Медиамузыка""",2226-6143,17.00.02; 28.12.20; 16.10.20; 17.00.03; 17.00.09; 24.00.01; 24.00.01; 5.8.7; 01.02.20; 5.9.9; 5.10.1; 29.03.20
"Электронный научный журнал ""Наука. Общество. Государство""",2307-9525,5.1.1; 5.4.4; 5.7.2; 5.7.7; 5.7.8; 07.03.20; 5.1.2; 29.03.20
Электронный научный журнал «Японские исследования»,2500-2872,5.2.3; 5.2.5; 5.5.2; 5.5.4; 5.6.2; 5.6.4; 5.6.7; 23.09.20
Электронный сетевой политематический журнал «Научные труды КубГТУ»,2312-9409,05.09.01; 05.09.03; 22.12.20; 16.10.20; 2.1.1; 2.1.5; 2.1.7; 2.1.8; 2.3.1; 2.3.6; 01.02.20; 2.4.2; 14.12.20
Электросвязь,0013-5771,05.11.06; 05.11.06; 05.11.08; 05.11.10; 05.11.10; 05.11.18; 05.13.05; 05.13.12; 28.12.20; 16.10.20; 1.2.2; 2.2.4; 2.2.4; 2.2.5; 2.2.6; 01.02.20; 2.2.6; 2.2.10; 2.2.11; 2.2.11
Электротехнические и информационные комплексы и системы,1999-5458,05.09.01; 05.09.03; 05.09.12; 05.13.05; 28.12.20; 16.10.20; 2.2.4; 2.2.6; 2.2.11; 2.3.3; 01.02.20; 2.3.2; 14.12.20; 2.4.1; 2.4.2
Электротехнические системы и комплексы,2311-8318,05.09.01; 05.09.01; 05.09.03; 05.09.10; 05.09.12; 05.13.05; 05.14.02; 05.14.04; 26.03.20; 16.10.20; 1.2.2; 2.3.1; 2.3.3; 01.02.20; 2.4.1; 2.4.2; 2.4.3; 2.4.4; 21.10.20; 03.10.20
Электротехнологии и электрооборудование в АПК (До 03.10.2019 г. наименование в Перечне «Вестник ВИЭСХ» ISSN,2304-5868,
Электрохимическая энергетика,1608-4039,1.4.4; 1.4.6; 2.6.9; 2.6.9; 01.02.20
ЭЛЕКТРОЭНЕРГИЯ. Передача и распределение,2218-3116,05.14.01; 05.14.02; 05.14.12; 28.12.20; 16.10.20; 05.09.01; 05.09.02; 05.09.03; 19.04.20; 16.10.20; 2.4.1; 2.4.2; 2.4.3; 2.4.5; 21.10.20
Эндоваскулярная хирургия,2409-4080,14.01.05; 14.01.13; 14.01.26; 28.12.20; 16.10.20; 3.1.15; 3.1.20; 01.02.20; 3.1.1; 11.12.20
Эндодонтия today,1683-2981,3.1.7; 01.02.20
Эндокринная хирургия,2306-3513,
"Эндокринология: новости, мнения, обучение",2304-9529,3.1.19; 3.1.20; 01.02.20
Эндоскопическая хирургия,1025-7209,
Энергетическая политика,2409-5516,05.14.01; 26.03.20; 16.10.20; 05.14.02; 05.14.03; 05.14.04; 05.14.08; 05.14.12; 08.00.05; 25.00.12; 25.00.18; 1.6.13; 2.8.2; 2.8.4; 2.8.5; 01.02.20; 1.6.11; 2.4.5; 2.4.9; 5.2.3
Энерго- и ресурсосбережение: промышленность и транспорт,2500-0586,2.2.11; 2.5.11; 2.6.13; 12.02.20
Энергобезопасность и энергосбережение,2071-2219,05.09.03; 05.14.04; 05.14.08; 28.12.20; 16.10.20; 2.3.8; 2.4.2; 2.4.5; 2.4.6; 2.4.10; 13.10.20
Энергосбережение и водоподготовка,1992-4658,05.14.01; 05.14.04; 05.14.08; 05.14.14; 26.03.20; 16.10.20; 2.1.3; 01.02.20; 2.4.5; 11.12.20
Эпидемиология и Вакцинопрофилактика,2073-3046,03.02.02; 03.02.03; 14.03.09; 12.02.20; 16.10.20; 1.5.10; 1.5.11; 3.2.2; 3.2.2; 01.02.20
Эпидемиология и инфекционные болезни,3034-1981,
Эпидемиология и инфекционные болезни,2411-3026,1.5.11; 1.5.17; 3.1.22; 3.2.2; 12.02.20
Эпидемиология и инфекционные болезни. Актуальные вопросы,2226-6976,3.1.22; 3.2.2; 01.02.20
Эпилепсия и пароксизмальные состояния,2077-8333,14.01.06; 28.12.20; 16.10.20; 3.1.21; 3.1.24; 3.3.3; 3.3.6; 3.3.6; 01.02.20; 27.09.20
Эпосоведение (до 27.09.2022 наименование в Перечне «Вестник Северо- Восточного федерального университета имени М.К. Аммосова. Vestnik of North- Eastern Federal University. Серия «Эпосоведение. Epic Studies» ISSN,2500-2864,
Эргодизайн,2619-1512,2.3.4; 5.3.3; 25.01.20; 27.05.20
Эталоны. Стандартные образцы (До 27.05.2021 г. наименование в Перечне «Стандартные образцы» ISSN,2077-1177,
"ЭТАП: Экономическая Теория, Анализ, Практика",2071-6435,08.00.05; 08.00.12; 28.12.20; 16.10.20; 5.2.1; 5.2.4; 5.2.5; 01.02.20
Этическая мысль/Ethical Thought,2074-4870,
Этническая культура,2713-1688,5.6.4; 5.8.1; 5.8.7; 5.9.1; 5.9.2; 5.9.4; 5.9.5; 5.9.8; 21.02.20
Этнография,2618-8600,5.6.1; 5.6.2; 5.6.4; 5.7.8; 5.7.9; 01.02.20; 5.9.4
Этнопсихолингвистика / Ethnopsyholinguistics,2658-5650,5.9.8; 5.12.3; 19.12.20
Этносоциум и межнациональная культура,2072-3091,23.00.01; 23.00.03; 23.00.05; 23.00.05; 23.00.06; 28.12.20; 16.10.20; 5.5.2; 5.5.4; 01.02.20; 5.5.1; 5.5.3; 20.07.20; 5.4.5; 31.05.20
Эффективная фармакотерапия,2307-3586,14.01.28; 01.07.20; 16.10.20; 14.03.09; 17.12.20; 16.10.20; 3.1.3; 3.1.4; 3.1.5; 3.1.6; 3.1.13; 3.1.18; 3.1.19; 01.02.20; 3.1.20; 3.1.21; 3.1.22; 3.1.23; 3.1.24; 3.1.27
"Юг России: экология, развитие",1992-1098,03.02.09; 25.00.35; 26.03.20; 16.10.20; 1.5.20; 1.6.12; 1.6.13; 1.6.21; 01.02.20; 1.5.9; 1.5.10; 1.5.12; 1.5.14; 1.5.15; 1.5.15; 1.5.18; 20.03.20
Юго-Восточная Азия: актуальные проблемы развития,2072-8271,23.00.03; 28.12.20; 16.10.20; 5.5.4; 5.6.2; 5.6.5; 01.02.20; 5.6.7; 03.04.20
Южно-российский журнал социальных наук (до 03.04.2019 наименование в Перечне «Человек. Сообщество. Управление» ISSN,1729-5629,
Южно-Российский музыкальный альманах,2076-4766,17.00.02; 24.00.01; 28.12.20; 16.10.20; 5.10.1; 5.10.1; 5.10.1; 5.10.3; 21.02.20
Южно-Российский онкологический журнал /South Russian Journal of Cancer,2686-9039,3.1.6; 3.1.6; 17.06.20
Южно-Российский журнал терапевтической практики,2712-8156,
Южно-Сибирский научный вестник,2304-1943,05.11.06; 05.13.17; 05.17.06; 12.02.20; 16.10.20; 1.2.2; 1.2.2; 2.2.8; 2.2.10; 2.2.11; 2.6.7; 2.6.10; 2.6.12; 2.6.13; 01.02.20; 2.3.5; 01.02.20; 13.12.20; 2.6.11; 14.12.20
Южно-Уральский медицинский журнал,2541-8866,14.03.09; 09.12.20; 16.10.20; 3.1.23; 01.02.20; 3.2.7; 07.12.20
ЮРИДИЧЕСКАЯ ГНОСЕОЛОГИЯ,2500-3674,5.1.2; 5.1.3; 5.1.4; 19.12.20
Юридическая наука,2220-5500,12.00.01; 12.00.02; 28.12.20; 16.10.20; 12.00.04; 12.00.10; 12.00.11; 12.00.14; 12.00.03; 12.00.08; 12.00.09; 12.00.12; 12.00.15; 08.07.20; 16.10.20; 5.1.1; 5.1.2; 5.1.3; 5.1.4; 5.1.5
Юридическая наука и правоохранительная практика,1998-6963,12.00.01; 12.00.02; 12.00.08; 12.00.09; 28.12.20; 16.10.20; 12.00.11; 12.00.12; 12.00.14; 5.1.1; 5.1.2; 5.1.4; 08.02.20; 16.11.20
Юридическая наука и практика (До 16.11.2017 г. наименование в Перечне Вестник Новосибирского государственного университета. Серия: Право. ISSN,1818-7862,
Юридическая наука и практика: Вестник Нижегородской академии МВД России,2078-5356,12.00.01; 12.00.02; 12.00.03; 12.00.04; 12.00.05; 12.00.06; 12.00.08; 12.00.09; 12.00.10; 12.00.11; 12.00.12; 28.12.20; 16.10.20; 12.00.13; 12.00.14; 12.00.15; 5.1.1; 5.1.2; 5.1.3; 5.1.4
Юридическая психология,2071-1204,12.00.12; 28.12.20; 16.10.20; 5.3.9; 01.02.20
Юридические исследования,2409-7136,12.00.01; 12.00.02; 12.00.03; 12.00.04; 12.00.06; 12.00.07; 12.00.08; 28.12.20; 16.10.20; 12.00.09; 12.00.10; 12.00.11; 12.00.12; 12.00.14; 12.00.15; 5.1.2; 5.1.3; 5.1.4; 21.02.20
Юридический вестник,2790-7570,5.1.2; 5.1.3; 5.1.4; 5.1.5; 21.02.20
Юридический вестник Дагестанского государственного университета,2224-0241,12.00.01; 12.00.02; 12.00.03; 12.00.04; 12.00.05; 12.00.08; 28.12.20; 16.10.20; 12.00.09; 12.00.10; 12.00.11; 12.00.12; 12.00.13; 12.00.14; 12.00.15; 5.1.1; 5.1.2; 5.1.3; 5.1.4; 21.02.20
Юридический вестник Кубанского государственного университета,2078-5836,12.00.01; 12.00.02; 12.00.03; 12.00.08; 12.00.09; 12.00.12; 12.00.14; 02.12.20; 16.10.20; 12.00.15; 5.1.1; 5.1.2; 5.1.3; 5.1.4; 30.06.20
Юридический вестник Самарского университета,2542-047X,12.00.01; 12.00.02; 12.00.03; 12.00.04; 12.00.05; 12.00.06; 12.00.07; 12.00.08; 12.00.09; 12.00.10; 12.00.11; 12.00.12; 12.00.13; 12.00.14; 28.12.20; 16.10.20; 12.00.15; 5.1.2; 5.1.3; 5.1.4
Юридический мир,1811-1475,12.00.01; 12.00.02; 12.00.03; 12.00.11; 12.00.14; 28.12.20; 16.10.20; 5.1.1; 5.1.2; 5.1.3; 5.1.4; 23.09.20
Юридическое образование и наука,1813-1190,12.00.01; 12.00.02; 12.00.08; 28.12.20; 16.10.20; 5.8.1; 5.8.2; 01.02.20; 5.1.1; 5.1.2; 5.1.3; 5.1.4; 5.1.5; 21.02.20
Юрислингвистика,2587-9332,5.1.1; 5.1.4; 5.9.5; 5.9.8; 23.11.20
Юристъ-Правоведъ,1817-7093,12.00.01; 12.00.02; 12.00.03; 28.12.20; 16.10.20; 12.00.06; 12.00.08; 12.00.09; 12.00.10; 12.00.11; 12.00.12; 12.00.14; 5.1.1; 5.1.2; 5.1.3; 5.1.4; 28.11.20
Ядерная и радиационная безопасность,2218-8665,05.14.02; 05.14.03; 05.26.05; 05.26.06; 28.12.20; 16.10.20; 2.4.3; 2.4.9; 20.03.20
Ядерная физика и инжиниринг,2079-5629,01.04.15; 28.12.20; 16.10.20; 01.04.15; 01.04.16; 01.04.16; 01.04.23; 01.04.23; 05.04.11; 05.26.05; 1.3.2; 1.3.2; 1.3.3; 1.3.5; 1.3.5; 1.3.8; 1.3.8; 1.3.9; 1.3.9; 1.3.10
Язык и культура,1999-6195,10.02.01; 10.02.04; 10.02.19; 28.12.20; 16.10.20; 5.8.2; 5.8.7; 01.02.20; 5.9.5; 5.9.6; 5.9.8; 5.12.3; 20.12.20
Язык и текст,2312-2757,5.9.1; 5.9.5; 5.9.6; 5.9.8; 21.02.20
Якутский медицинский журнал,1813-1905,03.01.07; 28.12.20; 16.10.20; 3.1.6; 3.1.9; 3.1.11; 3.1.12; 3.1.14; 01.02.20; 1.5.7; 1.5.7; 15.06.20
Ярославский педагогический вестник,1813-145X,24.00.01; 28.12.20; 16.10.20; 5.3.1; 5.3.3; 5.3.4; 5.8.1; 5.8.7; 01.02.20; 5.10.1; 5.10.1; 08.02.20
