domain,priority,source_file,source_row,record_id,label,status,reason,evidence_url,reviewer,checked_at,note
authority_identity,1,analytics_output/authority_review_queue.csv,23,PERS_61202bf3,Алиханова Юлия Марковна,todo,Many talks and no external ID; Initials-only display name,https://elibrary.ru/authors.asp?fams=%D0%90%D0%BB%D0%B8%D1%85%D0%B0%D0%BD%D0%BE%D0%B2%D0%B0&imas=%D0%AE%D0%BB%D0%B8%D1%8F&otchs=%D0%9C%D0%B0%D1%80%D0%BA%D0%BE%D0%B2%D0%BD%D0%B0,,,Алиханова Юлия Марковна индолог
authority_identity,1,analytics_output/authority_review_queue.csv,6,PERS_9a855a7b,Альбедиль Маргарита Федоровна,todo,Many talks and no external ID; Initials-only display name; Missing preferred Latin name,https://elibrary.ru/authors.asp?fams=%D0%90%D0%BB%D1%8C%D0%B1%D0%B5%D0%B4%D0%B8%D0%BB%D1%8C&imas=%D0%9C%D0%B0%D1%80%D0%B3%D0%B0%D1%80%D0%B8%D1%82%D0%B0&otchs=%D0%A4%D0%B5%D0%B4%D0%BE%D1%80%D0%BE%D0%B2%D0%BD%D0%B0,,,Альбедиль Маргарита Федоровна индолог
authority_identity,1,analytics_output/authority_review_queue.csv,70,PERS_088c4df7,Атманова Юлия Георгиевна,todo,Many talks and no external ID; Initials-only display name; Missing preferred Latin name,https://elibrary.ru/authors.asp?fams=%D0%90%D1%82%D0%BC%D0%B0%D0%BD%D0%BE%D0%B2%D0%B0&imas=%D0%AE%D0%BB%D0%B8%D1%8F&otchs=%D0%93%D0%B5%D0%BE%D1%80%D0%B3%D0%B8%D0%B5%D0%B2%D0%BD%D0%B0,,,Атманова Юлия Георгиевна индолог
authority_identity,1,analytics_output/authority_review_queue.csv,76,PERS_c6bbcef3,Битинайте Елена Алексеевна,todo,Many talks and no external ID; Initials-only display name; Missing preferred Latin name,https://elibrary.ru/authors.asp?fams=%D0%91%D0%B8%D1%82%D0%B8%D0%BD%D0%B0%D0%B9%D1%82%D0%B5&imas=%D0%95%D0%BB%D0%B5%D0%BD%D0%B0&otchs=%D0%90%D0%BB%D0%B5%D0%BA%D1%81%D0%B5%D0%B5%D0%B2%D0%BD%D0%B0,,,Битинайте Елена Алексеевна индолог
authority_identity,1,analytics_output/authority_review_queue.csv,31,PERS_dd7de77e,Бросалина Елена Кирилловна,todo,Many talks and no external ID; Initials-only display name; Missing preferred Latin name,https://elibrary.ru/authors.asp?fams=%D0%91%D1%80%D0%BE%D1%81%D0%B0%D0%BB%D0%B8%D0%BD%D0%B0&imas=%D0%95%D0%BB%D0%B5%D0%BD%D0%B0&otchs=%D0%9A%D0%B8%D1%80%D0%B8%D0%BB%D0%BB%D0%BE%D0%B2%D0%BD%D0%B0,,,Бросалина Елена Кирилловна индолог
authority_identity,1,analytics_output/authority_review_queue.csv,33,PERS_a0264ac5,Бурмистров Сергей Леонидович,todo,Many talks and no external ID; Initials-only display name; Missing preferred Latin name,https://elibrary.ru/authors.asp?fams=%D0%91%D1%83%D1%80%D0%BC%D0%B8%D1%81%D1%82%D1%80%D0%BE%D0%B2&imas=%D0%A1%D0%B5%D1%80%D0%B3%D0%B5%D0%B9&otchs=%D0%9B%D0%B5%D0%BE%D0%BD%D0%B8%D0%B4%D0%BE%D0%B2%D0%B8%D1%87,,,Бурмистров Сергей Леонидович индолог
authority_identity,1,analytics_output/authority_review_queue.csv,5,PERS_829c1de5,Васильков Ярослав Владимирович,todo,Many talks and no external ID; Initials-only display name; Missing preferred Latin name,https://elibrary.ru/authors.asp?fams=%D0%92%D0%B0%D1%81%D0%B8%D0%BB%D1%8C%D0%BA%D0%BE%D0%B2&imas=%D0%AF%D1%80%D0%BE%D1%81%D0%BB%D0%B0%D0%B2&otchs=%D0%92%D0%BB%D0%B0%D0%B4%D0%B8%D0%BC%D0%B8%D1%80%D0%BE%D0%B2%D0%B8%D1%87,,,Васильков Ярослав Владимирович индолог
authority_identity,1,analytics_output/authority_review_queue.csv,11,PERS_5228da95,Вертоградова Виктория Викторовна,todo,Many talks and no external ID; Initials-only display name,https://elibrary.ru/authors.asp?fams=%D0%92%D0%B5%D1%80%D1%82%D0%BE%D0%B3%D1%80%D0%B0%D0%B4%D0%BE%D0%B2%D0%B0&imas=%D0%92%D0%B8%D0%BA%D1%82%D0%BE%D1%80%D0%B8%D1%8F&otchs=%D0%92%D0%B8%D0%BA%D1%82%D0%BE%D1%80%D0%BE%D0%B2%D0%BD%D0%B0,,,Вертоградова Виктория Викторовна индолог
authority_identity,1,analytics_output/authority_review_queue.csv,54,PERS_f5b8b340,Вигасин Алексей Алексеевич,todo,Many talks and no external ID; Initials-only display name,https://elibrary.ru/authors.asp?fams=%D0%92%D0%B8%D0%B3%D0%B0%D1%81%D0%B8%D0%BD&imas=%D0%90%D0%BB%D0%B5%D0%BA%D1%81%D0%B5%D0%B9&otchs=%D0%90%D0%BB%D0%B5%D0%BA%D1%81%D0%B5%D0%B5%D0%B2%D0%B8%D1%87,,,Вигасин Алексей Алексеевич индолог
authority_identity,1,analytics_output/authority_review_queue.csv,18,PERS_88d163c1,Видунас Витис,todo,Many talks and no external ID; Initials-only display name; Missing preferred Latin name,https://elibrary.ru/authors.asp?fams=%D0%92%D0%B8%D0%B4%D1%83%D0%BD%D0%B0%D1%81&imas=%D0%92%D0%B8%D1%82%D0%B8%D1%81,,,Видунас Витис индолог
authority_identity,1,analytics_output/authority_review_queue.csv,66,PERS_0fd718a7,Воздиган Ксения Михайловна,todo,Many talks and no external ID; Initials-only display name; Missing preferred Latin name,https://elibrary.ru/authors.asp?fams=%D0%92%D0%BE%D0%B7%D0%B4%D0%B8%D0%B3%D0%B0%D0%BD&imas=%D0%9A%D1%81%D0%B5%D0%BD%D0%B8%D1%8F&otchs=%D0%9C%D0%B8%D1%85%D0%B0%D0%B9%D0%BB%D0%BE%D0%B2%D0%BD%D0%B0,,,Воздиган Ксения Михайловна индолог
authority_identity,1,analytics_output/authority_review_queue.csv,44,PERS_5d34c947,Волошина Оксана Анатольевна,todo,Many talks and no external ID; Initials-only display name; Missing preferred Latin name,https://elibrary.ru/authors.asp?fams=%D0%92%D0%BE%D0%BB%D0%BE%D1%88%D0%B8%D0%BD%D0%B0&imas=%D0%9E%D0%BA%D1%81%D0%B0%D0%BD%D0%B0&otchs=%D0%90%D0%BD%D0%B0%D1%82%D0%BE%D0%BB%D1%8C%D0%B5%D0%B2%D0%BD%D0%B0,,,Волошина Оксана Анатольевна индолог
authority_identity,1,analytics_output/authority_review_queue.csv,14,PERS_9374fd12,Вырщиков Евгений Геннадьевич,todo,Many talks and no external ID; Initials-only display name; Missing preferred Latin name,https://elibrary.ru/authors.asp?fams=%D0%92%D1%8B%D1%80%D1%89%D0%B8%D0%BA%D0%BE%D0%B2&imas=%D0%95%D0%B2%D0%B3%D0%B5%D0%BD%D0%B8%D0%B9&otchs=%D0%93%D0%B5%D0%BD%D0%BD%D0%B0%D0%B4%D1%8C%D0%B5%D0%B2%D0%B8%D1%87,,,Вырщиков Евгений Геннадьевич индолог
authority_identity,1,analytics_output/authority_review_queue.csv,39,PERS_3b196639,Гордийчук Николай Валентинович,todo,Many talks and no external ID; Initials-only display name,https://elibrary.ru/authors.asp?fams=%D0%93%D0%BE%D1%80%D0%B4%D0%B8%D0%B9%D1%87%D1%83%D0%BA&imas=%D0%9D%D0%B8%D0%BA%D0%BE%D0%BB%D0%B0%D0%B9&otchs=%D0%92%D0%B0%D0%BB%D0%B5%D0%BD%D1%82%D0%B8%D0%BD%D0%BE%D0%B2%D0%B8%D1%87,,,Гордийчук Николай Валентинович индолог
authority_identity,1,analytics_output/authority_review_queue.csv,35,PERS_36dabb79,Гурия Анастасия Георгиевна,todo,Many talks and no external ID; Initials-only display name,https://elibrary.ru/authors.asp?fams=%D0%93%D1%83%D1%80%D0%B8%D1%8F&imas=%D0%90%D0%BD%D0%B0%D1%81%D1%82%D0%B0%D1%81%D0%B8%D1%8F&otchs=%D0%93%D0%B5%D0%BE%D1%80%D0%B3%D0%B8%D0%B5%D0%B2%D0%BD%D0%B0,,,Гурия Анастасия Георгиевна индолог
authority_identity,1,analytics_output/authority_review_queue.csv,81,PERS_2c40b9b1,Гуров Никита Владимирович,todo,Many talks and no external ID; Initials-only display name; Missing preferred Latin name,https://elibrary.ru/authors.asp?fams=%D0%93%D1%83%D1%80%D0%BE%D0%B2&imas=%D0%9D%D0%B8%D0%BA%D0%B8%D1%82%D0%B0&otchs=%D0%92%D0%BB%D0%B0%D0%B4%D0%B8%D0%BC%D0%B8%D1%80%D0%BE%D0%B2%D0%B8%D1%87,,,Гуров Никита Владимирович индолог
authority_identity,1,analytics_output/authority_review_queue.csv,32,PERS_7542d270,Демченко Максим Борисович,todo,Many talks and no external ID; Initials-only display name; Missing preferred Latin name,https://elibrary.ru/authors.asp?fams=%D0%94%D0%B5%D0%BC%D1%87%D0%B5%D0%BD%D0%BA%D0%BE&imas=%D0%9C%D0%B0%D0%BA%D1%81%D0%B8%D0%BC&otchs=%D0%91%D0%BE%D1%80%D0%B8%D1%81%D0%BE%D0%B2%D0%B8%D1%87,,,Демченко Максим Борисович индолог
authority_identity,1,analytics_output/authority_review_queue.csv,12,PERS_56508328,Десницкая Евгения Алексеевна,todo,Many talks and no external ID; Initials-only display name; Missing preferred Latin name,https://elibrary.ru/authors.asp?fams=%D0%94%D0%B5%D1%81%D0%BD%D0%B8%D1%86%D0%BA%D0%B0%D1%8F&imas=%D0%95%D0%B2%D0%B3%D0%B5%D0%BD%D0%B8%D1%8F&otchs=%D0%90%D0%BB%D0%B5%D0%BA%D1%81%D0%B5%D0%B5%D0%B2%D0%BD%D0%B0,,,Десницкая Евгения Алексеевна индолог
authority_identity,1,analytics_output/authority_review_queue.csv,51,PERS_8df3730a,Донченко Сергей Сергеевич,todo,Many talks and no external ID; Initials-only display name; Missing preferred Latin name,https://elibrary.ru/authors.asp?fams=%D0%94%D0%BE%D0%BD%D1%87%D0%B5%D0%BD%D0%BA%D0%BE&imas=%D0%A1%D0%B5%D1%80%D0%B3%D0%B5%D0%B9&otchs=%D0%A1%D0%B5%D1%80%D0%B3%D0%B5%D0%B5%D0%B2%D0%B8%D1%87,,,Донченко Сергей Сергеевич индолог
authority_identity,1,analytics_output/authority_review_queue.csv,22,PERS_da862dde,Дробышев Юлий Игорьевич,todo,Many talks and no external ID; Initials-only display name; Missing preferred Latin name,https://elibrary.ru/authors.asp?fams=%D0%94%D1%80%D0%BE%D0%B1%D1%8B%D1%88%D0%B5%D0%B2&imas=%D0%AE%D0%BB%D0%B8%D0%B9&otchs=%D0%98%D0%B3%D0%BE%D1%80%D1%8C%D0%B5%D0%B2%D0%B8%D1%87,,,Дробышев Юлий Игорьевич индолог
authority_identity,1,analytics_output/authority_review_queue.csv,82,PERS_28317057,Дубянская Татьяна Александровна,todo,Many talks and no external ID; Initials-only display name; Missing preferred Latin name,https://elibrary.ru/authors.asp?fams=%D0%94%D1%83%D0%B1%D1%8F%D0%BD%D1%81%D0%BA%D0%B0%D1%8F&imas=%D0%A2%D0%B0%D1%82%D1%8C%D1%8F%D0%BD%D0%B0&otchs=%D0%90%D0%BB%D0%B5%D0%BA%D1%81%D0%B0%D0%BD%D0%B4%D1%80%D0%BE%D0%B2%D0%BD%D0%B0,,,Дубянская Татьяна Александровна индолог
authority_identity,1,analytics_output/authority_review_queue.csv,21,PERS_fb25c80f,Ермакова Татьяна Викторовна,todo,Many talks and no external ID; Initials-only display name; Missing preferred Latin name,https://elibrary.ru/authors.asp?fams=%D0%95%D1%80%D0%BC%D0%B0%D0%BA%D0%BE%D0%B2%D0%B0&imas=%D0%A2%D0%B0%D1%82%D1%8C%D1%8F%D0%BD%D0%B0&otchs=%D0%92%D0%B8%D0%BA%D1%82%D0%BE%D1%80%D0%BE%D0%B2%D0%BD%D0%B0,,,Ермакова Татьяна Викторовна индолог
authority_identity,1,analytics_output/authority_review_queue.csv,69,PERS_8108c314,Ерченков Олег Николаевич,todo,Many talks and no external ID; Initials-only display name; Missing preferred Latin name,https://elibrary.ru/authors.asp?fams=%D0%95%D1%80%D1%87%D0%B5%D0%BD%D0%BA%D0%BE%D0%B2&imas=%D0%9E%D0%BB%D0%B5%D0%B3&otchs=%D0%9D%D0%B8%D0%BA%D0%BE%D0%BB%D0%B0%D0%B5%D0%B2%D0%B8%D1%87,,,Ерченков Олег Николаевич индолог
authority_identity,1,analytics_output/authority_review_queue.csv,19,PERS_92868e4f,Жутаев Дар Игоревич,todo,Many talks and no external ID; Initials-only display name,https://elibrary.ru/authors.asp?fams=%D0%96%D1%83%D1%82%D0%B0%D0%B5%D0%B2&imas=%D0%94%D0%B0%D1%80&otchs=%D0%98%D0%B3%D0%BE%D1%80%D0%B5%D0%B2%D0%B8%D1%87,,,Жутаев Дар Игоревич индолог
authority_identity,1,analytics_output/authority_review_queue.csv,64,PERS_10547db9,Загуменнов Борис Иванович,todo,Many talks and no external ID; Initials-only display name; Missing preferred Latin name,https://elibrary.ru/authors.asp?fams=%D0%97%D0%B0%D0%B3%D1%83%D0%BC%D0%B5%D0%BD%D0%BD%D0%BE%D0%B2&imas=%D0%91%D0%BE%D1%80%D0%B8%D1%81&otchs=%D0%98%D0%B2%D0%B0%D0%BD%D0%BE%D0%B2%D0%B8%D1%87,,,Загуменнов Борис Иванович индолог
authority_identity,1,analytics_output/authority_review_queue.csv,52,PERS_7eb0dc30,Зимина Татьяна Александровна,todo,Many talks and no external ID; Initials-only display name; Missing preferred Latin name,https://elibrary.ru/authors.asp?fams=%D0%97%D0%B8%D0%BC%D0%B8%D0%BD%D0%B0&imas=%D0%A2%D0%B0%D1%82%D1%8C%D1%8F%D0%BD%D0%B0&otchs=%D0%90%D0%BB%D0%B5%D0%BA%D1%81%D0%B0%D0%BD%D0%B4%D1%80%D0%BE%D0%B2%D0%BD%D0%B0,,,Зимина Татьяна Александровна индолог
authority_identity,1,analytics_output/authority_review_queue.csv,26,PERS_c5677a3f,Зорин Алексей Валерьевич,todo,Many talks and no external ID; Initials-only display name; Missing preferred Latin name,https://elibrary.ru/authors.asp?fams=%D0%97%D0%BE%D1%80%D0%B8%D0%BD&imas=%D0%90%D0%BB%D0%B5%D0%BA%D1%81%D0%B5%D0%B9&otchs=%D0%92%D0%B0%D0%BB%D0%B5%D1%80%D1%8C%D0%B5%D0%B2%D0%B8%D1%87,,,Зорин Алексей Валерьевич индолог
authority_identity,1,analytics_output/authority_review_queue.csv,65,PERS_6e211759,Иванов Владимир Павлович,todo,Many talks and no external ID; Initials-only display name; Missing preferred Latin name,https://elibrary.ru/authors.asp?fams=%D0%98%D0%B2%D0%B0%D0%BD%D0%BE%D0%B2&imas=%D0%92%D0%BB%D0%B0%D0%B4%D0%B8%D0%BC%D0%B8%D1%80&otchs=%D0%9F%D0%B0%D0%B2%D0%BB%D0%BE%D0%B2%D0%B8%D1%87,,,Иванов Владимир Павлович индолог
authority_identity,1,analytics_output/authority_review_queue.csv,8,PERS_3e105f43,Игнатьев Андрей Александрович,todo,Many talks and no external ID; Initials-only display name; Missing preferred Latin name,https://elibrary.ru/authors.asp?fams=%D0%98%D0%B3%D0%BD%D0%B0%D1%82%D1%8C%D0%B5%D0%B2&imas=%D0%90%D0%BD%D0%B4%D1%80%D0%B5%D0%B9&otchs=%D0%90%D0%BB%D0%B5%D0%BA%D1%81%D0%B0%D0%BD%D0%B4%D1%80%D0%BE%D0%B2%D0%B8%D1%87,,,Игнатьев Андрей Александрович индолог
authority_identity,1,analytics_output/authority_review_queue.csv,37,PERS_5ed752d9,Китинов Баатр Учаевич,todo,Many talks and no external ID; Initials-only display name; Missing preferred Latin name,https://elibrary.ru/authors.asp?fams=%D0%9A%D0%B8%D1%82%D0%B8%D0%BD%D0%BE%D0%B2&imas=%D0%91%D0%B0%D0%B0%D1%82%D1%80&otchs=%D0%A3%D1%87%D0%B0%D0%B5%D0%B2%D0%B8%D1%87,,,Китинов Баатр Учаевич индолог
authority_identity,1,analytics_output/authority_review_queue.csv,53,PERS_ba81468a,Кокова Юлия Георгиевна,todo,Many talks and no external ID; Initials-only display name; Missing preferred Latin name,https://elibrary.ru/authors.asp?fams=%D0%9A%D0%BE%D0%BA%D0%BE%D0%B2%D0%B0&imas=%D0%AE%D0%BB%D0%B8%D1%8F&otchs=%D0%93%D0%B5%D0%BE%D1%80%D0%B3%D0%B8%D0%B5%D0%B2%D0%BD%D0%B0,,,Кокова Юлия Георгиевна индолог
authority_identity,1,analytics_output/authority_review_queue.csv,78,PERS_db0a826b,Комарова Ирина Нигматовна,todo,Many talks and no external ID; Initials-only display name; Missing preferred Latin name,https://elibrary.ru/authors.asp?fams=%D0%9A%D0%BE%D0%BC%D0%B0%D1%80%D0%BE%D0%B2%D0%B0&imas=%D0%98%D1%80%D0%B8%D0%BD%D0%B0&otchs=%D0%9D%D0%B8%D0%B3%D0%BC%D0%B0%D1%82%D0%BE%D0%B2%D0%BD%D0%B0,,,Комарова Ирина Нигматовна индолог
authority_identity,1,analytics_output/authority_review_queue.csv,73,PERS_e96139bd,Коробов Владимир Борисович,todo,Many talks and no external ID; Initials-only display name; Missing preferred Latin name,https://elibrary.ru/authors.asp?fams=%D0%9A%D0%BE%D1%80%D0%BE%D0%B1%D0%BE%D0%B2&imas=%D0%92%D0%BB%D0%B0%D0%B4%D0%B8%D0%BC%D0%B8%D1%80&otchs=%D0%91%D0%BE%D1%80%D0%B8%D1%81%D0%BE%D0%B2%D0%B8%D1%87,,,Коробов Владимир Борисович индолог
authority_identity,1,analytics_output/authority_review_queue.csv,77,PERS_2a2e5602,Коровина Евгения Владимировна,todo,Many talks and no external ID; Initials-only display name; Missing preferred Latin name,https://elibrary.ru/authors.asp?fams=%D0%9A%D0%BE%D1%80%D0%BE%D0%B2%D0%B8%D0%BD%D0%B0&imas=%D0%95%D0%B2%D0%B3%D0%B5%D0%BD%D0%B8%D1%8F&otchs=%D0%92%D0%BB%D0%B0%D0%B4%D0%B8%D0%BC%D0%B8%D1%80%D0%BE%D0%B2%D0%BD%D0%B0,,,Коровина Евгения Владимировна индолог
authority_identity,1,analytics_output/authority_review_queue.csv,55,PERS_22d87263,Костина Екатерина Александровна,todo,Many talks and no external ID; Initials-only display name; Missing preferred Latin name,https://elibrary.ru/authors.asp?fams=%D0%9A%D0%BE%D1%81%D1%82%D0%B8%D0%BD%D0%B0&imas=%D0%95%D0%BA%D0%B0%D1%82%D0%B5%D1%80%D0%B8%D0%BD%D0%B0&otchs=%D0%90%D0%BB%D0%B5%D0%BA%D1%81%D0%B0%D0%BD%D0%B4%D1%80%D0%BE%D0%B2%D0%BD%D0%B0,,,Костина Екатерина Александровна индолог
authority_identity,1,analytics_output/authority_review_queue.csv,28,PERS_f19cd8a1,Котин Игорь Юрьевич,todo,Many talks and no external ID; Initials-only display name; Missing preferred Latin name,https://elibrary.ru/authors.asp?fams=%D0%9A%D0%BE%D1%82%D0%B8%D0%BD&imas=%D0%98%D0%B3%D0%BE%D1%80%D1%8C&otchs=%D0%AE%D1%80%D1%8C%D0%B5%D0%B2%D0%B8%D1%87,,,Котин Игорь Юрьевич индолог
authority_identity,1,analytics_output/authority_review_queue.csv,61,PERS_3c202afd,Крапивина Раиса Николаевна,todo,Many talks and no external ID; Initials-only display name,https://elibrary.ru/authors.asp?fams=%D0%9A%D1%80%D0%B0%D0%BF%D0%B8%D0%B2%D0%B8%D0%BD%D0%B0&imas=%D0%A0%D0%B0%D0%B8%D1%81%D0%B0&otchs=%D0%9D%D0%B8%D0%BA%D0%BE%D0%BB%D0%B0%D0%B5%D0%B2%D0%BD%D0%B0,,,Крапивина Раиса Николаевна индолог
authority_identity,1,analytics_output/authority_review_queue.csv,20,PERS_bc97fb65,Краснодембская Нина Георгиевна,todo,Many talks and no external ID; Initials-only display name; Missing preferred Latin name,https://elibrary.ru/authors.asp?fams=%D0%9A%D1%80%D0%B0%D1%81%D0%BD%D0%BE%D0%B4%D0%B5%D0%BC%D0%B1%D1%81%D0%BA%D0%B0%D1%8F&imas=%D0%9D%D0%B8%D0%BD%D0%B0&otchs=%D0%93%D0%B5%D0%BE%D1%80%D0%B3%D0%B8%D0%B5%D0%B2%D0%BD%D0%B0,,,Краснодембская Нина Георгиевна индолог
authority_identity,1,analytics_output/authority_review_queue.csv,74,PERS_d218805b,Крюкова Виктория Юрьевна,todo,Many talks and no external ID; Initials-only display name; Missing preferred Latin name,https://elibrary.ru/authors.asp?fams=%D0%9A%D1%80%D1%8E%D0%BA%D0%BE%D0%B2%D0%B0&imas=%D0%92%D0%B8%D0%BA%D1%82%D0%BE%D1%80%D0%B8%D1%8F&otchs=%D0%AE%D1%80%D1%8C%D0%B5%D0%B2%D0%BD%D0%B0,,,Крюкова Виктория Юрьевна индолог
authority_identity,1,analytics_output/authority_review_queue.csv,58,PERS_1c6fcce5,Кузина Елизавета Олеговна,todo,Many talks and no external ID; Initials-only display name,https://elibrary.ru/authors.asp?fams=%D0%9A%D1%83%D0%B7%D0%B8%D0%BD%D0%B0&imas=%D0%95%D0%BB%D0%B8%D0%B7%D0%B0%D0%B2%D0%B5%D1%82%D0%B0&otchs=%D0%9E%D0%BB%D0%B5%D0%B3%D0%BE%D0%B2%D0%BD%D0%B0,,,Кузина Елизавета Олеговна индолог
authority_identity,1,analytics_output/authority_review_queue.csv,50,PERS_9f398436,Куликов Леонид Игоревич,todo,Many talks and no external ID; Initials-only display name,https://elibrary.ru/authors.asp?fams=%D0%9A%D1%83%D0%BB%D0%B8%D0%BA%D0%BE%D0%B2&imas=%D0%9B%D0%B5%D0%BE%D0%BD%D0%B8%D0%B4&otchs=%D0%98%D0%B3%D0%BE%D1%80%D0%B5%D0%B2%D0%B8%D1%87,,,Куликов Леонид Игоревич индолог
authority_identity,1,analytics_output/authority_review_queue.csv,72,PERS_b62a9567,Курочкин Александр Юрьевич,todo,Many talks and no external ID; Initials-only display name; Missing preferred Latin name,https://elibrary.ru/authors.asp?fams=%D0%9A%D1%83%D1%80%D0%BE%D1%87%D0%BA%D0%B8%D0%BD&imas=%D0%90%D0%BB%D0%B5%D0%BA%D1%81%D0%B0%D0%BD%D0%B4%D1%80&otchs=%D0%AE%D1%80%D1%8C%D0%B5%D0%B2%D0%B8%D1%87,,,Курочкин Александр Юрьевич индолог
authority_identity,1,analytics_output/authority_review_queue.csv,30,PERS_9ad66151,Лелюхин Дмитрий Николаевич,todo,Many talks and no external ID; Initials-only display name; Missing preferred Latin name,https://elibrary.ru/authors.asp?fams=%D0%9B%D0%B5%D0%BB%D1%8E%D1%85%D0%B8%D0%BD&imas=%D0%94%D0%BC%D0%B8%D1%82%D1%80%D0%B8%D0%B9&otchs=%D0%9D%D0%B8%D0%BA%D0%BE%D0%BB%D0%B0%D0%B5%D0%B2%D0%B8%D1%87,,,Лелюхин Дмитрий Николаевич индолог
authority_identity,1,analytics_output/authority_review_queue.csv,48,PERS_d2559ba1,Лепехова Елена Сергеевна,todo,Many talks and no external ID; Initials-only display name; Missing preferred Latin name,https://elibrary.ru/authors.asp?fams=%D0%9B%D0%B5%D0%BF%D0%B5%D1%85%D0%BE%D0%B2%D0%B0&imas=%D0%95%D0%BB%D0%B5%D0%BD%D0%B0&otchs=%D0%A1%D0%B5%D1%80%D0%B3%D0%B5%D0%B5%D0%B2%D0%BD%D0%B0,,,Лепехова Елена Сергеевна индолог
authority_identity,1,analytics_output/authority_review_queue.csv,40,PERS_0c451d76,Лобанов Сергей Владимирович,todo,Many talks and no external ID; Initials-only display name; Missing preferred Latin name,https://elibrary.ru/authors.asp?fams=%D0%9B%D0%BE%D0%B1%D0%B0%D0%BD%D0%BE%D0%B2&imas=%D0%A1%D0%B5%D1%80%D0%B3%D0%B5%D0%B9&otchs=%D0%92%D0%BB%D0%B0%D0%B4%D0%B8%D0%BC%D0%B8%D1%80%D0%BE%D0%B2%D0%B8%D1%87,,,Лобанов Сергей Владимирович индолог
authority_identity,1,analytics_output/authority_review_queue.csv,42,PERS_ebb6d156,Ложкина Анастасия Витальевна,todo,Many talks and no external ID; Initials-only display name,https://elibrary.ru/authors.asp?fams=%D0%9B%D0%BE%D0%B6%D0%BA%D0%B8%D0%BD%D0%B0&imas=%D0%90%D0%BD%D0%B0%D1%81%D1%82%D0%B0%D1%81%D0%B8%D1%8F&otchs=%D0%92%D0%B8%D1%82%D0%B0%D0%BB%D1%8C%D0%B5%D0%B2%D0%BD%D0%B0,,,Ложкина Анастасия Витальевна индолог
authority_identity,1,analytics_output/authority_review_queue.csv,43,PERS_ea44fd14,Люлина Анастасия Геннадьевна,todo,Many talks and no external ID; Initials-only display name; Missing preferred Latin name,https://elibrary.ru/authors.asp?fams=%D0%9B%D1%8E%D0%BB%D0%B8%D0%BD%D0%B0&imas=%D0%90%D0%BD%D0%B0%D1%81%D1%82%D0%B0%D1%81%D0%B8%D1%8F&otchs=%D0%93%D0%B5%D0%BD%D0%BD%D0%B0%D0%B4%D1%8C%D0%B5%D0%B2%D0%BD%D0%B0,,,Люлина Анастасия Геннадьевна индолог
authority_identity,1,analytics_output/authority_review_queue.csv,79,PERS_50c46233,Маретина Ксения Александровна,todo,Many talks and no external ID; Initials-only display name; Missing preferred Latin name,https://elibrary.ru/authors.asp?fams=%D0%9C%D0%B0%D1%80%D0%B5%D1%82%D0%B8%D0%BD%D0%B0&imas=%D0%9A%D1%81%D0%B5%D0%BD%D0%B8%D1%8F&otchs=%D0%90%D0%BB%D0%B5%D0%BA%D1%81%D0%B0%D0%BD%D0%B4%D1%80%D0%BE%D0%B2%D0%BD%D0%B0,,,Маретина Ксения Александровна индолог
authority_identity,1,analytics_output/authority_review_queue.csv,4,PERS_f2fef030,Мехакян Арег Гайкович,todo,Many talks and no external ID; Initials-only display name,https://elibrary.ru/authors.asp?fams=%D0%9C%D0%B5%D1%85%D0%B0%D0%BA%D1%8F%D0%BD&imas=%D0%90%D1%80%D0%B5%D0%B3&otchs=%D0%93%D0%B0%D0%B9%D0%BA%D0%BE%D0%B2%D0%B8%D1%87,,,Мехакян Арег Гайкович индолог
authority_identity,1,analytics_output/authority_review_queue.csv,25,PERS_e72d4c09,Огнева Елена Дмитриевна,todo,Many talks and no external ID; Initials-only display name; Missing preferred Latin name,https://elibrary.ru/authors.asp?fams=%D0%9E%D0%B3%D0%BD%D0%B5%D0%B2%D0%B0&imas=%D0%95%D0%BB%D0%B5%D0%BD%D0%B0&otchs=%D0%94%D0%BC%D0%B8%D1%82%D1%80%D0%B8%D0%B5%D0%B2%D0%BD%D0%B0,,,Огнева Елена Дмитриевна индолог
authority_identity,1,analytics_output/authority_review_queue.csv,63,PERS_f8ab5755,Оранская Татьяна Иосифовна,todo,Many talks and no external ID; Initials-only display name; Missing preferred Latin name,https://elibrary.ru/authors.asp?fams=%D0%9E%D1%80%D0%B0%D0%BD%D1%81%D0%BA%D0%B0%D1%8F&imas=%D0%A2%D0%B0%D1%82%D1%8C%D1%8F%D0%BD%D0%B0&otchs=%D0%98%D0%BE%D1%81%D0%B8%D1%84%D0%BE%D0%B2%D0%BD%D0%B0,,,Оранская Татьяна Иосифовна индолог
authority_identity,1,analytics_output/authority_review_queue.csv,15,PERS_c48611e0,Островская Елена Петровна,todo,Many talks and no external ID; Initials-only display name; Missing preferred Latin name,https://elibrary.ru/authors.asp?fams=%D0%9E%D1%81%D1%82%D1%80%D0%BE%D0%B2%D1%81%D0%BA%D0%B0%D1%8F&imas=%D0%95%D0%BB%D0%B5%D0%BD%D0%B0&otchs=%D0%9F%D0%B5%D1%82%D1%80%D0%BE%D0%B2%D0%BD%D0%B0,,,Островская Елена Петровна индолог
authority_identity,1,analytics_output/authority_review_queue.csv,24,PERS_2fd442aa,Офертас Станислав Чеславович,todo,Many talks and no external ID; Initials-only display name; Missing preferred Latin name,https://elibrary.ru/authors.asp?fams=%D0%9E%D1%84%D0%B5%D1%80%D1%82%D0%B0%D1%81&imas=%D0%A1%D1%82%D0%B0%D0%BD%D0%B8%D1%81%D0%BB%D0%B0%D0%B2&otchs=%D0%A7%D0%B5%D1%81%D0%BB%D0%B0%D0%B2%D0%BE%D0%B2%D0%B8%D1%87,,,Офертас Станислав Чеславович индолог
authority_identity,1,analytics_output/authority_review_queue.csv,10,PERS_1a097e52,Парибок Андрей Всеволодович,todo,Many talks and no external ID; Initials-only display name; Missing preferred Latin name,https://elibrary.ru/authors.asp?fams=%D0%9F%D0%B0%D1%80%D0%B8%D0%B1%D0%BE%D0%BA&imas=%D0%90%D0%BD%D0%B4%D1%80%D0%B5%D0%B9&otchs=%D0%92%D1%81%D0%B5%D0%B2%D0%BE%D0%BB%D0%BE%D0%B4%D0%BE%D0%B2%D0%B8%D1%87,,,Парибок Андрей Всеволодович индолог
authority_identity,1,analytics_output/authority_review_queue.csv,16,PERS_260a598a,Пахомов Сергей Владимирович,todo,Many talks and no external ID; Initials-only display name; Missing preferred Latin name,https://elibrary.ru/authors.asp?fams=%D0%9F%D0%B0%D1%85%D0%BE%D0%BC%D0%BE%D0%B2&imas=%D0%A1%D0%B5%D1%80%D0%B3%D0%B5%D0%B9&otchs=%D0%92%D0%BB%D0%B0%D0%B4%D0%B8%D0%BC%D0%B8%D1%80%D0%BE%D0%B2%D0%B8%D1%87,,,Пахомов Сергей Владимирович индолог
authority_identity,1,analytics_output/authority_review_queue.csv,7,PERS_003adcfe,Псху Рузана Владимировна,todo,Many talks and no external ID; Initials-only display name; Missing preferred Latin name,https://elibrary.ru/authors.asp?fams=%D0%9F%D1%81%D1%85%D1%83&imas=%D0%A0%D1%83%D0%B7%D0%B0%D0%BD%D0%B0&otchs=%D0%92%D0%BB%D0%B0%D0%B4%D0%B8%D0%BC%D0%B8%D1%80%D0%BE%D0%B2%D0%BD%D0%B0,,,Псху Рузана Владимировна индолог
authority_identity,1,analytics_output/authority_review_queue.csv,47,PERS_58b39545,Ренковская Евгения Алексеевна,todo,Many talks and no external ID; Initials-only display name,https://elibrary.ru/authors.asp?fams=%D0%A0%D0%B5%D0%BD%D0%BA%D0%BE%D0%B2%D1%81%D0%BA%D0%B0%D1%8F&imas=%D0%95%D0%B2%D0%B3%D0%B5%D0%BD%D0%B8%D1%8F&otchs=%D0%90%D0%BB%D0%B5%D0%BA%D1%81%D0%B5%D0%B5%D0%B2%D0%BD%D0%B0,,,Ренковская Евгения Алексеевна индолог
authority_identity,1,analytics_output/authority_review_queue.csv,38,PERS_23215083,Русанов Максим Альбертович,todo,Many talks and no external ID; Initials-only display name; Missing preferred Latin name,https://elibrary.ru/authors.asp?fams=%D0%A0%D1%83%D1%81%D0%B0%D0%BD%D0%BE%D0%B2&imas=%D0%9C%D0%B0%D0%BA%D1%81%D0%B8%D0%BC&otchs=%D0%90%D0%BB%D1%8C%D0%B1%D0%B5%D1%80%D1%82%D0%BE%D0%B2%D0%B8%D1%87,,,Русанов Максим Альбертович индолог
authority_identity,1,analytics_output/authority_review_queue.csv,36,PERS_287fe378,Рыбакова Анна Геннадьевна,todo,Many talks and no external ID; Initials-only display name; Missing preferred Latin name,https://elibrary.ru/authors.asp?fams=%D0%A0%D1%8B%D0%B1%D0%B0%D0%BA%D0%BE%D0%B2%D0%B0&imas=%D0%90%D0%BD%D0%BD%D0%B0&otchs=%D0%93%D0%B5%D0%BD%D0%BD%D0%B0%D0%B4%D1%8C%D0%B5%D0%B2%D0%BD%D0%B0,,,Рыбакова Анна Геннадьевна индолог
authority_identity,1,analytics_output/authority_review_queue.csv,3,PERS_d98da899,Рыжакова Светлана Игоревна,todo,Many talks and no external ID; Initials-only display name,https://elibrary.ru/authors.asp?fams=%D0%A0%D1%8B%D0%B6%D0%B0%D0%BA%D0%BE%D0%B2%D0%B0&imas=%D0%A1%D0%B2%D0%B5%D1%82%D0%BB%D0%B0%D0%BD%D0%B0&otchs=%D0%98%D0%B3%D0%BE%D1%80%D0%B5%D0%B2%D0%BD%D0%B0,,,Рыжакова Светлана Игоревна индолог
authority_identity,1,analytics_output/authority_review_queue.csv,62,PERS_db046be0,Сабирова Римма Наилевна,todo,Many talks and no external ID; Initials-only display name; Missing preferred Latin name,https://elibrary.ru/authors.asp?fams=%D0%A1%D0%B0%D0%B1%D0%B8%D1%80%D0%BE%D0%B2%D0%B0&imas=%D0%A0%D0%B8%D0%BC%D0%BC%D0%B0&otchs=%D0%9D%D0%B0%D0%B8%D0%BB%D0%B5%D0%B2%D0%BD%D0%B0,,,Сабирова Римма Наилевна индолог
authority_identity,1,analytics_output/authority_review_queue.csv,80,PERS_01aafd44,Сафина Наталья Алексеевна,todo,Many talks and no external ID; Initials-only display name; Missing preferred Latin name,https://elibrary.ru/authors.asp?fams=%D0%A1%D0%B0%D1%84%D0%B8%D0%BD%D0%B0&imas=%D0%9D%D0%B0%D1%82%D0%B0%D0%BB%D1%8C%D1%8F&otchs=%D0%90%D0%BB%D0%B5%D0%BA%D1%81%D0%B5%D0%B5%D0%B2%D0%BD%D0%B0,,,Сафина Наталья Алексеевна индолог
authority_identity,1,analytics_output/authority_review_queue.csv,9,PERS_3357f25b,Скороходова Татьяна Григорьевна,todo,Many talks and no external ID; Initials-only display name; Missing preferred Latin name,https://elibrary.ru/authors.asp?fams=%D0%A1%D0%BA%D0%BE%D1%80%D0%BE%D1%85%D0%BE%D0%B4%D0%BE%D0%B2%D0%B0&imas=%D0%A2%D0%B0%D1%82%D1%8C%D1%8F%D0%BD%D0%B0&otchs=%D0%93%D1%80%D0%B8%D0%B3%D0%BE%D1%80%D1%8C%D0%B5%D0%B2%D0%BD%D0%B0,,,Скороходова Татьяна Григорьевна индолог
authority_identity,1,analytics_output/authority_review_queue.csv,41,PERS_50d73711,Смирнитская Анна Александровна,todo,Many talks and no external ID; Initials-only display name,https://elibrary.ru/authors.asp?fams=%D0%A1%D0%BC%D0%B8%D1%80%D0%BD%D0%B8%D1%82%D1%81%D0%BA%D0%B0%D1%8F&imas=%D0%90%D0%BD%D0%BD%D0%B0&otchs=%D0%90%D0%BB%D0%B5%D0%BA%D1%81%D0%B0%D0%BD%D0%B4%D1%80%D0%BE%D0%B2%D0%BD%D0%B0,,,Смирнитская Анна Александровна индолог
authority_identity,1,analytics_output/authority_review_queue.csv,49,PERS_6441d568,Соболева Елена Станиславовна,todo,Many talks and no external ID; Initials-only display name; Missing preferred Latin name,https://elibrary.ru/authors.asp?fams=%D0%A1%D0%BE%D0%B1%D0%BE%D0%BB%D0%B5%D0%B2%D0%B0&imas=%D0%95%D0%BB%D0%B5%D0%BD%D0%B0&otchs=%D0%A1%D1%82%D0%B0%D0%BD%D0%B8%D1%81%D0%BB%D0%B0%D0%B2%D0%BE%D0%B2%D0%BD%D0%B0,,,Соболева Елена Станиславовна индолог
authority_identity,1,analytics_output/authority_review_queue.csv,57,PERS_5e2a5a5c,Столярова Екатерина Владимировна,todo,Many talks and no external ID; Initials-only display name; Missing preferred Latin name,https://elibrary.ru/authors.asp?fams=%D0%A1%D1%82%D0%BE%D0%BB%D1%8F%D1%80%D0%BE%D0%B2%D0%B0&imas=%D0%95%D0%BA%D0%B0%D1%82%D0%B5%D1%80%D0%B8%D0%BD%D0%B0&otchs=%D0%92%D0%BB%D0%B0%D0%B4%D0%B8%D0%BC%D0%B8%D1%80%D0%BE%D0%B2%D0%BD%D0%B0,,,Столярова Екатерина Владимировна индолог
authority_identity,1,analytics_output/authority_review_queue.csv,75,PERS_f940c5b3,Стрелкова Гюзэль Владимировна,todo,Many talks and no external ID; Initials-only display name; Missing preferred Latin name,https://elibrary.ru/authors.asp?fams=%D0%A1%D1%82%D1%80%D0%B5%D0%BB%D0%BA%D0%BE%D0%B2%D0%B0&imas=%D0%93%D1%8E%D0%B7%D1%8D%D0%BB%D1%8C&otchs=%D0%92%D0%BB%D0%B0%D0%B4%D0%B8%D0%BC%D0%B8%D1%80%D0%BE%D0%B2%D0%BD%D0%B0,,,Стрелкова Гюзэль Владимировна индолог
authority_identity,1,analytics_output/authority_review_queue.csv,67,PERS_7f908d49,Стрельцова Лилия Александровна,todo,Many talks and no external ID; Initials-only display name; Missing preferred Latin name,https://elibrary.ru/authors.asp?fams=%D0%A1%D1%82%D1%80%D0%B5%D0%BB%D1%8C%D1%86%D0%BE%D0%B2%D0%B0&imas=%D0%9B%D0%B8%D0%BB%D0%B8%D1%8F&otchs=%D0%90%D0%BB%D0%B5%D0%BA%D1%81%D0%B0%D0%BD%D0%B4%D1%80%D0%BE%D0%B2%D0%BD%D0%B0,,,Стрельцова Лилия Александровна индолог
authority_identity,1,analytics_output/authority_review_queue.csv,2,PERS_11da326d,Тавастшерна Сергей Сергеевич,todo,Many talks and no external ID; Initials-only display name,https://elibrary.ru/authors.asp?fams=%D0%A2%D0%B0%D0%B2%D0%B0%D1%81%D1%82%D1%88%D0%B5%D1%80%D0%BD%D0%B0&imas=%D0%A1%D0%B5%D1%80%D0%B3%D0%B5%D0%B9&otchs=%D0%A1%D0%B5%D1%80%D0%B3%D0%B5%D0%B5%D0%B2%D0%B8%D1%87,,,Тавастшерна Сергей Сергеевич индолог
authority_identity,1,analytics_output/authority_review_queue.csv,71,PERS_3074a8e5,Терентьев Андрей Анатольевич,todo,Many talks and no external ID; Initials-only display name; Missing preferred Latin name,https://elibrary.ru/authors.asp?fams=%D0%A2%D0%B5%D1%80%D0%B5%D0%BD%D1%82%D1%8C%D0%B5%D0%B2&imas=%D0%90%D0%BD%D0%B4%D1%80%D0%B5%D0%B9&otchs=%D0%90%D0%BD%D0%B0%D1%82%D0%BE%D0%BB%D1%8C%D0%B5%D0%B2%D0%B8%D1%87,,,Терентьев Андрей Анатольевич индолог
authority_identity,1,analytics_output/authority_review_queue.csv,59,PERS_0e0a154e,Титлин Лев Игоревич,todo,Many talks and no external ID; Initials-only display name,https://elibrary.ru/authors.asp?fams=%D0%A2%D0%B8%D1%82%D0%BB%D0%B8%D0%BD&imas=%D0%9B%D0%B5%D0%B2&otchs=%D0%98%D0%B3%D0%BE%D1%80%D0%B5%D0%B2%D0%B8%D1%87,,,Титлин Лев Игоревич индолог
authority_identity,1,analytics_output/authority_review_queue.csv,13,PERS_6578b52d,Тюлина Елена Владимировна,todo,Many talks and no external ID; Initials-only display name; Missing preferred Latin name,https://elibrary.ru/authors.asp?fams=%D0%A2%D1%8E%D0%BB%D0%B8%D0%BD%D0%B0&imas=%D0%95%D0%BB%D0%B5%D0%BD%D0%B0&otchs=%D0%92%D0%BB%D0%B0%D0%B4%D0%B8%D0%BC%D0%B8%D1%80%D0%BE%D0%B2%D0%BD%D0%B0,,,Тюлина Елена Владимировна индолог
authority_identity,1,analytics_output/authority_review_queue.csv,56,PERS_cfb92c5f,Уланский Евгений Андреевич,todo,Many talks and no external ID; Initials-only display name,https://elibrary.ru/authors.asp?fams=%D0%A3%D0%BB%D0%B0%D0%BD%D1%81%D0%BA%D0%B8%D0%B9&imas=%D0%95%D0%B2%D0%B3%D0%B5%D0%BD%D0%B8%D0%B9&otchs=%D0%90%D0%BD%D0%B4%D1%80%D0%B5%D0%B5%D0%B2%D0%B8%D1%87,,,Уланский Евгений Андреевич индолог
authority_identity,1,analytics_output/authority_review_queue.csv,68,PERS_3c7d41ac,Фомин Максим Сергеевич,todo,Many talks and no external ID; Initials-only display name; Missing preferred Latin name,https://elibrary.ru/authors.asp?fams=%D0%A4%D0%BE%D0%BC%D0%B8%D0%BD&imas=%D0%9C%D0%B0%D0%BA%D1%81%D0%B8%D0%BC&otchs=%D0%A1%D0%B5%D1%80%D0%B3%D0%B5%D0%B5%D0%B2%D0%B8%D1%87,,,Фомин Максим Сергеевич индолог
authority_identity,1,analytics_output/authority_review_queue.csv,60,PERS_92f293f8,Хрущева Полина Викторовна,todo,Many talks and no external ID; Initials-only display name; Missing preferred Latin name,https://elibrary.ru/authors.asp?fams=%D0%A5%D1%80%D1%83%D1%89%D0%B5%D0%B2%D0%B0&imas=%D0%9F%D0%BE%D0%BB%D0%B8%D0%BD%D0%B0&otchs=%D0%92%D0%B8%D0%BA%D1%82%D0%BE%D1%80%D0%BE%D0%B2%D0%BD%D0%B0,,,Хрущева Полина Викторовна индолог
authority_identity,1,analytics_output/authority_review_queue.csv,34,PERS_91b473b1,Челнокова Анна Витальевна,todo,Many talks and no external ID; Initials-only display name; Missing preferred Latin name,https://elibrary.ru/authors.asp?fams=%D0%A7%D0%B5%D0%BB%D0%BD%D0%BE%D0%BA%D0%BE%D0%B2%D0%B0&imas=%D0%90%D0%BD%D0%BD%D0%B0&otchs=%D0%92%D0%B8%D1%82%D0%B0%D0%BB%D1%8C%D0%B5%D0%B2%D0%BD%D0%B0,,,Челнокова Анна Витальевна индолог
authority_identity,1,analytics_output/authority_review_queue.csv,45,PERS_a84aedaa,Шомахмадов Сафарали Хайбуллоевич,todo,Many talks and no external ID; Initials-only display name; Missing preferred Latin name,https://elibrary.ru/authors.asp?fams=%D0%A8%D0%BE%D0%BC%D0%B0%D1%85%D0%BC%D0%B0%D0%B4%D0%BE%D0%B2&imas=%D0%A1%D0%B0%D1%84%D0%B0%D1%80%D0%B0%D0%BB%D0%B8&otchs=%D0%A5%D0%B0%D0%B9%D0%B1%D1%83%D0%BB%D0%BB%D0%BE%D0%B5%D0%B2%D0%B8%D1%87,,,Шомахмадов Сафарали Хайбуллоевич индолог
authority_identity,1,analytics_output/authority_review_queue.csv,29,PERS_b8bade8d,Шрестха Кришна Пракаш,todo,Many talks and no external ID; Missing preferred Latin name,https://elibrary.ru/authors.asp?fams=%D0%A8%D1%80%D0%B5%D1%81%D1%82%D1%85%D0%B0&imas=%D0%9A%D1%80%D0%B8%D1%88%D0%BD%D0%B0&otchs=%D0%9F%D1%80%D0%B0%D0%BA%D0%B0%D1%88,,,Шрестха Кришна Пракаш индолог
authority_identity,1,analytics_output/authority_review_queue.csv,17,PERS_e9545a0b,Шустова Алла Михайловна,todo,Many talks and no external ID; Initials-only display name; Missing preferred Latin name,https://elibrary.ru/authors.asp?fams=%D0%A8%D1%83%D1%81%D1%82%D0%BE%D0%B2%D0%B0&imas=%D0%90%D0%BB%D0%BB%D0%B0&otchs=%D0%9C%D0%B8%D1%85%D0%B0%D0%B9%D0%BB%D0%BE%D0%B2%D0%BD%D0%B0,,,Шустова Алла Михайловна индолог
authority_identity,1,analytics_output/authority_review_queue.csv,27,PERS_8e117242,Юдицкая Екатерина Алексеевна,todo,Many talks and no external ID; Initials-only display name,https://elibrary.ru/authors.asp?fams=%D0%AE%D0%B4%D0%B8%D1%86%D0%BA%D0%B0%D1%8F&imas=%D0%95%D0%BA%D0%B0%D1%82%D0%B5%D1%80%D0%B8%D0%BD%D0%B0&otchs=%D0%90%D0%BB%D0%B5%D0%BA%D1%81%D0%B5%D0%B5%D0%B2%D0%BD%D0%B0,,,Юдицкая Екатерина Алексеевна индолог
authority_identity,1,analytics_output/authority_review_queue.csv,46,PERS_0ca995ac,Яковлев Виктор Михайлович,todo,Many talks and no external ID; Initials-only display name; Missing preferred Latin name,https://elibrary.ru/authors.asp?fams=%D0%AF%D0%BA%D0%BE%D0%B2%D0%BB%D0%B5%D0%B2&imas=%D0%92%D0%B8%D0%BA%D1%82%D0%BE%D1%80&otchs=%D0%9C%D0%B8%D1%85%D0%B0%D0%B9%D0%BB%D0%BE%D0%B2%D0%B8%D1%87,,,Яковлев Виктор Михайлович индолог
authority_identity,2,analytics_output/authority_review_queue.csv,134,PERS_800ac07e,А. А. Нейвирт,todo,Active scholar and no external ID; Initials-only display name; Missing preferred Latin name,https://elibrary.ru/authors.asp?fams=%D0%9D%D0%B5%D0%B9%D0%B2%D0%B8%D1%80%D1%82&imas=%D0%90&otchs=%D0%90,,,А. А. Нейвирт индолог
authority_identity,2,analytics_output/authority_review_queue.csv,167,PERS_b9a0e40c,А. В. Осокин,todo,Active scholar and no external ID; Initials-only display name; Missing preferred Latin name,https://elibrary.ru/authors.asp?fams=%D0%9E%D1%81%D0%BE%D0%BA%D0%B8%D0%BD&imas=%D0%90&otchs=%D0%92,,,А. В. Осокин индолог
authority_identity,2,analytics_output/authority_review_queue.csv,138,PERS_3ccc9bd7,А. Солька,todo,Active scholar and no external ID; Initials-only display name; Missing preferred Latin name,https://elibrary.ru/authors.asp?fams=%D0%A1%D0%BE%D0%BB%D1%8C%D0%BA%D0%B0&imas=%D0%90,,,А. Солька индолог
authority_identity,2,analytics_output/authority_review_queue.csv,174,PERS_c1cc76b9,А. Я. Таран,todo,Active scholar and no external ID; Initials-only display name; Missing preferred Latin name,https://elibrary.ru/authors.asp?fams=%D0%A2%D0%B0%D1%80%D0%B0%D0%BD&imas=%D0%90&otchs=%D0%AF,,,А. Я. Таран индолог
authority_identity,2,analytics_output/authority_review_queue.csv,176,PERS_f1a308b7,Абинякин Владимир Александрович,todo,Active scholar and no external ID; Initials-only display name; Missing preferred Latin name,https://elibrary.ru/authors.asp?fams=%D0%90%D0%B1%D0%B8%D0%BD%D1%8F%D0%BA%D0%B8%D0%BD&imas=%D0%92%D0%BB%D0%B0%D0%B4%D0%B8%D0%BC%D0%B8%D1%80&otchs=%D0%90%D0%BB%D0%B5%D0%BA%D1%81%D0%B0%D0%BD%D0%B4%D1%80%D0%BE%D0%B2%D0%B8%D1%87,,,Абинякин Владимир Александрович индолог
authority_identity,2,analytics_output/authority_review_queue.csv,208,PERS_3d4df70f,Акимушкина Екатерина Олеговна,todo,Active scholar and no external ID; Initials-only display name; Missing preferred Latin name,https://elibrary.ru/authors.asp?fams=%D0%90%D0%BA%D0%B8%D0%BC%D1%83%D1%88%D0%BA%D0%B8%D0%BD%D0%B0&imas=%D0%95%D0%BA%D0%B0%D1%82%D0%B5%D1%80%D0%B8%D0%BD%D0%B0&otchs=%D0%9E%D0%BB%D0%B5%D0%B3%D0%BE%D0%B2%D0%BD%D0%B0,,,Акимушкина Екатерина Олеговна индолог
authority_identity,2,analytics_output/authority_review_queue.csv,84,PERS_f074f69f,Александрова Наталия Владимировна,todo,Initials-only display name,https://elibrary.ru/authors.asp?fams=%D0%90%D0%BB%D0%B5%D0%BA%D1%81%D0%B0%D0%BD%D0%B4%D1%80%D0%BE%D0%B2%D0%B0&imas=%D0%9D%D0%B0%D1%82%D0%B0%D0%BB%D0%B8%D1%8F&otchs=%D0%92%D0%BB%D0%B0%D0%B4%D0%B8%D0%BC%D0%B8%D1%80%D0%BE%D0%B2%D0%BD%D0%B0,,,Александрова Наталия Владимировна индолог
authority_identity,2,analytics_output/authority_review_queue.csv,216,PERS_51e0a171,Алешина Ирина Евгеньевна,todo,Active scholar and no external ID; Initials-only display name; Missing preferred Latin name,https://elibrary.ru/authors.asp?fams=%D0%90%D0%BB%D0%B5%D1%88%D0%B8%D0%BD%D0%B0&imas=%D0%98%D1%80%D0%B8%D0%BD%D0%B0&otchs=%D0%95%D0%B2%D0%B3%D0%B5%D0%BD%D1%8C%D0%B5%D0%B2%D0%BD%D0%B0,,,Алешина Ирина Евгеньевна индолог
authority_identity,2,analytics_output/authority_review_queue.csv,142,PERS_37d557c2,Анисимова Дарья Дмитриевна,todo,Active scholar and no external ID; Initials-only display name; Missing preferred Latin name,https://elibrary.ru/authors.asp?fams=%D0%90%D0%BD%D0%B8%D1%81%D0%B8%D0%BC%D0%BE%D0%B2%D0%B0&imas=%D0%94%D0%B0%D1%80%D1%8C%D1%8F&otchs=%D0%94%D0%BC%D0%B8%D1%82%D1%80%D0%B8%D0%B5%D0%B2%D0%BD%D0%B0,,,Анисимова Дарья Дмитриевна индолог
authority_identity,2,analytics_output/authority_review_queue.csv,162,PERS_180c5e5c,Арапов Александр Владиленович,todo,Active scholar and no external ID; Initials-only display name; Missing preferred Latin name,https://elibrary.ru/authors.asp?fams=%D0%90%D1%80%D0%B0%D0%BF%D0%BE%D0%B2&imas=%D0%90%D0%BB%D0%B5%D0%BA%D1%81%D0%B0%D0%BD%D0%B4%D1%80&otchs=%D0%92%D0%BB%D0%B0%D0%B4%D0%B8%D0%BB%D0%B5%D0%BD%D0%BE%D0%B2%D0%B8%D1%87,,,Арапов Александр Владиленович индолог
authority_identity,2,analytics_output/authority_review_queue.csv,91,PERS_05d56645,Бабин Александр Николаевич,todo,Initials-only display name,https://elibrary.ru/authors.asp?fams=%D0%91%D0%B0%D0%B1%D0%B8%D0%BD&imas=%D0%90%D0%BB%D0%B5%D0%BA%D1%81%D0%B0%D0%BD%D0%B4%D1%80&otchs=%D0%9D%D0%B8%D0%BA%D0%BE%D0%BB%D0%B0%D0%B5%D0%B2%D0%B8%D1%87,,,Бабин Александр Николаевич индолог
authority_identity,2,analytics_output/authority_review_queue.csv,102,PERS_bff5de3e,Бейнорюс Аудрюс,todo,Active scholar and no external ID; Initials-only display name; Missing preferred Latin name,https://elibrary.ru/authors.asp?fams=%D0%91%D0%B5%D0%B9%D0%BD%D0%BE%D1%80%D1%8E%D1%81&imas=%D0%90%D1%83%D0%B4%D1%80%D1%8E%D1%81,,,Бейнорюс Аудрюс индолог
authority_identity,2,analytics_output/authority_review_queue.csv,184,PERS_4a0de87e,Белимова Влада Сергеевна,todo,Active scholar and no external ID; Initials-only display name; Missing preferred Latin name,https://elibrary.ru/authors.asp?fams=%D0%91%D0%B5%D0%BB%D0%B8%D0%BC%D0%BE%D0%B2%D0%B0&imas=%D0%92%D0%BB%D0%B0%D0%B4%D0%B0&otchs=%D0%A1%D0%B5%D1%80%D0%B3%D0%B5%D0%B5%D0%B2%D0%BD%D0%B0,,,Белимова Влада Сергеевна индолог
authority_identity,2,analytics_output/authority_review_queue.csv,183,PERS_61de659d,Белов Владимир Николаевич,todo,Active scholar and no external ID; Initials-only display name; Missing preferred Latin name,https://elibrary.ru/authors.asp?fams=%D0%91%D0%B5%D0%BB%D0%BE%D0%B2&imas=%D0%92%D0%BB%D0%B0%D0%B4%D0%B8%D0%BC%D0%B8%D1%80&otchs=%D0%9D%D0%B8%D0%BA%D0%BE%D0%BB%D0%B0%D0%B5%D0%B2%D0%B8%D1%87,,,Белов Владимир Николаевич индолог
authority_identity,2,analytics_output/authority_review_queue.csv,159,PERS_c31236d2,Березкин Юрий Евгеньевич,todo,Active scholar and no external ID; Initials-only display name; Missing preferred Latin name,https://elibrary.ru/authors.asp?fams=%D0%91%D0%B5%D1%80%D0%B5%D0%B7%D0%BA%D0%B8%D0%BD&imas=%D0%AE%D1%80%D0%B8%D0%B9&otchs=%D0%95%D0%B2%D0%B3%D0%B5%D0%BD%D1%8C%D0%B5%D0%B2%D0%B8%D1%87,,,Березкин Юрий Евгеньевич индолог
authority_identity,2,analytics_output/authority_review_queue.csv,267,PERS_d01427ca,Бещук Юлия Владимировна,todo,Active scholar and no external ID; Initials-only display name; Missing preferred Latin name,https://elibrary.ru/authors.asp?fams=%D0%91%D0%B5%D1%89%D1%83%D0%BA&imas=%D0%AE%D0%BB%D0%B8%D1%8F&otchs=%D0%92%D0%BB%D0%B0%D0%B4%D0%B8%D0%BC%D0%B8%D1%80%D0%BE%D0%B2%D0%BD%D0%B0,,,Бещук Юлия Владимировна индолог
authority_identity,2,analytics_output/authority_review_queue.csv,154,PERS_18fcab2a,Блиндерман Радха Тимуровна,todo,Active scholar and no external ID; Initials-only display name; Missing preferred Latin name,https://elibrary.ru/authors.asp?fams=%D0%91%D0%BB%D0%B8%D0%BD%D0%B4%D0%B5%D1%80%D0%BC%D0%B0%D0%BD&imas=%D0%A0%D0%B0%D0%B4%D1%85%D0%B0&otchs=%D0%A2%D0%B8%D0%BC%D1%83%D1%80%D0%BE%D0%B2%D0%BD%D0%B0,,,Блиндерман Радха Тимуровна индолог
authority_identity,2,analytics_output/authority_review_queue.csv,152,PERS_96b8b195,Боголюбов Михаил Николаевич,todo,Active scholar and no external ID; Initials-only display name; Missing preferred Latin name,https://elibrary.ru/authors.asp?fams=%D0%91%D0%BE%D0%B3%D0%BE%D0%BB%D1%8E%D0%B1%D0%BE%D0%B2&imas=%D0%9C%D0%B8%D1%85%D0%B0%D0%B8%D0%BB&otchs=%D0%9D%D0%B8%D0%BA%D0%BE%D0%BB%D0%B0%D0%B5%D0%B2%D0%B8%D1%87,,,Боголюбов Михаил Николаевич индолог
authority_identity,2,analytics_output/authority_review_queue.csv,163,PERS_2011b78d,Бондарев Алексей Владимирович,todo,Active scholar and no external ID; Initials-only display name; Missing preferred Latin name,https://elibrary.ru/authors.asp?fams=%D0%91%D0%BE%D0%BD%D0%B4%D0%B0%D1%80%D0%B5%D0%B2&imas=%D0%90%D0%BB%D0%B5%D0%BA%D1%81%D0%B5%D0%B9&otchs=%D0%92%D0%BB%D0%B0%D0%B4%D0%B8%D0%BC%D0%B8%D1%80%D0%BE%D0%B2%D0%B8%D1%87,,,Бондарев Алексей Владимирович индолог
authority_identity,2,analytics_output/authority_review_queue.csv,269,PERS_dfaf6803,Борисов Яков Александрович,todo,Active scholar and no external ID; Initials-only display name; Missing preferred Latin name,https://elibrary.ru/authors.asp?fams=%D0%91%D0%BE%D1%80%D0%B8%D1%81%D0%BE%D0%B2&imas=%D0%AF%D0%BA%D0%BE%D0%B2&otchs=%D0%90%D0%BB%D0%B5%D0%BA%D1%81%D0%B0%D0%BD%D0%B4%D1%80%D0%BE%D0%B2%D0%B8%D1%87,,,Борисов Яков Александрович индолог
authority_identity,2,analytics_output/authority_review_queue.csv,228,PERS_88e5311f,Босхомджиев Мерген Владимирович,todo,Active scholar and no external ID; Initials-only display name; Missing preferred Latin name,https://elibrary.ru/authors.asp?fams=%D0%91%D0%BE%D1%81%D1%85%D0%BE%D0%BC%D0%B4%D0%B6%D0%B8%D0%B5%D0%B2&imas=%D0%9C%D0%B5%D1%80%D0%B3%D0%B5%D0%BD&otchs=%D0%92%D0%BB%D0%B0%D0%B4%D0%B8%D0%BC%D0%B8%D1%80%D0%BE%D0%B2%D0%B8%D1%87,,,Босхомджиев Мерген Владимирович индолог
authority_identity,2,analytics_output/authority_review_queue.csv,238,PERS_7efcddc6,Брылёва Наталья Анатольевна,todo,Active scholar and no external ID; Initials-only display name; Missing preferred Latin name,https://elibrary.ru/authors.asp?fams=%D0%91%D1%80%D1%8B%D0%BB%D1%91%D0%B2%D0%B0&imas=%D0%9D%D0%B0%D1%82%D0%B0%D0%BB%D1%8C%D1%8F&otchs=%D0%90%D0%BD%D0%B0%D1%82%D0%BE%D0%BB%D1%8C%D0%B5%D0%B2%D0%BD%D0%B0,,,Брылёва Наталья Анатольевна индолог
authority_identity,2,analytics_output/authority_review_queue.csv,108,PERS_30b54681,Бушуев Евгений Сергеевич,todo,Active scholar and no external ID; Initials-only display name; Missing preferred Latin name,https://elibrary.ru/authors.asp?fams=%D0%91%D1%83%D1%88%D1%83%D0%B5%D0%B2&imas=%D0%95%D0%B2%D0%B3%D0%B5%D0%BD%D0%B8%D0%B9&otchs=%D0%A1%D0%B5%D1%80%D0%B3%D0%B5%D0%B5%D0%B2%D0%B8%D1%87,,,Бушуев Евгений Сергеевич индолог
authority_identity,2,analytics_output/authority_review_queue.csv,119,PERS_f7c7adc7,В. В. Донских,todo,Active scholar and no external ID; Initials-only display name; Missing preferred Latin name,https://elibrary.ru/authors.asp?fams=%D0%94%D0%BE%D0%BD%D1%81%D0%BA%D0%B8%D1%85&imas=%D0%92&otchs=%D0%92,,,В. В. Донских индолог
authority_identity,2,analytics_output/authority_review_queue.csv,101,PERS_40375fef,Васильев Алексей Константинович,todo,Active scholar and no external ID; Initials-only display name; Missing preferred Latin name,https://elibrary.ru/authors.asp?fams=%D0%92%D0%B0%D1%81%D0%B8%D0%BB%D1%8C%D0%B5%D0%B2&imas=%D0%90%D0%BB%D0%B5%D0%BA%D1%81%D0%B5%D0%B9&otchs=%D0%9A%D0%BE%D0%BD%D1%81%D1%82%D0%B0%D0%BD%D1%82%D0%B8%D0%BD%D0%BE%D0%B2%D0%B8%D1%87,,,Васильев Алексей Константинович индолог
authority_identity,2,analytics_output/authority_review_queue.csv,248,PERS_2c9b38ec,Ватман Семён Викторович,todo,Active scholar and no external ID; Initials-only display name; Missing preferred Latin name,https://elibrary.ru/authors.asp?fams=%D0%92%D0%B0%D1%82%D0%BC%D0%B0%D0%BD&imas=%D0%A1%D0%B5%D0%BC%D1%91%D0%BD&otchs=%D0%92%D0%B8%D0%BA%D1%82%D0%BE%D1%80%D0%BE%D0%B2%D0%B8%D1%87,,,Ватман Семён Викторович индолог
authority_identity,2,analytics_output/authority_review_queue.csv,266,PERS_23f54085,Введенская Эльвира Игоревна,todo,Active scholar and no external ID; Initials-only display name; Missing preferred Latin name,https://elibrary.ru/authors.asp?fams=%D0%92%D0%B2%D0%B5%D0%B4%D0%B5%D0%BD%D1%81%D0%BA%D0%B0%D1%8F&imas=%D0%AD%D0%BB%D1%8C%D0%B2%D0%B8%D1%80%D0%B0&otchs=%D0%98%D0%B3%D0%BE%D1%80%D0%B5%D0%B2%D0%BD%D0%B0,,,Введенская Эльвира Игоревна индолог
authority_identity,2,analytics_output/authority_review_queue.csv,89,PERS_e31ca12d,Вечерина Ольга Павловна,todo,Initials-only display name,https://elibrary.ru/authors.asp?fams=%D0%92%D0%B5%D1%87%D0%B5%D1%80%D0%B8%D0%BD%D0%B0&imas=%D0%9E%D0%BB%D1%8C%D0%B3%D0%B0&otchs=%D0%9F%D0%B0%D0%B2%D0%BB%D0%BE%D0%B2%D0%BD%D0%B0,,,Вечерина Ольга Павловна индолог
authority_identity,2,analytics_output/authority_review_queue.csv,243,PERS_a8983673,Вигель Нарине Липаритовна,todo,Active scholar and no external ID; Initials-only display name; Missing preferred Latin name,https://elibrary.ru/authors.asp?fams=%D0%92%D0%B8%D0%B3%D0%B5%D0%BB%D1%8C&imas=%D0%9D%D0%B0%D1%80%D0%B8%D0%BD%D0%B5&otchs=%D0%9B%D0%B8%D0%BF%D0%B0%D1%80%D0%B8%D1%82%D0%BE%D0%B2%D0%BD%D0%B0,,,Вигель Нарине Липаритовна индолог
authority_identity,2,analytics_output/authority_review_queue.csv,185,PERS_e8396809,Вишну Шукла,todo,Active scholar and no external ID; Initials-only display name; Missing preferred Latin name,https://elibrary.ru/authors.asp?fams=%D0%92%D0%B8%D1%88%D0%BD%D1%83&imas=%D0%A8%D1%83%D0%BA%D0%BB%D0%B0,,,Вишну Шукла индолог
authority_identity,2,analytics_output/authority_review_queue.csv,192,PERS_e4aab278,Возчиков Дмитрий Викторович,todo,Active scholar and no external ID; Initials-only display name; Missing preferred Latin name,https://elibrary.ru/authors.asp?fams=%D0%92%D0%BE%D0%B7%D1%87%D0%B8%D0%BA%D0%BE%D0%B2&imas=%D0%94%D0%BC%D0%B8%D1%82%D1%80%D0%B8%D0%B9&otchs=%D0%92%D0%B8%D0%BA%D1%82%D0%BE%D1%80%D0%BE%D0%B2%D0%B8%D1%87,,,Возчиков Дмитрий Викторович индолог
authority_identity,2,analytics_output/authority_review_queue.csv,90,PERS_41d6aa73,Воробьева Дарья Николаевна,todo,Initials-only display name,https://elibrary.ru/authors.asp?fams=%D0%92%D0%BE%D1%80%D0%BE%D0%B1%D1%8C%D0%B5%D0%B2%D0%B0&imas=%D0%94%D0%B0%D1%80%D1%8C%D1%8F&otchs=%D0%9D%D0%B8%D0%BA%D0%BE%D0%BB%D0%B0%D0%B5%D0%B2%D0%BD%D0%B0,,,Воробьева Дарья Николаевна индолог
authority_identity,2,analytics_output/authority_review_queue.csv,196,PERS_e30ad8b7,Гавриков Денис Сергеевич,todo,Active scholar and no external ID; Initials-only display name; Missing preferred Latin name,https://elibrary.ru/authors.asp?fams=%D0%93%D0%B0%D0%B2%D1%80%D0%B8%D0%BA%D0%BE%D0%B2&imas=%D0%94%D0%B5%D0%BD%D0%B8%D1%81&otchs=%D0%A1%D0%B5%D1%80%D0%B3%D0%B5%D0%B5%D0%B2%D0%B8%D1%87,,,Гавриков Денис Сергеевич индолог
authority_identity,2,analytics_output/authority_review_queue.csv,264,PERS_68270eaf,Галимова Эльмира Валитовна,todo,Active scholar and no external ID; Initials-only display name; Missing preferred Latin name,https://elibrary.ru/authors.asp?fams=%D0%93%D0%B0%D0%BB%D0%B8%D0%BC%D0%BE%D0%B2%D0%B0&imas=%D0%AD%D0%BB%D1%8C%D0%BC%D0%B8%D1%80%D0%B0&otchs=%D0%92%D0%B0%D0%BB%D0%B8%D1%82%D0%BE%D0%B2%D0%BD%D0%B0,,,Галимова Эльмира Валитовна индолог
authority_identity,2,analytics_output/authority_review_queue.csv,95,PERS_8516d1e4,Гасунс Марцис Юрьевич,todo,Initials-only display name,https://elibrary.ru/authors.asp?fams=%D0%93%D0%B0%D1%81%D1%83%D0%BD%D1%81&imas=%D0%9C%D0%B0%D1%80%D1%86%D0%B8%D1%81&otchs=%D0%AE%D1%80%D1%8C%D0%B5%D0%B2%D0%B8%D1%87,,,Гасунс Марцис Юрьевич индолог
authority_identity,2,analytics_output/authority_review_queue.csv,169,PERS_51524b11,Гладкова Анна Геннадьевна,todo,Active scholar and no external ID; Initials-only display name; Missing preferred Latin name,https://elibrary.ru/authors.asp?fams=%D0%93%D0%BB%D0%B0%D0%B4%D0%BA%D0%BE%D0%B2%D0%B0&imas=%D0%90%D0%BD%D0%BD%D0%B0&otchs=%D0%93%D0%B5%D0%BD%D0%BD%D0%B0%D0%B4%D1%8C%D0%B5%D0%B2%D0%BD%D0%B0,,,Гладкова Анна Геннадьевна индолог
authority_identity,2,analytics_output/authority_review_queue.csv,188,PERS_44440578,Грановская Хелена,todo,Active scholar and no external ID; Initials-only display name; Missing preferred Latin name,https://elibrary.ru/authors.asp?fams=%D0%93%D1%80%D0%B0%D0%BD%D0%BE%D0%B2%D1%81%D0%BA%D0%B0%D1%8F&imas=%D0%A5%D0%B5%D0%BB%D0%B5%D0%BD%D0%B0,,,Грановская Хелена индолог
authority_identity,2,analytics_output/authority_review_queue.csv,240,PERS_cac87738,Гузеватая Наталья Владимировна,todo,Active scholar and no external ID; Initials-only display name; Missing preferred Latin name,https://elibrary.ru/authors.asp?fams=%D0%93%D1%83%D0%B7%D0%B5%D0%B2%D0%B0%D1%82%D0%B0%D1%8F&imas=%D0%9D%D0%B0%D1%82%D0%B0%D0%BB%D1%8C%D1%8F&otchs=%D0%92%D0%BB%D0%B0%D0%B4%D0%B8%D0%BC%D0%B8%D1%80%D0%BE%D0%B2%D0%BD%D0%B0,,,Гузеватая Наталья Владимировна индолог
authority_identity,2,analytics_output/authority_review_queue.csv,191,PERS_940c556e,Д. А. Шереметьев,todo,Active scholar and no external ID; Initials-only display name; Missing preferred Latin name,https://elibrary.ru/authors.asp?fams=%D0%A8%D0%B5%D1%80%D0%B5%D0%BC%D0%B5%D1%82%D1%8C%D0%B5%D0%B2&imas=%D0%94&otchs=%D0%90,,,Д. А. Шереметьев индолог
authority_identity,2,analytics_output/authority_review_queue.csv,193,PERS_d018b6eb,Д. Валанчюнас,todo,Active scholar and no external ID; Initials-only display name; Missing preferred Latin name,https://elibrary.ru/authors.asp?fams=%D0%92%D0%B0%D0%BB%D0%B0%D0%BD%D1%87%D1%8E%D0%BD%D0%B0%D1%81&imas=%D0%94,,,Д. Валанчюнас индолог
authority_identity,2,analytics_output/authority_review_queue.csv,179,PERS_ee3448c3,Деменова Виктория Владимировна,todo,Active scholar and no external ID; Initials-only display name; Missing preferred Latin name,https://elibrary.ru/authors.asp?fams=%D0%94%D0%B5%D0%BC%D0%B5%D0%BD%D0%BE%D0%B2%D0%B0&imas=%D0%92%D0%B8%D0%BA%D1%82%D0%BE%D1%80%D0%B8%D1%8F&otchs=%D0%92%D0%BB%D0%B0%D0%B4%D0%B8%D0%BC%D0%B8%D1%80%D0%BE%D0%B2%D0%BD%D0%B0,,,Деменова Виктория Владимировна индолог
authority_identity,2,analytics_output/authority_review_queue.csv,147,PERS_7da0afff,Демичев Кирилл Андреевич,todo,Active scholar and no external ID; Initials-only display name; Missing preferred Latin name,https://elibrary.ru/authors.asp?fams=%D0%94%D0%B5%D0%BC%D0%B8%D1%87%D0%B5%D0%B2&imas=%D0%9A%D0%B8%D1%80%D0%B8%D0%BB%D0%BB&otchs=%D0%90%D0%BD%D0%B4%D1%80%D0%B5%D0%B5%D0%B2%D0%B8%D1%87,,,Демичев Кирилл Андреевич индолог
authority_identity,2,analytics_output/authority_review_queue.csv,181,PERS_85a048b8,Денисенко Валерия Леонтьевна,todo,Active scholar and no external ID; Initials-only display name; Missing preferred Latin name,https://elibrary.ru/authors.asp?fams=%D0%94%D0%B5%D0%BD%D0%B8%D1%81%D0%B5%D0%BD%D0%BA%D0%BE&imas=%D0%92%D0%B0%D0%BB%D0%B5%D1%80%D0%B8%D1%8F&otchs=%D0%9B%D0%B5%D0%BE%D0%BD%D1%82%D1%8C%D0%B5%D0%B2%D0%BD%D0%B0,,,Денисенко Валерия Леонтьевна индолог
authority_identity,2,analytics_output/authority_review_queue.csv,177,PERS_5f6689e8,Дмитриева Виктория Алексеевна,todo,Active scholar and no external ID; Initials-only display name; Missing preferred Latin name,https://elibrary.ru/authors.asp?fams=%D0%94%D0%BC%D0%B8%D1%82%D1%80%D0%B8%D0%B5%D0%B2%D0%B0&imas=%D0%92%D0%B8%D0%BA%D1%82%D0%BE%D1%80%D0%B8%D1%8F&otchs=%D0%90%D0%BB%D0%B5%D0%BA%D1%81%D0%B5%D0%B5%D0%B2%D0%BD%D0%B0,,,Дмитриева Виктория Алексеевна индолог
authority_identity,2,analytics_output/authority_review_queue.csv,172,PERS_c2ffc606,Драчук Андрей Олегович,todo,Active scholar and no external ID; Initials-only display name; Missing preferred Latin name,https://elibrary.ru/authors.asp?fams=%D0%94%D1%80%D0%B0%D1%87%D1%83%D0%BA&imas=%D0%90%D0%BD%D0%B4%D1%80%D0%B5%D0%B9&otchs=%D0%9E%D0%BB%D0%B5%D0%B3%D0%BE%D0%B2%D0%B8%D1%87,,,Драчук Андрей Олегович индолог
authority_identity,2,analytics_output/authority_review_queue.csv,121,PERS_bcaec2d8,Дружинин Владимир Юрьевич,todo,Active scholar and no external ID; Initials-only display name; Missing preferred Latin name,https://elibrary.ru/authors.asp?fams=%D0%94%D1%80%D1%83%D0%B6%D0%B8%D0%BD%D0%B8%D0%BD&imas=%D0%92%D0%BB%D0%B0%D0%B4%D0%B8%D0%BC%D0%B8%D1%80&otchs=%D0%AE%D1%80%D1%8C%D0%B5%D0%B2%D0%B8%D1%87,,,Дружинин Владимир Юрьевич индолог
authority_identity,2,analytics_output/authority_review_queue.csv,87,PERS_1fa7cc0c,Дубянский Александр Михайлович,todo,Initials-only display name,https://elibrary.ru/authors.asp?fams=%D0%94%D1%83%D0%B1%D1%8F%D0%BD%D1%81%D0%BA%D0%B8%D0%B9&imas=%D0%90%D0%BB%D0%B5%D0%BA%D1%81%D0%B0%D0%BD%D0%B4%D1%80&otchs=%D0%9C%D0%B8%D1%85%D0%B0%D0%B9%D0%BB%D0%BE%D0%B2%D0%B8%D1%87,,,Дубянский Александр Михайлович индолог
authority_identity,2,analytics_output/authority_review_queue.csv,104,PERS_b6d1bf05,Дылыкова Вилена Санджиевна,todo,Active scholar and no external ID; Initials-only display name; Missing preferred Latin name,https://elibrary.ru/authors.asp?fams=%D0%94%D1%8B%D0%BB%D1%8B%D0%BA%D0%BE%D0%B2%D0%B0&imas=%D0%92%D0%B8%D0%BB%D0%B5%D0%BD%D0%B0&otchs=%D0%A1%D0%B0%D0%BD%D0%B4%D0%B6%D0%B8%D0%B5%D0%B2%D0%BD%D0%B0,,,Дылыкова Вилена Санджиевна индолог
authority_identity,2,analytics_output/authority_review_queue.csv,198,PERS_4831e64b,Е. Анохина,todo,Active scholar and no external ID; Initials-only display name; Missing preferred Latin name,https://elibrary.ru/authors.asp?fams=%D0%90%D0%BD%D0%BE%D1%85%D0%B8%D0%BD%D0%B0&imas=%D0%95,,,Е. Анохина индолог
authority_identity,2,analytics_output/authority_review_queue.csv,199,PERS_14dec06b,Е. Б. Кудрявцева,todo,Active scholar and no external ID; Initials-only display name; Missing preferred Latin name,https://elibrary.ru/authors.asp?fams=%D0%9A%D1%83%D0%B4%D1%80%D1%8F%D0%B2%D1%86%D0%B5%D0%B2%D0%B0&imas=%D0%95&otchs=%D0%91,,,Е. Б. Кудрявцева индолог
authority_identity,2,analytics_output/authority_review_queue.csv,205,PERS_04a4bbbb,Е. И. Малоземова,todo,Active scholar and no external ID; Initials-only display name; Missing preferred Latin name,https://elibrary.ru/authors.asp?fams=%D0%9C%D0%B0%D0%BB%D0%BE%D0%B7%D0%B5%D0%BC%D0%BE%D0%B2%D0%B0&imas=%D0%95&otchs=%D0%98,,,Е. И. Малоземова индолог
authority_identity,2,analytics_output/authority_review_queue.csv,206,PERS_e8f935aa,Е. К. Кудрявцева,todo,Active scholar and no external ID; Initials-only display name; Missing preferred Latin name,https://elibrary.ru/authors.asp?fams=%D0%9A%D1%83%D0%B4%D1%80%D1%8F%D0%B2%D1%86%D0%B5%D0%B2%D0%B0&imas=%D0%95&otchs=%D0%9A,,,Е. К. Кудрявцева индолог
authority_identity,2,analytics_output/authority_review_queue.csv,207,PERS_5d38cbae,Е. Н. Аникеева,todo,Active scholar and no external ID; Initials-only display name; Missing preferred Latin name,https://elibrary.ru/authors.asp?fams=%D0%90%D0%BD%D0%B8%D0%BA%D0%B5%D0%B5%D0%B2%D0%B0&imas=%D0%95&otchs=%D0%9D,,,Е. Н. Аникеева индолог
authority_identity,2,analytics_output/authority_review_queue.csv,189,PERS_79ed852e,Евграфов Д. А.,todo,Active scholar and no external ID; Initials-only display name; Missing preferred Latin name,https://elibrary.ru/authors.asp?fams=%D0%95%D0%B2%D0%B3%D1%80%D0%B0%D1%84%D0%BE%D0%B2&imas=%D0%94&otchs=%D0%90,,,Евграфов Д. А. индолог
authority_identity,2,analytics_output/authority_review_queue.csv,149,PERS_35c57654,Егорова Мария Александровна,todo,Active scholar and no external ID; Initials-only display name; Missing preferred Latin name,https://elibrary.ru/authors.asp?fams=%D0%95%D0%B3%D0%BE%D1%80%D0%BE%D0%B2%D0%B0&imas=%D0%9C%D0%B0%D1%80%D0%B8%D1%8F&otchs=%D0%90%D0%BB%D0%B5%D0%BA%D1%81%D0%B0%D0%BD%D0%B4%D1%80%D0%BE%D0%B2%D0%BD%D0%B0,,,Егорова Мария Александровна индолог
authority_identity,2,analytics_output/authority_review_queue.csv,258,PERS_2f26a47a,Елизаренкова Татьяна Яковлевна,todo,Initials-only display name; Missing preferred Latin name,https://elibrary.ru/authors.asp?fams=%D0%95%D0%BB%D0%B8%D0%B7%D0%B0%D1%80%D0%B5%D0%BD%D0%BA%D0%BE%D0%B2%D0%B0&imas=%D0%A2%D0%B0%D1%82%D1%8C%D1%8F%D0%BD%D0%B0&otchs=%D0%AF%D0%BA%D0%BE%D0%B2%D0%BB%D0%B5%D0%B2%D0%BD%D0%B0,,,Елизаренкова Татьяна Яковлевна индолог
authority_identity,2,analytics_output/authority_review_queue.csv,115,PERS_06ee047f,Елихина Юлия Игоревна,todo,Active scholar and no external ID; Initials-only display name; Missing preferred Latin name,https://elibrary.ru/authors.asp?fams=%D0%95%D0%BB%D0%B8%D1%85%D0%B8%D0%BD%D0%B0&imas=%D0%AE%D0%BB%D0%B8%D1%8F&otchs=%D0%98%D0%B3%D0%BE%D1%80%D0%B5%D0%B2%D0%BD%D0%B0,,,Елихина Юлия Игоревна индолог
authority_identity,2,analytics_output/authority_review_queue.csv,113,PERS_38c5f03f,Железнова Наталья Анатольевна,todo,Active scholar and no external ID; Initials-only display name; Missing preferred Latin name,https://elibrary.ru/authors.asp?fams=%D0%96%D0%B5%D0%BB%D0%B5%D0%B7%D0%BD%D0%BE%D0%B2%D0%B0&imas=%D0%9D%D0%B0%D1%82%D0%B0%D0%BB%D1%8C%D1%8F&otchs=%D0%90%D0%BD%D0%B0%D1%82%D0%BE%D0%BB%D1%8C%D0%B5%D0%B2%D0%BD%D0%B0,,,Железнова Наталья Анатольевна индолог
authority_identity,2,analytics_output/authority_review_queue.csv,111,PERS_f56c5a7e,Жукова Любовь Евгеньевна,todo,Active scholar and no external ID; Initials-only display name; Missing preferred Latin name,https://elibrary.ru/authors.asp?fams=%D0%96%D1%83%D0%BA%D0%BE%D0%B2%D0%B0&imas=%D0%9B%D1%8E%D0%B1%D0%BE%D0%B2%D1%8C&otchs=%D0%95%D0%B2%D0%B3%D0%B5%D0%BD%D1%8C%D0%B5%D0%B2%D0%BD%D0%B0,,,Жукова Любовь Евгеньевна индолог
authority_identity,2,analytics_output/authority_review_queue.csv,164,PERS_36c30cf9,Загорулько Андрей Владиславович,todo,Active scholar and no external ID; Initials-only display name; Missing preferred Latin name,https://elibrary.ru/authors.asp?fams=%D0%97%D0%B0%D0%B3%D0%BE%D1%80%D1%83%D0%BB%D1%8C%D0%BA%D0%BE&imas=%D0%90%D0%BD%D0%B4%D1%80%D0%B5%D0%B9&otchs=%D0%92%D0%BB%D0%B0%D0%B4%D0%B8%D1%81%D0%BB%D0%B0%D0%B2%D0%BE%D0%B2%D0%B8%D1%87,,,Загорулько Андрей Владиславович индолог
authority_identity,2,analytics_output/authority_review_queue.csv,203,PERS_94f33410,Застрожнова Евгения Григорьевна,todo,Active scholar and no external ID; Initials-only display name; Missing preferred Latin name,https://elibrary.ru/authors.asp?fams=%D0%97%D0%B0%D1%81%D1%82%D1%80%D0%BE%D0%B6%D0%BD%D0%BE%D0%B2%D0%B0&imas=%D0%95%D0%B2%D0%B3%D0%B5%D0%BD%D0%B8%D1%8F&otchs=%D0%93%D1%80%D0%B8%D0%B3%D0%BE%D1%80%D1%8C%D0%B5%D0%B2%D0%BD%D0%B0,,,Застрожнова Евгения Григорьевна индолог
authority_identity,2,analytics_output/authority_review_queue.csv,257,PERS_900efc73,Зевацкий Тимофей Юрьевич,todo,Active scholar and no external ID; Initials-only display name; Missing preferred Latin name,https://elibrary.ru/authors.asp?fams=%D0%97%D0%B5%D0%B2%D0%B0%D1%86%D0%BA%D0%B8%D0%B9&imas=%D0%A2%D0%B8%D0%BC%D0%BE%D1%84%D0%B5%D0%B9&otchs=%D0%AE%D1%80%D1%8C%D0%B5%D0%B2%D0%B8%D1%87,,,Зевацкий Тимофей Юрьевич индолог
authority_identity,2,analytics_output/authority_review_queue.csv,215,PERS_a4c4c35e,И. В. Калинина,todo,Active scholar and no external ID; Initials-only display name; Missing preferred Latin name,https://elibrary.ru/authors.asp?fams=%D0%9A%D0%B0%D0%BB%D0%B8%D0%BD%D0%B8%D0%BD%D0%B0&imas=%D0%98&otchs=%D0%92,,,И. В. Калинина индолог
authority_identity,2,analytics_output/authority_review_queue.csv,146,PERS_c5aeda15,И. Урнова,todo,Active scholar and no external ID; Initials-only display name; Missing preferred Latin name,https://elibrary.ru/authors.asp?fams=%D0%A3%D1%80%D0%BD%D0%BE%D0%B2%D0%B0&imas=%D0%98,,,И. Урнова индолог
authority_identity,2,analytics_output/authority_review_queue.csv,231,PERS_f1f2471d,Игнатова Мария Михайловна,todo,Active scholar and no external ID; Initials-only display name; Missing preferred Latin name,https://elibrary.ru/authors.asp?fams=%D0%98%D0%B3%D0%BD%D0%B0%D1%82%D0%BE%D0%B2%D0%B0&imas=%D0%9C%D0%B0%D1%80%D0%B8%D1%8F&otchs=%D0%9C%D0%B8%D1%85%D0%B0%D0%B9%D0%BB%D0%BE%D0%B2%D0%BD%D0%B0,,,Игнатова Мария Михайловна индолог
authority_identity,2,analytics_output/authority_review_queue.csv,214,PERS_c582889e,Иткин Илья Борисович,todo,Active scholar and no external ID; Initials-only display name; Missing preferred Latin name,https://elibrary.ru/authors.asp?fams=%D0%98%D1%82%D0%BA%D0%B8%D0%BD&imas=%D0%98%D0%BB%D1%8C%D1%8F&otchs=%D0%91%D0%BE%D1%80%D0%B8%D1%81%D0%BE%D0%B2%D0%B8%D1%87,,,Иткин Илья Борисович индолог
authority_identity,2,analytics_output/authority_review_queue.csv,220,PERS_1955e9e8,К. Гаралите,todo,Active scholar and no external ID; Initials-only display name; Missing preferred Latin name,https://elibrary.ru/authors.asp?fams=%D0%93%D0%B0%D1%80%D0%B0%D0%BB%D0%B8%D1%82%D0%B5&imas=%D0%9A,,,К. Гаралите индолог
authority_identity,2,analytics_output/authority_review_queue.csv,222,PERS_045c435e,К. Джункова,todo,Active scholar and no external ID; Initials-only display name; Missing preferred Latin name,https://elibrary.ru/authors.asp?fams=%D0%94%D0%B6%D1%83%D0%BD%D0%BA%D0%BE%D0%B2%D0%B0&imas=%D0%9A,,,К. Джункова индолог
authority_identity,2,analytics_output/authority_review_queue.csv,118,PERS_a1484b38,Кавалевская Анна Петровна,todo,Active scholar and no external ID; Initials-only display name; Missing preferred Latin name,https://elibrary.ru/authors.asp?fams=%D0%9A%D0%B0%D0%B2%D0%B0%D0%BB%D0%B5%D0%B2%D1%81%D0%BA%D0%B0%D1%8F&imas=%D0%90%D0%BD%D0%BD%D0%B0&otchs=%D0%9F%D0%B5%D1%82%D1%80%D0%BE%D0%B2%D0%BD%D0%B0,,,Кавалевская Анна Петровна индолог
authority_identity,2,analytics_output/authority_review_queue.csv,173,PERS_37c15317,Калина А. Э.,todo,Active scholar and no external ID; Initials-only display name; Missing preferred Latin name,https://elibrary.ru/authors.asp?fams=%D0%9A%D0%B0%D0%BB%D0%B8%D0%BD%D0%B0&imas=%D0%90&otchs=%D0%AD,,,Калина А. Э. индолог
authority_identity,2,analytics_output/authority_review_queue.csv,96,PERS_efc88709,Канаева Наталия Алексеевна,todo,Initials-only display name,https://elibrary.ru/authors.asp?fams=%D0%9A%D0%B0%D0%BD%D0%B0%D0%B5%D0%B2%D0%B0&imas=%D0%9D%D0%B0%D1%82%D0%B0%D0%BB%D0%B8%D1%8F&otchs=%D0%90%D0%BB%D0%B5%D0%BA%D1%81%D0%B5%D0%B5%D0%B2%D0%BD%D0%B0,,,Канаева Наталия Алексеевна индолог
authority_identity,2,analytics_output/authority_review_queue.csv,249,PERS_4ebb20aa,Кардинская Светлана Владленовна,todo,Active scholar and no external ID; Initials-only display name; Missing preferred Latin name,https://elibrary.ru/authors.asp?fams=%D0%9A%D0%B0%D1%80%D0%B4%D0%B8%D0%BD%D1%81%D0%BA%D0%B0%D1%8F&imas=%D0%A1%D0%B2%D0%B5%D1%82%D0%BB%D0%B0%D0%BD%D0%B0&otchs=%D0%92%D0%BB%D0%B0%D0%B4%D0%BB%D0%B5%D0%BD%D0%BE%D0%B2%D0%BD%D0%B0,,,Кардинская Светлана Владленовна индолог
authority_identity,2,analytics_output/authority_review_queue.csv,212,PERS_fe03c926,Карышева Ирина Александровна,todo,Active scholar and no external ID; Initials-only display name; Missing preferred Latin name,https://elibrary.ru/authors.asp?fams=%D0%9A%D0%B0%D1%80%D1%8B%D1%88%D0%B5%D0%B2%D0%B0&imas=%D0%98%D1%80%D0%B8%D0%BD%D0%B0&otchs=%D0%90%D0%BB%D0%B5%D0%BA%D1%81%D0%B0%D0%BD%D0%B4%D1%80%D0%BE%D0%B2%D0%BD%D0%B0,,,Карышева Ирина Александровна индолог
authority_identity,2,analytics_output/authority_review_queue.csv,250,PERS_92f41884,Касым Софья Васильевна,todo,Active scholar and no external ID; Initials-only display name; Missing preferred Latin name,https://elibrary.ru/authors.asp?fams=%D0%9A%D0%B0%D1%81%D1%8B%D0%BC&imas=%D0%A1%D0%BE%D1%84%D1%8C%D1%8F&otchs=%D0%92%D0%B0%D1%81%D0%B8%D0%BB%D1%8C%D0%B5%D0%B2%D0%BD%D0%B0,,,Касым Софья Васильевна индолог
authority_identity,2,analytics_output/authority_review_queue.csv,200,PERS_fb73fb38,Кешарпу Екатерина Витальевна,todo,Active scholar and no external ID; Initials-only display name; Missing preferred Latin name,https://elibrary.ru/authors.asp?fams=%D0%9A%D0%B5%D1%88%D0%B0%D1%80%D0%BF%D1%83&imas=%D0%95%D0%BA%D0%B0%D1%82%D0%B5%D1%80%D0%B8%D0%BD%D0%B0&otchs=%D0%92%D0%B8%D1%82%D0%B0%D0%BB%D1%8C%D0%B5%D0%B2%D0%BD%D0%B0,,,Кешарпу Екатерина Витальевна индолог
authority_identity,2,analytics_output/authority_review_queue.csv,165,PERS_d17a6a92,Киняева А. В.,todo,Active scholar and no external ID; Initials-only display name; Missing preferred Latin name,https://elibrary.ru/authors.asp?fams=%D0%9A%D0%B8%D0%BD%D1%8F%D0%B5%D0%B2%D0%B0&imas=%D0%90&otchs=%D0%92,,,Киняева А. В. индолог
authority_identity,2,analytics_output/authority_review_queue.csv,160,PERS_467d4dbb,Клебанов Андрей Александрович,todo,Active scholar and no external ID; Initials-only display name; Missing preferred Latin name,https://elibrary.ru/authors.asp?fams=%D0%9A%D0%BB%D0%B5%D0%B1%D0%B0%D0%BD%D0%BE%D0%B2&imas=%D0%90%D0%BD%D0%B4%D1%80%D0%B5%D0%B9&otchs=%D0%90%D0%BB%D0%B5%D0%BA%D1%81%D0%B0%D0%BD%D0%B4%D1%80%D0%BE%D0%B2%D0%B8%D1%87,,,Клебанов Андрей Александрович индолог
authority_identity,2,analytics_output/authority_review_queue.csv,110,PERS_3009a9e0,Коган Антон Ильич,todo,Active scholar and no external ID; Missing preferred Latin name,https://elibrary.ru/authors.asp?fams=%D0%9A%D0%BE%D0%B3%D0%B0%D0%BD&imas=%D0%90%D0%BD%D1%82%D0%BE%D0%BD&otchs=%D0%98%D0%BB%D1%8C%D0%B8%D1%87,,,Коган Антон Ильич индолог
authority_identity,2,analytics_output/authority_review_queue.csv,233,PERS_d6ade703,Кожевникова Маргарита Николаевна,todo,Active scholar and no external ID; Initials-only display name; Missing preferred Latin name,https://elibrary.ru/authors.asp?fams=%D0%9A%D0%BE%D0%B6%D0%B5%D0%B2%D0%BD%D0%B8%D0%BA%D0%BE%D0%B2%D0%B0&imas=%D0%9C%D0%B0%D1%80%D0%B3%D0%B0%D1%80%D0%B8%D1%82%D0%B0&otchs=%D0%9D%D0%B8%D0%BA%D0%BE%D0%BB%D0%B0%D0%B5%D0%B2%D0%BD%D0%B0,,,Кожевникова Маргарита Николаевна индолог
authority_identity,2,analytics_output/authority_review_queue.csv,157,PERS_fc976255,Комаров Эрик Наумович,todo,Active scholar and no external ID; Initials-only display name; Missing preferred Latin name,https://elibrary.ru/authors.asp?fams=%D0%9A%D0%BE%D0%BC%D0%B0%D1%80%D0%BE%D0%B2&imas=%D0%AD%D1%80%D0%B8%D0%BA&otchs=%D0%9D%D0%B0%D1%83%D0%BC%D0%BE%D0%B2%D0%B8%D1%87,,,Комаров Эрик Наумович индолог
authority_identity,2,analytics_output/authority_review_queue.csv,94,PERS_93e2effb,Комиссаров Дмитрий Алексеевич,todo,Initials-only display name,https://elibrary.ru/authors.asp?fams=%D0%9A%D0%BE%D0%BC%D0%B8%D1%81%D1%81%D0%B0%D1%80%D0%BE%D0%B2&imas=%D0%94%D0%BC%D0%B8%D1%82%D1%80%D0%B8%D0%B9&otchs=%D0%90%D0%BB%D0%B5%D0%BA%D1%81%D0%B5%D0%B5%D0%B2%D0%B8%D1%87,,,Комиссаров Дмитрий Алексеевич индолог
authority_identity,2,analytics_output/authority_review_queue.csv,125,PERS_3fd690ee,Комиссарук Екатерина Львовна,todo,Active scholar and no external ID; Initials-only display name; Missing preferred Latin name,https://elibrary.ru/authors.asp?fams=%D0%9A%D0%BE%D0%BC%D0%B8%D1%81%D1%81%D0%B0%D1%80%D1%83%D0%BA&imas=%D0%95%D0%BA%D0%B0%D1%82%D0%B5%D1%80%D0%B8%D0%BD%D0%B0&otchs=%D0%9B%D1%8C%D0%B2%D0%BE%D0%B2%D0%BD%D0%B0,,,Комиссарук Екатерина Львовна индолог
authority_identity,2,analytics_output/authority_review_queue.csv,106,PERS_45a76880,Кораблин Денис Александрович,todo,Active scholar and no external ID; Initials-only display name; Missing preferred Latin name,https://elibrary.ru/authors.asp?fams=%D0%9A%D0%BE%D1%80%D0%B0%D0%B1%D0%BB%D0%B8%D0%BD&imas=%D0%94%D0%B5%D0%BD%D0%B8%D1%81&otchs=%D0%90%D0%BB%D0%B5%D0%BA%D1%81%D0%B0%D0%BD%D0%B4%D1%80%D0%BE%D0%B2%D0%B8%D1%87,,,Кораблин Денис Александрович индолог
authority_identity,2,analytics_output/authority_review_queue.csv,186,PERS_bd77e495,Корнеев Геннадий Батыревич,todo,Active scholar and no external ID; Initials-only display name; Missing preferred Latin name,https://elibrary.ru/authors.asp?fams=%D0%9A%D0%BE%D1%80%D0%BD%D0%B5%D0%B5%D0%B2&imas=%D0%93%D0%B5%D0%BD%D0%BD%D0%B0%D0%B4%D0%B8%D0%B9&otchs=%D0%91%D0%B0%D1%82%D1%8B%D1%80%D0%B5%D0%B2%D0%B8%D1%87,,,Корнеев Геннадий Батыревич индолог
authority_identity,2,analytics_output/authority_review_queue.csv,83,PERS_40862f5e,Корнеева Наталья Афанасьевна,todo,Initials-only display name,https://elibrary.ru/authors.asp?fams=%D0%9A%D0%BE%D1%80%D0%BD%D0%B5%D0%B5%D0%B2%D0%B0&imas=%D0%9D%D0%B0%D1%82%D0%B0%D0%BB%D1%8C%D1%8F&otchs=%D0%90%D1%84%D0%B0%D0%BD%D0%B0%D1%81%D1%8C%D0%B5%D0%B2%D0%BD%D0%B0,,,Корнеева Наталья Афанасьевна индолог
authority_identity,2,analytics_output/authority_review_queue.csv,255,PERS_af811d47,Корнеева Татьяна Георгиевна,todo,Active scholar and no external ID; Initials-only display name; Missing preferred Latin name,https://elibrary.ru/authors.asp?fams=%D0%9A%D0%BE%D1%80%D0%BD%D0%B5%D0%B5%D0%B2%D0%B0&imas=%D0%A2%D0%B0%D1%82%D1%8C%D1%8F%D0%BD%D0%B0&otchs=%D0%93%D0%B5%D0%BE%D1%80%D0%B3%D0%B8%D0%B5%D0%B2%D0%BD%D0%B0,,,Корнеева Татьяна Георгиевна индолог
authority_identity,2,analytics_output/authority_review_queue.csv,210,PERS_3f406fe3,Кравцова Е. Р.,todo,Active scholar and no external ID; Initials-only display name; Missing preferred Latin name,https://elibrary.ru/authors.asp?fams=%D0%9A%D1%80%D0%B0%D0%B2%D1%86%D0%BE%D0%B2%D0%B0&imas=%D0%95&otchs=%D0%A0,,,Кравцова Е. Р. индолог
authority_identity,2,analytics_output/authority_review_queue.csv,247,PERS_f5a69b65,Кройцер Светлана Александровна,todo,Active scholar and no external ID; Initials-only display name; Missing preferred Latin name,https://elibrary.ru/authors.asp?fams=%D0%9A%D1%80%D0%BE%D0%B9%D1%86%D0%B5%D1%80&imas=%D0%A1%D0%B2%D0%B5%D1%82%D0%BB%D0%B0%D0%BD%D0%B0&otchs=%D0%90%D0%BB%D0%B5%D0%BA%D1%81%D0%B0%D0%BD%D0%B4%D1%80%D0%BE%D0%B2%D0%BD%D0%B0,,,Кройцер Светлана Александровна индолог
authority_identity,2,analytics_output/authority_review_queue.csv,92,PERS_72506535,Крылова Анастасия Сергеевна,todo,Initials-only display name,https://elibrary.ru/authors.asp?fams=%D0%9A%D1%80%D1%8B%D0%BB%D0%BE%D0%B2%D0%B0&imas=%D0%90%D0%BD%D0%B0%D1%81%D1%82%D0%B0%D1%81%D0%B8%D1%8F&otchs=%D0%A1%D0%B5%D1%80%D0%B3%D0%B5%D0%B5%D0%B2%D0%BD%D0%B0,,,Крылова Анастасия Сергеевна индолог
authority_identity,2,analytics_output/authority_review_queue.csv,223,PERS_9366fe2c,Крыштоп Людмила Эдуардовна,todo,Active scholar and no external ID; Initials-only display name; Missing preferred Latin name,https://elibrary.ru/authors.asp?fams=%D0%9A%D1%80%D1%8B%D1%88%D1%82%D0%BE%D0%BF&imas=%D0%9B%D1%8E%D0%B4%D0%BC%D0%B8%D0%BB%D0%B0&otchs=%D0%AD%D0%B4%D1%83%D0%B0%D1%80%D0%B4%D0%BE%D0%B2%D0%BD%D0%B0,,,Крыштоп Людмила Эдуардовна индолог
authority_identity,2,analytics_output/authority_review_queue.csv,211,PERS_6f89f9c1,Крючкова Евгения Родионовна,todo,Active scholar and no external ID; Initials-only display name; Missing preferred Latin name,https://elibrary.ru/authors.asp?fams=%D0%9A%D1%80%D1%8E%D1%87%D0%BA%D0%BE%D0%B2%D0%B0&imas=%D0%95%D0%B2%D0%B3%D0%B5%D0%BD%D0%B8%D1%8F&otchs=%D0%A0%D0%BE%D0%B4%D0%B8%D0%BE%D0%BD%D0%BE%D0%B2%D0%BD%D0%B0,,,Крючкова Евгения Родионовна индолог
authority_identity,2,analytics_output/authority_review_queue.csv,99,PERS_cdbd7a15,Кулланда Сергей Всеволодович,todo,Initials-only display name,https://elibrary.ru/authors.asp?fams=%D0%9A%D1%83%D0%BB%D0%BB%D0%B0%D0%BD%D0%B4%D0%B0&imas=%D0%A1%D0%B5%D1%80%D0%B3%D0%B5%D0%B9&otchs=%D0%92%D1%81%D0%B5%D0%B2%D0%BE%D0%BB%D0%BE%D0%B4%D0%BE%D0%B2%D0%B8%D1%87,,,Кулланда Сергей Всеволодович индолог
authority_identity,2,analytics_output/authority_review_queue.csv,217,PERS_29607432,Лапшин Иван Евгеньевич,todo,Active scholar and no external ID; Initials-only display name; Missing preferred Latin name,https://elibrary.ru/authors.asp?fams=%D0%9B%D0%B0%D0%BF%D1%88%D0%B8%D0%BD&imas=%D0%98%D0%B2%D0%B0%D0%BD&otchs=%D0%95%D0%B2%D0%B3%D0%B5%D0%BD%D1%8C%D0%B5%D0%B2%D0%B8%D1%87,,,Лапшин Иван Евгеньевич индолог
authority_identity,2,analytics_output/authority_review_queue.csv,265,PERS_07adc1e6,Лейтан Эдгар Зигфридович,todo,Active scholar and no external ID; Initials-only display name; Missing preferred Latin name,https://elibrary.ru/authors.asp?fams=%D0%9B%D0%B5%D0%B9%D1%82%D0%B0%D0%BD&imas=%D0%AD%D0%B4%D0%B3%D0%B0%D1%80&otchs=%D0%97%D0%B8%D0%B3%D1%84%D1%80%D0%B8%D0%B4%D0%BE%D0%B2%D0%B8%D1%87,,,Лейтан Эдгар Зигфридович индолог
authority_identity,2,analytics_output/authority_review_queue.csv,107,PERS_9e9c9566,Лекарева Ева Павловна,todo,Active scholar and no external ID; Initials-only display name; Missing preferred Latin name,https://elibrary.ru/authors.asp?fams=%D0%9B%D0%B5%D0%BA%D0%B0%D1%80%D0%B5%D0%B2%D0%B0&imas=%D0%95%D0%B2%D0%B0&otchs=%D0%9F%D0%B0%D0%B2%D0%BB%D0%BE%D0%B2%D0%BD%D0%B0,,,Лекарева Ева Павловна индолог
authority_identity,2,analytics_output/authority_review_queue.csv,109,PERS_cb52ebc2,Лемешкина Ксения Вячеславовна,todo,Active scholar and no external ID; Initials-only display name; Missing preferred Latin name,https://elibrary.ru/authors.asp?fams=%D0%9B%D0%B5%D0%BC%D0%B5%D1%88%D0%BA%D0%B8%D0%BD%D0%B0&imas=%D0%9A%D1%81%D0%B5%D0%BD%D0%B8%D1%8F&otchs=%D0%92%D1%8F%D1%87%D0%B5%D1%81%D0%BB%D0%B0%D0%B2%D0%BE%D0%B2%D0%BD%D0%B0,,,Лемешкина Ксения Вячеславовна индолог
authority_identity,2,analytics_output/authority_review_queue.csv,112,PERS_587b08ec,Леонов Михаил Васильевич,todo,Active scholar and no external ID; Initials-only display name; Missing preferred Latin name,https://elibrary.ru/authors.asp?fams=%D0%9B%D0%B5%D0%BE%D0%BD%D0%BE%D0%B2&imas=%D0%9C%D0%B8%D1%85%D0%B0%D0%B8%D0%BB&otchs=%D0%92%D0%B0%D1%81%D0%B8%D0%BB%D1%8C%D0%B5%D0%B2%D0%B8%D1%87,,,Леонов Михаил Васильевич индолог
authority_identity,2,analytics_output/authority_review_queue.csv,88,PERS_e1dd6b3e,Лидова Наталья Ростиславовна,todo,Initials-only display name,https://elibrary.ru/authors.asp?fams=%D0%9B%D0%B8%D0%B4%D0%BE%D0%B2%D0%B0&imas=%D0%9D%D0%B0%D1%82%D0%B0%D0%BB%D1%8C%D1%8F&otchs=%D0%A0%D0%BE%D1%81%D1%82%D0%B8%D1%81%D0%BB%D0%B0%D0%B2%D0%BE%D0%B2%D0%BD%D0%B0,,,Лидова Наталья Ростиславовна индолог
authority_identity,2,analytics_output/authority_review_queue.csv,132,PERS_8df81b6d,Лужинская Полина Александровна,todo,Active scholar and no external ID; Initials-only display name; Missing preferred Latin name,https://elibrary.ru/authors.asp?fams=%D0%9B%D1%83%D0%B6%D0%B8%D0%BD%D1%81%D0%BA%D0%B0%D1%8F&imas=%D0%9F%D0%BE%D0%BB%D0%B8%D0%BD%D0%B0&otchs=%D0%90%D0%BB%D0%B5%D0%BA%D1%81%D0%B0%D0%BD%D0%B4%D1%80%D0%BE%D0%B2%D0%BD%D0%B0,,,Лужинская Полина Александровна индолог
authority_identity,2,analytics_output/authority_review_queue.csv,245,PERS_ebc1c3c2,Лундышева Ольга Владимировна,todo,Active scholar and no external ID; Initials-only display name; Missing preferred Latin name,https://elibrary.ru/authors.asp?fams=%D0%9B%D1%83%D0%BD%D0%B4%D1%8B%D1%88%D0%B5%D0%B2%D0%B0&imas=%D0%9E%D0%BB%D1%8C%D0%B3%D0%B0&otchs=%D0%92%D0%BB%D0%B0%D0%B4%D0%B8%D0%BC%D0%B8%D1%80%D0%BE%D0%B2%D0%BD%D0%B0,,,Лундышева Ольга Владимировна индолог
authority_identity,2,analytics_output/authority_review_queue.csv,156,PERS_d4c2cc5e,Лучина Татьяна Владимировна,todo,Active scholar and no external ID; Initials-only display name; Missing preferred Latin name,https://elibrary.ru/authors.asp?fams=%D0%9B%D1%83%D1%87%D0%B8%D0%BD%D0%B0&imas=%D0%A2%D0%B0%D1%82%D1%8C%D1%8F%D0%BD%D0%B0&otchs=%D0%92%D0%BB%D0%B0%D0%B4%D0%B8%D0%BC%D0%B8%D1%80%D0%BE%D0%B2%D0%BD%D0%B0,,,Лучина Татьяна Владимировна индолог
authority_identity,2,analytics_output/authority_review_queue.csv,86,PERS_12125da9,Лысенко Виктория Георгиевна,todo,Initials-only display name,https://elibrary.ru/authors.asp?fams=%D0%9B%D1%8B%D1%81%D0%B5%D0%BD%D0%BA%D0%BE&imas=%D0%92%D0%B8%D0%BA%D1%82%D0%BE%D1%80%D0%B8%D1%8F&otchs=%D0%93%D0%B5%D0%BE%D1%80%D0%B3%D0%B8%D0%B5%D0%B2%D0%BD%D0%B0,,,Лысенко Виктория Георгиевна индолог
authority_identity,2,analytics_output/authority_review_queue.csv,224,PERS_ddb70dc9,М. А. Азаркина,todo,Initials-only display name; Missing preferred Latin name,https://elibrary.ru/authors.asp?fams=%D0%90%D0%B7%D0%B0%D1%80%D0%BA%D0%B8%D0%BD%D0%B0&imas=%D0%9C&otchs=%D0%90,,,М. А. Азаркина индолог
authority_identity,2,analytics_output/authority_review_queue.csv,225,PERS_57082cac,М. А. Овчинникова,todo,Active scholar and no external ID; Initials-only display name; Missing preferred Latin name,https://elibrary.ru/authors.asp?fams=%D0%9E%D0%B2%D1%87%D0%B8%D0%BD%D0%BD%D0%B8%D0%BA%D0%BE%D0%B2%D0%B0&imas=%D0%9C&otchs=%D0%90,,,М. А. Овчинникова индолог
authority_identity,2,analytics_output/authority_review_queue.csv,229,PERS_d851ac20,М. В. Вершинина,todo,Active scholar and no external ID; Initials-only display name; Missing preferred Latin name,https://elibrary.ru/authors.asp?fams=%D0%92%D0%B5%D1%80%D1%88%D0%B8%D0%BD%D0%B8%D0%BD%D0%B0&imas=%D0%9C&otchs=%D0%92,,,М. В. Вершинина индолог
authority_identity,2,analytics_output/authority_review_queue.csv,230,PERS_ba537782,М. И. Петрова,todo,Active scholar and no external ID; Initials-only display name; Missing preferred Latin name,https://elibrary.ru/authors.asp?fams=%D0%9F%D0%B5%D1%82%D1%80%D0%BE%D0%B2%D0%B0&imas=%D0%9C&otchs=%D0%98,,,М. И. Петрова индолог
authority_identity,2,analytics_output/authority_review_queue.csv,232,PERS_0900c3c4,М. М. Фиалко,todo,Active scholar and no external ID; Initials-only display name; Missing preferred Latin name,https://elibrary.ru/authors.asp?fams=%D0%A4%D0%B8%D0%B0%D0%BB%D0%BA%D0%BE&imas=%D0%9C&otchs=%D0%9C,,,М. М. Фиалко индолог
authority_identity,2,analytics_output/authority_review_queue.csv,234,PERS_cea040bb,М. Рамдхари,todo,Active scholar and no external ID; Initials-only display name; Missing preferred Latin name,https://elibrary.ru/authors.asp?fams=%D0%A0%D0%B0%D0%BC%D0%B4%D1%85%D0%B0%D1%80%D0%B8&imas=%D0%9C,,,М. Рамдхари индолог
authority_identity,2,analytics_output/authority_review_queue.csv,254,PERS_e1d622e5,Мажитов Саттар Фазылович,todo,Active scholar and no external ID; Initials-only display name; Missing preferred Latin name,https://elibrary.ru/authors.asp?fams=%D0%9C%D0%B0%D0%B6%D0%B8%D1%82%D0%BE%D0%B2&imas=%D0%A1%D0%B0%D1%82%D1%82%D0%B0%D1%80&otchs=%D0%A4%D0%B0%D0%B7%D1%8B%D0%BB%D0%BE%D0%B2%D0%B8%D1%87,,,Мажитов Саттар Фазылович индолог
authority_identity,2,analytics_output/authority_review_queue.csv,103,PERS_69750b7c,Мазурина Валентина Николаевна,todo,Active scholar and no external ID; Initials-only display name; Missing preferred Latin name,https://elibrary.ru/authors.asp?fams=%D0%9C%D0%B0%D0%B7%D1%83%D1%80%D0%B8%D0%BD%D0%B0&imas=%D0%92%D0%B0%D0%BB%D0%B5%D0%BD%D1%82%D0%B8%D0%BD%D0%B0&otchs=%D0%9D%D0%B8%D0%BA%D0%BE%D0%BB%D0%B0%D0%B5%D0%B2%D0%BD%D0%B0,,,Мазурина Валентина Николаевна индолог
authority_identity,2,analytics_output/authority_review_queue.csv,235,PERS_e15e7491,Макмахуна Шеймас,todo,Active scholar and no external ID; Initials-only display name; Missing preferred Latin name,https://elibrary.ru/authors.asp?fams=%D0%9C%D0%B0%D0%BA%D0%BC%D0%B0%D1%85%D1%83%D0%BD%D0%B0&imas=%D0%A8%D0%B5%D0%B9%D0%BC%D0%B0%D1%81,,,Макмахуна Шеймас индолог
authority_identity,2,analytics_output/authority_review_queue.csv,145,PERS_68e9019d,Малютин Иван Иванович,todo,Active scholar and no external ID; Initials-only display name; Missing preferred Latin name,https://elibrary.ru/authors.asp?fams=%D0%9C%D0%B0%D0%BB%D1%8E%D1%82%D0%B8%D0%BD&imas=%D0%98%D0%B2%D0%B0%D0%BD&otchs=%D0%98%D0%B2%D0%B0%D0%BD%D0%BE%D0%B2%D0%B8%D1%87,,,Малютин Иван Иванович индолог
authority_identity,2,analytics_output/authority_review_queue.csv,236,PERS_ce100d3f,Мария Шилинскене,todo,Active scholar and no external ID; Initials-only display name; Missing preferred Latin name,https://elibrary.ru/authors.asp?fams=%D0%9C%D0%B0%D1%80%D0%B8%D1%8F&imas=%D0%A8%D0%B8%D0%BB%D0%B8%D0%BD%D1%81%D0%BA%D0%B5%D0%BD%D0%B5,,,Мария Шилинскене индолог
authority_identity,2,analytics_output/authority_review_queue.csv,151,PERS_52d3f72c,Мейтарчиян Маргарита Борисовна,todo,Active scholar and no external ID; Initials-only display name; Missing preferred Latin name,https://elibrary.ru/authors.asp?fams=%D0%9C%D0%B5%D0%B9%D1%82%D0%B0%D1%80%D1%87%D0%B8%D1%8F%D0%BD&imas=%D0%9C%D0%B0%D1%80%D0%B3%D0%B0%D1%80%D0%B8%D1%82%D0%B0&otchs=%D0%91%D0%BE%D1%80%D0%B8%D1%81%D0%BE%D0%B2%D0%BD%D0%B0,,,Мейтарчиян Маргарита Борисовна индолог
authority_identity,2,analytics_output/authority_review_queue.csv,153,PERS_2e00cb36,Меренкова Ольга Николаевна,todo,Active scholar and no external ID; Initials-only display name; Missing preferred Latin name,https://elibrary.ru/authors.asp?fams=%D0%9C%D0%B5%D1%80%D0%B5%D0%BD%D0%BA%D0%BE%D0%B2%D0%B0&imas=%D0%9E%D0%BB%D1%8C%D0%B3%D0%B0&otchs=%D0%9D%D0%B8%D0%BA%D0%BE%D0%BB%D0%B0%D0%B5%D0%B2%D0%BD%D0%B0,,,Меренкова Ольга Николаевна индолог
authority_identity,2,analytics_output/authority_review_queue.csv,130,PERS_4fff9d16,Минаева Маргарита Денисовна,todo,Active scholar and no external ID; Initials-only display name; Missing preferred Latin name,https://elibrary.ru/authors.asp?fams=%D0%9C%D0%B8%D0%BD%D0%B0%D0%B5%D0%B2%D0%B0&imas=%D0%9C%D0%B0%D1%80%D0%B3%D0%B0%D1%80%D0%B8%D1%82%D0%B0&otchs=%D0%94%D0%B5%D0%BD%D0%B8%D1%81%D0%BE%D0%B2%D0%BD%D0%B0,,,Минаева Маргарита Денисовна индолог
authority_identity,2,analytics_output/authority_review_queue.csv,139,PERS_b76851a7,Митруев Бембя Леонидович,todo,Active scholar and no external ID; Initials-only display name; Missing preferred Latin name,https://elibrary.ru/authors.asp?fams=%D0%9C%D0%B8%D1%82%D1%80%D1%83%D0%B5%D0%B2&imas=%D0%91%D0%B5%D0%BC%D0%B1%D1%8F&otchs=%D0%9B%D0%B5%D0%BE%D0%BD%D0%B8%D0%B4%D0%BE%D0%B2%D0%B8%D1%87,,,Митруев Бембя Леонидович индолог
authority_identity,2,analytics_output/authority_review_queue.csv,100,PERS_ced3d7b4,Молина Анна Валерьевна,todo,Active scholar and no external ID; Initials-only display name; Missing preferred Latin name,https://elibrary.ru/authors.asp?fams=%D0%9C%D0%BE%D0%BB%D0%B8%D0%BD%D0%B0&imas=%D0%90%D0%BD%D0%BD%D0%B0&otchs=%D0%92%D0%B0%D0%BB%D0%B5%D1%80%D1%8C%D0%B5%D0%B2%D0%BD%D0%B0,,,Молина Анна Валерьевна индолог
authority_identity,2,analytics_output/authority_review_queue.csv,182,PERS_7d6f456c,Мотылёва Вера Леонидовна,todo,Active scholar and no external ID; Initials-only display name; Missing preferred Latin name,https://elibrary.ru/authors.asp?fams=%D0%9C%D0%BE%D1%82%D1%8B%D0%BB%D1%91%D0%B2%D0%B0&imas=%D0%92%D0%B5%D1%80%D0%B0&otchs=%D0%9B%D0%B5%D0%BE%D0%BD%D0%B8%D0%B4%D0%BE%D0%B2%D0%BD%D0%B0,,,Мотылёва Вера Леонидовна индолог
authority_identity,2,analytics_output/authority_review_queue.csv,166,PERS_b5dd77b1,Мрачковская Арина Витальевна,todo,Active scholar and no external ID; Initials-only display name; Missing preferred Latin name,https://elibrary.ru/authors.asp?fams=%D0%9C%D1%80%D0%B0%D1%87%D0%BA%D0%BE%D0%B2%D1%81%D0%BA%D0%B0%D1%8F&imas=%D0%90%D1%80%D0%B8%D0%BD%D0%B0&otchs=%D0%92%D0%B8%D1%82%D0%B0%D0%BB%D1%8C%D0%B5%D0%B2%D0%BD%D0%B0,,,Мрачковская Арина Витальевна индолог
authority_identity,2,analytics_output/authority_review_queue.csv,237,PERS_fa58484d,Н. А. Александрова,todo,Active scholar and no external ID; Initials-only display name; Missing preferred Latin name,https://elibrary.ru/authors.asp?fams=%D0%90%D0%BB%D0%B5%D0%BA%D1%81%D0%B0%D0%BD%D0%B4%D1%80%D0%BE%D0%B2%D0%B0&imas=%D0%9D&otchs=%D0%90,,,Н. А. Александрова индолог
authority_identity,2,analytics_output/authority_review_queue.csv,242,PERS_0a42bfb2,Н. В. Хомутинникова,todo,Active scholar and no external ID; Initials-only display name; Missing preferred Latin name,https://elibrary.ru/authors.asp?fams=%D0%A5%D0%BE%D0%BC%D1%83%D1%82%D0%B8%D0%BD%D0%BD%D0%B8%D0%BA%D0%BE%D0%B2%D0%B0&imas=%D0%9D&otchs=%D0%92,,,Н. В. Хомутинникова индолог
authority_identity,2,analytics_output/authority_review_queue.csv,194,PERS_2e2b9553,Наймушина Дарья Дмитриевна,todo,Active scholar and no external ID; Initials-only display name; Missing preferred Latin name,https://elibrary.ru/authors.asp?fams=%D0%9D%D0%B0%D0%B9%D0%BC%D1%83%D1%88%D0%B8%D0%BD%D0%B0&imas=%D0%94%D0%B0%D1%80%D1%8C%D1%8F&otchs=%D0%94%D0%BC%D0%B8%D1%82%D1%80%D0%B8%D0%B5%D0%B2%D0%BD%D0%B0,,,Наймушина Дарья Дмитриевна индолог
authority_identity,2,analytics_output/authority_review_queue.csv,97,PERS_e5a5ac24,Невелева Светлана Леонидовна,todo,Initials-only display name; Missing preferred Latin name,https://elibrary.ru/authors.asp?fams=%D0%9D%D0%B5%D0%B2%D0%B5%D0%BB%D0%B5%D0%B2%D0%B0&imas=%D0%A1%D0%B2%D0%B5%D1%82%D0%BB%D0%B0%D0%BD%D0%B0&otchs=%D0%9B%D0%B5%D0%BE%D0%BD%D0%B8%D0%B4%D0%BE%D0%B2%D0%BD%D0%B0,,,Невелева Светлана Леонидовна индолог
authority_identity,2,analytics_output/authority_review_queue.csv,128,PERS_35a30342,Негреев Иван Олегович,todo,Active scholar and no external ID; Initials-only display name; Missing preferred Latin name,https://elibrary.ru/authors.asp?fams=%D0%9D%D0%B5%D0%B3%D1%80%D0%B5%D0%B5%D0%B2&imas=%D0%98%D0%B2%D0%B0%D0%BD&otchs=%D0%9E%D0%BB%D0%B5%D0%B3%D0%BE%D0%B2%D0%B8%D1%87,,,Негреев Иван Олегович индолог
authority_identity,2,analytics_output/authority_review_queue.csv,141,PERS_cca8f93d,Немчинов Виктор Михайлович,todo,Active scholar and no external ID; Initials-only display name; Missing preferred Latin name,https://elibrary.ru/authors.asp?fams=%D0%9D%D0%B5%D0%BC%D1%87%D0%B8%D0%BD%D0%BE%D0%B2&imas=%D0%92%D0%B8%D0%BA%D1%82%D0%BE%D1%80&otchs=%D0%9C%D0%B8%D1%85%D0%B0%D0%B9%D0%BB%D0%BE%D0%B2%D0%B8%D1%87,,,Немчинов Виктор Михайлович индолог
authority_identity,2,analytics_output/authority_review_queue.csv,252,PERS_9ddf9210,Нестеркин Сергей Петрович,todo,Active scholar and no external ID; Initials-only display name; Missing preferred Latin name,https://elibrary.ru/authors.asp?fams=%D0%9D%D0%B5%D1%81%D1%82%D0%B5%D1%80%D0%BA%D0%B8%D0%BD&imas=%D0%A1%D0%B5%D1%80%D0%B3%D0%B5%D0%B9&otchs=%D0%9F%D0%B5%D1%82%D1%80%D0%BE%D0%B2%D0%B8%D1%87,,,Нестеркин Сергей Петрович индолог
authority_identity,2,analytics_output/authority_review_queue.csv,221,PERS_147ab928,Никольская Ксения Дмитриевна,todo,Active scholar and no external ID; Initials-only display name; Missing preferred Latin name,https://elibrary.ru/authors.asp?fams=%D0%9D%D0%B8%D0%BA%D0%BE%D0%BB%D1%8C%D1%81%D0%BA%D0%B0%D1%8F&imas=%D0%9A%D1%81%D0%B5%D0%BD%D0%B8%D1%8F&otchs=%D0%94%D0%BC%D0%B8%D1%82%D1%80%D0%B8%D0%B5%D0%B2%D0%BD%D0%B0,,,Никольская Ксения Дмитриевна индолог
authority_identity,2,analytics_output/authority_review_queue.csv,175,PERS_26ce5ec1,Нина Будзишевска,todo,Active scholar and no external ID; Initials-only display name; Missing preferred Latin name,https://elibrary.ru/authors.asp?fams=%D0%9D%D0%B8%D0%BD%D0%B0&imas=%D0%91%D1%83%D0%B4%D0%B7%D0%B8%D1%88%D0%B5%D0%B2%D1%81%D0%BA%D0%B0,,,Нина Будзишевска индолог
authority_identity,2,analytics_output/authority_review_queue.csv,209,PERS_ecdfe667,Новосёлова Евгения Олеговна,todo,Active scholar and no external ID; Initials-only display name; Missing preferred Latin name,https://elibrary.ru/authors.asp?fams=%D0%9D%D0%BE%D0%B2%D0%BE%D1%81%D1%91%D0%BB%D0%BE%D0%B2%D0%B0&imas=%D0%95%D0%B2%D0%B3%D0%B5%D0%BD%D0%B8%D1%8F&otchs=%D0%9E%D0%BB%D0%B5%D0%B3%D0%BE%D0%B2%D0%BD%D0%B0,,,Новосёлова Евгения Олеговна индолог
authority_identity,2,analytics_output/authority_review_queue.csv,129,PERS_34c0d384,Павлова Мария Борисовна,todo,Active scholar and no external ID; Initials-only display name; Missing preferred Latin name,https://elibrary.ru/authors.asp?fams=%D0%9F%D0%B0%D0%B2%D0%BB%D0%BE%D0%B2%D0%B0&imas=%D0%9C%D0%B0%D1%80%D0%B8%D1%8F&otchs=%D0%91%D0%BE%D1%80%D0%B8%D1%81%D0%BE%D0%B2%D0%BD%D0%B0,,,Павлова Мария Борисовна индолог
authority_identity,2,analytics_output/authority_review_queue.csv,143,PERS_7700f517,Парамонов Денис Олегович,todo,Active scholar and no external ID; Initials-only display name; Missing preferred Latin name,https://elibrary.ru/authors.asp?fams=%D0%9F%D0%B0%D1%80%D0%B0%D0%BC%D0%BE%D0%BD%D0%BE%D0%B2&imas=%D0%94%D0%B5%D0%BD%D0%B8%D1%81&otchs=%D0%9E%D0%BB%D0%B5%D0%B3%D0%BE%D0%B2%D0%B8%D1%87,,,Парамонов Денис Олегович индолог
authority_identity,2,analytics_output/authority_review_queue.csv,136,PERS_5f6fa17b,Пахомова Александра Михайловна,todo,Active scholar and no external ID; Initials-only display name; Missing preferred Latin name,https://elibrary.ru/authors.asp?fams=%D0%9F%D0%B0%D1%85%D0%BE%D0%BC%D0%BE%D0%B2%D0%B0&imas=%D0%90%D0%BB%D0%B5%D0%BA%D1%81%D0%B0%D0%BD%D0%B4%D1%80%D0%B0&otchs=%D0%9C%D0%B8%D1%85%D0%B0%D0%B9%D0%BB%D0%BE%D0%B2%D0%BD%D0%B0,,,Пахомова Александра Михайловна индолог
authority_identity,2,analytics_output/authority_review_queue.csv,155,PERS_37bb2d43,Покатилов Сергей Андреевич,todo,Active scholar and no external ID; Initials-only display name; Missing preferred Latin name,https://elibrary.ru/authors.asp?fams=%D0%9F%D0%BE%D0%BA%D0%B0%D1%82%D0%B8%D0%BB%D0%BE%D0%B2&imas=%D0%A1%D0%B5%D1%80%D0%B3%D0%B5%D0%B9&otchs=%D0%90%D0%BD%D0%B4%D1%80%D0%B5%D0%B5%D0%B2%D0%B8%D1%87,,,Покатилов Сергей Андреевич индолог
authority_identity,2,analytics_output/authority_review_queue.csv,93,PERS_d3c5382c,Попова Ирина Фёдоровна,todo,Initials-only display name; Missing preferred Latin name,https://elibrary.ru/authors.asp?fams=%D0%9F%D0%BE%D0%BF%D0%BE%D0%B2%D0%B0&imas=%D0%98%D1%80%D0%B8%D0%BD%D0%B0&otchs=%D0%A4%D1%91%D0%B4%D0%BE%D1%80%D0%BE%D0%B2%D0%BD%D0%B0,,,Попова Ирина Фёдоровна индолог
authority_identity,2,analytics_output/authority_review_queue.csv,268,PERS_23abae7d,Пушкарева Юлия Георгиевна,todo,Active scholar and no external ID; Initials-only display name; Missing preferred Latin name,https://elibrary.ru/authors.asp?fams=%D0%9F%D1%83%D1%88%D0%BA%D0%B0%D1%80%D0%B5%D0%B2%D0%B0&imas=%D0%AE%D0%BB%D0%B8%D1%8F&otchs=%D0%93%D0%B5%D0%BE%D1%80%D0%B3%D0%B8%D0%B5%D0%B2%D0%BD%D0%B0,,,Пушкарева Юлия Георгиевна индолог
authority_identity,2,analytics_output/authority_review_queue.csv,195,PERS_3195408b,Ратушный Данила Николаевич,todo,Active scholar and no external ID; Initials-only display name; Missing preferred Latin name,https://elibrary.ru/authors.asp?fams=%D0%A0%D0%B0%D1%82%D1%83%D1%88%D0%BD%D1%8B%D0%B9&imas=%D0%94%D0%B0%D0%BD%D0%B8%D0%BB%D0%B0&otchs=%D0%9D%D0%B8%D0%BA%D0%BE%D0%BB%D0%B0%D0%B5%D0%B2%D0%B8%D1%87,,,Ратушный Данила Николаевич индолог
authority_identity,2,analytics_output/authority_review_queue.csv,226,PERS_47ad46f1,Родионов Михаил Анатольевич,todo,Active scholar and no external ID; Initials-only display name; Missing preferred Latin name,https://elibrary.ru/authors.asp?fams=%D0%A0%D0%BE%D0%B4%D0%B8%D0%BE%D0%BD%D0%BE%D0%B2&imas=%D0%9C%D0%B8%D1%85%D0%B0%D0%B8%D0%BB&otchs=%D0%90%D0%BD%D0%B0%D1%82%D0%BE%D0%BB%D1%8C%D0%B5%D0%B2%D0%B8%D1%87,,,Родионов Михаил Анатольевич индолог
authority_identity,2,analytics_output/authority_review_queue.csv,190,PERS_3e38ff72,Рожнова Дарья Антоновна,todo,Active scholar and no external ID; Initials-only display name; Missing preferred Latin name,https://elibrary.ru/authors.asp?fams=%D0%A0%D0%BE%D0%B6%D0%BD%D0%BE%D0%B2%D0%B0&imas=%D0%94%D0%B0%D1%80%D1%8C%D1%8F&otchs=%D0%90%D0%BD%D1%82%D0%BE%D0%BD%D0%BE%D0%B2%D0%BD%D0%B0,,,Рожнова Дарья Антоновна индолог
authority_identity,2,analytics_output/authority_review_queue.csv,148,PERS_40f75cf9,Роман Лилия Геннадьевна,todo,Active scholar and no external ID; Initials-only display name; Missing preferred Latin name,https://elibrary.ru/authors.asp?fams=%D0%A0%D0%BE%D0%BC%D0%B0%D0%BD&imas=%D0%9B%D0%B8%D0%BB%D0%B8%D1%8F&otchs=%D0%93%D0%B5%D0%BD%D0%BD%D0%B0%D0%B4%D1%8C%D0%B5%D0%B2%D0%BD%D0%B0,,,Роман Лилия Геннадьевна индолог
authority_identity,2,analytics_output/authority_review_queue.csv,140,PERS_37f98454,Рудой Валерий Исаакович,todo,Active scholar and no external ID; Initials-only display name; Missing preferred Latin name,https://elibrary.ru/authors.asp?fams=%D0%A0%D1%83%D0%B4%D0%BE%D0%B9&imas=%D0%92%D0%B0%D0%BB%D0%B5%D1%80%D0%B8%D0%B9&otchs=%D0%98%D1%81%D0%B0%D0%B0%D0%BA%D0%BE%D0%B2%D0%B8%D1%87,,,Рудой Валерий Исаакович индолог
authority_identity,2,analytics_output/authority_review_queue.csv,253,PERS_72d46eb6,С. С. Чистяков,todo,Active scholar and no external ID; Initials-only display name; Missing preferred Latin name,https://elibrary.ru/authors.asp?fams=%D0%A7%D0%B8%D1%81%D1%82%D1%8F%D0%BA%D0%BE%D0%B2&imas=%D0%A1&otchs=%D0%A1,,,С. С. Чистяков индолог
authority_identity,2,analytics_output/authority_review_queue.csv,137,PERS_aa964a12,Самозванцев Андрей Михайлович,todo,Initials-only display name; Missing preferred Latin name,https://elibrary.ru/authors.asp?fams=%D0%A1%D0%B0%D0%BC%D0%BE%D0%B7%D0%B2%D0%B0%D0%BD%D1%86%D0%B5%D0%B2&imas=%D0%90%D0%BD%D0%B4%D1%80%D0%B5%D0%B9&otchs=%D0%9C%D0%B8%D1%85%D0%B0%D0%B9%D0%BB%D0%BE%D0%B2%D0%B8%D1%87,,,Самозванцев Андрей Михайлович индолог
authority_identity,2,analytics_output/authority_review_queue.csv,246,PERS_dd17649f,Светлов Роман Викторович,todo,Active scholar and no external ID; Initials-only display name; Missing preferred Latin name,https://elibrary.ru/authors.asp?fams=%D0%A1%D0%B2%D0%B5%D1%82%D0%BB%D0%BE%D0%B2&imas=%D0%A0%D0%BE%D0%BC%D0%B0%D0%BD&otchs=%D0%92%D0%B8%D0%BA%D1%82%D0%BE%D1%80%D0%BE%D0%B2%D0%B8%D1%87,,,Светлов Роман Викторович индолог
authority_identity,2,analytics_output/authority_review_queue.csv,239,PERS_377db63e,Седукова Надежда Александровна,todo,Active scholar and no external ID; Initials-only display name; Missing preferred Latin name,https://elibrary.ru/authors.asp?fams=%D0%A1%D0%B5%D0%B4%D1%83%D0%BA%D0%BE%D0%B2%D0%B0&imas=%D0%9D%D0%B0%D0%B4%D0%B5%D0%B6%D0%B4%D0%B0&otchs=%D0%90%D0%BB%D0%B5%D0%BA%D1%81%D0%B0%D0%BD%D0%B4%D1%80%D0%BE%D0%B2%D0%BD%D0%B0,,,Седукова Надежда Александровна индолог
authority_identity,2,analytics_output/authority_review_queue.csv,256,PERS_ed83f502,Селиванова Тамара Петровна,todo,Active scholar and no external ID; Initials-only display name; Missing preferred Latin name,https://elibrary.ru/authors.asp?fams=%D0%A1%D0%B5%D0%BB%D0%B8%D0%B2%D0%B0%D0%BD%D0%BE%D0%B2%D0%B0&imas=%D0%A2%D0%B0%D0%BC%D0%B0%D1%80%D0%B0&otchs=%D0%9F%D0%B5%D1%82%D1%80%D0%BE%D0%B2%D0%BD%D0%B0,,,Селиванова Тамара Петровна индолог
authority_identity,2,analytics_output/authority_review_queue.csv,241,PERS_f82b6a8e,Сенина Наталья Викторовна,todo,Active scholar and no external ID; Initials-only display name; Missing preferred Latin name,https://elibrary.ru/authors.asp?fams=%D0%A1%D0%B5%D0%BD%D0%B8%D0%BD%D0%B0&imas=%D0%9D%D0%B0%D1%82%D0%B0%D0%BB%D1%8C%D1%8F&otchs=%D0%92%D0%B8%D0%BA%D1%82%D0%BE%D1%80%D0%BE%D0%B2%D0%BD%D0%B0,,,Сенина Наталья Викторовна индолог
authority_identity,2,analytics_output/authority_review_queue.csv,178,PERS_a0f3d86d,Сергеева Варвара Алексеевна,todo,Active scholar and no external ID; Initials-only display name; Missing preferred Latin name,https://elibrary.ru/authors.asp?fams=%D0%A1%D0%B5%D1%80%D0%B3%D0%B5%D0%B5%D0%B2%D0%B0&imas=%D0%92%D0%B0%D1%80%D0%B2%D0%B0%D1%80%D0%B0&otchs=%D0%90%D0%BB%D0%B5%D0%BA%D1%81%D0%B5%D0%B5%D0%B2%D0%BD%D0%B0,,,Сергеева Варвара Алексеевна индолог
authority_identity,2,analytics_output/authority_review_queue.csv,251,PERS_1130c736,Серебряный Сергей Дмитриевич,todo,Active scholar and no external ID; Initials-only display name; Missing preferred Latin name,https://elibrary.ru/authors.asp?fams=%D0%A1%D0%B5%D1%80%D0%B5%D0%B1%D1%80%D1%8F%D0%BD%D1%8B%D0%B9&imas=%D0%A1%D0%B5%D1%80%D0%B3%D0%B5%D0%B9&otchs=%D0%94%D0%BC%D0%B8%D1%82%D1%80%D0%B8%D0%B5%D0%B2%D0%B8%D1%87,,,Серебряный Сергей Дмитриевич индолог
authority_identity,2,analytics_output/authority_review_queue.csv,135,PERS_7bbed51a,Сладков Андрей Леонидович,todo,Active scholar and no external ID; Initials-only display name; Missing preferred Latin name,https://elibrary.ru/authors.asp?fams=%D0%A1%D0%BB%D0%B0%D0%B4%D0%BA%D0%BE%D0%B2&imas=%D0%90%D0%BD%D0%B4%D1%80%D0%B5%D0%B9&otchs=%D0%9B%D0%B5%D0%BE%D0%BD%D0%B8%D0%B4%D0%BE%D0%B2%D0%B8%D1%87,,,Сладков Андрей Леонидович индолог
authority_identity,2,analytics_output/authority_review_queue.csv,201,PERS_bdaaf440,Слинько Елена Викторовна,todo,Active scholar and no external ID; Initials-only display name; Missing preferred Latin name,https://elibrary.ru/authors.asp?fams=%D0%A1%D0%BB%D0%B8%D0%BD%D1%8C%D0%BA%D0%BE&imas=%D0%95%D0%BB%D0%B5%D0%BD%D0%B0&otchs=%D0%92%D0%B8%D0%BA%D1%82%D0%BE%D1%80%D0%BE%D0%B2%D0%BD%D0%B0,,,Слинько Елена Викторовна индолог
authority_identity,2,analytics_output/authority_review_queue.csv,202,PERS_6b867946,Смирнова Екатерина Викторовна,todo,Active scholar and no external ID; Initials-only display name; Missing preferred Latin name,https://elibrary.ru/authors.asp?fams=%D0%A1%D0%BC%D0%B8%D1%80%D0%BD%D0%BE%D0%B2%D0%B0&imas=%D0%95%D0%BA%D0%B0%D1%82%D0%B5%D1%80%D0%B8%D0%BD%D0%B0&otchs=%D0%92%D0%B8%D0%BA%D1%82%D0%BE%D1%80%D0%BE%D0%B2%D0%BD%D0%B0,,,Смирнова Екатерина Викторовна индолог
authority_identity,2,analytics_output/authority_review_queue.csv,124,PERS_3d3b302d,Соболева Диана Владимировна,todo,Active scholar and no external ID; Initials-only display name; Missing preferred Latin name,https://elibrary.ru/authors.asp?fams=%D0%A1%D0%BE%D0%B1%D0%BE%D0%BB%D0%B5%D0%B2%D0%B0&imas=%D0%94%D0%B8%D0%B0%D0%BD%D0%B0&otchs=%D0%92%D0%BB%D0%B0%D0%B4%D0%B8%D0%BC%D0%B8%D1%80%D0%BE%D0%B2%D0%BD%D0%B0,,,Соболева Диана Владимировна индолог
authority_identity,2,analytics_output/authority_review_queue.csv,213,PERS_58e18506,Соколова Ирина Александровна,todo,Active scholar and no external ID; Initials-only display name; Missing preferred Latin name,https://elibrary.ru/authors.asp?fams=%D0%A1%D0%BE%D0%BA%D0%BE%D0%BB%D0%BE%D0%B2%D0%B0&imas=%D0%98%D1%80%D0%B8%D0%BD%D0%B0&otchs=%D0%90%D0%BB%D0%B5%D0%BA%D1%81%D0%B0%D0%BD%D0%B4%D1%80%D0%BE%D0%B2%D0%BD%D0%B0,,,Соколова Ирина Александровна индолог
authority_identity,2,analytics_output/authority_review_queue.csv,161,PERS_bbd15f4f,Степин А. А.,todo,Active scholar and no external ID; Initials-only display name; Missing preferred Latin name,https://elibrary.ru/authors.asp?fams=%D0%A1%D1%82%D0%B5%D0%BF%D0%B8%D0%BD&imas=%D0%90&otchs=%D0%90,,,Степин А. А. индолог
authority_identity,2,analytics_output/authority_review_queue.csv,171,PERS_3d22e8d4,Стрелков Андрей Михайлович,todo,Active scholar and no external ID; Initials-only display name; Missing preferred Latin name,https://elibrary.ru/authors.asp?fams=%D0%A1%D1%82%D1%80%D0%B5%D0%BB%D0%BA%D0%BE%D0%B2&imas=%D0%90%D0%BD%D0%B4%D1%80%D0%B5%D0%B9&otchs=%D0%9C%D0%B8%D1%85%D0%B0%D0%B9%D0%BB%D0%BE%D0%B2%D0%B8%D1%87,,,Стрелков Андрей Михайлович индолог
authority_identity,2,analytics_output/authority_review_queue.csv,123,PERS_42da4866,Стукалин Глеб Дмитриевич,todo,Active scholar and no external ID; Initials-only display name; Missing preferred Latin name,https://elibrary.ru/authors.asp?fams=%D0%A1%D1%82%D1%83%D0%BA%D0%B0%D0%BB%D0%B8%D0%BD&imas=%D0%93%D0%BB%D0%B5%D0%B1&otchs=%D0%94%D0%BC%D0%B8%D1%82%D1%80%D0%B8%D0%B5%D0%B2%D0%B8%D1%87,,,Стукалин Глеб Дмитриевич индолог
authority_identity,2,analytics_output/authority_review_queue.csv,144,PERS_2b7ca933,Танонова Елена Викторовна,todo,Active scholar and no external ID; Initials-only display name; Missing preferred Latin name,https://elibrary.ru/authors.asp?fams=%D0%A2%D0%B0%D0%BD%D0%BE%D0%BD%D0%BE%D0%B2%D0%B0&imas=%D0%95%D0%BB%D0%B5%D0%BD%D0%B0&otchs=%D0%92%D0%B8%D0%BA%D1%82%D0%BE%D1%80%D0%BE%D0%B2%D0%BD%D0%B0,,,Танонова Елена Викторовна индолог
authority_identity,2,analytics_output/authority_review_queue.csv,120,PERS_0a2e5f24,Тишин Владимир Владимирович,todo,Active scholar and no external ID; Initials-only display name; Missing preferred Latin name,https://elibrary.ru/authors.asp?fams=%D0%A2%D0%B8%D1%88%D0%B8%D0%BD&imas=%D0%92%D0%BB%D0%B0%D0%B4%D0%B8%D0%BC%D0%B8%D1%80&otchs=%D0%92%D0%BB%D0%B0%D0%B4%D0%B8%D0%BC%D0%B8%D1%80%D0%BE%D0%B2%D0%B8%D1%87,,,Тишин Владимир Владимирович индолог
authority_identity,2,analytics_output/authority_review_queue.csv,127,PERS_310b2911,Толчельников Иван Евгеньевич,todo,Active scholar and no external ID; Initials-only display name; Missing preferred Latin name,https://elibrary.ru/authors.asp?fams=%D0%A2%D0%BE%D0%BB%D1%87%D0%B5%D0%BB%D1%8C%D0%BD%D0%B8%D0%BA%D0%BE%D0%B2&imas=%D0%98%D0%B2%D0%B0%D0%BD&otchs=%D0%95%D0%B2%D0%B3%D0%B5%D0%BD%D1%8C%D0%B5%D0%B2%D0%B8%D1%87,,,Толчельников Иван Евгеньевич индолог
authority_identity,2,analytics_output/authority_review_queue.csv,114,PERS_bf91d4b8,Уймина Юлия Александровна,todo,Active scholar and no external ID; Initials-only display name; Missing preferred Latin name,https://elibrary.ru/authors.asp?fams=%D0%A3%D0%B9%D0%BC%D0%B8%D0%BD%D0%B0&imas=%D0%AE%D0%BB%D0%B8%D1%8F&otchs=%D0%90%D0%BB%D0%B5%D0%BA%D1%81%D0%B0%D0%BD%D0%B4%D1%80%D0%BE%D0%B2%D0%BD%D0%B0,,,Уймина Юлия Александровна индолог
authority_identity,2,analytics_output/authority_review_queue.csv,218,PERS_168a3a8b,Усенко Иван Сергеевич,todo,Active scholar and no external ID; Initials-only display name; Missing preferred Latin name,https://elibrary.ru/authors.asp?fams=%D0%A3%D1%81%D0%B5%D0%BD%D0%BA%D0%BE&imas=%D0%98%D0%B2%D0%B0%D0%BD&otchs=%D0%A1%D0%B5%D1%80%D0%B3%D0%B5%D0%B5%D0%B2%D0%B8%D1%87,,,Усенко Иван Сергеевич индолог
authority_identity,2,analytics_output/authority_review_queue.csv,126,PERS_b2c121e9,Успенская Елена Николаевна,todo,Active scholar and no external ID; Initials-only display name; Missing preferred Latin name,https://elibrary.ru/authors.asp?fams=%D0%A3%D1%81%D0%BF%D0%B5%D0%BD%D1%81%D0%BA%D0%B0%D1%8F&imas=%D0%95%D0%BB%D0%B5%D0%BD%D0%B0&otchs=%D0%9D%D0%B8%D0%BA%D0%BE%D0%BB%D0%B0%D0%B5%D0%B2%D0%BD%D0%B0,,,Успенская Елена Николаевна индолог
authority_identity,2,analytics_output/authority_review_queue.csv,150,PERS_a901d460,Фаградян Марина Александровна,todo,Active scholar and no external ID; Initials-only display name; Missing preferred Latin name,https://elibrary.ru/authors.asp?fams=%D0%A4%D0%B0%D0%B3%D1%80%D0%B0%D0%B4%D1%8F%D0%BD&imas=%D0%9C%D0%B0%D1%80%D0%B8%D0%BD%D0%B0&otchs=%D0%90%D0%BB%D0%B5%D0%BA%D1%81%D0%B0%D0%BD%D0%B4%D1%80%D0%BE%D0%B2%D0%BD%D0%B0,,,Фаградян Марина Александровна индолог
authority_identity,2,analytics_output/authority_review_queue.csv,259,PERS_936e1165,Файбушевич Светлана Ивановна,todo,Active scholar and no external ID; Missing preferred Latin name,https://elibrary.ru/authors.asp?fams=%D0%A4%D0%B0%D0%B9%D0%B1%D1%83%D1%88%D0%B5%D0%B2%D0%B8%D1%87&imas=%D0%A1%D0%B2%D0%B5%D1%82%D0%BB%D0%B0%D0%BD%D0%B0&otchs=%D0%98%D0%B2%D0%B0%D0%BD%D0%BE%D0%B2%D0%BD%D0%B0,,,Файбушевич Светлана Ивановна индолог
authority_identity,2,analytics_output/authority_review_queue.csv,244,PERS_a638a4b3,Федорова Наталья Леонидовна,todo,Active scholar and no external ID; Initials-only display name; Missing preferred Latin name,https://elibrary.ru/authors.asp?fams=%D0%A4%D0%B5%D0%B4%D0%BE%D1%80%D0%BE%D0%B2%D0%B0&imas=%D0%9D%D0%B0%D1%82%D0%B0%D0%BB%D1%8C%D1%8F&otchs=%D0%9B%D0%B5%D0%BE%D0%BD%D0%B8%D0%B4%D0%BE%D0%B2%D0%BD%D0%B0,,,Федорова Наталья Леонидовна индолог
authority_identity,2,analytics_output/authority_review_queue.csv,116,PERS_6ae5c779,Фивейская Анастасия Васильевна,todo,Active scholar and no external ID; Initials-only display name,https://elibrary.ru/authors.asp?fams=%D0%A4%D0%B8%D0%B2%D0%B5%D0%B9%D1%81%D0%BA%D0%B0%D1%8F&imas=%D0%90%D0%BD%D0%B0%D1%81%D1%82%D0%B0%D1%81%D0%B8%D1%8F&otchs=%D0%92%D0%B0%D1%81%D0%B8%D0%BB%D1%8C%D0%B5%D0%B2%D0%BD%D0%B0,,,Фивейская Анастасия Васильевна индолог
authority_identity,2,analytics_output/authority_review_queue.csv,219,PERS_6a165aa7,Хазизова Ксения Владимировна,todo,Active scholar and no external ID; Initials-only display name; Missing preferred Latin name,https://elibrary.ru/authors.asp?fams=%D0%A5%D0%B0%D0%B7%D0%B8%D0%B7%D0%BE%D0%B2%D0%B0&imas=%D0%9A%D1%81%D0%B5%D0%BD%D0%B8%D1%8F&otchs=%D0%92%D0%BB%D0%B0%D0%B4%D0%B8%D0%BC%D0%B8%D1%80%D0%BE%D0%B2%D0%BD%D0%B0,,,Хазизова Ксения Владимировна индолог
authority_identity,2,analytics_output/authority_review_queue.csv,261,PERS_f3cf67c6,Харджендер Сингх Чаудхари,todo,Active scholar and no external ID; Missing preferred Latin name,https://elibrary.ru/authors.asp?fams=%D0%A5%D0%B0%D1%80%D0%B4%D0%B6%D0%B5%D0%BD%D0%B4%D0%B5%D1%80&imas=%D0%A1%D0%B8%D0%BD%D0%B3%D1%85&otchs=%D0%A7%D0%B0%D1%83%D0%B4%D1%85%D0%B0%D1%80%D0%B8,,,Харджендер Сингх Чаудхари индолог
authority_identity,2,analytics_output/authority_review_queue.csv,105,PERS_554c138a,Хмуркин Георгий Георгиевич,todo,Active scholar and no external ID; Initials-only display name; Missing preferred Latin name,https://elibrary.ru/authors.asp?fams=%D0%A5%D0%BC%D1%83%D1%80%D0%BA%D0%B8%D0%BD&imas=%D0%93%D0%B5%D0%BE%D1%80%D0%B3%D0%B8%D0%B9&otchs=%D0%93%D0%B5%D0%BE%D1%80%D0%B3%D0%B8%D0%B5%D0%B2%D0%B8%D1%87,,,Хмуркин Георгий Георгиевич индолог
authority_identity,2,analytics_output/authority_review_queue.csv,260,PERS_5cb1449b,Хомиченкене Алета,todo,Active scholar and no external ID; Initials-only display name; Missing preferred Latin name,https://elibrary.ru/authors.asp?fams=%D0%A5%D0%BE%D0%BC%D0%B8%D1%87%D0%B5%D0%BD%D0%BA%D0%B5%D0%BD%D0%B5&imas=%D0%90%D0%BB%D0%B5%D1%82%D0%B0,,,Хомиченкене Алета индолог
authority_identity,2,analytics_output/authority_review_queue.csv,117,PERS_3e952361,Хохлов Александр Николаевич,todo,Active scholar and no external ID; Initials-only display name; Missing preferred Latin name,https://elibrary.ru/authors.asp?fams=%D0%A5%D0%BE%D1%85%D0%BB%D0%BE%D0%B2&imas=%D0%90%D0%BB%D0%B5%D0%BA%D1%81%D0%B0%D0%BD%D0%B4%D1%80&otchs=%D0%9D%D0%B8%D0%BA%D0%BE%D0%BB%D0%B0%D0%B5%D0%B2%D0%B8%D1%87,,,Хохлов Александр Николаевич индолог
authority_identity,2,analytics_output/authority_review_queue.csv,85,PERS_c52dfaa0,Цветкова Светлана Олеговна,todo,Initials-only display name,https://elibrary.ru/authors.asp?fams=%D0%A6%D0%B2%D0%B5%D1%82%D0%BA%D0%BE%D0%B2%D0%B0&imas=%D0%A1%D0%B2%D0%B5%D1%82%D0%BB%D0%B0%D0%BD%D0%B0&otchs=%D0%9E%D0%BB%D0%B5%D0%B3%D0%BE%D0%B2%D0%BD%D0%B0,,,Цветкова Светлана Олеговна индолог
authority_identity,2,analytics_output/authority_review_queue.csv,170,PERS_f619aeed,Цендина Анна Дамдиновна,todo,Active scholar and no external ID; Initials-only display name; Missing preferred Latin name,https://elibrary.ru/authors.asp?fams=%D0%A6%D0%B5%D0%BD%D0%B4%D0%B8%D0%BD%D0%B0&imas=%D0%90%D0%BD%D0%BD%D0%B0&otchs=%D0%94%D0%B0%D0%BC%D0%B4%D0%B8%D0%BD%D0%BE%D0%B2%D0%BD%D0%B0,,,Цендина Анна Дамдиновна индолог
authority_identity,2,analytics_output/authority_review_queue.csv,262,PERS_48b3bec3,Ч. Санчай,todo,Active scholar and no external ID; Initials-only display name; Missing preferred Latin name,https://elibrary.ru/authors.asp?fams=%D0%A1%D0%B0%D0%BD%D1%87%D0%B0%D0%B9&imas=%D0%A7,,,Ч. Санчай индолог
authority_identity,2,analytics_output/authority_review_queue.csv,187,PERS_94aa5d0a,Чернавин Георгий Игоревич,todo,Active scholar and no external ID; Initials-only display name; Missing preferred Latin name,https://elibrary.ru/authors.asp?fams=%D0%A7%D0%B5%D1%80%D0%BD%D0%B0%D0%B2%D0%B8%D0%BD&imas=%D0%93%D0%B5%D0%BE%D1%80%D0%B3%D0%B8%D0%B9&otchs=%D0%98%D0%B3%D0%BE%D1%80%D0%B5%D0%B2%D0%B8%D1%87,,,Чернавин Георгий Игоревич индолог
authority_identity,2,analytics_output/authority_review_queue.csv,204,PERS_2095dc59,Шалахов Евгений Геннадьевич,todo,Active scholar and no external ID; Initials-only display name; Missing preferred Latin name,https://elibrary.ru/authors.asp?fams=%D0%A8%D0%B0%D0%BB%D0%B0%D1%85%D0%BE%D0%B2&imas=%D0%95%D0%B2%D0%B3%D0%B5%D0%BD%D0%B8%D0%B9&otchs=%D0%93%D0%B5%D0%BD%D0%BD%D0%B0%D0%B4%D1%8C%D0%B5%D0%B2%D0%B8%D1%87,,,Шалахов Евгений Геннадьевич индолог
authority_identity,2,analytics_output/authority_review_queue.csv,197,PERS_526da44f,Шапошникова Дарья Сергеевна,todo,Active scholar and no external ID; Initials-only display name; Missing preferred Latin name,https://elibrary.ru/authors.asp?fams=%D0%A8%D0%B0%D0%BF%D0%BE%D1%88%D0%BD%D0%B8%D0%BA%D0%BE%D0%B2%D0%B0&imas=%D0%94%D0%B0%D1%80%D1%8C%D1%8F&otchs=%D0%A1%D0%B5%D1%80%D0%B3%D0%B5%D0%B5%D0%B2%D0%BD%D0%B0,,,Шапошникова Дарья Сергеевна индолог
authority_identity,2,analytics_output/authority_review_queue.csv,168,PERS_874cbfb7,Шарапова Александра Владимировна,todo,Active scholar and no external ID; Initials-only display name; Missing preferred Latin name,https://elibrary.ru/authors.asp?fams=%D0%A8%D0%B0%D1%80%D0%B0%D0%BF%D0%BE%D0%B2%D0%B0&imas=%D0%90%D0%BB%D0%B5%D0%BA%D1%81%D0%B0%D0%BD%D0%B4%D1%80%D0%B0&otchs=%D0%92%D0%BB%D0%B0%D0%B4%D0%B8%D0%BC%D0%B8%D1%80%D0%BE%D0%B2%D0%BD%D0%B0,,,Шарапова Александра Владимировна индолог
authority_identity,2,analytics_output/authority_review_queue.csv,122,PERS_de59a2bc,Шарыгин Глеб Витальевич,todo,Active scholar and no external ID; Initials-only display name; Missing preferred Latin name,https://elibrary.ru/authors.asp?fams=%D0%A8%D0%B0%D1%80%D1%8B%D0%B3%D0%B8%D0%BD&imas=%D0%93%D0%BB%D0%B5%D0%B1&otchs=%D0%92%D0%B8%D1%82%D0%B0%D0%BB%D1%8C%D0%B5%D0%B2%D0%B8%D1%87,,,Шарыгин Глеб Витальевич индолог
authority_identity,2,analytics_output/authority_review_queue.csv,263,PERS_8a8c5d8b,Шелкович Владимир Михайлович,todo,Active scholar and no external ID,https://elibrary.ru/authors.asp?fams=%D0%A8%D0%B5%D0%BB%D0%BA%D0%BE%D0%B2%D0%B8%D1%87&imas=%D0%92%D0%BB%D0%B0%D0%B4%D0%B8%D0%BC%D0%B8%D1%80&otchs=%D0%9C%D0%B8%D1%85%D0%B0%D0%B9%D0%BB%D0%BE%D0%B2%D0%B8%D1%87,,,Шелкович Владимир Михайлович индолог
authority_identity,2,analytics_output/authority_review_queue.csv,98,PERS_0665f215,Шохин Владимир Кириллович,todo,Initials-only display name,https://elibrary.ru/authors.asp?fams=%D0%A8%D0%BE%D1%85%D0%B8%D0%BD&imas=%D0%92%D0%BB%D0%B0%D0%B4%D0%B8%D0%BC%D0%B8%D1%80&otchs=%D0%9A%D0%B8%D1%80%D0%B8%D0%BB%D0%BB%D0%BE%D0%B2%D0%B8%D1%87,,,Шохин Владимир Кириллович индолог
authority_identity,2,analytics_output/authority_review_queue.csv,227,PERS_00c3b0cc,Щербак Мария Борисовна,todo,Active scholar and no external ID; Initials-only display name; Missing preferred Latin name,https://elibrary.ru/authors.asp?fams=%D0%A9%D0%B5%D1%80%D0%B1%D0%B0%D0%BA&imas=%D0%9C%D0%B0%D1%80%D0%B8%D1%8F&otchs=%D0%91%D0%BE%D1%80%D0%B8%D1%81%D0%BE%D0%B2%D0%BD%D0%B0,,,Щербак Мария Борисовна индолог
authority_identity,2,analytics_output/authority_review_queue.csv,180,PERS_b4cdbfb8,Эрман Владимир Гансович,todo,Initials-only display name; Missing preferred Latin name,https://elibrary.ru/authors.asp?fams=%D0%AD%D1%80%D0%BC%D0%B0%D0%BD&imas=%D0%92%D0%BB%D0%B0%D0%B4%D0%B8%D0%BC%D0%B8%D1%80&otchs=%D0%93%D0%B0%D0%BD%D1%81%D0%BE%D0%B2%D0%B8%D1%87,,,Эрман Владимир Гансович индолог
authority_identity,2,analytics_output/authority_review_queue.csv,158,PERS_929cab5a,Ю. В. Предтеченская,todo,Active scholar and no external ID; Initials-only display name; Missing preferred Latin name,https://elibrary.ru/authors.asp?fams=%D0%9F%D1%80%D0%B5%D0%B4%D1%82%D0%B5%D1%87%D0%B5%D0%BD%D1%81%D0%BA%D0%B0%D1%8F&imas=%D0%AE&otchs=%D0%92,,,Ю. В. Предтеченская индолог
authority_identity,2,analytics_output/authority_review_queue.csv,131,PERS_b881461b,Яковлева Мария Николаевна,todo,Active scholar and no external ID; Initials-only display name; Missing preferred Latin name,https://elibrary.ru/authors.asp?fams=%D0%AF%D0%BA%D0%BE%D0%B2%D0%BB%D0%B5%D0%B2%D0%B0&imas=%D0%9C%D0%B0%D1%80%D0%B8%D1%8F&otchs=%D0%9D%D0%B8%D0%BA%D0%BE%D0%BB%D0%B0%D0%B5%D0%B2%D0%BD%D0%B0,,,Яковлева Мария Николаевна индолог
authority_identity,2,analytics_output/authority_review_queue.csv,133,PERS_71e9dee1,Яскунас Валдас,todo,Active scholar and no external ID; Initials-only display name; Missing preferred Latin name,https://elibrary.ru/authors.asp?fams=%D0%AF%D1%81%D0%BA%D1%83%D0%BD%D0%B0%D1%81&imas=%D0%92%D0%B0%D0%BB%D0%B4%D0%B0%D1%81,,,Яскунас Валдас индолог
person_disambiguation,10,analytics_output/identity_alias_candidates.csv,3,PERS_675f37f0,А. Бабин,review,high,,,,
person_disambiguation,10,analytics_output/identity_alias_candidates.csv,2,PERS_f8e06692,В. Коробов,review,high,,,,
person_disambiguation,10,analytics_output/identity_alias_candidates.csv,4,PERS_5af1c05a,Г. Стукалин,review,high,,,,
person_disambiguation,10,analytics_output/identity_alias_candidates.csv,6,PERS_300654cc,К. Маретина,review,high,,,,
person_disambiguation,10,analytics_output/identity_alias_candidates.csv,9,PERS_ba7b23ae,М. Демченко,review,high,,,,
person_disambiguation,10,analytics_output/identity_alias_candidates.csv,10,PERS_56e6d363,М. Павлова,review,high,,,,
person_disambiguation,10,analytics_output/identity_alias_candidates.csv,7,PERS_f55cf2d5,Н. Краснодембская,review,high,,,,
person_disambiguation,10,analytics_output/identity_alias_candidates.csv,8,PERS_5e6bef63,П. Лужинская,review,high,,,,
data_quality,20,analytics_output/data_quality_report.json,1,PRES_117aeb7260,Тема уточняется,review,placeholder_titles,,,,"{""presentation_id"": ""PRES_117aeb7260"", ""scholar"": ""Загуменнов Борис Иванович"", ""title"": ""Тема уточняется""}"
scientometrics_guardrail,25,analytics_output/scientometrics_guardrails.csv,5,G04,Conference Role Taxonomy,review,"Separates presentation, organization, chairing, editorial, and memorial roles before assigning credit.",https://credit.niso.org/,,,Map raw programme wording to role codes only when source text supports the role.; analytics_output/conference_role_taxonomy.csv
scientometrics_guardrail,25,analytics_output/scientometrics_guardrails.csv,3,G02,Coverage Bias Audit,review,Makes source-index visibility a measured limitation rather than an implicit quality signal.,https://sfdora.org/read/,,,Inspect high-activity scholars missing from authority indexes before any visibility claim.; analytics_output/coverage_bias_audit.csv
scientometrics_guardrail,25,analytics_output/scientometrics_guardrails.csv,6,G05,Event Ecology Layer,review,"Treats conferences as institutions and infrastructures, not just containers for individual talks.",https://doi.org/10.1126/science.aao0185,,,"Prioritize missing chair, venue, organizer, and session metadata in source programmes.; analytics_output/event_ecology_audit.csv"
scientometrics_guardrail,25,analytics_output/scientometrics_guardrails.csv,9,G08,FAIR / Reuse Maturity Audit,review,"Checks whether the dataset is findable, accessible, interoperable, and reusable enough for scholarly reuse.",https://doi.org/10.1038/sdata.2016.18,,,Review any non-pass row before publishing a new release.; analytics_output/fair_reuse_maturity_audit.csv
scientometrics_guardrail,25,analytics_output/scientometrics_guardrails.csv,8,G07,Inter-Rater Reliability Dashboard,review,Turns theme and level coding from a black-box label set into an auditable human-in-the-loop protocol.,https://leidenmanifesto.org/,,,Double-code the planned sample and record disagreements before treating labels as analysis.; analytics_output/inter_rater_reliability_plan.csv
scientometrics_guardrail,25,analytics_output/scientometrics_guardrails.csv,4,G03,Negative Evidence Log,review,Records failed or rejected matches so future disambiguation work does not repeat the same false leads.,https://help.openalex.org/hc/en-us/articles/24347048891543-Author-disambiguation,,,Confirm generated no-hit and rejected-filter rows as true negatives or reopen them.; analytics_output/negative_evidence_log.csv
scientometrics_guardrail,25,analytics_output/scientometrics_guardrails.csv,7,G06,Network Robustness Checks,review,"Keeps co-presence, co-presentation, topical, and institutional networks from being interpreted as the same relation.",https://doi.org/10.1126/science.aao0185,,,Report only network conclusions that survive the stated sensitivity checks.; analytics_output/network_robustness_checks.csv
scientometrics_guardrail,25,analytics_output/scientometrics_guardrails.csv,2,G01,Registry of Claims,review,Prevents descriptive conference metadata from being promoted into unsupported career rankings.,https://leidenmanifesto.org/,,,Approve each allowed claim family before using it in article prose or public captions.; analytics_output/scientometrics_claim_registry.csv
person_disambiguation,30,analytics_output/identity_alias_candidates.csv,5,PERS_ac7e1d48,И. Рыжакова,review,medium,,,,
scientometrics_claim,35,analytics_output/scientometrics_claim_registry.csv,4,CLM03,Authority-ID coverage may be reported as index visibility and disambiguation status.,review,"Do not interpret absence from OpenAlex, RINC, Wikipedia, ORCID, Wikidata, or VIAF as low scholarly productivity.",,,,Local authority coverage audit.; Per-source coverage counts and candidate review queues.; analytics_output/coverage_bias_audit.csv
scientometrics_claim,35,analytics_output/scientometrics_claim_registry.csv,7,CLM06,"Cohort statements may describe first observed presentation, return, and absence inside the archive.",review,"Do not claim employment continuity, career exit, or disciplinary entry/exit without external evidence.",,,,"Observed participation histories.; Debut timing, cohort survival, and missingness caveats.; analytics_output/cohort_survival.csv"
scientometrics_claim,35,analytics_output/scientometrics_claim_registry.csv,10,CLM09,"Conference infrastructure claims may describe sessions, venues, themes, and programme organization when source-backed.",review,Do not present the two conferences as the whole infrastructure of Russian Indology.,,,,Event/session/venue metadata in parsed programmes.; Event ecology audit and source snippets.; analytics_output/event_ecology_audit.csv
scientometrics_claim,35,analytics_output/scientometrics_claim_registry.csv,3,CLM02,Institutional statements may describe programme affiliations or verified affiliation spans.,review,Do not claim institutional dominance or complete employment history from city labels.,,,,Programme metadata and manually verified trajectories only.; Source-backed affiliation span or explicit programme affiliation text.; curation/verified_affiliation_spans.csv
scientometrics_claim,35,analytics_output/scientometrics_claim_registry.csv,6,CLM05,Network measures describe positions in explicitly typed observed conference networks.,review,"Do not conflate co-presence, co-presentation, coauthorship, citation, mentorship, or intellectual influence.",,,,"Chosen edge model and observed archive years.; Network edge definitions, robustness checks, and sensitivity note.; analytics_output/network_robustness_checks.csv"
scientometrics_claim,35,analytics_output/scientometrics_claim_registry.csv,9,CLM08,"Publication or citation data may be added only as source-specific, field-aware signals.",review,"Do not compare scholars, generations, or fields using raw works or raw citations.",,,,Matched external indexes with confidence and field/language caveats.; Author disambiguation dossier and field-normalized indicators.; analytics_output/openalex_author_candidates.csv
scientometrics_claim,35,analytics_output/scientometrics_claim_registry.csv,11,CLM10,"Role claims may distinguish presenter, chair, organizer, editor, invited speaker, or memorial subject when the programme says so.",review,Do not assign credit-like roles from name appearance alone.,,,,Raw programme role wording and role taxonomy mapping.; Conference role taxonomy and source evidence.; analytics_output/conference_role_taxonomy.csv
scientometrics_claim,35,analytics_output/scientometrics_claim_registry.csv,2,CLM01,Scholar or series counts describe observed presentations in the indexed Zograf/Roerich archive.,review,"Do not infer scholarly importance, productivity, seniority, or career quality from raw counts.",,,,"Observed conference archive only.; Stable presentation IDs, source programme links, and rebuild validation.; analytics_output/presentation_id_manifest.csv"
scientometrics_claim,35,analytics_output/scientometrics_claim_registry.csv,5,CLM04,Theme and meso codes are title-derived navigation and hypothesis-support labels.,review,Do not present a theme code as a full content analysis of the paper.,,,,"Presentation titles and reviewed classification samples.; Classification reliability packet, uncertainty queues, and manual overrides.; analytics_output/classification_reliability_sample.csv"
scientometrics_claim,35,analytics_output/scientometrics_claim_registry.csv,8,CLM07,Video coverage may describe which talks have known public recordings.,review,"Do not treat recording availability as a status, importance, or quality metric.",,,,"Mapped media records and playlist sources.; Video list, mapping table, and source notes.; analytics_output/video_presentation_mapping.csv"
affiliation_scope,40,analytics_output/zograf_2026_affiliation_audit.csv,8,Александрова Наталия Владимировна,Александрова Наталия Владимировна,todo,A,,,,"Москва; 19; Москва (2025 Zograf Readings) | ИВ РАН, ИКВИА НИУ ВШЭ, Москва (2025 Roerich Readings) | Москва (2024 Zograf Readings); Предание в тексте и"
affiliation_scope,40,analytics_output/zograf_2026_affiliation_audit.csv,18,Васильков Ярослав Владимирович,Васильков Ярослав Владимирович,todo,A,,,,Санкт-Петербург - Фронт-Ройал; 11; СПб - Фронт-Ройал (2025 Zograf Readings) | СПб (2022 Zograf Readings) | Санкт-Петербург (2021 Zograf Readings)
affiliation_scope,40,analytics_output/zograf_2026_affiliation_audit.csv,2,Десницкая Евгения Алексеевна,Десницкая Евгения Алексеевна,todo,A,,,,Санкт-Петербург; 10; СПб. (2025 Zograf Readings) | Санкт-Петербург (2023 Zograf Readings) | СПб (2022 Zograf Readings); Эпическая санкхья в
affiliation_scope,40,analytics_output/zograf_2026_affiliation_audit.csv,12,Ермакова Татьяна Викторовна,Ермакова Татьяна Викторовна,todo,A,,,,Санкт-Петербург; 7; СПб (2025 Zograf Readings) | Санкт-Петербург (2021 Zograf Readings) | Санкт-Петербург (2020 Zograf Readings); А.А. Сталь-Гольштейн
affiliation_scope,40,analytics_output/zograf_2026_affiliation_audit.csv,6,Комиссаров Дмитрий Андреевич,Комиссаров Дмитрий Андреевич,todo,A,,,,"Москва; 4; Москва (2025 Zograf Readings) | ИКВИА НИУ ВШЭ, Москва (2025 Roerich Readings) | Москва (2021 Zograf Readings)"
affiliation_scope,40,analytics_output/zograf_2026_affiliation_audit.csv,4,Крапивина Рада Нельсовна,Крапивина Рада Нельсовна,todo,A,,,,Санкт-Петербург; 3; СПб (2025 Zograf Readings) | ИВР РАН (2021 Roerich Readings) | Санкт-Петербург (2011 Zograf Readings); Абхисамаяаланкара:
affiliation_scope,40,analytics_output/zograf_2026_affiliation_audit.csv,30,Крылова Анастасия Сергеевна,Крылова Анастасия Сергеевна,todo,A,,,,Москва; 6; Москва (2025 Zograf Readings) | ИВ РАН (2023 Roerich Readings) | ИВ РАН (2022 Roerich Readings); Лексика языка куллуи: этимологии
affiliation_scope,40,analytics_output/zograf_2026_affiliation_audit.csv,20,Куликов Леонид Игоревич,Куликов Леонид Игоревич,todo,A,,,,"Гент; 6; Гент (2025 Zograf Readings) | НИУ ВШЭ, онлайн (2023 Roerich Readings) | Гент/Лувен-ля-Нёв (2022 Zograf Readings); Kumāra: этимология и мифология"
affiliation_scope,40,analytics_output/zograf_2026_affiliation_audit.csv,19,Лидова Наталья Ростиславовна,Лидова Наталья Ростиславовна,todo,A,,,,"Москва; 12; Москва (2025 Zograf Readings) | ИМЛИ РАН, Москва (2025 Roerich Readings) | ИМЛИ РАН, онлайн (2024 Roerich Readings); Паришишты как исторический"
affiliation_scope,40,analytics_output/zograf_2026_affiliation_audit.csv,11,Минаева Мария Дмитриевна,Минаева Мария Дмитриевна,todo,A,,,,"Москва; 2; ИКВИА НИУ ВШЭ, Москва (2025 Roerich Readings) | ИКВИА НИУ ВШЭ (2024 Roerich Readings)"
affiliation_scope,40,analytics_output/zograf_2026_affiliation_audit.csv,23,Молина Анна Валерьевна,Молина Анна Валерьевна,todo,A,,,,"Москва; 2; ИМЛИ РАН, Москва (2025 Roerich Readings) | ИКВИА НИУ ВШЭ, ИМЛИ РАН (2024 Roerich Readings); Сита и Агни в «Рамаяне» Вальмики"
affiliation_scope,40,analytics_output/zograf_2026_affiliation_audit.csv,36,Парибок Андрей Всеволодович,Парибок Андрей Всеволодович,todo,A,,,,Москва; 12; Москва (2025 Zograf Readings) | Москва (2023 Zograf Readings) | Москва (2022 Zograf Readings); Уроки Герхарда Оберхаммера. По
affiliation_scope,40,analytics_output/zograf_2026_affiliation_audit.csv,61,Ренковская Евгения Алексеевна,Ренковская Евгения Алексеевна,todo,A,,,,"Москва; 4; Москва (2025 Zograf Readings) | Москва (2021 Zograf Readings) | ИЯз РАН, ИВ РАН (2021 Roerich Readings); Миф о Потопе и тыкве у племен"
affiliation_scope,40,analytics_output/zograf_2026_affiliation_audit.csv,53,Рыжакова Светлана Игоревна,Рыжакова Светлана Игоревна,todo,A,,,,Москва; 18; Москва (2025 Zograf Readings) | Москва (2022 Zograf Readings) | Москва (2021 Zograf Readings); Окна в иной мир: изобразительные
affiliation_scope,40,analytics_output/zograf_2026_affiliation_audit.csv,60,Соболева Диана Владимировна,Соболева Диана Владимировна,todo,A,,,,"Санкт-Петербург; 2; СПбГУ (2022 Zograf Readings) | СПбГУ (2007 Zograf Readings); Яйцо, курица и Тримурти:"
affiliation_scope,40,analytics_output/zograf_2026_affiliation_audit.csv,25,Тавастшерна Сергей Сергеевич,Тавастшерна Сергей Сергеевич,todo,A,,,,"Санкт-Петербург; 18; СПб (2025 Zograf Readings) | СПбГУ, Санкт-Петербург (2025 Roerich Readings) | СПбГУ (2024 Roerich Readings); Чему и как учит"
affiliation_scope,40,analytics_output/zograf_2026_affiliation_audit.csv,24,Цветкова Софья Олеговна,Цветкова Софья Олеговна,todo,A,,,,"Санкт-Петербург; 20; СПбГУ, Санкт-Петербург (2025 Roerich Readings) | СПбГУ (2024 Roerich Readings) | СПбГУ (2022 Zograf Readings); Средневековая"
affiliation_scope,40,analytics_output/zograf_2026_affiliation_audit.csv,28,Челнокова Анна Витальевна,Челнокова Анна Витальевна,todo,A,,,,Санкт-Петербург; 4; СПб. (2025 Zograf Readings) | СПбГУ (2022 Zograf Readings) | Санкт-Петербург (2013 Zograf Readings); Салман Рушди и русская
affiliation_scope,40,analytics_output/zograf_2026_affiliation_audit.csv,7,Шохин Владимир Кириллович,Шохин Владимир Кириллович,todo,A,,,,"Москва; 4; Москва (2025 Zograf Readings) | ИФ РАН, Москва (2025 Roerich Readings) | ИФ РАН (2024 Roerich Readings); Дхармакирти о существовании"
classification_reliability,40,analytics_output/classification_reliability_sample.csv,33,PRES_7c33afdee0,«Век Кроноса» и «Сатья-юга»: два вида «первобытного коммунизма» и античных теорий социогенеза,queued_for_manual_review,all rare G3 records are included,,,,philosophy; classical; 3; comparative_analysis; 0.9
classification_reliability,40,analytics_output/classification_reliability_sample.csv,31,PRES_aa4df50cf0,Древние южноазиатско-африканские связи (по данным фольклора и мифологии),queued_for_manual_review,all rare G3 records are included,,,,history; classical; 3; comparative_analysis; 0.9
classification_reliability,40,analytics_output/classification_reliability_sample.csv,28,PRES_e4b6786e6b,Как сравнивать индийскую и западную эпистемологию? Опыт создания методологии компаративного исследования,queued_for_manual_review,all rare G3 records are included,,,,philosophy; unspecified; 3; comparative_analysis|philosophy_epistemology; 0.9
classification_reliability,40,analytics_output/classification_reliability_sample.csv,34,PRES_af42ca8e9f,Мифы об Индии: 2400 лет «фейковой индологии»,queued_for_manual_review,all rare G3 records are included,,,,history; unspecified; 3; history_of_indology; 0.9
classification_reliability,40,analytics_output/classification_reliability_sample.csv,35,PRES_5f75a74856,Об особенностях индийской философии на основе южноазиатской схемы рациональности,queued_for_manual_review,all rare G3 records are included,,,,philosophy; unspecified; 3; philosophy_epistemology; 0.9
classification_reliability,40,analytics_output/classification_reliability_sample.csv,36,PRES_787b14a0e0,Переоценка различных методологических подходов по исследованию индийской философии: по следам книги В. Адлури и Д. Багчи «The Nay Science: A History of German Indology»,queued_for_manual_review,all rare G3 records are included,,,,philosophy; modern; 3; history_of_indology; 0.9
classification_reliability,40,analytics_output/classification_reliability_sample.csv,32,PRES_74cd40949e,Понятие фундаментальности в индологии,queued_for_manual_review,all rare G3 records are included,,,,other; unspecified; 3; history_of_indology; 0.9
classification_reliability,40,analytics_output/classification_reliability_sample.csv,30,PRES_9f51b09a94,Проблема языка в веданте и европейском романтизме,queued_for_manual_review,all rare G3 records are included,,,,philosophy; classical; 3; comparative_analysis; 0.9
classification_reliability,40,analytics_output/classification_reliability_sample.csv,27,PRES_a8e1d07658,"Скифский язык, топонимы Скифии и Центральной Азии, индоевропейские языки: культурные заимствования из Индии и культур древнего Понта Эвксинского",queued_for_manual_review,all rare G3 records are included,,,,linguistics; unspecified; 3; comparative_analysis; 0.9
classification_reliability,40,analytics_output/classification_reliability_sample.csv,29,PRES_54a32921dc,Сравнительный анализ генезиса рефлексии в индийской и европейской философских традициях: визуальные и лингвистические детерминанты,queued_for_manual_review,all rare G3 records are included,,,,philosophy; classical; 3; comparative_analysis|philosophy_epistemology; 0.9
classification_reliability,40,analytics_output/classification_reliability_sample.csv,26,PRES_15b5fbdc83,Что отличает индийскую эпистемическую культуру от западной?,queued_for_manual_review,all rare G3 records are included,,,,philosophy; unspecified; 3; comparative_analysis; 0.9
coverage_bias,45,analytics_output/coverage_bias_audit.csv,10,any_external_id,Any external ID,review,"Coverage is a source-index visibility signal, not a scholar quality signal.",,,,0.078; 81; Inspect high-activity missing scholars and record true negatives or verified identifiers.
coverage_bias,45,analytics_output/coverage_bias_audit.csv,8,google_scholar,Google Scholar,review,"Coverage is a source-index visibility signal, not a scholar quality signal.",,,,0.000; 98; Inspect high-activity missing scholars and record true negatives or verified identifiers.
coverage_bias,45,analytics_output/coverage_bias_audit.csv,2,orcid,ORCID,review,"Coverage is a source-index visibility signal, not a scholar quality signal.",,,,0.026; 91; Inspect high-activity missing scholars and record true negatives or verified identifiers.
coverage_bias,45,analytics_output/coverage_bias_audit.csv,9,official_url,Official URL,review,"Coverage is a source-index visibility signal, not a scholar quality signal.",,,,0.000; 98; Inspect high-activity missing scholars and record true negatives or verified identifiers.
coverage_bias,45,analytics_output/coverage_bias_audit.csv,5,openalex,OpenAlex,review,"Coverage is a source-index visibility signal, not a scholar quality signal.",,,,0.052; 84; Inspect high-activity missing scholars and record true negatives or verified identifiers.
coverage_bias,45,analytics_output/coverage_bias_audit.csv,7,rinc,RINC/eLIBRARY,review,"Coverage is a source-index visibility signal, not a scholar quality signal.",,,,0.000; 98; Inspect high-activity missing scholars and record true negatives or verified identifiers.
coverage_bias,45,analytics_output/coverage_bias_audit.csv,4,viaf,VIAF,review,"Coverage is a source-index visibility signal, not a scholar quality signal.",,,,0.000; 98; Inspect high-activity missing scholars and record true negatives or verified identifiers.
coverage_bias,45,analytics_output/coverage_bias_audit.csv,3,wikidata,Wikidata,review,"Coverage is a source-index visibility signal, not a scholar quality signal.",,,,0.011; 96; Inspect high-activity missing scholars and record true negatives or verified identifiers.
coverage_bias,45,analytics_output/coverage_bias_audit.csv,6,wikipedia,Wikipedia,review,"Coverage is a source-index visibility signal, not a scholar quality signal.",,,,0.019; 95; Inspect high-activity missing scholars and record true negatives or verified identifiers.
theme_classification,50,analytics_output/theme_review_queue.csv,17,PRES_bf18beecbb,Вступительное слово от организаторов конференции,todo,"Вступительное слово — организационное, не исследовательское.",,,,unspecified; unspecified; 0.9; unspecified; 0.9
theme_classification,50,analytics_output/theme_review_queue.csv,26,PRES_849b070d56,Выступление директора ИВР РАН на открытии конференции,todo,"Выступление директора, организационное.",,,,unspecified; unspecified; 0.9; unspecified; 0.9
theme_classification,50,analytics_output/theme_review_queue.csv,22,PRES_8e04c7e6b1,Выступление директора ИВР РАН на открытии конференции,todo,"Организационное выступление, не исследовательский доклад.",,,,unspecified; unspecified; 0.9; unspecified; 0.9
theme_classification,50,analytics_output/theme_review_queue.csv,27,PRES_af6551ce53,Выступление директора ИВР РАН на открытии конференции,todo,"Выступление директора, организационное, не исследовательское.",,,,unspecified; unspecified; 0.9; unspecified; 0.9
theme_classification,50,analytics_output/theme_review_queue.csv,25,PRES_f911a286e4,Выступление директора ИВР РАН на открытии конференции,todo,"Организационное выступление, не исследовательский доклад.",,,,unspecified; unspecified; 0.9; unspecified; 0.9
theme_classification,50,analytics_output/theme_review_queue.csv,23,PRES_03e4f6f86b,Из воспоминаний о детстве на Онеге,todo,"Воспоминания о детстве, частный кейс.",,,,unspecified; unspecified; 0.9; archive; 0.9
theme_classification,50,analytics_output/theme_review_queue.csv,20,PRES_43bdc7ab3f,Индийские нумерационные системы. По материалам трактата Махавирачарьи «Собрание основных положений науки о вычислениях» (сер. IX в.),todo,"Описание индийских нумерационных систем по одному трактату, частный кейс.",,,,unspecified; unspecified; 0.9; text; 0.9
theme_classification,50,analytics_output/theme_review_queue.csv,13,PRES_76087dcbbe,Индийский мифологический сериал как средство идеологической пропаганды,todo,Анализ конкретного сериала как средства пропаганды — L1.,,,,unspecified; unspecified; 0.85; image; 0.85
theme_classification,50,analytics_output/theme_review_queue.csv,11,PRES_9550fd0f6b,Индийский текст индийской диаспоры,todo,"Формулировка 'Индийский текст индийской диаспоры' неясна и может относиться к одному тексту или явлению, но не обещает обобщения целой традиции или региона. Сомнение в пользу L1.",,,,unspecified; unspecified; 0.8; unspecified; 0.8
theme_classification,50,analytics_output/theme_review_queue.csv,28,PRES_3fd8e2489c,Кинематографический текст в современной индийской культуре,todo,Заголовок 'Кинематографический текст в современной индийской культуре' обещает обобщение о целой традиции (современная индийская культура). L2 подтвержден.,,,,unspecified; unspecified; 0.9; image; 0.9
theme_classification,50,analytics_output/theme_review_queue.csv,16,PRES_a58cb0ccf6,Метод кодировки чисел в трудах индийского математика Арьябхаты,todo,"Конкретный метод и автор, частный кейс.",,,,unspecified; unspecified; 0.9; text; 0.9
theme_classification,50,analytics_output/theme_review_queue.csv,14,PRES_8c55a738df,О стереотипизации адиваси в популярной культуре Индии,todo,Стереотипизация адиваси в популярной культуре — частный случай.,,,,unspecified; unspecified; 0.85; text; 0.85
theme_classification,50,analytics_output/theme_review_queue.csv,24,PRES_3e5e8e70ba,Обращение к участникам конференции,todo,"Обращение к участникам, не является научным докладом.",,,,unspecified; unspecified; 0.9; unspecified; 0.9
theme_classification,50,analytics_output/theme_review_queue.csv,21,PRES_74cd40949e,Понятие фундаментальности в индологии,todo,"Заголовок 'Понятие фундаментальности в индологии' явно заявляет общеметодологическую рамку, что соответствует L3.",,,,unspecified; unspecified; 0.9; unspecified; 0.9
theme_classification,50,analytics_output/theme_review_queue.csv,30,PRES_03edd31e02,Приветственное слово директора ИВР РАН,todo,"Приветственное слово — не исследовательский заголовок, L1 по умолчанию.",,,,unspecified; unspecified; 0.95; unspecified; 0.95
theme_classification,50,analytics_output/theme_review_queue.csv,29,PRES_2142820bf7,Приветственное слово директора ИВР РАН,todo,"Приветственное слово, не является научным докладом.",,,,unspecified; unspecified; 0.95; unspecified; 0.95
theme_classification,50,analytics_output/theme_review_queue.csv,15,PRES_23cb98206f,Приветственное слово директора ИВР РАН,todo,"Приветственное слово, не содержит исследовательского содержания",,,,unspecified; unspecified; 0.9; unspecified; 0.9
theme_classification,50,analytics_output/theme_review_queue.csv,18,PRES_4e66bce058,Приветственное слово директора ИВР РАН,todo,"Приветственное слово, не содержит исследовательского содержания",,,,unspecified; unspecified; 0.9; unspecified; 0.9
theme_classification,50,analytics_output/theme_review_queue.csv,31,PRES_7f59f09c85,Приветственное слово директора ИВР РАН,todo,"Приветственное слово — организационное, не исследовательское.",,,,unspecified; unspecified; 0.95; unspecified; 0.95
theme_classification,50,analytics_output/theme_review_queue.csv,19,PRES_33bcacf231,Смена парадигмы? Числовые «коды» в структуре индийских математических сочинений древности и средневековья,todo,"Заголовок обещает обобщение о смене парадигмы в структуре математических сочинений, что является обобщением класса явлений. L2.",,,,unspecified; unspecified; 0.9; text; 0.9
theme_classification,50,analytics_output/theme_review_queue.csv,12,PRES_e379735ba8,Текущие переводческие проекты Фонда «Сохраним Тибет!» и изд-ва «Нартанг»,todo,"Конкретные переводческие проекты — частный кейс, L1.",,,,unspecified; unspecified; 0.85; text; 0.85
theme_classification,50,analytics_output/theme_review_queue.csv,9,PRES_117aeb7260,Тема уточняется,todo,"Тема уточняется - неопределенный заголовок, минимальная информация.",,,,unspecified; unspecified; 0.5; unspecified; 0.5
theme_classification,50,analytics_output/theme_review_queue.csv,10,PRES_7faed10bfd,Участие директора ИВР РАН в открытии конференции,todo,"Организационное событие, не научное исследование",,,,unspecified; unspecified; 0.7; unspecified; 0.7
senior_absence,60,analytics_output/senior_absence_audit.csv,4,PERS_88d163c1,Видунас Витис,review,"Frequent senior-generation participant through 2022, absent in 2023-2026 archive data.",,,,absent_after_2022; 1960; 2004; 2019; 15; death_year blank in local database; externally verify before biographical claims
senior_absence,60,analytics_output/senior_absence_audit.csv,6,PERS_10547db9,Загуменнов Борис Иванович,review,"Frequent senior-generation participant through 2022, absent in 2023-2026 archive data.",,,,absent_after_2022; 1947; 2006; 2012; 6; death_year blank in local database; externally verify before biographical claims
senior_absence,60,analytics_output/senior_absence_audit.csv,9,PERS_ba81468a,Кокова Юлия Георгиевна,review,"Frequent senior-generation participant through 2022, absent in 2023-2026 archive data.",,,,absent_after_2022; 1955; 2004; 2018; 8; death_year blank in local database; externally verify before biographical claims
senior_absence,60,analytics_output/senior_absence_audit.csv,11,PERS_e96139bd,Коробов Владимир Борисович,review,"Frequent senior-generation participant through 2022, absent in 2023-2026 archive data.",,,,absent_after_2022; 1957; 2011; 2020; 5; death_year blank in local database; externally verify before biographical claims
senior_absence,60,analytics_output/senior_absence_audit.csv,14,PERS_e5a5ac24,Невелева Светлана Леонидовна,review,"Frequent senior-generation participant through 2022, absent in 2023-2026 archive data.",,,,absent_after_2022; 1937; 2004; 2011; 6; death_year blank in local database; externally verify before biographical claims
senior_absence,60,analytics_output/senior_absence_audit.csv,16,PERS_e72d4c09,Огнева Елена Дмитриевна,review,"Frequent senior-generation participant through 2022, absent in 2023-2026 archive data.",,,,absent_after_2022; 1944; 2008; 2022; 13; death_year blank in local database; externally verify before biographical claims
senior_absence,60,analytics_output/senior_absence_audit.csv,20,PERS_3074a8e5,Терентьев Андрей Анатольевич,review,"Frequent senior-generation participant through 2022, absent in 2023-2026 archive data.",,,,absent_after_2022; 1948; 2013; 2022; 5; death_year blank in local database; externally verify before biographical claims
coauthorship_review,65,analytics_output/coauthorship_review.csv,20,PRES_791395e4f3,Female-Mystic in Medieval Tamil Literature and Early Sufism: Structural Similarity of Images,source_backed_review,Confirm that the programme line denotes a true joint presentation before citing as coauthorship.,https://www.orientalstudies.ru/rus/index.php?Itemid=48&id=14847&option=com_content&task=view,,,"2023; Zograf Readings; Псху Рузана Владимировна [coauthor] | Вечерина Ольга Павловна [speaker]; [Olga Vecherina], Ruzana Pskhu (Moscow, RUDN-University). Female-Mystic in Medieval Tamil Literature and Early Sufism: Structural Similarity of Images (онлайн)."
coauthorship_review,65,analytics_output/coauthorship_review.csv,24,PRES_fad14d11c0,Prasādapratibhodbhava (Śatapañcāśatka) Матричеты: тохарский перевод и комментарий,source_backed_review,Confirm that the programme line denotes a true joint presentation before citing as coauthorship.,https://ancient.ivran.ru/novosti?year=2025,,,"2025; Roerich Readings; Иткин Илья Борисович [speaker] | Лундышева Ольга Владимировна [coauthor]; 13.45. И.Б. Иткин (ИВ РАН; НИУ ВШЭ, Москва), О. В. Лундышева (РНБ Сектор восточных фондов Отдела рукописей; ИКВИА НИУ ВШЭ, Санкт-Петербург - Москва). Prasādapratibhodbhava (Śatapañcāśatka) Матричеты: тохарский перевод и комментарий."
coauthorship_review,65,analytics_output/coauthorship_review.csv,19,PRES_cc6f3afab6,«Стела монастыря Шакья 释迦院碑» 1257 г. в Монголии – изучение и анализ текста,source_backed_review,Confirm that the programme line denotes a true joint presentation before citing as coauthorship.,https://ancient.ivran.ru/novosti?year=2022,,,"2022; Roerich Readings; Китинов Баатр Учаевич [coauthor] | Люлина Анастасия Геннадьевна [speaker]; 14.30. А. Г. Люлина (ИВ РАН), Б.У. Китинов (ИВ РАН). «Стела монастыря Шакья 释迦院碑» 1257 г. в Монголии – изучение и анализ текста."
coauthorship_review,65,analytics_output/coauthorship_review.csv,3,PRES_fa7c38b2f3,«Энциклопедия Абхидхармы» Васубандху как произведение санскритской литературы,source_backed_review,Confirm that the programme line denotes a true joint presentation before citing as coauthorship.,https://www.orientalstudies.ru/rus/index.php?Itemid=48&id=1251&option=com_content&task=view,,,"2006; Zograf Readings; Рудой Валерий Исаакович [coauthor] | Островская Елена Петровна [speaker]; Е. П. Островская, В. И. Рудой (СПб). «Энциклопедия Абхидхармы» Васубандху как произведение санскритской литературы."
coauthorship_review,65,analytics_output/coauthorship_review.csv,16,PRES_a12fd2f1ff,Астрологические манускрипты на танкри из коллекции Кхубрама Кхушдиля (Химачал-Прадеш): особенности текстов и датировка,source_backed_review,Confirm that the programme line denotes a true joint presentation before citing as coauthorship.,https://ancient.ivran.ru/novosti?year=2021,,,"2021; Roerich Readings; Ренковская Евгения Алексеевна [coauthor] | Крылова Анастасия Сергеевна [speaker]; 12.00. А.С. Крылова (ИВ РАН), Е. А. Ренковская (ИЯз РАН, ИВ РАН) Астрологические манускрипты на танкри из коллекции Кхубрама Кхушдиля (Химачал-Прадеш): особенности текстов и датировка."
coauthorship_review,65,analytics_output/coauthorship_review.csv,26,PRES_422bda6a2b,"Востоковед Павел Яковлевич Петров (1814–1875), его библиотека и архив",source_backed_review,Confirm that the programme line denotes a true joint presentation before citing as coauthorship.,https://www.orientalstudies.ru/rus/index.php?Itemid=48&id=15292&option=com_content&task=view,,,"2026; Zograf Readings; Седукова Надежда Александровна [coauthor] | Мотылёва Вера Леонидовна [speaker]; Мотылёва Вера Леонидовна (Москва). Седукова Надежда Александровна (Новгород). Востоковед Павел Яковлевич Петров (1814–1875), его библиотека и архив."
coauthorship_review,65,analytics_output/coauthorship_review.csv,15,PRES_ed195acb30,Г*. (Санкт-Петербург). Семья Рудневых как собиратели коллекций для МАЭ РАН,source_backed_review,Confirm that the programme line denotes a true joint presentation before citing as coauthorship.,https://www.orientalstudies.ru/rus/index.php?Itemid=48&id=14119&option=com_content&task=view,,,"2021; Zograf Readings; Соболева Елена Станиславовна [speaker] | Краснодембская Нина Георгиевна [coauthor]; Соболева Е. С., Краснодембская Н. Г*. (Санкт-Петербург). Семья Рудневых как собиратели коллекций для МАЭ РАН"
coauthorship_review,65,analytics_output/coauthorship_review.csv,12,PRES_542213417f,Д. Д. Руднев как радетель пополнения коллекций МАЭ РАН,source_backed_review,Confirm that the programme line denotes a true joint presentation before citing as coauthorship.,https://www.orientalstudies.ru/rus/index.php?Itemid=48&id=12981&option=com_content&task=view,,,"2020; Zograf Readings; Соболева Елена Станиславовна [coauthor] | Краснодембская Нина Георгиевна [speaker]; Краснодембская Нина Георгиевна, Соболева Елена Станиславовна (Санкт-Петербург). Д. Д. Руднев как радетель пополнения коллекций МАЭ РАН."
coauthorship_review,65,analytics_output/coauthorship_review.csv,18,PRES_76a1404370,"Диалектологическое исследование языка куллуи (< химачали): задачи, методика, результаты",source_backed_review,Confirm that the programme line denotes a true joint presentation before citing as coauthorship.,https://www.orientalstudies.ru/rus/index.php?Itemid=48&id=14629&option=com_content&task=view,,,"2022; Zograf Readings; Ренковская Евгения Алексеевна [coauthor] | Крылова Анастасия Сергеевна [speaker]; А.С. Крылова, Е.А. Ренковская (Москва). Диалектологическое исследование языка куллуи (< химачали): задачи, методика, результаты."
coauthorship_review,65,analytics_output/coauthorship_review.csv,10,PRES_559936c99d,Индийские языки и нарративы на Маврикии: Рама-катха и поэзия на бходжпури,source_backed_review,Confirm that the programme line denotes a true joint presentation before citing as coauthorship.,https://www.orientalstudies.ru/rus/index.php?Itemid=48&id=10154&option=com_content&task=view,,,"2019; Zograf Readings; Демченко Максим Борисович [speaker] | М. Рамдхари [coauthor]; М. Б. Демченко (Москва), М. Рамдхари (Маврикий). Индийские языки и нарративы на Маврикии: Рама-катха и поэзия на бходжпури"
coauthorship_review,65,analytics_output/coauthorship_review.csv,9,PRES_71a0e79f12,Индо-иранская сабля-шамшир из собрания МАЭ,source_backed_review,Confirm that the programme line denotes a true joint presentation before citing as coauthorship.,https://www.orientalstudies.ru/rus/index.php?Itemid=48&id=7591&option=com_content&task=view,,,"2018; Zograf Readings; Е. И. Малоземова [coauthor] | Курочкин Александр Юрьевич [speaker]; А. Ю. Курочкин, Е. И. Малоземова (Москва, СПб). Индо-иранская сабля-шамшир из собрания МАЭ"
coauthorship_review,65,analytics_output/coauthorship_review.csv,14,PRES_d59e7f7256,Индологический материал в рабочих записках Д. Г. Мессершмидта по востоковедению (Collectanea Messerschmidtiana),source_backed_review,Confirm that the programme line denotes a true joint presentation before citing as coauthorship.,https://www.orientalstudies.ru/rus/index.php?Itemid=48&id=14119&option=com_content&task=view,,,"2021; Zograf Readings; Иванов Владимир Павлович [coauthor] | Зорин Алексей Валерьевич [speaker]; Зорин А. В., Иванов В. П. (Санкт-Петербург). Индологический материал в рабочих записках Д. Г. Мессершмидта по востоковедению (Collectanea Messerschmidtiana)"
coauthorship_review,65,analytics_output/coauthorship_review.csv,6,PRES_85aa1ef84a,Индологический миф: к вопросу о происхождении термина «индуизм»,source_backed_review,Confirm that the programme line denotes a true joint presentation before citing as coauthorship.,https://www.orientalstudies.ru/rus/index.php?Itemid=48&id=3296&option=com_content&task=view,,,"2013; Zograf Readings; М. М. Фиалко [coauthor] | Пахомов Сергей Владимирович [speaker]; С. В. Пахомов, М. М. Фиалко (Санкт-Петербург). Индологический миф: к вопросу о происхождении термина «индуизм»"
coauthorship_review,65,analytics_output/coauthorship_review.csv,23,PRES_5c44ffa32f,Исторические и историографические особенности монгольской летописи начала XVIII в.: Гомбоджаб. «Течение Ганга»,source_backed_review,Confirm that the programme line denotes a true joint presentation before citing as coauthorship.,https://ancient.ivran.ru/novosti?year=2025,,,"2025; Roerich Readings; М. А. Овчинникова [coauthor] | Цендина Анна Дамдиновна [speaker]; 15.00. А.Д. Цендина (ИКВИА НИУ ВШЭ, Москва), М.А. Овчинникова (ИВ РАН, Москва). Исторические и историографические особенности монгольской летописи начала XVIII в.: Гомбоджаб. «Течение Ганга»."
coauthorship_review,65,analytics_output/coauthorship_review.csv,22,PRES_a67d45cc5a,К идентификации тантрических изображений Ямантаки в монастыре Юнъань-сы 永安寺 провинции Шаньси 山西省,source_backed_review,Confirm that the programme line denotes a true joint presentation before citing as coauthorship.,https://ancient.ivran.ru/novosti?year=2024,,,"2024; Roerich Readings; Брылёва Наталья Анатольевна [speaker] | А. В. Осокин [coauthor]; 15.00. Н.А. Брылёва (Институт экономики и управления АПК, КрасГАУ, онлайн), А.В. Осокин (ИВ РАН, онлайн). К идентификации тантрических изображений Ямантаки в монастыре Юнъань-сы 永安寺 провинции Шаньси 山西省."
coauthorship_review,65,analytics_output/coauthorship_review.csv,17,PRES_386eb26ca7,О сюжетах по джатаке Махаджанака в сингальской коллекции МАЭ,source_backed_review,Confirm that the programme line denotes a true joint presentation before citing as coauthorship.,https://www.orientalstudies.ru/rus/index.php?Itemid=48&id=14629&option=com_content&task=view,,,"2022; Zograf Readings; Соболева Елена Станиславовна [coauthor] | Краснодембская Нина Георгиевна [speaker]; Н.Г. Краснодембская, Е.С. Соболева (СПб). О сюжетах по джатаке Махаджанака в сингальской коллекции МАЭ."
coauthorship_review,65,analytics_output/coauthorship_review.csv,27,PRES_702d8347a7,Об одном диафильме В. Чатопадаева из коллекции МАЭ РАН,source_backed_review,Confirm that the programme line denotes a true joint presentation before citing as coauthorship.,https://www.orientalstudies.ru/rus/index.php?Itemid=48&id=15292&option=com_content&task=view,,,"2026; Zograf Readings; Соболева Елена Станиславовна [coauthor] | Котин Игорь Юрьевич [speaker]; Котин Игорь Юрьевич, Соболева Елена Станиславовна (Санкт-Петербург). Об одном диафильме В. Чатопадаева из коллекции МАЭ РАН."
coauthorship_review,65,analytics_output/coauthorship_review.csv,13,PRES_d1a01cb53b,Онлайн-корпус текстов на языках южных мунда: задачи и специфика,source_backed_review,Confirm that the programme line denotes a true joint presentation before citing as coauthorship.,https://www.orientalstudies.ru/rus/index.php?Itemid=48&id=12981&option=com_content&task=view,,,"2020; Zograf Readings; Ренковская Евгения Алексеевна [coauthor] | Крылова Анастасия Сергеевна [speaker]; Крылова Анастасия Сергеевна, Ренковская Евгения Алексеевна (Москва). Онлайн-корпус текстов на языках южных мунда: задачи и специфика"
coauthorship_review,65,analytics_output/coauthorship_review.csv,2,PRES_a8e1a30833,"Перевод Г.С.Лебедевым поэмы Бхарат Чондро Рая «Биддешундор» (по рукописи, хранящейся в РГИА). Предварительное сообщение",source_backed_review,Confirm that the programme line denotes a true joint presentation before citing as coauthorship.,https://www.orientalstudies.ru/rus/index.php?Itemid=48&id=80&option=com_content&task=view,,,"2004; Zograf Readings; Сладков Андрей Леонидович [coauthor] | Бросалина Елена Кирилловна [speaker]; Е.К.Бросалина, А.Л.Сладков. Перевод Г.С.Лебедевым поэмы Бхарат Чондро Рая «Биддешундор» (по рукописи, хранящейся в РГИА). Предварительное сообщение."
coauthorship_review,65,analytics_output/coauthorship_review.csv,11,PRES_a86f6623ae,Поэзия народов мунда,source_backed_review,Confirm that the programme line denotes a true joint presentation before citing as coauthorship.,https://www.orientalstudies.ru/rus/index.php?Itemid=48&id=10154&option=com_content&task=view,,,"2019; Zograf Readings; Ренковская Евгения Алексеевна [coauthor] | Крылова Анастасия Сергеевна [speaker]; А. С. Крылова, Е. А. Ренковская (Москва). Поэзия народов мунда"
coauthorship_review,65,analytics_output/coauthorship_review.csv,21,PRES_aad0fc574e,Российская экспедиция в Ассам 1911-1912 гг,source_backed_review,Confirm that the programme line denotes a true joint presentation before citing as coauthorship.,https://www.orientalstudies.ru/rus/index.php?Itemid=48&id=14999&option=com_content&task=view,,,"2024; Zograf Readings; Соболева Елена Станиславовна [coauthor] | Краснодембская Нина Георгиевна [speaker]; Краснодембская Н.Г., Соболева Е.С. (СПб) Российская экспедиция в Ассам 1911-1912 гг."
coauthorship_review,65,analytics_output/coauthorship_review.csv,5,PRES_0dca1ac371,Старинные португальские частушки в этнографическом контексте Южной Азии,source_backed_review,Confirm that the programme line denotes a true joint presentation before citing as coauthorship.,https://www.orientalstudies.ru/rus/index.php?Itemid=48&id=3296&option=com_content&task=view,,,"2013; Zograf Readings; Соболева Елена Станиславовна [coauthor] | Краснодембская Нина Георгиевна [speaker]; Н. Г. Краснодембская, Е. С. Соболева (Санкт-Петербург). Старинные португальские частушки в этнографическом контексте Южной Азии"
coauthorship_review,65,analytics_output/coauthorship_review.csv,8,PRES_ce3d88067d,Тальварная рукоять и ее символика,source_backed_review,Confirm that the programme line denotes a true joint presentation before citing as coauthorship.,https://www.orientalstudies.ru/rus/index.php?Itemid=48&id=5510&option=com_content&task=view,,,"2017; Zograf Readings; Д. А. Шереметьев [coauthor] | Курочкин Александр Юрьевич [speaker]; А. Ю. Курочкин, Д. А. Шереметьев. Тальварная рукоять и ее символика 15.00. МАЭ  (Кунсткамера) РАН. Конференц-зал (Детский центр)"
coauthorship_review,65,analytics_output/coauthorship_review.csv,4,PRES_9d84234785,Терминология и грамматика в «Энциклопедии Абхидхармы» Васубандху,source_backed_review,Confirm that the programme line denotes a true joint presentation before citing as coauthorship.,https://www.orientalstudies.ru/rus/index.php?Itemid=48&id=2074&option=com_content&task=view,,,"2008; Zograf Readings; Рудой Валерий Исаакович [coauthor] | Островская Елена Петровна [speaker]; Е.П.Островская, В.И.Рудой. Терминология и грамматика в «Энциклопедии Абхидхармы» Васубандху"
coauthorship_review,65,analytics_output/coauthorship_review.csv,7,PRES_606634cdb3,"У сингальских мастеров по дереву (Шри Ланка, осень 2014 г.)",source_backed_review,Confirm that the programme line denotes a true joint presentation before citing as coauthorship.,https://www.orientalstudies.ru/rus/index.php?Itemid=48&id=4789&option=com_content&task=view,,,"2016; Zograf Readings; И. В. Калинина [coauthor] | Краснодембская Нина Георгиевна [speaker]; Н. Г. Краснодембская, И. В. Калинина. У сингальских мастеров по дереву (Шри Ланка, осень 2014 г.)"
coauthorship_review,65,analytics_output/coauthorship_review.csv,25,PRES_23a87e494f,Фарс Шанкхадхары «Латакамелака» и ее рукопись из Библиотеки им. Кешара (Катманду),source_backed_review,Confirm that the programme line denotes a true joint presentation before citing as coauthorship.,https://www.orientalstudies.ru/rus/index.php?Itemid=48&id=15292&option=com_content&task=view,,,"2026; Zograf Readings; Минаева Маргарита Денисовна [coauthor] | Комиссаров Дмитрий Алексеевич [speaker]; Комиссаров Дмитрий Алексеевич, Минаева Маргарита Денисовна (Москва). Фарс Шанкхадхары «Латакамелака» и ее рукопись из Библиотеки им. Кешара (Катманду)."
senior_absence,68,analytics_output/senior_absence_audit.csv,2,PERS_5228da95,Вертоградова Виктория Викторовна,review,"Frequent senior-generation participant before 2026, absent from the 2026 Zograf programme in current data.",,,,absent_in_2026; 1933; 2006; 2024; 17; death_year blank in local database; externally verify before biographical claims
senior_absence,68,analytics_output/senior_absence_audit.csv,3,PERS_f5b8b340,Вигасин Алексей Алексеевич,review,"Frequent senior-generation participant before 2026, absent from the 2026 Zograf programme in current data.",,,,absent_in_2026; 1946; 2006; 2025; 7; death_year blank in local database; externally verify before biographical claims
senior_absence,68,analytics_output/senior_absence_audit.csv,5,PERS_88d163c1,Видунас Витис,review,"Frequent senior-generation participant before 2026, absent from the 2026 Zograf programme in current data.",,,,absent_in_2026; 1960; 2004; 2019; 15; death_year blank in local database; externally verify before biographical claims
senior_absence,68,analytics_output/senior_absence_audit.csv,7,PERS_10547db9,Загуменнов Борис Иванович,review,"Frequent senior-generation participant before 2026, absent from the 2026 Zograf programme in current data.",,,,absent_in_2026; 1947; 2006; 2012; 6; death_year blank in local database; externally verify before biographical claims
senior_absence,68,analytics_output/senior_absence_audit.csv,8,PERS_efc88709,Канаева Наталия Алексеевна,review,"Frequent senior-generation participant before 2026, absent from the 2026 Zograf programme in current data.",,,,absent_in_2026; 1953; 2013; 2025; 6; death_year blank in local database; externally verify before biographical claims
senior_absence,68,analytics_output/senior_absence_audit.csv,10,PERS_ba81468a,Кокова Юлия Георгиевна,review,"Frequent senior-generation participant before 2026, absent from the 2026 Zograf programme in current data.",,,,absent_in_2026; 1955; 2004; 2018; 8; death_year blank in local database; externally verify before biographical claims
senior_absence,68,analytics_output/senior_absence_audit.csv,12,PERS_e96139bd,Коробов Владимир Борисович,review,"Frequent senior-generation participant before 2026, absent from the 2026 Zograf programme in current data.",,,,absent_in_2026; 1957; 2011; 2020; 5; death_year blank in local database; externally verify before biographical claims
senior_absence,68,analytics_output/senior_absence_audit.csv,13,PERS_12125da9,Лысенко Виктория Георгиевна,review,"Frequent senior-generation participant before 2026, absent from the 2026 Zograf programme in current data.",,,,absent_in_2026; 1953; 2004; 2025; 25; death_year blank in local database; externally verify before biographical claims
senior_absence,68,analytics_output/senior_absence_audit.csv,15,PERS_e5a5ac24,Невелева Светлана Леонидовна,review,"Frequent senior-generation participant before 2026, absent from the 2026 Zograf programme in current data.",,,,absent_in_2026; 1937; 2004; 2011; 6; death_year blank in local database; externally verify before biographical claims
senior_absence,68,analytics_output/senior_absence_audit.csv,17,PERS_e72d4c09,Огнева Елена Дмитриевна,review,"Frequent senior-generation participant before 2026, absent from the 2026 Zograf programme in current data.",,,,absent_in_2026; 1944; 2008; 2022; 13; death_year blank in local database; externally verify before biographical claims
senior_absence,68,analytics_output/senior_absence_audit.csv,18,PERS_c48611e0,Островская Елена Петровна,review,"Frequent senior-generation participant before 2026, absent from the 2026 Zograf programme in current data.",,,,absent_in_2026; 1950; 2006; 2025; 16; death_year blank in local database; externally verify before biographical claims
senior_absence,68,analytics_output/senior_absence_audit.csv,19,PERS_f940c5b3,Стрелкова Гюзэль Владимировна,review,"Frequent senior-generation participant before 2026, absent from the 2026 Zograf programme in current data.",,,,absent_in_2026; 1958; 2004; 2024; 5; death_year blank in local database; externally verify before biographical claims
senior_absence,68,analytics_output/senior_absence_audit.csv,21,PERS_3074a8e5,Терентьев Андрей Анатольевич,review,"Frequent senior-generation participant before 2026, absent from the 2026 Zograf programme in current data.",,,,absent_in_2026; 1948; 2013; 2022; 5; death_year blank in local database; externally verify before biographical claims
affiliation_scope,70,analytics_output/zograf_2026_affiliation_audit.csv,58,Альбедиль Маргарита Федоровна,Альбедиль Маргарита Федоровна,todo,B,,,,Санкт-Петербург; 9; СПб. (2025 Zograf Readings) | СПб (2022 Zograf Readings) | Санкт-Петербург (2021 Zograf Readings); Непальский вариант
affiliation_scope,70,analytics_output/zograf_2026_affiliation_audit.csv,52,Анисимова Дарья Дмитриевна,Анисимова Дарья Дмитриевна,todo,B,,,,Санкт-Петербург; 1; СПб. (2025 Zograf Readings); Голод в Бенгалии 1943
affiliation_scope,70,analytics_output/zograf_2026_affiliation_audit.csv,3,Бурмистров Сергей Леонидович,Бурмистров Сергей Леонидович,todo,B,,,,Санкт-Петербург; 8; СПб. (2025 Zograf Readings) | Санкт-Петербург (2023 Zograf Readings) | СПб (2022 Zograf Readings); Теория познания в
affiliation_scope,70,analytics_output/zograf_2026_affiliation_audit.csv,21,Волошина Оксана Анатольевна,Волошина Оксана Анатольевна,todo,B,,,,Москва; 7; Москва (2025 Zograf Readings) | Москва (2022 Zograf Readings) | Москва (2021 Zograf Readings); Синтез сложных слов tatpuruṣa и
affiliation_scope,70,analytics_output/zograf_2026_affiliation_audit.csv,10,Демченко Максим Борисович,Демченко Максим Борисович,todo,B,,,,Москва; 7; Москва (2025 Zograf Readings) | Москва (2023 Zograf Readings) | Москва (2022 Zograf Readings); «Шри Рамананда-чаритам»
affiliation_scope,70,analytics_output/zograf_2026_affiliation_audit.csv,22,Егорова Мария Александровна,Егорова Мария Александровна,todo,B,,,,Москва; 1; Москва (2025 Zograf Readings); Имперфект в древнеиндийском
affiliation_scope,70,analytics_output/zograf_2026_affiliation_audit.csv,5,Иванов Владимир Павлович,Иванов Владимир Павлович,todo,B,,,,Санкт-Петербург; 3; СПб (2025 Zograf Readings) | СПб (2022 Zograf Readings) | СПб (2012 Zograf Readings); Зачем спорили хэшан
affiliation_scope,70,analytics_output/zograf_2026_affiliation_audit.csv,42,Игнатьев Андрей Александрович,Игнатьев Андрей Александрович,todo,B,,,,Калининград; 11; Калининград (2023 Zograf Readings) | Калининград (2021 Zograf Readings) | Калининград (2019 Zograf Readings); «Сказание о Лиле» в «Йога-
affiliation_scope,70,analytics_output/zograf_2026_affiliation_audit.csv,31,Коровина Евгения Владимировна,Коровина Евгения Владимировна,todo,B,,,,Москва; 3; Москва (2025 Zograf Readings) | Москва (2021 Zograf Readings) | Москва (2019 Zograf Readings); Южноандаманские языки: к
affiliation_scope,70,analytics_output/zograf_2026_affiliation_audit.csv,54,Котин Игорь Юрьевич,Котин Игорь Юрьевич,todo,B,,,,Санкт-Петербург; 5; СПб (2022 Zograf Readings) | СПб (2018 Zograf Readings) | СПб (2014 Zograf Readings)
affiliation_scope,70,analytics_output/zograf_2026_affiliation_audit.csv,17,Лекарева Ева Павловна,Лекарева Ева Павловна,todo,B,,,,Санкт-Петербург; 1; СПб. (2025 Zograf Readings); Вера Александровна Новикова
affiliation_scope,70,analytics_output/zograf_2026_affiliation_audit.csv,48,Лемешкина Ксения Вячеславовна,Лемешкина Ксения Вячеславовна,todo,B,,,,"Санкт-Петербург; 2; СПб. (2025 Zograf Readings) | Санкт-Петербург (2020 Zograf Readings); Огонь, вода и память:"
affiliation_scope,70,analytics_output/zograf_2026_affiliation_audit.csv,38,Лобанов Сергей Владимирович,Лобанов Сергей Владимирович,todo,B,,,,Москва; 4; Москва (2025 Zograf Readings) | Москва (2022 Zograf Readings) | Москва (2013 Zograf Readings); Вклад Абхинавагупты в развитие
affiliation_scope,70,analytics_output/zograf_2026_affiliation_audit.csv,46,Лужинская Полина Александровна,Лужинская Полина Александровна,todo,B,,,,Санкт-Петербург; 1; СПб. (2025 Zograf Readings); Особая священная
affiliation_scope,70,analytics_output/zograf_2026_affiliation_audit.csv,9,Оранская Татьяна Иосифовна,Оранская Татьяна Иосифовна,todo,B,,,,"Санкт-Петербург; 5; СПб (2025 Zograf Readings) | Санкт-Петербург (2023 Zograf Readings) | Гамбург, Германия (2020 Zograf Readings); Заметки о роли индийской"
affiliation_scope,70,analytics_output/zograf_2026_affiliation_audit.csv,35,Псху Рузана Владимировна,Псху Рузана Владимировна,todo,B,,,,Москва; 11; Москва (2025 Zograf Readings) | Москва (2022 Zograf Readings) | Москва (2021 Zograf Readings); Коннотативные особенности
affiliation_scope,70,analytics_output/zograf_2026_affiliation_audit.csv,59,Рыбакова Анна Геннадьевна,Рыбакова Анна Геннадьевна,todo,B,,,,Москва – Патмос; 5; Москва – Патмос (2025 Zograf Readings) | Москва/Патмос (2022 Zograf Readings) | Москва – Патмос (2021 Zograf Readings); Златоликие образы
affiliation_scope,70,analytics_output/zograf_2026_affiliation_audit.csv,27,Сабирова Римма Наилевна,Сабирова Римма Наилевна,todo,B,,,,Казань; 6; Казань (2025 Zograf Readings) | Казань (2022 Zograf Readings) | Казань (2021 Zograf Readings); Сон Урмилы в современной индийской
affiliation_scope,70,analytics_output/zograf_2026_affiliation_audit.csv,40,Скороходова Татьяна Григорьевна,Скороходова Татьяна Григорьевна,todo,B,,,,Пенза; 8; Пенза (2025 Zograf Readings) | Пенза (2021 Zograf Readings) | Пенза (2019 Zograf Readings); Интерпретация идей Упанишад в
affiliation_scope,70,analytics_output/zograf_2026_affiliation_audit.csv,55,Соболева Елена Станиславовна,Соболева Елена Станиславовна,todo,B,,,,Санкт-Петербург; 2; СПб. (2025 Zograf Readings) | Санкт-Петербург (2020 Zograf Readings)
affiliation_scope,70,analytics_output/zograf_2026_affiliation_audit.csv,41,Толчельников Иван Евгеньевич,Толчельников Иван Евгеньевич,todo,B,,,,"Москва; 1; Москва (2025 Zograf Readings); Санньяса и Брахмалока: смерть,"
affiliation_scope,70,analytics_output/zograf_2026_affiliation_audit.csv,43,Шомахмадов Сафарали Хайбуллоевич,Шомахмадов Сафарали Хайбуллоевич,todo,B,,,,Санкт-Петербург; 5; СПб (2022 Zograf Readings) | Санкт-Петербург (2021 Zograf Readings) | СПб (2014 Zograf Readings); Структура ниданы
affiliation_scope,70,analytics_output/zograf_2026_affiliation_audit.csv,32,Яковлева Мария Николаевна,Яковлева Мария Николаевна,todo,B,,,,"Санкт-Петербург; 2; СПб. (2025 Zograf Readings) | Санкт-Петербург (2019 Zograf Readings); ""Башни с нишами"" в"
conference_role_taxonomy,70,analytics_output/conference_role_taxonomy.csv,10,discussant,Discussant/respondent,needs_source_mapping,"Person named as discussant, respondent, or commentator.",,,,"session notes, programme label; Discussant role when explicit.; Validation"
conference_role_taxonomy,70,analytics_output/conference_role_taxonomy.csv,8,editor_compiler,Editor/compiler,needs_source_mapping,"Person credited for published proceedings, programme, or source compilation.",,,,"bibliographic note, programme footer; Editorial contribution when explicit.; Writing/review/editing"
conference_role_taxonomy,70,analytics_output/conference_role_taxonomy.csv,7,invited_speaker,Invited speaker,needs_source_mapping,"Person labelled invited, plenary, keynote, or guest speaker.",,,,"session title, programme label; Invited role when explicit.; Investigation"
conference_role_taxonomy,70,analytics_output/conference_role_taxonomy.csv,9,memorial_subject,Memorial/session subject,needs_source_mapping,"Person who is the object of a memorial, jubilee, or dedicated session.",,,,"session title, event theme; Commemorative focus, not participation.; Resources"
conference_role_taxonomy,70,analytics_output/conference_role_taxonomy.csv,5,organizer,Organizer,needs_source_mapping,Person or organization named as an event organizer.,,,,"programme header, source snippet; Event organization when explicit.; Project administration"
conference_role_taxonomy,70,analytics_output/conference_role_taxonomy.csv,6,programme_committee,Programme committee,needs_source_mapping,Person named as programme or organizing committee member.,,,,programme header/list; Committee membership when explicit.; Project administration
conference_role_taxonomy,70,analytics_output/conference_role_taxonomy.csv,4,session_chair,Session chair,needs_source_mapping,"Person named as chair, moderator, or presiding participant for a session.",,,,session.chair_text_raw; Session stewardship when source-backed.; Supervision
senior_biographical_verification,72,curation/senior_biographical_verification.csv,2,PERS_5228da95,Вертоградова Виктория Викторовна,biographical_profile_no_death_marker,External profile supports identity and public biographical context; absence in 2026 must not be interpreted as death.,https://philos.msu.ru/node/264,,2026-06-01,absent_in_2026; Вертоградова Виктория Викторовна | Философский факультет МГУ; 2026-06-01
senior_biographical_verification,72,curation/senior_biographical_verification.csv,3,PERS_f5b8b340,Вигасин Алексей Алексеевич,active_or_current_profile,MSU profile reports current/continuing academic role; absence in 2026 is a programme-level signal,https://letopis.msu.ru/peoples/9793,,2026-06-01,absent_in_2026; ЭС: А.А.Вигасин | Летопись Московского университета; 2026-06-01
senior_biographical_verification,72,curation/senior_biographical_verification.csv,4,PERS_88d163c1,Видунас Витис,external_activity_after_2022,External activity after 2022 supports treating archive absence as geopolitical/contextual or venue-specific,https://www.mfa.lt/en/news/928/vilnius-university-scholar-vytis-vidunas-receives-the-2023-india-lithuania-friendship-award%3A35351,,2026-06-01,absent_after_2022; Vilnius University scholar Vytis Vidunas receives the 2023 India-Lithuania Friendship Award; 2023-07-24; 2026-06-01
senior_biographical_verification,72,curation/senior_biographical_verification.csv,14,PERS_10547db9,Загуменнов Борис Иванович,active_or_current_profile,"Живущий буддолог и переводчик (кандидат философских наук, СПбГУ); издал книгу в 2022 г. (savetibet.ru) и монографию в 2023 г. Отсутствие в программах 2023–2026 — программный сигнал, а не биографический выход; маркера смерти нет.",https://buddhist-translations.ru/translators/70-boris-zagumyonnov.html,,2026-06-14,"absent_in_2026; Борис Загумённов — буддолог, переводчик буддийских текстов | buddhist-translations.ru; 2022; 2026-06-14"
senior_biographical_verification,72,curation/senior_biographical_verification.csv,5,PERS_efc88709,Канаева Наталия Алексеевна,active_or_current_profile,HSE staff profile supports current academic identity; absence in 2026 requires programme-level interpretation.,https://www.hse.ru/staff/nkanaeva/,,2026-06-01,absent_in_2026; Канаева Наталия Алексеевна | НИУ ВШЭ; 2026-06-01
senior_biographical_verification,72,curation/senior_biographical_verification.csv,6,PERS_ba81468a,Кокова Юлия Георгиевна,active_or_current_profile,Orientalia Rossica lists her among South Asia specialists with a Saint Petersburg State University affiliation; archive absence remains venue-specific rather than biographical.,https://orientaliarossica.com/orientalistsregion/3,,2026-06-01,absent_after_2022; Кокова Юлия Георгиевна | Orientalia Rossica; 2026-06-01
senior_biographical_verification,72,curation/senior_biographical_verification.csv,7,PERS_e96139bd,Коробов Владимир Борисович,biographical_profile_no_death_marker,Public profile reports birth data and no death marker; archive absence remains venue-specific and plausibly cross-border/contextual.,https://ru.wikipedia.org/wiki/%D0%9A%D0%BE%D1%80%D0%BE%D0%B1%D0%BE%D0%B2%2C_%D0%92%D0%BB%D0%B0%D0%B4%D0%B8%D0%BC%D0%B8%D1%80_%D0%91%D0%BE%D1%80%D0%B8%D1%81%D0%BE%D0%B2%D0%B8%D1%87_%28%D0%B2%D0%BE%D1%81%D1%82%D0%BE%D0%BA%D0%BE%D0%B2%D0%B5%D0%B4%29,,2026-06-01,absent_after_2022; Коробов Владимир Борисович (востоковед); 2026-06-01
senior_biographical_verification,72,curation/senior_biographical_verification.csv,8,PERS_12125da9,Лысенко Виктория Георгиевна,active_or_current_profile,Official institutional profile supports current scholarly identity; absence in 2026 is not a biographical disappearance.,https://iph.ras.ru/lysenko.htm,,2026-06-01,absent_in_2026; Лысенко Виктория Георгиевна | Институт философии РАН; 2026-06-01
senior_biographical_verification,72,curation/senior_biographical_verification.csv,9,PERS_e5a5ac24,Невелева Светлана Леонидовна,biographical_profile_no_death_marker,Public biographical source supports identity and birth data; no post-2022 programme appearance should be treated cautiously.,https://www.orientalstudies.ru/eng/images/personalia/pdf/neveleva.pdf,,2026-06-01,absent_after_2022; Невелева Светлана Леонидовна | ИВР РАН personalia PDF; 2026-06-01
senior_biographical_verification,72,curation/senior_biographical_verification.csv,10,PERS_e72d4c09,Огнева Елена Дмитриевна,biographical_profile_no_death_marker,Public profile reports birth data and Ukrainian scholarly context; post-2022 archive absence should be separated from the 2026 programme-filter hypothesis.,https://ru.wikipedia.org/wiki/%D0%9E%D0%B3%D0%BD%D0%B5%D0%B2%D0%B0%2C_%D0%95%D0%BB%D0%B5%D0%BD%D0%B0_%D0%94%D0%BC%D0%B8%D1%82%D1%80%D0%B8%D0%B5%D0%B2%D0%BD%D0%B0,,2026-06-01,absent_after_2022; Огнева Елена Дмитриевна; 2026-06-01
senior_biographical_verification,72,curation/senior_biographical_verification.csv,11,PERS_c48611e0,Островская Елена Петровна,biographical_profile_no_death_marker,Public profile supports identity; she appears in the archive in 2025,https://ru.wikipedia.org/wiki/%D0%9E%D1%81%D1%82%D1%80%D0%BE%D0%B2%D1%81%D0%BA%D0%B0%D1%8F%2C_%D0%95%D0%BB%D0%B5%D0%BD%D0%B0_%D0%9F%D0%B5%D1%82%D1%80%D0%BE%D0%B2%D0%BD%D0%B0,,2026-06-01,absent_in_2026; Островская Елена Петровна; 2026-06-01
senior_biographical_verification,72,curation/senior_biographical_verification.csv,12,PERS_f940c5b3,Стрелкова Гюзэль Владимировна,active_or_current_profile,Publication/profile trace supports current scholarly identity; absence in 2026 needs programme-level review.,https://istina.cemi-ras.ru/workers/388343/publications/,,2026-06-01,absent_in_2026; Стрелкова Гюзэль Владимировна | ИСТИНА; 2026-06-01
senior_biographical_verification,72,curation/senior_biographical_verification.csv,13,PERS_3074a8e5,Терентьев Андрей Анатольевич,active_or_current_profile,External profile describes continuing editorial role; post-2022 archive absence should not be treated as death or career exit.,https://dharma.ru/list/person/terentev-andrey-anatolevich,,2026-06-01,absent_after_2022; Терентьев Андрей Анатольевич | Dharma.ru; 2026-06-01
event_ecology,75,analytics_output/event_ecology_audit.csv,8,organization_normalization,organization_normalization,review,Organization IDs are stricter than raw affiliation strings.,,,,0; 1362; 0.000; Do not use organization networks as institutional productivity until coverage improves.
event_ecology,75,analytics_output/event_ecology_audit.csv,9,presentation_media,presentation_media,review,"Media coverage is preservation visibility, not status.",,,,82; 1362; 0.060; Keep video availability separate from quality or importance claims.
event_ecology,75,analytics_output/event_ecology_audit.csv,5,session_chair,session_chair,review,Chair metadata supports role sociology only after source-backed extraction.,,,,34; 243; 0.140; Manually extract chair strings where programme layout preserves them.
network_robustness,80,analytics_output/network_robustness_checks.csv,9,NET08,multi_layer_comparison,review,Do not mix edge semantics in one undifferentiated network.,,,,all; Which findings survive edge-type choice?; Recompute conclusions across all typed edge layers.; 8127
network_robustness,80,analytics_output/network_robustness_checks.csv,7,NET06,organization_theme_bipartite,review,Do not claim institutional research profiles.,,,,organization_theme; Which organizations appear with broad title-derived themes?; Suppress or caveat when organization coverage is sparse.; 230
network_robustness,80,analytics_output/network_robustness_checks.csv,4,NET03,person_event_bipartite,review,Do not infer complete career history.,,,,person_event; Who participates in which conference years?; Check series-specific and combined projections.; 1375
network_robustness,80,analytics_output/network_robustness_checks.csv,6,NET05,person_organization_bipartite,review,Do not infer complete employment or institutional dominance.,,,,person_organization; Which source-backed organizations appear with participants?; Compare raw affiliation and verified span coverage.; 380
network_robustness,80,analytics_output/network_robustness_checks.csv,5,NET04,person_theme_bipartite,review,Do not infer full research specialization.,,,,person_theme; Which broad title-derived themes attach to observed participants?; Repeat after uncertain theme review.; 1383
network_robustness,80,analytics_output/network_robustness_checks.csv,3,NET02,same_presentation,review,Do not infer coauthorship beyond the programme line.,,,,person_person_copresentation; Who appears on the same presentation record?; Compare with same-session co-presence.; 26
network_robustness,80,analytics_output/network_robustness_checks.csv,2,NET01,same_session_copresence,review,Do not call same-session co-presence collaboration.,,,,person_person_same_session; Who appears in the same session?; Compare with co-presentation and person-event models.; 4733
network_robustness,80,analytics_output/network_robustness_checks.csv,8,NET07,series_bridge,review,Do not infer disciplinary centrality from bridging alone.,,,,person_event; Who bridges Zograf and Roerich observed participation?; Report bridge count alongside denominator and missingness.; 1375
scholarly_lineage,80,analytics_output/lineage_candidates.csv,2,,,candidate,,,,,
spacetime_index,80,analytics_output/spacetime_unmatched.csv,1027,PRES_5112b0355f,"""Башни с нишами"" в индуизме. Об одном типе храмовых шикхар в архитектуре Чалукьев",todo,1; 1,,,,М. Н. Яковлева; 2026; Zograf Readings; visual_material_culture
spacetime_index,80,analytics_output/spacetime_unmatched.csv,883,PRES_8778dfa9e3,"""Махабхарата"" как текст культурной памяти",todo,1; 1,,,,К. А. Маретина; 2024; Zograf Readings; epic_ramayana_mahabharata
spacetime_index,80,analytics_output/spacetime_unmatched.csv,778,PRES_92609683a4,"""Нисхождение в образе рыбы"": сказание фольклорной традиции пастухов-голла",todo,1; 1,,,,Д. В. Соболева; 2022; Zograf Readings; ethnography_performance
spacetime_index,80,analytics_output/spacetime_unmatched.csv,223,PRES_fc5fc5500b,12-летний животный цикл. К вопросу об истоках,todo,1; 1,,,,В. М. Яковлев; 2012; Roerich Readings; cosmology
spacetime_index,80,analytics_output/spacetime_unmatched.csv,277,PRES_02fe7e79a6,Cittamātra и проблема наблюдателя в Madhyānta-vibhāga,todo,1; 1,,,,В. Б. Коробов; 2013; Zograf Readings; buddhist_studies|philosophy_epistemology
spacetime_index,80,analytics_output/spacetime_unmatched.csv,779,PRES_695444f2df,Enjambement в поэзии Бхартрихари,todo,1; 1,,,,С. С. Тавастшерна; 2022; Zograf Readings; metrics|prosody
spacetime_index,80,analytics_output/spacetime_unmatched.csv,1029,PRES_717723198b,Kumāra: этимология и мифология,todo,1; 1,,,,Л. И. Куликов; 2026; Zograf Readings; etymology
spacetime_index,80,analytics_output/spacetime_unmatched.csv,530,PRES_6068a2f698,Mārganātyam. Театральная практика и теория «Натьяшастры» сегодня,todo,1; 1,,,,С. И. Рыжакова; 2018; Zograf Readings; ethnography_performance
spacetime_index,80,analytics_output/spacetime_unmatched.csv,957,PRES_fad14d11c0,Prasādapratibhodbhava (Śatapañcāśatka) Матричеты: тохарский перевод и комментарий,todo,1; 1,,,,И. Б. Иткин; 2025; Roerich Readings; buddhist_studies|manuscripts_epigraphy
spacetime_index,80,analytics_output/spacetime_unmatched.csv,958,PRES_fad14d11c0,Prasādapratibhodbhava (Śatapañcāśatka) Матричеты: тохарский перевод и комментарий,todo,1; 1,,,,О. В. Лундышева; 2025; Roerich Readings; buddhist_studies|manuscripts_epigraphy
spacetime_index,80,analytics_output/spacetime_unmatched.csv,196,PRES_e7d3ba524e,RāmāyaNa’s Commentary Tradition in the Untouchable Rāmnāmī Community,todo,1; 1,,,,К. Гаралите; 2011; Zograf Readings; epic_ramayana_mahabharata
spacetime_index,80,analytics_output/spacetime_unmatched.csv,197,PRES_9cc7f0b54c,Samarasa и svasamvedya в абхишека-патале Хеваджра-тантры согласно Муктавалихеваджрапаньджике Ратнакарашанти,todo,1; 1,,,,Е. С. Бушуев; 2011; Zograf Readings; buddhist_studies
spacetime_index,80,analytics_output/spacetime_unmatched.csv,588,PRES_3e056063d9,Sarvajña-bhāṣā — всеведущий и синкретический язык Калачакра-тантры,todo,1; 1,,,,А. Г. Мехакян; 2019; Roerich Readings; buddhist_studies
spacetime_index,80,analytics_output/spacetime_unmatched.csv,321,PRES_2f9d65e45b,"The ideal man in the Mahābhārata. The consciousness of the ""budhyamāna"" on one's way to salvation",todo,1; 1,,,,Б. Нина; 2014; Zograf Readings; epic_ramayana_mahabharata
spacetime_index,80,analytics_output/spacetime_unmatched.csv,75,PRES_5e317967c2,Udāharaņa в «Вакьяпадии»,todo,1; 1,,,,Е. А. Десницкая; 2008; Zograf Readings; sanskrit_grammar_panini
spacetime_index,80,analytics_output/spacetime_unmatched.csv,657,PRES_d8833f6520,Work of Patañjali on Yoga Philosophy and Sanskrit Vyākaraṇa,todo,1; 1,,,,V. Shukla; 2020; Zograf Readings; yoga_ayurveda|sanskrit_grammar_panini
spacetime_index,80,analytics_output/spacetime_unmatched.csv,29,PRES_aa8c66a571,«Ādau vāda āsīt»: о переводах Библии на санскрит. В программе возможны изменения и дополнения,todo,1; 1,,,,С. С. Тавастшерна; 2006; Zograf Readings; translation_reception
spacetime_index,80,analytics_output/spacetime_unmatched.csv,111,PRES_6f1e98755f,«Абхисамаяланкара»: от первых трех глав к четвертой. Сознание творит реальность,todo,1; 1,,,,Р. Н. Крапивина; 2009; Roerich Readings; buddhist_studies
spacetime_index,80,analytics_output/spacetime_unmatched.csv,322,PRES_db18841de6,«Апофатический» подход в буддийской теории восприятия,todo,1; 1,,,,В. Г. Лысенко; 2014; Zograf Readings; buddhist_studies
spacetime_index,80,analytics_output/spacetime_unmatched.csv,780,PRES_45d2980f2a,«Барахмах» Нанака и дискуссия о реформе сикхского календаря,todo,1; 1,,,,И. Ю. Котин; 2022; Zograf Readings; sikh_studies
spacetime_index,80,analytics_output/spacetime_unmatched.csv,781,PRES_742bbb6f8d,«Бахиранга-парибхаша»: последнее слово за Нагоджибхаттой или Бронкхорстом?,todo,1; 1,,,,Е. А. Уланский; 2022; Zograf Readings
spacetime_index,80,analytics_output/spacetime_unmatched.csv,836,PRES_9d14455fc4,"«Брахма-стути» из «Бхушунди Рамаяны»: текстология, смыслы, параллели",todo,1; 1,,,,М. Б. Демченко; 2023; Zograf Readings; epic_ramayana_mahabharata|bhakti_vaishnava
spacetime_index,80,analytics_output/spacetime_unmatched.csv,412,PRES_788a7544aa,«Бхрамара-гита» Сурдаса: к характеристике стиля,todo,1; 1,,,,С. О. Цветкова; 2016; Zograf Readings; bhakti_vaishnava
spacetime_index,80,analytics_output/spacetime_unmatched.csv,413,PRES_7c33afdee0,«Век Кроноса» и «Сатья-юга»: два вида «первобытного коммунизма» и античных теорий социогенеза,todo,1; 1,,,,Р. В. Светлов; 2016; Zograf Readings; comparative_analysis
spacetime_index,80,analytics_output/spacetime_unmatched.csv,590,PRES_41f77d4442,«Гадья» Рамануджи: венец или крест исследователя философии вишишта-адвайты?,todo,1; 1,,,,Р. В. Псху; 2019; Zograf Readings
spacetime_index,80,analytics_output/spacetime_unmatched.csv,885,PRES_a4e21c2702,«Город победы» Рушди — ответ «Рамаяне» самого скандального автора 20 столетия,todo,1; 1,,,,А. В. Челнокова; 2024; Zograf Readings; modern_literature|english_literature|twentieth_century
spacetime_index,80,analytics_output/spacetime_unmatched.csv,722,PRES_e07744764c,«Йога-сутры» Патанджали в арабском переводе ал-Бируни,todo,1; 1,,,,Р. В. Псху; 2021; Zograf Readings; translation_reception|yoga_ayurveda
spacetime_index,80,analytics_output/spacetime_unmatched.csv,723,PRES_c2b2c25a8c,«К истолкованию мифа о Махишамардани» в научном наследии М.И. Тубянского,todo,1; 1,,,,Т. В. Ермакова; 2021; Zograf Readings; history_of_indology
spacetime_index,80,analytics_output/spacetime_unmatched.csv,225,PRES_347180ce4e,«Кадамбари» в современном мире,todo,1; 1,,,,Г. В. Стрелкова; 2012; Zograf Readings; translation_reception
spacetime_index,80,analytics_output/spacetime_unmatched.csv,153,PRES_54207a1735,«Казаклык как социальное явление»,todo,1; 1,,,,В. В. Тишин; 2010; Roerich Readings
spacetime_index,80,analytics_output/spacetime_unmatched.csv,470,PRES_6b31c6dfea,«Костыль факира»: атрибуция и некоторые вопросы бытования,todo,1; 1,,,,А. Ю. Курочкин; 2017; Zograf Readings; museum_collections
spacetime_index,80,analytics_output/spacetime_unmatched.csv,323,PRES_9857501571,«Лирическая героиня» Миры Баи,todo,1; 1,,,,С. О. Цветкова; 2014; Zograf Readings; bhakti_vaishnava
spacetime_index,80,analytics_output/spacetime_unmatched.csv,591,PRES_f38580f0b7,«Махабхарата» и мотив «заточенных в пещере»,todo,1; 1,,,,Я. В. Васильков; 2019; Zograf Readings; epic_ramayana_mahabharata
spacetime_index,80,analytics_output/spacetime_unmatched.csv,659,PRES_373b5afd66,«Мини-Бхагавадгита» в четвертой «книге» «Рамаяны» Вальмики,todo,1; 1,,,,С. Д. Серебряный; 2020; Zograf Readings; epic_ramayana_mahabharata
spacetime_index,80,analytics_output/spacetime_unmatched.csv,471,PRES_73e8c6e787,"«Мудрость незапятнанная, окруженная свитой...». О структуре определения термина «abhidharma» в «Абхидхармакошабхашье» Васубандху",todo,1; 1,,,,Е. П. Островская; 2017; Zograf Readings; buddhist_studies
spacetime_index,80,analytics_output/spacetime_unmatched.csv,532,PRES_044e408c57,«Мысленный эксперимент» Васубандху,todo,1; 1,,,,В. Г. Лысенко; 2018; Zograf Readings; buddhist_studies
spacetime_index,80,analytics_output/spacetime_unmatched.csv,959,PRES_aac636d1e0,«Наишкармья-сиддхи» (I. 52) Сурешвары как структура для реконструкции учения Шанкары об освобождении,todo,1; 1,,,,И. Е. Толчельников; 2025; Zograf Readings
spacetime_index,80,analytics_output/spacetime_unmatched.csv,472,PRES_fd1c7dd152,«Народная веданта» в произведениях Шричандры (XVI в.),todo,1; 1,,,,М. Б. Демченко; 2017; Zograf Readings; bhakti_vaishnava
spacetime_index,80,analytics_output/spacetime_unmatched.csv,886,PRES_fc8c9f814c,«Наука поэзии» (Кавьяшастра) в трудах ранних аланкариков,todo,1; 1,,,,Н. Р. Лидова; 2024; Roerich Readings; literary_studies
spacetime_index,80,analytics_output/spacetime_unmatched.csv,77,PRES_93c2e24013,"«О Неодолимая Богиня, поклонение да будет тебе!» (О ритуальной части Калика-пураны)",todo,1; 1,,,,А. А. Игнатьев; 2008; Zograf Readings; ritual_studies
spacetime_index,80,analytics_output/spacetime_unmatched.csv,78,PRES_73205188c4,«Очищение от терниев» в «Артхашастре» и дхармашастрах,todo,1; 1,,,,А. М. Самозванцев; 2008; Roerich Readings
spacetime_index,80,analytics_output/spacetime_unmatched.csv,226,PRES_77f698acd5,«Рамаяна» в драме Бхавабхути «Последние деяния Рамы»,todo,1; 1,,,,Ю. М. Алиханова; 2012; Zograf Readings; epic_ramayana_mahabharata
spacetime_index,80,analytics_output/spacetime_unmatched.csv,54,PRES_2b5692727a,«Рассказ о рани Кетаки» Инш-алла Хана в контексте развития ранней прозы на хинди и урду,todo,1; 1,,,,Т. А. Дубянская; 2007; Zograf Readings; hindi_urdu_new_indo_aryan
spacetime_index,80,analytics_output/spacetime_unmatched.csv,533,PRES_10d033beaa,«Ратнавали» Нагарджуны и «Дашабхумика-сутра»: явные и неявные связи,todo,1; 1,,,,Д. И. Жутаев; 2018; Roerich Readings; buddhist_studies
spacetime_index,80,analytics_output/spacetime_unmatched.csv,1031,PRES_fa188bec9a,«Сказание о Лиле» в «Йога- васиштхе»,todo,1; 1,,,,А. А. Игнатьев; 2026; Zograf Readings
spacetime_index,80,analytics_output/spacetime_unmatched.csv,324,PRES_dff8128e31,«Стотра-ратна» Ямуны: философия vis-à-vis поэзия,todo,1; 1,,,,Р. В. Псху; 2014; Zograf Readings; vaishnava
spacetime_index,80,analytics_output/spacetime_unmatched.csv,887,PRES_ccb5812059,«Тень» Ситы и «призрак» Елены: две истории о похищенных жёнах,todo,1; 1,,,,А. В. Молина; 2024; Zograf Readings; comparative_analysis|epic_ramayana_mahabharata
spacetime_index,80,analytics_output/spacetime_unmatched.csv,352,PRES_c1a79dc5fe,«Торговцы» или «богачи»? К истории племенного подразделения байат,todo,1; 1,,,,В. В. Тишин; 2015; Roerich Readings
spacetime_index,80,analytics_output/spacetime_unmatched.csv,960,PRES_756e3c2fad,«Третий поворот колеса дхармы» и его первые брахманистские оппоненты,todo,1; 1,,,,В. К. Шохин; 2025; Zograf Readings; buddhist_studies
spacetime_index,80,analytics_output/spacetime_unmatched.csv,594,PRES_67a9994f38,«Унмада нирукта». «Безумная этимология»: об особенностях мистической герменевтики тантры (на примере интерпретации первой мангала-шлоки «Тантралоки»),todo,1; 1,,,,О. Н. Ерченков; 2019; Zograf Readings
spacetime_index,80,analytics_output/spacetime_unmatched.csv,534,PRES_479a84ae50,«Функциональный подход» в «Вакьяпадии» и артхакрия в философии Дхармакирти,todo,1; 1,,,,Е. А. Десницкая; 2018; Zograf Readings; philosophy_epistemology
spacetime_index,80,analytics_output/spacetime_unmatched.csv,1032,PRES_6d7c21fb70,«Шри Рамананда-чаритам» Рамбхадрачарьи как образец современной санскритской махакавьи,todo,1; 1,,,,М. Б. Демченко; 2026; Zograf Readings; sanskrit_grammar_panini
spacetime_index,80,analytics_output/spacetime_unmatched.csv,535,PRES_87dcd1a2eb,«Экологический» роман Махуа Маджи,todo,1; 1,,,,Ю. Г. Кокова; 2018; Zograf Readings; modern_literature
spacetime_index,80,analytics_output/spacetime_unmatched.csv,30,PRES_fa7c38b2f3,«Энциклопедия Абхидхармы» Васубандху как произведение санскритской литературы,todo,1; 1,,,,Е. П. Островская; 2006; Zograf Readings; buddhist_studies
spacetime_index,80,analytics_output/spacetime_unmatched.csv,31,PRES_fa7c38b2f3,«Энциклопедия Абхидхармы» Васубандху как произведение санскритской литературы,todo,1; 1,,,,В. И. Рудой; 2006; Zograf Readings; buddhist_studies
spacetime_index,80,analytics_output/spacetime_unmatched.csv,839,PRES_0bdad1d393,«Юга-пурана» как исторический источник,todo,1; 1,,,,В. Л. Денисенко; 2023; Zograf Readings
spacetime_index,80,analytics_output/spacetime_unmatched.csv,198,PRES_f73706499b,"«Юные» в окружении царя Раджасинхи II—го (XVII век, Шри Ланка)",todo,1; 1,,,,Н. Г. Краснодембская; 2011; Zograf Readings
spacetime_index,80,analytics_output/spacetime_unmatched.csv,228,PRES_20e82a1bf4,«Юный» как представитель измененного состояния сознания,todo,1; 1,,,,Н. Г. Краснодембская; 2012; Zograf Readings
spacetime_index,80,analytics_output/spacetime_unmatched.csv,199,PRES_b9333b3423,«Ярость» Рушди,todo,1; 1,,,,А. В. Челнокова; 2011; Zograf Readings; modern_literature
spacetime_index,80,analytics_output/spacetime_unmatched.csv,1033,PRES_987fd62e14,А.А. Сталь-Гольштейн как участник научно-издательской серии «Bibliotheca Buddhica»,todo,1; 1,,,,Т. В. Ермакова; 2026; Zograf Readings; history_of_indology
spacetime_index,80,analytics_output/spacetime_unmatched.csv,660,PRES_f58d301aed,Абсолютная встреча как феномен трансцендентальной герменевтики Г. Оберхаммера,todo,1; 1,,,,В. Н. Белов; 2020; Zograf Readings; philosophy_epistemology
spacetime_index,80,analytics_output/spacetime_unmatched.csv,114,PRES_96f8e44e84,Абхидхарма и абхивиная: взгляд со стороны двух раннебуддийских традиций,todo,1; 1,,,,Д. И. Жутаев; 2009; Zograf Readings; buddhist_studies
spacetime_index,80,analytics_output/spacetime_unmatched.csv,661,PRES_3e16a82f3c,Абхидхарма как когнитивная стратегия,todo,1; 1,,,,В. Б. Коробов; 2020; Zograf Readings; buddhist_studies
spacetime_index,80,analytics_output/spacetime_unmatched.csv,325,PRES_09ea1d8846,Абхидхармакоша: проблема авторства,todo,1; 1,,,,Е. П. Островская; 2014; Zograf Readings; buddhist_studies
spacetime_index,80,analytics_output/spacetime_unmatched.csv,1034,PRES_055b23183b,Абхисамаяаланкара: вводная часть,todo,1; 1,,,,Р. Н. Крапивина; 2026; Zograf Readings; buddhist_studies
spacetime_index,80,analytics_output/spacetime_unmatched.csv,888,PRES_b02d534334,Абхисамаяланкара как предмет буддийского образования,todo,1; 1,,,,Р. Н. Крапивина; 2024; Zograf Readings; buddhist_studies
spacetime_index,80,analytics_output/spacetime_unmatched.csv,80,PRES_925074e2a5,Агамы как источник философии радикальной Адвайты,todo,1; 1,,,,С. Ч. Офертас; 2008; Roerich Readings; philosophy_epistemology
spacetime_index,80,analytics_output/spacetime_unmatched.csv,353,PRES_89a87b7d2e,Ад и его обитатели,todo,1; 1,,,,Ю. Г. Кокова; 2015; Zograf Readings
spacetime_index,80,analytics_output/spacetime_unmatched.csv,1035,PRES_0bf7d4caad,Адиваси. Загадочное племя тода,todo,1; 1,,,,Файбушевич Светлана Ивановна; 2026; Zograf Readings
spacetime_index,80,analytics_output/spacetime_unmatched.csv,3,PRES_2a08c0cb86,Актуальные проблемы изучения «Бхагавадгиты»,todo,1; 1,,,,Я. В. Васильков; 2004; Zograf Readings; bhakti_vaishnava
spacetime_index,80,analytics_output/spacetime_unmatched.csv,961,PRES_9bacebbe98,Аланкара как аспект стилистики текста,todo,1; 1,,,,С. О. Цветкова; 2025; Roerich Readings; literary_studies
spacetime_index,80,analytics_output/spacetime_unmatched.csv,1036,PRES_40d669e631,Александр Михайлович Мерварт: судьба ученого,todo,1; 1,,,,Е. Г. Застрожнова; 2026; Zograf Readings; history_of_indology
spacetime_index,80,analytics_output/spacetime_unmatched.csv,841,PRES_bbe113082f,Анализ аморальных поступков в «Абхидхармакоше» Васубандху,todo,1; 1,,,,Е. П. Островская; 2023; Zograf Readings; buddhist_studies|philosophy_epistemology
spacetime_index,80,analytics_output/spacetime_unmatched.csv,662,PRES_4c303a7d1a,Антропоморфная образность «игры знания»: телесная метафора и метафора путешествия,todo,1; 1,,,,Е. О. Кузина; 2020; Roerich Readings; philosophy_epistemology
spacetime_index,80,analytics_output/spacetime_unmatched.csv,155,PRES_4370a58a1d,Археология раннебуддийского доктринального текста на примере текста о буддхакшетрах из «Махавасту»,todo,1; 1,,,,Д. И. Жутаев; 2010; Roerich Readings; buddhist_studies
spacetime_index,80,analytics_output/spacetime_unmatched.csv,724,PRES_377c745d79,Архетип двойничества в романе С. Рушди «Ярость»: этнографический субстрат,todo,1; 1,,,,М. Ф. Альбедиль; 2021; Zograf Readings; modern_literature
spacetime_index,80,analytics_output/spacetime_unmatched.csv,963,PRES_96863ca3fa,Арьядэва и Чандракирти о концепции anātma,todo,1; 1,,,,С. Л. Бурмистров; 2025; Zograf Readings; buddhist_studies
spacetime_index,80,analytics_output/spacetime_unmatched.csv,81,PRES_9ffe685fd2,Аспекты влияния религиозно-философских доктрин на творчество Кабира. Закрытие конференции,todo,1; 1,,,,С. О. Цветкова; 2008; Zograf Readings; bhakti_vaishnava
spacetime_index,80,analytics_output/spacetime_unmatched.csv,597,PRES_da7ffa3cba,Атман как синоним дравьи в «Вакьяпадии» (ВП 3.2.1),todo,1; 1,,,,Е. А. Десницкая; 2019; Zograf Readings; sanskrit_grammar_panini
spacetime_index,80,analytics_output/spacetime_unmatched.csv,82,PRES_6da6054f73,Атманепада в санскрите и в грамматиках,todo,1; 1,,,,С. С. Тавастшерна; 2008; Zograf Readings; sanskrit_grammar_panini
spacetime_index,80,analytics_output/spacetime_unmatched.csv,354,PRES_0b6b8afcb2,Атомистический подход в буддизме,todo,1; 1,,,,В. Г. Лысенко; 2015; Zograf Readings; buddhist_studies
spacetime_index,80,analytics_output/spacetime_unmatched.csv,964,PRES_3bb427ea8d,Ауробиндо Гхош: между разумом и мистической интуицией,todo,1; 1,,,,Н. А. Канаева; 2025; Zograf Readings; modern_society_politics
spacetime_index,80,analytics_output/spacetime_unmatched.csv,32,PRES_60da65c55e,Безымянный герой (о романах Хазарипрасада Двиведи),todo,1; 1,,,,Г. В. Стрелкова; 2006; Zograf Readings; modern_literature
spacetime_index,80,analytics_output/spacetime_unmatched.csv,598,PRES_7d5c21c3e8,Боги «из разряда синих» в предании о дарении чаши в «Лалитавистаре»,todo,1; 1,,,,М. Н. Русанов; 2019; Zograf Readings; buddhist_studies
spacetime_index,80,analytics_output/spacetime_unmatched.csv,536,PRES_9e7c42bb8a,Богиня с гхантой и гхатом. Дурга (?) в иконографической программе буддийского храма Аурангабада,todo,1; 1,,,,Д. Н. Воробьева; 2018; Roerich Readings; visual_material_culture
spacetime_index,80,analytics_output/spacetime_unmatched.csv,889,PRES_f7005c0259,Бодхисаттва в образе пишачи: следы комической традиции в описании аскезы Гаутамы,todo,1; 1,,,,Д. А. Комиссаров; 2024; Zograf Readings; buddhist_studies
spacetime_index,80,analytics_output/spacetime_unmatched.csv,890,PRES_16bca7ecfe,Бодхисаттва — стрелок из лука. Буддийский сюжет и его аналоги,todo,1; 1,,,,Н. В. Александрова; 2024; Zograf Readings; buddhist_studies|comparative_analysis
spacetime_index,80,analytics_output/spacetime_unmatched.csv,538,PRES_9fe3408640,Брахмадева и его комментарий к «Дравья-санграха-вритти» в контексте джайнской текстовой традиции,todo,1; 1,,,,Н. А. Железнова; 2018; Roerich Readings; jain_studies
spacetime_index,80,analytics_output/spacetime_unmatched.csv,785,PRES_3b39eca1f6,"Брахман в ""Абхидхармакошабхашье"" Васубандху",todo,1; 1,,,,Е. П. Островская; 2022; Zograf Readings; buddhist_studies
spacetime_index,80,analytics_output/spacetime_unmatched.csv,356,PRES_2fba1f0162,Брахмаракшас: от древности к современности,todo,1; 1,,,,Л. А. Стрельцова; 2015; Zograf Readings
spacetime_index,80,analytics_output/spacetime_unmatched.csv,5,PRES_e793d570a3,Буддизм в творчестве Джаяшанкара Прасада,todo,1; 1,,,,Г. В. Стрелкова; 2004; Zograf Readings; modern_literature
spacetime_index,80,analytics_output/spacetime_unmatched.csv,786,PRES_7ea08762c7,Буддизм и война: исторический обзор,todo,1; 1,,,,А. А. Терентьев; 2022; Zograf Readings; buddhist_studies
spacetime_index,80,analytics_output/spacetime_unmatched.csv,200,PRES_77ba89aeed,Буддизм и юнгианство,todo,1; 1,,,,Б. В. Загуменнов; 2011; Zograf Readings; buddhist_studies
spacetime_index,80,analytics_output/spacetime_unmatched.csv,663,PRES_074b8a684c,Буддизм пудгалавады: к постановке вопроса о субъекте-пудгале,todo,1; 1,,,,Л. И. Титлин; 2020; Zograf Readings; buddhist_studies
spacetime_index,80,analytics_output/spacetime_unmatched.csv,476,PRES_b153547ebf,Буддийская феноменология бессамостности (Опыт анализа концептов Я и «просто-я» Чже Цонкапы),todo,1; 1,,,,М. Н. Кожевникова; 2017; Zograf Readings; buddhist_studies|philosophy_epistemology
spacetime_index,80,analytics_output/spacetime_unmatched.csv,115,PRES_2ec1e17cb0,Буддийские святыни в «Записках» Сюань-Цзана: построение текста,todo,1; 1,,,,Н. В. Александрова; 2009; Roerich Readings; buddhist_studies|travel_history
spacetime_index,80,analytics_output/spacetime_unmatched.csv,281,PRES_e9e215c9f0,Буддийские сутры в переводах раннекитайской традиции,todo,1; 1,,,,Н. В. Александрова; 2013; Roerich Readings; buddhist_studies|translation_reception
spacetime_index,80,analytics_output/spacetime_unmatched.csv,787,PRES_a48c051ad5,Буддийский Ренессанс в Южной Азии конец XIX – сер. XX века: история и перспективы,todo,1; 1,,,,М. Б. Щербак; 2022; Zograf Readings; buddhist_studies|modern_society_politics
spacetime_index,80,analytics_output/spacetime_unmatched.csv,415,PRES_3da4b2c217,Бхаджаны-проповеди Миры Баи: к вопросу о стилистике жанра,todo,1; 1,,,,С. О. Цветкова; 2016; Roerich Readings; bhakti_vaishnava
spacetime_index,80,analytics_output/spacetime_unmatched.csv,33,PRES_457408b87a,Бхартрихари и Дхармакирти о возможности рефлексивного акта познания,todo,1; 1,,,,Е. А. Десницкая; 2006; Zograf Readings; philosophy_epistemology
spacetime_index,80,analytics_output/spacetime_unmatched.csv,893,PRES_ea2d7c759c,Был ли Бхартрихари сторонником шабда-адвайты?,todo,1; 1,,,,Е. А. Десницкая; 2024; Zograf Readings; philosophy_epistemology
spacetime_index,80,analytics_output/spacetime_unmatched.csv,326,PRES_d45862604d,В деревне Ампития (Шри Ланка) через 100 лет после Людмилы Мерварт,todo,1; 1,,,,Н. Г. Краснодембская; 2014; Zograf Readings; expeditions
spacetime_index,80,analytics_output/spacetime_unmatched.csv,477,PRES_6521310efe,В начале странствий. Эпизод абхинишкрамана в «Сутре о благом явлении царевича»,todo,1; 1,,,,Н. В. Александрова; 2017; Zograf Readings; buddhist_studies
spacetime_index,80,analytics_output/spacetime_unmatched.csv,55,PRES_cb85e06342,В чем непосредственность непосредственного восприятия в буддийской эпистемологии?,todo,1; 1,,,,В. Г. Лысенко; 2007; Zograf Readings; buddhist_studies|philosophy_epistemology
spacetime_index,80,analytics_output/spacetime_unmatched.csv,282,PRES_5e3a0ceae6,"Варна – фон, фонема, звукотип",todo,1; 1,,,,В. Г. Лысенко; 2013; Roerich Readings
spacetime_index,80,analytics_output/spacetime_unmatched.csv,283,PRES_e9bb5a759b,"Варна – это фонема, буква, звук или …?",todo,1; 1,,,,В. Г. Лысенко; 2013; Zograf Readings; sanskrit_grammar_panini
spacetime_index,80,analytics_output/spacetime_unmatched.csv,895,PRES_adef2d4283,Ведантийско-буддийский полемический диалог в «Брахмасутрабхашье»,todo,1; 1,,,,В. К. Шохин; 2024; Roerich Readings; philosophy_epistemology
spacetime_index,80,analytics_output/spacetime_unmatched.csv,664,PRES_9fecb411f8,Великая галлюцинация сознания по «Вимшике» Васубандху,todo,1; 1,,,,В. Г. Лысенко; 2020; Zograf Readings; buddhist_studies|philosophy_epistemology
spacetime_index,80,analytics_output/spacetime_unmatched.csv,327,PRES_fef7c3afd6,Версия «Рамаяны» в «Махабхагавата-пуране»,todo,1; 1,,,,А. А. Игнатьев; 2014; Zograf Readings; epic_ramayana_mahabharata
spacetime_index,80,analytics_output/spacetime_unmatched.csv,230,PRES_4557455166,Версия мифа о Вритре в «Девибхагаватапуране»,todo,1; 1,,,,А. А. Игнатьев; 2012; Zograf Readings; epic_ramayana_mahabharata
spacetime_index,80,analytics_output/spacetime_unmatched.csv,416,PRES_583cc5402f,Винадхара и Ардханаришвара – проблема переходной иконографии Шивы,todo,1; 1,,,,Д. Н. Воробьева; 2016; Roerich Readings; visual_material_culture
spacetime_index,80,analytics_output/spacetime_unmatched.csv,417,PRES_5553ddc3b0,Власть как дар Неба,todo,1; 1,,,,Ю. И. Дробышев; 2016; Roerich Readings
spacetime_index,80,analytics_output/spacetime_unmatched.csv,359,PRES_efa8567f64,"Вновь найденный ксилограф с санскритским алфавитом в трех графических вариантах, привезенный Д. Мессершмидтом из Сибири в 1727 г",todo,1; 1,,,,А. В. Зорин; 2015; Zograf Readings; manuscripts_epigraphy|expeditions
spacetime_index,80,analytics_output/spacetime_unmatched.csv,967,PRES_fc83b6c79d,Возвращаясь к третьей книге Махабхараты: новый взгляд,todo,1; 1,,,,Я. В. Васильков; 2025; Zograf Readings; epic_ramayana_mahabharata
spacetime_index,80,analytics_output/spacetime_unmatched.csv,599,PRES_e64009085a,Возможности понимания и написания термина «санскрит»,todo,1; 1,,,,М. Ю. Гасунс; 2019; Roerich Readings
spacetime_index,80,analytics_output/spacetime_unmatched.csv,156,PRES_32d7da4752,Восприятие и телесность в буддизме и в современных когнитивных концепциях «отелесненного ума» (embodied mind),todo,1; 1,,,,В. Г. Лысенко; 2010; Roerich Readings; buddhist_studies
spacetime_index,80,analytics_output/spacetime_unmatched.csv,116,PRES_9627d4dfc0,"Восток, Запад и русский перевод",todo,1; 1,,,,Б. В. Загуменнов; 2009; Zograf Readings; translation_reception
spacetime_index,80,analytics_output/spacetime_unmatched.csv,1039,PRES_422bda6a2b,"Востоковед Павел Яковлевич Петров (1814–1875), его библиотека и архив",todo,1; 1,,,,В. Л. Мотылёва; 2026; Zograf Readings; history_of_indology
spacetime_index,80,analytics_output/spacetime_unmatched.csv,1040,PRES_422bda6a2b,"Востоковед Павел Яковлевич Петров (1814–1875), его библиотека и архив",todo,1; 1,,,,Н. А. Седукова; 2026; Zograf Readings; history_of_indology
spacetime_index,80,analytics_output/spacetime_unmatched.csv,418,PRES_6b4df0d231,"Восхождение на Кайласу. История шайва-бхактов Сундарара и Черамана Перумаля, рассказанная в «Перияпуранам» Секкижара и на фреске храма Брихадишвары в Танджоре",todo,1; 1,,,,О. П. Вечерина; 2016; Roerich Readings; bhakti_vaishnava
spacetime_index,80,analytics_output/spacetime_unmatched.csv,843,PRES_a9e54b9746,Вспомнить все: ганджифа и забытая карточная игра «Сидаста» из коллекции А.М. и Л.А. Мервартов,todo,1; 1,,,,О. Н. Меренкова; 2023; Zograf Readings; board_games|museum_collections
spacetime_index,80,analytics_output/spacetime_unmatched.csv,897,PRES_bf18beecbb,Вступительное слово от организаторов конференции,todo,1; 1,,,,В. В. Вертоградова; 2024; Roerich Readings
spacetime_index,80,analytics_output/spacetime_unmatched.csv,727,PRES_2630391302,Высмеивание пороков врачей в санскритской литературе (на примере «Кали-видамбханам» Нилакантхи Дикшиты),todo,1; 1,,,,В. Ю. Дружинин; 2021; Zograf Readings; literary_studies
spacetime_index,80,analytics_output/spacetime_unmatched.csv,34,PRES_960adc4efb,Вытеснение согласного во избежание возникновения тяжелой группы трех шумных согласных в индоиранском,todo,1; 1,,,,М. Н. Боголюбов; 2006; Zograf Readings; etymology
spacetime_index,80,analytics_output/spacetime_unmatched.csv,788,PRES_cb7f41abaa,"Вьякарана: не наука о языке, а методология синтеза речи (философский подход)",todo,1; 1,,,,А. В. Парибок; 2022; Zograf Readings; sanskrit_grammar_panini|philosophy_epistemology
spacetime_index,80,analytics_output/spacetime_unmatched.csv,728,PRES_1c31562518,Г*. (Санкт-Петербург). Семья Рудневых как собиратели коллекций для МАЭ РАН,todo,1; 1,,,,Н. Г. Краснодембская; 2021; Zograf Readings; museum_collections|history_of_indology
spacetime_index,80,analytics_output/spacetime_unmatched.csv,729,PRES_1c31562518,Г*. (Санкт-Петербург). Семья Рудневых как собиратели коллекций для МАЭ РАН,todo,1; 1,,,,Е. С. Соболева; 2021; Zograf Readings; museum_collections|history_of_indology
spacetime_index,80,analytics_output/spacetime_unmatched.csv,231,PRES_972d4079b1,Г. Оберхаммер и его принципы изучения религиозно-философских текстов школы вишишта-адвайта-веданты,todo,1; 1,,,,Р. В. Псху; 2012; Zograf Readings; history_of_indology|philosophy_epistemology
spacetime_index,80,analytics_output/spacetime_unmatched.csv,665,PRES_ffeeb0bec0,Г. Оберхаммер и проблема исследования когнитивного потенциала религиозного опыта,todo,1; 1,,,,Л. Э. Крыштоп; 2020; Zograf Readings; history_of_indology
spacetime_index,80,analytics_output/spacetime_unmatched.csv,898,PRES_2e44fd3b07,Гадание о суженом по зеркалу в «Махабхарате»: индоиранский и индоевропейский фон,todo,1; 1,,,,Я. В. Васильков; 2024; Zograf Readings; epic_ramayana_mahabharata|comparative_analysis
spacetime_index,80,analytics_output/spacetime_unmatched.csv,419,PRES_146783a25e,Герасим Лебедев как этномузыколог: Лондонский концерт,todo,1; 1,,,,Я. В. Васильков; 2016; Zograf Readings; history_of_indology
spacetime_index,80,analytics_output/spacetime_unmatched.csv,730,PRES_5ec82e96d1,Голубые лотосы санскритской лексикографии,todo,1; 1,,,,М. Ю. Гасунс; 2021; Zograf Readings; etymology
spacetime_index,80,analytics_output/spacetime_unmatched.csv,666,PRES_8d5bea6a53,Д. Д. Руднев как радетель пополнения коллекций МАЭ РАН,todo,1; 1,,,,Н. Г. Краснодембская; 2020; Zograf Readings; museum_collections|history_of_indology
spacetime_index,80,analytics_output/spacetime_unmatched.csv,667,PRES_8d5bea6a53,Д. Д. Руднев как радетель пополнения коллекций МАЭ РАН,todo,1; 1,,,,Е. С. Соболева; 2020; Zograf Readings; museum_collections|history_of_indology
spacetime_index,80,analytics_output/spacetime_unmatched.csv,361,PRES_14160d038b,Далитская автобиография как специфический жанр,todo,1; 1,,,,А. В. Челнокова; 2015; Zograf Readings; modern_literature
spacetime_index,80,analytics_output/spacetime_unmatched.csv,232,PRES_8bd27d8f20,Две парадигмы монизма в интерпретации «Бхагавадгиты»: Шанкара и Рамануджа,todo,1; 1,,,,С. В. Лобанов; 2012; Zograf Readings; philosophy_epistemology
spacetime_index,80,analytics_output/spacetime_unmatched.csv,731,PRES_978d279dac,Две формы атомизма в буддизме,todo,1; 1,,,,В. Г. Лысенко; 2021; Zograf Readings; buddhist_studies
spacetime_index,80,analytics_output/spacetime_unmatched.csv,602,PRES_5e65d5094d,Двести лет санскритской лексикографии (1819‒2019),todo,1; 1,,,,М. Ю. Гасунс; 2019; Zograf Readings; history_of_indology
spacetime_index,80,analytics_output/spacetime_unmatched.csv,844,PRES_bfeac6bacd,Дворец небесный и дворец земной: две схожие главы «Лалитавистары» и их функциональная роль в общей композиции текста,todo,1; 1,,,,Н. В. Александрова; 2023; Zograf Readings; buddhist_studies
spacetime_index,80,analytics_output/spacetime_unmatched.csv,6,PRES_ceb3b3ba00,Деви-гита из Девибхагавата-пураны,todo,1; 1,,,,А. А. Игнатьев; 2004; Zograf Readings; bhakti_vaishnava
spacetime_index,80,analytics_output/spacetime_unmatched.csv,480,PRES_d6c029beed,Дивьядхвани и девадундубхи – иконографические мотивы божественной музыки в джайнской скульптуре Эллоры,todo,1; 1,,,,Д. Н. Воробьева; 2017; Roerich Readings; jain_studies
spacetime_index,80,analytics_output/spacetime_unmatched.csv,669,PRES_0805f65a3c,Дискурсивные слова в языке хинди,todo,1; 1,,,,Е. А. Костина; 2020; Zograf Readings; hindi_urdu_new_indo_aryan
spacetime_index,80,analytics_output/spacetime_unmatched.csv,542,PRES_4b9af3479e,Дискуссия между буддистами и санкхьяиками о существовании и природе атмана в разделе «Атмапарикша» «Таттвасанграхи» Шанатаракшиты,todo,1; 1,,,,Л. И. Титлин; 2018; Roerich Readings; buddhist_studies|philosophy_epistemology
spacetime_index,80,analytics_output/spacetime_unmatched.csv,158,PRES_e1b0ef7cfb,Дискуссия о четырех блаженствах: об одной стратегии для интерпретации истинной природы реальности в посвящении Хеваджра-тантры,todo,1; 1,,,,Е. С. Бушуев; 2010; Zograf Readings; buddhist_studies
spacetime_index,80,analytics_output/spacetime_unmatched.csv,845,PRES_ca363493ba,Драма как категория и жанр в древнеиндийской поэтике,todo,1; 1,,,,Н. Р. Лидова; 2023; Zograf Readings; literary_studies
spacetime_index,80,analytics_output/spacetime_unmatched.csv,201,PRES_d8c8a0e9b4,Драупади в Зале собрания (роль бога Дхармы),todo,1; 1,,,,Е. В. Танонова; 2011; Zograf Readings; epic_ramayana_mahabharata
spacetime_index,80,analytics_output/spacetime_unmatched.csv,846,PRES_b0fb034cf5,Древнеиндийская ономастика в «Вишнусахасранаме»,todo,1; 1,,,,М. Ю. Гасунс; 2023; Zograf Readings; epic_ramayana_mahabharata
spacetime_index,80,analytics_output/spacetime_unmatched.csv,329,PRES_7e6c76b7c4,Древнеиндийская риторика и традиция санскритского театра (Тригата в «Натьяшастре»),todo,1; 1,,,,Н. Р. Лидова; 2014; Zograf Readings; sanskrit_grammar_panini
spacetime_index,80,analytics_output/spacetime_unmatched.csv,58,PRES_10c2c66c17,Древнеиндийские диалекты в ранних фонетических трактатах,todo,1; 1,,,,С. С. Тавастшерна; 2007; Zograf Readings; sanskrit_grammar_panini
spacetime_index,80,analytics_output/spacetime_unmatched.csv,330,PRES_aa4df50cf0,Древние южноазиатско-африканские связи (по данным фольклора и мифологии),todo,1; 1,,,,Ю. Е. Березкин; 2014; Zograf Readings; comparative_analysis
spacetime_index,80,analytics_output/spacetime_unmatched.csv,234,PRES_ca1df3941d,Дхарма и буддология. Актуальные проблемы,todo,1; 1,,,,Б. В. Загуменнов; 2012; Zograf Readings; buddhist_studies
spacetime_index,80,analytics_output/spacetime_unmatched.csv,1042,PRES_1cd8e6e44e,Дхармакирти о существовании,todo,1; 1,,,,В. К. Шохин; 2026; Zograf Readings; buddhist_studies|philosophy_epistemology
spacetime_index,80,analytics_output/spacetime_unmatched.csv,422,PRES_efa644ebfa,Еретики локаятики и ортодокс Каутса,todo,1; 1,,,,С. С. Тавастшерна; 2016; Roerich Readings
spacetime_index,80,analytics_output/spacetime_unmatched.csv,543,PRES_07124e17dc,Еще раз о буквальном переводе третьей версии «Калачакра-тантры» Буддийского канона,todo,1; 1,,,,В. С. Дылыкова; 2018; Roerich Readings; buddhist_studies|translation_reception
spacetime_index,80,analytics_output/spacetime_unmatched.csv,969,PRES_ea35d438ad,Еще раз о структуре Чарьягити,todo,1; 1,,,,Е. П. Лекарева; 2025; Zograf Readings; literary_studies|metrics
spacetime_index,80,analytics_output/spacetime_unmatched.csv,118,PRES_7323c9c9b1,Еще раз о сюжете эпической «Шакунталы»,todo,1; 1,,,,Ю. М. Алиханова; 2009; Zograf Readings; epic_ramayana_mahabharata
spacetime_index,80,analytics_output/spacetime_unmatched.csv,482,PRES_575e445638,Жанр послания в религиозной поэзии,todo,1; 1,,,,А. М. Дубянский; 2017; Zograf Readings; literary_studies
spacetime_index,80,analytics_output/spacetime_unmatched.csv,286,PRES_85c4d90172,Жемчужный остров в «Девибхагавата-пуране»,todo,1; 1,,,,А. А. Игнатьев; 2013; Zograf Readings
spacetime_index,80,analytics_output/spacetime_unmatched.csv,900,PRES_a610f81125,Женские голоса в каввали: гендер и традиции,todo,1; 1,,,,А. В. Киняева; 2024; Zograf Readings; ethnography_performance
spacetime_index,80,analytics_output/spacetime_unmatched.csv,544,PRES_2b4a64bbcc,Женские образы древнеиндийского эпоса и позднейшего фольклора на фоне норм дхармашастры,todo,1; 1,,,,Я. В. Васильков; 2018; Zograf Readings; epic_ramayana_mahabharata
spacetime_index,80,analytics_output/spacetime_unmatched.csv,791,PRES_c6ce1e5635,Женщины-гуру в текстах индуистского тантризма,todo,1; 1,,,,А. А. Игнатьев; 2022; Zograf Readings; ritual_studies
spacetime_index,80,analytics_output/spacetime_unmatched.csv,483,PRES_e15e0cc931,Живопись и графика из собрания И. П. Минаева (МАЭ РАН): опыт классификации,todo,1; 1,,,,А. Н. Бабин; 2017; Zograf Readings; museum_collections|expeditions
spacetime_index,80,analytics_output/spacetime_unmatched.csv,332,PRES_b9b432befc,Животный мир пословиц и поговорок хинди,todo,1; 1,,,,Ю. Г. Кокова; 2014; Zograf Readings; hindi_urdu_new_indo_aryan
spacetime_index,80,analytics_output/spacetime_unmatched.csv,35,PRES_f771f5827d,Завершающие строфы «Махабхараты»: лексика и семантика,todo,1; 1,,,,С. Л. Невелева; 2006; Zograf Readings; epic_ramayana_mahabharata
spacetime_index,80,analytics_output/spacetime_unmatched.csv,792,PRES_7f831a6dff,Загадка саммелана-янтры в «Куньджитангхриставе» Умапати Шивачарьи,todo,1; 1,,,,О. П. Вечерина; 2022; Zograf Readings; ritual_studies
spacetime_index,80,analytics_output/spacetime_unmatched.csv,671,PRES_fac07beb0f,"Загадка эдуки – монумента опрокинутого мира (эпиграфика, эпос, пураны)",todo,1; 1,,,,В. В. Вертоградова; 2020; Roerich Readings; epic_ramayana_mahabharata|manuscripts_epigraphy
spacetime_index,80,analytics_output/spacetime_unmatched.csv,238,PRES_ea42f7e02c,Загадки поэмы Джаяси «Падмават»,todo,1; 1,,,,С. О. Цветкова; 2012; Zograf Readings; hindi_urdu_new_indo_aryan
spacetime_index,80,analytics_output/spacetime_unmatched.csv,239,PRES_dbced805b6,Заметки о структуре расположения скульптурных изображений в храмовых комплексах согласно «Агни-пуране»,todo,1; 1,,,,В. Яскунас; 2012; Zograf Readings; manuscripts_epigraphy
spacetime_index,80,analytics_output/spacetime_unmatched.csv,7,PRES_a535b2a757,Замечания по формальной стороне Рикпратишакхьи,todo,1; 1,,,,В. Видунас; 2004; Zograf Readings; sanskrit_grammar_panini
spacetime_index,80,analytics_output/spacetime_unmatched.csv,793,PRES_bda295c85a,Западная философия и восточная медитация в учении Ошо Раджниша.,todo,1; 1,,,,Ю. А. Уймина; 2022; Zograf Readings; modern_society_politics
spacetime_index,80,analytics_output/spacetime_unmatched.csv,970,PRES_970ff8c51f,Зачем в санскрите три прошедших времени?,todo,1; 1,,,,С. С. Тавастшерна; 2025; Roerich Readings; sanskrit_grammar_panini
spacetime_index,80,analytics_output/spacetime_unmatched.csv,1044,PRES_51a9cb36b9,Зачем спорили хэшан Махаяна и Камалашила?,todo,1; 1,,,,В. П. Иванов; 2026; Zograf Readings; buddhist_studies
spacetime_index,80,analytics_output/spacetime_unmatched.csv,159,PRES_d01c9d783a,Значение и функции ритуала Пангху у племени ратхва,todo,1; 1,,,,К. М. Воздиган; 2010; Zograf Readings; ethnography_performance
spacetime_index,80,analytics_output/spacetime_unmatched.csv,334,PRES_6fd8f32d77,И. П. Минаев как собиратель рукописей,todo,1; 1,,,,Т. В. Ермакова; 2014; Zograf Readings; history_of_indology|manuscripts_epigraphy
spacetime_index,80,analytics_output/spacetime_unmatched.csv,1045,PRES_b73c531378,Идеи йогачары в трактате Асанги «Абхидхармасамуччая» (первая глава),todo,1; 1,,,,В. А. Сергеева; 2026; Zograf Readings; buddhist_studies
spacetime_index,80,analytics_output/spacetime_unmatched.csv,423,PRES_03e4f6f86b,Из воспоминаний о детстве на Онеге,todo,1; 1,,,,В. М. Яковлев; 2016; Roerich Readings
spacetime_index,80,analytics_output/spacetime_unmatched.csv,971,PRES_34e2d06ad5,Из истории фиксации традиционного сказителя хобуксарких ойратов Аримпиля (1923–1994),todo,1; 1,,,,М. В. Босхомджиев; 2025; Roerich Readings; expeditions
spacetime_index,80,analytics_output/spacetime_unmatched.csv,484,PRES_3ea3a39e80,Из поэзии на диалектах,todo,1; 1,,,,С. О. Цветкова; 2017; Roerich Readings
spacetime_index,80,analytics_output/spacetime_unmatched.csv,485,PRES_a56bd4d9d1,Из санскритской поэзии,todo,1; 1,,,,С. С. Тавастшерна; 2017; Roerich Readings
spacetime_index,80,analytics_output/spacetime_unmatched.csv,486,PRES_d76b9f1f7f,Изменение роли яджаманы в шраута-ритуалах: традиция и современность,todo,1; 1,,,,Н. А. Корнеева; 2017; Roerich Readings; ritual_studies
spacetime_index,80,analytics_output/spacetime_unmatched.csv,36,PRES_77b298a44b,Изображение и текст: древнеиндийские рельефы и буддийские вербальные тексты,todo,1; 1,,,,В. В. Вертоградова; 2006; Zograf Readings; visual_material_culture
spacetime_index,80,analytics_output/spacetime_unmatched.csv,1046,PRES_c922a3c1aa,Имперфект в древнеиндийском эпосе,todo,1; 1,,,,М. А. Егорова; 2026; Zograf Readings
spacetime_index,80,analytics_output/spacetime_unmatched.csv,550,PRES_94531fde5d,Индо-иранская сабля-шамшир из собрания МАЭ,todo,1; 1,,,,А. Ю. Курочкин; 2018; Zograf Readings; museum_collections
spacetime_index,80,analytics_output/spacetime_unmatched.csv,551,PRES_94531fde5d,Индо-иранская сабля-шамшир из собрания МАЭ,todo,1; 1,,,,Е. И. Малоземова; 2018; Zograf Readings; museum_collections
spacetime_index,80,analytics_output/spacetime_unmatched.csv,737,PRES_d59e7f7256,Индологический материал в рабочих записках Д. Г. Мессершмидта по востоковедению (Collectanea Messerschmidtiana),todo,1; 1,,,,А. В. Зорин; 2021; Zograf Readings; history_of_indology|expeditions
spacetime_index,80,analytics_output/spacetime_unmatched.csv,738,PRES_d59e7f7256,Индологический материал в рабочих записках Д. Г. Мессершмидта по востоковедению (Collectanea Messerschmidtiana),todo,1; 1,,,,В. П. Иванов; 2021; Zograf Readings; history_of_indology|expeditions
spacetime_index,80,analytics_output/spacetime_unmatched.csv,288,PRES_85aa1ef84a,Индологический миф: к вопросу о происхождении термина «индуизм»,todo,1; 1,,,,С. В. Пахомов; 2013; Zograf Readings; history_of_indology
spacetime_index,80,analytics_output/spacetime_unmatched.csv,289,PRES_85aa1ef84a,Индологический миф: к вопросу о происхождении термина «индуизм»,todo,1; 1,,,,М. М. Фиалко; 2013; Zograf Readings; history_of_indology
spacetime_index,80,analytics_output/spacetime_unmatched.csv,552,PRES_f0885a4f14,Индуистская тантрическая телеология,todo,1; 1,,,,С. В. Пахомов; 2018; Zograf Readings
spacetime_index,80,analytics_output/spacetime_unmatched.csv,974,PRES_33e14c7e3c,Инородные предметы в ушах Благословенного: к слову об одной редкой иконографической схеме в буддийском искусстве,todo,1; 1,,,,А. Н. Бабин; 2025; Zograf Readings; buddhist_studies|visual_material_culture
spacetime_index,80,analytics_output/spacetime_unmatched.csv,740,PRES_2cd66465a6,Интерпретация канонической типологии архатов в буддийских экзегетических источниках,todo,1; 1,,,,Е. П. Островская; 2021; Zograf Readings; buddhist_studies
spacetime_index,80,analytics_output/spacetime_unmatched.csv,366,PRES_87b3256f20,Интерпретация рельефа с изображением Дурги с музыкальными инструментами из буддийского пещерного храма Аурангабада,todo,1; 1,,,,Д. Н. Воробьева; 2015; Roerich Readings; visual_material_culture
spacetime_index,80,analytics_output/spacetime_unmatched.csv,204,PRES_5816bc342a,Интерпретация символов ‘ом’ и ‘сиддхам’ в мангала-шлоках санскритских рукописей,todo,1; 1,,,,С. Х. Шомахмадов; 2011; Zograf Readings; manuscripts_epigraphy
spacetime_index,80,analytics_output/spacetime_unmatched.csv,205,PRES_216606ed4c,Интерпретация учения об аватарах Вишну в «Девибхагавата-пуране»,todo,1; 1,,,,А. А. Игнатьев; 2011; Zograf Readings; vaishnava
spacetime_index,80,analytics_output/spacetime_unmatched.csv,903,PRES_6b13d39224,Интерпретация эвтаназии в буддийской картине мира,todo,1; 1,,,,Е. П. Островская; 2024; Zograf Readings; buddhist_studies
spacetime_index,80,analytics_output/spacetime_unmatched.csv,904,PRES_28cd0cf2d2,Ирония в пьесе Ватсараджи «Киратарджуния» (XII в.),todo,1; 1,,,,М. Д. Минаева; 2024; Roerich Readings
spacetime_index,80,analytics_output/spacetime_unmatched.csv,424,PRES_19d3632a7e,Искусство мастеров-потуа: новые сюжеты в традиционном исполнении,todo,1; 1,,,,С. С. Донченко; 2016; Zograf Readings; visual_material_culture
spacetime_index,80,analytics_output/spacetime_unmatched.csv,742,PRES_840e0c180a,Истоки учения о Шри в вишишта-адвайта веданте,todo,1; 1,,,,Н. А. Сафина; 2021; Zograf Readings; vaishnava
spacetime_index,80,analytics_output/spacetime_unmatched.csv,425,PRES_bb48ba0772,Историографический обзор философско-поэтического наследия Ведантачарьи (Веданта Дешики),todo,1; 1,,,,Н. А. Сафина; 2016; Zograf Readings; history_of_indology
spacetime_index,80,analytics_output/spacetime_unmatched.csv,978,PRES_8ef4ffe2db,Исторические идеи просветительства Ахамади Дониша в культурном коде Таджикистана,todo,1; 1,,,,В. М. Немчинов; 2025; Roerich Readings
spacetime_index,80,analytics_output/spacetime_unmatched.csv,290,PRES_7905a089ac,История Агададатты в романе Сангхадасы «Странствия Васудевы»,todo,1; 1,,,,М. Н. Русанов; 2013; Zograf Readings; jain_studies
spacetime_index,80,analytics_output/spacetime_unmatched.csv,489,PRES_a0726a7b77,История Капилавасту в поэме Ашвагхоши «Саундарананда»,todo,1; 1,,,,М. Н. Русанов; 2017; Zograf Readings; epic_ramayana_mahabharata|buddhist_studies
spacetime_index,80,analytics_output/spacetime_unmatched.csv,553,PRES_21eaadbba6,"Источники сознания, компоненты познавательного акта и учение о трех мирах в Абхидхарма-самуччае Асанги",todo,1; 1,,,,С. Л. Бурмистров; 2018; Zograf Readings; buddhist_studies
spacetime_index,80,analytics_output/spacetime_unmatched.csv,676,PRES_5221bd081a,К (посмертному) изданию полного перевода (В. С. Семенцова) «Гитабхашьи» Рамануджи на русском языке,todo,1; 1,,,,Р. В. Псху; 2020; Zograf Readings; vaishnava|translation_reception
spacetime_index,80,analytics_output/spacetime_unmatched.csv,795,PRES_d241de8c69,"К анализу устройства «Шрибхашья» Рамануджи: содержание, композиция, стиль",todo,1; 1,,,,Р. В. Псху; 2022; Zograf Readings; philosophy_epistemology|bhakti_vaishnava
spacetime_index,80,analytics_output/spacetime_unmatched.csv,606,PRES_c0a5930788,К вопросу о дхарани и Дхаранипитаке,todo,1; 1,,,,Д. И. Жутаев; 2019; Roerich Readings; buddhist_studies
spacetime_index,80,analytics_output/spacetime_unmatched.csv,607,PRES_913d0cd9c3,К вопросу о замещениях (pratinidhi) при проведении шраута-ритуалов,todo,1; 1,,,,Н. А. Корнеева; 2019; Roerich Readings; ritual_studies
spacetime_index,80,analytics_output/spacetime_unmatched.csv,122,PRES_6e5ecd56b8,К вопросу о классификации храмовых сооружений в Вишнудхармоттара-пуране,todo,1; 1,,,,В. Яскунас; 2009; Zograf Readings; vaishnava
spacetime_index,80,analytics_output/spacetime_unmatched.csv,796,PRES_40bcedce59,К вопросу о русском переводе «Мимансакапарикальпита-атма-парикши» «Таттва-санграхи» Шантаракшиты с комментарием Камалашилы «Панджика»,todo,1; 1,,,,Л. И. Титлин; 2022; Roerich Readings; buddhist_studies|translation_reception
spacetime_index,80,analytics_output/spacetime_unmatched.csv,86,PRES_0fe8007200,К вопросу о самоназваниях школы махасангхиков-локоттаравадинов,todo,1; 1,,,,Д. И. Жутаев; 2008; Roerich Readings; buddhist_studies
spacetime_index,80,analytics_output/spacetime_unmatched.csv,161,PRES_8b7b0bd5f3,К вопросу о символике горы Мэру,todo,1; 1,,,,Н. Р. Лидова; 2010; Roerich Readings; cosmology
spacetime_index,80,analytics_output/spacetime_unmatched.csv,38,PRES_d5cc6c0374,К вопросу о сюжетных и стилистических истоках ранних приключенческих романов на хинди,todo,1; 1,,,,Т. А. Дубянская; 2006; Zograf Readings; modern_literature
spacetime_index,80,analytics_output/spacetime_unmatched.csv,850,PRES_4a837e8e68,К вопросу об истинности в пурва-мимансе,todo,1; 1,,,,Л. Г. Роман; 2023; Zograf Readings; philosophy_epistemology
spacetime_index,80,analytics_output/spacetime_unmatched.csv,554,PRES_0461ef8135,К вопросу об обработке первоисточника в литературной санскритской джатаке,todo,1; 1,,,,А. Г. Гурия; 2018; Roerich Readings; buddhist_studies
spacetime_index,80,analytics_output/spacetime_unmatched.csv,677,PRES_3dae1c5d38,К вопросу об определении понятия apratiṣṭhita-nirvāṇa,todo,1; 1,,,,С. Л. Бурмистров; 2020; Zograf Readings; buddhist_studies
spacetime_index,80,analytics_output/spacetime_unmatched.csv,61,PRES_c2c6d7f2b6,К вопросу об эндогамии касты,todo,1; 1,,,,Е. Н. Успенская; 2007; Zograf Readings
spacetime_index,80,analytics_output/spacetime_unmatched.csv,491,PRES_af70362099,К выходу Антологии индо-ирландских текстов,todo,1; 1,,,,М. С. Фомин; 2017; Roerich Readings; comparative_analysis
spacetime_index,80,analytics_output/spacetime_unmatched.csv,797,PRES_301c0a7a9a,К пониманию бхаваны в пурва-мимансе,todo,1; 1,,,,Л. Г. Роман; 2022; Zograf Readings; philosophy_epistemology
spacetime_index,80,analytics_output/spacetime_unmatched.csv,87,PRES_e9159cba78,К проблеме «тривадрумского цикла»,todo,1; 1,,,,Е. Анохина; 2008; Roerich Readings
spacetime_index,80,analytics_output/spacetime_unmatched.csv,241,PRES_74d662c14f,К проблеме возрастных категорий у древних тюрков VI—X вв,todo,1; 1,,,,В. В. Тишин; 2012; Roerich Readings
spacetime_index,80,analytics_output/spacetime_unmatched.csv,39,PRES_37a471ecf5,К проблеме древнеиндийской хронологии,todo,1; 1,,,,А. А. Вигасин; 2006; Zograf Readings
spacetime_index,80,analytics_output/spacetime_unmatched.csv,367,PRES_4bc7a6fa32,К этимологии термина ‘вьякарана’ в буддийских источниках,todo,1; 1,,,,С. Х. Шомахмадов; 2015; Zograf Readings; etymology|buddhist_studies
spacetime_index,80,analytics_output/spacetime_unmatched.csv,492,PRES_7495ae17bb,Как Кришна с Горакхой силой мерялись: Столкновение разных мистических течений в творчестве Малика Мухаммада Джаяси,todo,1; 1,,,,Г. Д. Стукалин; 2017; Zograf Readings; bhakti_vaishnava
spacetime_index,80,analytics_output/spacetime_unmatched.csv,427,PRES_877b168c0c,Карма и связанные термины во 2-й патале Калачакра-тантры,todo,1; 1,,,,В. М. Яковлев; 2016; Roerich Readings; buddhist_studies
spacetime_index,80,analytics_output/spacetime_unmatched.csv,609,PRES_c1ad2a3387,Категория санграха в буддийском философском дискурсе,todo,1; 1,,,,Е. П. Островская; 2019; Zograf Readings; buddhist_studies|philosophy_epistemology
spacetime_index,80,analytics_output/spacetime_unmatched.csv,980,PRES_dd23be0efa,Квази-трансцендентальные разоблачение объектных областей индрий в буддийской йоге,todo,1; 1,,,,А. В. Парибок; 2025; Zograf Readings; buddhist_studies|philosophy_epistemology
spacetime_index,80,analytics_output/spacetime_unmatched.csv,494,PRES_491dee99e0,Классификация видов духовного освобождения в индуистской тантре,todo,1; 1,,,,С. В. Пахомов; 2017; Zograf Readings; philosophy_epistemology
spacetime_index,80,analytics_output/spacetime_unmatched.csv,852,PRES_f7d6abee1f,Коллекция № ВХ ЭФЗК 495 для МАЭ (состав и значение),todo,1; 1,,,,Н. Г. Краснодембская; 2023; Zograf Readings; museum_collections
spacetime_index,80,analytics_output/spacetime_unmatched.csv,981,PRES_b5cfc79e4e,Комментарии Б. Н. Пандита на «Шивасутры»: новый взгляд на коренной текст трики,todo,1; 1,,,,В. А. Дмитриева; 2025; Zograf Readings; philosophy_epistemology
spacetime_index,80,analytics_output/spacetime_unmatched.csv,800,PRES_21a2609dd4,Коммуникативный дискурс трактата «Таттвасанграха»,todo,1; 1,,,,В. П. Иванов; 2022; Zograf Readings; buddhist_studies|philosophy_epistemology
spacetime_index,80,analytics_output/spacetime_unmatched.csv,1050,PRES_45a22e8318,Коннотативные особенности йогической лексики Виджнянабхикшу (на примере комментария к 1.1 «Pātañjalayogaśāstram»),todo,1; 1,,,,Р. В. Псху; 2026; Zograf Readings; yoga_ayurveda
spacetime_index,80,analytics_output/spacetime_unmatched.csv,206,PRES_6b5321239f,Концепт svadharma в кастовой идеологии,todo,1; 1,,,,Е. Н. Успенская; 2011; Zograf Readings
spacetime_index,80,analytics_output/spacetime_unmatched.csv,89,PRES_ff28a9ff47,Концепт Ишвары в «Бхагавадгите»,todo,1; 1,,,,Е. Н. Аникеева; 2008; Zograf Readings
spacetime_index,80,analytics_output/spacetime_unmatched.csv,371,PRES_53522f63c1,Концепты брахманистского философского дискурса и их связь с женским принципом народного индуизма,todo,1; 1,,,,П. В. Хрущева; 2015; Zograf Readings; philosophy_epistemology
spacetime_index,80,analytics_output/spacetime_unmatched.csv,337,PRES_1ec138c017,Концепция аватар Вишну в поэме Магхи «Шишупалавадха»,todo,1; 1,,,,М. Н. Русанов; 2014; Zograf Readings; epic_ramayana_mahabharata|vaishnava
spacetime_index,80,analytics_output/spacetime_unmatched.csv,8,PRES_6c8531953d,Концепция спхоты в «Спхотасиддхи» Манданамишры,todo,1; 1,,,,Е. В. Слинько; 2004; Zograf Readings; sanskrit_grammar_panini
spacetime_index,80,analytics_output/spacetime_unmatched.csv,610,PRES_c416cbbb2d,Конь без всадника и дерево джамбу: к интерпретации рельефа на восточных воротах Большой Ступы в Санчи,todo,1; 1,,,,Н. В. Александрова; 2019; Zograf Readings; manuscripts_epigraphy
spacetime_index,80,analytics_output/spacetime_unmatched.csv,429,PRES_becc032ebd,Критика Шанкарой доктрины спхотавады,todo,1; 1,,,,С. В. Лобанов; 2016; Zograf Readings; philosophy_epistemology
spacetime_index,80,analytics_output/spacetime_unmatched.csv,496,PRES_aeb8d4bed8,Критика целей дефиниций (лакшана) в «Кхандана-кханда-кхадья» Шри Харши (на примере дефиниции восприятия),todo,1; 1,,,,В. Г. Лысенко; 2017; Zograf Readings; philosophy_epistemology
spacetime_index,80,analytics_output/spacetime_unmatched.csv,165,PRES_c4f67633f5,Кто говорит? Толкование источника речи в некоторых индуистских тантрах,todo,1; 1,,,,С. Ч. Офертас; 2010; Roerich Readings; philosophy_epistemology
spacetime_index,80,analytics_output/spacetime_unmatched.csv,497,PRES_82a1a1029b,Культ Нарасинхи в трактатах по вастувидье в пуранах,todo,1; 1,,,,Е. В. Тюлина; 2017; Roerich Readings; vaishnava
spacetime_index,80,analytics_output/spacetime_unmatched.csv,430,PRES_e4714d395f,Культ Нарасинхи в трактатах по вастувидье в пуранах,todo,1; 1,,,,Е. В. Тюлина; 2016; Roerich Readings; vaishnava
spacetime_index,80,analytics_output/spacetime_unmatched.csv,555,PRES_a61c28b64e,Культ Рудры-Кхандобы в исследованиях Г. Д. Зонтхаймера и его индоевропейские параллели,todo,1; 1,,,,И. О. Негреев; 2018; Zograf Readings; comparative_analysis
spacetime_index,80,analytics_output/spacetime_unmatched.csv,909,PRES_d00e030c23,"Кушанская этимология, поздние бактро-скифские царства и интересные элементы индо-парфянской нумизматики",todo,1; 1,,,,А. Солька; 2024; Roerich Readings; etymology
spacetime_index,80,analytics_output/spacetime_unmatched.csv,372,PRES_fa41b47935,Легенда о поэте-ребёнке. Самбандар: миф и реальность,todo,1; 1,,,,М. Б. Павлова; 2015; Zograf Readings; bhakti_vaishnava
spacetime_index,80,analytics_output/spacetime_unmatched.csv,498,PRES_0ab3c85533,Легенда о рыбаке (на ирландском языке),todo,1; 1,,,,Ш. Макмахуна; 2017; Roerich Readings
spacetime_index,80,analytics_output/spacetime_unmatched.csv,9,PRES_c567f22f17,Лексика эпизода и его значение (на материале завершающих книг «Махабхараты»),todo,1; 1,,,,С. Л. Невелева; 2004; Zograf Readings; epic_ramayana_mahabharata
spacetime_index,80,analytics_output/spacetime_unmatched.csv,1051,PRES_b2cbcb90c5,Лексика языка куллуи: этимологии 2026 года,todo,1; 1,,,,А. С. Крылова; 2026; Zograf Readings; new_indo_aryan_languages
spacetime_index,80,analytics_output/spacetime_unmatched.csv,801,PRES_c7dde9eafd,Лексикализация дезидератива в классическом санскрите,todo,1; 1,,,,С. С. Тавастшерна; 2022; Roerich Readings; sanskrit_grammar_panini
spacetime_index,80,analytics_output/spacetime_unmatched.csv,10,PRES_5ec00edd5f,Литературные реминисценции в «Гаудавахо» Вакпатираджи,todo,1; 1,,,,М. Н. Русанов; 2004; Zograf Readings
spacetime_index,80,analytics_output/spacetime_unmatched.csv,11,PRES_97ad954200,Лук (оружие),todo,1; 1,,,,М. Н. Боголюбов; 2004; Zograf Readings
spacetime_index,80,analytics_output/spacetime_unmatched.csv,912,PRES_128cecab0d,Мадхупарка при жертвоприношениях сомы в ритуале Атитхьешти (ātithyeṣṭi),todo,1; 1,,,,Н. А. Корнеева; 2024; Zograf Readings; ritual_studies
spacetime_index,80,analytics_output/spacetime_unmatched.csv,557,PRES_c1939d2e87,"Майтхуна, слияние лотоса и ваджры, или о некоторых особенностях символического языка сандхья-бхаша буддизма ваджраяны",todo,1; 1,,,,А. Г. Мехакян; 2018; Roerich Readings; buddhist_studies
spacetime_index,80,analytics_output/spacetime_unmatched.csv,802,PRES_4f0e5d2559,"Мангала: поэзия, ритуал или йогическая практика?",todo,1; 1,,,,Е. А. Десницкая; 2022; Zograf Readings; ritual_studies|yoga_ayurveda
spacetime_index,80,analytics_output/spacetime_unmatched.csv,91,PRES_b97d25a759,Мандалы Ваджрачхедики в коллекции Одесского Музея Западного и Восточного Искусства,todo,1; 1,,,,Е. Д. Огнева; 2008; Roerich Readings; buddhist_studies|museum_collections
spacetime_index,80,analytics_output/spacetime_unmatched.csv,373,PRES_9b99780d43,"Манипури и Манипур: о танцах, искусстве и политике",todo,1; 1,,,,С. И. Рыжакова; 2015; Zograf Readings; visual_material_culture
spacetime_index,80,analytics_output/spacetime_unmatched.csv,295,PRES_b2df564f10,"Материальные атрибуты (лук, стрелы, топорик) как этнические символы автохтонов Шри Ланки",todo,1; 1,,,,Т. А. Зимина; 2013; Zograf Readings
spacetime_index,80,analytics_output/spacetime_unmatched.csv,243,PRES_d7d08bc77f,Матрики вне буддийских текстов,todo,1; 1,,,,А. В. Парибок; 2012; Zograf Readings; buddhist_studies
spacetime_index,80,analytics_output/spacetime_unmatched.csv,92,PRES_13fafa99b6,Махатмья «Бхагаватапураны»,todo,1; 1,,,,Ю. Г. Кокова; 2008; Zograf Readings; bhakti_vaishnava
spacetime_index,80,analytics_output/spacetime_unmatched.csv,126,PRES_ad9e0be839,Махишасурамардини и девы-воительницы,todo,1; 1,,,,Ю. Г. Кокова; 2009; Zograf Readings; visual_material_culture
spacetime_index,80,analytics_output/spacetime_unmatched.csv,746,PRES_19697f2e5f,Место «Компендиума Абхидхармы» Асанги в философии буддизма махаяны,todo,1; 1,,,,С. Л. Бурмистров; 2021; Zograf Readings; buddhist_studies|philosophy_epistemology
spacetime_index,80,analytics_output/spacetime_unmatched.csv,127,PRES_a38177a26d,Место и значение «Бхактамара-стотры» в джайнской традиции,todo,1; 1,,,,Н. А. Железнова; 2009; Roerich Readings; jain_studies
spacetime_index,80,analytics_output/spacetime_unmatched.csv,166,PRES_4b995fc30a,Место и значение хронологии и генеалогии в санскритских текстах,todo,1; 1,,,,Д. Н. Лелюхин; 2010; Roerich Readings; sanskrit_grammar_panini
spacetime_index,80,analytics_output/spacetime_unmatched.csv,207,PRES_7a0616cdc7,Метафора в «Махабхарате»,todo,1; 1,,,,С. Л. Невелева; 2011; Zograf Readings; epic_ramayana_mahabharata
spacetime_index,80,analytics_output/spacetime_unmatched.csv,982,PRES_99242da6ca,Метафора воды как сюжетообразующий прием романа Абрахама Вергезе «Завет воды»,todo,1; 1,,,,А. В. Челнокова; 2025; Zograf Readings; modern_literature
spacetime_index,80,analytics_output/spacetime_unmatched.csv,983,PRES_5ba570d69d,Метафора зеркала в «Бхаванакраме» Камалашилы,todo,1; 1,,,,В. П. Иванов; 2025; Zograf Readings; buddhist_studies
spacetime_index,80,analytics_output/spacetime_unmatched.csv,374,PRES_8ac58078e5,Метафора и полисемия в интерпретации буддийских тантр,todo,1; 1,,,,Е. А. Бушуев; 2015; Zograf Readings; buddhist_studies
spacetime_index,80,analytics_output/spacetime_unmatched.csv,984,PRES_a903b2de1b,Метафорический дискурс «Бхаванакрамы» Камалашилы,todo,1; 1,,,,В. П. Иванов; 2025; Roerich Readings; buddhist_studies
spacetime_index,80,analytics_output/spacetime_unmatched.csv,433,PRES_bbed1796bb,Механизмы интертекста в раннебуддийской текстовой традиции,todo,1; 1,,,,Д. И. Жутаев; 2016; Roerich Readings; buddhist_studies
spacetime_index,80,analytics_output/spacetime_unmatched.csv,558,PRES_98cc0d1f3a,Меч-посох из собрания МАЭ,todo,1; 1,,,,А. Ю. Курочкин; 2018; Zograf Readings; museum_collections
spacetime_index,80,analytics_output/spacetime_unmatched.csv,913,PRES_e87021cd4c,Микушевич как переводчик санскритской поэзии,todo,1; 1,,,,М. В. Леонов; 2024; Roerich Readings; translation_reception
spacetime_index,80,analytics_output/spacetime_unmatched.csv,747,PRES_e8343f7c65,Миниатюры рагамала в отечественных собраниях,todo,1; 1,,,,А. Н. Бабин; 2021; Zograf Readings; visual_material_culture|museum_collections
spacetime_index,80,analytics_output/spacetime_unmatched.csv,167,PRES_1c0edf1c85,Миф о Ветале и Бхайраве в «Калика-пуране»,todo,1; 1,,,,А. А. Игнатьев; 2010; Zograf Readings; epic_ramayana_mahabharata
spacetime_index,80,analytics_output/spacetime_unmatched.csv,748,PRES_ff09f8aee5,Миф о Гхоре и Богине в Йогини-тантре,todo,1; 1,,,,А. А. Игнатьев; 2021; Zograf Readings
spacetime_index,80,analytics_output/spacetime_unmatched.csv,63,PRES_8e0d2df4b1,Миф о Махишасурамардани в Девибхагавата- и Калика-пуранах,todo,1; 1,,,,А. А. Игнатьев; 2007; Zograf Readings; epic_ramayana_mahabharata
spacetime_index,80,analytics_output/spacetime_unmatched.csv,296,PRES_6b57da6939,Миф о Нараде из пуран: проблема интерпретации понятия майя в древнеиндийской текстовой традиции,todo,1; 1,,,,Е. А. Юдицкая; 2013; Roerich Readings; epic_ramayana_mahabharata
spacetime_index,80,analytics_output/spacetime_unmatched.csv,128,PRES_405fb6e1fc,"Миф, пространство, время у алтайских народов",todo,1; 1,,,,В. М. Яковлев; 2009; Roerich Readings; ethnography_performance
spacetime_index,80,analytics_output/spacetime_unmatched.csv,208,PRES_36278778ba,Мифологии северных мунда как источник для реконструкции сюжета создания человека у населения евразийских степей в эпоху бронзы C,todo,1; 1,,,,Ю. Е. Березкин; 2011; Zograf Readings; comparative_analysis
spacetime_index,80,analytics_output/spacetime_unmatched.csv,501,PRES_6808a220bb,Мифология «Йогини-тантры»,todo,1; 1,,,,А. А. Игнатьев; 2017; Zograf Readings
spacetime_index,80,analytics_output/spacetime_unmatched.csv,612,PRES_127e5ca611,Мифология танца и образ Индры в джайнизме,todo,1; 1,,,,М. Н. Яковлева; 2019; Zograf Readings; jain_studies
spacetime_index,80,analytics_output/spacetime_unmatched.csv,803,PRES_766fc36baf,Многообразие форм Шивы на примере коллекции Государственного музея истории религии,todo,1; 1,,,,Е. В. Столярова; 2022; Zograf Readings; museum_collections
spacetime_index,80,analytics_output/spacetime_unmatched.csv,93,PRES_fea1defc8d,Множество жизней поэмы Тулси Даса (некоторые аспекты современного бытования «Рамачаритаманасы»),todo,1; 1,,,,А. В. Челнокова; 2008; Zograf Readings; translation_reception
spacetime_index,80,analytics_output/spacetime_unmatched.csv,915,PRES_f18f8d1465,Модели интерпретации телесности в хатха-йоге,todo,1; 1,,,,С. В. Пахомов; 2024; Zograf Readings; yoga_ayurveda
spacetime_index,80,analytics_output/spacetime_unmatched.csv,40,PRES_2048f4153d,Модели христианского и индо-буддийского времени в современной литературе,todo,1; 1,,,,В. М. Шелкович; 2006; Zograf Readings; comparative_analysis
spacetime_index,80,analytics_output/spacetime_unmatched.csv,1054,PRES_f9adb6ffd3,Можно ли считать мадхьямаку нигилизмом?,todo,1; 1,,,,И. С. Усенко; 2026; Zograf Readings; buddhist_studies
spacetime_index,80,analytics_output/spacetime_unmatched.csv,13,PRES_8ee46835ab,Мокша в Бхагавата-пуране,todo,1; 1,,,,Ю. Г. Кокова; 2004; Zograf Readings; bhakti_vaishnava
spacetime_index,80,analytics_output/spacetime_unmatched.csv,244,PRES_9294929f41,Мотив caṅkrama в буддийском нарративе и изображении,todo,1; 1,,,,Н. В. Александрова; 2012; Roerich Readings; buddhist_studies|visual_material_culture
spacetime_index,80,analytics_output/spacetime_unmatched.csv,680,PRES_705d6f4e9c,Мотивный анализ сюжета «Джатаки о павлине» Харибхатты (IV–V вв. н.э.),todo,1; 1,,,,А. В. Фивейская; 2020; Roerich Readings; literary_studies|buddhist_studies
spacetime_index,80,analytics_output/spacetime_unmatched.csv,855,PRES_4a75bb4440,Мотивы «Сказания о Джаландхаре в «Падма-пуране»,todo,1; 1,,,,А. А. Игнатьев; 2023; Zograf Readings; epic_ramayana_mahabharata
spacetime_index,80,analytics_output/spacetime_unmatched.csv,856,PRES_52333b1258,Надписи на колонне Гелиодора,todo,1; 1,,,,А. А. Вигасин; 2023; Roerich Readings; manuscripts_epigraphy
spacetime_index,80,analytics_output/spacetime_unmatched.csv,615,PRES_b95533a2eb,"Народные песни о Хардоле, принце Орччхи",todo,1; 1,,,,Т. И. Оранская; 2019; Zograf Readings
spacetime_index,80,analytics_output/spacetime_unmatched.csv,376,PRES_617b761321,Народный стиль речи в «Бхрамара-гите» Сурдаса,todo,1; 1,,,,С. О. Цветкова; 2015; Zograf Readings; bhakti_vaishnava
spacetime_index,80,analytics_output/spacetime_unmatched.csv,436,PRES_18af79d949,"Научная ценность труда И.П.Минаева «Буддизм.Исследования и материалы» (СПб.,1887)",todo,1; 1,,,,Т. В. Ермакова; 2016; Zograf Readings; history_of_indology
spacetime_index,80,analytics_output/spacetime_unmatched.csv,377,PRES_2aa82261d1,Научно-фантастические рассказы Хумаюна Ахмеда,todo,1; 1,,,,С. С. Донченко; 2015; Zograf Readings; modern_literature
spacetime_index,80,analytics_output/spacetime_unmatched.csv,750,PRES_e2a4694725,Начало гирлянды. Первые известные серии миниатюр рагамала,todo,1; 1,,,,А. Н. Бабин; 2021; Roerich Readings; visual_material_culture
spacetime_index,80,analytics_output/spacetime_unmatched.csv,804,PRES_39efe13b3a,Неатрибутированный санскритский фрагмент SI 3480 из Сериндийского фонда ИВР РАН,todo,1; 1,,,,С. Х. Шомахмадов; 2022; Zograf Readings; manuscripts_epigraphy
spacetime_index,80,analytics_output/spacetime_unmatched.csv,987,PRES_4d672ef0e1,Небесные боги в картине мира буддийской агиографии: признаки эволюции («Лалитавистара»),todo,1; 1,,,,Н. В. Александрова; 2025; Roerich Readings; buddhist_studies
spacetime_index,80,analytics_output/spacetime_unmatched.csv,681,PRES_492441fb51,Небывальщины и парадоксы в древнеиндийской поэзии,todo,1; 1,,,,С. С. Тавастшерна; 2020; Roerich Readings; literary_studies
spacetime_index,80,analytics_output/spacetime_unmatched.csv,682,PRES_5e3f146897,Небывальщины и парадоксы в средневековой североиндийской поэзии,todo,1; 1,,,,С. О. Цветкова; 2020; Roerich Readings; literary_studies
spacetime_index,80,analytics_output/spacetime_unmatched.csv,805,PRES_beed481e92,Недосказанность/прерванность речи в классической санскритской драме,todo,1; 1,,,,Е. А. Юдицкая; 2022; Roerich Readings; literary_studies
spacetime_index,80,analytics_output/spacetime_unmatched.csv,41,PRES_594bd8ec61,Некоторые наблюдения над царской титулатурой индо-греков. 4. С.-,todo,1; 1,,,,Е. Р. Крючкова; 2006; Zograf Readings; epic_ramayana_mahabharata
spacetime_index,80,analytics_output/spacetime_unmatched.csv,684,PRES_23ce849cd3,Некоторые особенности текстов по вастувидье в пуранах и их интерпретация в современной массовой культуре,todo,1; 1,,,,Е. В. Тюлина; 2020; Roerich Readings; ritual_studies
spacetime_index,80,analytics_output/spacetime_unmatched.csv,64,PRES_183a38da3a,Некоторые проблемы становления вишишта-адвайты,todo,1; 1,,,,Р. В. Псху; 2007; Zograf Readings
spacetime_index,80,analytics_output/spacetime_unmatched.csv,751,PRES_46601a7245,Некоторые структурные особенности пролога классической санскритской драмы»,todo,1; 1,,,,Е. А. Юдицкая; 2021; Zograf Readings; literary_studies
spacetime_index,80,analytics_output/spacetime_unmatched.csv,807,PRES_bab6fc9b5c,Немногие сведения о Нилакантхадикшитеграмматисте,todo,1; 1,,,,Е. А. Уланский; 2022; Roerich Readings; sanskrit_grammar_panini
spacetime_index,80,analytics_output/spacetime_unmatched.csv,752,PRES_27da90a665,Неопознанные индоевропейские мотивы в санскритском эпосе,todo,1; 1,,,,Я. В. Васильков; 2021; Zograf Readings; epic_ramayana_mahabharata|comparative_analysis
spacetime_index,80,analytics_output/spacetime_unmatched.csv,246,PRES_0aedd41026,Непосредственное восприятие как знание из слов по материалам «Веданта-парибхаши» Дхармараджи,todo,1; 1,,,,В. Г. Лысенко; 2012; Zograf Readings; philosophy_epistemology
spacetime_index,80,analytics_output/spacetime_unmatched.csv,247,PRES_05a25bcc84,Непосредственное восприятие через слово. По «Веданта-парибхаше» Дхармараджи,todo,1; 1,,,,В. Г. Лысенко; 2012; Roerich Readings; philosophy_epistemology
spacetime_index,80,analytics_output/spacetime_unmatched.csv,858,PRES_87b3b9e9f4,Несколько замечаний о Брахмане и сущем,todo,1; 1,,,,С. Ч. Офертас; 2023; Roerich Readings; philosophy_epistemology
spacetime_index,80,analytics_output/spacetime_unmatched.csv,378,PRES_df75470655,Несколько штрихов к «Сказанию о Нале»,todo,1; 1,,,,А. М. Дубянский; 2015; Zograf Readings; epic_ramayana_mahabharata
spacetime_index,80,analytics_output/spacetime_unmatched.csv,919,PRES_2fcaeeff79,Несколько этимологий арготических слов среднеазиатских цыган на фоне дискуссий последнего полувека об истории цыган,todo,1; 1,,,,Т. И. Оранская; 2024; Zograf Readings; etymology
spacetime_index,80,analytics_output/spacetime_unmatched.csv,989,PRES_da95cc9832,Новые древнеиндийские праформы на материале этимологий лексики языка куллуи,todo,1; 1,,,,А. С. Крылова; 2025; Zograf Readings; etymology|new_indo_aryan_languages
spacetime_index,80,analytics_output/spacetime_unmatched.csv,130,PRES_e0b8b1bdd4,Новые открытия на Гонур-тепе. Предварительное сообщение,todo,1; 1,,,,В. Ю. Крюкова; 2009; Zograf Readings
spacetime_index,80,analytics_output/spacetime_unmatched.csv,14,PRES_98a6bea15e,О 58 синонимах «речи» в «Нигханту»,todo,1; 1,,,,С. С. Тавастшерна; 2004; Zograf Readings; etymology
spacetime_index,80,analytics_output/spacetime_unmatched.csv,990,PRES_8c979b88c9,О «Yogavārttika» Виджнянабхикшу: Ansatz,todo,1; 1,,,,Р. В. Псху; 2025; Zograf Readings; yoga_ayurveda
spacetime_index,80,analytics_output/spacetime_unmatched.csv,754,PRES_64d8c34063,О «новых» теориях действия в грамматических трудах Нагеши Бхатты,todo,1; 1,,,,Р. Т. Блиндерман; 2021; Zograf Readings; sanskrit_grammar_panini
spacetime_index,80,analytics_output/spacetime_unmatched.csv,379,PRES_5e2b4790e6,О брахманических этимологиях,todo,1; 1,,,,С. С. Тавастшерна; 2015; Roerich Readings; etymology
spacetime_index,80,analytics_output/spacetime_unmatched.csv,859,PRES_1575c77bb8,О возможности передачи санскритских стихотворных размеров в русских переводах,todo,1; 1,,,,М. В. Леонов; 2023; Zograf Readings; translation_reception|metrics
spacetime_index,80,analytics_output/spacetime_unmatched.csv,616,PRES_02f8421750,О двух подходах к одному тексту «Калачакра-тантры»,todo,1; 1,,,,В. С. Дылыкова; 2019; Roerich Readings; buddhist_studies
spacetime_index,80,analytics_output/spacetime_unmatched.csv,756,PRES_582d56f69a,О двух родственных джатакаставах в «Лалитавистаре» и «Раштрапалапариприччха-сутре»,todo,1; 1,,,,Д. А. Комиссаров; 2021; Zograf Readings; buddhist_studies
spacetime_index,80,analytics_output/spacetime_unmatched.csv,563,PRES_826add0121,О джатакаставе как разновидности буддийского гимна,todo,1; 1,,,,Д. А. Комиссаров; 2018; Zograf Readings; buddhist_studies
spacetime_index,80,analytics_output/spacetime_unmatched.csv,17,PRES_8a6d651579,О жанре вьяйога в санскритской теории драмы,todo,1; 1,,,,В. Г. Эрман; 2004; Zograf Readings; literary_studies
spacetime_index,80,analytics_output/spacetime_unmatched.csv,381,PRES_36924ac394,О значении термина «саутрантика» в «Абхидхармакоше» Васубандху,todo,1; 1,,,,Е. П. Островская; 2015; Zograf Readings; buddhist_studies
spacetime_index,80,analytics_output/spacetime_unmatched.csv,210,PRES_37ec1a3fd3,О композиции вступительных глав «Сказания о Шакунтале»,todo,1; 1,,,,Ю. М. Алиханова; 2011; Zograf Readings; literary_studies
spacetime_index,80,analytics_output/spacetime_unmatched.csv,757,PRES_147c940250,О манерах театральной игры: категория вритти в «Натьяшастре»,todo,1; 1,,,,Н. Р. Лидова; 2021; Roerich Readings; ethnography_performance
spacetime_index,80,analytics_output/spacetime_unmatched.csv,503,PRES_45c0547868,О методах описания санскритских классических стихотворных размеров,todo,1; 1,,,,С. С. Тавастшерна; 2017; Zograf Readings; metrics|prosody
spacetime_index,80,analytics_output/spacetime_unmatched.csv,921,PRES_89de2df795,О нарративной символике бронзовой фигурки танцующего Бала-Кришны,todo,1; 1,,,,В. М. Немчинов; 2024; Roerich Readings; visual_material_culture
spacetime_index,80,analytics_output/spacetime_unmatched.csv,860,PRES_4de09c27d6,О не-волшебной помощнице в сказках парья: вариант фольклорного мотива,todo,1; 1,,,,Т. И. Оранская; 2023; Zograf Readings; ethnography_performance
spacetime_index,80,analytics_output/spacetime_unmatched.csv,685,PRES_5927c1b975,О некоторых основных понятиях пратьябхиджни,todo,1; 1,,,,С. Ч. Офертас; 2020; Roerich Readings; philosophy_epistemology
spacetime_index,80,analytics_output/spacetime_unmatched.csv,382,PRES_56a4aaf53a,О некоторых особенностях в композиции Абхидхармасамуччаи,todo,1; 1,,,,В. Б. Коробов; 2015; Zograf Readings; buddhist_studies
spacetime_index,80,analytics_output/spacetime_unmatched.csv,617,PRES_d09e98a1d7,О некоторых специфических жестах в бытовом этикете сингалов,todo,1; 1,,,,Н. Г. Краснодембская; 2019; Zograf Readings
spacetime_index,80,analytics_output/spacetime_unmatched.csv,504,PRES_3f2a8362cc,О поздней версии Калачакра-тантры,todo,1; 1,,,,В. С. Дылыкова; 2017; Roerich Readings; buddhist_studies
spacetime_index,80,analytics_output/spacetime_unmatched.csv,861,PRES_b35fa99329,О понятии «вкус» (rasa) в древнеиндийской традиции,todo,1; 1,,,,Н. Р. Лидова; 2023; Roerich Readings; literary_studies
spacetime_index,80,analytics_output/spacetime_unmatched.csv,991,PRES_dbb04a69cb,О понятиях «канон» и «классика» в контексте древнеиндийской литературы,todo,1; 1,,,,Н. Р. Лидова; 2025; Zograf Readings; literary_studies
spacetime_index,80,analytics_output/spacetime_unmatched.csv,96,PRES_293775e85d,О происхождении культурных архаизмов в позднем слое содержания «Махабхараты» (на примере темы воинских братств),todo,1; 1,,,,Я. В. Васильков; 2008; Zograf Readings; epic_ramayana_mahabharata
spacetime_index,80,analytics_output/spacetime_unmatched.csv,131,PRES_9cec165a1d,О ритуале помазания царя на царство в «Яджнявалкья-смрити»,todo,1; 1,,,,А. М. Самозванцев; 2009; Roerich Readings; ritual_studies
spacetime_index,80,analytics_output/spacetime_unmatched.csv,758,PRES_30d2bc26a5,О роли змея (nāga) в вайшнавском культе раннего периода индуизма,todo,1; 1,,,,А. М. Пахомова; 2021; Roerich Readings; vaishnava
spacetime_index,80,analytics_output/spacetime_unmatched.csv,439,PRES_367c4f966a,О роли и функции диалогических поэм буддийского канона,todo,1; 1,,,,Е. Б. Кудрявцева; 2016; Zograf Readings; buddhist_studies
spacetime_index,80,analytics_output/spacetime_unmatched.csv,440,PRES_41f97da7ea,"О сборнике садхан, переведенном Б. И. Панкратовым в 1930-е гг. в Пекине",todo,1; 1,,,,А. В. Зорин; 2016; Zograf Readings; buddhist_studies
spacetime_index,80,analytics_output/spacetime_unmatched.csv,297,PRES_01c8c172a9,О символическом языке вещей,todo,1; 1,,,,М. Ф. Альбедиль; 2013; Zograf Readings
spacetime_index,80,analytics_output/spacetime_unmatched.csv,619,PRES_40c79b3a10,"О стихах, приписываемых Бхартрихари",todo,1; 1,,,,С. С. Тавастшерна; 2019; Roerich Readings
spacetime_index,80,analytics_output/spacetime_unmatched.csv,811,PRES_7ea4b748be,О сюжетах по джатаке Махаджанака в сингальской коллекции МАЭ,todo,1; 1,,,,Н. Г. Краснодембская; 2022; Zograf Readings; manuscripts_epigraphy|buddhist_studies
spacetime_index,80,analytics_output/spacetime_unmatched.csv,812,PRES_7ea4b748be,О сюжетах по джатаке Махаджанака в сингальской коллекции МАЭ,todo,1; 1,,,,Е. С. Соболева; 2022; Zograf Readings; manuscripts_epigraphy|buddhist_studies
spacetime_index,80,analytics_output/spacetime_unmatched.csv,688,PRES_6c55861922,О телесном и духовном бессмертии в индуистском тантризме,todo,1; 1,,,,С. В. Пахомов; 2020; Zograf Readings; ritual_studies
spacetime_index,80,analytics_output/spacetime_unmatched.csv,993,PRES_aa9ddea8aa,О теории просодии в «Натьяшастре»,todo,1; 1,,,,Н. Р. Лидова; 2025; Roerich Readings; prosody|metrics
spacetime_index,80,analytics_output/spacetime_unmatched.csv,689,PRES_4593027f55,"О толковании первой строфы «Аштанга-хридаи» средневековыми комментаторами (на примере Арунадатты, Хемадри и Инду)",todo,1; 1,,,,В. Ю. Дружинин; 2020; Zograf Readings; yoga_ayurveda
spacetime_index,80,analytics_output/spacetime_unmatched.csv,690,PRES_c1a46eb8bc,О философской и религиозной значимости некоторых текстов Веданта Дешики,todo,1; 1,,,,Н. А. Сафина; 2020; Zograf Readings; vaishnava|philosophy_epistemology
spacetime_index,80,analytics_output/spacetime_unmatched.csv,298,PRES_b8b0e64461,О формульности надписей на санскрите,todo,1; 1,,,,Д. Н. Лелюхин; 2013; Zograf Readings; manuscripts_epigraphy
spacetime_index,80,analytics_output/spacetime_unmatched.csv,97,PRES_c23e6409da,О языке и стиле эпических риши,todo,1; 1,,,,С. Л. Невелева; 2008; Zograf Readings; epic_ramayana_mahabharata
spacetime_index,80,analytics_output/spacetime_unmatched.csv,18,PRES_4dc8f2c386,Об астрологической герменевтике в медицинских текстах (Аюрведа),todo,1; 1,,,,А. Бейнорюс; 2004; Zograf Readings; yoga_ayurveda
spacetime_index,80,analytics_output/spacetime_unmatched.csv,211,PRES_81e4f6fe0b,Об изучении четвертой главы «Абхисамая-аланкары»,todo,1; 1,,,,Р. Н. Крапивина; 2011; Zograf Readings; buddhist_studies
spacetime_index,80,analytics_output/spacetime_unmatched.csv,132,PRES_f457799a1b,Об одной возможной буддийской параллели к новозаветному пассажу МФ,todo,1; 1,,,,Д. И. Жутаев; 2009; Roerich Readings; buddhist_studies|comparative_analysis
spacetime_index,80,analytics_output/spacetime_unmatched.csv,1056,PRES_702d8347a7,Об одном диафильме В. Чатопадаева из коллекции МАЭ РАН,todo,1; 1,,,,И. Ю. Котин; 2026; Zograf Readings; museum_collections
spacetime_index,80,analytics_output/spacetime_unmatched.csv,1057,PRES_702d8347a7,Об одном диафильме В. Чатопадаева из коллекции МАЭ РАН,todo,1; 1,,,,Е. С. Соболева; 2026; Zograf Readings; museum_collections
spacetime_index,80,analytics_output/spacetime_unmatched.csv,441,PRES_625c10aa1b,Об основаниях интерпретации терминов «dharma» и «saṃskāra» в контексте «Абхидхармасамуччаи»,todo,1; 1,,,,В. Б. Коробов; 2016; Zograf Readings; buddhist_studies
spacetime_index,80,analytics_output/spacetime_unmatched.csv,43,PRES_933f4317bd,Об особенностях самосознания представителей «низких каст» в современных условиях,todo,1; 1,,,,Е. Н. Успенская; 2006; Zograf Readings; modern_society_politics
spacetime_index,80,analytics_output/spacetime_unmatched.csv,994,PRES_0e52f9db93,Об этимологии слова «мангус»,todo,1; 1,,,,Г. Б. Корнеев; 2025; Roerich Readings; etymology
spacetime_index,80,analytics_output/spacetime_unmatched.csv,171,PRES_93f67f4d24,Обет и культ jakkha-ja в Каче,todo,1; 1,,,,Н. А. Железнова; 2010; Roerich Readings; buddhist_studies
spacetime_index,80,analytics_output/spacetime_unmatched.csv,172,PRES_3f0b9488ec,"Обозначение пространства, мер и чисел в трактатах по строительству из пуран",todo,1; 1,,,,Е. В. Тюлина; 2010; Roerich Readings
spacetime_index,80,analytics_output/spacetime_unmatched.csv,922,PRES_8410b1d47f,Обоснование невозможности чувственного познания в «Прасаннападе» Чандракирти,todo,1; 1,,,,С. Л. Бурмистров; 2024; Zograf Readings; buddhist_studies
spacetime_index,80,analytics_output/spacetime_unmatched.csv,442,PRES_11bae7431c,Образ «распутницы» в пракритской лирике,todo,1; 1,,,,М. Н. Русанов; 2016; Zograf Readings
spacetime_index,80,analytics_output/spacetime_unmatched.csv,385,PRES_8c5c002838,Образ Кришны в Махабхагавата-пуране,todo,1; 1,,,,А. А. Игнатьев; 2015; Zograf Readings; bhakti_vaishnava|epic_ramayana_mahabharata
spacetime_index,80,analytics_output/spacetime_unmatched.csv,299,PRES_8d5c85c734,Образ Кришны в поэзии Миры Баи,todo,1; 1,,,,С. О. Цветкова; 2013; Zograf Readings; bhakti_vaishnava
spacetime_index,80,analytics_output/spacetime_unmatched.csv,505,PRES_f4fcdf4f99,Образ бога Рудры в Шатарудрии в сравнении с германо-скандинавским богом Одином,todo,1; 1,,,,И. О. Негреев; 2017; Zograf Readings; comparative_analysis
spacetime_index,80,analytics_output/spacetime_unmatched.csv,923,PRES_a39bbb97f1,Образ времени в поэзии Бхартрихари,todo,1; 1,,,,М. В. Леонов; 2024; Zograf Readings; literary_studies
spacetime_index,80,analytics_output/spacetime_unmatched.csv,565,PRES_5e774d78f6,Образ жизни в шри-вишнуизме: самашраяна (панчасамскара) и ее основания,todo,1; 1,,,,Н. А. Сафина; 2018; Zograf Readings; vaishnava
spacetime_index,80,analytics_output/spacetime_unmatched.csv,98,PRES_7af57f160f,Образ птицы в масочном театре сингалов (Шри Ланка),todo,1; 1,,,,Н. Г. Краснодембская; 2008; Zograf Readings; ethnography_performance
spacetime_index,80,analytics_output/spacetime_unmatched.csv,387,PRES_3e5e8e70ba,Обращение к участникам конференции,todo,1; 1,,,,И. Ф. Попова; 2015; Zograf Readings
spacetime_index,80,analytics_output/spacetime_unmatched.csv,621,PRES_11e2a3c771,Обряд адхивасана («вселение») и его роль в формировании образов храма и города,todo,1; 1,,,,Е. В. Тюлина; 2019; Roerich Readings; ritual_studies
spacetime_index,80,analytics_output/spacetime_unmatched.csv,388,PRES_e5272eecdd,Обряд освящения статуи (адхивасана) и его роль в текстах по строительству (вастувидье) в пуранах,todo,1; 1,,,,Е. В. Тюлина; 2015; Roerich Readings; ritual_studies
spacetime_index,80,analytics_output/spacetime_unmatched.csv,925,PRES_8ef9132d46,Обряд панчамакара в каулических тантрах,todo,1; 1,,,,А. А. Игнатьев; 2024; Zograf Readings; ritual_studies
spacetime_index,80,analytics_output/spacetime_unmatched.csv,926,PRES_959566c64e,Обряды «жизненного цикла» скульптуры по материалам пуран,todo,1; 1,,,,Е. В. Тюлина; 2024; Roerich Readings; ritual_studies|life_cycle_rituals
spacetime_index,80,analytics_output/spacetime_unmatched.csv,567,PRES_1bd2292421,Обучение Бодхисаттвы в «Лалитавистаре»,todo,1; 1,,,,М. Н. Русанов; 2018; Zograf Readings; buddhist_studies
spacetime_index,80,analytics_output/spacetime_unmatched.csv,568,PRES_d9f00bda70,Оговорка как композиционный прием в санскритской драме,todo,1; 1,,,,Е. А. Юдицкая; 2018; Zograf Readings; literary_studies
spacetime_index,80,analytics_output/spacetime_unmatched.csv,1058,PRES_4125041435,"Огонь, вода и память: погребальные практики сикхов в мультикультурной среде",todo,1; 1,,,,К. В. Лемешкина; 2026; Zograf Readings; life_cycle_rituals
spacetime_index,80,analytics_output/spacetime_unmatched.csv,692,PRES_59888a0019,Онлайн-корпус текстов на языках южных мунда: задачи и специфика,todo,1; 1,,,,А. С. Крылова; 2020; Zograf Readings; fieldwork
spacetime_index,80,analytics_output/spacetime_unmatched.csv,693,PRES_59888a0019,Онлайн-корпус текстов на языках южных мунда: задачи и специфика,todo,1; 1,,,,Е. А. Ренковская; 2020; Zograf Readings; fieldwork
spacetime_index,80,analytics_output/spacetime_unmatched.csv,927,PRES_2a660819f9,Онтология и сотериология «Ананда-сутр» П.Р. Саркара,todo,1; 1,,,,А. А. Степин; 2024; Zograf Readings
spacetime_index,80,analytics_output/spacetime_unmatched.csv,569,PRES_de921762ec,Опись Л. А. Мерварт коллекции № 3015 в собрании МАЭ РАН как образец музейного документа,todo,1; 1,,,,О. Н. Меренкова; 2018; Zograf Readings; museum_collections|history_of_indology
spacetime_index,80,analytics_output/spacetime_unmatched.csv,19,PRES_646225a03b,Опровержение атомизма в трактате Васубандху Виджняптиматратасиддхи («Доказательство единственности сознания»),todo,1; 1,,,,Н. В. Хомутинникова; 2004; Zograf Readings; buddhist_studies
spacetime_index,80,analytics_output/spacetime_unmatched.csv,998,PRES_8433ffdf15,Опровержение позиции вайшешики Дигнагой,todo,1; 1,,,,В. Г. Лысенко; 2025; Zograf Readings; buddhist_studies
spacetime_index,80,analytics_output/spacetime_unmatched.csv,445,PRES_da2e8e521f,Опровержение существования субъекта в полемике с вайшешиками по вопросу о существовании субъекта в «Пудгалавинишчае» Васубандху,todo,1; 1,,,,Л. И. Титлин; 2016; Roerich Readings; buddhist_studies
spacetime_index,80,analytics_output/spacetime_unmatched.csv,622,PRES_12417b5ae3,Опыт передачи эпической шлоки в русской переводческой традиции,todo,1; 1,,,,М. В. Леонов; 2019; Roerich Readings; translation_reception
spacetime_index,80,analytics_output/spacetime_unmatched.csv,100,PRES_eabb2c0db9,Ордалии в дхармашастрах,todo,1; 1,,,,Н. А. Корнеева; 2008; Roerich Readings
spacetime_index,80,analytics_output/spacetime_unmatched.csv,101,PRES_8b2df737b9,Ордалия весами: проблемы интерпретации результатов взвешивания,todo,1; 1,,,,Н. А. Корнеева; 2008; Zograf Readings; ritual_studies
spacetime_index,80,analytics_output/spacetime_unmatched.csv,133,PRES_a05b916ad8,Ордалия освященной водой (kosha),todo,1; 1,,,,Н. А. Корнеева; 2009; Zograf Readings; ritual_studies
spacetime_index,80,analytics_output/spacetime_unmatched.csv,174,PRES_6a263265ac,Ордалия раскаленной монетой (taptamàşa): текст и реальность,todo,1; 1,,,,Н. А. Корнеева; 2010; Zograf Readings; ritual_studies
spacetime_index,80,analytics_output/spacetime_unmatched.csv,134,PRES_64abe774d2,Ордалия раскаленной монетой: шастрический текст и «свидетельства» испытаний,todo,1; 1,,,,Н. А. Корнеева; 2009; Roerich Readings; ritual_studies
spacetime_index,80,analytics_output/spacetime_unmatched.csv,44,PRES_49eb37c334,Орфоэпическая практика и древнеиндийская фонетика,todo,1; 1,,,,В. Видунас; 2006; Zograf Readings; sanskrit_grammar_panini
spacetime_index,80,analytics_output/spacetime_unmatched.csv,253,PRES_485b7b3478,Осел/бык в индоиранской картине мира,todo,1; 1,,,,В. Ю. Крюкова; 2012; Zograf Readings; comparative_analysis
spacetime_index,80,analytics_output/spacetime_unmatched.csv,446,PRES_3d94fe9cb2,Основные идеи религиозной герменевтики Г. Оберхаммера в аспекте изучения вишишта-адвайта-веданты,todo,1; 1,,,,Р. В. Псху; 2016; Zograf Readings; philosophy_epistemology
spacetime_index,80,analytics_output/spacetime_unmatched.csv,447,PRES_f0240ba1c9,Особенности жанра парибхаша на примере сутр Апастамбы,todo,1; 1,,,,Н. А. Корнеева; 2016; Roerich Readings; sanskrit_grammar_panini
spacetime_index,80,analytics_output/spacetime_unmatched.csv,254,PRES_9991e8b1ef,Особенности календарной обрядности у раджпутов C,todo,1; 1,,,,К. А. Маретина; 2012; Zograf Readings; life_cycle_rituals
spacetime_index,80,analytics_output/spacetime_unmatched.csv,255,PRES_b27303708f,Особенности композиции «Апастамба-дхармасутры»,todo,1; 1,,,,Н. А. Корнеева; 2012; Zograf Readings; sanskrit_grammar_panini
spacetime_index,80,analytics_output/spacetime_unmatched.csv,506,PRES_3e55ce15ac,Особенности культа лингама в традиции вирашайвов,todo,1; 1,,,,С. С. Чистяков; 2017; Zograf Readings
spacetime_index,80,analytics_output/spacetime_unmatched.csv,759,PRES_71a1ef7771,Особенности представлений о творении вселенной и ее истории в пуранах,todo,1; 1,,,,Е. В. Тюлина; 2021; Roerich Readings; cosmology
spacetime_index,80,analytics_output/spacetime_unmatched.csv,814,PRES_6c80b6dbcb,Особенности тантрического аскетизма,todo,1; 1,,,,С. В. Пахомов; 2022; Zograf Readings; ritual_studies
spacetime_index,80,analytics_output/spacetime_unmatched.csv,570,PRES_2310631e31,От демонической к человеческой сексуальности? Индо-иранский миф о первобытном инцесте Ями и Ямы и его индоевропейские корни,todo,1; 1,,,,Л. И. Куликов; 2018; Zograf Readings; comparative_analysis
spacetime_index,80,analytics_output/spacetime_unmatched.csv,67,PRES_632589d9f1,От смерти к новому рождению. Учение о промежуточном существовании в «Абхидхармакоше» Васубандху,todo,1; 1,,,,Е. П. Островская; 2007; Zograf Readings; buddhist_studies
spacetime_index,80,analytics_output/spacetime_unmatched.csv,928,PRES_095045ced7,От эпического предания до буддийского сказания и обратно: история Шьямы,todo,1; 1,,,,А. В. Фивейская; 2024; Zograf Readings; epic_ramayana_mahabharata|buddhist_studies
spacetime_index,80,analytics_output/spacetime_unmatched.csv,624,PRES_2f78b4f0f2,"Отношение к женщине в эпосе (на примере «Рамаяны» Вальмики, «Адбхута Рамаяны» и «Адхьятма Рамаяны»)",todo,1; 1,,,,Р. Н. Сабирова; 2019; Zograf Readings; epic_ramayana_mahabharata
spacetime_index,80,analytics_output/spacetime_unmatched.csv,45,PRES_fcd64d09ac,Отряхивающийся ныряльщик: о специфическом фольклорном мотиве в эпических и пуранических версиях «Сказания о Вепре» (Varāha-kathā),todo,1; 1,,,,Я. В. Васильков; 2006; Zograf Readings; epic_ramayana_mahabharata
spacetime_index,80,analytics_output/spacetime_unmatched.csv,1000,PRES_241822b4c1,Очеловечивание божеств в пьесе Ватсараджи «Самудраматхана» (XII вв.),todo,1; 1,,,,М. Д. Минаева; 2025; Roerich Readings; literary_studies
spacetime_index,80,analytics_output/spacetime_unmatched.csv,135,PRES_aa2399a11e,Паломничество в Калика-пуране,todo,1; 1,,,,А. А. Игнатьев; 2009; Zograf Readings
spacetime_index,80,analytics_output/spacetime_unmatched.csv,761,PRES_4a38078432,Панчатантра как шастра и как тантра,todo,1; 1,,,,С. С. Тавастшерна; 2021; Roerich Readings; comparative_analysis
spacetime_index,80,analytics_output/spacetime_unmatched.csv,695,PRES_9a160371a2,Параллельный санскритско-русский корпус,todo,1; 1,,,,М. Ю. Гасунс; 2020; Zograf Readings; sanskrit_grammar_panini
spacetime_index,80,analytics_output/spacetime_unmatched.csv,449,PRES_a2448dc96a,"Пауль Дойссен (1845—1919): веданта, европейская философия и философская компаративистика",todo,1; 1,,,,С. Л. Бурмистров; 2016; Zograf Readings; comparative_analysis
spacetime_index,80,analytics_output/spacetime_unmatched.csv,508,PRES_3a9030ea71,Первые известные изображения раг. Тексты и контекст,todo,1; 1,,,,А. Н. Бабин; 2017; Roerich Readings; visual_material_culture
spacetime_index,80,analytics_output/spacetime_unmatched.csv,1060,PRES_266f877d3f,Перевод в практике преподавания хинди в средней школе,todo,1; 1,,,,Ю. В. Бещук; 2026; Zograf Readings; hindi_urdu_new_indo_aryan
spacetime_index,80,analytics_output/spacetime_unmatched.csv,931,PRES_36658fe404,Переписка О.Н. Бетлингка по поводу Петербургских словарей и судьба лексикографа,todo,1; 1,,,,М. Ю. Гасунс; 2024; Zograf Readings; history_of_indology
spacetime_index,80,analytics_output/spacetime_unmatched.csv,256,PRES_3ddacc6fb6,Песенная техника проповеди Миры Баи: подступы к исследованию,todo,1; 1,,,,С. О. Цветкова; 2012; Roerich Readings; bhakti_vaishnava
spacetime_index,80,analytics_output/spacetime_unmatched.csv,1002,PRES_b8c7056b10,Пещера дивов в сказке на языке парья,todo,1; 1,,,,Т. И. Оранская; 2025; Zograf Readings; literary_studies
spacetime_index,80,analytics_output/spacetime_unmatched.csv,510,PRES_85a6141248,Писатели хинди нового поколения: Кто они и зачем пришли в литературу,todo,1; 1,,,,А. В. Челнокова; 2017; Zograf Readings; modern_literature
spacetime_index,80,analytics_output/spacetime_unmatched.csv,450,PRES_7acc74ab82,Письменности языков мунда,todo,1; 1,,,,А. С. Крылова; 2016; Zograf Readings; new_indo_aryan_languages
spacetime_index,80,analytics_output/spacetime_unmatched.csv,932,PRES_1e29140cc1,Планиметрические модели тела человека в санскритских трактатах по искусству и в стенописи Аджанты,todo,1; 1,,,,В. В. Вертоградова; 2024; Roerich Readings; visual_material_culture
spacetime_index,80,analytics_output/spacetime_unmatched.csv,68,PRES_43e4e4e60d,Плач в составе древней махакавьи,todo,1; 1,,,,А. Г. Гурия; 2007; Zograf Readings
spacetime_index,80,analytics_output/spacetime_unmatched.csv,933,PRES_6f76cd7bf3,Поведенческие стереотипы сикхов,todo,1; 1,,,,К. В. Лемешкина; 2024; Zograf Readings
spacetime_index,80,analytics_output/spacetime_unmatched.csv,511,PRES_32246c7904,Полемика о субъекте между буддистами и ньяя-вайшешиками в «Таттвасанграхе» Шантаракшиты,todo,1; 1,,,,Л. И. Титлин; 2017; Roerich Readings; buddhist_studies|philosophy_epistemology
spacetime_index,80,analytics_output/spacetime_unmatched.csv,762,PRES_face965a12,Полемика с мимансаками об атмане в «Таттвасанграхе» Шантаракшиты,todo,1; 1,,,,Л. И. Титлин; 2021; Zograf Readings; philosophy_epistemology
spacetime_index,80,analytics_output/spacetime_unmatched.csv,866,PRES_4542369695,Политик читает и пересказывает эпос. «Рамаяна» и «Махабхарата» в переложении Чакраварти Раджагопалачари,todo,1; 1,,,,И. Ю. Котин; 2023; Zograf Readings; epic_ramayana_mahabharata|translation_reception
spacetime_index,80,analytics_output/spacetime_unmatched.csv,625,PRES_4d86ceb847,Понимание искусства в учении Ошо,todo,1; 1,,,,Ю. А. Уймина; 2019; Zograf Readings
spacetime_index,80,analytics_output/spacetime_unmatched.csv,626,PRES_e7a6d5efa9,Понятие nirodha в истории буддийской философии,todo,1; 1,,,,С. Л. Бурмистров; 2019; Zograf Readings; buddhist_studies
spacetime_index,80,analytics_output/spacetime_unmatched.csv,627,PRES_edf0bd4014,Понятие блаженства (ананды) в индуистском тантризме,todo,1; 1,,,,С. В. Пахомов; 2019; Zograf Readings
spacetime_index,80,analytics_output/spacetime_unmatched.csv,696,PRES_d50f809e09,Понятие религиозного инклюзивизма у П. Хакера,todo,1; 1,,,,И. Е. Лапшин; 2020; Zograf Readings; comparative_analysis
spacetime_index,80,analytics_output/spacetime_unmatched.csv,452,PRES_74cd40949e,Понятие фундаментальности в индологии,todo,1; 1,,,,А. В. Парибок; 2016; Zograf Readings; history_of_indology
spacetime_index,80,analytics_output/spacetime_unmatched.csv,136,PRES_2cb004016e,Посвящение в знание мудрости в Гухьясамаджатантре (на основе Abhishekanirukti),todo,1; 1,,,,Е. С. Бушуев; 2009; Zograf Readings; buddhist_studies
spacetime_index,80,analytics_output/spacetime_unmatched.csv,934,PRES_956af043cd,Посох Чанакьи,todo,1; 1,,,,А. А. Вигасин; 2024; Roerich Readings
spacetime_index,80,analytics_output/spacetime_unmatched.csv,176,PRES_a873570c30,Потенциальное и актуальное в буддийском учении о восприятии,todo,1; 1,,,,В. Г. Лысенко; 2010; Zograf Readings; buddhist_studies
spacetime_index,80,analytics_output/spacetime_unmatched.csv,935,PRES_05234eac69,Похищение и возвращение жён в древнеиндийском эпосе и параллели в древнегреческих сюжетах,todo,1; 1,,,,А. В. Молина; 2024; Roerich Readings; comparative_analysis|epic_ramayana_mahabharata
spacetime_index,80,analytics_output/spacetime_unmatched.csv,867,PRES_611497ab1e,Почему Брахман наделен природой звука (шабда-таттва)?,todo,1; 1,,,,Е. А. Десницкая; 2023; Zograf Readings; philosophy_epistemology
spacetime_index,80,analytics_output/spacetime_unmatched.csv,512,PRES_93091ebf3a,Почему Дигнага называет определение восприятия Васубандху асара (лишенным сути)? Медленное чтение «Прамана-самуччая-вритти» (,todo,1; 1,,,,В. Г. Лысенко; 2017; Roerich Readings; buddhist_studies|philosophy_epistemology
spacetime_index,80,analytics_output/spacetime_unmatched.csv,1003,PRES_5e05166d55,Почему у монаха-дигамбара рог на голове? Попытка интерпретации одной строфы из философского диспута в прахасане «Латакамелака»,todo,1; 1,,,,Д. А. Комиссаров; 2025; Roerich Readings; jain_studies
spacetime_index,80,analytics_output/spacetime_unmatched.csv,629,PRES_b3d5e8155e,Поэзия народов мунда,todo,1; 1,,,,А. С. Крылова; 2019; Zograf Readings
spacetime_index,80,analytics_output/spacetime_unmatched.csv,630,PRES_b3d5e8155e,Поэзия народов мунда,todo,1; 1,,,,Е. А. Ренковская; 2019; Zograf Readings
spacetime_index,80,analytics_output/spacetime_unmatched.csv,697,PRES_37b0efbebb,Поэтический цикл Кабилара о князе Пари,todo,1; 1,,,,Н. В. Гордийчук; 2020; Roerich Readings; literary_studies
spacetime_index,80,analytics_output/spacetime_unmatched.csv,1063,PRES_0b6e4e4519,Прамана-вада «Таттва-сандарбхи» Дживы Госвами в оптике неклассической эпистемологии науки,todo,1; 1,,,,А. О. Драчук; 2026; Zograf Readings; bhakti_vaishnava|philosophy_epistemology
spacetime_index,80,analytics_output/spacetime_unmatched.csv,764,PRES_965ca3fc2b,Предварительные замечания к проблеме речевого сбоя в древнеиндийской теории драмы,todo,1; 1,,,,Е. А. Юдицкая; 2021; Roerich Readings; philosophy_epistemology
spacetime_index,80,analytics_output/spacetime_unmatched.csv,453,PRES_f522ab2214,Предсказания об исчезновении Дхармы как фактор зарождения традиционной историографии буддизма,todo,1; 1,,,,Е. П. Островская; 2016; Zograf Readings; buddhist_studies
spacetime_index,80,analytics_output/spacetime_unmatched.csv,303,PRES_04dccf8d10,Представление о Брахмане в ранней вишишта-адвайте,todo,1; 1,,,,Р. В. Псху; 2013; Zograf Readings; philosophy_epistemology
spacetime_index,80,analytics_output/spacetime_unmatched.csv,868,PRES_b1ae58819e,Представление о годе в концепции времени пуран,todo,1; 1,,,,Е. В. Тюлина; 2023; Roerich Readings; cosmology
spacetime_index,80,analytics_output/spacetime_unmatched.csv,258,PRES_fc155b3a33,Представления об Арьяварте в санскритских источниках в исторической перспективе,todo,1; 1,,,,Е. Г. Вырщиков; 2012; Roerich Readings
spacetime_index,80,analytics_output/spacetime_unmatched.csv,46,PRES_dfef1a443f,Представления об обществе и власти в «Бхагавата-пуране»,todo,1; 1,,,,Ю. Г. Кокова; 2006; Zograf Readings; epic_ramayana_mahabharata
spacetime_index,80,analytics_output/spacetime_unmatched.csv,304,PRES_96ea28da78,Представления об уме в джайнской дигамбарской традиции (к прояснению терминов),todo,1; 1,,,,Н. А. Железнова; 2013; Roerich Readings; jain_studies
spacetime_index,80,analytics_output/spacetime_unmatched.csv,1004,PRES_f40d5bacac,Представления пуран о священном тексте как культовом предмете,todo,1; 1,,,,Е. В. Тюлина; 2025; Roerich Readings
spacetime_index,80,analytics_output/spacetime_unmatched.csv,1005,PRES_6a8a61bed8,Према Рамаяна и Шри Ситарама-чаритра-дарпана как примеры Рамаян XX века в контексте современной литературы на бходжпури и майтхили,todo,1; 1,,,,М. Б. Демченко; 2025; Zograf Readings; modern_literature|epic_ramayana_mahabharata
spacetime_index,80,analytics_output/spacetime_unmatched.csv,936,PRES_9a54ac1874,Преображение богини Кали: точка зрения «Маханирвана-тантры»,todo,1; 1,,,,С. А. Покатилов; 2024; Zograf Readings; ritual_studies
spacetime_index,80,analytics_output/spacetime_unmatched.csv,177,PRES_a4b8fa4547,Прием почетного гостя-атитхи в санскритской текстовой традиции (по дхармасутре Апастамбы),todo,1; 1,,,,Н. А. Корнеева; 2010; Roerich Readings; ritual_studies
spacetime_index,80,analytics_output/spacetime_unmatched.csv,213,PRES_5291787a3f,Прием почетного гостя-атитхи по материалам древнеиндийских ритуальных текстов,todo,1; 1,,,,Н. А. Корнеева; 2011; Zograf Readings; ritual_studies
spacetime_index,80,analytics_output/spacetime_unmatched.csv,937,PRES_04be156989,Принципы построения верениц древнеиндийских имён в «Вишнусахасранаме» («Махабхарата» XII.135),todo,1; 1,,,,М. Ю. Гасунс; 2024; Roerich Readings; epic_ramayana_mahabharata
spacetime_index,80,analytics_output/spacetime_unmatched.csv,259,PRES_ce1f190968,Природопользование в тангутском государстве Си Ся,todo,1; 1,,,,Ю. И. Дробышев; 2012; Roerich Readings
spacetime_index,80,analytics_output/spacetime_unmatched.csv,869,PRES_0727154099,Проблема интерпретации действия в комментарии Шанкары на Бхагавадгиту,todo,1; 1,,,,С. В. Лобанов; 2023; Zograf Readings; philosophy_epistemology
spacetime_index,80,analytics_output/spacetime_unmatched.csv,454,PRES_a4f7b5c51d,Проблема квалия в свете буддийской философии,todo,1; 1,,,,В. Г. Лысенко; 2016; Zograf Readings; buddhist_studies|philosophy_epistemology
spacetime_index,80,analytics_output/spacetime_unmatched.csv,23,PRES_6e17572f1f,Проблема классификации индуистских тантрических школ,todo,1; 1,,,,С. В. Пахомов; 2004; Zograf Readings
spacetime_index,80,analytics_output/spacetime_unmatched.csv,178,PRES_e9f41a40c8,Проблема сновидения и «ошибочные действия» в натаке Бхасы «Свапнавасавадатта»,todo,1; 1,,,,Е. А. Юдицкая; 2010; Roerich Readings; literary_studies
spacetime_index,80,analytics_output/spacetime_unmatched.csv,938,PRES_c8253960c0,Проблема сознания в философии адвайта-веданты Сурешвары.,todo,1; 1,,,,Е. Р. Кравцова; 2024; Zograf Readings; philosophy_epistemology
spacetime_index,80,analytics_output/spacetime_unmatched.csv,137,PRES_e2499adc9f,Проблема соотношения этики и знания в йоге и индуистской тантре,todo,1; 1,,,,С. В. Пахомов; 2009; Zograf Readings; yoga_ayurveda|philosophy_epistemology
spacetime_index,80,analytics_output/spacetime_unmatched.csv,179,PRES_d49c9ef5f0,Проблема уникальности природы человеческой души в философской системе Ямуначарьи,todo,1; 1,,,,Р. В. Псху; 2010; Zograf Readings; philosophy_epistemology
spacetime_index,80,analytics_output/spacetime_unmatched.csv,214,PRES_df563ac2ff,Проблема энергии в тантре,todo,1; 1,,,,А. В. Парибок; 2011; Zograf Readings
spacetime_index,80,analytics_output/spacetime_unmatched.csv,306,PRES_9f51b09a94,Проблема языка в веданте и европейском романтизме,todo,1; 1,,,,С. Л. Бурмистров; 2013; Zograf Readings; comparative_analysis
spacetime_index,80,analytics_output/spacetime_unmatched.csv,698,PRES_4222cc5294,Проблемы атомизма по «Вимшике» Васубандху и «Аламбана-парикше» Дигнаги,todo,1; 1,,,,В. Г. Лысенко; 2020; Roerich Readings; philosophy_epistemology|buddhist_studies
spacetime_index,80,analytics_output/spacetime_unmatched.csv,765,PRES_2b0af07002,Проблемы датировки «Нандикешваракашики»,todo,1; 1,,,,А. П. Ковалевская; 2021; Zograf Readings; sanskrit_grammar_panini
spacetime_index,80,analytics_output/spacetime_unmatched.csv,390,PRES_92046749c3,Проблемы датировки трактата Бхамахи и пути ее решения,todo,1; 1,,,,Ю. М. Алиханова; 2015; Roerich Readings; sanskrit_grammar_panini
spacetime_index,80,analytics_output/spacetime_unmatched.csv,391,PRES_20a3d34c80,Проблемы перевода «Шрибхашьи» Рамануджи,todo,1; 1,,,,Р. В. Псху; 2015; Zograf Readings; vaishnava
spacetime_index,80,analytics_output/spacetime_unmatched.csv,766,PRES_8da2a8ffea,Проблемы понимания санскритской метрики,todo,1; 1,,,,С. С. Тавастшерна; 2021; Zograf Readings; metrics
spacetime_index,80,analytics_output/spacetime_unmatched.csv,1008,PRES_c02d591918,Проблемы реконструкции системы йоги Патанджали на основе переводов «корневого» текста «Йога-сутр» и толкования Бходжи («Rājamārtaṇḍa»),todo,1; 1,,,,Н. В. Сенина; 2025; Zograf Readings; philosophy_epistemology|yoga_ayurveda
spacetime_index,80,analytics_output/spacetime_unmatched.csv,455,PRES_d0a593aaa8,Проблемы текстологии «Шатакатраям» Бхартрихари (на примере «Шрингарашатаки»),todo,1; 1,,,,С. С. Тавастшерна; 2016; Zograf Readings; manuscripts_epigraphy
spacetime_index,80,analytics_output/spacetime_unmatched.csv,138,PRES_422410f9af,Происхождение атомизма: лингвистическая гипотеза,todo,1; 1,,,,В. Г. Лысенко; 2009; Zograf Readings; comparative_analysis
spacetime_index,80,analytics_output/spacetime_unmatched.csv,392,PRES_d0c16fc4c0,Проповедь Кабира: некоторые особенности языка и стиля,todo,1; 1,,,,С. О. Цветкова; 2015; Roerich Readings; bhakti_vaishnava
spacetime_index,80,analytics_output/spacetime_unmatched.csv,24,PRES_630760bcac,Психология акта самопожертвования в изображении драматургов 7-го века,todo,1; 1,,,,Ю. М. Алиханова; 2004; Zograf Readings
spacetime_index,80,analytics_output/spacetime_unmatched.csv,571,PRES_9991b02531,Путешествие «Тысячи и одной ночи» в Ирландию,todo,1; 1,,,,М. С. Фомин; 2018; Roerich Readings; comparative_analysis|translation_reception
spacetime_index,80,analytics_output/spacetime_unmatched.csv,393,PRES_ec1abc9fd1,Пути песенных текстов – переводы и примеры метафонии,todo,1; 1,,,,В. М. Яковлев; 2015; Roerich Readings; translation_reception
spacetime_index,80,analytics_output/spacetime_unmatched.csv,767,PRES_125f1bf29e,Пушп-Ватика: Цветущий сад поэзии,todo,1; 1,,,,М. Б. Демченко; 2021; Zograf Readings; literary_studies
spacetime_index,80,analytics_output/spacetime_unmatched.csv,307,PRES_1177dbea6f,Работа Р. Х. Ленца в западноевропейских хранилищах восточных рукописей,todo,1; 1,,,,Т. В. Ермакова; 2013; Zograf Readings; history_of_indology
spacetime_index,80,analytics_output/spacetime_unmatched.csv,573,PRES_c3fe9419cc,Раджа Рави Варма: художник и основатель «Рави Варма Пресс»,todo,1; 1,,,,Е. В. Столярова; 2018; Zograf Readings; visual_material_culture
spacetime_index,80,analytics_output/spacetime_unmatched.csv,515,PRES_6e57a8cfb1,Размышления по поводу двух древнегреческих сосудов (XVI — VII вв. до н. э.),todo,1; 1,,,,Н. Г. Краснодембская; 2017; Zograf Readings
spacetime_index,80,analytics_output/spacetime_unmatched.csv,260,PRES_f31283e9b4,Рамаяна в драме Бхавабхути «Последние приключения Рамы»,todo,1; 1,,,,Ю. М. Алиханова; 2012; Roerich Readings; epic_ramayana_mahabharata
spacetime_index,80,analytics_output/spacetime_unmatched.csv,139,PRES_86c16283af,Ранневишнуитская Веданта,todo,1; 1,,,,Р. В. Псху; 2009; Zograf Readings; vaishnava
spacetime_index,80,analytics_output/spacetime_unmatched.csv,769,PRES_6ce494c40a,Раса как сок поэзии,todo,1; 1,,,,Н. Р. Лидова; 2021; Zograf Readings; literary_studies
spacetime_index,80,analytics_output/spacetime_unmatched.csv,940,PRES_b4cf247d81,Рассказы для детей об аватарах Вишну,todo,1; 1,,,,Г. В. Стрелкова; 2024; Zograf Readings; vaishnava
spacetime_index,80,analytics_output/spacetime_unmatched.csv,394,PRES_1f1bea1183,Рассказы о мастерстве в древнеиндийской городской литературе,todo,1; 1,,,,М. Н. Русанов; 2015; Zograf Readings
spacetime_index,80,analytics_output/spacetime_unmatched.csv,308,PRES_57ae9add27,Реальное и ирреальное в «„Новой поэзии“ хинди»,todo,1; 1,,,,Л. А. Стрельцова; 2013; Zograf Readings; modern_literature
spacetime_index,80,analytics_output/spacetime_unmatched.csv,633,PRES_8c7d8555e5,Реминисценции мифа Вала в припамирском регионе,todo,1; 1,,,,В. Ю. Крюкова; 2019; Zograf Readings; comparative_analysis
spacetime_index,80,analytics_output/spacetime_unmatched.csv,1009,PRES_ea27687ed5,Рецепция Маджджхима-никаи в рукописях Э. Гуссерля,todo,1; 1,,,,Г. И. Чернавин; 2025; Roerich Readings; buddhist_studies|translation_reception
spacetime_index,80,analytics_output/spacetime_unmatched.csv,819,PRES_d8ca534401,Рецепция тантрического текста в совеременной культуре: случай Аллена Гинзберга,todo,1; 1,,,,Е. О. Кузина; 2022; Roerich Readings; translation_reception
spacetime_index,80,analytics_output/spacetime_unmatched.csv,634,PRES_9631572f2e,Речь во сне и грезы наяву в классической санскритской драме,todo,1; 1,,,,Е. А. Юдицкая; 2019; Zograf Readings; literary_studies
spacetime_index,80,analytics_output/spacetime_unmatched.csv,458,PRES_a66ce250fa,Ритуал poṣadha в буддийских монастырях кушанского Термеза I – IV в. н. э. (реконструкция),todo,1; 1,,,,В. В. Вертоградова; 2016; Roerich Readings; buddhist_studies|ritual_studies
spacetime_index,80,analytics_output/spacetime_unmatched.csv,636,PRES_83479bd0dd,Ритуальная жизнь делийского даргаха,todo,1; 1,,,,Г. Д. Стукалин; 2019; Zograf Readings
spacetime_index,80,analytics_output/spacetime_unmatched.csv,516,PRES_5b6f4c9c6a,Ритуальный текст из «Махавасту»,todo,1; 1,,,,Д. И. Жутаев; 2017; Roerich Readings; buddhist_studies
spacetime_index,80,analytics_output/spacetime_unmatched.csv,459,PRES_d97538f124,Ритуальный текст о структуре вселенной (опыт литературного перевода),todo,1; 1,,,,Д. И. Жутаев; 2016; Roerich Readings; cosmology
spacetime_index,80,analytics_output/spacetime_unmatched.csv,701,PRES_c70b31e5b3,Роль «Тируттондар тирувандади» Намби Андар Намби в формировании шиваитского канона,todo,1; 1,,,,О. П. Вечерина; 2020; Roerich Readings; buddhist_studies
spacetime_index,80,analytics_output/spacetime_unmatched.csv,637,PRES_ff3d302713,Роль Умапати Шивачарьи в формировании окончательной редакции канона шайва-сиддханты,todo,1; 1,,,,О. П. Вечерина; 2019; Zograf Readings
spacetime_index,80,analytics_output/spacetime_unmatched.csv,396,PRES_899ee181a5,Роман «Кадамбари» и его современное продолжение,todo,1; 1,,,,Г. В. Стрелкова; 2015; Zograf Readings; translation_reception
spacetime_index,80,analytics_output/spacetime_unmatched.csv,871,PRES_6d2052f1ad,Россия и русские в произведениях Салмана Рушди,todo,1; 1,,,,А. В. Челнокова; 2023; Zograf Readings; modern_literature
spacetime_index,80,analytics_output/spacetime_unmatched.csv,261,PRES_82dc5a4985,Сакральная «геология» в системе знаний вастувидьи (науки о строительстве и зодчестве) в пуранах,todo,1; 1,,,,Е. В. Тюлина; 2012; Roerich Readings; cosmology
spacetime_index,80,analytics_output/spacetime_unmatched.csv,397,PRES_c245e46b6e,Сакральная география Бодхгаи и текстовая традиция,todo,1; 1,,,,Н. В. Александрова; 2015; Roerich Readings; buddhist_studies
spacetime_index,80,analytics_output/spacetime_unmatched.csv,1064,PRES_215ed69350,Салман Рушди и русская литература: тайный роман?,todo,1; 1,,,,А. В. Челнокова; 2026; Zograf Readings; comparative_analysis
spacetime_index,80,analytics_output/spacetime_unmatched.csv,1065,PRES_43b3dacf96,"Санньяса и Брахмалока: смерть, социальная или физическая, как опосредующий этап пути к освобождению в адвайта-веданте",todo,1; 1,,,,И. Е. Толчельников; 2026; Zograf Readings; philosophy_epistemology
spacetime_index,80,analytics_output/spacetime_unmatched.csv,215,PRES_5b9c7fa5b6,Санскритизация и философские проблемы языковой политики,todo,1; 1,,,,Д. О. Парамонов; 2011; Zograf Readings; modern_society_politics
spacetime_index,80,analytics_output/spacetime_unmatched.csv,703,PRES_75e95131c2,Санскритская грамматика и мирская мудрость,todo,1; 1,,,,Е. А. Уланский; 2020; Roerich Readings; sanskrit_grammar_panini
spacetime_index,80,analytics_output/spacetime_unmatched.csv,180,PRES_0e0cf8bb17,Санскритские квантитативные стихотворные размеры: реконструкция чтения,todo,1; 1,,,,С. С. Тавастшерна; 2010; Zograf Readings; metrics|prosody
spacetime_index,80,analytics_output/spacetime_unmatched.csv,639,PRES_251dbeeac8,Санскритские очки европейской лингвистики XIX века,todo,1; 1,,,,О. А. Волошина; 2019; Zograf Readings; history_of_indology
spacetime_index,80,analytics_output/spacetime_unmatched.csv,69,PRES_932ae951cd,Санскритское письмо как последовательная фонетическая транскрипция,todo,1; 1,,,,А. В. Парибок; 2007; Zograf Readings
spacetime_index,80,analytics_output/spacetime_unmatched.csv,140,PRES_6213023bf5,Сат-чит-ананда как мост между христианством и индуизмом,todo,1; 1,,,,Ю. В. Предтеченская; 2009; Zograf Readings; comparative_analysis
spacetime_index,80,analytics_output/spacetime_unmatched.csv,821,PRES_19464a9a79,Связка текст-смысл-мышление в «Артхашастре» Каутильи: уникальность и стандартность,todo,1; 1,,,,Е. Г. Вырщиков; 2022; Roerich Readings; philosophy_epistemology
spacetime_index,80,analytics_output/spacetime_unmatched.csv,822,PRES_c4a37b0299,Священные зороастрийские тексты и переписка парсийских жрецов с зороастрийскими жрецами Ирана,todo,1; 1,,,,М. Б. Мейтарчиян; 2022; Roerich Readings
spacetime_index,80,analytics_output/spacetime_unmatched.csv,70,PRES_649f8342d7,Сезонный и суточный циклы в санскритской драме (структура санскритской драмы),todo,1; 1,,,,Ю. М. Алиханова; 2007; Zograf Readings
spacetime_index,80,analytics_output/spacetime_unmatched.csv,575,PRES_0ad046733d,Семантика глагольного корня bhram и его дериватов на материале древнеиндийского эпоса и поэзии,todo,1; 1,,,,Е. А. Юдицкая; 2018; Roerich Readings; sanskrit_grammar_panini|epic_ramayana_mahabharata
spacetime_index,80,analytics_output/spacetime_unmatched.csv,517,PRES_6c4f1eceba,Семантика изображений птицы на каменных изваяниях степей Евразии,todo,1; 1,,,,Ю. И. Дробышев; 2017; Roerich Readings
spacetime_index,80,analytics_output/spacetime_unmatched.csv,1014,PRES_79183a8b2a,Сесил Бендалл как публикатор буддийских письменных памятников,todo,1; 1,,,,Т. В. Ермакова; 2025; Zograf Readings; history_of_indology
spacetime_index,80,analytics_output/spacetime_unmatched.csv,1015,PRES_ae142d5803,Сикхи в диаспоре: ритуалы детства,todo,1; 1,,,,К. В. Лемешкина; 2025; Zograf Readings; ethnography_performance|modern_society_politics
spacetime_index,80,analytics_output/spacetime_unmatched.csv,263,PRES_c417664ebc,Символизм десяти воплощений Вишну во внутренней Калачакра-тантре,todo,1; 1,,,,А. Г. Мехакян; 2012; Roerich Readings; buddhist_studies
spacetime_index,80,analytics_output/spacetime_unmatched.csv,310,PRES_05159a33dc,Символизм санскритского алфавита (али-кали) в Калачакра-тантре,todo,1; 1,,,,А. Г. Мехакян; 2013; Roerich Readings; buddhist_studies
spacetime_index,80,analytics_output/spacetime_unmatched.csv,47,PRES_80ebdc8f23,Символика и способы почитания богини Тары в индуизме (с демонстрацией видеоматериалов),todo,1; 1,,,,С. И. Рыжакова; 2006; Zograf Readings; ritual_studies
spacetime_index,80,analytics_output/spacetime_unmatched.csv,461,PRES_168720e32a,Символический язык буддизма ваджраяны на примере «Калачакра Тантры»,todo,1; 1,,,,А. Г. Мехакян; 2016; Roerich Readings; buddhist_studies
spacetime_index,80,analytics_output/spacetime_unmatched.csv,311,PRES_aff25e6347,Символы в обозначении пространства и чисел и их истолкование (по текстам вастувидьи из пуран),todo,1; 1,,,,Е. В. Тюлина; 2013; Roerich Readings; cosmology
spacetime_index,80,analytics_output/spacetime_unmatched.csv,399,PRES_c1f611081b,Система образов поэзии кавья на примере лирических стихов из антологии Видьякары «Субхашитаратнакоша»,todo,1; 1,,,,А. Я. Таран; 2015; Zograf Readings; literary_studies
spacetime_index,80,analytics_output/spacetime_unmatched.csv,1066,PRES_2ee12546b2,Сита и Агни в «Рамаяне» Вальмики,todo,1; 1,,,,А. В. Молина; 2026; Zograf Readings; epic_ramayana_mahabharata
spacetime_index,80,analytics_output/spacetime_unmatched.csv,1016,PRES_c1e254fba2,Сита и Агни в «Рамаяне» Вальмики,todo,1; 1,,,,А. В. Молина; 2025; Roerich Readings; epic_ramayana_mahabharata
spacetime_index,80,analytics_output/spacetime_unmatched.csv,400,PRES_addb4753ec,Сказание о Ратнакалике (в составе поэмы «Лор и Чандрани»),todo,1; 1,,,,Е. К. Бросалина; 2015; Zograf Readings
spacetime_index,80,analytics_output/spacetime_unmatched.csv,182,PRES_080e848a5a,Скифские слова в Авесте,todo,1; 1,,,,С. В. Кулланда; 2010; Roerich Readings; etymology
spacetime_index,80,analytics_output/spacetime_unmatched.csv,872,PRES_5b690db8b2,"Скульптура Нритья Шивы из храма Мандапешвара в Мумбаи. Стиль, иконография, аналогии",todo,1; 1,,,,Д. Н. Воробьева; 2023; Zograf Readings; visual_material_culture
spacetime_index,80,analytics_output/spacetime_unmatched.csv,218,PRES_0b727f138c,Словесные фигуры и принцип «непрямого высказывания» (вакрокти) в средневековой поэтике,todo,1; 1,,,,С. О. Цветкова; 2011; Zograf Readings; literary_studies
spacetime_index,80,analytics_output/spacetime_unmatched.csv,873,PRES_1654668dbb,Словослияние в куллуи как способ словообразования,todo,1; 1,,,,А. С. Крылова; 2023; Roerich Readings; new_indo_aryan_languages
spacetime_index,80,analytics_output/spacetime_unmatched.csv,518,PRES_9f49dca92d,Смена мотивировок в средневековом тексте: две «Рамаяны»,todo,1; 1,,,,А. Г. Гурия; 2017; Roerich Readings; epic_ramayana_mahabharata
spacetime_index,80,analytics_output/spacetime_unmatched.csv,264,PRES_5d4f4cf4a8,Смех в традиции древнеиндийского театра (по материалам Натьяшастры),todo,1; 1,,,,Н. Р. Лидова; 2012; Roerich Readings; ethnography_performance
spacetime_index,80,analytics_output/spacetime_unmatched.csv,265,PRES_5e071eae59,Снатака в древнеиндийском ритуале и тексте,todo,1; 1,,,,Н. А. Корнеева; 2012; Roerich Readings; ritual_studies
spacetime_index,80,analytics_output/spacetime_unmatched.csv,266,PRES_3fe0ca1850,Сновидение в древнеиндийских философских текстах,todo,1; 1,,,,Е. А. Юдицкая; 2012; Roerich Readings
spacetime_index,80,analytics_output/spacetime_unmatched.csv,183,PRES_1cd65d2e59,Современная джатра: возвращение к истокам,todo,1; 1,,,,Е. К. Бросалина; 2010; Zograf Readings; ethnography_performance
spacetime_index,80,analytics_output/spacetime_unmatched.csv,577,PRES_d4233f0cbe,Современные интерпретации санскритской «Рамаяны» в кино,todo,1; 1,,,,Р. Н. Сабирова; 2018; Zograf Readings; epic_ramayana_mahabharata|translation_reception
spacetime_index,80,analytics_output/spacetime_unmatched.csv,578,PRES_d9b790f37d,"Содержательное обоснование порядка в перечне прамей (Ньяя-сутра, Ньяя-бхашья)",todo,1; 1,,,,А. В. Парибок; 2018; Zograf Readings; philosophy_epistemology
spacetime_index,80,analytics_output/spacetime_unmatched.csv,772,PRES_90cb7911e1,Сотериологическая доктрина Шри-вайшнавизма в трактате Пиллея Локачарьи «Мумукшупади»,todo,1; 1,,,,Н. В. Гордийчук; 2021; Zograf Readings; vaishnava
spacetime_index,80,analytics_output/spacetime_unmatched.csv,874,PRES_95a2a59a3a,Сотериологический ракурс «йогического суицида» (utkrānti) в традиционной индуистской йоге и тантре,todo,1; 1,,,,С. В. Пахомов; 2023; Zograf Readings; yoga_ayurveda
spacetime_index,80,analytics_output/spacetime_unmatched.csv,706,PRES_838219a1ee,Способы изображения животных в литературной санскритской джатаке,todo,1; 1,,,,А. Г. Гурия; 2020; Roerich Readings; literary_studies
spacetime_index,80,analytics_output/spacetime_unmatched.csv,644,PRES_52c5571365,Способы сокрытия мантр в тантрических текстах,todo,1; 1,,,,А. П. Ковалевская; 2019; Zograf Readings
spacetime_index,80,analytics_output/spacetime_unmatched.csv,344,PRES_71c7cc1a09,"Спхота, джати, пашьянти и пратибха в «Вакьяпадии» — к проблеме разграничения терминов",todo,1; 1,,,,Е. А. Десницкая; 2014; Zograf Readings; philosophy_epistemology|sanskrit_grammar_panini
spacetime_index,80,analytics_output/spacetime_unmatched.csv,945,PRES_2b2a1fc14b,Сравнительный анализ космологических представлений на полях вишнуитской и джайнской «джняна чаупады» (игры знания) XVIII — XIX вв,todo,1; 1,,,,П. А. Лужинская; 2024; Zograf Readings; comparative_analysis|vaishnava|jain|cosmology|board_games|eighteenth_century|nineteenth_century
spacetime_index,80,analytics_output/spacetime_unmatched.csv,1067,PRES_32b950f0fe,"Средневековая фольклорная формула и литературное клише: образ, мотив",todo,1; 1,,,,С. О. Цветкова; 2026; Zograf Readings
spacetime_index,80,analytics_output/spacetime_unmatched.csv,876,PRES_7315ee9c52,Средний залог в санскрите. К семантике категории,todo,1; 1,,,,И. И. Малютин; 2023; Zograf Readings; sanskrit_grammar_panini
spacetime_index,80,analytics_output/spacetime_unmatched.csv,315,PRES_0dca1ac371,Старинные португальские частушки в этнографическом контексте Южной Азии,todo,1; 1,,,,Н. Г. Краснодембская; 2013; Zograf Readings; ethnography_performance
spacetime_index,80,analytics_output/spacetime_unmatched.csv,316,PRES_0dca1ac371,Старинные португальские частушки в этнографическом контексте Южной Азии,todo,1; 1,,,,Е. С. Соболева; 2013; Zograf Readings; ethnography_performance
spacetime_index,80,analytics_output/spacetime_unmatched.csv,645,PRES_914c6126f3,Старый парк Пушпакарандаки (одна из загадок «Глиняной повозки»),todo,1; 1,,,,Ю. М. Алиханова; 2019; Roerich Readings; literary_studies
spacetime_index,80,analytics_output/spacetime_unmatched.csv,102,PRES_415fb1eb4c,Степные кочевники – иранцы II тыс. до н. э. – I тыс. н. э. и их языки,todo,1; 1,,,,С. В. Кулланда; 2008; Roerich Readings
spacetime_index,80,analytics_output/spacetime_unmatched.csv,825,PRES_ea72ffeb6f,Стилистика Амаравати и поэтика «Лалитавистары»,todo,1; 1,,,,Н. В. Александрова; 2022; Roerich Readings; buddhist_studies|visual_material_culture
spacetime_index,80,analytics_output/spacetime_unmatched.csv,317,PRES_8f2b093d02,Страсти и бесстрастие Бхартирихари,todo,1; 1,,,,С. С. Тавастшерна; 2013; Zograf Readings
spacetime_index,80,analytics_output/spacetime_unmatched.csv,103,PRES_448f6392bc,Строительный ритуал и его роль в текстах вастувидьи (по материалам пуран),todo,1; 1,,,,Е. В. Тюлина; 2008; Roerich Readings; ritual_studies
spacetime_index,80,analytics_output/spacetime_unmatched.csv,219,PRES_9ec34b2c0f,Строфы о бодхичитте во второй главе Гухьясамаджа тантры,todo,1; 1,,,,В. Б. Коробов; 2011; Zograf Readings; buddhist_studies
spacetime_index,80,analytics_output/spacetime_unmatched.csv,646,PRES_4eabd67999,Структура «Чарья-гити»,todo,1; 1,,,,Е. К. Бросалина; 2019; Zograf Readings
spacetime_index,80,analytics_output/spacetime_unmatched.csv,1068,PRES_939dd4f1e1,Структура ниданы из «Панчавимшатика-праджняпарамиты» в аспекте ритуальной практики,todo,1; 1,,,,С. Х. Шомахмадов; 2026; Zograf Readings; buddhist_studies
spacetime_index,80,analytics_output/spacetime_unmatched.csv,220,PRES_5deb828215,Существует ли психофизическая проблема (mind-body problem) в буддизме?,todo,1; 1,,,,В. Г. Лысенко; 2011; Zograf Readings; buddhist_studies|philosophy_epistemology
spacetime_index,80,analytics_output/spacetime_unmatched.csv,185,PRES_2e725b44b8,Сцены приема гостя в древней махакавье,todo,1; 1,,,,А. Г. Гурия; 2010; Roerich Readings; literary_studies
spacetime_index,80,analytics_output/spacetime_unmatched.csv,25,PRES_5461e391b0,Сюжет «Повести о Насикете» Садала Мишры в контексте истории прозы хинди,todo,1; 1,,,,Т. А. Дубянская; 2004; Zograf Readings; hindi_urdu_new_indo_aryan
spacetime_index,80,analytics_output/spacetime_unmatched.csv,947,PRES_c1b909cf1c,Сюжет «обращения братьев Кашьяпов» в «Сутре о благом явлении царевича»: неожиданные повороты,todo,1; 1,,,,Н. В. Александрова; 2024; Roerich Readings; buddhist_studies
spacetime_index,80,analytics_output/spacetime_unmatched.csv,647,PRES_4da8793f25,Сюжет встречи с Дипанкарой: функциональная роль в текстовой традиции и возможные генетические связи,todo,1; 1,,,,Н. В. Александрова; 2019; Roerich Readings; buddhist_studies
spacetime_index,80,analytics_output/spacetime_unmatched.csv,26,PRES_3faf9b7b24,Сюжет о Трите: этноисторическая основа,todo,1; 1,,,,М. Ф. Альбедиль; 2004; Zograf Readings
spacetime_index,80,analytics_output/spacetime_unmatched.csv,648,PRES_01ee046380,Сюжетные схемы санскритских джатак Харибхатты (IV–V в.),todo,1; 1,,,,А. Г. Гурия; 2019; Roerich Readings; buddhist_studies
spacetime_index,80,analytics_output/spacetime_unmatched.csv,707,PRES_fb18f5b018,Так называемый парадокс беллетристики и подсказки от компаративной онтологии,todo,1; 1,,,,В. К. Шохин; 2020; Zograf Readings; comparative_analysis|philosophy_epistemology
spacetime_index,80,analytics_output/spacetime_unmatched.csv,104,PRES_c05d6f805a,Так что же такое карма?,todo,1; 1,,,,Б. В. Загуменнов; 2008; Zograf Readings
spacetime_index,80,analytics_output/spacetime_unmatched.csv,521,PRES_787c7a7fe6,Тальварная рукоять и ее символика,todo,1; 1,,,,А. Ю. Курочкин; 2017; Zograf Readings; visual_material_culture
spacetime_index,80,analytics_output/spacetime_unmatched.csv,522,PRES_787c7a7fe6,Тальварная рукоять и ее символика,todo,1; 1,,,,Д. А. Шереметьев; 2017; Zograf Readings; visual_material_culture
spacetime_index,80,analytics_output/spacetime_unmatched.csv,345,PRES_25a34c0006,Тангутские ксилографы письмом ‘сиддхам’ из собрания ИВР РАН,todo,1; 1,,,,С. Х. Шомахмадов; 2014; Zograf Readings; manuscripts_epigraphy|buddhist_studies
spacetime_index,80,analytics_output/spacetime_unmatched.csv,773,PRES_79e743c4be,Танец суфийских дервишейволчков ритуала «сама» и сакральный «танец вихря» (fr. dance vertige) «Мистерии» А.Н. Скрябина,todo,1; 1,,,,А. Г. Мехакян; 2021; Roerich Readings; comparative_analysis
spacetime_index,80,analytics_output/spacetime_unmatched.csv,581,PRES_be70d581cd,Тантра в учении Ошо,todo,1; 1,,,,Ю. А. Уймина; 2018; Zograf Readings
spacetime_index,80,analytics_output/spacetime_unmatched.csv,1019,PRES_dd20529d15,Тантрические парадигмы в игровых системах Востока: сравнительный анализ “Джняна чаупады” и “Салам намшак” сквозь призму индуистской и буддийской тантры,todo,1; 1,,,,П. А. Лужинская; 2025; Zograf Readings; board_games|comparative_analysis
spacetime_index,80,analytics_output/spacetime_unmatched.csv,583,PRES_587468d32d,Текст в контексте: образ идеального сикхского правителя в кодексе Прем Сумараг в позднесредневековых панджабских реалиях,todo,1; 1,,,,К. А. Демичев; 2018; Roerich Readings; modern_society_politics
spacetime_index,80,analytics_output/spacetime_unmatched.csv,268,PRES_5f83d7a499,Текст по культу Ваджрапани и восьми царей нагов в свитке XIII века Дх-178 из собрания ИВР РАН,todo,1; 1,,,,А. В. Зорин; 2012; Zograf Readings; buddhist_studies|manuscripts_epigraphy
spacetime_index,80,analytics_output/spacetime_unmatched.csv,105,PRES_f15fea41e4,Текст – персонаж в древней махакавье,todo,1; 1,,,,А. Г. Гурия; 2008; Roerich Readings; literary_studies
spacetime_index,80,analytics_output/spacetime_unmatched.csv,1069,PRES_0ccccd2f0f,Тело агхори как «живой текст»: визуальность и перформанс в производстве религиозного авторитета,todo,1; 1,,,,Г. Хелена; 2026; Zograf Readings; ethnography_performance
spacetime_index,80,analytics_output/spacetime_unmatched.csv,48,PRES_b1d123ee06,Тема деревни в «Саттасаи»,todo,1; 1,,,,М. Н. Русанов; 2006; Zograf Readings; literary_studies
spacetime_index,80,analytics_output/spacetime_unmatched.csv,948,PRES_9f90298801,Тема леса в поэтических антологиях Бхартрихари и Видьякары,todo,1; 1,,,,А. Г. Гурия; 2024; Roerich Readings; literary_studies
spacetime_index,80,analytics_output/spacetime_unmatched.csv,49,PRES_117aeb7260,Тема уточняется,todo,1; 1,,,,Б. В. Загуменнов; 2006; Zograf Readings
spacetime_index,80,analytics_output/spacetime_unmatched.csv,826,PRES_191e751374,Теоморфные образы варн санскрита в контексте индуистской тантры,todo,1; 1,,,,О. Н. Ерченков; 2022; Zograf Readings; philosophy_epistemology
spacetime_index,80,analytics_output/spacetime_unmatched.csv,71,PRES_8c102cb0c2,Теоретические аспекты учения тантрической школы кула (согласно «Куларнава-тантре»),todo,1; 1,,,,С. В. Пахомов; 2007; Zograf Readings
spacetime_index,80,analytics_output/spacetime_unmatched.csv,525,PRES_cdb16edba1,Теория и практика заимствований санскритской литературной традиции,todo,1; 1,,,,Ю. М. Алиханова; 2017; Roerich Readings; sanskrit_grammar_panini
spacetime_index,80,analytics_output/spacetime_unmatched.csv,1070,PRES_0ec718e125,Теория познания в мадхьямаке-сватантрике (по трактату Бхававивеки «Мадхьямака-хридая»),todo,1; 1,,,,С. Л. Бурмистров; 2026; Zograf Readings; buddhist_studies|philosophy_epistemology
spacetime_index,80,analytics_output/spacetime_unmatched.csv,107,PRES_9d84234785,Терминология и грамматика в «Энциклопедии Абхидхармы» Васубандху,todo,1; 1,,,,Е. П. Островская; 2008; Zograf Readings; buddhist_studies
spacetime_index,80,analytics_output/spacetime_unmatched.csv,108,PRES_9d84234785,Терминология и грамматика в «Энциклопедии Абхидхармы» Васубандху,todo,1; 1,,,,В. И. Рудой; 2008; Zograf Readings; buddhist_studies
spacetime_index,80,analytics_output/spacetime_unmatched.csv,145,PRES_d7d30097a4,Терминология суфийской проповеди в «Падмават» Малика Мухаммада Джаяси,todo,1; 1,,,,С. О. Цветкова; 2009; Zograf Readings; literary_studies
spacetime_index,80,analytics_output/spacetime_unmatched.csv,711,PRES_aafda61458,Техническая терминология тантрийской йоги в «Виджняна Бхайрава тантре»,todo,1; 1,,,,О. Н. Ерченков; 2020; Zograf Readings; yoga_ayurveda|ritual_studies
spacetime_index,80,analytics_output/spacetime_unmatched.csv,189,PRES_a80206461e,Типовой мотив-ситуация в Махабхарате,todo,1; 1,,,,С. Л. Невелева; 2010; Zograf Readings; epic_ramayana_mahabharata
spacetime_index,80,analytics_output/spacetime_unmatched.csv,72,PRES_a7d32d94a9,Типология храмовых сооружений в текстах пуран и «Брихатсамхите»,todo,1; 1,,,,В. Яскунас; 2007; Zograf Readings
spacetime_index,80,analytics_output/spacetime_unmatched.csv,712,PRES_936504e955,Традиции и ритуалы почитания манускриптов в писаниях шайва,todo,1; 1,,,,А. П. Ковалевская; 2020; Zograf Readings; ritual_studies|manuscripts_epigraphy
spacetime_index,80,analytics_output/spacetime_unmatched.csv,346,PRES_83fa564d73,Традиционная классификация санскритских стихотворных размеров,todo,1; 1,,,,С. С. Тавастшерна; 2014; Zograf Readings; prosody
spacetime_index,80,analytics_output/spacetime_unmatched.csv,586,PRES_0285ee0cb7,Традиция «Лалитавистары» и ее истоки. Новые наблюдения,todo,1; 1,,,,Н. В. Александрова; 2018; Roerich Readings; buddhist_studies
spacetime_index,80,analytics_output/spacetime_unmatched.csv,774,PRES_77dd8038e0,Традиция «Лалитавистары»: возможные истоки,todo,1; 1,,,,Н. В. Александрова; 2021; Zograf Readings; buddhist_studies
spacetime_index,80,analytics_output/spacetime_unmatched.csv,713,PRES_200e0161a7,Трактовка состояний удрученности и умопомешательства в буддийских экзегетических источниках,todo,1; 1,,,,Е. П. Островская; 2020; Zograf Readings; buddhist_studies
spacetime_index,80,analytics_output/spacetime_unmatched.csv,650,PRES_5dbf69741d,Трансформации культурной идентичности парсов Бомбея,todo,1; 1,,,,Н. В. Гузеватая; 2019; Zograf Readings; modern_society_politics
spacetime_index,80,analytics_output/spacetime_unmatched.csv,1020,PRES_5f755d36b3,Треугольник Паскаля или Пингалы?,todo,1; 1,,,,Е. А. Уланский; 2025; Roerich Readings; prosody|metrics
spacetime_index,80,analytics_output/spacetime_unmatched.csv,827,PRES_73ff9d211a,Тригата в «Натьяшастре»: религиозное и символическое значение,todo,1; 1,,,,Н. Р. Лидова; 2022; Roerich Readings; ritual_studies
spacetime_index,80,analytics_output/spacetime_unmatched.csv,880,PRES_ac330becc1,Трудности в изучении философского наследия Дигнаги: опыт переводчика и историка философии,todo,1; 1,,,,В. Г. Лысенко; 2023; Zograf Readings; buddhist_studies|philosophy_epistemology
spacetime_index,80,analytics_output/spacetime_unmatched.csv,404,PRES_8cf371186b,Тюркский каган и сасанидский шаханшах: к вопросу об идеологических заимствованиях древних тюрков у иранцев,todo,1; 1,,,,Ю. И. Дробышев; 2015; Roerich Readings; comparative_analysis
spacetime_index,80,analytics_output/spacetime_unmatched.csv,271,PRES_d7d410a274,У истоков Праджняпарамиты (стихотворное ядро традиции),todo,1; 1,,,,А. К. Васильев; 2012; Roerich Readings; buddhist_studies
spacetime_index,80,analytics_output/spacetime_unmatched.csv,463,PRES_606634cdb3,"У сингальских мастеров по дереву (Шри Ланка, осень 2014 г.)",todo,1; 1,,,,Н. Г. Краснодембская; 2016; Zograf Readings; fieldwork
spacetime_index,80,analytics_output/spacetime_unmatched.csv,464,PRES_606634cdb3,"У сингальских мастеров по дереву (Шри Ланка, осень 2014 г.)",todo,1; 1,,,,И. В. Калинина; 2016; Zograf Readings; fieldwork
spacetime_index,80,analytics_output/spacetime_unmatched.csv,191,PRES_09706e2e82,"Ум, психика или сознание (о переводе буддийских терминов «читта» и «виджняна»)",todo,1; 1,,,,Б. В. Загуменнов; 2010; Zograf Readings; buddhist_studies|translation_reception
spacetime_index,80,analytics_output/spacetime_unmatched.csv,147,PRES_e85f779ed9,Уровень смысла в текстах шастр: концепты или понятия?,todo,1; 1,,,,А. В. Парибок; 2009; Zograf Readings; philosophy_epistemology
spacetime_index,80,analytics_output/spacetime_unmatched.csv,1071,PRES_3f4d3d50e9,Уроки Герхарда Оберхаммера. По следам перевода книги «Структуры йоговской медитации»,todo,1; 1,,,,А. В. Парибок; 2026; Zograf Readings; history_of_indology
spacetime_index,80,analytics_output/spacetime_unmatched.csv,651,PRES_220562c90f,Феномен недосказанной речи ардхокти в санскритской драме,todo,1; 1,,,,Е. А. Юдицкая; 2019; Roerich Readings
spacetime_index,80,analytics_output/spacetime_unmatched.csv,715,PRES_a95408ba26,Феномен речевого сбоя как средство художественной выразительности в структуре классической санскритской драмы,todo,1; 1,,,,Е. А. Юдицкая; 2020; Roerich Readings; literary_studies
spacetime_index,80,analytics_output/spacetime_unmatched.csv,27,PRES_92c5268a51,Фигура царя и представления о времени в «Махабхарате»,todo,1; 1,,,,М. И. Петрова; 2004; Zograf Readings; epic_ramayana_mahabharata
spacetime_index,80,analytics_output/spacetime_unmatched.csv,73,PRES_65a7d6e51a,Философ Нагарджуна – персонаж пракритского романа «Лилаваи»,todo,1; 1,,,,М. Н. Русанов; 2007; Zograf Readings; buddhist_studies
spacetime_index,80,analytics_output/spacetime_unmatched.csv,881,PRES_d87a94d8a6,Философская компаративистика В. Хальбфасса,todo,1; 1,,,,С. Л. Бурмистров; 2023; Zograf Readings; comparative_analysis|history_of_indology
spacetime_index,80,analytics_output/spacetime_unmatched.csv,528,PRES_19c807a65f,Философское учение Веданта Дешики в системе вишишта-адвайта-веданты,todo,1; 1,,,,Н. А. Сафина; 2017; Zograf Readings; vaishnava
spacetime_index,80,analytics_output/spacetime_unmatched.csv,148,PRES_5889e63ab3,Фисаматы из Ольвийского декрета в честь Протогена,todo,1; 1,,,,С. В. Кулланда; 2009; Roerich Readings
spacetime_index,80,analytics_output/spacetime_unmatched.csv,529,PRES_47078a3292,Фольклорные элементы в сказании о Ратне (XVII век),todo,1; 1,,,,Е. К. Бросалина; 2017; Zograf Readings; epic_ramayana_mahabharata
spacetime_index,80,analytics_output/spacetime_unmatched.csv,348,PRES_28cd96d910,Форма смыслового глагола в модальных конструкциях возможности/способности в хинди,todo,1; 1,,,,Е. А. Костина; 2014; Zograf Readings; hindi_urdu_new_indo_aryan
spacetime_index,80,analytics_output/spacetime_unmatched.csv,830,PRES_147249ddf0,Формирование понятия пустоты в ранней махаяне,todo,1; 1,,,,С. Л. Бурмистров; 2022; Zograf Readings; buddhist_studies
spacetime_index,80,analytics_output/spacetime_unmatched.csv,272,PRES_44b7051738,Формула «бхукти — мукти» и сотериологический антиномизм индуистской тантры,todo,1; 1,,,,С. В. Пахомов; 2012; Zograf Readings; philosophy_epistemology
spacetime_index,80,analytics_output/spacetime_unmatched.csv,1021,PRES_a286529cf8,Формульное выражение yāvatī yānasya bhūmis в буддийских канонических текстах,todo,1; 1,,,,Д. А. Комиссаров; 2025; Zograf Readings; buddhist_studies
spacetime_index,80,analytics_output/spacetime_unmatched.csv,405,PRES_3759903dc9,Фрагмент дискуссии о пудгале в «Катхаваттху» I.1: пудгала и скандхи,todo,1; 1,,,,А. В. Ложкина; 2015; Zograf Readings; buddhist_studies
spacetime_index,80,analytics_output/spacetime_unmatched.csv,193,PRES_f94674cd5c,Царица в дворцовом парке,todo,1; 1,,,,Ю. М. Алиханова; 2010; Zograf Readings
spacetime_index,80,analytics_output/spacetime_unmatched.csv,194,PRES_4d8a99c131,Царские наложницы в санскритских и античных источниках,todo,1; 1,,,,Е. Г. Вырщиков; 2010; Roerich Readings; comparative_analysis
spacetime_index,80,analytics_output/spacetime_unmatched.csv,50,PRES_74c89353ef,Царь − установитель дхармы. Практический аспект идеологической концепции,todo,1; 1,,,,Д. Н. Лелюхин; 2006; Zograf Readings
spacetime_index,80,analytics_output/spacetime_unmatched.csv,465,PRES_9a9e878cfe,Человек и судьба (в пословицах хинди),todo,1; 1,,,,Ю. Г. Кокова; 2016; Zograf Readings; hindi_urdu_new_indo_aryan
spacetime_index,80,analytics_output/spacetime_unmatched.csv,1074,PRES_952dc38711,Чему и как учит Панчатантра,todo,1; 1,,,,С. С. Тавастшерна; 2026; Zograf Readings
spacetime_index,80,analytics_output/spacetime_unmatched.csv,953,PRES_0ee4f09fc9,Четыре вида непосредственного восприятия в «Капле логики» Дхармакирти,todo,1; 1,,,,И. И. Малютин; 2024; Zograf Readings; buddhist_studies|philosophy_epistemology
spacetime_index,80,analytics_output/spacetime_unmatched.csv,654,PRES_6916d4ad70,Четыре народа в «Йогини-тантре»,todo,1; 1,,,,А. А. Игнатьев; 2019; Zograf Readings
spacetime_index,80,analytics_output/spacetime_unmatched.csv,319,PRES_6a7d4db7b5,Читта и бодхичитта. Раздумья о переводе некоторых буддийских терминов,todo,1; 1,,,,А. А. Терентьев; 2013; Zograf Readings; buddhist_studies
spacetime_index,80,analytics_output/spacetime_unmatched.csv,109,PRES_ff0d548615,Что стоит за стилем у Дандина?,todo,1; 1,,,,Ю. М. Алиханова; 2008; Roerich Readings; literary_studies
spacetime_index,80,analytics_output/spacetime_unmatched.csv,110,PRES_9b61667329,Что стоит за стилями у Дандина?,todo,1; 1,,,,Ю. М. Алиханова; 2008; Zograf Readings; literary_studies
spacetime_index,80,analytics_output/spacetime_unmatched.csv,1023,PRES_d430ebee9d,Что такое тантра? К вопросу об определении тантры/тантризма в современной тантрологии,todo,1; 1,,,,С. В. Пахомов; 2025; Zograf Readings; philosophy_epistemology
spacetime_index,80,analytics_output/spacetime_unmatched.csv,466,PRES_d3a1014be2,Чувство времени (венок сонетов),todo,1; 1,,,,А. Г. Гурия; 2016; Roerich Readings
spacetime_index,80,analytics_output/spacetime_unmatched.csv,273,PRES_df7078b604,Чудесный сосуд Манимехалей: попытка интерпретации,todo,1; 1,,,,М. Ф. Альбедиль; 2012; Zograf Readings; buddhist_studies
spacetime_index,80,analytics_output/spacetime_unmatched.csv,407,PRES_1b1e7ee72c,Чудо Полоннарувы,todo,1; 1,,,,Н. Г. Краснодембская; 2015; Zograf Readings
spacetime_index,80,analytics_output/spacetime_unmatched.csv,28,PRES_7f70e3b9a4,Шанкара как критик категорий вайшешики,todo,1; 1,,,,В. Г. Лысенко; 2004; Zograf Readings; philosophy_epistemology
spacetime_index,80,analytics_output/spacetime_unmatched.csv,717,PRES_273faaf1c4,"Шива Саптасварамурти из Пареля. Иконография, интерпретации, параллели",todo,1; 1,,,,Д. Н. Воробьева; 2020; Roerich Readings; visual_material_culture
spacetime_index,80,analytics_output/spacetime_unmatched.csv,274,PRES_20d92e0dfe,Эволюция жанра шахрашуб в контексте взаимодействия персоязычной литературы и литературы урду,todo,1; 1,,,,Е. О. Акимушкина; 2012; Zograf Readings; comparative_analysis|hindi_urdu_new_indo_aryan
spacetime_index,80,analytics_output/spacetime_unmatched.csv,275,PRES_cf87ec3bf9,Элементы игровой поэтики в махаянском описании ступеней бодхисаттвы в текстах «Большой Праджняпарамиты»,todo,1; 1,,,,Д. И. Жутаев; 2012; Roerich Readings; buddhist_studies
spacetime_index,80,analytics_output/spacetime_unmatched.csv,1075,PRES_b130fb70d2,Эпическая санкхья в беседе царя Джанаки и отшельницы Сулабхи (МБХ 12.308),todo,1; 1,,,,Е. А. Десницкая; 2026; Zograf Readings; epic_ramayana_mahabharata
spacetime_index,80,analytics_output/spacetime_unmatched.csv,408,PRES_d430246a1f,Эпос «Катама Раджу Катха» — основные особенности сюжета,todo,1; 1,,,,А. А. Нейвирт; 2015; Zograf Readings; epic_ramayana_mahabharata
spacetime_index,80,analytics_output/spacetime_unmatched.csv,1076,PRES_1637f642c2,Южноандаманские языки: к вопросу о возможностях внешнего сравнения,todo,1; 1,,,,Е. В. Коровина; 2026; Zograf Readings
spacetime_index,80,analytics_output/spacetime_unmatched.csv,195,PRES_fbd84f6b96,Язык богини Кали. Я.В. Васильков. Эпические герои и боги (в «Махабхарате» и не только),todo,1; 1,,,,М. Ф. Альбедиль; 2010; Zograf Readings; epic_ramayana_mahabharata
spacetime_index,80,analytics_output/spacetime_unmatched.csv,151,PRES_a5cd9e04c7,Язык богини Кали: проблемы интерпретации,todo,1; 1,,,,М. Ф. Альбедиль; 2009; Zograf Readings
spacetime_index,80,analytics_output/spacetime_unmatched.csv,409,PRES_683bba7031,Язык жреца – язык поэта. О сакральности речи в древнейших формах санскритской драмы,todo,1; 1,,,,Н. Р. Лидова; 2015; Roerich Readings; sanskrit_grammar_panini
spacetime_index,80,analytics_output/spacetime_unmatched.csv,410,PRES_20f5fa7819,Язык и внеязыковая действительность в «Вакьяпадии» Бхартрихари,todo,1; 1,,,,Е. А. Десницкая; 2015; Zograf Readings; philosophy_epistemology
spacetime_index,80,analytics_output/spacetime_unmatched.csv,74,PRES_c190e58dae,Язык как источник аргументации (на примере рассуждений о самбандхе),todo,1; 1,,,,Е. А. Десницкая; 2007; Zograf Readings; philosophy_epistemology
spacetime_index,80,analytics_output/spacetime_unmatched.csv,1077,PRES_bc3de7e23c,"Яйцо, курица и Тримурти: миф о Шакти в фольклоре мадига",todo,1; 1,,,,Д. В. Соболева; 2026; Zograf Readings; ethnography_performance
spacetime_index,80,analytics_output/spacetime_unmatched.csv,719,PRES_d84550d538,Ṛddhi и священные следы прошлого: чудо в картине мира буддиста-паломника,todo,1; 1,,,,Н. В. Александрова; 2020; Roerich Readings; buddhist_studies
inter_rater_reliability,85,analytics_output/inter_rater_reliability_plan.csv,4,IRR03,gumilyov_level,review,weighted kappa >= 0.67 or treat as exploratory,,,,"35; weighted kappa; Assign two human reviewers, record labels, adjudicate disagreements, then publish metric and caveat."
inter_rater_reliability,85,analytics_output/inter_rater_reliability_plan.csv,7,IRR06,identity_disambiguation,review,all high-impact merges require agreement or escalation,,,,"35; two-reviewer adjudication log; Assign two human reviewers, record labels, adjudicate disagreements, then publish metric and caveat."
inter_rater_reliability,85,analytics_output/inter_rater_reliability_plan.csv,5,IRR04,meso_codes,review,mean overlap >= 0.60 or publish as navigation only,,,,"35; Jaccard overlap plus adjudication notes; Assign two human reviewers, record labels, adjudicate disagreements, then publish metric and caveat."
inter_rater_reliability,85,analytics_output/inter_rater_reliability_plan.csv,3,IRR02,period_l2,review,alpha >= 0.67 or downgrade period claims,,,,"35; Cohen kappa or Krippendorff alpha; Assign two human reviewers, record labels, adjudicate disagreements, then publish metric and caveat."
inter_rater_reliability,85,analytics_output/inter_rater_reliability_plan.csv,6,IRR05,spacetime_inference,review,agreement >= 0.80 before aggregate claims,,,,"35; binary agreement on place/time inference; Assign two human reviewers, record labels, adjudicate disagreements, then publish metric and caveat."
inter_rater_reliability,85,analytics_output/inter_rater_reliability_plan.csv,2,IRR01,theme_l1,review,alpha >= 0.67 or publish disagreement table,,,,"35; Cohen kappa or Krippendorff alpha; Assign two human reviewers, record labels, adjudicate disagreements, then publish metric and caveat."
classification_reliability,90,analytics_output/classification_reliability_sample.csv,13,PRES_40d669e631,Александр Михайлович Мерварт: судьба ученого,queued_for_manual_review,deterministic sample from Zograf Readings G1,,,,history; colonial; 1; history_of_indology; 0.9
classification_reliability,90,analytics_output/classification_reliability_sample.csv,23,PRES_891e3870db,Бонкимчондро Чоттопаддхай и генезис неоиндуизма в Бенгалии,queued_for_manual_review,deterministic sample from Zograf Readings G2,,,,religion; colonial; 2; bengal|bengal_bhakti_modernity; 0.9
classification_reliability,90,analytics_output/classification_reliability_sample.csv,9,PRES_cb85e06342,В чем непосредственность непосредственного восприятия в буддийской эпистемологии?,queued_for_manual_review,deterministic sample from Zograf Readings G1,,,,philosophy; classical; 1; buddhist_studies|philosophy_epistemology; 0.9
classification_reliability,90,analytics_output/classification_reliability_sample.csv,24,PRES_2b869fa264,Западная философия и восточная медитация в учении Ошо Раджниша.,queued_for_manual_review,deterministic sample from Zograf Readings G2,,,,philosophy; modern; 2; philosophy_epistemology; 0.9
classification_reliability,90,analytics_output/classification_reliability_sample.csv,4,PRES_3ea3a39e80,Из поэзии на диалектах,queued_for_manual_review,deterministic sample from Roerich Readings G1,,,,literature; modern; 1; 0.7
classification_reliability,90,analytics_output/classification_reliability_sample.csv,25,PRES_6b13d39224,Интерпретация эвтаназии в буддийской картине мира,queued_for_manual_review,deterministic sample from Zograf Readings G2,,,,philosophy; contemporary; 2; buddhist_studies; 0.8
classification_reliability,90,analytics_output/classification_reliability_sample.csv,19,PRES_3b994db7ef,Исследования древнеиндийских текстов как ключевое направление в ранней японской буддологии,queued_for_manual_review,deterministic sample from Roerich Readings G2,,,,religion; modern; 2; buddhist_studies|history_of_indology; 0.8
classification_reliability,90,analytics_output/classification_reliability_sample.csv,16,PRES_cf88b0bf9e,К проблеме складывания сикхского двора и придворной культуры при последних шести гуру,queued_for_manual_review,deterministic sample from Roerich Readings G2,,,,history; colonial; 2; colonial_encounters|sikh_studies; 0.9
classification_reliability,90,analytics_output/classification_reliability_sample.csv,22,PRES_53522f63c1,Концепты брахманистского философского дискурса и их связь с женским принципом народного индуизма,queued_for_manual_review,deterministic sample from Zograf Readings G2,,,,religion; classical; 2; philosophy_epistemology; 0.9
classification_reliability,90,analytics_output/classification_reliability_sample.csv,14,PRES_4b995fc30a,Место и значение хронологии и генеалогии в санскритских текстах,queued_for_manual_review,deterministic sample from Roerich Readings G2,,,,history; classical; 2; sanskrit_grammar_panini; 0.9
classification_reliability,90,analytics_output/classification_reliability_sample.csv,6,PRES_705d6f4e9c,Мотивный анализ сюжета «Джатаки о павлине» Харибхатты (IV–V вв. н.э.),queued_for_manual_review,deterministic sample from Roerich Readings G1,,,,literature; classical; 1; literary_studies|buddhist_studies; 0.9
classification_reliability,90,analytics_output/classification_reliability_sample.csv,12,PRES_46601a7245,Некоторые структурные особенности пролога классической санскритской драмы»,queued_for_manual_review,deterministic sample from Zograf Readings G1,,,,literature; classical; 1; literary_studies; 0.9
classification_reliability,90,analytics_output/classification_reliability_sample.csv,3,PRES_ea5d4b869f,О тамильском поэтическом жанре каламбахам,queued_for_manual_review,deterministic sample from Roerich Readings G1,,,,literature; classical; 1; dravidology_south_india; 0.9
classification_reliability,90,analytics_output/classification_reliability_sample.csv,7,PRES_0e52f9db93,Об этимологии слова «мангус»,queued_for_manual_review,deterministic sample from Roerich Readings G1,,,,linguistics; unspecified; 1; etymology; 0.9
classification_reliability,90,analytics_output/classification_reliability_sample.csv,8,PRES_646225a03b,Опровержение атомизма в трактате Васубандху Виджняптиматратасиддхи («Доказательство единственности сознания»),queued_for_manual_review,deterministic sample from Zograf Readings G1,,,,philosophy; classical; 1; buddhist_studies; 0.9
classification_reliability,90,analytics_output/classification_reliability_sample.csv,21,PRES_f5b1c223f2,Особенности интерпретации традиционных текстов мыслителями Бенгальского Возрождения,queued_for_manual_review,deterministic sample from Zograf Readings G2,,,,history; colonial; 2; bengal|colonial_encounters; 0.9
classification_reliability,90,analytics_output/classification_reliability_sample.csv,18,PRES_e41ac61c54,Поэтические формы средневекового тамильского бхакти,queued_for_manual_review,deterministic sample from Roerich Readings G2,,,,literature; medieval; 2; bhakti_vaishnava; 0.9
classification_reliability,90,analytics_output/classification_reliability_sample.csv,11,PRES_f137ba2a62,Разрази его гром! Метеорологические явления в песенном фольклоре на диалектах хинди Центральной Индии,queued_for_manual_review,deterministic sample from Zograf Readings G1,,,,literature; contemporary; 1; ethnography_performance|hindi_urdu_new_indo_aryan; 0.85
classification_reliability,90,analytics_output/classification_reliability_sample.csv,5,PRES_7a25d6758f,Сюжет о Будде в ранних буддийских сакральных текстах,queued_for_manual_review,deterministic sample from Roerich Readings G1,,,,religion; classical; 1; buddhist_studies; 0.9
classification_reliability,90,analytics_output/classification_reliability_sample.csv,20,PRES_a9e0852a8d,Традиция в интерпретации мыслителей Бенгальского Возрождения,queued_for_manual_review,deterministic sample from Zograf Readings G2,,,,philosophy; colonial; 2; bengal|colonial_encounters; 0.9
classification_reliability,90,analytics_output/classification_reliability_sample.csv,2,PRES_cf87ec3bf9,Элементы игровой поэтики в махаянском описании ступеней бодхисаттвы в текстах «Большой Праджняпарамиты»,queued_for_manual_review,deterministic sample from Roerich Readings G1,,,,religion; classical; 1; buddhist_studies; 0.9
classification_reliability,90,analytics_output/classification_reliability_sample.csv,15,PRES_42588a671c,Ю. Рерих о роли буддизма в культурном единстве Азии,queued_for_manual_review,deterministic sample from Roerich Readings G2,,,,religion; modern; 2; roerich_studies|buddhist_studies; 0.9
classification_reliability,90,analytics_output/classification_reliability_sample.csv,17,PRES_1d811c4689,Ю.Н. Рерих и история индологии в России,queued_for_manual_review,deterministic sample from Roerich Readings G2,,,,history; modern; 2; history_of_indology|roerich_studies; 0.9
classification_reliability,90,analytics_output/classification_reliability_sample.csv,10,PRES_a5cd9e04c7,Язык богини Кали: проблемы интерпретации,queued_for_manual_review,deterministic sample from Zograf Readings G1,,,,religion; modern; 1; 0.8
affiliation_scope,100,analytics_output/zograf_2026_affiliation_audit.csv,56,Корнеева Наталья Афанасьевна,Корнеева Наталья Афанасьевна,todo,C,,,,Москва; 14; Москва (2025 Zograf Readings) | независимый исследователь (2025 Roerich Readings) | ни (2024 Roerich Readings); Ведийский ритуал Праваргья
affiliation_scope,120,analytics_output/zograf_2026_affiliation_audit.csv,57,Harjender Singh Chaudhary,Harjender Singh Chaudhary,todo,D,,,,"Дели; 0; Jati, gotra and marriage system in Haryana: a"
affiliation_scope,120,analytics_output/zograf_2026_affiliation_audit.csv,51,Абинякин Владимир Александрович,Абинякин Владимир Александрович,todo,D,,,,Санкт-Петербург; 0; К истории
affiliation_scope,120,analytics_output/zograf_2026_affiliation_audit.csv,37,Белимова Влада Сергеевна,Белимова Влада Сергеевна,todo,D,,,,Москва; 0; Индийская философия в свете
affiliation_scope,120,analytics_output/zograf_2026_affiliation_audit.csv,33,Бещук Юлия Владимировна,Бещук Юлия Владимировна,todo,D,,,,Санкт-Петербург; 0; Перевод в практике
affiliation_scope,120,analytics_output/zograf_2026_affiliation_audit.csv,16,Возчиков Дмитрий Викторович,Возчиков Дмитрий Викторович,todo,D,,,,Екатеринбург; 0; «Они из секты Пифагора»:
affiliation_scope,120,analytics_output/zograf_2026_affiliation_audit.csv,49,Грановская Хелена,Грановская Хелена,todo,D,,,,Тель-Авив; 0; Тело агхори как «живой текст»:
affiliation_scope,120,analytics_output/zograf_2026_affiliation_audit.csv,47,Драчук Андрей Олегович,Драчук Андрей Олегович,todo,D,,,,Москва; 0; Прамана-вада «Таттва-сандарбхи» Дживы
affiliation_scope,120,analytics_output/zograf_2026_affiliation_audit.csv,14,Застрожнова Евгения Григорьевна,Застрожнова Евгения Григорьевна,todo,D,,,,Санкт-Петербург; 0; Александр
affiliation_scope,120,analytics_output/zograf_2026_affiliation_audit.csv,13,Касым Софья Васильевна,Касым Софья Васильевна,todo,D,,,,Санкт-Петербург; 0; По следам Петербуржца в
affiliation_scope,120,analytics_output/zograf_2026_affiliation_audit.csv,29,Кешарпу Екатерина Витальевна,Кешарпу Екатерина Витальевна,todo,D,,,,Москва; 0; «Местный колорит» в
affiliation_scope,120,analytics_output/zograf_2026_affiliation_audit.csv,15,Мотылёва Вера Леонидовна,Мотылёва Вера Леонидовна,todo,D,,,,Москва; 0; Седукова Надежда Александровна
affiliation_scope,120,analytics_output/zograf_2026_affiliation_audit.csv,39,Пушкарева Юлия Георгиевна,Пушкарева Юлия Георгиевна,todo,D,,,,Москва; 0; Традиция толкования упанишад:
affiliation_scope,120,analytics_output/zograf_2026_affiliation_audit.csv,45,Сергеева Варвара Алексеевна,Сергеева Варвара Алексеевна,todo,D,,,,Москва; 0; Идеи йогачары в трактате Асанги
affiliation_scope,120,analytics_output/zograf_2026_affiliation_audit.csv,34,Соколова Ирина Александровна,Соколова Ирина Александровна,todo,D,,,,Санкт-Петербург; 0; Пословицы и поговорки
affiliation_scope,120,analytics_output/zograf_2026_affiliation_audit.csv,44,Усенко Иван Сергеевич,Усенко Иван Сергеевич,todo,D,,,,Москва; 0; Можно ли считать мадхьямаку
affiliation_scope,120,analytics_output/zograf_2026_affiliation_audit.csv,50,Файбушевич Светлана Ивановна,Файбушевич Светлана Ивановна,todo,D,,,,Москва; 0; Адиваси. Загадочное племя тода
affiliation_scope,120,analytics_output/zograf_2026_affiliation_audit.csv,26,Федорова Наталья Леонидовна,Федорова Наталья Леонидовна,todo,D,,,,Москва; 0; Метод кодировки чисел в трудах
spacetime_index,120,analytics_output/spacetime_unmatched.csv,777,PRES_b24d46274c,"""Бхагавата мела натакам"": театр и ритуал в деревне Мелаттур (Тамилнад)",todo,0; 1,,,,С. И. Рыжакова; 2022; Zograf Readings; ethnography_performance|dravidology_south_india
spacetime_index,120,analytics_output/spacetime_unmatched.csv,884,PRES_b5032da194,'Айодхья Махатмья'. Средневековый путеводитель по Айодхье и его топонимы на современной карте города,todo,0; 1,,,,М. Б. Демченко; 2024; Zograf Readings; travel_history
spacetime_index,120,analytics_output/spacetime_unmatched.csv,51,PRES_f24e720def,(Москва). Тема марудам в старой тамильской поэзии,todo,0; 1,,,,А. М. Дубянский; 2007; Zograf Readings; dravidology_south_india
spacetime_index,120,analytics_output/spacetime_unmatched.csv,411,PRES_49299cbe89,Bhavāi Гуджарата: о культурном смысле и социальных функциях традиционного театра,todo,0; 1,,,,С. И. Рыжакова; 2016; Zograf Readings; ethnography_performance
spacetime_index,120,analytics_output/spacetime_unmatched.csv,834,PRES_20e3bfece1,Female-Mystic in Medieval Tamil Literature and Early Sufism: Structural Similarity of Images,todo,0; 1,,,,Р. В. Псху; 2023; Zograf Readings; comparative_analysis|dravidology_south_india
spacetime_index,120,analytics_output/spacetime_unmatched.csv,835,PRES_20e3bfece1,Female-Mystic in Medieval Tamil Literature and Early Sufism: Structural Similarity of Images,todo,0; 1,,,,О. П. Вечерина; 2023; Zograf Readings; comparative_analysis|dravidology_south_india
spacetime_index,120,analytics_output/spacetime_unmatched.csv,1028,PRES_1c157737ea,"Jati, gotra and marriage system in Haryana: a change in perspective",todo,0; 1,,,,Harjender Singh Chaudhary; 2026; Zograf Readings; modern_society_politics
spacetime_index,120,analytics_output/spacetime_unmatched.csv,956,PRES_3790f9fa6c,Kaṇita Caturam 108: тамильский числовой квадрат из храма Натараджи в Чидамбараме,todo,0; 1,,,,С. А. Кройцер; 2025; Zograf Readings; dravidology_south_india
spacetime_index,120,analytics_output/spacetime_unmatched.csv,152,PRES_a80b13caa7,Mārgī/deśī: о двух способах интерпретации индийского танца. В программе возможны изменения,todo,0; 1,,,,С. И. Рыжакова; 2010; Zograf Readings; visual_material_culture
spacetime_index,120,analytics_output/spacetime_unmatched.csv,469,PRES_c0492c73f2,Sattriya Ассама: о преобразовании ритуального представления бхакатов в еще один «классический танцевальный стиль» Индии,todo,0; 1,,,,С. И. Рыжакова; 2017; Zograf Readings; assam|ethnography_performance
spacetime_index,120,analytics_output/spacetime_unmatched.csv,589,PRES_f9cfeb6efc,«Белые шапки»: интерпретации и эндемичность религиозного символа в начале XVIII в,todo,0; 1,,,,Б. У. Китинов; 2019; Roerich Readings; china_mongolia_inner_asia
spacetime_index,120,analytics_output/spacetime_unmatched.csv,224,PRES_c753d8108f,"«Бенгальский стиль» в индийском танце: традиционное, креативное, политическое измерения В программе возможны изменения и дополнения Приглашаются все желающие",todo,0; 1,,,,С. И. Рыжакова; 2012; Zograf Readings; bengal
spacetime_index,120,analytics_output/spacetime_unmatched.csv,531,PRES_26341e4a7b,«Видимый» и «невидимый» мир в теоретико-культурном дискурсе Древней Индии,todo,0; 1,,,,В. В. Вертоградова; 2018; Roerich Readings; philosophy_epistemology
spacetime_index,120,analytics_output/spacetime_unmatched.csv,658,PRES_215f0bcf2e,"«Во отдаленном краю границы пребывающий, исповедая веру манджушринову»: о буддийском дискурсе в калмыцкой политике императора Юнчжэна (1723–1735)",todo,0; 1,,,,Б. У. Китинов; 2020; Roerich Readings; china_mongolia_inner_asia|buddhist_studies
spacetime_index,120,analytics_output/spacetime_unmatched.csv,52,PRES_198427c45a,«Гимн Таре» Сарваджнямитры и его тибетские переводы,todo,0; 1,,,,А. В. Зорин; 2007; Zograf Readings; tibetology_himalaya|buddhist_studies
spacetime_index,120,analytics_output/spacetime_unmatched.csv,782,PRES_513cbc0421,"«Глупец», «Незнакомец», «Человек-эпоха»: три ипостаси князя Мышкина в индийском кинематографе",todo,0; 1,,,,Е. А. Костина; 2022; Zograf Readings; comparative_analysis
spacetime_index,120,analytics_output/spacetime_unmatched.csv,720,PRES_044aea7c88,«Давай поженимся»: Свадебные ритуалы в неварском буддизме,todo,0; 1,,,,А. Г. Рыбакова; 2021; Zograf Readings; nepal_newar_kathmandu|ritual_studies
spacetime_index,120,analytics_output/spacetime_unmatched.csv,76,PRES_9e65f5de1e,«Другая Савитри»: Сказание о Савитри в «Андхрамахабхарате»,todo,0; 1,,,,Н. В. Гуров; 2008; Zograf Readings; epic_ramayana_mahabharata
spacetime_index,120,analytics_output/spacetime_unmatched.csv,721,PRES_d1d14a99b1,«История Тирумулара»: биография бхакта и биография сиддха,todo,0; 1,,,,О. П. Вечерина; 2021; Roerich Readings; bhakti_vaishnava
spacetime_index,120,analytics_output/spacetime_unmatched.csv,112,PRES_5b4245709b,«Коровьи войны» (на материале скотоводческого эпоса народов Центральной Индии и Декана),todo,0; 1,,,,Н. В. Гуров; 2009; Zograf Readings; comparative_analysis
spacetime_index,120,analytics_output/spacetime_unmatched.csv,53,PRES_1be5fd6c7a,«Мадхан-кам» – народная драма Северной Бенгалии (с демонстрацией видеоматериалов),todo,0; 1,,,,С. И. Рыжакова; 2007; Zograf Readings; bengal
spacetime_index,120,analytics_output/spacetime_unmatched.csv,1030,PRES_6a2b1904a8,«Местный колорит» в литературной традиции Ориссы,todo,0; 1,,,,Е. В. Кешарпу; 2026; Zograf Readings; literary_studies
spacetime_index,120,analytics_output/spacetime_unmatched.csv,837,PRES_8190df6ab4,«Моя мать и твоя мать – какая родня?» Об обозначениях братьев и сестер и возможностях прадравидийской реконструкции,todo,0; 1,,,,А. А. Смирнитская; 2023; Zograf Readings; dravidology_south_india
spacetime_index,120,analytics_output/spacetime_unmatched.csv,838,PRES_be1bdeb599,«Не одне грандиозныя прелести Гималаев»: итоги путешествия И. П. Минаева в Кумаон (1875),todo,0; 1,,,,А. Н. Бабин; 2023; Roerich Readings; expeditions|himalaya
spacetime_index,120,analytics_output/spacetime_unmatched.csv,592,PRES_77c1b8528e,«Парамаартхасара» Абхинавагупты: руководство по обретению «сингулярности» или свидетельство о невозможности бытия Бога (Бытия/Бога),todo,0; 1,,,,С. Ч. Офертас; 2019; Roerich Readings
spacetime_index,120,analytics_output/spacetime_unmatched.csv,278,PRES_d01b9376c0,"«Песни якшей», игры людей: о социальных, культурных и художественных особенностях якшаганы Карнатаки В программе возможны изменения и дополнения",todo,0; 1,,,,С. И. Рыжакова; 2013; Zograf Readings; ethnography_performance
spacetime_index,120,analytics_output/spacetime_unmatched.csv,414,PRES_a0347d2f8e,«Рамаяна» Далджита Награ — новый текст индийской диаспоры,todo,0; 1,,,,И. Ю. Котин; 2016; Zograf Readings; epic_ramayana_mahabharata|translation_reception
spacetime_index,120,analytics_output/spacetime_unmatched.csv,113,PRES_beb45aac0a,«Рамаяна» Криттибаса Оджхи в культуре Бенгалии XV-XVI веков,todo,0; 1,,,,А. Л. Сладков; 2009; Zograf Readings; bengal|epic_ramayana_mahabharata
spacetime_index,120,analytics_output/spacetime_unmatched.csv,154,PRES_4f8af0d986,«Саттрия: опыт создания классического танца в современном Ассаме»,todo,0; 1,,,,С. И. Рыжакова; 2010; Roerich Readings; assam
spacetime_index,120,analytics_output/spacetime_unmatched.csv,79,PRES_0404e32168,«Сахар в молоке»: Ауто-представления об «индийском» и «персидском» в современной религиозной культуре парсов,todo,0; 1,,,,С. И. Рыжакова; 2008; Zograf Readings
spacetime_index,120,analytics_output/spacetime_unmatched.csv,351,PRES_48fe6a6077,«Семь познающих» (saptapramātāraḥ) в рекогнитивном самопознании (pratyabhijñā) у Абхинавагупты,todo,0; 1,,,,С. В. Лобанов; 2015; Zograf Readings; philosophy_epistemology
spacetime_index,120,analytics_output/spacetime_unmatched.csv,783,PRES_cc6f3afab6,«Стела монастыря Шакья 释迦院碑» 1257 г. в Монголии – изучение и анализ текста,todo,0; 1,,,,Б. У. Китинов; 2022; Roerich Readings; china_mongolia_inner_asia|buddhist_studies
spacetime_index,120,analytics_output/spacetime_unmatched.csv,784,PRES_cc6f3afab6,«Стела монастыря Шакья 释迦院碑» 1257 г. в Монголии – изучение и анализ текста,todo,0; 1,,,,А. Г. Люлина; 2022; Roerich Readings; china_mongolia_inner_asia|buddhist_studies
spacetime_index,120,analytics_output/spacetime_unmatched.csv,593,PRES_18122d132e,«Сумеречный язык» в поэзии тамильских сиддхов,todo,0; 1,,,,Н. В. Гордийчук; 2019; Zograf Readings; dravidology_south_india
spacetime_index,120,analytics_output/spacetime_unmatched.csv,227,PRES_1a19c546ea,«Третье измерение» в непальской поэзии,todo,0; 1,,,,Л. А. Стрельцова; 2012; Zograf Readings; nepal_newar_kathmandu
spacetime_index,120,analytics_output/spacetime_unmatched.csv,2,PRES_3dfb43981f,«Ум и знание» - тибетский учебник по теории познания,todo,0; 1,,,,Р. Н. Крапивина; 2004; Zograf Readings; tibetology_himalaya
spacetime_index,120,analytics_output/spacetime_unmatched.csv,595,PRES_e19a817c80,«Унмей вилаккам» как источник по иконологии Шивы Натараджи,todo,0; 1,,,,О. П. Вечерина; 2019; Roerich Readings; dravidology_south_india
spacetime_index,120,analytics_output/spacetime_unmatched.csv,596,PRES_787d114bd2,«Цветомыслие» в Древней Индии (вербальный текст и стенопись),todo,0; 1,,,,В. В. Вертоградова; 2019; Roerich Readings; visual_material_culture
spacetime_index,120,analytics_output/spacetime_unmatched.csv,840,PRES_895dc581dc,"«… Есть некая рыба, которая чюдовидна имать»: возможные истоки и неочевидные связи одного композитного существа индийской миниатюры",todo,0; 1,,,,А. Н. Бабин; 2023; Zograf Readings; visual_material_culture
spacetime_index,120,analytics_output/spacetime_unmatched.csv,279,PRES_6ef9ae63f8,Айодхья через 20 лет после конфликта: о современных проявлениях индуистского фундаментализма (наблюдения и немного размышлений),todo,0; 1,,,,А. В. Челнокова; 2013; Zograf Readings; modern_society_politics
spacetime_index,120,analytics_output/spacetime_unmatched.csv,229,PRES_3c0208406b,Актуализация информативной основы средневекового текста Центральной Азии в современном мире (на примере «Тарих-и Рашиди» Мирзы Хайдара Дуглата»),todo,0; 1,,,,С. Ф. Мажитов; 2012; Roerich Readings; china_mongolia_inner_asia
spacetime_index,120,analytics_output/spacetime_unmatched.csv,962,PRES_6c0ed74411,Анализ переводов М. Зощенко на хинди и на бенгали с помощью метрик readability,todo,0; 1,,,,А. Г. Гладкова; 2025; Zograf Readings; translation_reception
spacetime_index,120,analytics_output/spacetime_unmatched.csv,473,PRES_150fd1b901,"Анкхья-нат: обряд и драма средневекового Ассама, и их возрождение сегодня",todo,0; 1,,,,С. И. Рыжакова; 2017; Roerich Readings; assam|ethnography_performance
spacetime_index,120,analytics_output/spacetime_unmatched.csv,842,PRES_efa28cdcf3,Антропология индийской куклы: контексты и ракурсы,todo,0; 1,,,,М. Ф. Альбедиль; 2023; Zograf Readings; visual_material_culture|ethnography_performance
spacetime_index,120,analytics_output/spacetime_unmatched.csv,725,PRES_a12fd2f1ff,Астрологические манускрипты на танкри из коллекции Кхубрама Кхушдиля (Химачал-Прадеш): особенности текстов и датировка,todo,0; 1,,,,А. С. Крылова; 2021; Roerich Readings; tibetology_himalaya|manuscripts_epigraphy
spacetime_index,120,analytics_output/spacetime_unmatched.csv,726,PRES_a12fd2f1ff,Астрологические манускрипты на танкри из коллекции Кхубрама Кхушдиля (Химачал-Прадеш): особенности текстов и датировка,todo,0; 1,,,,Е. А. Ренковская; 2021; Roerich Readings; tibetology_himalaya|manuscripts_epigraphy
spacetime_index,120,analytics_output/spacetime_unmatched.csv,965,PRES_395c2002cd,Бенгальский стихотворный размер пояр и его разновидности,todo,0; 1,,,,С. С. Донченко; 2025; Zograf Readings; bengal|prosody
spacetime_index,120,analytics_output/spacetime_unmatched.csv,4,PRES_6e5928cac8,Богини и деревья желаний в индуизме Центральных Гималаев,todo,0; 1,,,,С. И. Рыжакова; 2004; Zograf Readings; himalaya
spacetime_index,120,analytics_output/spacetime_unmatched.csv,355,PRES_891e3870db,Бонкимчондро Чоттопаддхай и генезис неоиндуизма в Бенгалии,todo,0; 1,,,,Т. Г. Скороходова; 2015; Zograf Readings; bengal|bengal_bhakti_modernity
spacetime_index,120,analytics_output/spacetime_unmatched.csv,474,PRES_56ba477abf,Борьба за собственный язык в Ладакхе,todo,0; 1,,,,Е. Л. Комиссарук; 2017; Zograf Readings; himalaya|tibetology_himalaya
spacetime_index,120,analytics_output/spacetime_unmatched.csv,537,PRES_5b141fa75a,Борьба за собственный язык в Ладакхе (на материале полевых исследований),todo,0; 1,,,,Е. Л. Комиссарук; 2018; Zograf Readings; himalaya
spacetime_index,120,analytics_output/spacetime_unmatched.csv,475,PRES_3ce89a6762,Брак с божеством как форма медиации в неварском обществе,todo,0; 1,,,,А. Г. Рыбакова; 2017; Zograf Readings; nepal_newar_kathmandu
spacetime_index,120,analytics_output/spacetime_unmatched.csv,891,PRES_9c6f0c2111,Буддизм в Восточном Туркестане,todo,0; 1,,,,Б. У. Китинов; 2024; Roerich Readings; buddhist_studies|china_mongolia_inner_asia
spacetime_index,120,analytics_output/spacetime_unmatched.csv,280,PRES_ae5459f5c7,Буддийские рукописи в Индийском фонде ИВР РАН,todo,0; 1,,,,Е. П. Островская; 2013; Zograf Readings; buddhist_studies|manuscripts_epigraphy
spacetime_index,120,analytics_output/spacetime_unmatched.csv,892,PRES_c9709587be,"Бхеру-джи и мать Кали в деревенском Раджастхане: мифы, культ, фольклор",todo,0; 1,,,,С. И. Рыжакова; 2024; Zograf Readings; ethnography_performance
spacetime_index,120,analytics_output/spacetime_unmatched.csv,894,PRES_347181c549,В.В. Верещагин и И.П. Минаев: русские путешественники в Гималаях,todo,0; 1,,,,А. Н. Бабин; 2024; Zograf Readings; history_of_indology|travel_history|himalaya|nineteenth_century
spacetime_index,120,analytics_output/spacetime_unmatched.csv,539,PRES_340def002b,Ведды в современном укладе жизни Шри Ланки,todo,0; 1,,,,Т. А. Зимина; 2018; Zograf Readings
spacetime_index,120,analytics_output/spacetime_unmatched.csv,357,PRES_761cbc2fa1,Ведды глазами сингалов: в прошлом и настоящем,todo,0; 1,,,,Т. А. Зимина; 2015; Zograf Readings
spacetime_index,120,analytics_output/spacetime_unmatched.csv,1037,PRES_5327ab9216,Вера Александровна Новикова (1918-1972) и послевоенная бенгалистика в Ленинграде,todo,0; 1,,,,Е. П. Лекарева; 2026; Zograf Readings; bengal|history_of_indology
spacetime_index,120,analytics_output/spacetime_unmatched.csv,1038,PRES_2af47bc093,Вклад Абхинавагупты в развитие шиваитской доктрины философского монизма в отличной от адвайта- веданты парадигме,todo,0; 1,,,,С. В. Лобанов; 2026; Zograf Readings
spacetime_index,120,analytics_output/spacetime_unmatched.csv,358,PRES_7a4c10b9d8,Вклад В. С. Воробьева-Десятовского (1927—1956) в развитие российско-индийских культурных связей,todo,0; 1,,,,Т. В. Ермакова; 2015; Zograf Readings; history_of_indology
spacetime_index,120,analytics_output/spacetime_unmatched.csv,966,PRES_388115cd35,Внешние и внутренние связи индийского фольклора по данным каталога Ю.Е. Березкина и Е.Н. Дувакина,todo,0; 1,,,,Е. В. Коровина; 2025; Zograf Readings; comparative_analysis
spacetime_index,120,analytics_output/spacetime_unmatched.csv,478,PRES_869eb3560b,Война в контексте истории буддистов-ойратов,todo,0; 1,,,,Б. У. Китинов; 2017; Roerich Readings; buddhist_studies|china_mongolia_inner_asia
spacetime_index,120,analytics_output/spacetime_unmatched.csv,479,PRES_149d1014af,Вопрос о дардском элементе в дотибетском населении Ладакха и Балтистана как лингвистическая проблема,todo,0; 1,,,,А. И. Коган; 2017; Roerich Readings; tibetology_himalaya
spacetime_index,120,analytics_output/spacetime_unmatched.csv,360,PRES_05e39adcc0,Воспоминание как основание для тождества «Я» в «Ишварапратьябхиджня-вимаршини» Абхинавагупты,todo,0; 1,,,,С. Ч. Офертас; 2015; Roerich Readings; philosophy_epistemology
spacetime_index,120,analytics_output/spacetime_unmatched.csv,896,PRES_21a5a08676,Воссоздавая историю древней Индии: исследовательский опыт Раджендролала Митро,todo,0; 1,,,,Т. Г. Скороходова; 2024; Zograf Readings; history_of_indology
spacetime_index,120,analytics_output/spacetime_unmatched.csv,600,PRES_b3fefc9375,Восхваление табака в поэме «Пухейилей видутуду» тамильского поэта Сини Саккарей Пулавара,todo,0; 1,,,,Н. В. Гордийчук; 2019; Roerich Readings; dravidology_south_india
spacetime_index,120,analytics_output/spacetime_unmatched.csv,284,PRES_d9c413501e,Восьмиугольные понятийные схемы в индийской рациональности,todo,0; 1,,,,А. В. Парибок; 2013; Zograf Readings
spacetime_index,120,analytics_output/spacetime_unmatched.csv,968,PRES_679dbfd494,Выкуп невесты (śulka) в Древней Индии: шастрическая и эпическая традиции,todo,0; 1,,,,Т. В. Лучина; 2025; Roerich Readings; epic_ramayana_mahabharata
spacetime_index,120,analytics_output/spacetime_unmatched.csv,540,PRES_348d80f3dc,Вьявахара как универсум установления достоверности знания в индийской эпистемологии и логике (праманаваде),todo,0; 1,,,,Н. А. Канаева; 2018; Zograf Readings; philosophy_epistemology
spacetime_index,120,analytics_output/spacetime_unmatched.csv,328,PRES_ba306768d9,Гимн-падигам как основная форма поэзии тамильских шиваитов,todo,0; 1,,,,М. Б. Павлова; 2014; Zograf Readings; dravidology_south_india
spacetime_index,120,analytics_output/spacetime_unmatched.csv,1041,PRES_f8dfe74eae,Голод в Бенгалии 1943 года и его отражение в творчестве индийских художников,todo,0; 1,,,,Д. Д. Анисимова; 2026; Zograf Readings; bengal|visual_material_culture
spacetime_index,120,analytics_output/spacetime_unmatched.csv,83,PRES_f0655c51e6,Гоштхи (гутхи) в надписях Личчхавов,todo,0; 1,,,,Д. Н. Лелюхин; 2008; Roerich Readings; nepal_newar_kathmandu|manuscripts_epigraphy
spacetime_index,120,analytics_output/spacetime_unmatched.csv,601,PRES_8402d54487,Дайва-арадхана Тулунаду (Южная Индия): сценарий и воплощение,todo,0; 1,,,,С. И. Рыжакова; 2019; Roerich Readings; dravidology_south_india
spacetime_index,120,analytics_output/spacetime_unmatched.csv,157,PRES_c3f9d9861b,Дарды и страна дардов в «Раджатарангини» Калханы,todo,0; 1,,,,А. И. Коган; 2010; Roerich Readings; himalaya
spacetime_index,120,analytics_output/spacetime_unmatched.csv,541,PRES_702b845b3f,Два новых сборника «индийских текстов» Далджита Награ,todo,0; 1,,,,И. Ю. Котин; 2018; Zograf Readings; modern_literature
spacetime_index,120,analytics_output/spacetime_unmatched.csv,668,PRES_ffd2c4b14a,Две тханки из собрания И.П. Минаева (МАЭ РАН) и традиция странствующих рассказчиков (лама манипа) в Гималайском регионе,todo,0; 1,,,,А. Н. Бабин; 2020; Roerich Readings; tibetology_himalaya|museum_collections
spacetime_index,120,analytics_output/spacetime_unmatched.csv,84,PRES_3374abc140,Двойная мандала в тибетском трактате «Вайдурья-карпо»,todo,0; 1,,,,В. М. Яковлев; 2008; Roerich Readings; tibetology_himalaya|buddhist_studies
spacetime_index,120,analytics_output/spacetime_unmatched.csv,285,PRES_79c5e6b21a,Дворцовый парк в индийской литературе V – VI вв,todo,0; 1,,,,Ю. М. Алиханова; 2013; Roerich Readings
spacetime_index,120,analytics_output/spacetime_unmatched.csv,899,PRES_ebac2cd6d5,Джайнские пещерные храмы Махараштры в контексте развития скальной архитектуры Индии,todo,0; 1,,,,Д. Н. Воробьева; 2024; Zograf Readings; jain_studies|manuscripts_epigraphy
spacetime_index,120,analytics_output/spacetime_unmatched.csv,56,PRES_7f36ed5c1e,Джьотиша и Аюрведа: астрологическая семантика в классической индийской медицине,todo,0; 1,,,,А. Бейнорюс; 2007; Zograf Readings; yoga_ayurveda
spacetime_index,120,analytics_output/spacetime_unmatched.csv,420,PRES_bc71d23355,Диалект амдо – нетоновый диалект тибетского языка,todo,0; 1,,,,И. Н. Комарова; 2016; Roerich Readings; tibetology_himalaya
spacetime_index,120,analytics_output/spacetime_unmatched.csv,789,PRES_c8a43354fb,"Диалектологическое исследование языка куллуи (< химачали): задачи, методика, результаты",todo,0; 1,,,,А. С. Крылова; 2022; Zograf Readings; hindi_urdu_new_indo_aryan|fieldwork
spacetime_index,120,analytics_output/spacetime_unmatched.csv,790,PRES_c8a43354fb,"Диалектологическое исследование языка куллуи (< химачали): задачи, методика, результаты",todo,0; 1,,,,Е. А. Ренковская; 2022; Zograf Readings; hindi_urdu_new_indo_aryan|fieldwork
spacetime_index,120,analytics_output/spacetime_unmatched.csv,362,PRES_08ba18875c,Дидактика и символика в тибетской литературе (на примере «Песни о роге яка» из собрания «сто тысяч песен Миларепы»),todo,0; 1,,,,А. К. Васильев; 2015; Roerich Readings; tibetology_himalaya
spacetime_index,120,analytics_output/spacetime_unmatched.csv,57,PRES_57ccd5c672,Дидактические шатаки в литературе телугу (К характеристике жанровых особенностей). 3. Т. Г .Скороходова (Пенза). Интерпретация традиционного индийского текста либеральными мыслителями Бенгальского Возрождения,todo,0; 1,,,,Д. В. Соболева; 2007; Zograf Readings; dravidology_south_india
spacetime_index,120,analytics_output/spacetime_unmatched.csv,233,PRES_627da820b6,Дискуссия о значении термина анангу в тамильской литературе,todo,0; 1,,,,П. В. Хрущева; 2012; Zograf Readings; dravidology_south_india
spacetime_index,120,analytics_output/spacetime_unmatched.csv,481,PRES_98436ca474,Дифференциация веддов (взгляд извне и изнутри),todo,0; 1,,,,Т. А. Зимина; 2017; Zograf Readings; expeditions
spacetime_index,120,analytics_output/spacetime_unmatched.csv,117,PRES_c1761df1ca,Древний тибетский сборник текстов по культам Махакалы и Вишну из рукописной коллекции ИВР РАН,todo,0; 1,,,,А. В. Зорин; 2009; Zograf Readings; tibetology_himalaya|manuscripts_epigraphy
spacetime_index,120,analytics_output/spacetime_unmatched.csv,202,PRES_fb8b7f76bc,Другой в традиции индуизма и философии Бенгальского Возрождения: Опыт сопоставления,todo,0; 1,,,,Т. Г. Скороходова; 2011; Zograf Readings; bengal
spacetime_index,120,analytics_output/spacetime_unmatched.csv,331,PRES_7eec57e19f,Духи умерших в представлениях и обрядовой жизни веддов Шри Ланки,todo,0; 1,,,,Т. А. Зимина; 2014; Zograf Readings; ethnography_performance
spacetime_index,120,analytics_output/spacetime_unmatched.csv,421,PRES_5a19c2a8d0,Европейская феноменология и буддизм в свете спора представителей кашмирской школы Пратьябхиджня с буддистами,todo,0; 1,,,,С. Ч. Офертас; 2016; Roerich Readings; philosophy_epistemology
spacetime_index,120,analytics_output/spacetime_unmatched.csv,670,PRES_f4b07bef1a,Еще раз к вопросу о теме нейдаль в тамильской поэзии,todo,0; 1,,,,А. М. Дубянский; 2020; Zograf Readings; dravidology_south_india|literary_studies
spacetime_index,120,analytics_output/spacetime_unmatched.csv,235,PRES_a6e4236018,Еще раз о субъекте: «Ишварапратьябхиджня-вимаршини» Абхинавагупты,todo,0; 1,,,,С. Ч. Офертас; 2012; Roerich Readings; philosophy_epistemology
spacetime_index,120,analytics_output/spacetime_unmatched.csv,236,PRES_5bd9be8d40,Еще раз о теме разлуки в тамильской поэзии,todo,0; 1,,,,А. М. Дубянский; 2012; Zograf Readings; dravidology_south_india
spacetime_index,120,analytics_output/spacetime_unmatched.csv,237,PRES_bafd1e3979,Живая традиция ритуальных росписей Питхоро в Гуджарате: полевые данные 2012 г,todo,0; 1,,,,К. М. Воздиган; 2012; Zograf Readings; fieldwork|visual_material_culture
spacetime_index,120,analytics_output/spacetime_unmatched.csv,545,PRES_e63e2c0069,Живопись и графика Гималайского региона в коллекции И.П.Минаева (МАЭ РАН): некоторые аспекты атрибуции и интерпретации,todo,0; 1,,,,А. Н. Бабин; 2018; Roerich Readings; museum_collections|himalaya
spacetime_index,120,analytics_output/spacetime_unmatched.csv,732,PRES_3c42887649,Жизнь и реалии Кумаона в народных песнях-ньоли,todo,0; 1,,,,Е. А. Ренковская; 2021; Roerich Readings; himalaya
spacetime_index,120,analytics_output/spacetime_unmatched.csv,847,PRES_b57a66fc22,"Журнал “Stepping stones” – гималайская культура, буддизм и философия перенниализма сквозь призму взглядов европейских исследователей",todo,0; 1,,,,Д. А. Кораблин; 2023; Roerich Readings; tibetology_himalaya|buddhist_studies
spacetime_index,120,analytics_output/spacetime_unmatched.csv,1043,PRES_f261db19db,Заметки о роли индийской диаспоры в пропаганде языка и литературы хинди,todo,0; 1,,,,Т. И. Оранская; 2026; Zograf Readings; modern_society_politics
spacetime_index,120,analytics_output/spacetime_unmatched.csv,733,PRES_9dae5c811e,Захват джунгарами Тибета в 1717 г,todo,0; 1,,,,Б. У. Китинов; 2021; Roerich Readings; tibetology_himalaya
spacetime_index,120,analytics_output/spacetime_unmatched.csv,734,PRES_19f9c5b8ab,"Зеркало, конец иллюзии. Или как удовлетворить тайно влюбленную, касающуюся кувшинами грудей отражения возлюбленного. Учение об отражении в 3-й главе «Тантра-алоки» Абхинавагупты",todo,0; 1,,,,С. Ч. Офертас; 2021; Roerich Readings; philosophy_epistemology
spacetime_index,120,analytics_output/spacetime_unmatched.csv,119,PRES_d991c450bc,Зеркало. Конец иллюзии. (Из истории одной концепции в кашмирском шиваизме),todo,0; 1,,,,С. Ч. Офертас; 2009; Roerich Readings
spacetime_index,120,analytics_output/spacetime_unmatched.csv,333,PRES_b6bc9faa10,Значение творчества Тирумулара для формирования изобразительного канона Шивы Натараджи в Чидамбараме,todo,0; 1,,,,О. П. Вечерина; 2014; Zograf Readings; visual_material_culture
spacetime_index,120,analytics_output/spacetime_unmatched.csv,848,PRES_483a3d2f7e,Значения и функционирование лексемы ye в бенгальском языке,todo,0; 1,,,,Е. А. Костина; 2023; Zograf Readings; bengal
spacetime_index,120,analytics_output/spacetime_unmatched.csv,735,PRES_7921400a74,Зороастрийский культ огня и ритуалы парсов Индии,todo,0; 1,,,,М. Б. Мейтарчиян; 2021; Roerich Readings
spacetime_index,120,analytics_output/spacetime_unmatched.csv,363,PRES_6f09bca977,Изменение межкастовых взаимоотношений в домусульманском Кашмире,todo,0; 1,,,,Т. П. Селиванова; 2015; Roerich Readings; modern_society_politics
spacetime_index,120,analytics_output/spacetime_unmatched.csv,120,PRES_9b2118961f,Иконографические типы бронзовых образов Натараджи: их сложение и проблемы классификации,todo,0; 1,,,,И. А. Урнова; 2009; Zograf Readings; visual_material_culture
spacetime_index,120,analytics_output/spacetime_unmatched.csv,546,PRES_15d00bc825,Иконография и функции непальских дхара/хити,todo,0; 1,,,,В. Н. Мазурина; 2018; Zograf Readings; nepal_newar_kathmandu
spacetime_index,120,analytics_output/spacetime_unmatched.csv,547,PRES_9ecbe3104e,Имперская идея или этнический стереотип? Концепт «монгол» в первой половине XIII в,todo,0; 1,,,,Ю. И. Дробышев; 2018; Roerich Readings; china_mongolia_inner_asia
spacetime_index,120,analytics_output/spacetime_unmatched.csv,287,PRES_845344a97a,"Индийская монета, найденная при раскопках Тилля-тепе",todo,0; 1,,,,А. А. Вигасин; 2013; Roerich Readings
spacetime_index,120,analytics_output/spacetime_unmatched.csv,487,PRES_b88ce66786,Индийская схема рациональности и некоторые ее приложения к индийской философии,todo,0; 1,,,,А. В. Парибок; 2017; Zograf Readings; philosophy_epistemology
spacetime_index,120,analytics_output/spacetime_unmatched.csv,364,PRES_2715b98469,Индийская тема в автобиографической книге В. С. Найпола «A Writer's People: Ways of Looking and Feeling»,todo,0; 1,,,,И. Ю. Котин; 2015; Zograf Readings; modern_literature
spacetime_index,120,analytics_output/spacetime_unmatched.csv,1047,PRES_2026748a9a,Индийская философия в свете компаративного подхода Поля Массон-Урселя,todo,0; 1,,,,В. С. Белимова; 2026; Zograf Readings; comparative_analysis|history_of_indology
spacetime_index,120,analytics_output/spacetime_unmatched.csv,972,PRES_5c9e286081,Индийская философия сознания через призму цивилизационной демаркации «Восток-Запад»,todo,0; 1,,,,В. Г. Лысенко; 2025; Roerich Readings; philosophy_epistemology|comparative_analysis
spacetime_index,120,analytics_output/spacetime_unmatched.csv,488,PRES_6954835b7d,Индийские божества судьбы и их индоевропейские параллели,todo,0; 1,,,,Я. В. Васильков; 2017; Zograf Readings; comparative_analysis
spacetime_index,120,analytics_output/spacetime_unmatched.csv,365,PRES_b67b7540fa,Индийские гана в зеркале китайских гуа,todo,0; 1,,,,И. А. Карышева; 2015; Roerich Readings; comparative_analysis
spacetime_index,120,analytics_output/spacetime_unmatched.csv,603,PRES_5868b82012,Индийские и тибетские лингвистические штудии Д. Г. Мессершмидта,todo,0; 1,,,,А. В. Зорин; 2019; Zograf Readings; history_of_indology|tibetology_himalaya
spacetime_index,120,analytics_output/spacetime_unmatched.csv,548,PRES_297e814b9e,Индийские истоки тибетской историографии буддизма,todo,0; 1,,,,Е. П. Островская; 2018; Zograf Readings; tibetology_himalaya|buddhist_studies
spacetime_index,120,analytics_output/spacetime_unmatched.csv,901,PRES_48742ecace,Индийские классификации: принципы различения поэтических украшений (аланкар),todo,0; 1,,,,С. О. Цветкова; 2024; Roerich Readings; literary_studies
spacetime_index,120,analytics_output/spacetime_unmatched.csv,902,PRES_b481edbec8,Индийские корреспонденты Е.Е. Обермиллера,todo,0; 1,,,,Т. В. Ермакова; 2024; Zograf Readings; history_of_indology
spacetime_index,120,analytics_output/spacetime_unmatched.csv,549,PRES_43bdc7ab3f,Индийские нумерационные системы. По материалам трактата Махавирачарьи «Собрание основных положений науки о вычислениях» (сер. IX в.),todo,0; 1,,,,Г. Г. Хмуркин; 2018; Roerich Readings
spacetime_index,120,analytics_output/spacetime_unmatched.csv,59,PRES_693b5d83a6,Индийские памятники героям в сравнительном освещении (К вопросу о материальном соответствии поэтической формуле «непреходящая слава»),todo,0; 1,,,,Я. В. Васильков; 2007; Zograf Readings; comparative_analysis
spacetime_index,120,analytics_output/spacetime_unmatched.csv,37,PRES_ac20c3981b,Индийские философские тексты: композиция как часть содержания,todo,0; 1,,,,А. В. Парибок; 2006; Zograf Readings; philosophy_epistemology
spacetime_index,120,analytics_output/spacetime_unmatched.csv,973,PRES_2819d33fcb,Индийские шастры с точки зрения современной методологии познания,todo,0; 1,,,,Н. А. Канаева; 2025; Roerich Readings; philosophy_epistemology
spacetime_index,120,analytics_output/spacetime_unmatched.csv,604,PRES_f72bae1c5e,Индийские языки и нарративы на Маврикии: Рама-катха и поэзия на бходжпури,todo,0; 1,,,,М. Б. Демченко; 2019; Zograf Readings; comparative_analysis
spacetime_index,120,analytics_output/spacetime_unmatched.csv,605,PRES_f72bae1c5e,Индийские языки и нарративы на Маврикии: Рама-катха и поэзия на бходжпури,todo,0; 1,,,,М. Рамдхари; 2019; Zograf Readings; comparative_analysis
spacetime_index,120,analytics_output/spacetime_unmatched.csv,672,PRES_6dd65d8a45,Индийский мифологический сериал как средство идеологической пропаганды,todo,0; 1,,,,Р. Н. Сабирова; 2020; Zograf Readings; modern_society_politics
spacetime_index,120,analytics_output/spacetime_unmatched.csv,121,PRES_9550fd0f6b,Индийский текст индийской диаспоры,todo,0; 1,,,,И. Ю. Котин; 2009; Zograf Readings; modern_society_politics
spacetime_index,120,analytics_output/spacetime_unmatched.csv,160,PRES_1e77ef9490,Индийский эпос «Дхола-Мару» и «Сказка о царе Салтане» А.С.Пушкина,todo,0; 1,,,,Т. И. Оранская; 2010; Zograf Readings; comparative_analysis
spacetime_index,120,analytics_output/spacetime_unmatched.csv,1048,PRES_8a20127ede,Индийское паломничество в сравнительном аспекте,todo,0; 1,,,,Я. В. Васильков; 2026; Zograf Readings; comparative_analysis
spacetime_index,120,analytics_output/spacetime_unmatched.csv,736,PRES_a9dfccbed8,Индийское царство и индийские диковины в средневековых ирландских рукописях XV в. «Романа об Александре»,todo,0; 1,,,,М. С. Фомин; 2021; Roerich Readings; manuscripts_epigraphy|translation_reception
spacetime_index,120,analytics_output/spacetime_unmatched.csv,203,PRES_59bc8c1ec8,Индия в поэзии йафиитов (Южная Аравия),todo,0; 1,,,,М. А. Родионов; 2011; Zograf Readings; comparative_analysis
spacetime_index,120,analytics_output/spacetime_unmatched.csv,240,PRES_d7ffc90dec,Индия и индийцы в автобиографической книге В. С. Найпола «The Writer's People»,todo,0; 1,,,,И. Ю. Котин; 2012; Zograf Readings; modern_literature
spacetime_index,120,analytics_output/spacetime_unmatched.csv,673,PRES_9a4fc39037,Инклюзивизм как концептуальное средство для изучения индийской культуры,todo,0; 1,,,,Е. А. Десницкая; 2020; Zograf Readings; comparative_analysis
spacetime_index,120,analytics_output/spacetime_unmatched.csv,85,PRES_c305a62ca7,Институт гутхи в древнем и средневековом Непале,todo,0; 1,,,,К. П. Шрестха; 2008; Roerich Readings; nepal_newar_kathmandu
spacetime_index,120,analytics_output/spacetime_unmatched.csv,739,PRES_e657e5f36b,Интеллектуальная история модернизма: Стелла Крамриш и индийский авангард,todo,0; 1,,,,Е. О. Кузина; 2021; Zograf Readings; twentieth_century|history_of_indology
spacetime_index,120,analytics_output/spacetime_unmatched.csv,674,PRES_2bb37e704c,Интерпретация датировки появления буддизма в Японии в традиционных источниках и храмовых хрониках энги,todo,0; 1,,,,Е. С. Лепехова; 2020; Roerich Readings; buddhist_studies
spacetime_index,120,analytics_output/spacetime_unmatched.csv,675,PRES_595e914a21,Интерпретация кровавых событий раздела Индии и Пакистана в романе Кхушванта Сингха «Поезд в Пакистан»,todo,0; 1,,,,К. В. Лемешкина; 2020; Zograf Readings; modern_literature|modern_society_politics
spacetime_index,120,analytics_output/spacetime_unmatched.csv,975,PRES_f876cc0069,Интерпретация теизма «Бхагавадгиты» Шанкарой и Абхинавагуптой (на материале их комментариев к «Бхагавадгите),todo,0; 1,,,,С. В. Лобанов; 2025; Zograf Readings; philosophy_epistemology|bhakti_vaishnava
spacetime_index,120,analytics_output/spacetime_unmatched.csv,794,PRES_0fd010e2b6,Интерпретация фахверковой архитектуры Индии,todo,0; 1,,,,Д. С. Гавриков; 2022; Zograf Readings
spacetime_index,120,analytics_output/spacetime_unmatched.csv,741,PRES_af4d11c92c,Искусство протеста. Политический театр в Индии: истоки и развитие,todo,0; 1,,,,С. И. Рыжакова; 2021; Zograf Readings; modern_society_politics|ethnography_performance
spacetime_index,120,analytics_output/spacetime_unmatched.csv,849,PRES_3b994db7ef,Исследования древнеиндийских текстов как ключевое направление в ранней японской буддологии,todo,0; 1,,,,Е. О. Новосёлова; 2023; Roerich Readings; buddhist_studies|history_of_indology
spacetime_index,120,analytics_output/spacetime_unmatched.csv,976,PRES_5c44ffa32f,Исторические и историографические особенности монгольской летописи начала XVIII в.: Гомбоджаб. «Течение Ганга»,todo,0; 1,,,,А. Д. Цендина; 2025; Roerich Readings; china_mongolia_inner_asia
spacetime_index,120,analytics_output/spacetime_unmatched.csv,977,PRES_5c44ffa32f,Исторические и историографические особенности монгольской летописи начала XVIII в.: Гомбоджаб. «Течение Ганга»,todo,0; 1,,,,М. А. Овчинникова; 2025; Roerich Readings; china_mongolia_inner_asia
spacetime_index,120,analytics_output/spacetime_unmatched.csv,979,PRES_e4ffdf5e0f,К вопросу о переводе буддийского термина бодхи (菩提) на китайский язык,todo,0; 1,,,,А. Г. Люлина; 2025; Roerich Readings; buddhist_studies|translation_reception
spacetime_index,120,analytics_output/spacetime_unmatched.csv,490,PRES_205565b3d7,К вопросу о периодизации истории индийской философии,todo,0; 1,,,,Р. В. Псху; 2017; Zograf Readings; history_of_indology
spacetime_index,120,analytics_output/spacetime_unmatched.csv,60,PRES_4bb24c3c11,К вопросу о статусе «естественного описания» в индийской поэтике,todo,0; 1,,,,С. О. Цветкова; 2007; Zograf Readings
spacetime_index,120,analytics_output/spacetime_unmatched.csv,905,PRES_a67d45cc5a,К идентификации тантрических изображений Ямантаки в монастыре Юнъань-сы 永安寺 провинции Шаньси 山西省,todo,0; 1,,,,А. В. Осокин; 2024; Roerich Readings; tibetology_himalaya|visual_material_culture
spacetime_index,120,analytics_output/spacetime_unmatched.csv,906,PRES_a67d45cc5a,К идентификации тантрических изображений Ямантаки в монастыре Юнъань-сы 永安寺 провинции Шаньси 山西省,todo,0; 1,,,,Н. А. Брылёва; 2024; Roerich Readings; tibetology_himalaya|visual_material_culture
spacetime_index,120,analytics_output/spacetime_unmatched.csv,1049,PRES_589e161411,К истории поступления индийских памятников в Эрмитаж: новые открытия,todo,0; 1,,,,В. А. Абинякин; 2026; Zograf Readings; museum_collections
spacetime_index,120,analytics_output/spacetime_unmatched.csv,426,PRES_03402280ff,К проблеме взаимодействия буддизма и воинской культуры у ойратов,todo,0; 1,,,,Б. У. Китинов; 2016; Roerich Readings; buddhist_studies|china_mongolia_inner_asia
spacetime_index,120,analytics_output/spacetime_unmatched.csv,335,PRES_d1d4be71f7,К реконструкции ритуальной семантики дравидского kāvaṭi,todo,0; 1,,,,М. Ф. Альбедиль; 2014; Zograf Readings; dravidology_south_india
spacetime_index,120,analytics_output/spacetime_unmatched.csv,798,PRES_6639f5e148,К реконструкции языковых контактов в области Шангшунг в дотибетскую эпоху,todo,0; 1,,,,А. И. Коган; 2022; Roerich Readings; tibetology_himalaya
spacetime_index,120,analytics_output/spacetime_unmatched.csv,907,PRES_963b9bd836,Как лучше представить западному читателю историю индийской философии: размышление по поводу книги В. Эльтшингера и И. Ратье «Что такое индийская философия?»,todo,0; 1,,,,В. Г. Лысенко; 2024; Zograf Readings; history_of_indology
spacetime_index,120,analytics_output/spacetime_unmatched.csv,88,PRES_e4b6786e6b,Как сравнивать индийскую и западную эпистемологию? Опыт создания методологии компаративного исследования,todo,0; 1,,,,В. Г. Лысенко; 2008; Zograf Readings; comparative_analysis|philosophy_epistemology
spacetime_index,120,analytics_output/spacetime_unmatched.csv,608,PRES_42c1647dee,Как уложить пять формул в одну строфу? «Архивирующие» возможности санскрита в математических сочинениях средневековой Индии,todo,0; 1,,,,Г. Г. Хмуркин; 2019; Roerich Readings
spacetime_index,120,analytics_output/spacetime_unmatched.csv,743,PRES_9736d3f1aa,Камень-трава или плод из города Синтры: история одного индийского фитонима,todo,0; 1,,,,А. С. Крылова; 2021; Zograf Readings; etymology
spacetime_index,120,analytics_output/spacetime_unmatched.csv,678,PRES_c29a39d88c,Кангдзей: «Подношения гневным божеcтвам»,todo,0; 1,,,,Е. Д. Огнева; 2020; Roerich Readings; tibetology_himalaya|buddhist_studies
spacetime_index,120,analytics_output/spacetime_unmatched.csv,493,PRES_4884ab035e,Карибский текст индийской диаспоры,todo,0; 1,,,,В. В. Котин; 2017; Zograf Readings; modern_literature
spacetime_index,120,analytics_output/spacetime_unmatched.csv,428,PRES_3f0186a62b,Катхпутли: народные марионетки Раджастхана,todo,0; 1,,,,М. А. Фаградян; 2016; Zograf Readings; visual_material_culture
spacetime_index,120,analytics_output/spacetime_unmatched.csv,368,PRES_525929e7ed,Киннары в скульптуре и литературе Индии,todo,0; 1,,,,Д. Н. Воробьева; 2015; Zograf Readings; visual_material_culture
spacetime_index,120,analytics_output/spacetime_unmatched.csv,162,PRES_ea0097faa8,Китайские переводы Лалитавистары как источник по истории текста,todo,0; 1,,,,Н. В. Александрова; 2010; Roerich Readings; translation_reception|buddhist_studies
spacetime_index,120,analytics_output/spacetime_unmatched.csv,291,PRES_aa8cf0310f,Классификация наук в традиционной индийской культуре,todo,0; 1,,,,Н. А. Канаева; 2013; Zograf Readings
spacetime_index,120,analytics_output/spacetime_unmatched.csv,369,PRES_3e050c97df,Коллекция индийских рукописей рукописного фонда библиотеки СПбГУ,todo,0; 1,,,,С. С. Тавастшерна; 2015; Zograf Readings; manuscripts_epigraphy
spacetime_index,120,analytics_output/spacetime_unmatched.csv,370,PRES_3e050c97df,Коллекция индийских рукописей рукописного фонда библиотеки СПбГУ,todo,0; 1,,,,М. А. Азаркина; 2015; Zograf Readings; manuscripts_epigraphy
spacetime_index,120,analytics_output/spacetime_unmatched.csv,851,PRES_c9fadcf6f0,Коллекция тамильских рукописей М.С. Андреева из Индийского фонда ИВР РАН,todo,0; 1,,,,Е. В. Танонова; 2023; Zograf Readings; manuscripts_epigraphy|dravidology_south_india
spacetime_index,120,analytics_output/spacetime_unmatched.csv,799,PRES_aef1a6caa8,Комментарий к коренной мантре Ваджракилаи,todo,0; 1,,,,Б. Л. Митруев; 2022; Zograf Readings; buddhist_studies|tibetology_himalaya
spacetime_index,120,analytics_output/spacetime_unmatched.csv,292,PRES_9484337e22,Концепт «майя» у Шанкары и Абхинавагупты: сходство и различие,todo,0; 1,,,,С. В. Лобанов; 2013; Zograf Readings; philosophy_epistemology
spacetime_index,120,analytics_output/spacetime_unmatched.csv,293,PRES_532d58897a,Концепция maryādā в непальских надписях,todo,0; 1,,,,Д. Н. Лелюхин; 2013; Roerich Readings; nepal_newar_kathmandu|manuscripts_epigraphy
spacetime_index,120,analytics_output/spacetime_unmatched.csv,336,PRES_9c47837d30,Концепция «марьяда» в непальских надписях,todo,0; 1,,,,Д. Н. Лелюхин; 2014; Zograf Readings; nepal_newar_kathmandu|manuscripts_epigraphy
spacetime_index,120,analytics_output/spacetime_unmatched.csv,123,PRES_523a56fd5b,Концепция Ишвары в классической йоге и в Кашмирском шиваизме,todo,0; 1,,,,А. Г. Мехакян; 2009; Zograf Readings; comparative_analysis
spacetime_index,120,analytics_output/spacetime_unmatched.csv,163,PRES_f7c2f21e54,Концепция игры в индийской традиции (кридаяника в «Натьяшастре»),todo,0; 1,,,,Н. Р. Лидова; 2010; Zograf Readings; philosophy_epistemology
spacetime_index,120,analytics_output/spacetime_unmatched.csv,164,PRES_0139c59bb9,Концепция совершенного человека в творчестве народных певцов – баулов,todo,0; 1,,,,С. С. Донченко; 2010; Zograf Readings; bengal|ethnography_performance
spacetime_index,120,analytics_output/spacetime_unmatched.csv,495,PRES_6564eeace5,Критика буддизма в «Ишвара-пратьябхиджня-вимаршини» Абхинавагупты,todo,0; 1,,,,С. В. Лобанов; 2017; Zograf Readings; philosophy_epistemology
spacetime_index,120,analytics_output/spacetime_unmatched.csv,611,PRES_65b2f8a154,Кукольный театр Западной Бенгалии,todo,0; 1,,,,М. А. Фаградян; 2019; Zograf Readings; bengal|ethnography_performance
spacetime_index,120,analytics_output/spacetime_unmatched.csv,853,PRES_70f93c1aa2,Кукольный театр Западной Бенгалии,todo,0; 1,,,,Е. В. Столярова; 2023; Zograf Readings; ethnography_performance|bengal
spacetime_index,120,analytics_output/spacetime_unmatched.csv,854,PRES_48997b3d72,Культ корзины в Древней Индии и смена религиозной парадигмы,todo,0; 1,,,,Е. Г. Вырщиков; 2023; Roerich Readings; ritual_studies
spacetime_index,120,analytics_output/spacetime_unmatched.csv,908,PRES_3fc20c5385,"Культ корзины у гондов, джайнская икона аягапатта и буддийский алтарь: еще раз о смене религиозной парадигмы в Древней Индии",todo,0; 1,,,,Е. Г. Вырщиков; 2024; Roerich Readings; jain_studies|buddhist_studies
spacetime_index,120,analytics_output/spacetime_unmatched.csv,556,PRES_abbf471fc4,Кумаонский Голудев: локальный вариант индуизма,todo,0; 1,,,,М. Ф. Альбедиль; 2018; Zograf Readings; himalaya
spacetime_index,120,analytics_output/spacetime_unmatched.csv,90,PRES_08e8316d53,Кыргызы в Центральной Азии (9 век),todo,0; 1,,,,Ю. И. Дробышев; 2008; Roerich Readings; china_mongolia_inner_asia
spacetime_index,120,analytics_output/spacetime_unmatched.csv,242,PRES_235b11e4e7,Летописный текст и феномен «изображение» в буддийской традиции Тибета,todo,0; 1,,,,В. В. Деменова; 2012; Roerich Readings; tibetology_himalaya
spacetime_index,120,analytics_output/spacetime_unmatched.csv,62,PRES_a40d40eed0,Лингвофилософское в «Пара-тримшика-виварана» Абхинавагупты,todo,0; 1,,,,А. Г. Мехакян; 2007; Zograf Readings; philosophy_epistemology
spacetime_index,120,analytics_output/spacetime_unmatched.csv,910,PRES_f30b06bf41,"Литература хинди как предмет школьной программы в Индии: история куррикулума, ценности и цели обучения",todo,0; 1,,,,Т. А. Дубянская; 2024; Zograf Readings; modern_society_politics
spacetime_index,120,analytics_output/spacetime_unmatched.csv,431,PRES_d952c65e18,Литературный канон и инновации в поэме Джаянкондара «Парани о войне в Калинге»,todo,0; 1,,,,Н. В. Гордийчук; 2016; Roerich Readings; dravidology_south_india
spacetime_index,120,analytics_output/spacetime_unmatched.csv,911,PRES_a9d6b301a2,Локальные варианты Дурга Пуджи в Колкате,todo,0; 1,,,,Л. А. Стрельцова; 2024; Zograf Readings; bengal
spacetime_index,120,analytics_output/spacetime_unmatched.csv,744,PRES_74f0b9dbb8,Любовные и религиозные мотивы в средневековой тамильской поэме «Тирукковейар» Маниккавасахара,todo,0; 1,,,,Н. В. Гордийчук; 2021; Roerich Readings; dravidology_south_india
spacetime_index,120,analytics_output/spacetime_unmatched.csv,745,PRES_5cc77e65a5,Магические средства ведения войны на монголо-тибетском фронте,todo,0; 1,,,,Ю. И. Дробышев; 2021; Roerich Readings; china_mongolia_inner_asia
spacetime_index,120,analytics_output/spacetime_unmatched.csv,294,PRES_6b6b57012a,Магическое воздействие на погоду в культуре кочевников Центральной Азии,todo,0; 1,,,,Ю. И. Дробышев; 2013; Roerich Readings; china_mongolia_inner_asia
spacetime_index,120,analytics_output/spacetime_unmatched.csv,499,PRES_6623706082,Майя в учениях новых индийских гуру — иллюзия или реальность,todo,0; 1,,,,Ю. А. Уймина; 2017; Zograf Readings; modern_society_politics
spacetime_index,120,analytics_output/spacetime_unmatched.csv,124,PRES_96f005355d,Махабхарата в тамильской поэзии,todo,0; 1,,,,А. М. Дубянский; 2009; Roerich Readings; epic_ramayana_mahabharata|dravidology_south_india
spacetime_index,120,analytics_output/spacetime_unmatched.csv,125,PRES_4fc95cdd1b,Махабхарата и шастры в ранней индийской эпиграфике,todo,0; 1,,,,Д. Н. Лелюхин; 2009; Roerich Readings; epic_ramayana_mahabharata|manuscripts_epigraphy
spacetime_index,120,analytics_output/spacetime_unmatched.csv,432,PRES_afb804b1d8,"Метафизика, мифология, повседневная жизнь: гендерный ракурс южноиндийской традиции",todo,0; 1,,,,П. В. Хрущева; 2016; Zograf Readings; dravidology_south_india
spacetime_index,120,analytics_output/spacetime_unmatched.csv,500,PRES_b29b6d6f36,Метафора сосуда в непальском буддизме,todo,0; 1,,,,М. Ф. Альбедиль; 2017; Zograf Readings; buddhist_studies|nepal_newar_kathmandu
spacetime_index,120,analytics_output/spacetime_unmatched.csv,1052,PRES_a58cb0ccf6,Метод кодировки чисел в трудах индийского математика Арьябхаты,todo,0; 1,,,,Н. Л. Федорова; 2026; Zograf Readings
spacetime_index,120,analytics_output/spacetime_unmatched.csv,985,PRES_7dd0a5eda6,Миф о Потопе и тыкве у дравидийских племен: к вопросу об истории контактов дравидов и мунда,todo,0; 1,,,,Е. А. Ренковская; 2025; Zograf Readings; dravidology_south_india
spacetime_index,120,analytics_output/spacetime_unmatched.csv,1053,PRES_2d9228675d,Миф о Потопе и тыкве у племен западной Индии,todo,0; 1,,,,Е. А. Ренковская; 2026; Zograf Readings
spacetime_index,120,analytics_output/spacetime_unmatched.csv,12,PRES_440de90864,Миф об Агастье в средневековой литературе телугу,todo,0; 1,,,,Н. В. Гуров; 2004; Zograf Readings; dravidology_south_india
spacetime_index,120,analytics_output/spacetime_unmatched.csv,749,PRES_af42ca8e9f,Мифы об Индии: 2400 лет «фейковой индологии»,todo,0; 1,,,,С. В. Пахомов; 2021; Zograf Readings; history_of_indology
spacetime_index,120,analytics_output/spacetime_unmatched.csv,914,PRES_7522e9718b,Многообразие культурных традиций и влияний в средневековой Индии: от династий до социальных изменений,todo,0; 1,,,,Н. Л. Вигель; 2024; Roerich Readings
spacetime_index,120,analytics_output/spacetime_unmatched.csv,679,PRES_8c8a78a7c6,Модели мотивации понятий «муж» и «жена» в дравидийских языках,todo,0; 1,,,,А. А. Смирнитская; 2020; Roerich Readings; dravidology_south_india
spacetime_index,120,analytics_output/spacetime_unmatched.csv,613,PRES_f86793d7d0,Монгольские ритуалы в русских летописях,todo,0; 1,,,,Ю. И. Дробышев; 2019; Roerich Readings; china_mongolia_inner_asia
spacetime_index,120,analytics_output/spacetime_unmatched.csv,916,PRES_6024934b6c,Монистический теизм (адвайта-ишваравада) Абхинавагупты в сопоставлении с ишваравадой адвайты Шанкары на материале их комментариев к «Бхагавадгите».,todo,0; 1,,,,С. В. Лобанов; 2024; Zograf Readings; philosophy_epistemology
spacetime_index,120,analytics_output/spacetime_unmatched.csv,434,PRES_0068d49980,Моравская миссия в Ладакхе. «Тибетское» христианство и вклад моравских братьев в развитие языка ладакхи,todo,0; 1,,,,Е. Л. Комиссарук; 2016; Zograf Readings; tibetology_himalaya|expeditions
spacetime_index,120,analytics_output/spacetime_unmatched.csv,435,PRES_bb59843713,Морализаторство как феномен мысли и культуры Бенгальского Возрождения,todo,0; 1,,,,Т. Г. Скороходова; 2016; Zograf Readings; bengal|bengal_bhakti_modernity
spacetime_index,120,analytics_output/spacetime_unmatched.csv,917,PRES_ff4471c987,Морфология деревянной храмовой архитектуры Химачал-Прадеша (Индия),todo,0; 1,,,,Д. А. Рожнова; 2024; Roerich Readings; himalaya
spacetime_index,120,analytics_output/spacetime_unmatched.csv,559,PRES_63cc937793,Музыкальные инструменты в руках богов. К вопросу об иконографических атрибутах в искусстве Индии V—Х вв,todo,0; 1,,,,Д. Н. Воробьева; 2018; Zograf Readings; visual_material_culture
spacetime_index,120,analytics_output/spacetime_unmatched.csv,614,PRES_0f8aeee7b2,Музыкальные колонны Южной Индии,todo,0; 1,,,,Д. Н. Воробьева; 2019; Roerich Readings; dravidology_south_india
spacetime_index,120,analytics_output/spacetime_unmatched.csv,375,PRES_8a501640a4,Наги как персонажи непальских легенд,todo,0; 1,,,,К. П. Шрестха; 2015; Roerich Readings; nepal_newar_kathmandu
spacetime_index,120,analytics_output/spacetime_unmatched.csv,857,PRES_4d66fa9608,Найти нормативную этику в традиционных текстах: сверхзадача и её решение мыслителями Бенгальского Возрождения.,todo,0; 1,,,,Т. Г. Скороходова; 2023; Zograf Readings; bengal|philosophy_epistemology
spacetime_index,120,analytics_output/spacetime_unmatched.csv,94,PRES_d5a74ed7f6,Народный театр «джатра» и его роль в формировании новой бенгальской литературы,todo,0; 1,,,,Е. К. Бросалина; 2008; Zograf Readings; bengal|ethnography_performance
spacetime_index,120,analytics_output/spacetime_unmatched.csv,986,PRES_2e4095c747,Наука абхидхармы в буддийской ментальной традиции средневековой Индии,todo,0; 1,,,,Е. П. Островская; 2025; Zograf Readings; buddhist_studies
spacetime_index,120,analytics_output/spacetime_unmatched.csv,245,PRES_9389ab2ec7,Неварский «повествовательный свиток» в собрании МАЭ РАН (коллекция И. П. Минаева). Предварительное сообщение,todo,0; 1,,,,Я. В. Васильков; 2012; Zograf Readings; nepal_newar_kathmandu|museum_collections
spacetime_index,120,analytics_output/spacetime_unmatched.csv,338,PRES_2d1d6b8cb7,Неварский «повествовательный свиток» на темы «Лалитавистары»: «одомашнивание» классической буддийской сутры,todo,0; 1,,,,Я. В. Васильков; 2014; Zograf Readings; nepal_newar_kathmandu|buddhist_studies|visual_material_culture
spacetime_index,120,analytics_output/spacetime_unmatched.csv,168,PRES_15b019aa75,Неизвестный речевой феномен у сингалов Шри Ланки,todo,0; 1,,,,Н. Г. Краснодембская; 2010; Zograf Readings; dravidology_south_india
spacetime_index,120,analytics_output/spacetime_unmatched.csv,437,PRES_aa48b528e8,Некоторые аспекты взаимопроникновения индуизма и буддизма в контексте непальских легенд и религиозной практики,todo,0; 1,,,,К. П. Шрестха; 2016; Roerich Readings; nepal_newar_kathmandu
spacetime_index,120,analytics_output/spacetime_unmatched.csv,560,PRES_edcf9f8de0,Некоторые аспекты культа живой богини Кумари в Непале,todo,0; 1,,,,К. П. Шрестха; 2018; Roerich Readings; nepal_newar_kathmandu
spacetime_index,120,analytics_output/spacetime_unmatched.csv,209,PRES_5b9d992a66,Некоторые аспекты полемического дискурса в индийских религиозно-философских традициях,todo,0; 1,,,,С. В. Пахомов; 2011; Zograf Readings; philosophy_epistemology
spacetime_index,120,analytics_output/spacetime_unmatched.csv,129,PRES_df7b4cf816,Некоторые историко-культурные аспекты символики национального флага Непала (V – XXI вв.),todo,0; 1,,,,К. П. Шрестха; 2009; Roerich Readings; nepal_newar_kathmandu
spacetime_index,120,analytics_output/spacetime_unmatched.csv,806,PRES_231441bfe0,Некоторые особенности культа Белого старца в Сиккиме. (доклад онлайн),todo,0; 1,,,,Ю. И. Елихина; 2022; Roerich Readings; tibetology_himalaya
spacetime_index,120,analytics_output/spacetime_unmatched.csv,438,PRES_362845173d,Некоторые особенности неварского буддизма и его влияние на религиозную жизнь Непала,todo,0; 1,,,,А. Г. Рыбакова; 2016; Zograf Readings; nepal_newar_kathmandu|buddhist_studies
spacetime_index,120,analytics_output/spacetime_unmatched.csv,683,PRES_54c018c9f5,Некоторые особенности праздника семи неварских селений юго-западной части Долины Катманду,todo,0; 1,,,,К. П. Шрестха; 2020; Roerich Readings; nepal_newar_kathmandu|ethnography_performance
spacetime_index,120,analytics_output/spacetime_unmatched.csv,502,PRES_75cecc8a6d,Некоторые типичные моменты появления сонма божеств в Непале,todo,0; 1,,,,К. П. Шрестха; 2017; Roerich Readings; nepal_newar_kathmandu
spacetime_index,120,analytics_output/spacetime_unmatched.csv,169,PRES_eda7195a4d,Непал: от конфессионального компромисса до секуляризма (Некоторые штрихи истории духовной культуры),todo,0; 1,,,,К. П. Шрестха; 2010; Roerich Readings; nepal_newar_kathmandu
spacetime_index,120,analytics_output/spacetime_unmatched.csv,988,PRES_f8fe82ebd9,Непальский Маччхендранатх: ритуально-мифологический контекст,todo,0; 1,,,,М. Ф. Альбедиль; 2025; Zograf Readings; nepal_newar_kathmandu
spacetime_index,120,analytics_output/spacetime_unmatched.csv,1055,PRES_16c469b6c2,Непальский вариант Гаруды,todo,0; 1,,,,М. Ф. Альбедиль; 2026; Zograf Readings; nepal_newar_kathmandu
spacetime_index,120,analytics_output/spacetime_unmatched.csv,918,PRES_c755795a7d,Непальский монастырь Копан: встреча Востока и Запада,todo,0; 1,,,,М. Ф. Альбедиль; 2024; Zograf Readings; nepal_newar_kathmandu|buddhist_studies
spacetime_index,120,analytics_output/spacetime_unmatched.csv,753,PRES_806f7942d2,Неприzнанный zнак: вопрос о модернизации бенгальского алфавита в современном медиапространстве,todo,0; 1,,,,Е. А. Костина; 2021; Zograf Readings; bengal
spacetime_index,120,analytics_output/spacetime_unmatched.csv,808,PRES_6c278c000a,Несколько замечаний о введении и первой части «Тирумантирама»,todo,0; 1,,,,Н. В. Гордийчук; 2022; Roerich Readings; dravidology_south_india
spacetime_index,120,analytics_output/spacetime_unmatched.csv,170,PRES_b65c83f7a3,Несколько индийских слов в передаче античных авторов,todo,0; 1,,,,А. А. Вигасин; 2010; Roerich Readings; etymology
spacetime_index,120,analytics_output/spacetime_unmatched.csv,561,PRES_d648392ad9,Несколько слов о «я» и Адвайте в свете узнавания себя как предельного обладающего в толкованиях Абхинавагупты на «Ишварапратьябхиджня-карике» Утпаладевы,todo,0; 1,,,,С. Ч. Офертас; 2018; Roerich Readings; philosophy_epistemology
spacetime_index,120,analytics_output/spacetime_unmatched.csv,562,PRES_8ccd58e4ca,Нетибетская лексика в тибетских диалектах Балтистана и Каргила: попытка этимологической классификации,todo,0; 1,,,,А. И. Коган; 2018; Roerich Readings; tibetology_himalaya
spacetime_index,120,analytics_output/spacetime_unmatched.csv,920,PRES_edb6f3ab45,Новые индоарийские этимологии лексики языка куллуи,todo,0; 1,,,,А. С. Крылова; 2024; Zograf Readings; etymology|new_indo_aryan_languages|himalaya|fieldwork
spacetime_index,120,analytics_output/spacetime_unmatched.csv,809,PRES_b11890b0ab,Новый роман Салмана Рушди «Кишот» и его индийская составляющая,todo,0; 1,,,,А. В. Челнокова; 2022; Zograf Readings; modern_literature|comparative_analysis
spacetime_index,120,analytics_output/spacetime_unmatched.csv,15,PRES_d2281e2acf,О «священной географии» в творчестве Тирунянасамбандара (шиваитский поэтический комплекс «Деварам»),todo,0; 1,,,,М. Б. Загорулько; 2004; Zograf Readings; dravidology_south_india
spacetime_index,120,analytics_output/spacetime_unmatched.csv,755,PRES_b0a4a6a4a5,О буддологии в тексте Abhisamayālaṅkāra (тиб. Mngon rtogs rgyan),todo,0; 1,,,,Р. Н. Крапивина; 2021; Roerich Readings; buddhist_studies|tibetology_himalaya
spacetime_index,120,analytics_output/spacetime_unmatched.csv,65,PRES_7e16512005,О быках и людях (Образ «Стада» в скотоводческом эпосе Южной Индии),todo,0; 1,,,,Н. В. Гуров; 2007; Zograf Readings; dravidology_south_india
spacetime_index,120,analytics_output/spacetime_unmatched.csv,248,PRES_92e44ac148,"О взаимовлиянии индуизма и буддизма в религии непальцев (легенды, иконография, личные наблюдения)",todo,0; 1,,,,В. Н. Мазурина; 2012; Zograf Readings; nepal_newar_kathmandu|buddhist_studies
spacetime_index,120,analytics_output/spacetime_unmatched.csv,16,PRES_9e203d9b3f,О взаимоотношении религиозных конфессий в средневековом Тамилнаде,todo,0; 1,,,,А. М. Дубянский; 2004; Zograf Readings; dravidology_south_india
spacetime_index,120,analytics_output/spacetime_unmatched.csv,380,PRES_4306e74d40,О возможности генетической связи между индийским и месопотамским мифами о потопе,todo,0; 1,,,,Я. В. Васильков; 2015; Zograf Readings; comparative_analysis
spacetime_index,120,analytics_output/spacetime_unmatched.csv,339,PRES_d53f641345,"О гимне Авалокитешваре, приписываемом тибетскому царю Сонгцэн-гампо",todo,0; 1,,,,А. В. Зорин; 2014; Zograf Readings; tibetology_himalaya
spacetime_index,120,analytics_output/spacetime_unmatched.csv,383,PRES_e152e08e66,О некоторых особенностях росписей осакотхи (штат Орисса),todo,0; 1,,,,К. М. Воздиган; 2015; Zograf Readings; visual_material_culture
spacetime_index,120,analytics_output/spacetime_unmatched.csv,686,PRES_9f9afead1c,О некоторых особенностях языка «Калачакра-тантры»,todo,0; 1,,,,А. Г. Мехакян; 2020; Zograf Readings; buddhist_studies|tibetology_himalaya
spacetime_index,120,analytics_output/spacetime_unmatched.csv,95,PRES_f60e19e1b7,О некоторых принципах тамильской поэтики по антологии «Наджиней»,todo,0; 1,,,,А. М. Дубянский; 2008; Roerich Readings; dravidology_south_india
spacetime_index,120,analytics_output/spacetime_unmatched.csv,810,PRES_27a371b83b,О предельном предмете в «Парамартхасаре» Абхинавагупты,todo,0; 1,,,,С. Ч. Офертас; 2022; Roerich Readings; philosophy_epistemology
spacetime_index,120,analytics_output/spacetime_unmatched.csv,618,PRES_32ded99bdf,О предмете индийской философии,todo,0; 1,,,,В. Г. Лысенко; 2019; Zograf Readings
spacetime_index,120,analytics_output/spacetime_unmatched.csv,992,PRES_5eff45b043,О семантических переходах с участием терминов родства в старотамильском языке,todo,0; 1,,,,А. А. Смирнитская; 2025; Zograf Readings; dravidology_south_india
spacetime_index,120,analytics_output/spacetime_unmatched.csv,42,PRES_bb69fb252f,О соотношении санскритского и тибетского текстов «Гимна Превосходящему богов» Шанкарасвамина,todo,0; 1,,,,А. В. Зорин; 2006; Zograf Readings; tibetology_himalaya
spacetime_index,120,analytics_output/spacetime_unmatched.csv,687,PRES_c21cf157cd,О сравнениях в индийской философской литературе,todo,0; 1,,,,А. В. Парибок; 2020; Zograf Readings; comparative_analysis|philosophy_epistemology
spacetime_index,120,analytics_output/spacetime_unmatched.csv,340,PRES_8c55a738df,О стереотипизации адиваси в популярной культуре Индии,todo,0; 1,,,,К. М. Воздиган; 2014; Zograf Readings; modern_society_politics
spacetime_index,120,analytics_output/spacetime_unmatched.csv,249,PRES_ea5d4b869f,О тамильском поэтическом жанре каламбахам,todo,0; 1,,,,А. М. Дубянский; 2012; Roerich Readings; dravidology_south_india
spacetime_index,120,analytics_output/spacetime_unmatched.csv,250,PRES_80c3a05563,О формульности индийских дарственных надписей,todo,0; 1,,,,Д. Н. Лелюхин; 2012; Roerich Readings; manuscripts_epigraphy
spacetime_index,120,analytics_output/spacetime_unmatched.csv,384,PRES_9a58e03451,Об индийских названиях нуля,todo,0; 1,,,,Г. Г. Хмуркин; 2015; Roerich Readings; etymology
spacetime_index,120,analytics_output/spacetime_unmatched.csv,862,PRES_131430ee4f,Об особенностях индийской философии на основе южноазиатской схемы рациональности,todo,0; 1,,,,А. В. Парибок; 2023; Zograf Readings; comparative_analysis
spacetime_index,120,analytics_output/spacetime_unmatched.csv,691,PRES_cfe957f4c0,Об особенностях традиционной пищи веддов,todo,0; 1,,,,Т. А. Зимина; 2020; Zograf Readings; ethnography_performance
spacetime_index,120,analytics_output/spacetime_unmatched.csv,620,PRES_ce31fa073d,Образ Ганеши в японском буддизме,todo,0; 1,,,,Е. С. Лепехова; 2019; Roerich Readings; buddhist_studies
spacetime_index,120,analytics_output/spacetime_unmatched.csv,995,PRES_fe3dba0fe0,Образ Деви с младенцем Шивой в контексте развития иконографии Богини-Матери в скульптуре Бенгалии,todo,0; 1,,,,Д. Д. Наймушина; 2025; Roerich Readings; bengal|visual_material_culture
spacetime_index,120,analytics_output/spacetime_unmatched.csv,564,PRES_3cc35591bb,Образ Индии в словацкой литературе XIX в,todo,0; 1,,,,К. Джункова; 2018; Zograf Readings; nineteenth_century
spacetime_index,120,analytics_output/spacetime_unmatched.csv,300,PRES_eaf0add041,Образ Локешвара в календарном обряде непальцев,todo,0; 1,,,,В. Н. Мазурина; 2013; Zograf Readings; nepal_newar_kathmandu
spacetime_index,120,analytics_output/spacetime_unmatched.csv,301,PRES_ca34a85370,Образ Махендры/Махинды в записках китайских паломников,todo,0; 1,,,,Н. В. Александрова; 2013; Zograf Readings; buddhist_studies
spacetime_index,120,analytics_output/spacetime_unmatched.csv,443,PRES_47c3348c64,Образ Рахулы в японских ритуальных текстах косики,todo,0; 1,,,,Е. С. Лепехова; 2016; Roerich Readings; buddhist_studies
spacetime_index,120,analytics_output/spacetime_unmatched.csv,996,PRES_5fad4e3b63,Образ вишаканья в художественной культуре древней и средневековой Индии,todo,0; 1,,,,М. Н. Яковлева; 2025; Zograf Readings; visual_material_culture
spacetime_index,120,analytics_output/spacetime_unmatched.csv,173,PRES_e90c15b88c,Образ дакини в Японии,todo,0; 1,,,,Е. С. Лепехова; 2010; Roerich Readings; buddhist_studies
spacetime_index,120,analytics_output/spacetime_unmatched.csv,251,PRES_a72801a7e5,Образ индуизма в религиозно-философской мысли Бенгальского Ренессанса,todo,0; 1,,,,Т. Г. Скороходова; 2012; Zograf Readings; bengal|bengal_bhakti_modernity
spacetime_index,120,analytics_output/spacetime_unmatched.csv,302,PRES_a667a3743e,"Образ карлика в иконографической программе индийского храма (Аджанта, Эллора, Аурангабад) V – X вв",todo,0; 1,,,,Д. Н. Воробьева; 2013; Roerich Readings; visual_material_culture
spacetime_index,120,analytics_output/spacetime_unmatched.csv,444,PRES_d358667395,Образ мира в индийской настольной игре jñãna-caupãr,todo,0; 1,,,,Е. О. Кузина; 2016; Roerich Readings; board_games
spacetime_index,120,analytics_output/spacetime_unmatched.csv,386,PRES_e7f53e7c10,Образ потока в тамильской поэзии,todo,0; 1,,,,А. М. Дубянский; 2015; Roerich Readings; dravidology_south_india
spacetime_index,120,analytics_output/spacetime_unmatched.csv,813,PRES_b5b4220732,Образ птицы чатаки в поэзии бенгальских вайшнавов (на примере Рупы Госвамина),todo,0; 1,,,,В. Ю. Дружинин; 2022; Zograf Readings; bhakti_vaishnava|bengal
spacetime_index,120,analytics_output/spacetime_unmatched.csv,924,PRES_33433905b0,Образы тигра и рыбы в бенгальской фразеологии,todo,0; 1,,,,А. Э. Калина; 2024; Zograf Readings; bengal
spacetime_index,120,analytics_output/spacetime_unmatched.csv,99,PRES_844f6b86ea,Образы фантастических животных в средневековой архитектуре Индии,todo,0; 1,,,,И. А. Урнова; 2008; Zograf Readings; visual_material_culture
spacetime_index,120,analytics_output/spacetime_unmatched.csv,566,PRES_59d889fde6,Обращение к буддийским сутрам «неясного» происхождения при императорском дворе в Японии в VIII в,todo,0; 1,,,,Е. С. Лепехова; 2018; Roerich Readings; buddhist_studies
spacetime_index,120,analytics_output/spacetime_unmatched.csv,341,PRES_b0ead2dd43,"Одержимость, служение и лицедейство. Традиции Bhoota-kolam и Theyyam Тулунаду",todo,0; 1,,,,С. И. Рыжакова; 2014; Zograf Readings; ethnography_performance
spacetime_index,120,analytics_output/spacetime_unmatched.csv,1059,PRES_a28cfd6115,Окна в иной мир: изобразительные тексты и линия жизни индийской художницы-парси Катаюн Саклат (1938- 2026): антропологический взгляд,todo,0; 1,,,,С. И. Рыжакова; 2026; Zograf Readings; visual_material_culture
spacetime_index,120,analytics_output/spacetime_unmatched.csv,252,PRES_517c404931,Описание Индии в средневековых ирландских источниках,todo,0; 1,,,,М. С. Фомин; 2012; Roerich Readings; travel_history
spacetime_index,120,analytics_output/spacetime_unmatched.csv,997,PRES_d6c59acf5e,Описание Центральной Азии в «Хождении в пять индийских царств»,todo,0; 1,,,,А. В. Мрачковская; 2025; Roerich Readings; travel_history|china_mongolia_inner_asia
spacetime_index,120,analytics_output/spacetime_unmatched.csv,66,PRES_c5943e6066,Описания военной техники в индийском сочинении XI века «Шри Калачакра тантра раджа»,todo,0; 1,,,,А. М. Стрелков; 2007; Zograf Readings
spacetime_index,120,analytics_output/spacetime_unmatched.csv,623,PRES_69a8bd7229,Основные сюжеты и персонажи индийского театра теней,todo,0; 1,,,,Е. В. Столярова; 2019; Zograf Readings; visual_material_culture
spacetime_index,120,analytics_output/spacetime_unmatched.csv,507,PRES_6e1915099b,Особенности празднования Холи в Раджастхане (по материалам полевых исследований),todo,0; 1,,,,К. А. Маретина; 2017; Zograf Readings; ethnography_performance
spacetime_index,120,analytics_output/spacetime_unmatched.csv,760,PRES_27b1d377eb,Особенности топонимов Западного края Китая（西域): лингвокультурный аспект,todo,0; 1,,,,А. Г. Люлина; 2021; Roerich Readings; china_mongolia_inner_asia
spacetime_index,120,analytics_output/spacetime_unmatched.csv,448,PRES_0bb0a01234,Особенности художественной структуры тамильской антологии «Калиттохей» (на примере песни 92),todo,0; 1,,,,А. М. Дубянский; 2016; Roerich Readings; dravidology_south_india
spacetime_index,120,analytics_output/spacetime_unmatched.csv,389,PRES_35cd50282e,От Индии до Кара-тепе: к типологии древнеиндийского эпиграфического текста,todo,0; 1,,,,В. В. Вертоградова; 2015; Roerich Readings; manuscripts_epigraphy|comparative_analysis
spacetime_index,120,analytics_output/spacetime_unmatched.csv,815,PRES_a0892f70d1,Отличительные особенности и характерные черты индийских мифологических сериалов на сюжет,todo,0; 1,,,,Р. Н. Сабирова; 2022; Zograf Readings; visual_material_culture
spacetime_index,120,analytics_output/spacetime_unmatched.csv,999,PRES_4cc2a9fead,Отношения между государством Корё и Тибетом в эпоху Юань (конец XIII – начало XIV вв.),todo,0; 1,,,,К. В. Хазизова; 2025; Roerich Readings; china_mongolia_inner_asia|tibetology_himalaya
spacetime_index,120,analytics_output/spacetime_unmatched.csv,863,PRES_8190c6779b,Отражение монгольских имперских идей в средневековых вьетнамских источниках,todo,0; 1,,,,Ю. И. Дробышев; 2023; Roerich Readings; china_mongolia_inner_asia
spacetime_index,120,analytics_output/spacetime_unmatched.csv,175,PRES_96ae1b26ae,Отражение оппозиции «свой – чужой» в традиционных представлениях о землепользовании кочевников Центральной Азии,todo,0; 1,,,,Ю. И. Дробышев; 2010; Roerich Readings; china_mongolia_inner_asia
spacetime_index,120,analytics_output/spacetime_unmatched.csv,694,PRES_492286eaea,Очаги обнаружения санскритских рукописей на территории Тибета,todo,0; 1,,,,Т. В. Ермакова; 2020; Zograf Readings; tibetology_himalaya|manuscripts_epigraphy
spacetime_index,120,analytics_output/spacetime_unmatched.csv,1001,PRES_512debece5,"Павакутху Кералы: артисты и основные сюжеты, мифо-ритуальные истоки исполнительских традиций",todo,0; 1,,,,Е. В. Столярова; 2025; Zograf Readings; ethnography_performance
spacetime_index,120,analytics_output/spacetime_unmatched.csv,864,PRES_878ec9446a,"Падаяни, мудиетту, тиятту: ритуальные исполнительские традиции центральной Кералы",todo,0; 1,,,,С. И. Рыжакова; 2023; Zograf Readings; ethnography_performance
spacetime_index,120,analytics_output/spacetime_unmatched.csv,929,PRES_91ce32f17e,Парадигмальное мышление брахманов. Связь философских универсалий и варно-кастовой системы в Индии,todo,0; 1,,,,Р. В. Псху; 2024; Zograf Readings; philosophy_epistemology
spacetime_index,120,analytics_output/spacetime_unmatched.csv,930,PRES_d75ff8846e,Пенпавакутху: новая форма театра плоских фигур Кералы,todo,0; 1,,,,Е. В. Столярова; 2024; Zograf Readings; ethnography_performance
spacetime_index,120,analytics_output/spacetime_unmatched.csv,20,PRES_a8e1a30833,"Перевод Г.С.Лебедевым поэмы Бхарат Чондро Рая «Биддешундор» (по рукописи, хранящейся в РГИА). Предварительное сообщение",todo,0; 1,,,,Е. К. Бросалина; 2004; Zograf Readings; bengal|translation_reception
spacetime_index,120,analytics_output/spacetime_unmatched.csv,21,PRES_a8e1a30833,"Перевод Г.С.Лебедевым поэмы Бхарат Чондро Рая «Биддешундор» (по рукописи, хранящейся в РГИА). Предварительное сообщение",todo,0; 1,,,,А. Л. Сладков; 2004; Zograf Readings; bengal|translation_reception
spacetime_index,120,analytics_output/spacetime_unmatched.csv,509,PRES_7d0bba92cc,Переводы стихов на язык непали,todo,0; 1,,,,К. П. Шрестха; 2017; Roerich Readings; nepal_newar_kathmandu
spacetime_index,120,analytics_output/spacetime_unmatched.csv,865,PRES_42ff807ebd,Переоценка различных методологических подходов по исследованию индийской философии: по следам книги В. Адлури и Д. Багчи «The Nay Science: A History of German Indology»,todo,0; 1,,,,Р. В. Псху; 2023; Zograf Readings; history_of_indology
spacetime_index,120,analytics_output/spacetime_unmatched.csv,1061,PRES_e0f3741a4a,По следам Петербуржца в Индии: путешествие князя Салтыкова,todo,0; 1,,,,С. В. Касым; 2026; Zograf Readings; travel_history
spacetime_index,120,analytics_output/spacetime_unmatched.csv,816,PRES_f6fa058fc3,Полисемия в области терминологии родства – дравидийские и индоарийские языки,todo,0; 1,,,,А. А. Смирнитская; 2022; Roerich Readings; dravidology_south_india|new_indo_aryan_languages
spacetime_index,120,analytics_output/spacetime_unmatched.csv,451,PRES_505b9c3a7b,Понимание высшей истины (парамартха) у Чже Цонкапы,todo,0; 1,,,,А. А. Терентьев; 2016; Zograf Readings; buddhist_studies|tibetology_himalaya
spacetime_index,120,analytics_output/spacetime_unmatched.csv,1062,PRES_fb340723de,Пословицы и поговорки Индии и России как аспект межкультурной коммуникации (проектная деятельность на уроках языка хинди),todo,0; 1,,,,И. А. Соколова; 2026; Zograf Readings; comparative_analysis
spacetime_index,120,analytics_output/spacetime_unmatched.csv,628,PRES_08c41efd17,Почитание Индры в Непале: живая архаика,todo,0; 1,,,,М. Ф. Альбедиль; 2019; Zograf Readings; nepal_newar_kathmandu
spacetime_index,120,analytics_output/spacetime_unmatched.csv,513,PRES_fe20d5625c,Поэзия Кабира и раджастханский фольклор,todo,0; 1,,,,С. О. Цветкова; 2017; Zograf Readings; bhakti_vaishnava
spacetime_index,120,analytics_output/spacetime_unmatched.csv,514,PRES_2bdddbacaf,Поэма «Десять песен»: перевод и чтение на тамильском языке,todo,0; 1,,,,А. М. Дубянский; 2017; Roerich Readings; dravidology_south_india
spacetime_index,120,analytics_output/spacetime_unmatched.csv,212,PRES_61eb101383,Поэтические жанры индийской литературы в тибетском буддийском каноне,todo,0; 1,,,,А. В. Зорин; 2011; Zograf Readings; tibetology_himalaya|buddhist_studies
spacetime_index,120,analytics_output/spacetime_unmatched.csv,763,PRES_68f68e8947,Прагматика перечней в эпиграфическом тексте (к открытию надписей брахми III–II вв. до н.э. в Центральной Индии),todo,0; 1,,,,В. В. Вертоградова; 2021; Roerich Readings; manuscripts_epigraphy
spacetime_index,120,analytics_output/spacetime_unmatched.csv,257,PRES_63aa865de4,Практики движения праны в текстах кашмирских авторов,todo,0; 1,,,,В. П. Иванов; 2012; Zograf Readings; philosophy_epistemology
spacetime_index,120,analytics_output/spacetime_unmatched.csv,631,PRES_e1d74ec461,Прием лейтмотива в классической индийской поэзии,todo,0; 1,,,,А. М. Дубянский; 2019; Zograf Readings; literary_studies
spacetime_index,120,analytics_output/spacetime_unmatched.csv,305,PRES_c247636d94,Причастие-герундий в хинди и бенгальском языке,todo,0; 1,,,,Е. А. Костина; 2013; Zograf Readings; hindi_urdu_new_indo_aryan|bengal
spacetime_index,120,analytics_output/spacetime_unmatched.csv,817,PRES_b0e971446f,Проблема зла и концепция лилавады в кашмирском шиваизме,todo,0; 1,,,,С. В. Лобанов; 2022; Zograf Readings; philosophy_epistemology
spacetime_index,120,analytics_output/spacetime_unmatched.csv,22,PRES_764a73ce7c,Проблема интерпретации специальной санскритской терминологии: термин адхьякша в индийской традиции,todo,0; 1,,,,Д. Н. Лелюхин; 2004; Zograf Readings; sanskrit_grammar_panini
spacetime_index,120,analytics_output/spacetime_unmatched.csv,1006,PRES_0f4f24f569,Проблемы изучения традиционного индийского текста «Абхисамая-аланкара» (на тибетском языке),todo,0; 1,,,,Р. Н. Крапивина; 2025; Zograf Readings; buddhist_studies|tibetology_himalaya
spacetime_index,120,analytics_output/spacetime_unmatched.csv,1007,PRES_ee218642a8,Проблемы интерпретации традиционного текста в произведениях индийских художников конца XIX – начала XX века,todo,0; 1,,,,Д. Д. Анисимова; 2025; Zograf Readings; visual_material_culture
spacetime_index,120,analytics_output/spacetime_unmatched.csv,342,PRES_446d1622e0,Психология Бога в кашмирском шиваизме и у Якоба Беме,todo,0; 1,,,,А. В. Арапов; 2014; Zograf Readings; philosophy_epistemology
spacetime_index,120,analytics_output/spacetime_unmatched.csv,572,PRES_009b94d14c,Путешествие И. П. Минаева в Непал: обстоятельства и результаты,todo,0; 1,,,,Т. В. Ермакова; 2018; Zograf Readings; expeditions|nepal_newar_kathmandu
spacetime_index,120,analytics_output/spacetime_unmatched.csv,456,PRES_e7b0ae48ad,Пушкин на языке непали,todo,0; 1,,,,К. П. Шрестха; 2016; Roerich Readings; nepal_newar_kathmandu
spacetime_index,120,analytics_output/spacetime_unmatched.csv,939,PRES_ff586f57a2,"Развертка, свертка и смысл в индийской философии",todo,0; 1,,,,А. В. Парибок; 2024; Zograf Readings; philosophy_epistemology
spacetime_index,120,analytics_output/spacetime_unmatched.csv,699,PRES_9bd1af42a2,Разрази его гром! Метеорологические явления в песенном фольклоре на диалектах хинди Центральной Индии,todo,0; 1,,,,Т. И. Оранская; 2020; Zograf Readings; ethnography_performance|hindi_urdu_new_indo_aryan
spacetime_index,120,analytics_output/spacetime_unmatched.csv,632,PRES_df9726f3c8,Рай Амитабхи в традиции школы ньигма,todo,0; 1,,,,Е. Д. Огнева; 2019; Roerich Readings; tibetology_himalaya
spacetime_index,120,analytics_output/spacetime_unmatched.csv,818,PRES_1cfabd5347,"Рамаитская поэзия Айодхьи XIX-XX вв.: образы, смыслы и подходы к переводу на русский язык",todo,0; 1,,,,М. Б. Демченко; 2022; Zograf Readings; modern_literature
spacetime_index,120,analytics_output/spacetime_unmatched.csv,768,PRES_ba86fb0e21,"Ранние священные тексты на соранг-сомпенг как ключ к истории создания культа «Матар Баном» у племени сора (южные мунда, Орисса)",todo,0; 1,,,,Е. А. Ренковская; 2021; Zograf Readings; fieldwork|ethnography_performance
spacetime_index,120,analytics_output/spacetime_unmatched.csv,343,PRES_25c542e83e,Религия как инструмент внутренней политики Индии,todo,0; 1,,,,Е. В. Смирнова; 2014; Zograf Readings; modern_society_politics
spacetime_index,120,analytics_output/spacetime_unmatched.csv,457,PRES_609d5b9f72,Репрезентация образа адиваси в популярном индийском кинематографе,todo,0; 1,,,,К. М. Воздиган; 2016; Zograf Readings; modern_society_politics
spacetime_index,120,analytics_output/spacetime_unmatched.csv,700,PRES_227fc50d83,Ритуалы божественной старости в неварском буддизме,todo,0; 1,,,,А. Г. Рыбакова; 2020; Zograf Readings; nepal_newar_kathmandu|ritual_studies
spacetime_index,120,analytics_output/spacetime_unmatched.csv,635,PRES_6732ab26f0,Ритуалы жизненного цикла у народности лимбу,todo,0; 1,,,,Л. А. Стрельцова; 2019; Zograf Readings; life_cycle_rituals|himalaya
spacetime_index,120,analytics_output/spacetime_unmatched.csv,941,PRES_f7cb0da910,Ритуальные предметы и украшения в контексте обрядов жизненного цикла неваров,todo,0; 1,,,,А. Г. Рыбакова; 2024; Zograf Readings; ethnography_performance|nepal_newar_kathmandu|life_cycle_rituals
spacetime_index,120,analytics_output/spacetime_unmatched.csv,820,PRES_dae45dd193,Ритуальный комплекс похоронных обрядов в неварском буддизме,todo,0; 1,,,,А. Г. Рыбакова; 2022; Zograf Readings; nepal_newar_kathmandu|buddhist_studies|life_cycle_rituals
spacetime_index,120,analytics_output/spacetime_unmatched.csv,870,PRES_fac9d854a7,Ритуальный комплекс родильных обрядов в неварском буддизме,todo,0; 1,,,,А. Г. Рыбакова; 2023; Zograf Readings; nepal_newar_kathmandu|ritual_studies|life_cycle_rituals
spacetime_index,120,analytics_output/spacetime_unmatched.csv,395,PRES_e6c1d002d9,Рождение героя или сакрального персонажа в индийской повествовательной традиции (к интерпретации композиции «Сон Майи»),todo,0; 1,,,,Е. А. Юдицкая; 2015; Roerich Readings; epic_ramayana_mahabharata
spacetime_index,120,analytics_output/spacetime_unmatched.csv,1010,PRES_866ba06e54,Рождение концепции иконографии Шивы Натараджи в скульптуре пещерных храмов Южной Индии,todo,0; 1,,,,Д. Н. Воробьева; 2025; Zograf Readings; visual_material_culture
spacetime_index,120,analytics_output/spacetime_unmatched.csv,1011,PRES_08bb9a5fc1,Роль и значение школы крама в структуре философии кашмирского шиваизма,todo,0; 1,,,,С. А. Покатилов; 2025; Zograf Readings; philosophy_epistemology
spacetime_index,120,analytics_output/spacetime_unmatched.csv,574,PRES_52ffc50fbc,Роль мифов о творении мира в индийской философии,todo,0; 1,,,,Р. В. Псху; 2018; Zograf Readings; cosmology
spacetime_index,120,analytics_output/spacetime_unmatched.csv,1012,PRES_a86c239aaf,Роль персоязычных версий индийских текстов в формировании средневековой тюркоязычной литературы Южного Кавказа (на примере памятника «Калила и Димна»),todo,0; 1,,,,М. В. Вершинина; 2025; Roerich Readings; comparative_analysis|translation_reception
spacetime_index,120,analytics_output/spacetime_unmatched.csv,638,PRES_1343fa2056,Роль представителя династии Тхакури (Тхакуджуджу) в ритуальной передаче власти в Непале,todo,0; 1,,,,К. П. Шрестха; 2019; Roerich Readings; nepal_newar_kathmandu
spacetime_index,120,analytics_output/spacetime_unmatched.csv,1013,PRES_68e31769e1,Роль языка в познании абсолютного согласно школе Гелук,todo,0; 1,,,,С. П. Нестеркин; 2025; Roerich Readings; tibetology_himalaya|buddhist_studies
spacetime_index,120,analytics_output/spacetime_unmatched.csv,942,PRES_8906b4fcc3,Российская экспедиция в Ассам 1911-1912 гг,todo,0; 1,,,,Н. Г. Краснодембская; 2024; Zograf Readings; history_of_indology|expeditions|assam|twentieth_century
spacetime_index,120,analytics_output/spacetime_unmatched.csv,943,PRES_8906b4fcc3,Российская экспедиция в Ассам 1911-1912 гг,todo,0; 1,,,,Е. С. Соболева; 2024; Zograf Readings; history_of_indology|expeditions|assam|twentieth_century
spacetime_index,120,analytics_output/spacetime_unmatched.csv,309,PRES_cf01dc9625,"Садханы Харихарихаривахана-Авалокитешвары (Авалокитешвары, восседающего на Вишну, гаруде и льве) из тибетского буддийского канона C",todo,0; 1,,,,А. В. Зорин; 2013; Zograf Readings; buddhist_studies|tibetology_himalaya
spacetime_index,120,analytics_output/spacetime_unmatched.csv,262,PRES_a5c792ee0e,Сакральная защита пространства долины Катманду,todo,0; 1,,,,К. П. Шрестха; 2012; Roerich Readings; nepal_newar_kathmandu
spacetime_index,120,analytics_output/spacetime_unmatched.csv,460,PRES_5e73ba89b7,Санскара «посвящение в ученики» (упанаяна): её место и значение в ряду других санскар и в древней разработке стратификации индийского общества,todo,0; 1,,,,А. А. Алешина; 2016; Roerich Readings; ritual_studies
spacetime_index,120,analytics_output/spacetime_unmatched.csv,702,PRES_bdc2b8783d,Санскрит и индийская философия в творчестве композитора А.Н. Скрябина,todo,0; 1,,,,А. Г. Мехакян; 2020; Roerich Readings; history_of_indology
spacetime_index,120,analytics_output/spacetime_unmatched.csv,398,PRES_e284c84ae6,Санскритизация перформанса: преобразования традиций Bhūta-kolam (Тулунаду) и Chhau (Орисса),todo,0; 1,,,,С. И. Рыжакова; 2015; Roerich Readings; ethnography_performance
spacetime_index,120,analytics_output/spacetime_unmatched.csv,704,PRES_49cbcdc1b0,Санскритские наречия в трудах бенгальских грамматистов (Дживы Госвамина и Баларамы Панчананы),todo,0; 1,,,,Р. Т. Блиндерман; 2020; Zograf Readings; bengal|sanskrit_grammar_panini
spacetime_index,120,analytics_output/spacetime_unmatched.csv,770,PRES_27d5db2ff5,Санскритский перевод одного тибетского текста,todo,0; 1,,,,Б. Л. Митруев; 2021; Zograf Readings; tibetology_himalaya|translation_reception
spacetime_index,120,analytics_output/spacetime_unmatched.csv,216,PRES_ef02ed3c8e,Саттрия: рождение нового индийского классического танца в Ассаме Лаборатория «Театрика» (Москва – С.-Петербург). Видеоматериал по традиции чхоу,todo,0; 1,,,,С. И. Рыжакова; 2011; Zograf Readings; assam
spacetime_index,120,analytics_output/spacetime_unmatched.csv,576,PRES_7d9d4fa5de,Семантика терминологии родства в малых дравидийских языках: когнитивные аспекты,todo,0; 1,,,,А. А. Смирнитская; 2018; Zograf Readings; dravidology_south_india
spacetime_index,120,analytics_output/spacetime_unmatched.csv,640,PRES_68422ddbdf,Семантика терминологии родства в языке брахуи в общедравидийском контексте,todo,0; 1,,,,А. А. Смирнитская; 2019; Zograf Readings; dravidology_south_india
spacetime_index,120,analytics_output/spacetime_unmatched.csv,641,PRES_6afe58ed13,"Серайкела, Майюрбхандж, Пурулиа: феномен чхау на плато Чхота Нагпур (Восточная Индия)",todo,0; 1,,,,С. И. Рыжакова; 2019; Zograf Readings; ethnography_performance
spacetime_index,120,analytics_output/spacetime_unmatched.csv,141,PRES_22c7444e36,Символические модели Абсолютного Сознания в религиозно-мистической философии Кашмирского шиваизма. Некоторые методологические вопросы,todo,0; 1,,,,О. Н. Ерченков; 2009; Zograf Readings; philosophy_epistemology
spacetime_index,120,analytics_output/spacetime_unmatched.csv,944,PRES_e58c748f7f,Синкретизм буддизма и шаманизма Тувы в живописи Шоя Чурука,todo,0; 1,,,,Ч. Санчай; 2024; Roerich Readings; tibetology_himalaya
spacetime_index,120,analytics_output/spacetime_unmatched.csv,181,PRES_e290493a42,Ситуация ухода героя в классической тамильской поэзии,todo,0; 1,,,,А. М. Дубянский; 2010; Roerich Readings; dravidology_south_india
spacetime_index,120,analytics_output/spacetime_unmatched.csv,142,PRES_5579f7916f,Сказание об Индейском царстве» как источник представлений об Индии в древней Руси,todo,0; 1,,,,С. Х. Шомахмадов; 2009; Zograf Readings; translation_reception
spacetime_index,120,analytics_output/spacetime_unmatched.csv,143,PRES_7efa09f3b2,"Сказители, музыканты и танцоры. К вопросу о происхождении и кастовой дхарме так называемых катхаков Раджастхана",todo,0; 1,,,,С. И. Рыжакова; 2009; Zograf Readings; ethnography_performance
spacetime_index,120,analytics_output/spacetime_unmatched.csv,771,PRES_a8e1d07658,"Скифский язык, топонимы Скифии и Центральной Азии, индоевропейские языки: культурные заимствования из Индии и культур древнего Понта Эвксинского",todo,0; 1,,,,А. Солька; 2021; Roerich Readings; comparative_analysis
spacetime_index,120,analytics_output/spacetime_unmatched.csv,1017,PRES_acd4becabb,Скрытое / явное: представления о знании у племенных народов Южной Карнатаки,todo,0; 1,,,,С. И. Рыжакова; 2025; Zograf Readings; ethnography_performance
spacetime_index,120,analytics_output/spacetime_unmatched.csv,217,PRES_d1ddc8c000,Следуя воле звезд: Индийская астрология и практика предсказаний стихийных бедствий,todo,0; 1,,,,А. Бейнорюс; 2011; Zograf Readings
spacetime_index,120,analytics_output/spacetime_unmatched.csv,462,PRES_74f987e071,Словарь «Амаракоша» как отражение индийской картины мира,todo,0; 1,,,,О. А. Волошина; 2016; Zograf Readings; sanskrit_grammar_panini
spacetime_index,120,analytics_output/spacetime_unmatched.csv,705,PRES_33bcacf231,Смена парадигмы? Числовые «коды» в структуре индийских математических сочинений древности и средневековья,todo,0; 1,,,,Г. Г. Хмуркин; 2020; Roerich Readings
spacetime_index,120,analytics_output/spacetime_unmatched.csv,823,PRES_b5e87eb0bb,Смысл и понимание войны в средневековой Южной Индии (поэма Джаянкондара «Парани о войне в Калинге»),todo,0; 1,,,,Н. В. Гордийчук; 2022; Zograf Readings; dravidology_south_india
spacetime_index,120,analytics_output/spacetime_unmatched.csv,312,PRES_10003ca025,Современное искусство адиваси: некоторые особенности музейной репрезентации в Индии и Европе,todo,0; 1,,,,К. М. Воздиган; 2013; Zograf Readings; museum_collections
spacetime_index,120,analytics_output/spacetime_unmatched.csv,642,PRES_6f2867c6e7,Современные баулы: мистики или артисты,todo,0; 1,,,,С. С. Донченко; 2019; Zograf Readings; bengal
spacetime_index,120,analytics_output/spacetime_unmatched.csv,313,PRES_ba46b7c452,Современные баулы: от деревни до концертного зала,todo,0; 1,,,,С. С. Донченко; 2013; Zograf Readings; bengal
spacetime_index,120,analytics_output/spacetime_unmatched.csv,519,PRES_0e4533e715,Содержание первой главы Шрикалачакра-тантры согласно ее комментарию,todo,0; 1,,,,В. М. Яковлев; 2017; Roerich Readings; buddhist_studies|tibetology_himalaya
spacetime_index,120,analytics_output/spacetime_unmatched.csv,824,PRES_787181142c,Сообщение о смерти Чингис-хана в русских летописях,todo,0; 1,,,,Ю. И. Дробышев; 2022; Roerich Readings; china_mongolia_inner_asia
spacetime_index,120,analytics_output/spacetime_unmatched.csv,1018,PRES_060a3a404c,Социально-политический контекст романов Даймонд Шамшера Рана,todo,0; 1,,,,Л. А. Стрельцова; 2025; Zograf Readings; modern_society_politics|nepal_newar_kathmandu
spacetime_index,120,analytics_output/spacetime_unmatched.csv,401,PRES_3d773ae410,Социально-философские концепции Калачакратантры с некоторыми параллелями в Кашмирском Шиваизме,todo,0; 1,,,,А. Г. Мехакян; 2015; Roerich Readings; buddhist_studies|philosophy_epistemology
spacetime_index,120,analytics_output/spacetime_unmatched.csv,643,PRES_fb613d9f3f,Социовозрастная инициация и монашеское посвящение в неварском буддизме,todo,0; 1,,,,А. Г. Рыбакова; 2019; Zograf Readings; nepal_newar_kathmandu|ritual_studies
spacetime_index,120,analytics_output/spacetime_unmatched.csv,875,PRES_edcdc9e33a,Социоскрипторная ситуация в Древней Индии,todo,0; 1,,,,В. В. Вертоградова; 2023; Roerich Readings
spacetime_index,120,analytics_output/spacetime_unmatched.csv,520,PRES_1aaabe5423,Специфика бенгальских анекдотов,todo,0; 1,,,,С. С. Донченко; 2017; Zograf Readings; bengal
spacetime_index,120,analytics_output/spacetime_unmatched.csv,314,PRES_9af2d5e005,Спор Абхинавагупты и Утпаладевы с буддистами в первой части «Ишварапратьябхиджня-вимаршини»,todo,0; 1,,,,С. Ч. Офертас; 2013; Roerich Readings; philosophy_epistemology
spacetime_index,120,analytics_output/spacetime_unmatched.csv,184,PRES_54a32921dc,Сравнительный анализ генезиса рефлексии в индийской и европейской философских традициях: визуальные и лингвистические детерминанты,todo,0; 1,,,,Д. О. Парамонов; 2010; Zograf Readings; comparative_analysis|philosophy_epistemology
spacetime_index,120,analytics_output/spacetime_unmatched.csv,579,PRES_8d99375954,Сравнительный анализ образов сакрального в тамильских храмовых мифах и в сказах П. П. Бажова,todo,0; 1,,,,П. В. Хрущева; 2018; Zograf Readings; comparative_analysis
spacetime_index,120,analytics_output/spacetime_unmatched.csv,144,PRES_dcfff95b9e,"Сравнительный анализ описаний буддийских монахинь в тибетской, китайской и японской агиографической литературе",todo,0; 1,,,,Е. С. Лепехова; 2009; Roerich Readings; buddhist_studies|comparative_analysis
spacetime_index,120,analytics_output/spacetime_unmatched.csv,402,PRES_82ae7abc5a,Старая сказка на новый лад: Девдас в индийском кинематографе 21 века,todo,0; 1,,,,Е. А. Костина; 2015; Zograf Readings; modern_literature
spacetime_index,120,analytics_output/spacetime_unmatched.csv,946,PRES_4204d1cf31,Суфизм в Индии: истоки и течения,todo,0; 1,,,,Д. А. Евграфов; 2024; Zograf Readings
spacetime_index,120,analytics_output/spacetime_unmatched.csv,186,PRES_3bd08e341f,Сюжет о воплощении Вишну в фольклорном тексте телугу (Матсьяватарам),todo,0; 1,,,,А. А. Нейвирт; 2010; Zograf Readings; dravidology_south_india
spacetime_index,120,analytics_output/spacetime_unmatched.csv,523,PRES_3d081ec308,Тамильская баллада «Сказание о Кусалаване» (kucalavaṉ katai): особенности трактовки фрагмента «Рамаяны»,todo,0; 1,,,,А. М. Дубянский; 2017; Roerich Readings; dravidology_south_india|epic_ramayana_mahabharata
spacetime_index,120,analytics_output/spacetime_unmatched.csv,580,PRES_1f28ca6ef7,Тамильская пьеса о Карне,todo,0; 1,,,,А. М. Дубянский; 2018; Zograf Readings; dravidology_south_india
spacetime_index,120,analytics_output/spacetime_unmatched.csv,318,PRES_f3223273ab,Тамильские женские божества в средневековой литературе,todo,0; 1,,,,П. В. Хрущева; 2013; Zograf Readings; dravidology_south_india
spacetime_index,120,analytics_output/spacetime_unmatched.csv,524,PRES_536a630888,Тамильские родственники в общедравидийском контексте: семантика и типология,todo,0; 1,,,,А. А. Смирнитская; 2017; Zograf Readings; dravidology_south_india
spacetime_index,120,analytics_output/spacetime_unmatched.csv,582,PRES_5b31649829,Тантрическая традиция в искусстве индийского модернизма,todo,0; 1,,,,Е. О. Кузина; 2018; Roerich Readings; visual_material_culture
spacetime_index,120,analytics_output/spacetime_unmatched.csv,267,PRES_2545b7a0c5,Танцовщица и покровитель: начни и расик восточных областей Индии. Контексты взаимоотношений,todo,0; 1,,,,С. И. Рыжакова; 2012; Roerich Readings; bengal
spacetime_index,120,analytics_output/spacetime_unmatched.csv,708,PRES_920d574dbd,Танцы с сосудами и вокруг. Гарба Гуджарата и сходные обряды и представления Южной Азии,todo,0; 1,,,,С. И. Рыжакова; 2020; Zograf Readings; ethnography_performance
spacetime_index,120,analytics_output/spacetime_unmatched.csv,187,PRES_90b364f351,Текст «индийской диаспоры» в поэзии Далджита Награ,todo,0; 1,,,,И. Ю. Котин; 2010; Zograf Readings; modern_literature
spacetime_index,120,analytics_output/spacetime_unmatched.csv,188,PRES_627e94e1ab,Тексты по культу Вишну-Нарасимхи в тибетском свитке XIII века,todo,0; 1,,,,А. В. Зорин; 2010; Zograf Readings; tibetology_himalaya|visual_material_culture
spacetime_index,120,analytics_output/spacetime_unmatched.csv,877,PRES_46cb67fd05,Тексты праджняпарамиты в ойратской религиозной культуре и законоположениях,todo,0; 1,,,,Б. У. Китинов; 2023; Roerich Readings; buddhist_studies|china_mongolia_inner_asia
spacetime_index,120,analytics_output/spacetime_unmatched.csv,709,PRES_e3fe863ea8,Текущие переводческие проекты Фонда «Сохраним Тибет!» и изд-ва «Нартанг»,todo,0; 1,,,,А. А. Терентьев; 2020; Zograf Readings; tibetology_himalaya|translation_reception
spacetime_index,120,analytics_output/spacetime_unmatched.csv,584,PRES_a0f09ba677,Тема «мадаль» (обряд самоистязания) в тамильской поэзии,todo,0; 1,,,,А. М. Дубянский; 2018; Roerich Readings; dravidology_south_india
spacetime_index,120,analytics_output/spacetime_unmatched.csv,221,PRES_37530fdf34,Тема весны в старой тамильской поэзии,todo,0; 1,,,,А. М. Дубянский; 2011; Zograf Readings; dravidology_south_india
spacetime_index,120,analytics_output/spacetime_unmatched.csv,106,PRES_506157c4da,Тема времени в буддийских преданиях о Варанаси,todo,0; 1,,,,Н. В. Александрова; 2008; Roerich Readings; buddhist_studies
spacetime_index,120,analytics_output/spacetime_unmatched.csv,878,PRES_ae89d9faef,Тема угона скота (veṭci) в древнетамильской поэзии и литературной теории,todo,0; 1,,,,Н. В. Гордийчук; 2023; Zograf Readings; dravidology_south_india
spacetime_index,120,analytics_output/spacetime_unmatched.csv,403,PRES_179e86e003,Тема царской охоты (на материале письменных памятников Индии и Ирландии),todo,0; 1,,,,М. С. Фомин; 2015; Roerich Readings; comparative_analysis
spacetime_index,120,analytics_output/spacetime_unmatched.csv,269,PRES_7fbd6a22e3,Теория преемственности Дхармы в доктрине «сангоку маппо» в японском буддизме,todo,0; 1,,,,Е. С. Лепехова; 2012; Roerich Readings; buddhist_studies
spacetime_index,120,analytics_output/spacetime_unmatched.csv,710,PRES_31f4f272dd,Терминология родства в гондванских языках,todo,0; 1,,,,А. А. Смирнитская; 2020; Zograf Readings; dravidology_south_india
spacetime_index,120,analytics_output/spacetime_unmatched.csv,649,PRES_62dd4b0700,Тибето-китайские параллели в наименованиях и титулах регентов на примере текста декрета Далай-ламы V о назначении Сангье Гьяцо дэсридом (1679 г.),todo,0; 1,,,,А. Г. Люлина; 2019; Roerich Readings; tibetology_himalaya|china_mongolia_inner_asia
spacetime_index,120,analytics_output/spacetime_unmatched.csv,146,PRES_51d2d7154d,Тибетская джатака о Маллике как исток образа бхавачакры,todo,0; 1,,,,Е. Д. Огнева; 2009; Roerich Readings; tibetology_himalaya|buddhist_studies
spacetime_index,120,analytics_output/spacetime_unmatched.csv,526,PRES_7501330de7,Тибетский идиом области Амдо в наши дни: между диалектом и языком,todo,0; 1,,,,А. К. Васильев; 2017; Roerich Readings; tibetology_himalaya
spacetime_index,120,analytics_output/spacetime_unmatched.csv,527,PRES_5dc09294c1,Тибетский институт чой-йон (наставник-покровитель) в китайских источниках 17–18 вв,todo,0; 1,,,,А. Г. Люлина; 2017; Roerich Readings; tibetology_himalaya|china_mongolia_inner_asia
spacetime_index,120,analytics_output/spacetime_unmatched.csv,585,PRES_390fabcbab,Тибетский принцип чой-йон и его значение для тибето-цинских отношений,todo,0; 1,,,,А. Г. Люлина; 2018; Roerich Readings; tibetology_himalaya|china_mongolia_inner_asia
spacetime_index,120,analytics_output/spacetime_unmatched.csv,879,PRES_abbc19de8a,Типология индийских аскетов по санскритским источникам,todo,0; 1,,,,Э. З. Лейтан; 2023; Zograf Readings
spacetime_index,120,analytics_output/spacetime_unmatched.csv,190,PRES_50a29145a7,Традиции веротерпимости и универсализма в древней и средневековой Индии,todo,0; 1,,,,Э. Н. Комаров; 2010; Roerich Readings
spacetime_index,120,analytics_output/spacetime_unmatched.csv,949,PRES_9c0c80bea0,"Традиционные индийские классификации: образцовые, удобные, проблематичные",todo,0; 1,,,,С. С. Тавастшерна; 2024; Roerich Readings
spacetime_index,120,analytics_output/spacetime_unmatched.csv,270,PRES_e17d554abc,Традиционный индийский комментарий как источник по изучению синтаксиса древнеиндийских языков,todo,0; 1,,,,С. С. Тавастшерна; 2012; Roerich Readings; sanskrit_grammar_panini
spacetime_index,120,analytics_output/spacetime_unmatched.csv,950,PRES_99759d2e3f,Три системы бенгальского стихосложения,todo,0; 1,,,,С. С. Донченко; 2024; Zograf Readings; metrics|prosody|literary_studies|bengal
spacetime_index,120,analytics_output/spacetime_unmatched.csv,714,PRES_4d1ebe16f0,Тханки в собрании И. П. Минаева (МАЭ РАН),todo,0; 1,,,,А. Н. Бабин; 2020; Zograf Readings; museum_collections|tibetology_himalaya
spacetime_index,120,analytics_output/spacetime_unmatched.csv,951,PRES_e7ec05b05b,Угроза монгольских вторжений в Японию глазами Нитирэна,todo,0; 1,,,,Ю. И. Дробышев; 2024; Roerich Readings; buddhist_studies
spacetime_index,120,analytics_output/spacetime_unmatched.csv,587,PRES_49ed2e04fd,Учение д-ра Маханамбраты Брахмачари как квинтэссенция идей бенгальского ренессанса и его влияние на Томаса Мертона,todo,0; 1,,,,М. Б. Демченко; 2018; Zograf Readings; bengal_bhakti_modernity
spacetime_index,120,analytics_output/spacetime_unmatched.csv,828,PRES_224b938159,Учение о цвете Ксенократа Сикионского и теория цвето-культурной компетенции чхави Древней Индии,todo,0; 1,,,,В. В. Вертоградова; 2022; Roerich Readings; philosophy_epistemology|visual_material_culture
spacetime_index,120,analytics_output/spacetime_unmatched.csv,1072,PRES_23a87e494f,Фарс Шанкхадхары «Латакамелака» и ее рукопись из Библиотеки им. Кешара (Катманду),todo,0; 1,,,,Д. А. Комиссаров; 2026; Zograf Readings; manuscripts_epigraphy
spacetime_index,120,analytics_output/spacetime_unmatched.csv,1073,PRES_23a87e494f,Фарс Шанкхадхары «Латакамелака» и ее рукопись из Библиотеки им. Кешара (Катманду),todo,0; 1,,,,М. Д. Минаева; 2026; Zograf Readings; manuscripts_epigraphy
spacetime_index,120,analytics_output/spacetime_unmatched.csv,347,PRES_adefba4b15,Феномен Рамакришны Парамахамсы и формирование неоиндуизма в Бенгалии XIX века,todo,0; 1,,,,Т. Г. Скороходова; 2014; Zograf Readings; bengal|bengal_bhakti_modernity
spacetime_index,120,analytics_output/spacetime_unmatched.csv,952,PRES_b1d3b787fd,Феномен в jalacārin в архитектуре храмов Карнатаки древних и средних веков,todo,0; 1,,,,А. М. Пахомова; 2024; Roerich Readings; visual_material_culture
spacetime_index,120,analytics_output/spacetime_unmatched.csv,192,PRES_fca193c4c1,Философское приложение шикши в кашмирском шиваизме,todo,0; 1,,,,А. Г. Мехакян; 2010; Roerich Readings; philosophy_epistemology
spacetime_index,120,analytics_output/spacetime_unmatched.csv,829,PRES_51d1870035,Фольклор европейских рома (цыган) и мифы индийских племен,todo,0; 1,,,,Я. В. Васильков; 2022; Zograf Readings; comparative_analysis
spacetime_index,120,analytics_output/spacetime_unmatched.csv,652,PRES_e09ac364ea,Фронтальное и трёхчетвертное изображение лица в западно-индийской миниатюре XII–XV вв,todo,0; 1,,,,А. Н. Бабин; 2019; Roerich Readings; visual_material_culture
spacetime_index,120,analytics_output/spacetime_unmatched.csv,653,PRES_a8118f87c2,Функции вождя в традиционном обществе веддов в прошлом и настоящем,todo,0; 1,,,,Т. А. Зимина; 2019; Zograf Readings
spacetime_index,120,analytics_output/spacetime_unmatched.csv,775,PRES_a330500b58,Характерные черты и особенности индийского мифологического сериала (на материале сериалов на сюжет «Рамаяны»),todo,0; 1,,,,Р. Н. Сабирова; 2021; Zograf Readings; epic_ramayana_mahabharata|visual_material_culture
spacetime_index,120,analytics_output/spacetime_unmatched.csv,349,PRES_222fd16a0c,Хити/дхара — «неиссякаемый источник»: Иконография и функции (по материалам Непала),todo,0; 1,,,,В. Н. Мазурина; 2014; Zograf Readings; nepal_newar_kathmandu|visual_material_culture
spacetime_index,120,analytics_output/spacetime_unmatched.csv,831,PRES_fb1f237dc7,Чайтья в трех версиях «Лалитавистары»: взаимодействие текста и паломнической традиции,todo,0; 1,,,,Н. В. Александрова; 2022; Zograf Readings; buddhist_studies|manuscripts_epigraphy
spacetime_index,120,analytics_output/spacetime_unmatched.csv,1022,PRES_577de0cdf5,Чанпинская битва 260 г. до н.э.: когда встречаются источники и археология,todo,0; 1,,,,Д. Н. Ратушный; 2025; Roerich Readings; china_mongolia_inner_asia
spacetime_index,120,analytics_output/spacetime_unmatched.csv,406,PRES_00dba5f22c,Что мы пьём? (анализ питья с позиций тибетской мадхьямаки и «многомировой» концепции Эверетта-Менского),todo,0; 1,,,,А. А. Терентьев; 2015; Zograf Readings; tibetology_himalaya
spacetime_index,120,analytics_output/spacetime_unmatched.csv,716,PRES_15b5fbdc83,Что отличает индийскую эпистемическую культуру от западной?,todo,0; 1,,,,Н. А. Канаева; 2020; Roerich Readings; comparative_analysis
spacetime_index,120,analytics_output/spacetime_unmatched.csv,1024,PRES_473de19d13,Эволюция архитектуры джайнских пещерных храмов Махараштры в контексте скального зодчества Индии,todo,0; 1,,,,Д. Н. Воробьева; 2025; Roerich Readings; jain_studies
spacetime_index,120,analytics_output/spacetime_unmatched.csv,776,PRES_a525a168ab,Эволюция струнного музыкального инструмента вины на материале скульптуры пещерных храмов южной Индии (I–X вв.),todo,0; 1,,,,Д. Н. Воробьева; 2021; Roerich Readings; visual_material_culture
spacetime_index,120,analytics_output/spacetime_unmatched.csv,320,PRES_3195691394,Элементы культурного синтеза в бенгальской поэзии XVII века,todo,0; 1,,,,Е. К. Бросалина; 2013; Zograf Readings; bengal
spacetime_index,120,analytics_output/spacetime_unmatched.csv,655,PRES_49cd2d08bb,Элементы шаманских практик в воинских традициях Индии,todo,0; 1,,,,А. Ю. Курочкин; 2019; Zograf Readings
spacetime_index,120,analytics_output/spacetime_unmatched.csv,222,PRES_9f66f4e714,Энергийный прагматизм в тамильской культуре,todo,0; 1,,,,П. В. Хрущева; 2011; Zograf Readings; dravidology_south_india
spacetime_index,120,analytics_output/spacetime_unmatched.csv,718,PRES_d91cd4e689,Эстетика комического в поэме «Kaliṅkattupparaṇi»,todo,0; 1,,,,Н. В. Гордийчук; 2020; Zograf Readings; dravidology_south_india|literary_studies
spacetime_index,120,analytics_output/spacetime_unmatched.csv,656,PRES_2cf93e8bf4,Эстетика религиозной драмы: теория и практика драмы в контексте бенгальского вайшнавизма,todo,0; 1,,,,Э. И. Введенская; 2019; Zograf Readings; bengal_bhakti_modernity|bhakti_vaishnava
spacetime_index,120,analytics_output/spacetime_unmatched.csv,832,PRES_e535f6d646,Этапы развития тамильского языкового пуризма,todo,0; 1,,,,А. А. Смирнитская; 2022; Zograf Readings; dravidology_south_india
spacetime_index,120,analytics_output/spacetime_unmatched.csv,1025,PRES_d767707d9d,Этапы сложения имперской идеологии у средневековых монголов,todo,0; 1,,,,Ю. И. Дробышев; 2025; Roerich Readings; china_mongolia_inner_asia
spacetime_index,120,analytics_output/spacetime_unmatched.csv,833,PRES_3713c953c3,Этимологическая классификация лексики в индийской и европейской грамматической традиции на примере языка куллуи,todo,0; 1,,,,А. С. Крылова; 2022; Roerich Readings; etymology|comparative_analysis
spacetime_index,120,analytics_output/spacetime_unmatched.csv,149,PRES_6dadb0e4d7,Этимология (нирукта) в качестве герменевтической науки в кашмирском шиваизме,todo,0; 1,,,,А. Г. Мехакян; 2009; Roerich Readings; philosophy_epistemology
spacetime_index,120,analytics_output/spacetime_unmatched.csv,882,PRES_e6073c947c,Этимология и семантика цветообозначения «красный» в китайской культуре,todo,0; 1,,,,А. Г. Люлина; 2023; Roerich Readings; etymology
spacetime_index,120,analytics_output/spacetime_unmatched.csv,954,PRES_423a77f362,Этимология и семантика цветообозначения «черный» в культуре Китая,todo,0; 1,,,,А. Г. Люлина; 2024; Roerich Readings; etymology
spacetime_index,120,analytics_output/spacetime_unmatched.csv,467,PRES_99df250203,Этнографические группы веддов (история и современность),todo,0; 1,,,,Т. А. Зимина; 2016; Zograf Readings
spacetime_index,120,analytics_output/spacetime_unmatched.csv,1026,PRES_818e4652db,Этнорелигиозная картина уйгуров по китайским источникам XIV-XIX вв,todo,0; 1,,,,М. М. Игнатова; 2025; Roerich Readings; china_mongolia_inner_asia
spacetime_index,120,analytics_output/spacetime_unmatched.csv,350,PRES_38f0bf3fa1,Южноиндийские божества: некоторые аспекты гендерных взаимоотношений,todo,0; 1,,,,П. В. Хрущева; 2014; Zograf Readings; dravidology_south_india
spacetime_index,120,analytics_output/spacetime_unmatched.csv,468,PRES_98b2929335,Южноиндийский театр теней «толпава кутху»: традиция и современность,todo,0; 1,,,,Е. В. Столярова; 2016; Zograf Readings; ethnography_performance|dravidology_south_india
spacetime_index,120,analytics_output/spacetime_unmatched.csv,150,PRES_1a48b15a55,Южный поход личчхавов,todo,0; 1,,,,Д. Н. Лелюхин; 2009; Zograf Readings; nepal_newar_kathmandu
spacetime_index,120,analytics_output/spacetime_unmatched.csv,276,PRES_e5cc1bbb1d,"Ян Потоцкий и тибетская рукопись, найденная в Калмыкии",todo,0; 1,,,,Е. Д. Огнева; 2012; Zograf Readings; tibetology_himalaya|expeditions
spacetime_index,120,analytics_output/spacetime_unmatched.csv,955,PRES_4df4b11b2d,“Чорджапод”: история и перспективы исследования,todo,0; 1,,,,Е. П. Лекарева; 2024; Zograf Readings; tibetology_himalaya
theme_classification,120,analytics_output/theme_review_queue.csv,34,PRES_9c6f0c2111,Буддизм в Восточном Туркестане,todo,"Заголовок 'Буддизм в Восточном Туркестане' описывает региональный процесс, что соответствует L2.",,,,religion_and_philosophy; religion_and_philosophy; 0.9; unspecified; 0.9
theme_classification,120,analytics_output/theme_review_queue.csv,7,PRES_eb575eaa4d,Был ли Яма пессимистом? Значение частицы gha и ее индоевропейские параллели (К интерпретации стиха Ригведа,todo,,,,,linguistics_and_philology; 0.0; 0.0
theme_classification,120,analytics_output/theme_review_queue.csv,5,PRES_6274f89872,Вербальный панегирик индийского монаршего портрета эпохи Моголов,todo,,,,,art_and_material_culture; 0.0; 0.0
theme_classification,120,analytics_output/theme_review_queue.csv,33,PRES_7522e9718b,Многообразие культурных традиций и влияний в средневековой Индии: от династий до социальных изменений,todo,"Заголовок 'Многообразие культурных традиций и влияний в средневековой Индии' описывает обзор одной традиции (средневековая Индия) без внешней сравнительной рамки. Это L2, а не L3.",,,,history_and_culture; history_and_culture; 0.9; unspecified; 0.9
theme_classification,120,analytics_output/theme_review_queue.csv,3,PRES_bab6fc9b5c,Немногие сведения о Нилакантхадикшите-грамматисте,todo,,,,,linguistics_and_philology; 0.0; 0.0
theme_classification,120,analytics_output/theme_review_queue.csv,8,PRES_f457799a1b,Об одной возможной буддийской параллели к новозаветному пассажу МФ,todo,,,,,religion_and_philosophy; 0.0; 0.0
theme_classification,120,analytics_output/theme_review_queue.csv,2,PRES_259ddc64ac,Обсценная брань и её следы в РВ,todo,,,,,linguistics_and_philology; 0.0; 0.0
theme_classification,120,analytics_output/theme_review_queue.csv,32,PRES_266f877d3f,Перевод в практике преподавания хинди в средней школе,todo,"Практика перевода в преподавании, уровень кейса.",,,,history_and_culture; history_and_culture; 0.9; unspecified; 0.9
theme_classification,120,analytics_output/theme_review_queue.csv,6,PRES_93091ebf3a,Почему Дигнага называет определение восприятия Васубандху асара (лишенным сути)? Медленное чтение «Прамана-самуччая-вритти» (,todo,,,,,religion_and_philosophy; 0.0; 0.0
theme_classification,120,analytics_output/theme_review_queue.csv,4,PRES_213b0b1de9,Пятнистый охотничий зверь индоевропейцев и «Атхарваведа»,todo,,,,,linguistics_and_philology; 0.0; 0.0
theme_classification,120,analytics_output/theme_review_queue.csv,35,PRES_25c542e83e,Религия как инструмент внутренней политики Индии,todo,"Заголовок обещает обобщение о религии как инструменте внутренней политики Индии, что охватывает уровень страны. Это L2.",,,,history_and_culture; history_and_culture; 0.9; unspecified; 0.9
theme_uncertainty,140,analytics_output/theme_codes_uncertain_v2.csv,125,PRES_10dd9b6a,,todo,,,,,
theme_uncertainty,140,analytics_output/theme_codes_uncertain_v2.csv,133,PRES_1ca80314,,todo,,,,,
theme_uncertainty,140,analytics_output/theme_codes_uncertain_v2.csv,128,PRES_2117a141,,todo,,,,,
theme_uncertainty,140,analytics_output/theme_codes_uncertain_v2.csv,141,PRES_26401f35,,todo,,,,,
theme_uncertainty,140,analytics_output/theme_codes_uncertain_v2.csv,126,PRES_2c964ef8,,todo,,,,,
theme_uncertainty,140,analytics_output/theme_codes_uncertain_v2.csv,134,PRES_357a21a5,,todo,,,,,
theme_uncertainty,140,analytics_output/theme_codes_uncertain_v2.csv,135,PRES_3b4892b7,,todo,,,,,
theme_uncertainty,140,analytics_output/theme_codes_uncertain_v2.csv,129,PRES_5f783d17,,todo,,,,,
theme_uncertainty,140,analytics_output/theme_codes_uncertain_v2.csv,152,PRES_7619a6d5,,todo,,,,,
theme_uncertainty,140,analytics_output/theme_codes_uncertain_v2.csv,186,PRES_86e97fa7,,todo,,,,,
theme_uncertainty,140,analytics_output/theme_codes_uncertain_v2.csv,132,PRES_89316d20,,todo,,,,,
theme_uncertainty,140,analytics_output/theme_codes_uncertain_v2.csv,138,PRES_8d322c4f,,todo,,,,,
theme_uncertainty,140,analytics_output/theme_codes_uncertain_v2.csv,139,PRES_93c8e280,,todo,,,,,
theme_uncertainty,140,analytics_output/theme_codes_uncertain_v2.csv,205,PRES_d86e3dee,,todo,,,,,
theme_uncertainty,140,analytics_output/theme_codes_uncertain_v2.csv,177,PRES_d87a49f2,,todo,,,,,
theme_uncertainty,140,analytics_output/theme_codes_uncertain_v2.csv,140,PRES_e33d416c,,todo,,,,,
theme_uncertainty,140,analytics_output/theme_codes_uncertain_v2.csv,136,PRES_feb979fb,,todo,,,,,
theme_uncertainty,140,analytics_output/theme_codes_uncertain_v2.csv,192,PRES_5721585a,"""Башни с нишами"" в",todo,,,,,
theme_uncertainty,140,analytics_output/theme_codes_uncertain_v2.csv,156,PRES_03fc0f79,"""Бхагавата",todo,,,,,
theme_uncertainty,140,analytics_output/theme_codes_uncertain_v2.csv,153,PRES_ae69c6f5,"""Нисхождение",todo,,,,,
theme_uncertainty,140,analytics_output/theme_codes_uncertain_v2.csv,70,PRES_347397b5,", Dr. Prof., Head of the department for Indian Philology and Religion, Cotman University (Panama). Nâgârjuna - tetraktus & catuskotis - Pythagorean sources of Buddhism",todo,,,,,
theme_uncertainty,140,analytics_output/theme_codes_uncertain_v2.csv,299,PRES_R_666aca53,", Б.У. Китинов (ИВ РАН). «Стела монастыря Шакья 释迦院碑» 1257 г. в Монголии – изучение и анализ текста",todo,,,,,
theme_uncertainty,140,analytics_output/theme_codes_uncertain_v2.csv,321,PRES_R_ac821d1e,", О. В. Лундышева (РНБ Сектор восточных фондов Отдела рукописей; ИКВИА НИУ ВШЭ, Санкт-Петербург - Москва). Prasādapratibhodbhava (Śatapañcāśatka) Матричеты: тохарский перевод и комментарий",todo,,,,,
theme_uncertainty,140,analytics_output/theme_codes_uncertain_v2.csv,200,PRES_08487e4a,"Jati, gotra and marriage system in Haryana: a",todo,,,,,
theme_uncertainty,140,analytics_output/theme_codes_uncertain_v2.csv,79,PRES_dacf2ad6,Mārganātyam. Театральная практика и теория «Натьяшастры» сегодня,todo,,,,,
theme_uncertainty,140,analytics_output/theme_codes_uncertain_v2.csv,21,PRES_f82cda7b,Mārgī/deśī: о двух способах интерпретации индийского танца,todo,,,,,
theme_uncertainty,140,analytics_output/theme_codes_uncertain_v2.csv,58,PRES_b1b092bf,"The ideal man in the Mahābhārata. The consciousness of the ""budhyamāna"" on one's way to salvation",todo,,,,,
theme_uncertainty,140,analytics_output/theme_codes_uncertain_v2.csv,57,PRES_8c319c1e,What is Ahi Budhnya: some remarks on the Serpent of the Deep as in the Rigveda and elsewhere,todo,,,,,
theme_uncertainty,140,analytics_output/theme_codes_uncertain_v2.csv,104,PRES_b18b67bb,Work of Patañjali on Yoga Philosophy and Sanskrit Vyākaraṇa,todo,,,,,
theme_uncertainty,140,analytics_output/theme_codes_uncertain_v2.csv,143,PRES_07050f9e,«Барахмах»,todo,,,,,
theme_uncertainty,140,analytics_output/theme_codes_uncertain_v2.csv,258,PRES_R_8469df28,«Белые шапки»: интерпретации и эндемичность религиозного символа в начале XVIII в,todo,,,,,
theme_uncertainty,140,analytics_output/theme_codes_uncertain_v2.csv,13,PRES_c4a95228,«Великие» и «малые» в надписях Ашоки,todo,,,,,
theme_uncertainty,140,analytics_output/theme_codes_uncertain_v2.csv,249,PRES_R_c68675a5,«Видимый» и «невидимый» мир в теоретико-культурном дискурсе Древней Индии,todo,,,,,
theme_uncertainty,140,analytics_output/theme_codes_uncertain_v2.csv,145,PRES_a8c9dfa8,"«Глупец»,",todo,,,,,
theme_uncertainty,140,analytics_output/theme_codes_uncertain_v2.csv,290,PRES_R_5e6684f1,«Жизнь Будды» Ашвагхоши и Серебряный век русской культуры,todo,,,,,
theme_uncertainty,140,analytics_output/theme_codes_uncertain_v2.csv,108,PRES_3f75bc5f,«Индийская „игра знания“: один эпизод культурного трансфера»,todo,,,,,
theme_uncertainty,140,analytics_output/theme_codes_uncertain_v2.csv,117,PRES_381be266,«Йога-сутры» Патанджали в арабском переводе ал-Бируни,todo,,,,,
theme_uncertainty,140,analytics_output/theme_codes_uncertain_v2.csv,114,PRES_cb10ac69,«К истолкованию мифа о Махишамардани» в научном наследии М.И. Тубянского,todo,,,,,
theme_uncertainty,140,analytics_output/theme_codes_uncertain_v2.csv,36,PRES_cb0b06a1,«Кадамбари» в современном мире,todo,,,,,
theme_uncertainty,140,analytics_output/theme_codes_uncertain_v2.csv,285,PRES_R_3b624bcc,«Культурологический поворот» в исследованиях Ю.Н. Рериха и Л.Н. Гумилёва,todo,,,,,
theme_uncertainty,140,analytics_output/theme_codes_uncertain_v2.csv,63,PRES_79ef12eb,«Лирическая героиня» Миры Баи,todo,,,,,
theme_uncertainty,140,analytics_output/theme_codes_uncertain_v2.csv,191,PRES_8f231f1c,«Местный колорит» в,todo,,,,,
theme_uncertainty,140,analytics_output/theme_codes_uncertain_v2.csv,72,PRES_af12b4e1,«Мысленный эксперимент» Васубандху,todo,,,,,
theme_uncertainty,140,analytics_output/theme_codes_uncertain_v2.csv,168,PRES_143abd43,«Наишкармья-сиддхи» (I. 52) Сурешвары как структура для реконструкции учения Шанкары об освобождении,todo,,,,,
theme_uncertainty,140,analytics_output/theme_codes_uncertain_v2.csv,184,PRES_604561ac,«Они из секты Пифагора»:,todo,,,,,
theme_uncertainty,140,analytics_output/theme_codes_uncertain_v2.csv,54,PRES_1ec8176f,"«Песни якшей», игры людей: о социальных, культурных и художественных особенностях якшаганы Карнатаки",todo,,,,,
theme_uncertainty,140,analytics_output/theme_codes_uncertain_v2.csv,17,PRES_d93a83cf,«Рагхуванша» Калидасы глазами тамилиста,todo,,,,,
theme_uncertainty,140,analytics_output/theme_codes_uncertain_v2.csv,252,PRES_R_6857248b,«Ратнавали» Нагарджуны и «Дашабхумика-сутра»: явные и неявные связи,todo,,,,,
theme_uncertainty,140,analytics_output/theme_codes_uncertain_v2.csv,264,PRES_R_4baf8c71,«Цветомыслие» в Древней Индии (вербальный текст и стенопись),todo,,,,,
theme_uncertainty,140,analytics_output/theme_codes_uncertain_v2.csv,180,PRES_bba56f84,«Шри Рамананда-чаритам»,todo,,,,,
theme_uncertainty,140,analytics_output/theme_codes_uncertain_v2.csv,27,PRES_2b083ca8,"«Юные» в окружении царя Раджасинхи II—го (XVII век, Шри Ланка)",todo,,,,,
theme_uncertainty,140,analytics_output/theme_codes_uncertain_v2.csv,41,PRES_605ce7b2,«Юный» как представитель измененного состояния сознания,todo,,,,,
theme_uncertainty,140,analytics_output/theme_codes_uncertain_v2.csv,100,PRES_6066a0b9,Абсолютная встреча как феномен трансцендентальной герменевтики Г. Оберхаммера,todo,,,,,
theme_uncertainty,140,analytics_output/theme_codes_uncertain_v2.csv,97,PRES_9061fc60,Абхидхарма как когнитивная стратегия,todo,,,,,
theme_uncertainty,140,analytics_output/theme_codes_uncertain_v2.csv,55,PRES_050a152c,Абхидхармакоша: проблема авторства,todo,,,,,
theme_uncertainty,140,analytics_output/theme_codes_uncertain_v2.csv,32,PRES_516e0951,Агамический текст как способ самоопределения ведической традиции (на примере «Шива сутры»),todo,,,,,
theme_uncertainty,140,analytics_output/theme_codes_uncertain_v2.csv,206,PRES_R_4664bbe1,Актуализация информативной основы средневекового текста Центральной Азии в современном мире (на примере «Тарих-и Рашиди» Мирзы Хайдара Дуглата»),todo,,,,,
theme_uncertainty,140,analytics_output/theme_codes_uncertain_v2.csv,320,PRES_R_098db71b,Аланкара как аспект стилистики текста,todo,,,,,
theme_uncertainty,140,analytics_output/theme_codes_uncertain_v2.csv,182,PRES_dda98592,Александр,todo,,,,,
theme_uncertainty,140,analytics_output/theme_codes_uncertain_v2.csv,245,PRES_R_3e62b10f,"Анкхья-нат: обряд и драма средневекового Ассама, и их возрождение сегодня",todo,,,,,
theme_uncertainty,140,analytics_output/theme_codes_uncertain_v2.csv,159,PRES_717fe6c2,Арьядэва и Чандракирти о концепции anātma,todo,,,,,
theme_uncertainty,140,analytics_output/theme_codes_uncertain_v2.csv,81,PRES_c102614a,Атман как синоним дравьи в «Вакьяпадии» (ВП 3.2.1),todo,,,,,
theme_uncertainty,140,analytics_output/theme_codes_uncertain_v2.csv,171,PRES_eda66332,Ауробиндо Гхош: между разумом и мистической интуицией,todo,,,,,
theme_uncertainty,140,analytics_output/theme_codes_uncertain_v2.csv,251,PRES_R_260d2ab0,Брахмадева и его комментарий к «Дравья-санграха-вритти» в контексте джайнской текстовой традиции,todo,,,,,
theme_uncertainty,140,analytics_output/theme_codes_uncertain_v2.csv,124,PRES_dc1f9dcf,Брахман,todo,,,,,
theme_uncertainty,140,analytics_output/theme_codes_uncertain_v2.csv,224,PRES_R_4d884ba5,Будда Вайрочана и космология «Аватамсака- сутры» в Японии,todo,,,,,
theme_uncertainty,140,analytics_output/theme_codes_uncertain_v2.csv,231,PRES_R_08cfe225,Бхаджаны-проповеди Миры Баи: к вопросу о стилистике жанра,todo,,,,,
theme_uncertainty,140,analytics_output/theme_codes_uncertain_v2.csv,282,PRES_R_46d7891e,Был ли Панчашихка Материалистом?,todo,,,,,
theme_uncertainty,140,analytics_output/theme_codes_uncertain_v2.csv,161,PRES_1c0ffd7d,В защиту Вишну Шипивишты: «Аз есьм Шипивишта!» (РВ 7.100.6),todo,,,,,
theme_uncertainty,140,analytics_output/theme_codes_uncertain_v2.csv,46,PRES_bec8d3e7,"Варна – это фонема, буква, звук или …?",todo,,,,,
theme_uncertainty,140,analytics_output/theme_codes_uncertain_v2.csv,77,PRES_085ca0aa,Ведды в современном укладе жизни Шри Ланки,todo,,,,,
theme_uncertainty,140,analytics_output/theme_codes_uncertain_v2.csv,109,PRES_5e82aabf,Великая галлюцинация сознания по «Вимшике» Васубандху,todo,,,,,
theme_uncertainty,140,analytics_output/theme_codes_uncertain_v2.csv,185,PRES_3900f186,Вера Александровна Новикова,todo,,,,,
theme_uncertainty,140,analytics_output/theme_codes_uncertain_v2.csv,259,PRES_R_70a0423a,Вербальный панегирик индийского монаршего портрета эпохи Моголов. 9.12.19,todo,,,,,
theme_uncertainty,140,analytics_output/theme_codes_uncertain_v2.csv,33,PRES_8b51545e,Версия мифа о Вритре в «Девибхагаватапуране»,todo,,,,,
theme_uncertainty,140,analytics_output/theme_codes_uncertain_v2.csv,147,PRES_feeaf642,Вивекананда,todo,,,,,
theme_uncertainty,140,analytics_output/theme_codes_uncertain_v2.csv,149,PRES_662ac3f0,Вклад,todo,,,,,
theme_uncertainty,140,analytics_output/theme_codes_uncertain_v2.csv,197,PRES_2f431266,Вклад Абхинавагупты в развитие,todo,,,,,
theme_uncertainty,140,analytics_output/theme_codes_uncertain_v2.csv,286,PRES_R_66770a63,Вклад Ю.Н. Рериха в формирование «транскультурного пространства» Калимпонга (1950-е гг. ХХ в.),todo,,,,,
theme_uncertainty,140,analytics_output/theme_codes_uncertain_v2.csv,236,PRES_R_ad4afdc3,Власть как дар Неба,todo,,,,,
theme_uncertainty,140,analytics_output/theme_codes_uncertain_v2.csv,255,PRES_R_d6623cf4,Вода и водоемы в трактатах по вастувидье в пуранах,todo,,,,,
theme_uncertainty,140,analytics_output/theme_codes_uncertain_v2.csv,162,PRES_90cce0be,Возвращаясь к третьей книге Махабхараты: новый взгляд,todo,,,,,
theme_uncertainty,140,analytics_output/theme_codes_uncertain_v2.csv,250,PRES_R_1fca299a,"Вопрос о соотношении субъекта-пудгалы, дискретности мышления-читты и устойчивости характеристик личности в тексте «Катхаваттху» (фрагмент 1.1.193-1.1.196)",todo,,,,,
theme_uncertainty,140,analytics_output/theme_codes_uncertain_v2.csv,225,PRES_R_f8e0adc6,Воспоминание как основание для тождества «Я» в «Ишварапратьябхиджня-вимаршини» Абхинавагупты,todo,,,,,
theme_uncertainty,140,analytics_output/theme_codes_uncertain_v2.csv,268,PRES_R_5d693fcb,Восхваление табака в поэме «Пухейилей видутуду» тамильского поэта Сини Саккарей Пулавара,todo,,,,,
theme_uncertainty,140,analytics_output/theme_codes_uncertain_v2.csv,163,PRES_c779a201,Восхождение Урмилы в поэме Майтхилишарана Гупты «Сакет»,todo,,,,,
theme_uncertainty,140,analytics_output/theme_codes_uncertain_v2.csv,48,PRES_a5524d97,Восьмиугольные понятийные схемы в индийской рациональности,todo,,,,,
theme_uncertainty,140,analytics_output/theme_codes_uncertain_v2.csv,229,PRES_R_787a8b1f,Всадник Шамбалы (танка из собрания Мемориального кабинета Ю.Н. Рериха ИВ РАН),todo,,,,,
theme_uncertainty,140,analytics_output/theme_codes_uncertain_v2.csv,326,PRES_R_d489418f,Выкуп невесты (śulka) в Древней Индии: шастрическая и эпическая традиции,todo,,,,,
theme_uncertainty,140,analytics_output/theme_codes_uncertain_v2.csv,7,PRES_e3d95058,Вытеснение согласного во избежание возникновения тяжелой группы трех шумных согласных в индоиранском,todo,,,,,
theme_uncertainty,140,analytics_output/theme_codes_uncertain_v2.csv,101,PRES_c8490c74,Г. Оберхаммер и проблема исследования когнитивного потенциала религиозного опыта,todo,,,,,
theme_uncertainty,140,analytics_output/theme_codes_uncertain_v2.csv,28,PRES_83b062c0,Герасим Лебедев и британская элита колониальной Калькутты,todo,,,,,
theme_uncertainty,140,analytics_output/theme_codes_uncertain_v2.csv,51,PRES_9f3a0ccb,Герасим Лебедев и британская элита колониальной Калькутты: момент разрыва,todo,,,,,
theme_uncertainty,140,analytics_output/theme_codes_uncertain_v2.csv,267,PRES_R_0264060a,Дайва-арадхана Тулунаду (Южная Индия): сценарий и воплощение,todo,,,,,
theme_uncertainty,140,analytics_output/theme_codes_uncertain_v2.csv,288,PRES_R_2c192cb9,Дарджилингский период в научной карьере Ю.Н. Рериха,todo,,,,,
theme_uncertainty,140,analytics_output/theme_codes_uncertain_v2.csv,74,PRES_9bf12d4b,Два новых сборника «индийских текстов» Далджита Награ,todo,,,,,
theme_uncertainty,140,analytics_output/theme_codes_uncertain_v2.csv,271,PRES_R_b78c7c80,Две тханки из собрания И.П. Минаева (МАЭ РАН) и традиция странствующих рассказчиков (лама манипа) в Гималайском регионе,todo,,,,,
theme_uncertainty,140,analytics_output/theme_codes_uncertain_v2.csv,157,PRES_b8dda570,Дворец небесный и дворец земной: две схожие главы  «Лалитавистары» и их функциональная роль в общей композиции текста,todo,,,,,
theme_uncertainty,140,analytics_output/theme_codes_uncertain_v2.csv,2,PRES_920f42a4,Деви-гита из Девибхагавата-пураны,todo,,,,,
theme_uncertainty,140,analytics_output/theme_codes_uncertain_v2.csv,209,PRES_R_033c7974,Дом-музей семьи Рерихов в Улан-Баторе,todo,,,,,
theme_uncertainty,140,analytics_output/theme_codes_uncertain_v2.csv,68,PRES_2eec136d,Духи умерших в представлениях и обрядовой жизни веддов Шри Ланки,todo,,,,,
theme_uncertainty,140,analytics_output/theme_codes_uncertain_v2.csv,232,PRES_R_41f7d2e7,Еретики локаятики и ортодокс Каутса,todo,,,,,
theme_uncertainty,140,analytics_output/theme_codes_uncertain_v2.csv,253,PRES_R_3ef3ec55,Еще раз к вопросу о сандаловой статуе Будды,todo,,,,,
theme_uncertainty,140,analytics_output/theme_codes_uncertain_v2.csv,164,PRES_8eafff30,Еще раз о структуре Чарьягити,todo,,,,,
theme_uncertainty,140,analytics_output/theme_codes_uncertain_v2.csv,44,PRES_de3ddb23,Жемчужный остров в «Девибхагавата-пуране»,todo,,,,,
theme_uncertainty,140,analytics_output/theme_codes_uncertain_v2.csv,173,PRES_3391ef7d,Женщины и сатьяграха: взгляд М. К. Ганди,todo,,,,,
theme_uncertainty,140,analytics_output/theme_codes_uncertain_v2.csv,148,PRES_7d97b8a8,Живое,todo,,,,,
theme_uncertainty,140,analytics_output/theme_codes_uncertain_v2.csv,283,PRES_R_647e6623,Жизнь и реалии Кумаона в народных песнях-ньоли,todo,,,,,
theme_uncertainty,140,analytics_output/theme_codes_uncertain_v2.csv,154,PRES_9700867d,Загадка,todo,,,,,
theme_uncertainty,140,analytics_output/theme_codes_uncertain_v2.csv,35,PRES_d5ced50a,Загадки поэмы Джаяси «Падмават»,todo,,,,,
theme_uncertainty,140,analytics_output/theme_codes_uncertain_v2.csv,179,PRES_dc7ea7ac,Заметки о роли индийской,todo,,,,,
theme_uncertainty,140,analytics_output/theme_codes_uncertain_v2.csv,202,PRES_b72b0b4c,Златоликие образы,todo,,,,,
theme_uncertainty,140,analytics_output/theme_codes_uncertain_v2.csv,65,PRES_2d9cf481,Значение творчества Тирумулара для формирования изобразительного канона Шивы Натараджи в Чидамбараме,todo,,,,,
theme_uncertainty,140,analytics_output/theme_codes_uncertain_v2.csv,56,PRES_e53cbcbb,И. П. Минаев как собиратель рукописей,todo,,,,,
theme_uncertainty,140,analytics_output/theme_codes_uncertain_v2.csv,218,PRES_R_0a468148,Изменение межкастовых взаимоотношений в домусульманском Кашмире,todo,,,,,
theme_uncertainty,140,analytics_output/theme_codes_uncertain_v2.csv,238,PRES_R_f2b83bd6,"Изображение Канакавасты, архата из Кашмира: часть полиптиха или отдельная танка? (Танка из собрания Кабинета Ю.Н. Рериха, ИВ РАН, Москва)",todo,,,,,
theme_uncertainty,140,analytics_output/theme_codes_uncertain_v2.csv,257,PRES_R_8afe1d47,Имперская идея или этнический стереотип? Концепт «монгол» в первой половине XIII в,todo,,,,,
theme_uncertainty,140,analytics_output/theme_codes_uncertain_v2.csv,227,PRES_R_b8a9af34,Индийские гана в зеркале китайских гуа,todo,,,,,
theme_uncertainty,140,analytics_output/theme_codes_uncertain_v2.csv,312,PRES_R_92049b03,Индийские классификации: принципы различения поэтических украшений (аланкар),todo,,,,,
theme_uncertainty,140,analytics_output/theme_codes_uncertain_v2.csv,247,PRES_R_dece64d7,Индийские нумерационные системы. По материалам трактата Махавирачарьи «Собрание основных положений науки о вычислениях» (сер. IX в.),todo,,,,,
theme_uncertainty,140,analytics_output/theme_codes_uncertain_v2.csv,329,PRES_R_69aea57c,Индийские шастры с точки зрения современной методологии познания,todo,,,,,
theme_uncertainty,140,analytics_output/theme_codes_uncertain_v2.csv,37,PRES_33345b20,Индия и индийцы в автобиографической книге  В. С. Найпола «The Writer's People»,todo,,,,,
theme_uncertainty,140,analytics_output/theme_codes_uncertain_v2.csv,103,PRES_0aa24cc5,Инклюзивизм как концептуальное средство для изучения индийской культуры,todo,,,,,
theme_uncertainty,140,analytics_output/theme_codes_uncertain_v2.csv,169,PRES_14f39c3d,Интерпретация теизма «Бхагавадгиты» Шанкарой и Абхинавагуптой (на материале их комментариев к «Бхагавадгите),todo,,,,,
theme_uncertainty,140,analytics_output/theme_codes_uncertain_v2.csv,23,PRES_0e595f77,Интерпретация учения об аватарах Вишну в «Девибхагавата-пуране»,todo,,,,,
theme_uncertainty,140,analytics_output/theme_codes_uncertain_v2.csv,315,PRES_R_36b9c648,Ирония в пьесе Ватсараджи «Киратарджуния» (XII в.),todo,,,,,
theme_uncertainty,140,analytics_output/theme_codes_uncertain_v2.csv,123,PRES_98f066ba,Искусство протеста. Политический театр в Индии: истоки и развитие,todo,,,,,
theme_uncertainty,140,analytics_output/theme_codes_uncertain_v2.csv,240,PRES_R_1ed161be,Использование вторичного текста (цитирование) как средство ведения дискуссии в «Вопросе о субъекте (пудгале)» в «Катхаваттху 1.1»,todo,,,,,
theme_uncertainty,140,analytics_output/theme_codes_uncertain_v2.csv,307,PRES_R_2db952a6,Исследования древнеиндийских текстов как ключевое направление в ранней японской буддологии,todo,,,,,
theme_uncertainty,140,analytics_output/theme_codes_uncertain_v2.csv,127,PRES_79535730,К,todo,,,,,
theme_uncertainty,140,analytics_output/theme_codes_uncertain_v2.csv,262,PRES_R_a50a96c3,К вопросу о дхарани и Дхаранипитаке,todo,,,,,
theme_uncertainty,140,analytics_output/theme_codes_uncertain_v2.csv,239,PRES_R_5354a4c9,К вопросу о могольском изобразительном «мультилингвизме» и культурной экстравертности,todo,,,,,
theme_uncertainty,140,analytics_output/theme_codes_uncertain_v2.csv,98,PRES_8ca48450,К вопросу об определении понятия apratiṣṭhita-nirvāṇa,todo,,,,,
theme_uncertainty,140,analytics_output/theme_codes_uncertain_v2.csv,15,PRES_1fcf5a72,К вопросу об эндогамии касты,todo,,,,,
theme_uncertainty,140,analytics_output/theme_codes_uncertain_v2.csv,242,PRES_R_f3edb2a0,К выходу Антологии индо-ирландских текстов,todo,,,,,
theme_uncertainty,140,analytics_output/theme_codes_uncertain_v2.csv,160,PRES_d96cabc7,К интерпретации Ригведы: śiśnadevāḥ,todo,,,,,
theme_uncertainty,140,analytics_output/theme_codes_uncertain_v2.csv,216,PRES_R_281489ef,К проблеме возрастных категорий у древних тюрков VI—X вв,todo,,,,,
theme_uncertainty,140,analytics_output/theme_codes_uncertain_v2.csv,6,PRES_f6b5ca3d,К проблеме древнеиндийской хронологии,todo,,,,,
theme_uncertainty,140,analytics_output/theme_codes_uncertain_v2.csv,270,PRES_R_a4e15fc1,Кангдзей: «Подношения гневным божеcтвам»,todo,,,,,
theme_uncertainty,140,analytics_output/theme_codes_uncertain_v2.csv,92,PRES_6524954c,Каталоги знаков хараппской письменности: материалы к сравнению,todo,,,,,
theme_uncertainty,140,analytics_output/theme_codes_uncertain_v2.csv,47,PRES_8b3b9e6f,Классификация наук в традиционной индийской культуре,todo,,,,,
theme_uncertainty,140,analytics_output/theme_codes_uncertain_v2.csv,170,PRES_aa2b07b2,Комментарии Б. Н. Пандита на «Шивасутры»: новый взгляд на коренной текст трики,todo,,,,,
theme_uncertainty,140,analytics_output/theme_codes_uncertain_v2.csv,131,PRES_f73d1d07,Комментарий,todo,,,,,
theme_uncertainty,140,analytics_output/theme_codes_uncertain_v2.csv,12,PRES_dcb1d6f5,Комментарий к комментарию (Г.С.Лебедев и культурная жизнь Калькутты в 1790-х годах),todo,,,,,
theme_uncertainty,140,analytics_output/theme_codes_uncertain_v2.csv,195,PRES_2a88565a,Коннотативные особенности,todo,,,,,
theme_uncertainty,140,analytics_output/theme_codes_uncertain_v2.csv,26,PRES_6306a86d,Концепт svadharma в кастовой идеологии,todo,,,,,
theme_uncertainty,140,analytics_output/theme_codes_uncertain_v2.csv,50,PRES_9c006d7d,Концепт «майя» у Шанкары и Абхинавагупты: сходство и различие,todo,,,,,
theme_uncertainty,140,analytics_output/theme_codes_uncertain_v2.csv,66,PRES_f9eac97d,Концепция «марьяда» в непальских надписях,todo,,,,,
theme_uncertainty,140,analytics_output/theme_codes_uncertain_v2.csv,59,PRES_a663501a,Концепция аватар Вишну в поэме Магхи «Шишупалавадха»,todo,,,,,
theme_uncertainty,140,analytics_output/theme_codes_uncertain_v2.csv,19,PRES_c48cf519,Концепция игры в индийской традиции (кридаяника в «Натьяшастре»),todo,,,,,
theme_uncertainty,140,analytics_output/theme_codes_uncertain_v2.csv,73,PRES_c09885b3,Концепция причинности в текстах «Абхидхамма-питаки»,todo,,,,,
theme_uncertainty,140,analytics_output/theme_codes_uncertain_v2.csv,4,PRES_091df98c,Концепция спхоты в «Спхотасиддхи» Манданамишры,todo,,,,,
theme_uncertainty,140,analytics_output/theme_codes_uncertain_v2.csv,119,PRES_e8e8d83d,Кофейная Одиссея Индии,todo,,,,,
theme_uncertainty,140,analytics_output/theme_codes_uncertain_v2.csv,142,PRES_b7a1356d,Кришнаитские,todo,,,,,
theme_uncertainty,140,analytics_output/theme_codes_uncertain_v2.csv,244,PRES_R_2212aa97,Культ Нарасинхи в трактатах по вастувидье в пуранах,todo,,,,,
theme_uncertainty,140,analytics_output/theme_codes_uncertain_v2.csv,235,PRES_R_36c0c404,Культ Нарасинхи в трактатах по вастувидье в пуранах,todo,,,,,
theme_uncertainty,140,analytics_output/theme_codes_uncertain_v2.csv,75,PRES_25094949,Культ Рудры-Кхандобы в исследованиях Г. Д. Зонтхаймера  и его индоевропейские параллели,todo,,,,,
theme_uncertainty,140,analytics_output/theme_codes_uncertain_v2.csv,302,PRES_R_0a95fbe7,Культ корзины в Древней Индии и смена религиозной парадигмы,todo,,,,,
theme_uncertainty,140,analytics_output/theme_codes_uncertain_v2.csv,106,PRES_ad4f1d84,М. К. Ганди — неортодоксальный „ортодокс“,todo,,,,,
theme_uncertainty,140,analytics_output/theme_codes_uncertain_v2.csv,61,PRES_b0ee93bb,"Мандала-классификация нечестных трансакций в ответ на упрек (Ангуттара-никая. Аттаканипата, Ассаколанкасутта)",todo,,,,,
theme_uncertainty,140,analytics_output/theme_codes_uncertain_v2.csv,53,PRES_5d99c188,"Материальные атрибуты (лук, стрелы, топорик) как этнические символы автохтонов Шри Ланки",todo,,,,,
theme_uncertainty,140,analytics_output/theme_codes_uncertain_v2.csv,22,PRES_37ea1d7c,Метафора в «Махабхарате»,todo,,,,,
theme_uncertainty,140,analytics_output/theme_codes_uncertain_v2.csv,78,PRES_448ae9b6,Меч-посох из собрания МАЭ,todo,,,,,
theme_uncertainty,140,analytics_output/theme_codes_uncertain_v2.csv,122,PRES_ba935f25,Миниатюры рагамала в отечественных собраниях,todo,,,,,
theme_uncertainty,140,analytics_output/theme_codes_uncertain_v2.csv,115,PRES_439721f1,Мифы об Индии: 2400 лет «фейковой индологии»,todo,,,,,
theme_uncertainty,140,analytics_output/theme_codes_uncertain_v2.csv,151,PRES_2f75b267,Многообразие,todo,,,,,
theme_uncertainty,140,analytics_output/theme_codes_uncertain_v2.csv,317,PRES_R_1bc106d7,Многообразие культурных традиций и влияний в средневековой Индии: от династий до социальных изменений,todo,,,,,
theme_uncertainty,140,analytics_output/theme_codes_uncertain_v2.csv,265,PRES_R_f5fb177e,Музыкальные колонны Южной Индии,todo,,,,,
theme_uncertainty,140,analytics_output/theme_codes_uncertain_v2.csv,217,PRES_R_a38a1f7b,Наги как персонажи непальских легенд,todo,,,,,
theme_uncertainty,140,analytics_output/theme_codes_uncertain_v2.csv,300,PRES_R_50f5cac0,Надписи на колонне Гелиодора,todo,,,,,
theme_uncertainty,140,analytics_output/theme_codes_uncertain_v2.csv,89,PRES_0ad73c95,"Народные песни о Хардоле, принце Орччхи",todo,,,,,
theme_uncertainty,140,analytics_output/theme_codes_uncertain_v2.csv,281,PRES_R_f94af2b9,Начало гирлянды. Первые известные серии миниатюр рагамала,todo,,,,,
theme_uncertainty,140,analytics_output/theme_codes_uncertain_v2.csv,223,PRES_R_230b135b,Неизвестный иллюстрированный манускрипт из Непала из собрания кабинета Ю.Н. Рериха Института востоковедения РАН,todo,,,,,
theme_uncertainty,140,analytics_output/theme_codes_uncertain_v2.csv,10,PRES_447ccd2a,Некоторые наблюдения над царской титулатурой индо-греков,todo,,,,,
theme_uncertainty,140,analytics_output/theme_codes_uncertain_v2.csv,289,PRES_R_a9379eb3,Некоторые особенности культа Белого старца в Сиккиме. (доклад онлайн),todo,,,,,
theme_uncertainty,140,analytics_output/theme_codes_uncertain_v2.csv,272,PRES_R_8dadf792,Некоторые особенности праздника семи неварских селений юго-западной части Долины Катманду,todo,,,,,
theme_uncertainty,140,analytics_output/theme_codes_uncertain_v2.csv,274,PRES_R_7954566e,Некоторые особенности текстов по вастувидье в пуранах и их интерпретация в современной массовой культуре,todo,,,,,
theme_uncertainty,140,analytics_output/theme_codes_uncertain_v2.csv,16,PRES_4c37397a,Некоторые проблемы становления вишишта-адвайты,todo,,,,,
theme_uncertainty,140,analytics_output/theme_codes_uncertain_v2.csv,269,PRES_R_104a0205,Некоторые тангка из собрания Ю.Н. Рериха. Новые исследования,todo,,,,,
theme_uncertainty,140,analytics_output/theme_codes_uncertain_v2.csv,296,PRES_R_06782b8a,Немногие сведения о Нилакантхадикшитеграмматисте,todo,,,,,
theme_uncertainty,140,analytics_output/theme_codes_uncertain_v2.csv,201,PRES_4e213573,Непальский вариант,todo,,,,,
theme_uncertainty,140,analytics_output/theme_codes_uncertain_v2.csv,304,PRES_R_58633b60,Несколько замечаний о Брахмане и сущем,todo,,,,,
theme_uncertainty,140,analytics_output/theme_codes_uncertain_v2.csv,293,PRES_R_c3e58a05,Несколько замечаний о введении и первой части «Тирумантирама»,todo,,,,,
theme_uncertainty,140,analytics_output/theme_codes_uncertain_v2.csv,254,PRES_R_31d340ea,Несколько слов о «я» и Адвайте в свете узнавания себя как предельного обладающего в толкованиях Абхинавагупты на «Ишварапратьябхиджня-карике» Утпаладевы,todo,,,,,
theme_uncertainty,140,analytics_output/theme_codes_uncertain_v2.csv,144,PRES_b6aa3bd9,Новый,todo,,,,,
theme_uncertainty,140,analytics_output/theme_codes_uncertain_v2.csv,166,PRES_8942483b,О «Yogavārttika» Виджнянабхикшу: Ansatz,todo,,,,,
theme_uncertainty,140,analytics_output/theme_codes_uncertain_v2.csv,118,PRES_a5e6f738,О «новых» теориях действия в грамматических трудах Нагеши Бхатты*,todo,,,,,
theme_uncertainty,140,analytics_output/theme_codes_uncertain_v2.csv,278,PRES_R_f0f8ff4c,О буддологии в тексте Abhisamayālaṅkāra (тиб. Mngon rtogs rgyan),todo,,,,,
theme_uncertainty,140,analytics_output/theme_codes_uncertain_v2.csv,5,PRES_08ae0d5f,О взаимоотношении религиозных конфессий в средневековом Тамилнаде,todo,,,,,
theme_uncertainty,140,analytics_output/theme_codes_uncertain_v2.csv,113,PRES_a85ede9e,О двух родственных джатакаставах в «Лалитавистаре» и «Раштрапалапариприччха-сутре»,todo,,,,,
theme_uncertainty,140,analytics_output/theme_codes_uncertain_v2.csv,211,PRES_R_f57c5e0e,О значении пал. sutta (p.p. от supati «спать») в медитации осознанности (сатипаттхана),todo,,,,,
theme_uncertainty,140,analytics_output/theme_codes_uncertain_v2.csv,280,PRES_R_c3a24216,О манерах театральной игры: категория вритти в «Натьяшастре»,todo,,,,,
theme_uncertainty,140,analytics_output/theme_codes_uncertain_v2.csv,314,PRES_R_538a59b0,О нарративной символике бронзовой фигурки танцующего Бала-Кришны,todo,,,,,
theme_uncertainty,140,analytics_output/theme_codes_uncertain_v2.csv,277,PRES_R_95da3b41,О некоторых основных понятиях пратьябхиджни,todo,,,,,
theme_uncertainty,140,analytics_output/theme_codes_uncertain_v2.csv,91,PRES_d0017fd9,О некоторых специфических жестах в бытовом этикете сингалов,todo,,,,,
theme_uncertainty,140,analytics_output/theme_codes_uncertain_v2.csv,29,PRES_d0193c36,О первых христианских миссионерах в Индии,todo,,,,,
theme_uncertainty,140,analytics_output/theme_codes_uncertain_v2.csv,306,PRES_R_f1cc8f8c,О понятии «вкус» (rasa) в древнеиндийской традиции,todo,,,,,
theme_uncertainty,140,analytics_output/theme_codes_uncertain_v2.csv,297,PRES_R_9508e42c,О предельном предмете в «Парамартхасаре» Абхинавагупты,todo,,,,,
theme_uncertainty,140,analytics_output/theme_codes_uncertain_v2.csv,230,PRES_R_de05c2d7,О происхождении некоторых ашрамных практик в произведениях Калидасы,todo,,,,,
theme_uncertainty,140,analytics_output/theme_codes_uncertain_v2.csv,261,PRES_R_4c7216ab,"О стихах, приписываемых Бхартрихари",todo,,,,,
theme_uncertainty,140,analytics_output/theme_codes_uncertain_v2.csv,207,PRES_R_3f53de32,О тамильском поэтическом жанре каламбахам,todo,,,,,
theme_uncertainty,140,analytics_output/theme_codes_uncertain_v2.csv,325,PRES_R_a1bd733f,О теории просодии в «Натьяшастре»,todo,,,,,
theme_uncertainty,140,analytics_output/theme_codes_uncertain_v2.csv,221,PRES_R_aedf0192,О термине татхагата в палийском каноне,todo,,,,,
theme_uncertainty,140,analytics_output/theme_codes_uncertain_v2.csv,105,PRES_6b2fd44c,"О толковании первой строфы «Аштанга-хридаи» средневековыми комментаторами (на примере Арунадатты, Хемадри и Инду)",todo,,,,,
theme_uncertainty,140,analytics_output/theme_codes_uncertain_v2.csv,213,PRES_R_33b1ea6d,О формульности индийских дарственных надписей,todo,,,,,
theme_uncertainty,140,analytics_output/theme_codes_uncertain_v2.csv,24,PRES_971bcae9,Об изучении четвертой главы «Абхисамая-аланкары»,todo,,,,,
theme_uncertainty,140,analytics_output/theme_codes_uncertain_v2.csv,226,PRES_R_f2250887,Об индийских названиях нуля,todo,,,,,
theme_uncertainty,140,analytics_output/theme_codes_uncertain_v2.csv,11,PRES_7c39bd4a,Об особенностях самосознания представителей «низких каст» в современных условиях,todo,,,,,
theme_uncertainty,140,analytics_output/theme_codes_uncertain_v2.csv,110,PRES_e3ebd54e,Об особенностях традиционной пищи веддов,todo,,,,,
theme_uncertainty,140,analytics_output/theme_codes_uncertain_v2.csv,219,PRES_R_42dda819,Обряд освящения статуи (адхивасана) и его роль в текстах по строительству (вастувидье) в пуранах,todo,,,,,
theme_uncertainty,140,analytics_output/theme_codes_uncertain_v2.csv,305,PRES_R_a43239ab,Обсценная брань и её следы в РВ 10.10: возможна ли реконструкция текста?,todo,,,,,
theme_uncertainty,140,analytics_output/theme_codes_uncertain_v2.csv,71,PRES_40018c94,Обучение Бодхисаттвы в «Лалитавистаре»,todo,,,,,
theme_uncertainty,140,analytics_output/theme_codes_uncertain_v2.csv,67,PRES_98e6dcdc,Община парсов в мультикультурном Бомбее (по произведениям Рохинтона Мистри),todo,,,,,
theme_uncertainty,140,analytics_output/theme_codes_uncertain_v2.csv,203,PRES_bd92a1ee,"Огонь, вода и память:",todo,,,,,
theme_uncertainty,140,analytics_output/theme_codes_uncertain_v2.csv,69,PRES_170689d0,"Одержимость, служение и лицедейство. Традиции Bhoota-kolam и Theyyam Тулунаду",todo,,,,,
theme_uncertainty,140,analytics_output/theme_codes_uncertain_v2.csv,204,PRES_d76d053c,Окна в иной мир: изобразительные,todo,,,,,
theme_uncertainty,140,analytics_output/theme_codes_uncertain_v2.csv,323,PRES_R_7197067c,Описание Центральной Азии в «Хождении в пять индийских царств»,todo,,,,,
theme_uncertainty,140,analytics_output/theme_codes_uncertain_v2.csv,20,PRES_141ded21,Ордалия раскаленной монетой (taptamàşa): текст и реальность,todo,,,,,
theme_uncertainty,140,analytics_output/theme_codes_uncertain_v2.csv,39,PRES_e957db9d,Осел/бык в индоиранской картине мира,todo,,,,,
theme_uncertainty,140,analytics_output/theme_codes_uncertain_v2.csv,199,PRES_c7b7eb25,Особая священная,todo,,,,,
theme_uncertainty,140,analytics_output/theme_codes_uncertain_v2.csv,42,PRES_f94ec3ef,Особенности календарной обрядности у раджпутов,todo,,,,,
theme_uncertainty,140,analytics_output/theme_codes_uncertain_v2.csv,172,PRES_4f722e8b,Особенности толкования Нового Завета в учении Свами Вивекананды,todo,,,,,
theme_uncertainty,140,analytics_output/theme_codes_uncertain_v2.csv,279,PRES_R_5dec0388,Особенности топонимов Западного края Китая（西域): лингвокультурный аспект,todo,,,,,
theme_uncertainty,140,analytics_output/theme_codes_uncertain_v2.csv,233,PRES_R_26017aac,Особенности художественной структуры тамильской антологии «Калиттохей» (на примере песни 92),todo,,,,,
theme_uncertainty,140,analytics_output/theme_codes_uncertain_v2.csv,175,PRES_2eaa507e,От демоницы к мстительнице: Переосмысление образа ведьмы в современном индийском кинематографе,todo,,,,,
theme_uncertainty,140,analytics_output/theme_codes_uncertain_v2.csv,14,PRES_9c12145b,От смерти к новому рождению. Учение о промежуточном существовании в «Абхидхармакоше» Васубандху,todo,,,,,
theme_uncertainty,140,analytics_output/theme_codes_uncertain_v2.csv,146,PRES_8892d994,Отличительные,todo,,,,,
theme_uncertainty,140,analytics_output/theme_codes_uncertain_v2.csv,287,PRES_R_96fde301,Памятные даты – стимул к новым поискам: 150 лет со дня рождения Павла Риттера и 120 лет со дня рождения Юрия Рериха. (доклад онлайн),todo,,,,,
theme_uncertainty,140,analytics_output/theme_codes_uncertain_v2.csv,243,PRES_R_d7c71dfc,Первые известные изображения раг. Тексты и контекст,todo,,,,,
theme_uncertainty,140,analytics_output/theme_codes_uncertain_v2.csv,193,PRES_87290fb6,Перевод в практике,todo,,,,,
theme_uncertainty,140,analytics_output/theme_codes_uncertain_v2.csv,181,PRES_7e61bb52,По следам Петербуржца в,todo,,,,,
theme_uncertainty,140,analytics_output/theme_codes_uncertain_v2.csv,120,PRES_e6735674,Полемика с мимансаками об атмане в «Таттвасанграхе» Шантаракшиты*,todo,,,,,
theme_uncertainty,140,analytics_output/theme_codes_uncertain_v2.csv,83,PRES_cc065edb,Понимание искусства в учении Ошо,todo,,,,,
theme_uncertainty,140,analytics_output/theme_codes_uncertain_v2.csv,102,PRES_3768531f,Понятие религиозного инклюзивизма,todo,,,,,
theme_uncertainty,140,analytics_output/theme_codes_uncertain_v2.csv,194,PRES_b6b2ffde,Пословицы и поговорки,todo,,,,,
theme_uncertainty,140,analytics_output/theme_codes_uncertain_v2.csv,311,PRES_R_b42c5951,Посох Чанакьи,todo,,,,,
theme_uncertainty,140,analytics_output/theme_codes_uncertain_v2.csv,158,PRES_60e53486,Почему Брахман наделен природой звука (шабда-таттва)?,todo,,,,,
theme_uncertainty,140,analytics_output/theme_codes_uncertain_v2.csv,90,PRES_a3c157be,Почитание Индры в Непале: живая архаика,todo,,,,,
theme_uncertainty,140,analytics_output/theme_codes_uncertain_v2.csv,276,PRES_R_c725e624,Поэтический цикл Кабилара о князе Пари,todo,,,,,
theme_uncertainty,140,analytics_output/theme_codes_uncertain_v2.csv,31,PRES_e8eb2449,Практики движения праны в текстах кашмирских авторов,todo,,,,,
theme_uncertainty,140,analytics_output/theme_codes_uncertain_v2.csv,178,PRES_3b15c2e2,Предание в тексте и,todo,,,,,
theme_uncertainty,140,analytics_output/theme_codes_uncertain_v2.csv,284,PRES_R_5925dee4,Предварительные замечания к проблеме речевого сбоя в древнеиндийской теории драмы,todo,,,,,
theme_uncertainty,140,analytics_output/theme_codes_uncertain_v2.csv,49,PRES_eca42271,Представление о Брахмане в ранней вишишта-адвайте,todo,,,,,
theme_uncertainty,140,analytics_output/theme_codes_uncertain_v2.csv,301,PRES_R_fca552b0,Представление о годе в концепции времени пуран,todo,,,,,
theme_uncertainty,140,analytics_output/theme_codes_uncertain_v2.csv,9,PRES_e5db3c22,Представления об обществе и власти в «Бхагавата-пуране»,todo,,,,,
theme_uncertainty,140,analytics_output/theme_codes_uncertain_v2.csv,324,PRES_R_951ca52b,Представления пуран о священном тексте как культовом предмете,todo,,,,,
theme_uncertainty,140,analytics_output/theme_codes_uncertain_v2.csv,116,PRES_33f05609,Приемы композиции групп текстов в палийской «Типитаке»,todo,,,,,
theme_uncertainty,140,analytics_output/theme_codes_uncertain_v2.csv,316,PRES_R_21c03257,Принципы построения верениц древнеиндийских имён в «Вишнусахасранаме» («Махабхарата» XII.135),todo,,,,,
theme_uncertainty,140,analytics_output/theme_codes_uncertain_v2.csv,137,PRES_f7ea7209,Проблема,todo,,,,,
theme_uncertainty,140,analytics_output/theme_codes_uncertain_v2.csv,165,PRES_221ed8e1,Проблема индианизации колониальной армии на страницах индийской прессы в 1910-х — 1940-х годах,todo,,,,,
theme_uncertainty,140,analytics_output/theme_codes_uncertain_v2.csv,275,PRES_R_f7cab388,Проблемы атомизма по «Вимшике» Васубандху и «Аламбана-парикше» Дигнаги,todo,,,,,
theme_uncertainty,140,analytics_output/theme_codes_uncertain_v2.csv,222,PRES_R_9520e28c,Проблемы интерпретации концепции восьми опровержений в «Катхаватху»,todo,,,,,
theme_uncertainty,140,analytics_output/theme_codes_uncertain_v2.csv,241,PRES_R_0b90c075,Проблемы методологии при интертекстуальном анализе палийских и санскритских текстов,todo,,,,,
theme_uncertainty,140,analytics_output/theme_codes_uncertain_v2.csv,167,PRES_4cb7eac6,Проблемы реконструкции системы йоги Патанджали на основе переводов «корневого» текста «Йога-сутр» и толкования Бходжи («Rājamārtaṇḍa»),todo,,,,,
theme_uncertainty,140,analytics_output/theme_codes_uncertain_v2.csv,3,PRES_d22a4e6a,Психология акта самопожертвования в изображении драматургов 7-го века,todo,,,,,
theme_uncertainty,140,analytics_output/theme_codes_uncertain_v2.csv,64,PRES_473bfef5,Религия как инструмент внутренней политики Индии,todo,,,,,
theme_uncertainty,140,analytics_output/theme_codes_uncertain_v2.csv,80,PRES_3fc610f3,Реминисценции мифа Вала в припамирском регионе,todo,,,,,
theme_uncertainty,140,analytics_output/theme_codes_uncertain_v2.csv,330,PRES_R_aef57a45,Рецепция Маджджхима-никаи в рукописях Э. Гуссерля,todo,,,,,
theme_uncertainty,140,analytics_output/theme_codes_uncertain_v2.csv,82,PRES_450bc766,Роль Умапати Шивачарьи в формировании окончательной редакции канона шайва-сиддханты,todo,,,,,
theme_uncertainty,140,analytics_output/theme_codes_uncertain_v2.csv,212,PRES_R_70421801,Сакральная «геология» в системе знаний вастувидьи (науки о строительстве и зодчестве) в пуранах,todo,,,,,
theme_uncertainty,140,analytics_output/theme_codes_uncertain_v2.csv,220,PRES_R_fbe21911,Сакральная география Бодхгаи и текстовая традиция,todo,,,,,
theme_uncertainty,140,analytics_output/theme_codes_uncertain_v2.csv,208,PRES_R_be19882f,Сакральная защита пространства долины Катманду,todo,,,,,
theme_uncertainty,140,analytics_output/theme_codes_uncertain_v2.csv,174,PRES_ff980a79,Самбхары в обряде установления жертвенных огней (agnyādheya),todo,,,,,
theme_uncertainty,140,analytics_output/theme_codes_uncertain_v2.csv,234,PRES_R_a9f1fb66,Санскара «посвящение в ученики» (упанаяна): её место и значение в ряду других  санскар и в древней разработке стратификации индийского общества,todo,,,,,
theme_uncertainty,140,analytics_output/theme_codes_uncertain_v2.csv,30,PRES_d533f5af,Саттрия: рождение нового индийского классического танца в Ассаме,todo,,,,,
theme_uncertainty,140,analytics_output/theme_codes_uncertain_v2.csv,295,PRES_R_cb3ac8dc,Связка текст-смысл-мышление в «Артхашастре» Каутильи: уникальность и стандартность,todo,,,,,
theme_uncertainty,140,analytics_output/theme_codes_uncertain_v2.csv,292,PRES_R_276c6c23,Священные зороастрийские тексты и переписка парсийских жрецов с зороастрийскими жрецами Ирана,todo,,,,,
theme_uncertainty,140,analytics_output/theme_codes_uncertain_v2.csv,183,PRES_48f800cc,Седукова Надежда Александровна,todo,,,,,
theme_uncertainty,140,analytics_output/theme_codes_uncertain_v2.csv,246,PRES_R_2944c6fc,Семантика изображений птицы на каменных изваяниях степей Евразии,todo,,,,,
theme_uncertainty,140,analytics_output/theme_codes_uncertain_v2.csv,263,PRES_R_cea56adf,"Семь сокровищ чакравартина и их пространственная локализация (палийский канон, «Артхашастра»)",todo,,,,,
theme_uncertainty,140,analytics_output/theme_codes_uncertain_v2.csv,94,PRES_279c016e,"Серайкела, Майюрбхандж, Пурулиа: феномен чхау на плато Чхота Нагпур (Восточная Индия)",todo,,,,,
theme_uncertainty,140,analytics_output/theme_codes_uncertain_v2.csv,38,PRES_105d5dbe,Символические фигуры «Ригведы» (на примере  гимна «К Речи»),todo,,,,,
theme_uncertainty,140,analytics_output/theme_codes_uncertain_v2.csv,187,PRES_df89674a,Синтез сложных слов tatpuruṣa и,todo,,,,,
theme_uncertainty,140,analytics_output/theme_codes_uncertain_v2.csv,308,PRES_R_1d6efc68,Словослияние в куллуи как способ словообразования,todo,,,,,
theme_uncertainty,140,analytics_output/theme_codes_uncertain_v2.csv,214,PRES_R_a021492d,Смех в традиции древнеиндийского театра (по материалам Натьяшастры),todo,,,,,
theme_uncertainty,140,analytics_output/theme_codes_uncertain_v2.csv,155,PRES_d47d92d8,Смысл,todo,,,,,
theme_uncertainty,140,analytics_output/theme_codes_uncertain_v2.csv,85,PRES_bf466f0e,Современные баулы: мистики или артисты,todo,,,,,
theme_uncertainty,140,analytics_output/theme_codes_uncertain_v2.csv,52,PRES_b87959e9,Современные баулы: от деревни до концертного зала,todo,,,,,
theme_uncertainty,140,analytics_output/theme_codes_uncertain_v2.csv,190,PRES_1688f747,Сон Урмилы в современной индийской,todo,,,,,
theme_uncertainty,140,analytics_output/theme_codes_uncertain_v2.csv,298,PRES_R_5c8f1fff,Сообщение о смерти Чингис-хана в русских летописях,todo,,,,,
theme_uncertainty,140,analytics_output/theme_codes_uncertain_v2.csv,303,PRES_R_4fff3b4e,Социоскрипторная ситуация в Древней Индии,todo,,,,,
theme_uncertainty,140,analytics_output/theme_codes_uncertain_v2.csv,62,PRES_8f6ad883,"Спхота, джати, пашьянти и пратибха в «Вакьяпадии» — к проблеме разграничения терминов",todo,,,,,
theme_uncertainty,140,analytics_output/theme_codes_uncertain_v2.csv,188,PRES_bbcd752b,Средневековая,todo,,,,,
theme_uncertainty,140,analytics_output/theme_codes_uncertain_v2.csv,260,PRES_R_903b8beb,Старый парк Пушпакарандаки (одна из загадок «Глиняной повозки»),todo,,,,,
theme_uncertainty,140,analytics_output/theme_codes_uncertain_v2.csv,43,PRES_e650e050,Страсти и бесстрастие Бхартирихари,todo,,,,,
theme_uncertainty,140,analytics_output/theme_codes_uncertain_v2.csv,86,PRES_947e4189,Структура «Чарья-гити»,todo,,,,,
theme_uncertainty,140,analytics_output/theme_codes_uncertain_v2.csv,198,PRES_8b4d1a1f,Структура ниданы,todo,,,,,
theme_uncertainty,140,analytics_output/theme_codes_uncertain_v2.csv,99,PRES_164d6136,Так называемый парадокс беллетристики и подсказки от компаративной онтологии,todo,,,,,
theme_uncertainty,140,analytics_output/theme_codes_uncertain_v2.csv,76,PRES_4d65b062,Тамильская пьеса о Карне,todo,,,,,
theme_uncertainty,140,analytics_output/theme_codes_uncertain_v2.csv,60,PRES_8de60bcb,Тангутские ксилографы письмом ‘сиддхам’ из собрания ИВР РАН,todo,,,,,
theme_uncertainty,140,analytics_output/theme_codes_uncertain_v2.csv,215,PRES_R_0828c5b4,Танцовщица и покровитель: начни и расик восточных областей Индии. Контексты взаимоотношений,todo,,,,,
theme_uncertainty,140,analytics_output/theme_codes_uncertain_v2.csv,111,PRES_ffc2a550,Танцы с сосудами и вокруг. Гарба Гуджарата и сходные обряды и представления Южной Азии,todo,,,,,
theme_uncertainty,140,analytics_output/theme_codes_uncertain_v2.csv,34,PRES_1630a310,Текст по культу Ваджрапани и восьми царей нагов в свитке XIII века Дх-178 из собрания ИВР РАН,todo,,,,,
theme_uncertainty,140,analytics_output/theme_codes_uncertain_v2.csv,309,PRES_R_9ec71611,Тексты праджняпарамиты в ойратской религиозной культуре и законоположениях,todo,,,,,
theme_uncertainty,140,analytics_output/theme_codes_uncertain_v2.csv,96,PRES_11671acc,Терминология родства,todo,,,,,
theme_uncertainty,140,analytics_output/theme_codes_uncertain_v2.csv,8,PRES_3229f04e,Технические приспособления для рубрикации корней в,todo,,,,,
theme_uncertainty,140,analytics_output/theme_codes_uncertain_v2.csv,313,PRES_R_8dfe5b5a,"Традиционные индийские классификации: образцовые, удобные, проблематичные",todo,,,,,
theme_uncertainty,140,analytics_output/theme_codes_uncertain_v2.csv,248,PRES_R_36fd0323,Традиция «Лалитавистары» и ее истоки. Новые наблюдения,todo,,,,,
theme_uncertainty,140,analytics_output/theme_codes_uncertain_v2.csv,112,PRES_492864f5,Традиция «Лалитавистары»: возможные истоки,todo,,,,,
theme_uncertainty,140,analytics_output/theme_codes_uncertain_v2.csv,87,PRES_26c65f54,Трансформации культурной идентичности парсов Бомбея,todo,,,,,
theme_uncertainty,140,analytics_output/theme_codes_uncertain_v2.csv,327,PRES_R_af3c3ec4,Треугольник Паскаля или Пингалы?,todo,,,,,
theme_uncertainty,140,analytics_output/theme_codes_uncertain_v2.csv,294,PRES_R_5e6c5372,Тригата в «Натьяшастре»: религиозное и символическое значение,todo,,,,,
theme_uncertainty,140,analytics_output/theme_codes_uncertain_v2.csv,107,PRES_2b10e8ab,Тханки в собрании И. П. Минаева (МАЭ РАН),todo,,,,,
theme_uncertainty,140,analytics_output/theme_codes_uncertain_v2.csv,228,PRES_R_67b34c38,Тюркский каган и сасанидский шаханшах: к вопросу об идеологических заимствованиях древних тюрков у иранцев,todo,,,,,
theme_uncertainty,140,analytics_output/theme_codes_uncertain_v2.csv,210,PRES_R_9af34334,У истоков Праджняпарамиты (стихотворное ядро традиции),todo,,,,,
theme_uncertainty,140,analytics_output/theme_codes_uncertain_v2.csv,318,PRES_R_dbd4c427,Угроза монгольских вторжений в Японию глазами Нитирэна,todo,,,,,
theme_uncertainty,140,analytics_output/theme_codes_uncertain_v2.csv,121,PRES_0a2f3edc,Удвоение знаков в протоиндийской письменности,todo,,,,,
theme_uncertainty,140,analytics_output/theme_codes_uncertain_v2.csv,310,PRES_R_f661cb1b,Улан-Баторский период в научной карьере Ю.Н. Рериха. 1926-1927 годы,todo,,,,,
theme_uncertainty,140,analytics_output/theme_codes_uncertain_v2.csv,196,PRES_3362a1e2,Уроки Герхарда Оберхаммера. По,todo,,,,,
theme_uncertainty,140,analytics_output/theme_codes_uncertain_v2.csv,291,PRES_R_2328f6a1,Учение о цвете Ксенократа Сикионского и теория цвето-культурной компетенции чхави Древней Индии,todo,,,,,
theme_uncertainty,140,analytics_output/theme_codes_uncertain_v2.csv,130,PRES_d0969155,Формирование,todo,,,,,
theme_uncertainty,140,analytics_output/theme_codes_uncertain_v2.csv,266,PRES_R_f0e0c0c2,Фронтальное и трёхчетвертное изображение лица в западно-индийской миниатюре XII–XV вв,todo,,,,,
theme_uncertainty,140,analytics_output/theme_codes_uncertain_v2.csv,88,PRES_586c5884,Функции вождя в традиционном обществе веддов в прошлом и настоящем,todo,,,,,
theme_uncertainty,140,analytics_output/theme_codes_uncertain_v2.csv,18,PRES_630be828,Царица в дворцовом парке,todo,,,,,
theme_uncertainty,140,analytics_output/theme_codes_uncertain_v2.csv,189,PRES_3aa66607,Чему и как учит,todo,,,,,
theme_uncertainty,140,analytics_output/theme_codes_uncertain_v2.csv,256,PRES_R_66c22c2b,Чидамбарам и его дикшитары в зеркале «Панниру тирумурей»,todo,,,,,
theme_uncertainty,140,analytics_output/theme_codes_uncertain_v2.csv,273,PRES_R_459031cd,Что отличает индийскую эпистемическую культуру от западной?,todo,,,,,
theme_uncertainty,140,analytics_output/theme_codes_uncertain_v2.csv,237,PRES_R_3a00610d,Чувство времени (венок сонетов),todo,,,,,
theme_uncertainty,140,analytics_output/theme_codes_uncertain_v2.csv,40,PRES_f257552d,Чудесный сосуд Манимехалей: попытка интерпретации,todo,,,,,
theme_uncertainty,140,analytics_output/theme_codes_uncertain_v2.csv,176,PRES_2aa11346,Экспедиция Психо-Неврологического института в Индию в 1913,todo,,,,,
theme_uncertainty,140,analytics_output/theme_codes_uncertain_v2.csv,93,PRES_6c855fa3,Элементы шаманских практик в воинских традициях Индии,todo,,,,,
theme_uncertainty,140,analytics_output/theme_codes_uncertain_v2.csv,25,PRES_532e4753,Энергийный прагматизм в тамильской культуре,todo,,,,,
theme_uncertainty,140,analytics_output/theme_codes_uncertain_v2.csv,45,PRES_454deb18,Эпитеты Будды в тексте «Аджатасена-вьякараны»,todo,,,,,
theme_uncertainty,140,analytics_output/theme_codes_uncertain_v2.csv,95,PRES_95263100,Эстетика комического,todo,,,,,
theme_uncertainty,140,analytics_output/theme_codes_uncertain_v2.csv,150,PRES_326880c9,Этапы,todo,,,,,
theme_uncertainty,140,analytics_output/theme_codes_uncertain_v2.csv,322,PRES_R_6f04966b,Этапы сложения имперской идеологии у средневековых монголов,todo,,,,,
theme_uncertainty,140,analytics_output/theme_codes_uncertain_v2.csv,84,PRES_132d6acd,Этико-интуитивистский подход М.К. Ганди к пониманию традиционных текстов,todo,,,,,
theme_uncertainty,140,analytics_output/theme_codes_uncertain_v2.csv,319,PRES_R_e8cc370f,Ю.Н. Рерих о происхождении монгольской письменности,todo,,,,,
theme_uncertainty,140,analytics_output/theme_codes_uncertain_v2.csv,328,PRES_R_47c32666,Яджня Ригведы и «другая яджня» палийского канона,todo,,,,,
wikipedia_identity,815,analytics_output/wikipedia_authority_candidates.csv,7,PERS_11da326d,Тавастшерна Сергей Сергеевич,todo,page_title_full_name; candidate,https://ru.wikipedia.org/wiki/%D0%A2%D0%B0%D0%B2%D0%B0%D1%81%D1%82%D1%88%D0%B5%D1%80%D0%BD%D0%B0%2C_%D0%A1%D0%B5%D1%80%D0%B3%D0%B5%D0%B9_%D0%A1%D0%B5%D1%80%D0%B3%D0%B5%D0%B5%D0%B2%D0%B8%D1%87,,,"Серге́й Серге́евич Тавастше́рна (р. 10 мая 1965, Ленинград) — российский индолог-санскритолог, специалист в области древнеиндийской лингвистической традиции;; 95"
wikipedia_identity,830,analytics_output/wikipedia_authority_candidates.csv,46,PERS_11da326d,Тавастшерна Сергей Сергеевич,todo,page_title_surname; candidate,https://ru.wikipedia.org/wiki/%D0%A2%D0%B0%D0%B2%D0%B0%D1%81%D1%82%D1%88%D0%B5%D1%80%D0%BD%D0%B0,,,"Тавастшерна , Карл Август (1860—1898) — финский поэт. Тавастшерна , Кирилл Николаевич (1921—1982) — советский астроном. Тавастшерна , Сергей Сергеевич (р; 80"
wikipedia_identity,830,analytics_output/wikipedia_authority_candidates.csv,47,PERS_11da326d,Тавастшерна Сергей Сергеевич,todo,page_title_surname; candidate,https://ru.wikipedia.org/wiki/%D0%A2%D0%B0%D0%B2%D0%B0%D1%81%D1%82%D1%88%D0%B5%D1%80%D0%BD%D0%B0_%28%D0%B7%D0%BD%D0%B0%D1%87%D0%B5%D0%BD%D0%B8%D1%8F%29,,,"Тавастшерна , Карл Август (1860—1898) — финский поэт. Тавастшерна , Кирилл Николаевич (1921—1982) — советский астроном. Тавастшерна , Сергей Сергеевич (р; 80"
wikipedia_identity,850,analytics_output/wikipedia_authority_candidates.csv,48,PERS_f074f69f,Александрова Наталия Владимировна,todo,page_title_surname; candidate,https://ru.wikipedia.org/wiki/%D0%90%D0%BB%D0%B5%D0%BA%D1%81%D0%B0%D0%BD%D0%B4%D1%80%D0%BE%D0%B2%D0%B0,,,"Алекса́ндрова — женская форма фамилии Александров . Александрова , Александра Ивановна (1848—1921) — русская революционерка, народница. Александрова , Алла; 80"
wikipedia_identity,850,analytics_output/wikipedia_authority_candidates.csv,155,PERS_40862f5e,Корнеева Наталья Афанасьевна,todo,mention_or_search_snippet; candidate,https://ru.wikipedia.org/wiki/%D0%A1%D0%BF%D0%B8%D1%81%D0%BE%D0%BA_%D0%B4%D0%B5%D0%BB%D0%B5%D0%B3%D0%B0%D1%82%D0%BE%D0%B2_XXII_%D1%81%D1%8A%D0%B5%D0%B7%D0%B4%D0%B0_%D0%9A%D0%9F%D0%A1%D0%A1,,,"Иван Егорович Кормич, Алексей Михайлович Корнеев , Василий Никифорович Корнеев , Виталий Ефимович Корнеева , Зоя Николаевна Корнейчук, Александр Евдокимович; 60"
wikipedia_identity,850,analytics_output/wikipedia_authority_candidates.csv,156,PERS_40862f5e,Корнеева Наталья Афанасьевна,todo,mention_or_search_snippet; candidate,https://ru.wikipedia.org/wiki/%D0%A8%D1%80%D0%B0%D1%83%D1%82%D0%B0,,,"Shukla Yajurveda — RL Kashyap; SAKSI, Bangalore, Karnataka Корнеева , Наталья Афанасьевна , Шраута-ритуалы — текстовая традиция и реальность // iocs.hse; 60"
wikipedia_identity,855,analytics_output/wikipedia_authority_candidates.csv,8,PERS_12125da9,Лысенко Виктория Георгиевна,todo,page_title_full_name; candidate,https://ru.wikipedia.org/wiki/%D0%9B%D1%8B%D1%81%D0%B5%D0%BD%D0%BA%D0%BE%2C_%D0%92%D0%B8%D0%BA%D1%82%D0%BE%D1%80%D0%B8%D1%8F_%D0%93%D0%B5%D0%BE%D1%80%D0%B3%D0%B8%D0%B5%D0%B2%D0%BD%D0%B0,,,"Викто́рия Гео́ргиевна Лысе́нко (род. 22 марта 1953, Пржевальск) — советский и российский философ, индолог и буддолог, специалист по индийской и ранней; 95"
wikipedia_identity,870,analytics_output/wikipedia_authority_candidates.csv,49,PERS_12125da9,Лысенко Виктория Георгиевна,todo,page_title_surname; candidate,https://ru.wikipedia.org/wiki/%D0%9B%D1%8B%D1%81%D0%B5%D0%BD%D0%BA%D0%BE,,,"Герой Социалистического Труда. Лысенко , Виктор Андреевич (1947—2003) — советский футболист. Лысенко , Виктория Георгиевна (род. 1953) — российский индолог; 80"
wikipedia_identity,870,analytics_output/wikipedia_authority_candidates.csv,50,PERS_12125da9,Лысенко Виктория Георгиевна,todo,page_title_surname; candidate,https://ru.wikipedia.org/wiki/%D0%9B%D1%8B%D1%81%D0%B5%D0%BD%D0%BA%D0%BE%2C_%D0%9E%D0%BB%D1%8C%D0%B3%D0%B0_%D0%93%D0%B5%D0%BE%D1%80%D0%B3%D0%B8%D0%B5%D0%B2%D0%BD%D0%B0,,,Москвы . Лысенко Ольга Георгиевна (рус.). Где дремлют мёртвые (27 октября 2025). Дата обращения: 27 октября 2025. Ольга Георгиевна Лысенко // Кино. Энциклопедический; 80
wikipedia_identity,870,analytics_output/wikipedia_authority_candidates.csv,157,PERS_c52dfaa0,Цветкова Светлана Олеговна,todo,mention_or_search_snippet; candidate,https://ru.wikipedia.org/wiki/%D0%91%D0%BE%D0%BD%D0%B4%D0%B0%D1%80%D1%87%D1%83%D0%BA%2C_%D0%A4%D1%91%D0%B4%D0%BE%D1%80_%D0%A1%D0%B5%D1%80%D0%B3%D0%B5%D0%B5%D0%B2%D0%B8%D1%87,,,"него Рудовского гендиректору «Первого канала», Бондарчуку и структурами Цветкова будет принадлежать 49 % ООО, а остальное получит «ВТБ». В дальнейшем подтверждения; 60"
wikipedia_identity,880,analytics_output/wikipedia_authority_candidates.csv,399,PERS_40862f5e,Корнеева Наталья Афанасьевна,todo,weak_search_hit; weak_candidate,https://ru.wikipedia.org/wiki/%D0%94%D0%BE%D0%BB%D1%8F%2C_%D0%9D%D0%B0%D1%82%D0%B0%D0%BB%D1%8C%D1%8F_%D0%9A%D0%BE%D0%BD%D1%81%D1%82%D0%B0%D0%BD%D1%82%D0%B8%D0%BD%D0%BE%D0%B2%D0%BD%D0%B0,,,"Наталя Константиновна Доля (укр. Наталья Костянтинівна Доля, род. 26 июля 1974 года) — украинская актриса театра и кино, народная артистка Украины (2011); 30"
wikipedia_identity,880,analytics_output/wikipedia_authority_candidates.csv,158,PERS_d98da899,Рыжакова Светлана Игоревна,todo,mention_or_search_snippet; candidate,https://ru.wikipedia.org/wiki/%D0%9B%D0%B0%D1%87%D0%BF%D0%BB%D0%B5%D1%81%D0%B8%D1%81,,,"обращения: 17 декабря 2022. Архивировано 17 декабря 2022 года. Рыжакова , Светлана Игоревна . Латышская художественная образность: мотивы и сюжеты // Cultura; 60"
wikipedia_identity,880,analytics_output/wikipedia_authority_candidates.csv,159,PERS_d98da899,Рыжакова Светлана Игоревна,todo,mention_or_search_snippet; candidate,https://ru.wikipedia.org/wiki/%D0%9F%D0%BE%D0%BA%D0%B0%D0%B9%D0%BD%D1%81%D0%BA%D0%B8%D0%B9_%D0%BB%D0%B5%D1%81,,,"Anthropological Journal of European Cultures[англ.] 19.2 (2010): 74-92. Рыжакова , Светлана Игоревна . «Священные леса»: создание или преобразование традиции? (латышский; 60"
wikipedia_identity,880,analytics_output/wikipedia_authority_candidates.csv,160,PERS_d98da899,Рыжакова Светлана Игоревна,todo,mention_or_search_snippet; candidate,https://ru.wikipedia.org/wiki/%D0%A1%D1%82%D1%83%D0%B4%D0%B5%D0%BD%D1%87%D0%B5%D1%81%D0%BA%D0%B0%D1%8F_%D0%BA%D0%BE%D1%80%D0%BF%D0%BE%D1%80%D0%B0%D1%86%D0%B8%D1%8F,,,"978-5-392-15506-4. Ryzhakova, S. I. (Svetlana Igorevna), Рыжакова , С. И. ( Светлана Игоревна ),. Fuksy, kommilʹtony, filistry... : ocherki o studencheskikh; 60"
wikipedia_identity,895,analytics_output/wikipedia_authority_candidates.csv,9,PERS_1fa7cc0c,Дубянский Александр Михайлович,todo,page_title_full_name; candidate,https://ru.wikipedia.org/wiki/%D0%94%D1%83%D0%B1%D1%8F%D0%BD%D1%81%D0%BA%D0%B8%D0%B9%2C_%D0%90%D0%BB%D0%B5%D0%BA%D1%81%D0%B0%D0%BD%D0%B4%D1%80,,,"деятель науки и техники РСФСР. Дубянский , Александр Михайлович (1941—2020) — российский индолог-дравидолог. Дубянский , Александр Яковлевич (1771—1851) — российский; 95"
wikipedia_identity,895,analytics_output/wikipedia_authority_candidates.csv,10,PERS_1fa7cc0c,Дубянский Александр Михайлович,todo,page_title_full_name; candidate,https://ru.wikipedia.org/wiki/%D0%94%D1%83%D0%B1%D1%8F%D0%BD%D1%81%D0%BA%D0%B8%D0%B9%2C_%D0%90%D0%BB%D0%B5%D0%BA%D1%81%D0%B0%D0%BD%D0%B4%D1%80_%D0%9C%D0%B8%D1%85%D0%B0%D0%B9%D0%BB%D0%BE%D0%B2%D0%B8%D1%87,,,"Алекса́ндр Миха́йлович Дубя́нский (27 апреля 1941, Москва — 18 ноября 2020, там же) — советский и российский индолог-дравидолог, специалист по истории; 95"
wikipedia_identity,900,analytics_output/wikipedia_authority_candidates.csv,400,PERS_f074f69f,Александрова Наталия Владимировна,todo,weak_search_hit; weak_candidate,https://ru.wikipedia.org/wiki/%D0%9C%D0%B8%D1%80%D0%BE%D0%BD%D0%BE%D0%B2%D0%B0%2C_%D0%9C%D0%B0%D1%80%D0%B8%D1%8F_%D0%92%D0%BB%D0%B0%D0%B4%D0%B8%D0%BC%D0%B8%D1%80%D0%BE%D0%B2%D0%BD%D0%B0,,,5-8159-0027-3. Миронова Мария Владимировна (Школа современной пьесы). Миронова Мария Владимировна (Кругосвет). Мария Владимировна Миронова. Биографическая; 30
wikipedia_identity,900,analytics_output/wikipedia_authority_candidates.csv,401,PERS_f074f69f,Александрова Наталия Владимировна,todo,weak_search_hit; weak_candidate,https://ru.wikipedia.org/wiki/%D0%A1%D1%82%D1%80%D0%B8%D0%B6%D0%B5%D0%BD%D0%BE%D0%B2%D0%B0%2C_%D0%95%D0%BA%D0%B0%D1%82%D0%B5%D1%80%D0%B8%D0%BD%D0%B0_%D0%92%D0%BB%D0%B0%D0%B4%D0%B8%D0%BC%D0%B8%D1%80%D0%BE%D0%B2%D0%BD%D0%B0,,,"Екатери́на Влади́мировна Стриже́нова (в девичестве — То́кмань, род. 20 марта 1968, Москва, РСФСР, СССР) — советская и российская актриса театра и кино; 30"
wikipedia_identity,900,analytics_output/wikipedia_authority_candidates.csv,402,PERS_c52dfaa0,Цветкова Светлана Олеговна,todo,weak_search_hit; weak_candidate,https://ru.wikipedia.org/wiki/%D0%92%D0%B8%D0%BD%D0%BE%D0%B3%D1%80%D0%B0%D0%B4%D0%BE%D0%B2%D0%B0,,,"(1950—2019) — советский и российский историк и педагог. Виноградова, Светлана Олеговна (род. 1987) — российская сноубордистка. Виноградова, Серафима Петровна; 30"
wikipedia_identity,900,analytics_output/wikipedia_authority_candidates.csv,403,PERS_c52dfaa0,Цветкова Светлана Олеговна,todo,weak_search_hit; weak_candidate,https://ru.wikipedia.org/wiki/%D0%94%D0%BC%D0%B8%D1%82%D1%80%D0%B8%D0%B5%D0%B2%D0%B0%2C_%D0%95%D0%B2%D0%B3%D0%B5%D0%BD%D0%B8%D1%8F_%D0%9E%D0%BB%D0%B5%D0%B3%D0%BE%D0%B2%D0%BD%D0%B0,,,"Евге́ния Оле́говна Дми́триева (род. 19 декабря 1972, Москва) — российская актриса театра и кино, театральный режиссёр, педагог. Евгения Дмитриева родилась; 30"
wikipedia_identity,905,analytics_output/wikipedia_authority_candidates.csv,11,PERS_829c1de5,Васильков Ярослав Владимирович,todo,page_title_full_name; candidate,https://ru.wikipedia.org/wiki/%D0%92%D0%B0%D1%81%D0%B8%D0%BB%D1%8C%D0%BA%D0%BE%D0%B2%2C_%D0%AF%D1%80%D0%BE%D1%81%D0%BB%D0%B0%D0%B2_%D0%92%D0%BB%D0%B0%D0%B4%D0%B8%D0%BC%D0%B8%D1%80%D0%BE%D0%B2%D0%B8%D1%87,,,"Яросла́в Влади́мирович Василько́в (род. 12 декабря 1943, Полярный, Мурманская область) — советский и российский индолог, переводчик и исследователь «Махабхараты»; 95"
wikipedia_identity,910,analytics_output/wikipedia_authority_candidates.csv,51,PERS_1fa7cc0c,Дубянский Александр Михайлович,todo,page_title_surname; candidate,https://ru.wikipedia.org/wiki/%D0%94%D1%83%D0%B1%D1%8F%D0%BD%D1%81%D0%BA%D0%B8%D0%B9,,,"деятель науки и техники РСФСР. Дубянский , Александр Михайлович (1941—2020) — российский индолог-дравидолог. Дубянский , Александр Яковлевич (1771—1851) — российский; 80"
wikipedia_identity,915,analytics_output/wikipedia_authority_candidates.csv,12,PERS_9a855a7b,Альбедиль Маргарита Федоровна,todo,page_title_full_name; candidate,https://ru.wikipedia.org/wiki/%D0%90%D0%BB%D1%8C%D0%B1%D0%B5%D0%B4%D0%B8%D0%BB%D1%8C%2C_%D0%9C%D0%B0%D1%80%D0%B3%D0%B0%D1%80%D0%B8%D1%82%D0%B0_%D0%A4%D1%91%D0%B4%D0%BE%D1%80%D0%BE%D0%B2%D0%BD%D0%B0,,,"Юго-Восточной Азии: Альбедиль Маргарита Федоровна Альбедиль , Маргарита Фёдоровна в «ШайваВики» Страница Маргариты Альбедиль в социальной сети «ВКонтакте»; 95"
openalex_identity,920,analytics_output/openalex_author_candidates.csv,2,PERS_c52dfaa0,Цветкова Софья Олеговна,todo,,https://openalex.org/A5018164535,,,latin_name; Sofia Tsvetkova; 4; 0.6
wikipedia_identity,925,analytics_output/wikipedia_authority_candidates.csv,13,PERS_3e105f43,Игнатьев Андрей Александрович,todo,page_title_full_name; candidate,https://ru.wikipedia.org/wiki/%D0%98%D0%B3%D0%BD%D0%B0%D1%82%D1%8C%D0%B5%D0%B2%2C_%D0%90%D0%BD%D0%B4%D1%80%D0%B5%D0%B9,,,"Андрей Игнатьев : Игнатьев , Андрей Александрович (1900—1973) — полковник, Герой Советского Союза. Игнатьев , Андрей Андреевич (род. 1943) — советский и; 95"
wikipedia_identity,925,analytics_output/wikipedia_authority_candidates.csv,14,PERS_3e105f43,Игнатьев Андрей Александрович,todo,page_title_full_name; candidate,https://ru.wikipedia.org/wiki/%D0%98%D0%B3%D0%BD%D0%B0%D1%82%D1%8C%D0%B5%D0%B2%2C_%D0%90%D0%BD%D0%B4%D1%80%D0%B5%D0%B9_%D0%90%D0%BB%D0%B5%D0%BA%D1%81%D0%B0%D0%BD%D0%B4%D1%80%D0%BE%D0%B2%D0%B8%D1%87,,,"Андрей Александрович Игнатьев (1900—1973) — Гвардии полковник Советской Армии, участник Великой Отечественной войны, Герой Советского Союза (1945). Андрей; 95"
wikipedia_identity,930,analytics_output/wikipedia_authority_candidates.csv,52,PERS_9a855a7b,Альбедиль Маргарита Федоровна,todo,page_title_surname; candidate,https://ru.wikipedia.org/wiki/%D0%90%D0%BB%D1%8C%D0%B1%D0%B5%D0%B4%D0%B8%D0%BB%D1%8C,,,"декабря 1829). Альбедиль , Максим Карлович (1790—1848) — полковник, Георгиевский кавалер (№ 5646; 29 ноября 1837). Альбедиль , Маргарита Фёдоровна (род. 1946); 80"
wikipedia_identity,935,analytics_output/wikipedia_authority_candidates.csv,15,PERS_5228da95,Вертоградова Виктория Викторовна,todo,page_title_full_name; candidate,https://ru.wikipedia.org/wiki/%D0%92%D0%B5%D1%80%D1%82%D0%BE%D0%B3%D1%80%D0%B0%D0%B4%D0%BE%D0%B2%D0%B0%2C_%D0%92%D0%B8%D0%BA%D1%82%D0%BE%D1%80%D0%B8%D1%8F_%D0%92%D0%B8%D0%BA%D1%82%D0%BE%D1%80%D0%BE%D0%B2%D0%BD%D0%B0,,,"Викто́рия Ви́кторовна Вертогра́дова (род. 27 июня 1933 (1933-06-27), Москва) — советский и российский литературовед, востоковед-индолог, доктор филологических; 95"
wikipedia_identity,935,analytics_output/wikipedia_authority_candidates.csv,16,PERS_1a097e52,Парибок Андрей Всеволодович,todo,page_title_full_name; candidate,https://ru.wikipedia.org/wiki/%D0%9F%D0%B0%D1%80%D0%B8%D0%B1%D0%BE%D0%BA%2C_%D0%90%D0%BD%D0%B4%D1%80%D0%B5%D0%B9_%D0%92%D1%81%D0%B5%D0%B2%D0%BE%D0%BB%D0%BE%D0%B4%D0%BE%D0%B2%D0%B8%D1%87,,,"Андре́й Все́володович Парибо́к (род. 4 сентября 1952, Ленинград, РСФСР, СССР) — советский и российский востоковед, индолог, буддолог, специалист по языкам; 95"
openalex_identity,940,analytics_output/openalex_author_candidates.csv,8,PERS_f074f69f,Александрова Наталия Владимировна,todo,,https://openalex.org/A5026899555,,,latin_name; Natalia Alexandrova; 6; 0.6
openalex_identity,940,analytics_output/openalex_author_candidates.csv,9,PERS_f074f69f,Александрова Наталия Владимировна,todo,,https://openalex.org/A5037722061,,,latin_name; Natalia Alexandrova; 5; 0.6
wikipedia_identity,940,analytics_output/wikipedia_authority_candidates.csv,53,PERS_3e105f43,Игнатьев Андрей Александрович,todo,page_title_surname; candidate,https://ru.wikipedia.org/wiki/%D0%98%D0%B3%D0%BD%D0%B0%D1%82%D1%8C%D0%B5%D0%B2,,,"Игна́тьев ( Игна́тьева ) — русская фамилия, образованная от имени Игнатий . Игнатьевы — русские графский и дворянские роды. Игнатьев , Александр: Игнатьев; 80"
wikipedia_identity,940,analytics_output/wikipedia_authority_candidates.csv,54,PERS_3357f25b,Скороходова Татьяна Григорьевна,todo,page_title_surname; candidate,https://ru.wikipedia.org/wiki/%D0%A1%D0%BA%D0%BE%D1%80%D0%BE%D1%85%D0%BE%D0%B4%D0%BE%D0%B2%D0%B0,,,"Скорохо́дова — женская форма русской фамилии Скороходов . Скороходова , Валерия Александровна (род. 1982) — российская актриса. Скороходова , Елена Дмитриевна; 80"
wikipedia_identity,945,analytics_output/wikipedia_authority_candidates.csv,17,PERS_c48611e0,Островская Елена Петровна,todo,page_title_full_name; candidate,https://ru.wikipedia.org/wiki/%D0%9E%D1%81%D1%82%D1%80%D0%BE%D0%B2%D1%81%D0%BA%D0%B0%D1%8F%2C_%D0%95%D0%BB%D0%B5%D0%BD%D0%B0_%D0%9F%D0%B5%D1%82%D1%80%D0%BE%D0%B2%D0%BD%D0%B0,,,"Еле́на Петро́вна Остро́вская (12 февраля 1948 года, Лиепая, Латвийская ССР, СССР) — советский и российский востоковед, буддолог, санскритолог, специалист; 95"
wikipedia_identity,950,analytics_output/wikipedia_authority_candidates.csv,161,PERS_9a855a7b,Альбедиль Маргарита Федоровна,todo,mention_or_search_snippet; candidate,https://ru.wikipedia.org/wiki/%D0%AD%D0%BD%D1%86%D0%B8%D0%BA%D0%BB%D0%BE%D0%BF%D0%B5%D0%B4%D0%B8%D1%8F_%D0%B4%D0%BB%D1%8F_%D0%B4%D0%B5%D1%82%D0%B5%D0%B9,,,"Владимир Михайлович («Языкознание. Русский язык», «Языки мира») Альбедиль , Маргарита Фёдоровна («Религии мира», «Мифология», «Человек») Апресян, Рубен Грантович; 60"
wikipedia_identity,955,analytics_output/wikipedia_authority_candidates.csv,18,PERS_61202bf3,Алиханова Юлия Марковна,todo,page_title_full_name; candidate,https://ru.wikipedia.org/wiki/%D0%90%D0%BB%D0%B8%D1%85%D0%B0%D0%BD%D0%BE%D0%B2%D0%B0%2C_%D0%AE%D0%BB%D0%B8%D1%8F_%D0%9C%D0%B0%D1%80%D0%BA%D0%BE%D0%B2%D0%BD%D0%B0,,,"Юлия Марковна Алиханова (17 июня 1936, Ленинград — 5 января 2024) — советский и российский литературовед, востоковед-индолог, кандидат филологических; 95"
openalex_identity,960,analytics_output/openalex_author_candidates.csv,5,PERS_f074f69f,Александрова Наталия Владимировна,todo,,https://openalex.org/A5109966580,,,latin_name; Natalia Alexandrova; 2; 0.4
openalex_identity,960,analytics_output/openalex_author_candidates.csv,6,PERS_f074f69f,Александрова Наталия Владимировна,todo,,https://openalex.org/A5067175946,,,latin_name; Natalia Alexandrova; 6; 0.4
openalex_identity,960,analytics_output/openalex_author_candidates.csv,7,PERS_f074f69f,Александрова Наталия Владимировна,todo,,https://openalex.org/A5039761519,,,latin_name; Natalia Alexandrova; 2; 0.4
wikipedia_identity,960,analytics_output/wikipedia_authority_candidates.csv,162,PERS_3357f25b,Скороходова Татьяна Григорьевна,todo,mention_or_search_snippet; candidate,https://ru.wikipedia.org/wiki/%D0%91%D0%B0%D0%B1%D0%BD%D0%B8%D0%BA_%28%D1%84%D0%B8%D0%BB%D1%8C%D0%BC%2C_1990%29,,,"Беляева — Ольга Семыкина Надежда Бутырцева — Рая Любовь Полищук — Инна Елена Скороходова — Алёна, валютная проститутка Ирина Шмелёва — Людочка, аспирантка Спартак; 60"
wikipedia_identity,960,analytics_output/wikipedia_authority_candidates.csv,163,PERS_3357f25b,Скороходова Татьяна Григорьевна,todo,mention_or_search_snippet; candidate,https://ru.wikipedia.org/wiki/%D0%A1%D0%BA%D0%BE%D1%80%D0%BE%D1%85%D0%BE%D0%B4%D0%BE%D0%B2,,,"сотрудник группы «Вымпел». Скороходов , Юрий Иванович (1946—2011) — советский и российский артист оперетты, актёр. Скороходова : Скороходова , Валерия Александровна; 60"
openalex_identity,970,analytics_output/openalex_author_candidates.csv,3,PERS_f074f69f,Александрова Наталия Владимировна,todo,,https://openalex.org/A5007593034,,,cyrillic_fullname; Александрова Наталия Владимировна; 4; 0.3
openalex_identity,970,analytics_output/openalex_author_candidates.csv,10,PERS_d98da899,Рыжакова Светлана Игоревна,todo,,https://openalex.org/A5072543612,,,cyrillic_fullname; Рыжакова Светлана Игоревна; 46; 0.4
openalex_identity,970,analytics_output/openalex_author_candidates.csv,13,PERS_d98da899,Рыжакова Светлана Игоревна,todo,,https://openalex.org/A5072543612,,,latin_name; Svetlana Ryzhakova; 46; 0.4
wikipedia_identity,970,analytics_output/wikipedia_authority_candidates.csv,55,PERS_61202bf3,Алиханова Юлия Марковна,todo,page_title_surname; candidate,https://ru.wikipedia.org/wiki/%D0%90%D0%BB%D0%B8%D1%85%D0%B0%D0%BD%D0%BE%D0%B2%D0%B0,,,"жена академика Андрея Сахарова. Алиханова , Наида Мурадовна (род. 1996) — российская регбистка. Алиханова , Юлия Марковна (1936—2024) — советский и российский; 80"
wikipedia_identity,970,analytics_output/wikipedia_authority_candidates.csv,56,PERS_c58aa839,В. Видунас,todo,page_title_surname; candidate,https://ru.wikipedia.org/wiki/%D0%92%D0%B8%D0%B4%D1%83%D0%BD%D0%B0%D1%81,,,"Виду́нас (лит. Vydūnas; псевдоним; настоящее имя Вильгельмас Сто́роста, лит. Vilhelmas Storosta; 22 марта 1868, деревня Йонатен (Йонайчяй), ныне Шилутский; 80"
wikipedia_identity,970,analytics_output/wikipedia_authority_candidates.csv,404,PERS_829c1de5,Васильков Ярослав Владимирович,todo,weak_search_hit; weak_candidate,https://ru.wikipedia.org/wiki/%D0%AE%D1%80%D0%B8%D0%B9_%D0%92%D0%BB%D0%B0%D0%B4%D0%B8%D0%BC%D0%B8%D1%80%D0%BE%D0%B2%D0%B8%D1%87_%D0%94%D0%BE%D0%BB%D0%B3%D0%BE%D1%80%D1%83%D0%BA%D0%B8%D0%B9,,,передать сыну Андрея Владимировича Владимиру. Однако после неудачи Юрия Волынь закрепилась за сыновьями Изяслава Мстиславом и Ярославом и их потомками (1157); 30
wikipedia_identity,970,analytics_output/wikipedia_authority_candidates.csv,405,PERS_829c1de5,Васильков Ярослав Владимирович,todo,weak_search_hit; weak_candidate,https://ru.wikipedia.org/wiki/%D0%AF%D1%80%D0%BE%D1%81%D0%BB%D0%B0%D0%B2_%D0%92%D1%81%D0%B5%D0%B2%D0%BE%D0%BB%D0%BE%D0%B4%D0%BE%D0%B2%D0%B8%D1%87_%28%D0%BA%D0%BD%D1%8F%D0%B7%D1%8C_%D0%B2%D0%BB%D0%B0%D0%B4%D0%B8%D0%BC%D0%B8%D1%80%D1%81%D0%BA%D0%B8%D0%B9%29,,,"Александр и Ярослав были также князьями новгородскими. «Великий князь Ярослав III (если вторым после Ярослава Мудрого считать Ярослава Изяславича, внука; 30"
wikipedia_identity,970,analytics_output/wikipedia_authority_candidates.csv,164,PERS_5228da95,Вертоградова Виктория Викторовна,todo,mention_or_search_snippet; candidate,https://ru.wikipedia.org/wiki/%D0%92%D0%B5%D1%80%D1%82%D0%BE%D0%B3%D1%80%D0%B0%D0%B4%D0%BE%D0%B2,,,"Семёнович (1888—1964) — русский советский церковный историк. Вертоградова , Виктория Викторовна (род. 1933) — советский и российский индолог. Эта страница; 60"
wikipedia_identity,970,analytics_output/wikipedia_authority_candidates.csv,165,PERS_5228da95,Вертоградова Виктория Викторовна,todo,mention_or_search_snippet; candidate,https://ru.wikipedia.org/wiki/%D0%A8%D0%B0%D1%83%D1%80%D0%B0%D1%81%D0%B5%D0%BD%D0%B8,,,энциклопедия : [в 30 т.] / гл. ред. А. М. Прохоров ; 1969—1978). Виктория Викторовна Вертоградова . Пракриты. — 1978. s:ЭСБЕ/Пракрит Это заготовка статьи о языках; 60
wikipedia_identity,970,analytics_output/wikipedia_authority_candidates.csv,166,PERS_1a097e52,Парибок Андрей Всеволодович,todo,mention_or_search_snippet; candidate,https://ru.wikipedia.org/wiki/%D0%A0%D1%83%D1%81%D1%81%D0%BA%D0%B0%D1%8F_%D1%84%D0%B8%D0%BB%D0%BE%D1%81%D0%BE%D1%84%D0%B8%D1%8F,,,"Алексеевич Дугин, Александр Гельевич Крылов, Константин Анатольевич Парибок , Андрей Всеволодович Подорога, Валерий Александрович Секацкий, Александр Куприянович; 60"
wikipedia_identity,970,analytics_output/wikipedia_authority_candidates.csv,57,PERS_260a598a,Пахомов Сергей Владимирович,todo,page_title_surname; candidate,https://ru.wikipedia.org/wiki/%D0%9F%D0%B0%D1%85%D0%BE%D0%BC%D0%BE%D0%B2,,,"Пахо́мов ( Пахо́мова ) — русская фамилия, образованная от имени Пахом . Известные носители: Пахомов , Александр: Пахомов , Александр Афанасьевич (1919—после; 80"
wikipedia_identity,975,analytics_output/wikipedia_authority_candidates.csv,19,PERS_e72d4c09,Огнева Елена Дмитриевна,todo,page_title_full_name; candidate,https://ru.wikipedia.org/wiki/%D0%9E%D0%B3%D0%BD%D0%B5%D0%B2%D0%B0%2C_%D0%95%D0%BB%D0%B5%D0%BD%D0%B0_%D0%94%D0%BC%D0%B8%D1%82%D1%80%D0%B8%D0%B5%D0%B2%D0%BD%D0%B0,,,"Еле́на Дми́триевна О́гнева (род. 24 июля 1944 года, пос. Гульрипш, Абхазская АССР, Грузинская ССР, СССР) — советский и украинский востоковед, буддолог; 95"
rinc_identity,978,analytics_output/rinc_lookup_queue.csv,2,PERS_c52dfaa0,Цветкова Софья Олеговна,todo,rejected_filter:low_works_count=2,https://elibrary.ru/author_items.asp?authorid=&fams=Цветкова,,,
openalex_identity,980,analytics_output/openalex_author_candidates.csv,20,PERS_12125da9,Лысенко Виктория Георгиевна,todo,,https://openalex.org/A5109356143,,,latin_name; Victoria Lysenko; 15; 0.6
openalex_identity,980,analytics_output/openalex_author_candidates.csv,21,PERS_12125da9,Лысенко Виктория Георгиевна,todo,,https://openalex.org/A5053701675,,,latin_name; Victoria Lysenko; 11; 0.6
openalex_identity,980,analytics_output/openalex_author_candidates.csv,14,PERS_d98da899,Рыжакова Светлана Игоревна,todo,,https://openalex.org/A5106846332,,,latin_name; Svetlana Ryzhakova; 1; 0.3
openalex_identity,980,analytics_output/openalex_author_candidates.csv,15,PERS_d98da899,Рыжакова Светлана Игоревна,todo,,https://openalex.org/A5121853638,,,latin_name; Svetlana Ryzhakova; 1; 0.3
rinc_identity,980,analytics_output/rinc_lookup_queue.csv,4,PERS_f074f69f,Александрова Наталия Владимировна,todo,rejected_filter:low_works_count=4,https://elibrary.ru/author_items.asp?authorid=&fams=Александрова,,,
rinc_identity,980,analytics_output/rinc_lookup_queue.csv,3,PERS_11da326d,Тавастшерна Сергей Сергеевич,todo,no_match,https://elibrary.ru/author_items.asp?authorid=&fams=Тавастшерна,,,
wikipedia_identity,980,analytics_output/wikipedia_authority_candidates.csv,167,PERS_9374fd12,Вырщиков Евгений Геннадьевич,todo,mention_or_search_snippet; candidate,https://ru.wikipedia.org/wiki/%D0%A3%D0%BC%D0%B5%D1%80%D1%88%D0%B8%D0%B5_%D0%B2_%D0%BE%D0%BA%D1%82%D1%8F%D0%B1%D1%80%D0%B5_2020_%D0%B3%D0%BE%D0%B4%D0%B0,,,"лауреат премии ГК СССР по народному образованию, почётный профессор ВА ВКО. Вырщиков , Анатолий Николаевич (71) — советский и российский педагог, доктор педагогических; 60"
wikipedia_identity,980,analytics_output/wikipedia_authority_candidates.csv,168,PERS_c48611e0,Островская Елена Петровна,todo,mention_or_search_snippet; candidate,https://ru.wikipedia.org/wiki/%D0%9E%D1%81%D1%82%D1%80%D0%BE%D0%B2%D1%81%D0%BA%D0%B8%D0%B9,,,"физик. Островская , Генриетта Тимофеевна (1921—1971) — советская актриса. Островская , Елена Петровна (род. 1948) — российская религиовед. Островская , Лидия; 60"
rinc_identity,981,analytics_output/rinc_lookup_queue.csv,5,PERS_d98da899,Рыжакова Светлана Игоревна,todo,rejected_filter:pub_year_pre_2015=2005,https://elibrary.ru/author_items.asp?authorid=&fams=Рыжакова,,,
rinc_identity,984,analytics_output/rinc_lookup_queue.csv,6,PERS_12125da9,Лысенко Виктория Георгиевна,todo,rejected_filter:low_works_count=1,https://elibrary.ru/author_items.asp?authorid=&fams=Лысенко,,,
biographical_gap,985,analytics_output/birth_year_gap_audit.csv,2,PERS_c58aa839,В. Видунас,todo,,,,,15; 2004; 2019; 1
rinc_identity,985,analytics_output/rinc_lookup_queue.csv,7,PERS_40862f5e,Корнеева Наталья Афанасьевна,todo,no_match,https://elibrary.ru/author_items.asp?authorid=&fams=Корнеева,,,
rinc_identity,986,analytics_output/rinc_lookup_queue.csv,8,PERS_1fa7cc0c,Дубянский Александр Михайлович,todo,no_match,https://elibrary.ru/author_items.asp?authorid=&fams=Дубянский,,,
rinc_identity,987,analytics_output/rinc_lookup_queue.csv,10,PERS_5228da95,Вертоградова Виктория Викторовна,todo,rejected_filter:low_works_count=3,https://elibrary.ru/author_items.asp?authorid=&fams=Вертоградова,,,
rinc_identity,987,analytics_output/rinc_lookup_queue.csv,12,PERS_e31ca12d,Вечерина Ольга Павловна,todo,rejected_filter:pub_year_pre_2015=2004,https://elibrary.ru/author_items.asp?authorid=&fams=Вечерина,,,
rinc_identity,987,analytics_output/rinc_lookup_queue.csv,11,PERS_e1dd6b3e,Лидова Наталья Ростиславовна,todo,no_match,https://elibrary.ru/author_items.asp?authorid=&fams=Лидова,,,
rinc_identity,987,analytics_output/rinc_lookup_queue.csv,9,PERS_1a097e52,Парибок Андрей Всеволодович,todo,,https://elibrary.ru/author_items.asp?authorid=&fams=Парибок,,,1992; 2017; openalex
rinc_identity,988,analytics_output/rinc_lookup_queue.csv,16,PERS_829c1de5,Васильков Ярослав Владимирович,todo,rejected_filter:pub_year_pre_2015=2014,https://elibrary.ru/author_items.asp?authorid=&fams=Васильков,,,
rinc_identity,988,analytics_output/rinc_lookup_queue.csv,17,PERS_9374fd12,Вырщиков Евгений Геннадьевич,todo,no_match,https://elibrary.ru/author_items.asp?authorid=&fams=Вырщиков,,,
rinc_identity,988,analytics_output/rinc_lookup_queue.csv,14,PERS_3e105f43,Игнатьев Андрей Александрович,todo,rejected_filter:low_works_count=1,https://elibrary.ru/author_items.asp?authorid=&fams=Игнатьев,,,
rinc_identity,988,analytics_output/rinc_lookup_queue.csv,13,PERS_003adcfe,Псху Рузана Владимировна,todo,rejected_filter:pub_year_pre_2015=2010,https://elibrary.ru/author_items.asp?authorid=&fams=Псху,,,
rinc_identity,988,analytics_output/rinc_lookup_queue.csv,15,PERS_6578b52d,Тюлина Елена Владимировна,todo,rejected_filter:low_works_count=1,https://elibrary.ru/author_items.asp?authorid=&fams=Тюлина,,,
rinc_identity,988,analytics_output/rinc_lookup_queue.csv,18,PERS_e9545a0b,Шустова Алла Михайловна,todo,rejected_filter:low_works_count=2,https://elibrary.ru/author_items.asp?authorid=&fams=Шустова,,,
rinc_identity,989,analytics_output/rinc_lookup_queue.csv,19,PERS_56508328,Десницкая Евгения Алексеевна,todo,rejected_filter:low_works_count=1,https://elibrary.ru/author_items.asp?authorid=&fams=Десницкая,,,
rinc_identity,989,analytics_output/rinc_lookup_queue.csv,21,PERS_da862dde,Дробышев Юлий Игорьевич,todo,rejected_filter:pub_year_pre_2015=2005,https://elibrary.ru/author_items.asp?authorid=&fams=Дробышев,,,
rinc_identity,989,analytics_output/rinc_lookup_queue.csv,20,PERS_61202bf3,Ю. М. Алиханова,todo,no_match,https://elibrary.ru/author_items.asp?authorid=&fams=Алиханова,,,
openalex_identity,990,analytics_output/openalex_author_candidates.csv,27,PERS_40862f5e,Корнеева Наталья Афанасьевна,todo,,https://openalex.org/A5025798171,,,latin_name; Natalia Korneeva; 3; 0.6
openalex_identity,990,analytics_output/openalex_author_candidates.csv,11,PERS_d98da899,Рыжакова Светлана Игоревна,todo,,https://openalex.org/A5084290871,,,cyrillic_fullname; Рыжакова Светлана Игоревна; 15; 0.2
openalex_identity,990,analytics_output/openalex_author_candidates.csv,12,PERS_d98da899,Рыжакова Светлана Игоревна,todo,,https://openalex.org/A5122797371,,,cyrillic_fullname; Рыжакова Светлана Игоревна; 3; 0.2
rinc_identity,990,analytics_output/rinc_lookup_queue.csv,25,PERS_9a855a7b,Альбедиль Маргарита Федоровна,todo,,https://elibrary.ru/author_items.asp?authorid=&fams=Альбедиль,,,1990; 2015; openalex
rinc_identity,990,analytics_output/rinc_lookup_queue.csv,22,PERS_05d56645,Бабин Александр Николаевич,todo,rejected_filter:low_works_count=1,https://elibrary.ru/author_items.asp?authorid=&fams=Бабин,,,
rinc_identity,990,analytics_output/rinc_lookup_queue.csv,23,PERS_41d6aa73,Воробьева Дарья Николаевна,todo,no_match,https://elibrary.ru/author_items.asp?authorid=&fams=Воробьева,,,
rinc_identity,990,analytics_output/rinc_lookup_queue.csv,24,PERS_92868e4f,Жутаев Дмитрий Игоревич,todo,no_match,https://elibrary.ru/author_items.asp?authorid=&fams=Жутаев,,,
rinc_identity,990,analytics_output/rinc_lookup_queue.csv,26,PERS_c48611e0,Островская Елена Петровна,todo,rejected_filter:pub_year_pre_2015=2010,https://elibrary.ru/author_items.asp?authorid=&fams=Островская,,,
wikipedia_identity,990,analytics_output/wikipedia_authority_candidates.csv,169,PERS_61202bf3,Алиханова Юлия Марковна,todo,mention_or_search_snippet; candidate,https://ru.wikipedia.org/wiki/%D0%90%D0%BB%D0%B8%D1%85%D0%B0%D0%BD%D0%BE%D0%B2,,,"жена академика Андрея Сахарова. Алиханова , Наида Мурадовна (род. 1996) — российская регбистка. Алиханова , Юлия Марковна (1936—2024) — советский и российский; 60"
wikipedia_identity,990,analytics_output/wikipedia_authority_candidates.csv,170,PERS_c58aa839,В. Видунас,todo,mention_or_search_snippet; candidate,https://ru.wikipedia.org/wiki/1953_%D0%B3%D0%BE%D0%B4,,,"партийный, государственный и военный деятель (род. 1889). 20 февраля — Видунас , русский и литовский драматург и философ (род. 1868). 1 марта — Александр; 60"
wikipedia_identity,990,analytics_output/wikipedia_authority_candidates.csv,171,PERS_c58aa839,В. Видунас,todo,mention_or_search_snippet; candidate,https://ru.wikipedia.org/wiki/20_%D1%84%D0%B5%D0%B2%D1%80%D0%B0%D0%BB%D1%8F,,,"Лебедев-Кумач (р. 1898), русский советский поэт, прозаик, поэт-песенник. 1953 — Видунас (наст. имя Вильгельмас Стороста; р. 1868), литовский драматург, философ; 60"
wikipedia_identity,990,analytics_output/wikipedia_authority_candidates.csv,172,PERS_e31ca12d,Вечерина Ольга Павловна,todo,mention_or_search_snippet; candidate,https://ru.wikipedia.org/wiki/%D0%9C%D0%B8%D1%85%D0%B5%D0%B9_%28%D0%BF%D0%B5%D0%B2%D0%B5%D1%86%29,,,"февраля 1999 года Новости // RAPпресс : журнал. — 1999. — № 2(4). — С. 31. Вечерина в Титанике // Hip Hop Info : журнал. — 1999. — № 6. — С. 48—49, 65. Радиостанция; 60"
wikipedia_identity,990,analytics_output/wikipedia_authority_candidates.csv,173,PERS_e31ca12d,Вечерина Ольга Павловна,todo,mention_or_search_snippet; candidate,https://ru.wikipedia.org/wiki/%D0%A2%D0%B8%D1%82%D0%BE%D0%BC%D0%B8%D1%80%2C_%D0%91%D0%BE%D0%B3%D0%B4%D0%B0%D0%BD_%D0%9F%D0%B5%D1%82%D1%80%D0%BE%D0%B2%D0%B8%D1%87,,,2022. Новости // RAPпресс : журнал. — 1999. — Июнь (№ 2 (4)). — С. 31. Вечерина в Титанике // Hip Hop Info : журнал. — 1999. — Октябрь (№ 6). — С. 48-49; 60
wikipedia_identity,990,analytics_output/wikipedia_authority_candidates.csv,174,PERS_92868e4f,Жутаев Дар Игоревич,todo,mention_or_search_snippet; candidate,https://ru.wikipedia.org/wiki/%D0%A3%D0%BC%D0%B5%D1%80%D1%88%D0%B8%D0%B5_%D0%B2_%D1%84%D0%B5%D0%B2%D1%80%D0%B0%D0%BB%D0%B5_2020_%D0%B3%D0%BE%D0%B4%D0%B0,,,"профессор психиатрии и фармакологии, пионер антидепрессантного лечения. Жутаев , Дар Игоревич (50) — российский востоковед, переводчик, политический и контркультурный; 60"
wikipedia_identity,990,analytics_output/wikipedia_authority_candidates.csv,58,PERS_e72d4c09,Огнева Елена Дмитриевна,todo,page_title_surname; candidate,https://ru.wikipedia.org/wiki/%D0%9E%D0%B3%D0%BD%D0%B5%D0%B2%D0%B0,,,"Огнева , Елена Дмитриевна (род. 1944) — советский и украинский востоковед, буддолог и тибетолог, специалист по иконографии тибетского буддизма. Огнева; 80"
wikipedia_identity,990,analytics_output/wikipedia_authority_candidates.csv,175,PERS_260a598a,Пахомов Сергей Владимирович,todo,mention_or_search_snippet; candidate,https://ru.wikipedia.org/wiki/%D0%A1%D0%BF%D0%B8%D1%81%D0%BE%D0%BA_%D0%B4%D0%B5%D0%BF%D1%83%D1%82%D0%B0%D1%82%D0%BE%D0%B2_%D0%93%D0%BE%D1%81%D1%83%D0%B4%D0%B0%D1%80%D1%81%D1%82%D0%B2%D0%B5%D0%BD%D0%BD%D0%BE%D0%B9_%D0%B4%D1%83%D0%BC%D1%8B_%D0%A0%D0%BE%D1%81%D1%81%D0%B8%D0%B9%D1%81%D0%BA%D0%BE%D0%B9_%D0%A4%D0%B5%D0%B4%D0%B5%D1%80%D0%B0%D1%86%D0%B8%D0%B8_VIII_%D1%81%D0%BE%D0%B7%D1%8B%D0%B2%D0%B0,,,"Колунов, Сергей Владимирович Терюшков, Роман Игоревич Майданов, Денис Васильевич Панин, Геннадий Олегович Фетисов, Вячеслав Александрович Пахомов , Сергей Александрович; 60"
wikipedia_identity,990,analytics_output/wikipedia_authority_candidates.csv,176,PERS_e9545a0b,Шустова Алла Михайловна,todo,mention_or_search_snippet; candidate,https://ru.wikipedia.org/wiki/%D0%A1%D0%BB%D0%B5%D0%B4_%28%D1%82%D0%B5%D0%BB%D0%B5%D1%81%D0%B5%D1%80%D0%B8%D0%B0%D0%BB%29,,,"Головизина Елена Олеговна Шустова Елена Олеговна Шустова старший лейтенант милиции, программист (жена/бывшая жена Игоря Шустова , в реальной жизни жена Сергея; 60"
rinc_identity,991,analytics_output/rinc_lookup_queue.csv,32,PERS_5ed752d9,Б. У. Китинов,todo,rejected_filter:low_works_count=1,https://elibrary.ru/author_items.asp?authorid=&fams=Китинов,,,
rinc_identity,991,analytics_output/rinc_lookup_queue.csv,34,PERS_a0264ac5,Бурмистров Сергей Леонидович,todo,rejected_filter:pub_year_pre_2015=2008,https://elibrary.ru/author_items.asp?authorid=&fams=Бурмистров,,,
rinc_identity,991,analytics_output/rinc_lookup_queue.csv,30,PERS_3b196639,Гордийчук Николай Валентинович,todo,rejected_filter:low_works_count=1,https://elibrary.ru/author_items.asp?authorid=&fams=Гордийчук,,,
rinc_identity,991,analytics_output/rinc_lookup_queue.csv,35,PERS_e72d4c09,Е. Д. Огнева,todo,no_match,https://elibrary.ru/author_items.asp?authorid=&fams=Огнева,,,
rinc_identity,991,analytics_output/rinc_lookup_queue.csv,33,PERS_8e117242,Е. А. Юдицкая,todo,rejected_filter:low_works_count=1,https://elibrary.ru/author_items.asp?authorid=&fams=Юдицкая,,,
rinc_identity,991,analytics_output/rinc_lookup_queue.csv,31,PERS_5d324297,К. П. Шрестха,todo,no_match,https://elibrary.ru/author_items.asp?authorid=&fams=Шрестха,,,
rinc_identity,991,analytics_output/rinc_lookup_queue.csv,36,PERS_ea44fd14,Люлина Анастасия Геннадьевна,todo,no_match,https://elibrary.ru/author_items.asp?authorid=&fams=Люлина,,,
rinc_identity,991,analytics_output/rinc_lookup_queue.csv,37,PERS_f2fef030,Мехакян Арег Гайкович,todo,no_match,https://elibrary.ru/author_items.asp?authorid=&fams=Мехакян,,,
rinc_identity,991,analytics_output/rinc_lookup_queue.csv,27,PERS_260a598a,Пахомов Сергей Владимирович,todo,rejected_filter:pub_year_pre_2015=2008,https://elibrary.ru/author_items.asp?authorid=&fams=Пахомов,,,
rinc_identity,991,analytics_output/rinc_lookup_queue.csv,28,PERS_2fd442aa,С. Ч. Офертас,todo,no_match,https://elibrary.ru/author_items.asp?authorid=&fams=Офертас,,,
rinc_identity,991,analytics_output/rinc_lookup_queue.csv,29,PERS_3357f25b,Скороходова Татьяна Григорьевна,todo,rejected_filter:low_works_count=2,https://elibrary.ru/author_items.asp?authorid=&fams=Скороходова,,,
biographical_gap,992,analytics_output/birth_year_gap_audit.csv,3,PERS_0ca995ac,В. М. Яковлев,todo,,,,,8; 2008; 2018; 1
rinc_identity,992,analytics_output/rinc_lookup_queue.csv,39,PERS_5d34c947,Волошина Оксана Анатольевна,todo,rejected_filter:pub_year_pre_2015=2010,https://elibrary.ru/author_items.asp?authorid=&fams=Волошина,,,
rinc_identity,992,analytics_output/rinc_lookup_queue.csv,38,PERS_36dabb79,Гурия Анастасия Георгиевна,todo,rejected_filter:low_works_count=1,https://elibrary.ru/author_items.asp?authorid=&fams=Гурия,,,
rinc_identity,992,analytics_output/rinc_lookup_queue.csv,40,PERS_7542d270,Демченко Максим Борисович,todo,rejected_filter:low_works_count=3,https://elibrary.ru/author_items.asp?authorid=&fams=Демченко,,,
rinc_identity,992,analytics_output/rinc_lookup_queue.csv,41,PERS_fb25c80f,Ермакова Татьяна Викторовна,todo,rejected_filter:low_works_count=1,https://elibrary.ru/author_items.asp?authorid=&fams=Ермакова,,,
rinc_identity,993,analytics_output/rinc_lookup_queue.csv,47,PERS_c5677a3f,Зорин Алексей Валерьевич,todo,rejected_filter:pub_year_pre_2015=1989,https://elibrary.ru/author_items.asp?authorid=&fams=Зорин,,,
rinc_identity,993,analytics_output/rinc_lookup_queue.csv,45,PERS_72506535,Крылова Анастасия Сергеевна,todo,,https://elibrary.ru/author_items.asp?authorid=&fams=Крылова,,,1990; 2015; openalex
rinc_identity,993,analytics_output/rinc_lookup_queue.csv,43,PERS_1c6fcce5,Кузина Елизавета Олеговна,todo,rejected_filter:low_works_count=1,https://elibrary.ru/author_items.asp?authorid=&fams=Кузина,,,
rinc_identity,993,analytics_output/rinc_lookup_queue.csv,46,PERS_9f398436,Куликов Леонид Игоревич,todo,rejected_filter:pub_year_pre_2015=2011,https://elibrary.ru/author_items.asp?authorid=&fams=Куликов,,,
rinc_identity,993,analytics_output/rinc_lookup_queue.csv,49,PERS_db046be0,Сабирова Римма Наилевна,todo,rejected_filter:low_works_count=2,https://elibrary.ru/author_items.asp?authorid=&fams=Сабирова,,,
rinc_identity,993,analytics_output/rinc_lookup_queue.csv,44,PERS_50d73711,Смирнитская Анна Александровна,todo,rejected_filter:low_works_count=3,https://elibrary.ru/author_items.asp?authorid=&fams=Смирнитская,,,
rinc_identity,993,analytics_output/rinc_lookup_queue.csv,42,PERS_0e0a154e,Титлин Лев Игоревич,todo,rejected_filter:low_works_count=1,https://elibrary.ru/author_items.asp?authorid=&fams=Титлин,,,
rinc_identity,993,analytics_output/rinc_lookup_queue.csv,48,PERS_cfb92c5f,Уланский Евгений Андреевич,todo,rejected_filter:low_works_count=3,https://elibrary.ru/author_items.asp?authorid=&fams=Уланский,,,
rinc_identity,994,analytics_output/rinc_lookup_queue.csv,57,PERS_df6e2007,А. А. Мехакян,todo,no_match,https://elibrary.ru/author_items.asp?authorid=&fams=Мехакян,,,
rinc_identity,994,analytics_output/rinc_lookup_queue.csv,52,PERS_8516d1e4,Гасунс Марцис Юрьевич,todo,no_match,https://elibrary.ru/author_items.asp?authorid=&fams=Гасунс,,,
rinc_identity,994,analytics_output/rinc_lookup_queue.csv,53,PERS_9ad66151,Д. Н. Лелюхин,todo,no_match,https://elibrary.ru/author_items.asp?authorid=&fams=Лелюхин,,,
rinc_identity,994,analytics_output/rinc_lookup_queue.csv,56,PERS_d2559ba1,Е. С. Лепехова,todo,no_match,https://elibrary.ru/author_items.asp?authorid=&fams=Лепехова,,,
rinc_identity,994,analytics_output/rinc_lookup_queue.csv,59,PERS_efc88709,Канаева Наталия Алексеевна,todo,rejected_filter:low_works_count=3,https://elibrary.ru/author_items.asp?authorid=&fams=Канаева,,,
rinc_identity,994,analytics_output/rinc_lookup_queue.csv,60,PERS_f19cd8a1,Котин Игорь Юрьевич,todo,rejected_filter:pub_year_pre_2015=2009,https://elibrary.ru/author_items.asp?authorid=&fams=Котин,,,
rinc_identity,994,analytics_output/rinc_lookup_queue.csv,55,PERS_bc97fb65,Краснодембская Нина Георгиевна,todo,rejected_filter:low_works_count=2,https://elibrary.ru/author_items.asp?authorid=&fams=Краснодембская,,,
rinc_identity,994,analytics_output/rinc_lookup_queue.csv,58,PERS_ebb6d156,Ложкина Анастасия Витальевна,todo,no_match,https://elibrary.ru/author_items.asp?authorid=&fams=Ложкина,,,
rinc_identity,994,analytics_output/rinc_lookup_queue.csv,50,PERS_23215083,М. А. Русанов,todo,rejected_filter:pub_year_pre_2015=2003,https://elibrary.ru/author_items.asp?authorid=&fams=Русанов,,,
rinc_identity,994,analytics_output/rinc_lookup_queue.csv,61,PERS_f8ab5755,Оранская Татьяна Иосифовна,todo,rejected_filter:low_works_count=1,https://elibrary.ru/author_items.asp?authorid=&fams=Оранская,,,
rinc_identity,994,analytics_output/rinc_lookup_queue.csv,51,PERS_287fe378,Рыбакова Анна Геннадьевна,todo,no_match,https://elibrary.ru/author_items.asp?authorid=&fams=Рыбакова,,,
rinc_identity,994,analytics_output/rinc_lookup_queue.csv,54,PERS_a84aedaa,Шомахмадов Сафарали Хайбуллоевич,todo,rejected_filter:pub_year_pre_2015=2008,https://elibrary.ru/author_items.asp?authorid=&fams=Шомахмадов,,,
rinc_identity,995,analytics_output/rinc_lookup_queue.csv,70,PERS_c6bbcef3,Битинайте Елена Алексеевна,todo,,https://elibrary.ru/author_items.asp?authorid=&fams=Битинайте,,,
rinc_identity,995,analytics_output/rinc_lookup_queue.csv,72,PERS_f5b8b340,Вигасин Алексей Алексеевич,todo,,https://elibrary.ru/author_items.asp?authorid=&fams=Вигасин,,,
rinc_identity,995,analytics_output/rinc_lookup_queue.csv,71,PERS_dd7de77e,Е. К. Бросалина,todo,,https://elibrary.ru/author_items.asp?authorid=&fams=Бросалина,,,
rinc_identity,995,analytics_output/rinc_lookup_queue.csv,66,PERS_7eb0dc30,Зимина Татьяна Александровна,todo,,https://elibrary.ru/author_items.asp?authorid=&fams=Зимина,,,
rinc_identity,995,analytics_output/rinc_lookup_queue.csv,69,PERS_93e2effb,Комиссаров Дмитрий Андреевич,todo,,https://elibrary.ru/author_items.asp?authorid=&fams=Комиссаров,,,
rinc_identity,995,analytics_output/rinc_lookup_queue.csv,64,PERS_22d87263,Костина Екатерина Александровна,todo,,https://elibrary.ru/author_items.asp?authorid=&fams=Костина,,,
rinc_identity,995,analytics_output/rinc_lookup_queue.csv,63,PERS_0c451d76,Лобанов Сергей Владимирович,todo,,https://elibrary.ru/author_items.asp?authorid=&fams=Лобанов,,,
rinc_identity,995,analytics_output/rinc_lookup_queue.csv,68,PERS_92f293f8,П. В. Хрущева,todo,,https://elibrary.ru/author_items.asp?authorid=&fams=Хрущева,,,
rinc_identity,995,analytics_output/rinc_lookup_queue.csv,65,PERS_58b39545,Ренковская Евгения Алексеевна,todo,,https://elibrary.ru/author_items.asp?authorid=&fams=Ренковская,,,
rinc_identity,995,analytics_output/rinc_lookup_queue.csv,67,PERS_91b473b1,Челнокова Анна Витальевна,todo,,https://elibrary.ru/author_items.asp?authorid=&fams=Челнокова,,,
rinc_identity,995,analytics_output/rinc_lookup_queue.csv,62,PERS_0665f215,Шохин Владимир Кириллович,todo,,https://elibrary.ru/author_items.asp?authorid=&fams=Шохин,,,
biographical_gap,996,analytics_output/birth_year_gap_audit.csv,4,PERS_c0d95426,А. Бейнорюс,todo,,,,,4; 2004; 2015; 1
biographical_gap,996,analytics_output/birth_year_gap_audit.csv,5,PERS_f8e06692,В. Коробов,review,initial_prefix; high,,,,4; 2011; 2016; 1
biographical_gap,996,analytics_output/birth_year_gap_audit.csv,6,PERS_b6d1bf05,В. С. Дылыкова,todo,,,,,4; 2017; 2021; 1
rinc_identity,996,analytics_output/rinc_lookup_queue.csv,79,PERS_554c138a,Г. Г. Хмуркин,todo,,https://elibrary.ru/author_items.asp?authorid=&fams=Хмуркин,,,
rinc_identity,996,analytics_output/rinc_lookup_queue.csv,78,PERS_45a76880,Д. А. Кораблин,todo,,https://elibrary.ru/author_items.asp?authorid=&fams=Кораблин,,,
rinc_identity,996,analytics_output/rinc_lookup_queue.csv,83,PERS_8108c314,Ерченков Олег Николаевич,todo,,https://elibrary.ru/author_items.asp?authorid=&fams=Ерченков,,,
rinc_identity,996,analytics_output/rinc_lookup_queue.csv,84,PERS_db0a826b,И.Н. Комарова,todo,,https://elibrary.ru/author_items.asp?authorid=&fams=Комарова,,,
rinc_identity,996,analytics_output/rinc_lookup_queue.csv,81,PERS_6e211759,Иванов Владимир Павлович,todo,,https://elibrary.ru/author_items.asp?authorid=&fams=Иванов,,,
rinc_identity,996,analytics_output/rinc_lookup_queue.csv,75,PERS_2a2e5602,Коровина Евгения Владимировна,todo,,https://elibrary.ru/author_items.asp?authorid=&fams=Коровина,,,
rinc_identity,996,analytics_output/rinc_lookup_queue.csv,76,PERS_3c202afd,Крапивина Рада Нельсовна,todo,,https://elibrary.ru/author_items.asp?authorid=&fams=Крапивина,,,
rinc_identity,996,analytics_output/rinc_lookup_queue.csv,77,PERS_3c7d41ac,М.С. Фомин,todo,,https://elibrary.ru/author_items.asp?authorid=&fams=Фомин,,,
rinc_identity,996,analytics_output/rinc_lookup_queue.csv,80,PERS_5e2a5a5c,Столярова Екатерина Владимировна,todo,,https://elibrary.ru/author_items.asp?authorid=&fams=Столярова,,,
rinc_identity,996,analytics_output/rinc_lookup_queue.csv,82,PERS_7f908d49,Стрельцова Лилия Александровна,todo,,https://elibrary.ru/author_items.asp?authorid=&fams=Стрельцова,,,
rinc_identity,996,analytics_output/rinc_lookup_queue.csv,73,PERS_06ee047f,Ю. И. Елихина,todo,,https://elibrary.ru/author_items.asp?authorid=&fams=Елихина,,,
rinc_identity,996,analytics_output/rinc_lookup_queue.csv,74,PERS_088c4df7,Ю.Г. Атманова,todo,,https://elibrary.ru/author_items.asp?authorid=&fams=Атманова,,,
biographical_gap,997,analytics_output/birth_year_gap_audit.csv,7,PERS_3e952361,А. Н. Хохлов,todo,,,,,3; 2008; 2012; 1
biographical_gap,997,analytics_output/birth_year_gap_audit.csv,8,PERS_f7c7adc7,В. В. Донских,todo,,,,,3; 2015; 2017; 1
biographical_gap,997,analytics_output/birth_year_gap_audit.csv,9,PERS_3b190078,В. Яскунас,todo,,,,,3; 2007; 2012; 1
rinc_identity,997,analytics_output/rinc_lookup_queue.csv,94,PERS_aebd34a2,А. И. Коган,todo,,https://elibrary.ru/author_items.asp?authorid=&fams=Коган,,,
rinc_identity,997,analytics_output/rinc_lookup_queue.csv,89,PERS_40375fef,А.К. Васильев,todo,,https://elibrary.ru/author_items.asp?authorid=&fams=Васильев,,,
rinc_identity,997,analytics_output/rinc_lookup_queue.csv,101,PERS_d218805b,В. Ю. Крюкова,todo,,https://elibrary.ru/author_items.asp?authorid=&fams=Крюкова,,,
rinc_identity,997,analytics_output/rinc_lookup_queue.csv,92,PERS_69750b7c,В. Н. Мазурина,todo,,https://elibrary.ru/author_items.asp?authorid=&fams=Мазурина,,,
rinc_identity,997,analytics_output/rinc_lookup_queue.csv,103,PERS_f940c5b3,Г. В. Стрелкова,todo,,https://elibrary.ru/author_items.asp?authorid=&fams=Стрелкова,,,
rinc_identity,997,analytics_output/rinc_lookup_queue.csv,93,PERS_8df3730a,Донченко Сергей Сергеевич,todo,,https://elibrary.ru/author_items.asp?authorid=&fams=Донченко,,,
rinc_identity,997,analytics_output/rinc_lookup_queue.csv,98,PERS_bcaec2d8,Дружинин Владимир Юрьевич,todo,,https://elibrary.ru/author_items.asp?authorid=&fams=Дружинин,,,
rinc_identity,997,analytics_output/rinc_lookup_queue.csv,95,PERS_b2c121e9,Е. Н. Успенская,todo,,https://elibrary.ru/author_items.asp?authorid=&fams=Успенская,,,
rinc_identity,997,analytics_output/rinc_lookup_queue.csv,102,PERS_f56c5a7e,Жукова Любовь Евгеньевна,todo,,https://elibrary.ru/author_items.asp?authorid=&fams=Жукова,,,
rinc_identity,997,analytics_output/rinc_lookup_queue.csv,86,PERS_0fd718a7,К. М. Воздиган,todo,,https://elibrary.ru/author_items.asp?authorid=&fams=Воздиган,,,
rinc_identity,997,analytics_output/rinc_lookup_queue.csv,99,PERS_cb52ebc2,Лемешкина Ксения Вячеславовна,todo,,https://elibrary.ru/author_items.asp?authorid=&fams=Лемешкина,,,
rinc_identity,997,analytics_output/rinc_lookup_queue.csv,90,PERS_4fff9d16,Минаева Мария Дмитриевна,todo,,https://elibrary.ru/author_items.asp?authorid=&fams=Минаева,,,
rinc_identity,997,analytics_output/rinc_lookup_queue.csv,100,PERS_ced3d7b4,Молина Анна Валерьевна,todo,,https://elibrary.ru/author_items.asp?authorid=&fams=Молина,,,
rinc_identity,997,analytics_output/rinc_lookup_queue.csv,85,PERS_01aafd44,Сафина Наталья Алексеевна,todo,,https://elibrary.ru/author_items.asp?authorid=&fams=Сафина,,,
rinc_identity,997,analytics_output/rinc_lookup_queue.csv,88,PERS_3d3b302d,Соболева Диана Владимировна,todo,,https://elibrary.ru/author_items.asp?authorid=&fams=Соболева,,,
rinc_identity,997,analytics_output/rinc_lookup_queue.csv,91,PERS_6441d568,Соболева Елена Станиславовна,todo,,https://elibrary.ru/author_items.asp?authorid=&fams=Соболева,,,
rinc_identity,997,analytics_output/rinc_lookup_queue.csv,87,PERS_28317057,Т. А. Дубянская,todo,,https://elibrary.ru/author_items.asp?authorid=&fams=Дубянская,,,
rinc_identity,997,analytics_output/rinc_lookup_queue.csv,97,PERS_ba81468a,Ю. Г. Кокова,todo,,https://elibrary.ru/author_items.asp?authorid=&fams=Кокова,,,
rinc_identity,997,analytics_output/rinc_lookup_queue.csv,96,PERS_b881461b,Яковлева Мария Николаевна,todo,,https://elibrary.ru/author_items.asp?authorid=&fams=Яковлева,,,
biographical_gap,998,analytics_output/birth_year_gap_audit.csv,10,PERS_800ac07e,А. А. Нейвирт,todo,,,,,2; 2010; 2015; 1
biographical_gap,998,analytics_output/birth_year_gap_audit.csv,11,PERS_7bbed51a,А. Л. Сладков,todo,,,,,2; 2004; 2009; 1
biographical_gap,998,analytics_output/birth_year_gap_audit.csv,12,PERS_3ccc9bd7,А. Солька,todo,,,,,2; 2021; 2024; 1
biographical_gap,998,analytics_output/birth_year_gap_audit.csv,13,PERS_929cab5a,Ю. В. Предтеченская,todo,,,,,2; 2008; 2009; 1
rinc_identity,998,analytics_output/rinc_lookup_queue.csv,110,PERS_37d557c2,Анисимова Дарья Дмитриевна,todo,,https://elibrary.ru/author_items.asp?authorid=&fams=Анисимова,,,
rinc_identity,998,analytics_output/rinc_lookup_queue.csv,122,PERS_c31236d2,Березкин Юрий Евгеньевич,todo,,https://elibrary.ru/author_items.asp?authorid=&fams=Березкин,,,
rinc_identity,998,analytics_output/rinc_lookup_queue.csv,105,PERS_18fcab2a,Блиндерман Радха Тимуровна,todo,,https://elibrary.ru/author_items.asp?authorid=&fams=Блиндерман,,,
rinc_identity,998,analytics_output/rinc_lookup_queue.csv,106,PERS_2c40b9b1,Гуров Никита Владимирович,todo,,https://elibrary.ru/author_items.asp?authorid=&fams=Гуров,,,
rinc_identity,998,analytics_output/rinc_lookup_queue.csv,116,PERS_7da0afff,Демичев Кирилл Андреевич,todo,,https://elibrary.ru/author_items.asp?authorid=&fams=Демичев,,,
rinc_identity,998,analytics_output/rinc_lookup_queue.csv,109,PERS_35c57654,Егорова Мария Александровна,todo,,https://elibrary.ru/author_items.asp?authorid=&fams=Егорова,,,
rinc_identity,998,analytics_output/rinc_lookup_queue.csv,124,PERS_cdbd7a15,Кулланда Сергей Всеволодович,todo,,https://elibrary.ru/author_items.asp?authorid=&fams=Кулланда,,,
rinc_identity,998,analytics_output/rinc_lookup_queue.csv,119,PERS_b62a9567,Курочкин Александр Юрьевич,todo,,https://elibrary.ru/author_items.asp?authorid=&fams=Курочкин,,,
rinc_identity,998,analytics_output/rinc_lookup_queue.csv,118,PERS_9e9c9566,Лекарева Ева Павловна,todo,,https://elibrary.ru/author_items.asp?authorid=&fams=Лекарева,,,
rinc_identity,998,analytics_output/rinc_lookup_queue.csv,113,PERS_587b08ec,Леонов Михаил Васильевич,todo,,https://elibrary.ru/author_items.asp?authorid=&fams=Леонов,,,
rinc_identity,998,analytics_output/rinc_lookup_queue.csv,117,PERS_8df81b6d,Лужинская Полина Александровна,todo,,https://elibrary.ru/author_items.asp?authorid=&fams=Лужинская,,,
rinc_identity,998,analytics_output/rinc_lookup_queue.csv,111,PERS_50c46233,Маретина Ксения Александровна,todo,,https://elibrary.ru/author_items.asp?authorid=&fams=Маретина,,,
rinc_identity,998,analytics_output/rinc_lookup_queue.csv,112,PERS_52d3f72c,Мейтарчиян Маргарита Борисовна,todo,,https://elibrary.ru/author_items.asp?authorid=&fams=Мейтарчиян,,,
rinc_identity,998,analytics_output/rinc_lookup_queue.csv,120,PERS_b76851a7,Митруев Бембя Леонидович,todo,,https://elibrary.ru/author_items.asp?authorid=&fams=Митруев,,,
rinc_identity,998,analytics_output/rinc_lookup_queue.csv,126,PERS_e5a5ac24,Невелева Светлана Леонидовна,todo,,https://elibrary.ru/author_items.asp?authorid=&fams=Невелева,,,
rinc_identity,998,analytics_output/rinc_lookup_queue.csv,123,PERS_cca8f93d,Немчинов Виктор Михайлович,todo,,https://elibrary.ru/author_items.asp?authorid=&fams=Немчинов,,,
rinc_identity,998,analytics_output/rinc_lookup_queue.csv,114,PERS_5f6fa17b,Пахомова Александра Михайловна,todo,,https://elibrary.ru/author_items.asp?authorid=&fams=Пахомова,,,
rinc_identity,998,analytics_output/rinc_lookup_queue.csv,125,PERS_d4c2cc5e,Т.В. Лучина,todo,,https://elibrary.ru/author_items.asp?authorid=&fams=Лучина,,,
rinc_identity,998,analytics_output/rinc_lookup_queue.csv,107,PERS_3074a8e5,Терентьев Андрей Анатольевич,todo,,https://elibrary.ru/author_items.asp?authorid=&fams=Терентьев,,,
rinc_identity,998,analytics_output/rinc_lookup_queue.csv,104,PERS_0a2e5f24,Тишин Владимир Владимирович,todo,,https://elibrary.ru/author_items.asp?authorid=&fams=Тишин,,,
rinc_identity,998,analytics_output/rinc_lookup_queue.csv,108,PERS_310b2911,Толчельников Иван Евгеньевич,todo,,https://elibrary.ru/author_items.asp?authorid=&fams=Толчельников,,,
rinc_identity,998,analytics_output/rinc_lookup_queue.csv,121,PERS_bf91d4b8,Уймина Юлия Александровна,todo,,https://elibrary.ru/author_items.asp?authorid=&fams=Уймина,,,
rinc_identity,998,analytics_output/rinc_lookup_queue.csv,115,PERS_6ae5c779,Фивейская Анастасия Васильевна,todo,,https://elibrary.ru/author_items.asp?authorid=&fams=Фивейская,,,
biographical_gap,999,analytics_output/birth_year_gap_audit.csv,14,PERS_f2a6e31a,A. Х. Шoмaxмадов,todo,,,,,1; 2006; 2006; 1
biographical_gap,999,analytics_output/birth_year_gap_audit.csv,15,PERS_bbd15f4f,А. А. Степин,todo,,,,,1; 2024; 2024; 1
biographical_gap,999,analytics_output/birth_year_gap_audit.csv,16,PERS_675f37f0,А. Бабин,review,initial_prefix; high,,,,1; 2019; 2019; 1
biographical_gap,999,analytics_output/birth_year_gap_audit.csv,17,PERS_d17a6a92,А. В. Киняева,todo,,,,,1; 2024; 2024; 1
biographical_gap,999,analytics_output/birth_year_gap_audit.csv,18,PERS_b9a0e40c,А. В. Осокин,todo,,,,,1; 2024; 2024; 1
biographical_gap,999,analytics_output/birth_year_gap_audit.csv,19,PERS_9f159bcf,А. Ковалевская,todo,,,,,1; 2019; 2019; 1
biographical_gap,999,analytics_output/birth_year_gap_audit.csv,20,PERS_410c5a08,А. Хомиченкене,todo,,,,,1; 2004; 2004; 1
biographical_gap,999,analytics_output/birth_year_gap_audit.csv,21,PERS_37c15317,А. Э. Калина,todo,,,,,1; 2024; 2024; 1
biographical_gap,999,analytics_output/birth_year_gap_audit.csv,22,PERS_c1cc76b9,А. Я. Таран,todo,,,,,1; 2015; 2015; 1
biographical_gap,999,analytics_output/birth_year_gap_audit.csv,23,PERS_839d97c7,Б. И. Загумённов,todo,,,,,1; 2009; 2009; 1
biographical_gap,999,analytics_output/birth_year_gap_audit.csv,24,PERS_325e94f3,В. В. Котин,todo,,,,,1; 2017; 2017; 1
biographical_gap,999,analytics_output/birth_year_gap_audit.csv,25,PERS_85a048b8,В. Л. Денисенко,todo,,,,,1; 2023; 2023; 1
biographical_gap,999,analytics_output/birth_year_gap_audit.csv,26,PERS_5d52a475,Г. С. Шарыгин,todo,,,,,1; 2009; 2009; 1
biographical_gap,999,analytics_output/birth_year_gap_audit.csv,27,PERS_5af1c05a,Г. Стукалин,review,initial_prefix; high,,,,1; 2018; 2018; 1
biographical_gap,999,analytics_output/birth_year_gap_audit.csv,28,PERS_79ed852e,Д. А. Евграфов,todo,,,,,1; 2024; 2024; 1
biographical_gap,999,analytics_output/birth_year_gap_audit.csv,29,PERS_940c556e,Д. А. Шереметьев,todo,,,,,1; 2017; 2017; 1
biographical_gap,999,analytics_output/birth_year_gap_audit.csv,30,PERS_d018b6eb,Д. Валанчюнас,todo,,,,,1; 2007; 2007; 1
biographical_gap,999,analytics_output/birth_year_gap_audit.csv,31,PERS_c9e43db7,Е. А. Бушуев,todo,,,,,1; 2015; 2015; 1
biographical_gap,999,analytics_output/birth_year_gap_audit.csv,32,PERS_4831e64b,Е. Анохина,todo,,,,,1; 2008; 2008; 1
biographical_gap,999,analytics_output/birth_year_gap_audit.csv,33,PERS_14dec06b,Е. Б. Кудрявцева,todo,,,,,1; 2016; 2016; 1
biographical_gap,999,analytics_output/birth_year_gap_audit.csv,34,PERS_04a4bbbb,Е. И. Малоземова,todo,,,,,1; 2018; 2018; 1
biographical_gap,999,analytics_output/birth_year_gap_audit.csv,35,PERS_e8f935aa,Е. К. Кудрявцева,todo,,,,,1; 2015; 2015; 1
biographical_gap,999,analytics_output/birth_year_gap_audit.csv,36,PERS_5d38cbae,Е. Н. Аникеева,todo,,,,,1; 2008; 2008; 1
biographical_gap,999,analytics_output/birth_year_gap_audit.csv,37,PERS_3f406fe3,Е. Р. Кравцова,todo,,,,,1; 2024; 2024; 1
biographical_gap,999,analytics_output/birth_year_gap_audit.csv,38,PERS_c5aeda15,И. А. Урнова,todo,,,,,1; 2009; 2009; 1
biographical_gap,999,analytics_output/birth_year_gap_audit.csv,39,PERS_a4c4c35e,И. В. Калинина,todo,,,,,1; 2016; 2016; 1
biographical_gap,999,analytics_output/birth_year_gap_audit.csv,40,PERS_ac7e1d48,И. Рыжакова,review,patronymic_initial_only; medium,,,,1; 2012; 2012; 1
biographical_gap,999,analytics_output/birth_year_gap_audit.csv,41,PERS_7853fddb,И. Урнова,todo,,,,,1; 2008; 2008; 1
biographical_gap,999,analytics_output/birth_year_gap_audit.csv,42,PERS_1955e9e8,К. Гаралите,todo,,,,,1; 2011; 2011; 1
biographical_gap,999,analytics_output/birth_year_gap_audit.csv,43,PERS_045c435e,К. Джункова,todo,,,,,1; 2018; 2018; 1
biographical_gap,999,analytics_output/birth_year_gap_audit.csv,44,PERS_300654cc,К. Маретина,review,initial_prefix; high,,,,1; 2010; 2010; 1
biographical_gap,999,analytics_output/birth_year_gap_audit.csv,45,PERS_ddb70dc9,М. А. Азаркина,todo,,,,,1; 2015; 2015; 1
biographical_gap,999,analytics_output/birth_year_gap_audit.csv,46,PERS_57082cac,М. А. Овчинникова,todo,,,,,1; 2025; 2025; 1
biographical_gap,999,analytics_output/birth_year_gap_audit.csv,47,PERS_d851ac20,М. В. Вершинина,todo,,,,,1; 2025; 2025; 1
biographical_gap,999,analytics_output/birth_year_gap_audit.csv,48,PERS_ba7b23ae,М. Демченко,review,initial_prefix; high,,,,1; 2016; 2016; 1
biographical_gap,999,analytics_output/birth_year_gap_audit.csv,49,PERS_ba537782,М. И. Петрова,todo,,,,,1; 2004; 2004; 1
biographical_gap,999,analytics_output/birth_year_gap_audit.csv,50,PERS_0900c3c4,М. М. Фиалко,todo,,,,,1; 2013; 2013; 1
biographical_gap,999,analytics_output/birth_year_gap_audit.csv,51,PERS_fc2af3f1,М. Н. Кожевникова,todo,,,,,1; 2017; 2017; 1
biographical_gap,999,analytics_output/birth_year_gap_audit.csv,52,PERS_56e6d363,М. Павлова,review,initial_prefix; high,,,,1; 2024; 2024; 1
biographical_gap,999,analytics_output/birth_year_gap_audit.csv,53,PERS_cea040bb,М. Рамдхари,todo,,,,,1; 2019; 2019; 1
biographical_gap,999,analytics_output/birth_year_gap_audit.csv,54,PERS_fa58484d,Н. А. Александрова,todo,,,,,1; 2016; 2016; 1
biographical_gap,999,analytics_output/birth_year_gap_audit.csv,55,PERS_377db63e,Н. А. Седукова,todo,,,,,1; 2026; 2026; 1
biographical_gap,999,analytics_output/birth_year_gap_audit.csv,56,PERS_0a42bfb2,Н. В. Хомутинникова,todo,,,,,1; 2004; 2004; 1
biographical_gap,999,analytics_output/birth_year_gap_audit.csv,57,PERS_f55cf2d5,Н. Краснодембская,review,initial_prefix; high,,,,1; 2021; 2021; 1
biographical_gap,999,analytics_output/birth_year_gap_audit.csv,58,PERS_0da9b0dd,О. В. Вечерина,todo,,,,,1; 2016; 2016; 1
biographical_gap,999,analytics_output/birth_year_gap_audit.csv,59,PERS_ebc1c3c2,О. В. Лундышева,todo,,,,,1; 2025; 2025; 1
biographical_gap,999,analytics_output/birth_year_gap_audit.csv,60,PERS_5e6bef63,П. Лужинская,review,initial_prefix; high,,,,1; 2024; 2024; 1
biographical_gap,999,analytics_output/birth_year_gap_audit.csv,61,PERS_dd17649f,Р. В. Светлов,todo,,,,,1; 2016; 2016; 1
biographical_gap,999,analytics_output/birth_year_gap_audit.csv,62,PERS_c9d44ed0,С. А. Пахомов,todo,,,,,1; 2004; 2004; 1
biographical_gap,999,analytics_output/birth_year_gap_audit.csv,63,PERS_72d46eb6,С. С. Чистяков,todo,,,,,1; 2017; 2017; 1
biographical_gap,999,analytics_output/birth_year_gap_audit.csv,64,PERS_48b3bec3,Ч. Санчай,todo,,,,,1; 2024; 2024; 1
biographical_gap,999,analytics_output/birth_year_gap_audit.csv,65,PERS_752884a2,Ш. Макмахуна,todo,,,,,1; 2017; 2017; 1
biographical_gap,999,analytics_output/birth_year_gap_audit.csv,66,PERS_23abae7d,Ю. Г. Пушкарева,todo,,,,,1; 2026; 2026; 1
rinc_identity,999,analytics_output/rinc_lookup_queue.csv,141,PERS_26c3214a,Christian Lindtner,todo,,https://elibrary.ru/author_items.asp?authorid=&fams=Christian,,,
rinc_identity,999,analytics_output/rinc_lookup_queue.csv,207,PERS_cb967ae4,Harjender Singh Chaudhary,todo,,https://elibrary.ru/author_items.asp?authorid=&fams=Harjender,,,
rinc_identity,999,analytics_output/rinc_lookup_queue.csv,182,PERS_856eb5c6,Vishnu Shukla,todo,,https://elibrary.ru/author_items.asp?authorid=&fams=Vishnu,,,
rinc_identity,999,analytics_output/rinc_lookup_queue.csv,155,PERS_3d22e8d4,А. М. Стрелков,todo,,https://elibrary.ru/author_items.asp?authorid=&fams=Стрелков,,,
rinc_identity,999,analytics_output/rinc_lookup_queue.csv,136,PERS_180c5e5c,А. В. Арапов,todo,,https://elibrary.ru/author_items.asp?authorid=&fams=Арапов,,,
rinc_identity,999,analytics_output/rinc_lookup_queue.csv,137,PERS_2011b78d,А.В. Бондарев,todo,,https://elibrary.ru/author_items.asp?authorid=&fams=Бондарев,,,
rinc_identity,999,analytics_output/rinc_lookup_queue.csv,201,PERS_b5dd77b1,А.В. Мрачковская,todo,,https://elibrary.ru/author_items.asp?authorid=&fams=Мрачковская,,,
rinc_identity,999,analytics_output/rinc_lookup_queue.csv,223,PERS_f619aeed,А.Д. Цендина,todo,,https://elibrary.ru/author_items.asp?authorid=&fams=Цендина,,,
rinc_identity,999,analytics_output/rinc_lookup_queue.csv,220,PERS_f1a308b7,Абинякин Владимир Александрович,todo,,https://elibrary.ru/author_items.asp?authorid=&fams=Абинякин,,,
rinc_identity,999,analytics_output/rinc_lookup_queue.csv,167,PERS_51e0a171,Алешина Ирина Евгеньевна,todo,,https://elibrary.ru/author_items.asp?authorid=&fams=Алешина,,,
rinc_identity,999,analytics_output/rinc_lookup_queue.csv,152,PERS_35ac9c82,Б. В. Загуменнов,todo,,https://elibrary.ru/author_items.asp?authorid=&fams=Загуменнов,,,
rinc_identity,999,analytics_output/rinc_lookup_queue.csv,131,PERS_10547db9,Б. И. Загуменнов,todo,,https://elibrary.ru/author_items.asp?authorid=&fams=Загуменнов,,,
rinc_identity,999,analytics_output/rinc_lookup_queue.csv,164,PERS_4a0de87e,Белимова Влада Сергеевна,todo,,https://elibrary.ru/author_items.asp?authorid=&fams=Белимова,,,
rinc_identity,999,analytics_output/rinc_lookup_queue.csv,173,PERS_61de659d,Белов Владимир Николаевич,todo,,https://elibrary.ru/author_items.asp?authorid=&fams=Белов,,,
rinc_identity,999,analytics_output/rinc_lookup_queue.csv,209,PERS_d01427ca,Бещук Юлия Владимировна,todo,,https://elibrary.ru/author_items.asp?authorid=&fams=Бещук,,,
rinc_identity,999,analytics_output/rinc_lookup_queue.csv,192,PERS_9bf51055,В. М. Шелкович,todo,,https://elibrary.ru/author_items.asp?authorid=&fams=Шелкович,,,
rinc_identity,999,analytics_output/rinc_lookup_queue.csv,219,PERS_ee3448c3,В.В. Деменова,todo,,https://elibrary.ru/author_items.asp?authorid=&fams=Деменова,,,
rinc_identity,999,analytics_output/rinc_lookup_queue.csv,215,PERS_e4aab278,Возчиков Дмитрий Викторович,todo,,https://elibrary.ru/author_items.asp?authorid=&fams=Возчиков,,,
rinc_identity,999,analytics_output/rinc_lookup_queue.csv,160,PERS_42da4866,Г. Д. Стукалин,todo,,https://elibrary.ru/author_items.asp?authorid=&fams=Стукалин,,,
rinc_identity,999,analytics_output/rinc_lookup_queue.csv,202,PERS_bd77e495,Г.Б. Корнеев,todo,,https://elibrary.ru/author_items.asp?authorid=&fams=Корнеев,,,
rinc_identity,999,analytics_output/rinc_lookup_queue.csv,211,PERS_de59a2bc,Г.В. Шарыгин,todo,,https://elibrary.ru/author_items.asp?authorid=&fams=Шарыгин,,,
rinc_identity,999,analytics_output/rinc_lookup_queue.csv,189,PERS_94aa5d0a,Г.И. Чернавин,todo,,https://elibrary.ru/author_items.asp?authorid=&fams=Чернавин,,,
rinc_identity,999,analytics_output/rinc_lookup_queue.csv,166,PERS_51524b11,Гладкова Анна Геннадьевна,todo,,https://elibrary.ru/author_items.asp?authorid=&fams=Гладкова,,,
rinc_identity,999,analytics_output/rinc_lookup_queue.csv,161,PERS_44440578,Грановская Хелена,todo,,https://elibrary.ru/author_items.asp?authorid=&fams=Грановская,,,
rinc_identity,999,analytics_output/rinc_lookup_queue.csv,133,PERS_142b5c2b,Д. Н. Парамонов,todo,,https://elibrary.ru/author_items.asp?authorid=&fams=Парамонов,,,
rinc_identity,999,analytics_output/rinc_lookup_queue.csv,179,PERS_7700f517,Д. О. Парамонов,todo,,https://elibrary.ru/author_items.asp?authorid=&fams=Парамонов,,,
rinc_identity,999,analytics_output/rinc_lookup_queue.csv,157,PERS_3e38ff72,Д.А. Рожнова,todo,,https://elibrary.ru/author_items.asp?authorid=&fams=Рожнова,,,
rinc_identity,999,analytics_output/rinc_lookup_queue.csv,147,PERS_2e2b9553,Д.Д. Наймушина,todo,,https://elibrary.ru/author_items.asp?authorid=&fams=Наймушина,,,
rinc_identity,999,analytics_output/rinc_lookup_queue.csv,149,PERS_3195408b,Д.Н. Ратушный,todo,,https://elibrary.ru/author_items.asp?authorid=&fams=Ратушный,,,
rinc_identity,999,analytics_output/rinc_lookup_queue.csv,214,PERS_e30ad8b7,Д.С. Гавриков,todo,,https://elibrary.ru/author_items.asp?authorid=&fams=Гавриков,,,
rinc_identity,999,analytics_output/rinc_lookup_queue.csv,168,PERS_526da44f,Д.С. Шапошникова,todo,,https://elibrary.ru/author_items.asp?authorid=&fams=Шапошникова,,,
rinc_identity,999,analytics_output/rinc_lookup_queue.csv,172,PERS_5f6689e8,Дмитриева Виктория Алексеевна,todo,,https://elibrary.ru/author_items.asp?authorid=&fams=Дмитриева,,,
rinc_identity,999,analytics_output/rinc_lookup_queue.csv,204,PERS_c2ffc606,Драчук Андрей Олегович,todo,,https://elibrary.ru/author_items.asp?authorid=&fams=Драчук,,,
rinc_identity,999,analytics_output/rinc_lookup_queue.csv,144,PERS_2b7ca933,Е. В. Танонова,todo,,https://elibrary.ru/author_items.asp?authorid=&fams=Танонова,,,
rinc_identity,999,analytics_output/rinc_lookup_queue.csv,156,PERS_3d4df70f,Е. О. Акимушкина,todo,,https://elibrary.ru/author_items.asp?authorid=&fams=Акимушкина,,,
rinc_identity,999,analytics_output/rinc_lookup_queue.csv,178,PERS_6f89f9c1,Е. Р. Крючкова,todo,,https://elibrary.ru/author_items.asp?authorid=&fams=Крючкова,,,
rinc_identity,999,analytics_output/rinc_lookup_queue.csv,148,PERS_30b54681,Е. С. Бушуев,todo,,https://elibrary.ru/author_items.asp?authorid=&fams=Бушуев,,,
rinc_identity,999,analytics_output/rinc_lookup_queue.csv,177,PERS_6b867946,Е. В. Смирнова,todo,,https://elibrary.ru/author_items.asp?authorid=&fams=Смирнова,,,
rinc_identity,999,analytics_output/rinc_lookup_queue.csv,158,PERS_3fd690ee,Е. Л. Комиссарук,todo,,https://elibrary.ru/author_items.asp?authorid=&fams=Комиссарук,,,
rinc_identity,999,analytics_output/rinc_lookup_queue.csv,203,PERS_bdaaf440,Е.В.Слинько,todo,,https://elibrary.ru/author_items.asp?authorid=&fams=Е.В.Слинько,,,
rinc_identity,999,analytics_output/rinc_lookup_queue.csv,138,PERS_2095dc59,Е.Г. Шалахов,todo,,https://elibrary.ru/author_items.asp?authorid=&fams=Шалахов,,,
rinc_identity,999,analytics_output/rinc_lookup_queue.csv,217,PERS_ecdfe667,Е.О. Новосёлова,todo,,https://elibrary.ru/author_items.asp?authorid=&fams=Новосёлова,,,
rinc_identity,999,analytics_output/rinc_lookup_queue.csv,128,PERS_04c4d444,Е.С. Юдицкая,todo,,https://elibrary.ru/author_items.asp?authorid=&fams=Юдицкая,,,
rinc_identity,999,analytics_output/rinc_lookup_queue.csv,154,PERS_38c5f03f,Железнова Наталья Анатольевна,todo,,https://elibrary.ru/author_items.asp?authorid=&fams=Железнова,,,
rinc_identity,999,analytics_output/rinc_lookup_queue.csv,190,PERS_94f33410,Застрожнова Евгения Григорьевна,todo,,https://elibrary.ru/author_items.asp?authorid=&fams=Застрожнова,,,
rinc_identity,999,analytics_output/rinc_lookup_queue.csv,185,PERS_900efc73,Зевацкий Тимофей Юрьевич,todo,,https://elibrary.ru/author_items.asp?authorid=&fams=Зевацкий,,,
rinc_identity,999,analytics_output/rinc_lookup_queue.csv,151,PERS_35a30342,И. О. Негреев,todo,,https://elibrary.ru/author_items.asp?authorid=&fams=Негреев,,,
rinc_identity,999,analytics_output/rinc_lookup_queue.csv,227,PERS_fe03c926,И.А. Карышева,todo,,https://elibrary.ru/author_items.asp?authorid=&fams=Карышева,,,
rinc_identity,999,analytics_output/rinc_lookup_queue.csv,205,PERS_c582889e,Иткин Илья Борисович,todo,,https://elibrary.ru/author_items.asp?authorid=&fams=Иткин,,,
rinc_identity,999,analytics_output/rinc_lookup_queue.csv,176,PERS_6a165aa7,К.В. Хазизова,todo,,https://elibrary.ru/author_items.asp?authorid=&fams=Хазизова,,,
rinc_identity,999,analytics_output/rinc_lookup_queue.csv,134,PERS_147ab928,К.Д. Никольская,todo,,https://elibrary.ru/author_items.asp?authorid=&fams=Никольская,,,
rinc_identity,999,analytics_output/rinc_lookup_queue.csv,195,PERS_a1484b38,Кавалевская А. П.,todo,,https://elibrary.ru/author_items.asp?authorid=&fams=Кавалевская,,,
rinc_identity,999,analytics_output/rinc_lookup_queue.csv,186,PERS_92f41884,Касым Софья Васильевна,todo,,https://elibrary.ru/author_items.asp?authorid=&fams=Касым,,,
rinc_identity,999,analytics_output/rinc_lookup_queue.csv,225,PERS_fb73fb38,Кешарпу Екатерина Витальевна,todo,,https://elibrary.ru/author_items.asp?authorid=&fams=Кешарпу,,,
rinc_identity,999,analytics_output/rinc_lookup_queue.csv,162,PERS_467d4dbb,Клебанов Андрей Александрович,todo,,https://elibrary.ru/author_items.asp?authorid=&fams=Клебанов,,,
rinc_identity,999,analytics_output/rinc_lookup_queue.csv,169,PERS_5331196d,Ковалевская Анна Петровна,todo,,https://elibrary.ru/author_items.asp?authorid=&fams=Ковалевская,,,
rinc_identity,999,analytics_output/rinc_lookup_queue.csv,199,PERS_af811d47,Корнеева Татьяна Георгиевна,todo,,https://elibrary.ru/author_items.asp?authorid=&fams=Корнеева,,,
rinc_identity,999,analytics_output/rinc_lookup_queue.csv,216,PERS_e96139bd,Коробов Владимир Борисович,todo,,https://elibrary.ru/author_items.asp?authorid=&fams=Коробов,,,
rinc_identity,999,analytics_output/rinc_lookup_queue.csv,222,PERS_f5a69b65,Кройцер Светлана Александровна,todo,,https://elibrary.ru/author_items.asp?authorid=&fams=Кройцер,,,
rinc_identity,999,analytics_output/rinc_lookup_queue.csv,187,PERS_9366fe2c,Крыштоп Людмила Эдуардовна,todo,,https://elibrary.ru/author_items.asp?authorid=&fams=Крыштоп,,,
rinc_identity,999,analytics_output/rinc_lookup_queue.csv,159,PERS_40f75cf9,Л.Г. Роман,todo,,https://elibrary.ru/author_items.asp?authorid=&fams=Роман,,,
rinc_identity,999,analytics_output/rinc_lookup_queue.csv,143,PERS_29607432,Лапшин Иван Евгеньевич,todo,,https://elibrary.ru/author_items.asp?authorid=&fams=Лапшин,,,
rinc_identity,999,analytics_output/rinc_lookup_queue.csv,130,PERS_07adc1e6,Лейтан Эдгар Зигфридович,todo,,https://elibrary.ru/author_items.asp?authorid=&fams=Лейтан,,,
rinc_identity,999,analytics_output/rinc_lookup_queue.csv,163,PERS_47ad46f1,М. А. Родионов,todo,,https://elibrary.ru/author_items.asp?authorid=&fams=Родионов,,,
rinc_identity,999,analytics_output/rinc_lookup_queue.csv,191,PERS_96b8b195,М. Н. Боголюбов,todo,,https://elibrary.ru/author_items.asp?authorid=&fams=Боголюбов,,,
rinc_identity,999,analytics_output/rinc_lookup_queue.csv,200,PERS_b024f2dd,М. Н. Русанов,todo,,https://elibrary.ru/author_items.asp?authorid=&fams=Русанов,,,
rinc_identity,999,analytics_output/rinc_lookup_queue.csv,198,PERS_a901d460,М. А. Фаградян,todo,,https://elibrary.ru/author_items.asp?authorid=&fams=Фаградян,,,
rinc_identity,999,analytics_output/rinc_lookup_queue.csv,150,PERS_34c0d384,М. Б. Павлова,todo,,https://elibrary.ru/author_items.asp?authorid=&fams=Павлова,,,
rinc_identity,999,analytics_output/rinc_lookup_queue.csv,127,PERS_00c3b0cc,М.Б. Щербак,todo,,https://elibrary.ru/author_items.asp?authorid=&fams=Щербак,,,
rinc_identity,999,analytics_output/rinc_lookup_queue.csv,129,PERS_05707a8e,М.Б.Загорулько,todo,,https://elibrary.ru/author_items.asp?authorid=&fams=М.Б.Загорулько,,,
rinc_identity,999,analytics_output/rinc_lookup_queue.csv,184,PERS_88e5311f,М.В. Босхомджиев,todo,,https://elibrary.ru/author_items.asp?authorid=&fams=Босхомджиев,,,
rinc_identity,999,analytics_output/rinc_lookup_queue.csv,221,PERS_f1f2471d,М.М. Игнатова,todo,,https://elibrary.ru/author_items.asp?authorid=&fams=Игнатова,,,
rinc_identity,999,analytics_output/rinc_lookup_queue.csv,175,PERS_68e9019d,Малютин Иван Иванович,todo,,https://elibrary.ru/author_items.asp?authorid=&fams=Малютин,,,
rinc_identity,999,analytics_output/rinc_lookup_queue.csv,208,PERS_ce100d3f,Мария Шилинскене,todo,,https://elibrary.ru/author_items.asp?authorid=&fams=Мария,,,
rinc_identity,999,analytics_output/rinc_lookup_queue.csv,180,PERS_7d6f456c,Мотылёва Вера Леонидовна,todo,,https://elibrary.ru/author_items.asp?authorid=&fams=Мотылёва,,,
rinc_identity,999,analytics_output/rinc_lookup_queue.csv,206,PERS_cac87738,Н. В. Гузеватая,todo,,https://elibrary.ru/author_items.asp?authorid=&fams=Гузеватая,,,
rinc_identity,999,analytics_output/rinc_lookup_queue.csv,181,PERS_7efcddc6,Н.А. Брылёва,todo,,https://elibrary.ru/author_items.asp?authorid=&fams=Брылёва,,,
rinc_identity,999,analytics_output/rinc_lookup_queue.csv,197,PERS_a8983673,Н.Л. Вигель,todo,,https://elibrary.ru/author_items.asp?authorid=&fams=Вигель,,,
rinc_identity,999,analytics_output/rinc_lookup_queue.csv,142,PERS_26ce5ec1,Нина Будзишевска,todo,,https://elibrary.ru/author_items.asp?authorid=&fams=Нина,,,
rinc_identity,999,analytics_output/rinc_lookup_queue.csv,146,PERS_2e00cb36,О. Н. Меренкова,todo,,https://elibrary.ru/author_items.asp?authorid=&fams=Меренкова,,,
rinc_identity,999,analytics_output/rinc_lookup_queue.csv,153,PERS_37bb2d43,Покатилов Сергей Андреевич,todo,,https://elibrary.ru/author_items.asp?authorid=&fams=Покатилов,,,
rinc_identity,999,analytics_output/rinc_lookup_queue.csv,139,PERS_23abae7d,Пушкарева Юлия Георгиевна,todo,,https://elibrary.ru/author_items.asp?authorid=&fams=Пушкарева,,,
rinc_identity,999,analytics_output/rinc_lookup_queue.csv,145,PERS_2c9b38ec,С. В. Ватман,todo,,https://elibrary.ru/author_items.asp?authorid=&fams=Ватман,,,
rinc_identity,999,analytics_output/rinc_lookup_queue.csv,165,PERS_4ebb20aa,С. В. Кардинская,todo,,https://elibrary.ru/author_items.asp?authorid=&fams=Кардинская,,,
rinc_identity,999,analytics_output/rinc_lookup_queue.csv,193,PERS_9ddf9210,С.П. Нестеркин,todo,,https://elibrary.ru/author_items.asp?authorid=&fams=Нестеркин,,,
rinc_identity,999,analytics_output/rinc_lookup_queue.csv,213,PERS_e1d622e5,С.Ф. Мажитов,todo,,https://elibrary.ru/author_items.asp?authorid=&fams=Мажитов,,,
rinc_identity,999,analytics_output/rinc_lookup_queue.csv,224,PERS_f82b6a8e,Сенина Наталья Викторовна,todo,,https://elibrary.ru/author_items.asp?authorid=&fams=Сенина,,,
rinc_identity,999,analytics_output/rinc_lookup_queue.csv,194,PERS_a0f3d86d,Сергеева Варвара Алексеевна,todo,,https://elibrary.ru/author_items.asp?authorid=&fams=Сергеева,,,
rinc_identity,999,analytics_output/rinc_lookup_queue.csv,132,PERS_1130c736,Серебряный Сергей Дмитриевич,todo,,https://elibrary.ru/author_items.asp?authorid=&fams=Серебряный,,,
rinc_identity,999,analytics_output/rinc_lookup_queue.csv,170,PERS_58e18506,Соколова Ирина Александровна,todo,,https://elibrary.ru/author_items.asp?authorid=&fams=Соколова,,,
rinc_identity,999,analytics_output/rinc_lookup_queue.csv,171,PERS_5bbfea37,Т. Т. Скороходова,todo,,https://elibrary.ru/author_items.asp?authorid=&fams=Скороходова,,,
rinc_identity,999,analytics_output/rinc_lookup_queue.csv,218,PERS_ed83f502,Т.П. Селиванова,todo,,https://elibrary.ru/author_items.asp?authorid=&fams=Селиванова,,,
rinc_identity,999,analytics_output/rinc_lookup_queue.csv,135,PERS_168a3a8b,Усенко Иван Сергеевич,todo,,https://elibrary.ru/author_items.asp?authorid=&fams=Усенко,,,
rinc_identity,999,analytics_output/rinc_lookup_queue.csv,188,PERS_936e1165,Файбушевич Светлана Ивановна,todo,,https://elibrary.ru/author_items.asp?authorid=&fams=Файбушевич,,,
rinc_identity,999,analytics_output/rinc_lookup_queue.csv,196,PERS_a638a4b3,Федорова Наталья Леонидовна,todo,,https://elibrary.ru/author_items.asp?authorid=&fams=Федорова,,,
rinc_identity,999,analytics_output/rinc_lookup_queue.csv,183,PERS_874cbfb7,Шарапова Александра Владимировна,todo,,https://elibrary.ru/author_items.asp?authorid=&fams=Шарапова,,,
rinc_identity,999,analytics_output/rinc_lookup_queue.csv,140,PERS_23f54085,Э. И. Введенская,todo,,https://elibrary.ru/author_items.asp?authorid=&fams=Введенская,,,
rinc_identity,999,analytics_output/rinc_lookup_queue.csv,174,PERS_68270eaf,Э.В. Галимова,todo,,https://elibrary.ru/author_items.asp?authorid=&fams=Галимова,,,
rinc_identity,999,analytics_output/rinc_lookup_queue.csv,226,PERS_fc976255,Э.Н. Комаров,todo,,https://elibrary.ru/author_items.asp?authorid=&fams=Комаров,,,
rinc_identity,999,analytics_output/rinc_lookup_queue.csv,210,PERS_d3cb634e,Ю.С. Атманова,todo,,https://elibrary.ru/author_items.asp?authorid=&fams=Атманова,,,
rinc_identity,999,analytics_output/rinc_lookup_queue.csv,212,PERS_dfaf6803,Я.А. Борисов,todo,,https://elibrary.ru/author_items.asp?authorid=&fams=Борисов,,,
openalex_identity,1000,analytics_output/openalex_author_candidates.csv,4,PERS_f074f69f,Александрова Наталия Владимировна,todo,,https://openalex.org/A5076621172,,,cyrillic_fullname; Александрова Наталия Владимировна; 2; 0.0
openalex_identity,1000,analytics_output/openalex_author_candidates.csv,28,PERS_1fa7cc0c,Дубянский Александр Михайлович,todo,,https://openalex.org/A5109806905,,,latin_name; Alexander Dubyansky; 5; 0.6
openalex_identity,1000,analytics_output/openalex_author_candidates.csv,22,PERS_12125da9,Лысенко Виктория Георгиевна,todo,,https://openalex.org/A5052951613,,,latin_name; Victoria Lysenko; 6; 0.4
wikipedia_identity,1000,analytics_output/wikipedia_authority_candidates.csv,177,PERS_bc97fb65,Краснодембская Нина Георгиевна,todo,mention_or_search_snippet; candidate,https://ru.wikipedia.org/wiki/%D0%A3%D0%BC%D0%B5%D1%80%D1%88%D0%B8%D0%B5_%D0%B2_%D1%8F%D0%BD%D0%B2%D0%B0%D1%80%D0%B5_2025_%D0%B3%D0%BE%D0%B4%D0%B0,,,"член Палаты депутатов (1996—2001, 2008—2013), сенатор (2006—2008). Краснодембская , Марианна[пол.] (101) — польский ветеран Второй мировой войны, праведник; 60"
wikipedia_identity,1000,analytics_output/wikipedia_authority_candidates.csv,647,PERS_f2fef030,Мехакян Арег Гайкович,todo,no_hit,,,,0
openalex_identity,1010,analytics_output/openalex_author_candidates.csv,34,PERS_e31ca12d,Вечерина Ольга Павловна,todo,,https://openalex.org/A5072321578,,,latin_name; Olga Vecherina; 6; 0.6
openalex_identity,1010,analytics_output/openalex_author_candidates.csv,23,PERS_40862f5e,Корнеева Наталья Афанасьевна,todo,,https://openalex.org/A5108167661,,,latin_name; Natalia Korneeva; 120; 0.4
openalex_identity,1010,analytics_output/openalex_author_candidates.csv,24,PERS_40862f5e,Корнеева Наталья Афанасьевна,todo,,https://openalex.org/A5083992488,,,latin_name; Natalia Korneeva; 33; 0.4
openalex_identity,1010,analytics_output/openalex_author_candidates.csv,25,PERS_40862f5e,Корнеева Наталья Афанасьевна,todo,,https://openalex.org/A5055632396,,,latin_name; Natalia Korneeva; 47; 0.4
openalex_identity,1010,analytics_output/openalex_author_candidates.csv,35,PERS_e1dd6b3e,Лидова Наталья Ростиславовна,todo,,https://openalex.org/A5089354591,,,latin_name; Natalia Lidova; 8; 0.6
wikipedia_identity,1010,analytics_output/wikipedia_authority_candidates.csv,406,PERS_56508328,Десницкая Евгения Алексеевна,todo,weak_search_hit; weak_candidate,https://ru.wikipedia.org/wiki/%D0%9C%D0%BE%D1%81%D0%BA%D0%BE%D0%B2%D1%81%D0%BA%D0%B8%D0%B9_%D0%A5%D1%83%D0%B4%D0%BE%D0%B6%D0%B5%D1%81%D1%82%D0%B2%D0%B5%D0%BD%D0%BD%D1%8B%D0%B9_%D0%B0%D0%BA%D0%B0%D0%B4%D0%B5%D0%BC%D0%B8%D1%87%D0%B5%D1%81%D0%BA%D0%B8%D0%B9_%D1%82%D0%B5%D0%B0%D1%82%D1%80_%D0%B8%D0%BC%D0%B5%D0%BD%D0%B8_%D0%9C._%D0%93%D0%BE%D1%80%D1%8C%D0%BA%D0%BE%D0%B3%D0%BE,,,"Семёнова), «Не хочу, чтобы ты выходила замуж за принца… (Тень)» по пьесе Евгения Шварца «Тень» (постановка Татьяны Дорониной), «Отчаянные влюблённые» Карло; 30"
wikipedia_identity,1010,analytics_output/wikipedia_authority_candidates.csv,407,PERS_56508328,Десницкая Евгения Алексеевна,todo,weak_search_hit; weak_candidate,https://ru.wikipedia.org/wiki/%D0%A5%D0%B0%D0%BD%D0%B0%D0%B5%D0%B2%D0%B0%2C_%D0%95%D0%B2%D0%B3%D0%B5%D0%BD%D0%B8%D1%8F_%D0%9D%D0%B8%D0%BA%D0%B0%D0%BD%D0%B4%D1%80%D0%BE%D0%B2%D0%BD%D0%B0,,,канал») 2011 — « Евгения Ханаева. „Я выбираю любовь…“» («Первый канал») 2016 — « Евгения Ханаева. „Поздняя любовь“» («ТВ Центр») 2021 — « Евгения Ханаева. „Не; 30
wikipedia_identity,1010,analytics_output/wikipedia_authority_candidates.csv,408,PERS_56508328,Десницкая Евгения Алексеевна,todo,weak_search_hit; weak_candidate,https://ru.wikipedia.org/wiki/%D0%A7%D0%B5%D1%80%D0%BA%D0%B0%D1%81%D0%BE%D0%B2%2C_%D0%9D%D0%B8%D0%BA%D0%BE%D0%BB%D0%B0%D0%B9_%D0%9A%D0%BE%D0%BD%D1%81%D1%82%D0%B0%D0%BD%D1%82%D0%B8%D0%BD%D0%BE%D0%B2%D0%B8%D1%87,,,"Генриетта Алексеевна Серова. — СПб., 2019. — С. 144—150. Цалобанова В. А. Балетная студия Кларка: танцовщик Николай Черкасов и поэт Евгений Мравинский; 30"
wikipedia_identity,1010,analytics_output/wikipedia_authority_candidates.csv,409,PERS_c48611e0,Островская Елена Петровна,todo,weak_search_hit; weak_candidate,https://ru.wikipedia.org/wiki/%D0%A6%D1%8B%D0%BF%D0%BB%D0%B0%D0%BA%D0%BE%D0%B2%D0%B0%2C_%D0%95%D0%BB%D0%B5%D0%BD%D0%B0_%D0%9E%D0%BA%D1%82%D1%8F%D0%B1%D1%80%D0%B5%D0%B2%D0%BD%D0%B0,,,"диспетчер 1986 — Личный интерес — Елена Алексеевна, дочь Кунцевича 1987 — Гардемарины, вперёд! — императрица Елизавета Петровна (озвучила Лариса Данилина) 1987 —; 30"
wikipedia_identity,1010,analytics_output/wikipedia_authority_candidates.csv,648,PERS_003adcfe,Псху Рузана Владимировна,todo,no_hit,,,,0
wikipedia_identity,1010,analytics_output/wikipedia_authority_candidates.csv,410,PERS_6578b52d,Тюлина Елена Владимировна,todo,weak_search_hit; weak_candidate,https://ru.wikipedia.org/wiki/%D0%A1%D0%BF%D0%B8%D1%81%D0%BE%D0%BA_%D0%BA%D0%B0%D0%B2%D0%B0%D0%BB%D0%B5%D1%80%D0%BE%D0%B2_%D0%BE%D1%80%D0%B4%D0%B5%D0%BD%D0%B0_%D0%90%D0%BB%D0%B5%D0%BA%D1%81%D0%B0%D0%BD%D0%B4%D1%80%D0%B0_%D0%9D%D0%B5%D0%B2%D1%81%D0%BA%D0%BE%D0%B3%D0%BE_%28%D0%A0%D0%BE%D1%81%D1%81%D0%B8%D0%B9%D1%81%D0%BA%D0%B0%D1%8F_%D0%A4%D0%B5%D0%B4%D0%B5%D1%80%D0%B0%D1%86%D0%B8%D1%8F%29,,,"2021 года, № 570) — советник Губернатора Владимирской области. Шмелёва, Елена Владимировна (3 октября 2021 года, № 570) — руководитель образовательного фонда; 30"
wikipedia_identity,1010,analytics_output/wikipedia_authority_candidates.csv,411,PERS_6578b52d,Тюлина Елена Владимировна,todo,weak_search_hit; weak_candidate,https://ru.wikipedia.org/wiki/%D0%A1%D0%BF%D0%B8%D1%81%D0%BE%D0%BA_%D1%87%D1%80%D0%B5%D0%B7%D0%B2%D1%8B%D1%87%D0%B0%D0%B9%D0%BD%D1%8B%D1%85_%D0%B8_%D0%BF%D0%BE%D0%BB%D0%BD%D0%BE%D0%BC%D0%BE%D1%87%D0%BD%D1%8B%D1%85_%D0%BF%D0%BE%D1%81%D0%BB%D0%B0%D0%BD%D0%BD%D0%B8%D0%BA%D0%BE%D0%B2_2_%D0%BA%D0%BB%D0%B0%D1%81%D1%81%D0%B0_%D0%A0%D0%BE%D1%81%D1%81%D0%B8%D0%B8,,,"России в Швеции ЧПП-1, 2012 Посол, 2017 8 июля 2004 855 Белевич, Елена Владимировна зам. директора ИДД МИД России 8 июля 2004 855 Бойков, Евгений Мирославович; 30"
wikipedia_identity,1010,analytics_output/wikipedia_authority_candidates.csv,412,PERS_6578b52d,Тюлина Елена Владимировна,todo,weak_search_hit; weak_candidate,https://ru.wikipedia.org/wiki/%D0%A5%D0%B0%D1%80%D0%B8%D1%82%D0%BE%D0%BD%D0%BE%D0%B2%D0%B0%2C_%D0%95%D0%BB%D0%B5%D0%BD%D0%B0_%D0%93%D0%B5%D1%80%D0%BC%D0%B0%D0%BD%D0%BE%D0%B2%D0%BD%D0%B0,,,Архивировано 14 августа 2020 года. Елена Харитонова на сайте Малого театра Елена Харитонова на сайте Ruskino.ru Елена Харитонова на сайте «Мещанский район; 30
openalex_identity,1020,analytics_output/openalex_author_candidates.csv,33,PERS_e31ca12d,Вечерина Ольга Павловна,todo,,https://openalex.org/A5097050661,,,latin_name; Olga Vecherina; 3; 0.5
openalex_identity,1020,analytics_output/openalex_author_candidates.csv,29,PERS_1fa7cc0c,Дубянский Александр Михайлович,todo,,https://openalex.org/A5034612288,,,latin_name; Alexander Dubyansky; 1; 0.4
openalex_identity,1020,analytics_output/openalex_author_candidates.csv,30,PERS_1fa7cc0c,Дубянский Александр Михайлович,todo,,https://openalex.org/A5055711505,,,latin_name; Alexander Dubyansky; 2; 0.4
openalex_identity,1020,analytics_output/openalex_author_candidates.csv,26,PERS_40862f5e,Корнеева Наталья Афанасьевна,todo,,https://openalex.org/A5005926545,,,latin_name; Natalia Korneeva; 1; 0.3
openalex_identity,1020,analytics_output/openalex_author_candidates.csv,18,PERS_12125da9,Лысенко Виктория Георгиевна,todo,,https://openalex.org/A5042673396,,,cyrillic_fullname; Лысенко Виктория Георгиевна; 9; 0.2
openalex_identity,1020,analytics_output/openalex_author_candidates.csv,19,PERS_12125da9,Лысенко Виктория Георгиевна,todo,,https://openalex.org/A5075029784,,,cyrillic_fullname; Лысенко Виктория Георгиевна; 11; 0.2
wikipedia_identity,1020,analytics_output/wikipedia_authority_candidates.csv,413,PERS_e31ca12d,Вечерина Ольга Павловна,todo,weak_search_hit; weak_candidate,https://ru.wikipedia.org/wiki/%D0%A2%D0%B0%D0%BC%D0%B8%D0%BB%D1%8C%D1%81%D0%BA%D0%B8%D0%B9_%D1%8F%D0%B7%D1%8B%D0%BA,,,"Александра Михайловича Дубянского Тамильская шиваитская литература от Ольги Павловны Вечериной Ramaswamy, Sumathy (1997), Laboring for language, Passions of the; 30"
wikipedia_identity,1020,analytics_output/wikipedia_authority_candidates.csv,414,PERS_fb25c80f,Ермакова Татьяна Викторовна,todo,weak_search_hit; weak_candidate,https://ru.wikipedia.org/wiki/%D0%9F%D0%B0%D0%BD%D0%BE%D0%B2%D0%B0%2C_%D0%95%D0%BB%D0%B5%D0%BD%D0%B0_%D0%92%D0%B8%D0%BA%D1%82%D0%BE%D1%80%D0%BE%D0%B2%D0%BD%D0%B0,,,"Еле́на Ви́кторовна Пано́ва (род. 9 июня 1977, Архангельск) — российская актриса театра и кино. Заслуженная артистка Российской Федерации (2015). Родилась; 30"
wikipedia_identity,1020,analytics_output/wikipedia_authority_candidates.csv,415,PERS_fb25c80f,Ермакова Татьяна Викторовна,todo,weak_search_hit; weak_candidate,https://ru.wikipedia.org/wiki/%D0%A1%D0%B5%D0%BC%D1%91%D0%BD%D0%BE%D0%B2%D0%B0%2C_%D0%95%D0%BA%D0%B0%D1%82%D0%B5%D1%80%D0%B8%D0%BD%D0%B0_%D0%A2%D0%B5%D0%BD%D0%B3%D0%B8%D0%B7%D0%BE%D0%B2%D0%BD%D0%B0,,,"Дмитрия Фёдорова, приёмная мать Саши Фёдорова 2018 — Дожить до любви — Татьяна Викторовна Волохина, мать Лизы Волковой 2018 — Ничто не случается дважды (Украина); 30"
wikipedia_identity,1020,analytics_output/wikipedia_authority_candidates.csv,416,PERS_fb25c80f,Ермакова Татьяна Викторовна,todo,weak_search_hit; weak_candidate,https://ru.wikipedia.org/wiki/%D0%A8%D0%BC%D0%B5%D0%BB%D1%91%D0%B2%D0%B0%2C_%D0%98%D1%80%D0%B8%D0%BD%D0%B0_%D0%92%D0%B8%D0%BA%D1%82%D0%BE%D1%80%D0%BE%D0%B2%D0%BD%D0%B0,,,Ирина Викторовна Шмелёва (род. 24 января 1961 года) — советская и российская актриса театра и кино. Заслуженная артистка России (1995). Родилась 24 января; 30
wikipedia_identity,1020,analytics_output/wikipedia_authority_candidates.csv,178,PERS_c5677a3f,Зорин Алексей Валерьевич,todo,mention_or_search_snippet; candidate,https://ru.wikipedia.org/wiki/%D0%93%D0%B5%D1%80%D0%BE%D0%B9_%D0%A0%D0%BE%D1%81%D1%81%D0%B8%D0%B9%D1%81%D0%BA%D0%BE%D0%B9_%D0%A4%D0%B5%D0%B4%D0%B5%D1%80%D0%B0%D1%86%D0%B8%D0%B8,,,"2022) Зозулин, Владимир Николаевич (31.03.2022) Зорин , Денис Игоревич (31.03.2022) Курганов, Алексей Сергеевич (31.03.2022) Шикин, Максим Игоревич (31; 60"
wikipedia_identity,1020,analytics_output/wikipedia_authority_candidates.csv,59,PERS_0c451d76,Лобанов Сергей Владимирович,todo,page_title_surname; candidate,https://ru.wikipedia.org/wiki/%D0%9B%D0%BE%D0%B1%D0%B0%D0%BD%D0%BE%D0%B2,,,"— родоначальник Лобановых -Ростовских. Лобанов , Александр: Лобанов , Александр Васильевич (1917—1986) — Герой Советского Союза. Лобанов , Александр Германович; 80"
wikipedia_identity,1020,analytics_output/wikipedia_authority_candidates.csv,60,PERS_0c451d76,Лобанов Сергей Владимирович,todo,page_title_surname; candidate,https://ru.wikipedia.org/wiki/%D0%9B%D0%BE%D0%B1%D0%B0%D0%BD%D0%BE%D0%B2%2C_%D0%98%D0%B3%D0%BE%D1%80%D1%8C_%D0%92%D0%BB%D0%B0%D0%B4%D0%B8%D0%BC%D0%B8%D1%80%D0%BE%D0%B2%D0%B8%D1%87,,,"организация, либо другие заинтересованные лица. (4 февраля 2020) Игорь Владимирович «Кэш» Лобанов (род. 4 июля 1969 года) — советский и российский спортсмен-саночник; 80"
wikipedia_identity,1020,analytics_output/wikipedia_authority_candidates.csv,417,PERS_260a598a,Пахомов Сергей Владимирович,todo,weak_search_hit; weak_candidate,https://ru.wikipedia.org/wiki/%D0%9F%D0%BB%D0%B5%D1%82%D0%BD%D1%91%D0%B2%2C_%D0%9A%D0%B8%D1%80%D0%B8%D0%BB%D0%BB_%D0%92%D0%BB%D0%B0%D0%B4%D0%B8%D0%BC%D0%B8%D1%80%D0%BE%D0%B2%D0%B8%D1%87,,,"Кири́лл Влади́мирович Плетнёв (род. 30 декабря 1979, Харьков, Украинская ССР, СССР) — российский актёр театра и кино, кинорежиссёр, сценарист, продюсер; 30"
wikipedia_identity,1020,analytics_output/wikipedia_authority_candidates.csv,179,PERS_b8bade8d,Шрестха Кришна Пракаш,todo,mention_or_search_snippet; candidate,https://ru.wikipedia.org/wiki/%D0%9B%D0%B8%D0%BC%D0%B1%D1%83_%28%D0%BD%D0%B0%D1%80%D0%BE%D0%B4%29,,,"Большая Российская Энциклопедия, 1999. — С. 290—291. Ледков А. , Шрестха , Кришна Пракаш . Непал: на пороге нового века. // Азия и Африка сегодня.: Ежемес; 60"
wikipedia_identity,1020,analytics_output/wikipedia_authority_candidates.csv,180,PERS_b8bade8d,Шрестха Кришна Пракаш,todo,mention_or_search_snippet; candidate,https://ru.wikipedia.org/wiki/%D0%A2%D0%B0%D0%BE%D0%B9,,,"Большая Российская Энциклопедия, 1999. — С. 113-114. Ледков А., Шрестха , Кришна , Пракаш . Вьетнам: на пороге нового века // Азия и Африка сегодня : Ежемес; 60"
wikipedia_identity,1020,analytics_output/wikipedia_authority_candidates.csv,418,PERS_e9545a0b,Шустова Алла Михайловна,todo,weak_search_hit; weak_candidate,https://ru.wikipedia.org/wiki/%D0%9C%D0%B5%D0%B4%D0%B0%D0%BB%D1%8C_%C2%AB%D0%97%D0%B0_%D1%82%D1%80%D1%83%D0%B4%D1%8B_%D0%B2_%D0%BA%D1%83%D0%BB%D1%8C%D1%82%D1%83%D1%80%D0%B5_%D0%B8_%D0%B8%D1%81%D0%BA%D1%83%D1%81%D1%81%D1%82%D0%B2%D0%B5%C2%BB,,,"информационное агентство «Россия сегодня», город Москва. Тарасова, Алла Михайловна (2 мая 2024 года) — музыкальный руководитель государственного бюджетного; 30"
wikipedia_identity,1020,analytics_output/wikipedia_authority_candidates.csv,419,PERS_e9545a0b,Шустова Алла Михайловна,todo,weak_search_hit; weak_candidate,https://ru.wikipedia.org/wiki/%D0%A1%D0%BF%D0%B8%D1%81%D0%BE%D0%BA_%D0%B2%D0%BE%D1%81%D0%BF%D0%B8%D1%82%D0%B0%D0%BD%D0%BD%D0%B8%D1%86_%D0%A1%D0%BC%D0%BE%D0%BB%D1%8C%D0%BD%D0%BE%D0%B3%D0%BE_%D0%B8%D0%BD%D1%81%D1%82%D0%B8%D1%82%D1%83%D1%82%D0%B0_%D0%B1%D0%BB%D0%B0%D0%B3%D0%BE%D1%80%D0%BE%D0%B4%D0%BD%D1%8B%D1%85_%D0%B4%D0%B5%D0%B2%D0%B8%D1%86,,,"Каховская, Александра Михайловна , дочь генерал-аншефа, впоследствии графа, Михаила Васильевича. 32. Каховская, Екатерина Михайловна , сестра предыдущей.; 30"
wikipedia_identity,1025,analytics_output/wikipedia_authority_candidates.csv,20,PERS_9f398436,Куликов Леонид Игоревич,todo,page_title_full_name; candidate,https://ru.wikipedia.org/wiki/%D0%9A%D1%83%D0%BB%D0%B8%D0%BA%D0%BE%D0%B2%2C_%D0%9B%D0%B5%D0%BE%D0%BD%D0%B8%D0%B4,,,"Леони́д Кулико́в : Куликов , Леонид Иванович (1924—1980) — советский детский поэт. Куликов , Леонид Игоревич (род. 1964) — лингвист, специалист в области; 95"
wikipedia_identity,1025,analytics_output/wikipedia_authority_candidates.csv,21,PERS_9f398436,Куликов Леонид Игоревич,todo,page_title_full_name; candidate,https://ru.wikipedia.org/wiki/%D0%9A%D1%83%D0%BB%D0%B8%D0%BA%D0%BE%D0%B2%2C_%D0%9B%D0%B5%D0%BE%D0%BD%D0%B8%D0%B4_%D0%98%D0%B3%D0%BE%D1%80%D0%B5%D0%B2%D0%B8%D1%87,,,"информацию. Сведения без сносок могут быть удалены. (29 сентября 2025) Леони́д И́горевич Кулико́в (род. 4 июля 1964, Москва) — лингвист, специалист в области древнеиндийского; 95"
openalex_identity,1030,analytics_output/openalex_author_candidates.csv,36,PERS_e1dd6b3e,Лидова Наталья Ростиславовна,todo,,https://openalex.org/A5018075350,,,latin_name; Natalia Lidova; 2; 0.4
wikipedia_identity,1030,analytics_output/wikipedia_authority_candidates.csv,420,PERS_41d6aa73,Воробьева Дарья Николаевна,todo,weak_search_hit; weak_candidate,https://ru.wikipedia.org/wiki/%D0%90%D0%BB%D1%84%D1%91%D1%80%D0%BE%D0%B2%D0%B0%2C_%D0%98%D1%80%D0%B8%D0%BD%D0%B0_%D0%98%D0%B2%D0%B0%D0%BD%D0%BE%D0%B2%D0%BD%D0%B0,,,"Снегирёва, возлюбленная Григория Земляникина и Бориса Воробьёва 2011 ф Распутин Зинаида Николаевна Юсупова, княгиня 2013—2015 с Последний из Магикян (4-й; 30"
wikipedia_identity,1030,analytics_output/wikipedia_authority_candidates.csv,421,PERS_41d6aa73,Воробьева Дарья Николаевна,todo,weak_search_hit; weak_candidate,https://ru.wikipedia.org/wiki/%D0%A1%D0%B5%D1%80%D0%B5%D0%B1%D1%80%D1%8F%D0%BD%D1%8B%D0%B9_%D0%B1%D0%BE%D1%80_%28%D1%82%D0%B5%D0%BB%D0%B5%D1%81%D0%B5%D1%80%D0%B8%D0%B0%D0%BB%29,,,"Аниканова — Валерия Николаевна Мещерякова Елена Валюшкина — Светлана Петровна Михеева Наталья Рогожкина — Нина Андреевна Воробьёва , мать Екатерины и Александра; 30"
wikipedia_identity,1030,analytics_output/wikipedia_authority_candidates.csv,422,PERS_41d6aa73,Воробьева Дарья Николаевна,todo,weak_search_hit; weak_candidate,https://ru.wikipedia.org/wiki/%D0%A1%D0%BF%D0%B8%D1%81%D0%BE%D0%BA_%D0%B2%D0%BE%D1%81%D0%BF%D0%B8%D1%82%D0%B0%D0%BD%D0%BD%D0%B8%D1%86_%D0%A1%D0%BC%D0%BE%D0%BB%D1%8C%D0%BD%D0%BE%D0%B3%D0%BE_%D0%B8%D0%BD%D1%81%D1%82%D0%B8%D1%82%D1%83%D1%82%D0%B0_%D0%B1%D0%BB%D0%B0%D0%B3%D0%BE%D1%80%D0%BE%D0%B4%D0%BD%D1%8B%D1%85_%D0%B4%D0%B5%D0%B2%D0%B8%D1%86,,,"Фёдоровна Зарина, Дарья Александровна Раковская, Дарья Николаевна Анненская, Александра Николаевна Ендаурова, Александра Николаевна Попова, Олимпиада; 30"
wikipedia_identity,1030,analytics_output/wikipedia_authority_candidates.csv,181,PERS_f19cd8a1,Котин Игорь Юрьевич,todo,mention_or_search_snippet; candidate,https://ru.wikipedia.org/wiki/%D0%A3%D0%B1%D0%BE%D0%B9%D0%BD%D0%B0%D1%8F_%D1%81%D0%B8%D0%BB%D0%B0_%28%D1%81%D0%B5%D0%B7%D0%BE%D0%BD_1%29,,,"Бандиты Боголепова решили взять Веру на поруки, однако Игорь отказывает им в их требовании. Позже Котин , мучаясь от ломки, пытается взять в долг наркотиков; 60"
wikipedia_identity,1030,analytics_output/wikipedia_authority_candidates.csv,182,PERS_72506535,Крылова Анастасия Сергеевна,todo,mention_or_search_snippet; candidate,https://ru.wikipedia.org/wiki/%D0%90%D0%BD%D0%B4%D1%80%D0%B5%D0%B9%D1%87%D0%B5%D0%BD%D0%BA%D0%BE%2C_%D0%9D%D0%B0%D1%82%D0%B0%D0%BB%D1%8C%D1%8F_%D0%AD%D0%B4%D1%83%D0%B0%D1%80%D0%B4%D0%BE%D0%B2%D0%BD%D0%B0,,,мужчин — Валя Крылова 1977 — Долги наши — Верка 1977 — Степь — девка на снопах 1978 — Уходя — уходи — Люба 1978 — Сибириада — Анастасия Соломина 1979 —; 60
wikipedia_identity,1030,analytics_output/wikipedia_authority_candidates.csv,183,PERS_9ad66151,Лелюхин Дмитрий Николаевич,todo,mention_or_search_snippet; candidate,https://ru.wikipedia.org/wiki/%D0%A1%D0%BF%D0%B8%D1%81%D0%BE%D0%BA_%D0%B7%D0%B0%D1%81%D0%BB%D1%83%D0%B6%D0%B5%D0%BD%D0%BD%D1%8B%D1%85_%D1%80%D0%B0%D0%B1%D0%BE%D1%82%D0%BD%D0%B8%D0%BA%D0%BE%D0%B2_%D0%BA%D1%83%D0%BB%D1%8C%D1%82%D1%83%D1%80%D1%8B_%D0%A0%D0%A1%D0%A4%D0%A1%D0%A0,,,"Константин Арсентьевич Лейкин, Наум Борисович Лелюхин , Борис Иванович Леонтьев, Валентин Николаевич Лесоючевский, Николай Васильевич Литвинов, Николай; 60"
wikipedia_identity,1030,analytics_output/wikipedia_authority_candidates.csv,184,PERS_9ad66151,Лелюхин Дмитрий Николаевич,todo,mention_or_search_snippet; candidate,https://ru.wikipedia.org/wiki/%D0%A1%D0%BF%D0%B8%D1%81%D0%BE%D0%BA_%D0%BF%D0%BE%D1%85%D0%BE%D1%80%D0%BE%D0%BD%D0%B5%D0%BD%D0%BD%D1%8B%D1%85_%D0%BD%D0%B0_%D0%91%D0%B0%D0%B9%D0%BA%D0%BE%D0%B2%D0%BE%D0%BC_%D0%BA%D0%BB%D0%B0%D0%B4%D0%B1%D0%B8%D1%89%D0%B5,,,"Киевский и Галицкий, Патриарший Экзарх всея Украины (1944—1964) Иоасаф ( Лелюхин ) — митрополит Киевский и Галицкий, Патриарший Экзарх всея Украины (1964—1966); 60"
wikipedia_identity,1030,analytics_output/wikipedia_authority_candidates.csv,185,PERS_9ad66151,Лелюхин Дмитрий Николаевич,todo,mention_or_search_snippet; candidate,https://ru.wikipedia.org/wiki/%D0%A1%D0%BF%D0%B8%D1%81%D0%BE%D0%BA_%D1%87%D0%BB%D0%B5%D0%BD%D0%BE%D0%B2_%D0%93%D0%BE%D1%81%D1%83%D0%B4%D0%B0%D1%80%D1%81%D1%82%D0%B2%D0%B5%D0%BD%D0%BD%D0%BE%D0%B9_%D0%B4%D1%83%D0%BC%D1%8B_%D0%A0%D0%BE%D1%81%D1%81%D0%B8%D0%B9%D1%81%D0%BA%D0%BE%D0%B9_%D0%B8%D0%BC%D0%BF%D0%B5%D1%80%D0%B8%D0%B8,,,"Ледницкий, Александр Робертович (1866—1934) I Лелюхин , Александр Георгиевич (1862—?) IV Лелявский, Борис Николаевич (1886—1935) IV Лентовский, Владимир Иванович; 60"
wikipedia_identity,1035,analytics_output/wikipedia_authority_candidates.csv,22,PERS_f5b8b340,Вигасин Алексей Алексеевич,todo,page_title_full_name; candidate,https://ru.wikipedia.org/wiki/%D0%92%D0%B8%D0%B3%D0%B0%D1%81%D0%B8%D0%BD%2C_%D0%90%D0%BB%D0%B5%D0%BA%D1%81%D0%B5%D0%B9_%D0%90%D0%BB%D0%B5%D0%BA%D1%81%D0%B5%D0%B5%D0%B2%D0%B8%D1%87,,,"Алексе́й Алексе́евич Вига́син (род. 20 сентября 1946, Москва) — советский и российский востоковед, индолог и санскритолог. Доктор исторических наук (1995); 95"
wikipedia_identity,1035,analytics_output/wikipedia_authority_candidates.csv,23,PERS_3c202afd,Крапивина Раиса Николаевна,todo,page_title_full_name; candidate,https://ru.wikipedia.org/wiki/%D0%9A%D1%80%D0%B0%D0%BF%D0%B8%D0%B2%D0%B8%D0%BD%D0%B0%2C_%D0%A0%D0%B0%D0%B8%D1%81%D0%B0_%D0%9D%D0%B8%D0%BA%D0%BE%D0%BB%D0%B0%D0%B5%D0%B2%D0%BD%D0%B0,,,С. 714. Крапивина Р. И. Список публикаций. ИВР РАН. 1 ноября 2013 г. Раиса Николаевна Крапивина на сайте ИВР РАН. Раиса Николаевна Крапивина на сайте; 95
openalex_identity,1040,analytics_output/openalex_author_candidates.csv,47,PERS_05d56645,А. Н. Бабин,todo,,https://openalex.org/A5028785724,,,latin_name; Alexander Babin; 24; 0.6
openalex_identity,1040,analytics_output/openalex_author_candidates.csv,48,PERS_05d56645,А. Н. Бабин,todo,,https://openalex.org/A5068645346,,,latin_name; Alexander Babin; 4; 0.6
openalex_identity,1040,analytics_output/openalex_author_candidates.csv,52,PERS_41d6aa73,Воробьева Дарья Николаевна,todo,,https://openalex.org/A5059958242,,,latin_name; Daria Vorobyeva; 76; 0.6
openalex_identity,1040,analytics_output/openalex_author_candidates.csv,53,PERS_41d6aa73,Воробьева Дарья Николаевна,todo,,https://openalex.org/A5109515351,,,latin_name; Daria Vorobyeva; 23; 0.6
openalex_identity,1040,analytics_output/openalex_author_candidates.csv,55,PERS_41d6aa73,Воробьева Дарья Николаевна,todo,,https://openalex.org/A5022929146,,,latin_name; Daria Vorobyeva; 6; 0.6
openalex_identity,1040,analytics_output/openalex_author_candidates.csv,16,PERS_12125da9,Лысенко Виктория Георгиевна,todo,,https://openalex.org/A5090196667,,,cyrillic_fullname; Лысенко Виктория Георгиевна; 1; 0.0
openalex_identity,1040,analytics_output/openalex_author_candidates.csv,17,PERS_12125da9,Лысенко Виктория Георгиевна,todo,,https://openalex.org/A5106319451,,,cyrillic_fullname; Лысенко Виктория Георгиевна; 1; 0.0
openalex_identity,1040,analytics_output/openalex_author_candidates.csv,37,PERS_1a097e52,Парибок Андрей Всеволодович,todo,,https://openalex.org/A5069624319,,,cyrillic_fullname; Парибок Андрей Всеволодович; 16; 0.3
wikipedia_identity,1040,analytics_output/wikipedia_authority_candidates.csv,186,PERS_a0264ac5,Бурмистров Сергей Леонидович,todo,mention_or_search_snippet; candidate,https://ru.wikipedia.org/wiki/%D0%A1%D0%BF%D0%B8%D1%81%D0%BE%D0%BA_%D0%B7%D0%B0%D1%81%D0%BB%D1%83%D0%B6%D0%B5%D0%BD%D0%BD%D1%8B%D1%85_%D1%82%D1%80%D0%B5%D0%BD%D0%B5%D1%80%D0%BE%D0%B2_%D0%A0%D0%BE%D1%81%D1%81%D0%B8%D0%B8_%D0%BF%D0%BE_%D0%B1%D0%BE%D0%BA%D1%81%D1%83,,,"Шидловский, Иван Ефимович Бурмистров , Евгений Петрович Воробьёв, Дмитрий Вячеславович Гаджиев, Абубакар Асабалиевич Гондуркаев, Сергей Иванович Калмыков, Евгений; 60"
wikipedia_identity,1040,analytics_output/wikipedia_authority_candidates.csv,61,PERS_0ca995ac,В. М. Яковлев,todo,page_title_surname; candidate,https://ru.wikipedia.org/wiki/%D0%AF%D0%BA%D0%BE%D0%B2%D0%BB%D0%B5%D0%B2%2C_%D0%90%D0%BB%D0%B5%D0%BA%D1%81%D0%B0%D0%BD%D0%B4%D1%80_%D0%9D%D0%B8%D0%BA%D0%BE%D0%BB%D0%B0%D0%B5%D0%B2%D0%B8%D1%87,,,Воронов. В начале 1966 года Яковлев курировал пропагандистское сопровождение процесса Синявского и Даниэля По свидетельству Грибачёва Яковлев говорил:; 80
wikipedia_identity,1040,analytics_output/wikipedia_authority_candidates.csv,62,PERS_0ca995ac,В. М. Яковлев,todo,page_title_surname; candidate,https://ru.wikipedia.org/wiki/%D0%AF%D0%BA%D0%BE%D0%B2%D0%BB%D0%B5%D0%B2%2C_%D0%92%D0%BB%D0%B0%D0%B4%D0%B8%D0%BC%D0%B8%D1%80_%D0%95%D0%B3%D0%BE%D1%80%D0%BE%D0%B2%D0%B8%D1%87,,,"Владимир Егорович Яковлев (род. 8 марта 1959 года, Москва, СССР), после репатриации в Израиль — Владимир Яковлев -Вайнер — российский журналист, медиаменеджер; 80"
wikipedia_identity,1040,analytics_output/wikipedia_authority_candidates.csv,63,PERS_0ca995ac,В. М. Яковлев,todo,page_title_surname; candidate,https://ru.wikipedia.org/wiki/%D0%AF%D0%BA%D0%BE%D0%B2%D0%BB%D0%B5%D0%B2%2C_%D0%AE%D1%80%D0%B8%D0%B9_%D0%92%D0%B0%D1%81%D0%B8%D0%BB%D1%8C%D0%B5%D0%B2%D0%B8%D1%87,,,Юрия Яковлева . Лента.ру. Валентин Мастюков. Яковлев Юрий Васильевич (рус.). tass.ru. ТАСС. Дата обращения: 9 января 2022. Анастасия Арефьева. Яковлев Юрий; 80
wikipedia_identity,1040,analytics_output/wikipedia_authority_candidates.csv,187,PERS_3b196639,Гордийчук Николай Валентинович,todo,mention_or_search_snippet; candidate,https://ru.wikipedia.org/wiki/%D0%92%D1%8B%D1%81%D1%88%D0%B8%D0%B9_%D0%B0%D0%B4%D0%BC%D0%B8%D0%BD%D0%B8%D1%81%D1%82%D1%80%D0%B0%D1%82%D0%B8%D0%B2%D0%BD%D1%8B%D0%B9_%D1%81%D1%83%D0%B4_%D0%A3%D0%BA%D1%80%D0%B0%D0%B8%D0%BD%D1%8B,,,"Украины) Васильченко, Наталья Владимировна (с 12 января 2006 г., № 3330-IV) Гордийчук , Мария Петровна (12 января 2006 г., № 3330-IV — 5 сентября 2013 г., № 454-VII); 60"
wikipedia_identity,1040,analytics_output/wikipedia_authority_candidates.csv,188,PERS_7542d270,Демченко Максим Борисович,todo,mention_or_search_snippet; candidate,https://ru.wikipedia.org/wiki/%D0%A4%D1%80%D0%B0%D0%BA%D1%86%D0%B8%D1%8F_%C2%AB%D0%95%D0%B4%D0%B8%D0%BD%D0%BE%D0%B9_%D0%A0%D0%BE%D1%81%D1%81%D0%B8%D0%B8%C2%BB_%D0%B2_%D0%93%D0%BE%D1%81%D1%83%D0%B4%D0%B0%D1%80%D1%81%D1%82%D0%B2%D0%B5%D0%BD%D0%BD%D0%BE%D0%B9_%D0%B4%D1%83%D0%BC%D0%B5_VII_%D1%81%D0%BE%D0%B7%D1%8B%D0%B2%D0%B0,,,Делимханов Адам Султанович Демченко Иван Иванович Дерябкин Виктор Ефимович Дзюба Виктор Викторович Дивинский Игорь Борисович Догаев Ахмед Шамханович Драчев; 60
wikipedia_identity,1040,analytics_output/wikipedia_authority_candidates.csv,64,PERS_7eb0dc30,Зимина Татьяна Александровна,todo,page_title_surname; candidate,https://ru.wikipedia.org/wiki/%D0%97%D0%B8%D0%BC%D0%B8%D0%BD%D0%B0,,,"Зимина́ — женская форма русской фамилии Зими́н , а также топоним. Зимина , Александра Ивановна (1903—2006) — советская и белорусская актриса. Зимина , Валентина; 80"
wikipedia_identity,1040,analytics_output/wikipedia_authority_candidates.csv,189,PERS_5ed752d9,Китинов Баатр Учаевич,todo,mention_or_search_snippet; candidate,https://ru.wikipedia.org/wiki/%D0%AD%D0%BA%D1%81%D0%BF%D0%B5%D1%80%D1%82%D0%BD%D1%8B%D0%B9_%D1%81%D0%BE%D0%B2%D0%B5%D1%82_%D0%BF%D0%BE_%D0%BF%D1%80%D0%BE%D0%B2%D0%B5%D0%B4%D0%B5%D0%BD%D0%B8%D1%8E_%D0%B3%D0%BE%D1%81%D1%83%D0%B4%D0%B0%D1%80%D1%81%D1%82%D0%B2%D0%B5%D0%BD%D0%BD%D0%BE%D0%B9_%D1%80%D0%B5%D0%BB%D0%B8%D0%B3%D0%B8%D0%BE%D0%B2%D0%B5%D0%B4%D1%87%D0%B5%D1%81%D0%BA%D0%BE%D0%B9_%D1%8D%D0%BA%D1%81%D0%BF%D0%B5%D1%80%D1%82%D0%B8%D0%B7%D1%8B_%D0%BF%D1%80%D0%B8_%D0%9C%D0%B8%D0%BD%D0%B8%D1%81%D1%82%D0%B5%D1%80%D1%81%D1%82%D0%B2%D0%B5_%D1%8E%D1%81%D1%82%D0%B8%D1%86%D0%B8%D0%B8_%D0%A0%D0%BE%D1%81%D1%81%D0%B8%D0%B9%D1%81%D0%BA%D0%BE%D0%B9_%D0%A4%D0%B5%D0%B4%D0%B5%D1%80%D0%B0%D1%86%D0%B8%D0%B8,,,представительства РАЦИРС (по городам) Архивировано 4 июня 2011 года. Китинов Баатр Учаевич (недоступная ссылка)//Официальный сайт факультета гуманитарный и; 60
wikipedia_identity,1040,analytics_output/wikipedia_authority_candidates.csv,65,PERS_9f398436,Куликов Леонид Игоревич,todo,page_title_surname; candidate,https://ru.wikipedia.org/wiki/%D0%9A%D1%83%D0%BB%D0%B8%D0%BA%D0%BE%D0%B2,,,"Кулико́в ( Кулико́ва ) — русская фамилия. В Списке общерусских фамилий занимает 38-е место. Куликов , Александр: Куликов , Александр Александрович (род. 1997) —; 80"
wikipedia_identity,1040,analytics_output/wikipedia_authority_candidates.csv,649,PERS_e1dd6b3e,Лидова Наталья Ростиславовна,todo,no_hit,,,,0
wikipedia_identity,1040,analytics_output/wikipedia_authority_candidates.csv,190,PERS_0c451d76,Лобанов Сергей Владимирович,todo,mention_or_search_snippet; candidate,https://ru.wikipedia.org/wiki/%D0%91%D0%B0%D1%81%D0%BE%D0%B2%2C_%D0%92%D0%BB%D0%B0%D0%B4%D0%B8%D0%BC%D0%B8%D1%80_%D0%92%D0%BB%D0%B0%D0%B4%D0%B8%D0%BC%D0%B8%D1%80%D0%BE%D0%B2%D0%B8%D1%87,,,Гарри Поттере. 1973 — Москва — Кассиопея — Федя Лобанов (Лоб) 1974 — Отроки во Вселенной — Федя Лобанов (Лоб) 1977 — Трясина — Петя Корнаков 1984 — Время; 60
wikipedia_identity,1040,analytics_output/wikipedia_authority_candidates.csv,423,PERS_e72d4c09,Огнева Елена Дмитриевна,todo,weak_search_hit; weak_candidate,https://ru.wikipedia.org/wiki/%D0%9E%D0%B3%D0%BD%D0%B5%D0%B2,,,"О́гнев ( О́гнева ) — фамилия. Известные носители: Огнев , Арефий Иванович (1923—2012) — кузнец цеха тяжёлых паровых молотов Горьковского автомобильного завода; 30"
wikipedia_identity,1040,analytics_output/wikipedia_authority_candidates.csv,191,PERS_23215083,Русанов Максим Альбертович,todo,mention_or_search_snippet; candidate,https://ru.wikipedia.org/wiki/%D0%9B%D0%B0%D1%83%D1%80%D0%B5%D0%B0%D1%82%D1%8B_%D0%93%D0%BE%D1%81%D1%83%D0%B4%D0%B0%D1%80%D1%81%D1%82%D0%B2%D0%B5%D0%BD%D0%BD%D0%BE%D0%B9_%D0%BF%D1%80%D0%B5%D0%BC%D0%B8%D0%B8_%D0%A1%D0%A1%D0%A1%D0%A0_%D0%B2_%D0%BE%D0%B1%D0%BB%D0%B0%D1%81%D1%82%D0%B8_%D0%BD%D0%B0%D1%83%D0%BA%D0%B8_%D0%B8_%D1%82%D0%B5%D1%85%D0%BD%D0%B8%D0%BA%D0%B8_%281986%E2%80%941991%29,,,"спутников Урана на основе теории коллективных процессов в средах планет Русанов , Владимир Дмитриевич, ч.-к. АН СССР, нач. отдела, Животов, Виктор Константинович; 60"
wikipedia_identity,1040,analytics_output/wikipedia_authority_candidates.csv,192,PERS_23215083,Русанов Максим Альбертович,todo,mention_or_search_snippet; candidate,https://ru.wikipedia.org/wiki/%D0%A1%D0%BF%D0%B8%D1%81%D0%BE%D0%BA_%D0%B4%D0%B5%D0%BB%D0%B5%D0%B3%D0%B0%D1%82%D0%BE%D0%B2_XXVI_%D1%81%D1%8A%D0%B5%D0%B7%D0%B4%D0%B0_%D0%9A%D0%9F%D0%A1%D0%A1,,,"Васильевич Русаков, Евгений Вениаминович Русаков, Константин Викторович Русанов , Александр Андреевич Русин, Мелана Васильевна Руссу, Василий Митрофанович; 60"
wikipedia_identity,1040,analytics_output/wikipedia_authority_candidates.csv,193,PERS_287fe378,Рыбакова Анна Геннадьевна,todo,mention_or_search_snippet; candidate,https://ru.wikipedia.org/wiki/%D0%92%D1%8B%D0%B1%D0%BE%D1%80%D1%8B_%D0%B2_%D0%9C%D0%BE%D1%81%D0%BA%D0%BE%D0%B2%D1%81%D0%BA%D1%83%D1%8E_%D0%B3%D0%BE%D1%80%D0%BE%D0%B4%D1%81%D0%BA%D1%83%D1%8E_%D0%B4%D1%83%D0%BC%D1%83_%282024%29,,,"Николая Рыбакова , в штаб Дениса Папина внедрились провокаторы, которые занимались «рисовкой» подписей, беря данные неизвестно откуда. См.: Николай Рыбаков , edited; 60"
wikipedia_identity,1040,analytics_output/wikipedia_authority_candidates.csv,194,PERS_287fe378,Рыбакова Анна Геннадьевна,todo,mention_or_search_snippet; candidate,https://ru.wikipedia.org/wiki/%D0%9D%D0%BE%D1%80%D0%BA%D0%B8%D0%BD%2C_%D0%90%D0%BD%D0%B4%D1%80%D0%B5%D0%B9_%D0%92%D0%BB%D0%B0%D0%B4%D0%B8%D0%BC%D0%B8%D1%80%D0%BE%D0%B2%D0%B8%D1%87,,,"непродолжительным. Вторая жена (1992—2020) — журналистка Юлия Геннадьевна Норкина (в дев. Рыбакова ) (1967—2020), познакомились на работе и через несколько месяцев; 60"
wikipedia_identity,1045,analytics_output/wikipedia_authority_candidates.csv,24,PERS_6e211759,Иванов Владимир Павлович,todo,page_title_full_name; candidate,https://ru.wikipedia.org/wiki/%D0%98%D0%B2%D0%B0%D0%BD%D0%BE%D0%B2%2C_%D0%92%D0%BB%D0%B0%D0%B4%D0%B8%D0%BC%D0%B8%D1%80,,,"Влади́мир Ивано́в : Иванов , Владимир (1911 — ?) — советский футболист. Иванов , Владимир (1944—1977) — советский карикатурист. Иванов , Владимир (1955—2020) —; 95"
wikipedia_identity,1045,analytics_output/wikipedia_authority_candidates.csv,25,PERS_6e211759,Иванов Владимир Павлович,todo,page_title_full_name; candidate,https://ru.wikipedia.org/wiki/%D0%98%D0%B2%D0%B0%D0%BD%D0%BE%D0%B2%2C_%D0%92%D0%BB%D0%B0%D0%B4%D0%B8%D0%BC%D0%B8%D1%80_%D0%9F%D0%B0%D0%B2%D0%BB%D0%BE%D0%B2%D0%B8%D1%87,,,Lobbying.ru | Иванов Владимир Павлович . lobbying.ru. Дата обращения: 5 июня 2020. Архивировано 6 июня 2020 года. Иванов Владимир Павлович (рус.). www; 95
openalex_identity,1050,analytics_output/openalex_author_candidates.csv,31,PERS_e31ca12d,Вечерина Ольга Павловна,todo,,https://openalex.org/A5070614548,,,cyrillic_fullname; Вечерина Ольга Павловна; 5; 0.2
openalex_identity,1050,analytics_output/openalex_author_candidates.csv,369,PERS_bc97fb65,Краснодембская Нина Георгиевна,todo,,https://openalex.org/A5088770720,,,cyrillic_fullname; Краснодембская Нина Георгиевна; 2; 0.0
openalex_identity,1050,analytics_output/openalex_author_candidates.csv,38,PERS_1a097e52,Парибок Андрей Всеволодович,todo,,https://openalex.org/A5053489277,,,cyrillic_fullname; Парибок Андрей Всеволодович; 3; 0.2
openalex_identity,1050,analytics_output/openalex_author_candidates.csv,42,PERS_003adcfe,Псху Рузана Владимировна,todo,,https://openalex.org/A5076958111,,,cyrillic_fullname; Псху Рузана Владимировна; 63; 0.3
openalex_identity,1050,analytics_output/openalex_author_candidates.csv,39,PERS_e9545a0b,Шустова Алла Михайловна,todo,,https://openalex.org/A5035547412,,,cyrillic_fullname; Шустова Алла Михайловна; 4; 0.3
openalex_identity,1050,analytics_output/openalex_author_candidates.csv,370,PERS_8e117242,Юдицкая Екатерина Алексеевна,todo,,https://openalex.org/A5082144107,,,latin_name; Ekaterina Yuditskaya; 1; 0.3
wikipedia_identity,1050,analytics_output/wikipedia_authority_candidates.csv,424,PERS_05d56645,Бабин Александр Николаевич,todo,weak_search_hit; weak_candidate,https://ru.wikipedia.org/wiki/%D0%90%D1%80%D1%86%D0%B8%D0%B1%D0%B0%D1%88%D0%B5%D0%B2%2C_%D0%A1%D0%B5%D1%80%D0%B3%D0%B5%D0%B9_%D0%9D%D0%B8%D0%BA%D0%BE%D0%BB%D0%B0%D0%B5%D0%B2%D0%B8%D1%87,,,"Владимир Арцибашев (1948-2021), телепродюсер, создатель шоу 50х50. Александр Николаевич Арцибашев (1949-2014), писатель. Скончался 12 июля 2015 года от онкологического; 30"
wikipedia_identity,1050,analytics_output/wikipedia_authority_candidates.csv,425,PERS_05d56645,Бабин Александр Николаевич,todo,weak_search_hit; weak_candidate,https://ru.wikipedia.org/wiki/%D0%9B%D0%B0%D1%83%D1%80%D0%B5%D0%B0%D1%82%D1%8B_%D0%93%D0%BE%D1%81%D1%83%D0%B4%D0%B0%D1%80%D1%81%D1%82%D0%B2%D0%B5%D0%BD%D0%BD%D0%BE%D0%B9_%D0%BF%D1%80%D0%B5%D0%BC%D0%B8%D0%B8_%D0%A1%D0%A1%D0%A1%D0%A0_%D0%B2_%D0%BE%D0%B1%D0%BB%D0%B0%D1%81%D1%82%D0%B8_%D0%BD%D0%B0%D1%83%D0%BA%D0%B8_%D0%B8_%D1%82%D0%B5%D1%85%D0%BD%D0%B8%D0%BA%D0%B8_%281981%E2%80%941985%29,,,"лабораторией, Березовский, Евгений Львович, Зиновьев, Александр Николаевич , Извозчиков, Александр Борисович, мл. н. с., Гордеев, Юрий Сергеевич, Петров; 30"
wikipedia_identity,1050,analytics_output/wikipedia_authority_candidates.csv,426,PERS_05d56645,Бабин Александр Николаевич,todo,weak_search_hit; weak_candidate,https://ru.wikipedia.org/wiki/%D0%9C%D1%83%D1%80%D0%B0%D0%B2%D1%8C%D1%91%D0%B2-%D0%92%D0%B8%D0%BB%D0%B5%D0%BD%D1%81%D0%BA%D0%B8%D0%B9%2C_%D0%9C%D0%B8%D1%85%D0%B0%D0%B8%D0%BB_%D0%9D%D0%B8%D0%BA%D0%BE%D0%BB%D0%B0%D0%B5%D0%B2%D0%B8%D1%87,,,Муравьёва была Александра Михайловна Мордвинова (1770—1809). Братья Муравьёва стали также известными личностями: Александр Николаевич Муравьёв (1792—1864); 30
wikipedia_identity,1050,analytics_output/wikipedia_authority_candidates.csv,195,PERS_5d34c947,Волошина Оксана Анатольевна,todo,mention_or_search_snippet; candidate,https://ru.wikipedia.org/wiki/%D0%9C%D0%B8%D1%85%D0%B0%D0%B9%D0%BB%D0%BE%D0%B2%D0%B0%2C_%D0%94%D0%B0%D1%80%D1%8C%D1%8F_%D0%94%D0%BC%D0%B8%D1%82%D1%80%D0%B8%D0%B5%D0%B2%D0%BD%D0%B0,,,"народа») 2004 — Две судьбы. Голубая кровь — Анна Волошина , жена Василия Волошина , мать Дарьи Волошиной 2005 — Адъютанты любви — Евдокия Дмитриевна Черкасова; 60"
wikipedia_identity,1050,analytics_output/wikipedia_authority_candidates.csv,196,PERS_5d34c947,Волошина Оксана Анатольевна,todo,mention_or_search_snippet; candidate,https://ru.wikipedia.org/wiki/%D0%A1%D1%80%D0%B0%D0%B2%D0%BD%D0%B8%D1%82%D0%B5%D0%BB%D1%8C%D0%BD%D1%8B%D0%B5_%D1%81%D0%BB%D0%BE%D0%B2%D0%B0%D1%80%D0%B8_%D0%B2%D1%81%D0%B5%D1%85_%D1%8F%D0%B7%D1%8B%D0%BA%D0%BE%D0%B2_%D0%B8_%D0%BD%D0%B0%D1%80%D0%B5%D1%87%D0%B8%D0%B9,,,oy-leksiki-v-slovare-s-pallasa (дата обращения: 02.03.2021). Волошина Оксана Анатольевна «Сравнительный словарь всех языков» Петра Симона Палласа // Вестник; 60
wikipedia_identity,1050,analytics_output/wikipedia_authority_candidates.csv,650,PERS_da862dde,Дробышев Юлий Игорьевич,todo,no_hit,,,,0
wikipedia_identity,1050,analytics_output/wikipedia_authority_candidates.csv,427,PERS_c5677a3f,Зорин Алексей Валерьевич,todo,weak_search_hit; weak_candidate,https://ru.wikipedia.org/wiki/%D0%9A%D0%BE%D0%B7%D0%BB%D0%BE%D0%B2%D1%81%D0%BA%D0%B8%D0%B9%2C_%D0%94%D0%B0%D0%BD%D0%B8%D0%BB%D0%B0_%D0%92%D0%B0%D0%BB%D0%B5%D1%80%D1%8C%D0%B5%D0%B2%D0%B8%D1%87,,,"Дани́ла Вале́рьевич Козло́вский (род. 3 мая 1985, Москва, РСФСР, СССР) — российский актёр театра и кино, кинорежиссёр, сценарист, продюсер. Заслуженный; 30"
wikipedia_identity,1050,analytics_output/wikipedia_authority_candidates.csv,428,PERS_c5677a3f,Зорин Алексей Валерьевич,todo,weak_search_hit; weak_candidate,https://ru.wikipedia.org/wiki/%D0%A1%D0%B5%D1%80%D0%B5%D0%B1%D1%80%D1%8F%D0%BA%D0%BE%D0%B2%2C_%D0%90%D0%BB%D0%B5%D0%BA%D1%81%D0%B5%D0%B9_%D0%92%D0%B0%D0%BB%D0%B5%D1%80%D1%8C%D0%B5%D0%B2%D0%B8%D1%87,,,"Алексе́й Вале́рьевич Серебряко́в (род. 3 июля 1964[…], Москва) — советский и российский актёр театра и кино, народный артист Российской Федерации (2010); 30"
wikipedia_identity,1050,analytics_output/wikipedia_authority_candidates.csv,197,PERS_ebb6d156,Ложкина Анастасия Витальевна,todo,mention_or_search_snippet; candidate,https://ru.wikipedia.org/wiki/%D0%A0%D0%BE%D0%B4%D0%B8%D0%BD%D0%B0_%D1%81%D0%BB%D1%8B%D1%88%D0%B8%D1%82,,,— 2016. — 14 сентября. Архивировано 25 марта 2017 года. Ложкин Вася. Часть 1. Загадка Ложкина // Жизнь — весёлый карнавал (рус.) / Михаил Ярцев (текст); 60
wikipedia_identity,1050,analytics_output/wikipedia_authority_candidates.csv,66,PERS_5e2a5a5c,Столярова Екатерина Владимировна,todo,page_title_surname; candidate,https://ru.wikipedia.org/wiki/%D0%A1%D1%82%D0%BE%D0%BB%D1%8F%D1%80%D0%BE%D0%B2%D0%B0,,,"Столяро́ва — женская форма русской фамилии Столяров . Столярова , Валентина Леонидовна (род. 1952) — российский химик, академик РАН (2022). Столярова , Дарья; 80"
wikipedia_identity,1050,analytics_output/wikipedia_authority_candidates.csv,67,PERS_cfb92c5f,Уланский Евгений Андреевич,todo,page_title_surname; candidate,https://ru.wikipedia.org/wiki/%D0%92%D0%BE%D0%B7%D0%BD%D0%B5%D1%81%D0%B5%D0%BD%D1%81%D0%BA%D0%B8%D0%B9_8-%D0%B9_%D1%83%D0%BB%D0%B0%D0%BD%D1%81%D0%BA%D0%B8%D0%B9_%D0%BF%D0%BE%D0%BB%D0%BA,,,8-й уланский Вознесенский Великой княжны Татьяны Николаевны полк — кавалерийская воинская часть ( уланский полк) Русской Императорской армии. Старшинство:; 80
wikipedia_identity,1050,analytics_output/wikipedia_authority_candidates.csv,68,PERS_cfb92c5f,Уланский Евгений Андреевич,todo,page_title_surname; candidate,https://ru.wikipedia.org/wiki/%D0%92%D0%BE%D0%BB%D1%8B%D0%BD%D1%81%D0%BA%D0%B8%D0%B9_6-%D0%B9_%D1%83%D0%BB%D0%B0%D0%BD%D1%81%D0%BA%D0%B8%D0%B9_%D0%BF%D0%BE%D0%BB%D0%BA,,,"РГВИА – 6-й уланский Волынский полк. Ф. 3579. 1837-1917 гг. 120 ед.хр.См. п. 7.3.1049 . Архивировано 25 января 2013 года. Волынский, 6-й уланский , полк //; 80"
wikipedia_identity,1050,analytics_output/wikipedia_authority_candidates.csv,69,PERS_cfb92c5f,Уланский Евгений Андреевич,todo,page_title_surname; candidate,https://ru.wikipedia.org/wiki/%D0%A1%D0%BC%D0%BE%D0%BB%D0%B5%D0%BD%D1%81%D0%BA%D0%B8%D0%B9_3-%D0%B9_%D1%83%D0%BB%D0%B0%D0%BD%D1%81%D0%BA%D0%B8%D0%B9_%D0%BF%D0%BE%D0%BB%D0%BA,,,3-й уланский Смоленский Императора Александра III полк — армейская кавалерийская воинская часть ( уланский полк) ВС России. Старшинство конного формирования:; 80
wikipedia_identity,1050,analytics_output/wikipedia_authority_candidates.csv,429,PERS_b8bade8d,Шрестха Кришна Пракаш,todo,weak_search_hit; weak_candidate,https://ru.wikipedia.org/wiki/%D0%9A%D0%BE%D0%BC%D0%BC%D1%83%D0%BD%D0%B8%D1%81%D1%82%D0%B8%D1%87%D0%B5%D1%81%D0%BA%D0%B0%D1%8F_%D0%BF%D0%B0%D1%80%D1%82%D0%B8%D1%8F_%D0%9D%D0%B5%D0%BF%D0%B0%D0%BB%D0%B0_%28%D0%BC%D0%B0%D1%80%D0%BA%D1%81%D0%B8%D1%81%D1%82%D1%81%D0%BA%D0%BE-%D0%BB%D0%B5%D0%BD%D0%B8%D0%BD%D0%B8%D1%81%D1%82%D1%81%D0%BA%D0%B0%D1%8F%29,,,"политических партий в истории современного Непала, связанных фигурой Чандры Пракаша Маинали. 1978 — подпольная компартия, отошедшая от вооружённой борьбы в; 30"
wikipedia_identity,1050,analytics_output/wikipedia_authority_candidates.csv,430,PERS_8e117242,Юдицкая Екатерина Алексеевна,todo,weak_search_hit; weak_candidate,https://ru.wikipedia.org/wiki/%D0%91%D0%B8%D1%82%D0%B2%D0%B0_%D0%BF%D0%BE%D0%B4_%D0%9C%D0%B8%D1%80%D0%BE%D0%BC_%281792%29,,,"начавшаяся в 1792 году, стала ответом российской императрицы Екатерины II Алексеевны на Четырёхлетний сейм (1788—1792), который в мае 1791 года принял; 30"
wikipedia_identity,1050,analytics_output/wikipedia_authority_candidates.csv,431,PERS_8e117242,Юдицкая Екатерина Алексеевна,todo,weak_search_hit; weak_candidate,https://ru.wikipedia.org/wiki/%D0%A0%D1%83%D1%81%D1%81%D0%BA%D0%BE-%D0%BF%D0%BE%D0%BB%D1%8C%D1%81%D0%BA%D0%B0%D1%8F_%D0%B2%D0%BE%D0%B9%D0%BD%D0%B0_%281792%29,,,"конфедерацию против конституции 3 мая и просил помощи русской императрицы. Екатерина II, занятая в то время войной с Турцией, не решилась резко и решительно; 30"
wikipedia_identity,1050,analytics_output/wikipedia_authority_candidates.csv,432,PERS_8e117242,Юдицкая Екатерина Алексеевна,todo,weak_search_hit; weak_candidate,https://ru.wikipedia.org/wiki/%D0%A1%D0%BF%D0%B8%D1%81%D0%BE%D0%BA_%D0%B4%D0%B5%D0%BB%D0%B5%D0%B3%D0%B0%D1%82%D0%BE%D0%B2_XXV_%D1%81%D1%8A%D0%B5%D0%B7%D0%B4%D0%B0_%D0%9A%D0%9F%D0%A1%D0%A1,,,"Антонович Лысенко, Екатерина Александровна Лысенко, Иван Петрович Лысенко, Клавдия Тимофеевна Лысенко, Таиса Алексеевна Лысова, Тамара Алексеевна Львова, Капиталина; 30"
wikipedia_identity,1055,analytics_output/wikipedia_authority_candidates.csv,26,PERS_2c40b9b1,Гуров Никита Владимирович,todo,page_title_full_name; candidate,https://ru.wikipedia.org/wiki/%D0%93%D1%83%D1%80%D0%BE%D0%B2%2C_%D0%9D%D0%B8%D0%BA%D0%B8%D1%82%D0%B0_%D0%92%D0%BB%D0%B0%D0%B4%D0%B8%D0%BC%D0%B8%D1%80%D0%BE%D0%B2%D0%B8%D1%87,,,"Ники́та Влади́мирович Гу́ров (15 июня 1935 (1935-06-15), Ленинград — 4 декабря 2009) — советский и российский филолог, востоковед (индолог и дравидолог); 95"
wikipedia_identity,1055,analytics_output/wikipedia_authority_candidates.csv,27,PERS_3074a8e5,Терентьев Андрей Анатольевич,todo,page_title_full_name; candidate,https://ru.wikipedia.org/wiki/%D0%A2%D0%B5%D1%80%D0%B5%D0%BD%D1%82%D1%8C%D0%B5%D0%B2%2C_%D0%90%D0%BD%D0%B4%D1%80%D0%B5%D0%B9_%D0%90%D0%BD%D0%B0%D1%82%D0%BE%D0%BB%D1%8C%D0%B5%D0%B2%D0%B8%D1%87,,,"Андре́й Анато́льевич Тере́нтьев (род. 31 марта 1948, Ленинград, СССР) — советский и российский буддолог, тибетолог, индолог, переводчик и книгоиздатель; 95"
wikipedia_identity,1055,analytics_output/wikipedia_authority_candidates.csv,28,PERS_0665f215,Шохин Владимир Кириллович,todo,page_title_full_name; candidate,https://ru.wikipedia.org/wiki/%D0%A8%D0%BE%D1%85%D0%B8%D0%BD%2C_%D0%92%D0%BB%D0%B0%D0%B4%D0%B8%D0%BC%D0%B8%D1%80,,,"Шохин , Владимир : Шохин , Владимир Кириллович (род. 1951) — российский философ, индолог, педагог. Шохин , Владимир Николаевич (1929—2001) — советский и российский; 95"
wikipedia_identity,1055,analytics_output/wikipedia_authority_candidates.csv,29,PERS_0665f215,Шохин Владимир Кириллович,todo,page_title_full_name; candidate,https://ru.wikipedia.org/wiki/%D0%A8%D0%BE%D1%85%D0%B8%D0%BD%2C_%D0%92%D0%BB%D0%B0%D0%B4%D0%B8%D0%BC%D0%B8%D1%80_%D0%9A%D0%B8%D1%80%D0%B8%D0%BB%D0%BB%D0%BE%D0%B2%D0%B8%D1%87,,,"Влади́мир Кири́ллович Шо́хин (род. 3 мая 1951, Москва, СССР) — советский и российский философ, индолог, специалист в области истории индийской философии; 95"
openalex_identity,1060,analytics_output/openalex_author_candidates.csv,49,PERS_05d56645,А. Н. Бабин,todo,,https://openalex.org/A5022521625,,,latin_name; Alexander Babin; 4; 0.4
openalex_identity,1060,analytics_output/openalex_author_candidates.csv,51,PERS_05d56645,А. Н. Бабин,todo,,https://openalex.org/A5067787551,,,latin_name; Alexander Babin; 1; 0.4
openalex_identity,1060,analytics_output/openalex_author_candidates.csv,40,PERS_829c1de5,Васильков Ярослав Владимирович,todo,,https://openalex.org/A5057480520,,,cyrillic_fullname; Васильков Ярослав Владимирович; 7; 0.2
openalex_identity,1060,analytics_output/openalex_author_candidates.csv,54,PERS_41d6aa73,Воробьева Дарья Николаевна,todo,,https://openalex.org/A5027355315,,,latin_name; Daria Vorobyeva; 12; 0.4
openalex_identity,1060,analytics_output/openalex_author_candidates.csv,56,PERS_41d6aa73,Воробьева Дарья Николаевна,todo,,https://openalex.org/A5057957835,,,latin_name; Daria Vorobyeva; 2; 0.4
openalex_identity,1060,analytics_output/openalex_author_candidates.csv,43,PERS_003adcfe,Псху Рузана Владимировна,todo,,https://openalex.org/A5089984241,,,cyrillic_fullname; Псху Рузана Владимировна; 13; 0.2
wikipedia_identity,1060,analytics_output/wikipedia_authority_candidates.csv,198,PERS_8df3730a,Донченко Сергей Сергеевич,todo,mention_or_search_snippet; candidate,https://ru.wikipedia.org/wiki/%D0%A3%D0%B4%D0%B0%D0%BB%D1%8C%D1%86%D0%BE%D0%B2%2C_%D0%A1%D0%B5%D1%80%D0%B3%D0%B5%D0%B9_%D0%A1%D1%82%D0%B0%D0%BD%D0%B8%D1%81%D0%BB%D0%B0%D0%B2%D0%BE%D0%B2%D0%B8%D1%87,,,"выразила лояльность Удальцову, а часть — активистке «Трудовой России» Марии Донченко . В 2004 году разногласия между Удальцовым и Анпиловым переросли в конфликт; 60"
wikipedia_identity,1060,analytics_output/wikipedia_authority_candidates.csv,70,PERS_6e211759,Иванов Владимир Павлович,todo,page_title_surname; candidate,https://ru.wikipedia.org/wiki/%D0%98%D0%B2%D0%B0%D0%BD%D0%BE%D0%B2%2C_%D0%A1%D0%B5%D1%80%D0%B3%D0%B5%D0%B9_%D0%9F%D0%B5%D1%82%D1%80%D0%BE%D0%B2%D0%B8%D1%87_%28%D0%B0%D0%BA%D1%82%D1%91%D1%80%29,,,группы был Николай Павлович Мащенко. Среди сокурсников Сектименко Николай и Талашко Владимир . В том же году Леонид Быков пригласил Иванова на съёмки «В бой; 80
wikipedia_identity,1060,analytics_output/wikipedia_authority_candidates.csv,199,PERS_ba81468a,Кокова Юлия Георгиевна,todo,mention_or_search_snippet; candidate,https://ru.wikipedia.org/wiki/%D0%A0%D1%83%D1%81%D1%81%D0%BA%D0%B8%D0%B9_%D0%B0%D0%BA%D0%B0%D0%B4%D0%B5%D0%BC%D0%B8%D1%87%D0%B5%D1%81%D0%BA%D0%B8%D0%B9_%D1%82%D0%B5%D0%B0%D1%82%D1%80_%D0%B8%D0%BC%D0%B5%D0%BD%D0%B8_%D0%9C._%D0%AE._%D0%9B%D0%B5%D1%80%D0%BC%D0%BE%D0%BD%D1%82%D0%BE%D0%B2%D0%B0,,,драматический театр имени М. Ю. Лермонтова получит звание «Академический» Кокова Э. М. Чон чарии (Народный свет). Из истории Хакасского драматического театра; 60
wikipedia_identity,1060,analytics_output/wikipedia_authority_candidates.csv,433,PERS_f19cd8a1,Котин Игорь Юрьевич,todo,weak_search_hit; weak_candidate,https://ru.wikipedia.org/wiki/%D0%9A%D0%B0%D1%80%D1%8F%D0%BA%D0%B8%D0%BD%2C_%D0%A1%D0%B5%D1%80%D0%B3%D0%B5%D0%B9_%D0%AE%D1%80%D1%8C%D0%B5%D0%B2%D0%B8%D1%87,,,"Сергей Юрьевич Карякин (18 марта 1972, Томск — 28 апреля 2022, Москва) — российский актёр театра и кино. Получил известность благодаря многосерийному; 30"
wikipedia_identity,1060,analytics_output/wikipedia_authority_candidates.csv,434,PERS_f19cd8a1,Котин Игорь Юрьевич,todo,weak_search_hit; weak_candidate,https://ru.wikipedia.org/wiki/%D0%A2%D0%B8%D0%BD%D1%8C%D0%BA%D0%BE%D0%B2%2C_%D0%9E%D0%BB%D0%B5%D0%B3_%D0%AE%D1%80%D1%8C%D0%B5%D0%B2%D0%B8%D1%87,,,"Оле́г Ю́рьевич Тинько́в (род. 25 декабря 1967, Полысаево, Кемеровская область) — российский бизнесмен. Основатель «Т-Банка» (создан в 2006 году, до 2015 года —; 30"
wikipedia_identity,1060,analytics_output/wikipedia_authority_candidates.csv,435,PERS_72506535,Крылова Анастасия Сергеевна,todo,weak_search_hit; weak_candidate,https://ru.wikipedia.org/wiki/%D0%9F%D0%B5%D1%82%D1%80%D0%BE%D0%B6%D0%B8%D1%86%D0%BA%D0%B0%D1%8F%2C_%D0%94%D0%B0%D1%80%D1%8C%D1%8F_%D0%A1%D0%B5%D1%80%D0%B3%D0%B5%D0%B5%D0%B2%D0%BD%D0%B0,,,"Дарья Сергеевна Петрожицкая (укр. Дар'я Сергіївна Петрожицька; род. 31 мая 1991, Чернигов) — украинская актриса театра и кино. Широкую известность получила; 30"
wikipedia_identity,1060,analytics_output/wikipedia_authority_candidates.csv,436,PERS_72506535,Крылова Анастасия Сергеевна,todo,weak_search_hit; weak_candidate,https://ru.wikipedia.org/wiki/%D0%A1%D0%BF%D0%B8%D1%81%D0%BE%D0%BA_%D0%B2%D0%BE%D1%81%D0%BF%D0%B8%D1%82%D0%B0%D0%BD%D0%BD%D0%B8%D1%86_%D0%A1%D0%BC%D0%BE%D0%BB%D1%8C%D0%BD%D0%BE%D0%B3%D0%BE_%D0%B8%D0%BD%D1%81%D1%82%D0%B8%D1%82%D1%83%D1%82%D0%B0_%D0%B1%D0%BB%D0%B0%D0%B3%D0%BE%D1%80%D0%BE%D0%B4%D0%BD%D1%8B%D1%85_%D0%B4%D0%B5%D0%B2%D0%B8%D1%86,,,"монахиня. 34. Овсова, Елизавета Сергеевна , дочь подполковника Сергея Ивановича и Лукерьи Кондратьевны. 35. Овсова, Мария Сергеевна , сестра предыдущей. 36. Пишчевич; 30"
wikipedia_identity,1060,analytics_output/wikipedia_authority_candidates.csv,200,PERS_d2559ba1,Лепехова Елена Сергеевна,todo,mention_or_search_snippet; candidate,https://ru.wikipedia.org/wiki/%D0%9B%D0%B5%D0%BF%D0%B5%D1%85%D0%BE%D0%B2%2C_%D0%A1%D0%B5%D1%80%D0%B3%D0%B5%D0%B9_%D0%AE%D1%80%D1%8C%D0%B5%D0%B2%D0%B8%D1%87,,,"член-корреспондент Российской Академии Естествознания. Дочь — Лепехова Елена Сергеевна (р. 1978), доктор философских наук, старший научный сотрудник Института; 60"
wikipedia_identity,1060,analytics_output/wikipedia_authority_candidates.csv,201,PERS_d2559ba1,Лепехова Елена Сергеевна,todo,mention_or_search_snippet; candidate,https://ru.wikipedia.org/wiki/%D0%A1%D0%BF%D0%B8%D1%81%D0%BE%D0%BA_%D1%80%D1%83%D1%81%D1%81%D0%BA%D0%BE%D1%8F%D0%B7%D1%8B%D1%87%D0%BD%D1%8B%D1%85_%D1%8F%D0%BF%D0%BE%D0%BD%D0%B8%D1%81%D1%82%D0%BE%D0%B2,,,"корпоративные группы: эволюция институтов. М.: ИМЭМО, 2009. 78 с. Лепехова , Елена Сергеевна , к. филол. н. (2005) Буддийская сангха в Японии в VI—IX веках; 60"
wikipedia_identity,1060,analytics_output/wikipedia_authority_candidates.csv,651,PERS_2fd442aa,Офертас Станислав Чеславович,todo,no_hit,,,,0
wikipedia_identity,1060,analytics_output/wikipedia_authority_candidates.csv,202,PERS_58b39545,Ренковская Евгения Алексеевна,todo,mention_or_search_snippet; candidate,https://ru.wikipedia.org/wiki/%D0%9A%D1%83%D0%BC%D0%B0%D0%BE%D0%BD%D0%B8_%28%D1%8F%D0%B7%D1%8B%D0%BA%29,,,обращения: 15 апреля 2024. Архивировано 4 апреля 2022 года. Евгения Алексеевна Ренковская . Ареально-генетические и типологические факторы формирования; 60
wikipedia_identity,1060,analytics_output/wikipedia_authority_candidates.csv,203,PERS_6441d568,Соболева Елена Станиславовна,todo,mention_or_search_snippet; candidate,https://ru.wikipedia.org/wiki/%D0%9A%D0%B0%D0%B4%D0%B5%D1%82%D1%81%D1%82%D0%B2%D0%BE,,,"обманывать и сожжёт все фотографии Полины. Соболева Рита вновь бросает, из-за чего отношения Макарова и Соболева обостряются до предела — Кирилл в приступе; 60"
wikipedia_identity,1065,analytics_output/wikipedia_authority_candidates.csv,30,PERS_06ee047f,Елихина Юлия Игоревна,todo,page_title_full_name; candidate,https://ru.wikipedia.org/wiki/%D0%95%D0%BB%D0%B8%D1%85%D0%B8%D0%BD%D0%B0%2C_%D0%AE%D0%BB%D0%B8%D1%8F_%D0%98%D0%B3%D0%BE%D1%80%D0%B5%D0%B2%D0%BD%D0%B0,,,"Юлия Игоревна Елихина (род. 13 августа 1964 года, Ленинград, СССР) — российский учёный-востоковед, монголовед, тибетолог, буддолог, один из ведущих специалистов; 95"
openalex_identity,1070,analytics_output/openalex_author_candidates.csv,50,PERS_05d56645,А. Н. Бабин,todo,,https://openalex.org/A5036136787,,,latin_name; Alexander Babin; 1; 0.3
openalex_identity,1070,analytics_output/openalex_author_candidates.csv,77,PERS_72506535,А. С. Крылова,todo,,https://openalex.org/A5061198994,,,latin_name; Anastasia Krylova; 12; 0.6
openalex_identity,1070,analytics_output/openalex_author_candidates.csv,78,PERS_72506535,А. С. Крылова,todo,,https://openalex.org/A5103468287,,,latin_name; Anastasia Krylova; 4; 0.6
openalex_identity,1070,analytics_output/openalex_author_candidates.csv,79,PERS_72506535,А. С. Крылова,todo,,https://openalex.org/A5102617357,,,latin_name; Anastasia Krylova; 4; 0.6
openalex_identity,1070,analytics_output/openalex_author_candidates.csv,80,PERS_72506535,А. С. Крылова,todo,,https://openalex.org/A5061054523,,,latin_name; Anastasia Krylova; 6; 0.6
openalex_identity,1070,analytics_output/openalex_author_candidates.csv,32,PERS_e31ca12d,Вечерина Ольга Павловна,todo,,https://openalex.org/A5098075074,,,cyrillic_fullname; Вечерина Ольга Павловна; 1; 0.0
openalex_identity,1070,analytics_output/openalex_author_candidates.csv,371,PERS_d3c5382c,Попова Ирина Фёдоровна,todo,,https://openalex.org/A5027541276,,,cyrillic_fullname; Попова Ирина Фёдоровна; 3; 0.2
wikipedia_identity,1070,analytics_output/wikipedia_authority_candidates.csv,437,PERS_a0264ac5,Бурмистров Сергей Леонидович,todo,weak_search_hit; weak_candidate,https://ru.wikipedia.org/wiki/%D0%A1%D0%B0%D0%BB%D0%B0%D0%B2%D0%B0%D1%82_%D0%AE%D0%BB%D0%B0%D0%B5%D0%B2_%28%D1%85%D0%BE%D0%BA%D0%BA%D0%B5%D0%B9%D0%BD%D1%8B%D0%B9_%D0%BA%D0%BB%D1%83%D0%B1%29,,,"Качкаев, Павел Рюрикович (2011—2012) Пустовгаров, Юрий Леонидович (2012—2015) Молчанов, Сергей Александрович (2015—2017) Нагорный, Владимир Александрович; 30"
wikipedia_identity,1070,analytics_output/wikipedia_authority_candidates.csv,438,PERS_a0264ac5,Бурмистров Сергей Леонидович,todo,weak_search_hit; weak_candidate,https://ru.wikipedia.org/wiki/%D0%A1%D0%BF%D0%B8%D1%81%D0%BE%D0%BA_%D0%BF%D1%80%D0%BE%D1%84%D0%B5%D1%81%D1%81%D0%BE%D1%80%D0%BE%D0%B2_%D0%A0%D0%90%D0%9D,,,"Назолин, Андрей Леонидович Найден, Светлана Николаевна [кс] Найденко, Сергей Валериевич [кс] Насибулин, Альберт Галийевич Наугольных, Сергей Владимирович; 30"
wikipedia_identity,1070,analytics_output/wikipedia_authority_candidates.csv,204,PERS_f5b8b340,Вигасин Алексей Алексеевич,todo,mention_or_search_snippet; candidate,https://ru.wikipedia.org/wiki/%D0%9F%D0%BE%D0%BF%D1%80%D0%B0%D0%B2%D0%BA%D0%B8_%D0%BA_%D0%9A%D0%BE%D0%BD%D1%81%D1%82%D0%B8%D1%82%D1%83%D1%86%D0%B8%D0%B8_%D0%A0%D0%BE%D1%81%D1%81%D0%B8%D0%B8_%282020%29,,,"юридического факультета МГУ Александр Голиченков, доктор исторических наук Алексей Вигасин , журналисты Леонид Парфёнов и Василий Уткин, писатель Виктор Шендерович; 60"
wikipedia_identity,1070,analytics_output/wikipedia_authority_candidates.csv,439,PERS_36dabb79,Гурия Анастасия Георгиевна,todo,weak_search_hit; weak_candidate,https://ru.wikipedia.org/wiki/%D0%9B%D1%8E%D0%B1%D0%B0%D1%88%D0%B0,,,"Татья́на Гео́ргиевна Меле́нтьева (урожд. — Сай, в первом браке — Залужная; род. 25 августа 1967, Запорожье), более известная под сценическим псевдонимом; 30"
wikipedia_identity,1070,analytics_output/wikipedia_authority_candidates.csv,440,PERS_36dabb79,Гурия Анастасия Георгиевна,todo,weak_search_hit; weak_candidate,https://ru.wikipedia.org/wiki/%D0%A1%D0%BF%D0%B8%D1%81%D0%BE%D0%BA_%D0%A0%D0%BE%D0%BC%D0%B0%D0%BD%D0%BE%D0%B2%D1%8B%D1%85_%D0%B2_%D1%8D%D0%BC%D0%B8%D0%B3%D1%80%D0%B0%D1%86%D0%B8%D0%B8,,,"1911—1987) + княжна императорской крови Ксения Георгиевна , второй муж 1948: Багратион-Мухранская, Леонида Георгиевна (1914—2010) + князь Владимир Кириллович; 30"
wikipedia_identity,1070,analytics_output/wikipedia_authority_candidates.csv,441,PERS_36dabb79,Гурия Анастасия Георгиевна,todo,weak_search_hit; weak_candidate,https://ru.wikipedia.org/wiki/%D0%A1%D0%BF%D0%B8%D1%81%D0%BE%D0%BA_%D1%87%D0%BB%D0%B5%D0%BD%D0%BE%D0%B2_%D0%B4%D0%BE%D0%BC%D0%B0_%D0%A0%D0%BE%D0%BC%D0%B0%D0%BD%D0%BE%D0%B2%D1%8B%D1%85,,,"Михайлович (1863—1919), жена — Мария Георгиевна (1876—1940) 1.3.4.3.a. Нина Георгиевна (1901—1974) 1.3.4.3.b. Ксения Георгиевна (1903—1960) 1.3.4.4. Александр; 30"
wikipedia_identity,1070,analytics_output/wikipedia_authority_candidates.csv,71,PERS_2c40b9b1,Гуров Никита Владимирович,todo,page_title_surname; candidate,https://ru.wikipedia.org/wiki/%D0%93%D1%83%D1%80%D0%BE%D0%B2,,,"Гу́ров ( Гу́рова ) — русская фамилия. Гуров , Александр: Гуров , Александр Васильевич (1843—1921) — русский геолог. Гуров , Александр Геннадиевич (род. 1971); 80"
wikipedia_identity,1070,analytics_output/wikipedia_authority_candidates.csv,442,PERS_7542d270,Демченко Максим Борисович,todo,weak_search_hit; weak_candidate,https://ru.wikipedia.org/wiki/%D0%91%D0%B5%D0%BB%D1%8B%D0%B5_%D0%BC%D0%B5%D0%B4%D0%B2%D0%B5%D0%B4%D0%B8_%28%D1%85%D0%BE%D0%BA%D0%BA%D0%B5%D0%B9%D0%BD%D1%8B%D0%B9_%D0%BA%D0%BB%D1%83%D0%B1%2C_%D0%A7%D0%B5%D0%BB%D1%8F%D0%B1%D0%B8%D0%BD%D1%81%D0%BA%29,,,"Анвар Рафаилович — 17 февраля 2012 — 20 октября 2014 Смельницкий, Максим Борисович — 20 октября 2014 — 6 февраля 2015, и. о. Гатиятулин, Анвар Рафаилович —; 30"
wikipedia_identity,1070,analytics_output/wikipedia_authority_candidates.csv,443,PERS_7542d270,Демченко Максим Борисович,todo,weak_search_hit; weak_candidate,https://ru.wikipedia.org/wiki/%D0%A1%D0%BF%D0%B8%D1%81%D0%BE%D0%BA_%D0%B4%D0%B5%D0%BF%D1%83%D1%82%D0%B0%D1%82%D0%BE%D0%B2_%D0%93%D0%BE%D1%81%D1%83%D0%B4%D0%B0%D1%80%D1%81%D1%82%D0%B2%D0%B5%D0%BD%D0%BD%D0%BE%D0%B9_%D0%B4%D1%83%D0%BC%D1%8B_%D0%A0%D0%BE%D1%81%D1%81%D0%B8%D0%B9%D1%81%D0%BA%D0%BE%D0%B9_%D0%A4%D0%B5%D0%B4%D0%B5%D1%80%D0%B0%D1%86%D0%B8%D0%B8_VIII_%D1%81%D0%BE%D0%B7%D1%8B%D0%B2%D0%B0,,,"Айдар Раисович Топилин, Максим Анатольевич Гаджиев, Руслан Гаджиевич Иванов, Анатолий Петрович Богуславский, Ирек Борисович Калимуллин, Рустам Галиуллович; 30"
wikipedia_identity,1070,analytics_output/wikipedia_authority_candidates.csv,444,PERS_93e2effb,Комиссаров Дмитрий Алексеевич,todo,weak_search_hit; weak_candidate,https://ru.wikipedia.org/wiki/%D0%92%D0%BE%D0%B7%D0%BD%D0%B5%D1%81%D0%B5%D0%BD%D1%81%D0%BA%D0%B8%D0%B9%2C_%D0%9D%D0%B8%D0%BA%D0%BE%D0%BB%D0%B0%D0%B9_%D0%90%D0%BB%D0%B5%D0%BA%D1%81%D0%B5%D0%B5%D0%B2%D0%B8%D1%87,,,"Никола́й Алексе́евич Вознесе́нский (18 ноября (1 декабря) 1903, село Тёплое, Чернский уезд, Тульская губерния, Российская империя — 1 октября 1950, Ленинград; 30"
wikipedia_identity,1070,analytics_output/wikipedia_authority_candidates.csv,445,PERS_93e2effb,Комиссаров Дмитрий Алексеевич,todo,weak_search_hit; weak_candidate,https://ru.wikipedia.org/wiki/%D0%93%D1%80%D0%BE%D0%BC%D0%BE%D0%B2%2C_%D0%90%D0%BB%D0%B5%D0%BA%D1%81%D0%B5%D0%B9_%D0%90%D0%BB%D0%B5%D0%BA%D1%81%D0%B5%D0%B5%D0%B2%D0%B8%D1%87,,,"Алексе́й Алексе́евич Гро́мов (род. 31 мая 1960 года, Загорск, Московская область) — советский и российский государственный деятель, дипломат. Первый заместитель; 30"
wikipedia_identity,1070,analytics_output/wikipedia_authority_candidates.csv,446,PERS_93e2effb,Комиссаров Дмитрий Алексеевич,todo,weak_search_hit; weak_candidate,https://ru.wikipedia.org/wiki/%D0%95%D0%B3%D0%BE%D1%80%D0%BE%D0%B2%2C_%D0%9C%D0%B8%D1%85%D0%B0%D0%B8%D0%BB_%D0%90%D0%BB%D0%B5%D0%BA%D1%81%D0%B5%D0%B5%D0%B2%D0%B8%D1%87,,,"Михаи́л Алексе́евич Его́ров (5 мая 1923 — 20 июня 1975) — сержант Красной армии, вместе с младшим сержантом М. В. Кантарией под руководством лейтенанта; 30"
wikipedia_identity,1070,analytics_output/wikipedia_authority_candidates.csv,205,PERS_22d87263,Костина Екатерина Александровна,todo,mention_or_search_snippet; candidate,https://ru.wikipedia.org/wiki/%D0%92%D0%BE%D1%81%D0%BA%D1%80%D0%B5%D1%81%D0%B5%D0%BD%D1%8C%D0%B5%2C_%D0%BF%D0%BE%D0%BB%D0%BE%D0%B2%D0%B8%D0%BD%D0%B0_%D1%81%D0%B5%D0%B4%D1%8C%D0%BC%D0%BE%D0%B3%D0%BE,,,"прокурор районной прокуратуры г. Москвы, руководитель Николая Павловича Елена Костина — Елена Овсянникова, студентка 3-го курса мединститута, невеста Сергея; 60"
wikipedia_identity,1070,analytics_output/wikipedia_authority_candidates.csv,206,PERS_3c202afd,Крапивина Раиса Николаевна,todo,mention_or_search_snippet; candidate,https://ru.wikipedia.org/wiki/%D0%9A%D0%BE%D0%BB%D0%BF%D0%B0%D0%BA%D0%BE%D0%B2%D0%B0%2C_%D0%A1%D0%B2%D0%B5%D1%82%D0%BB%D0%B0%D0%BD%D0%B0_%D0%9D%D0%B8%D0%BA%D0%BE%D0%BB%D0%B0%D0%B5%D0%B2%D0%BD%D0%B0,,,жён — Иза 2018 — На обрыве — Марина Крапивина 2018 — Гаражный папа — Нина Шведова 2018 — Операция «Сатана» — Раиса 2018 — Дневник новой русской — Ирина; 60
wikipedia_identity,1070,analytics_output/wikipedia_authority_candidates.csv,207,PERS_1c6fcce5,Кузина Елизавета Олеговна,todo,mention_or_search_snippet; candidate,https://ru.wikipedia.org/wiki/%D0%91%D0%B0%D0%B7%D0%B8%D0%BB%D0%B5%D0%B2%D0%B8%D1%87%2C_%D0%9E%D0%BA%D1%81%D0%B0%D0%BD%D0%B0_%D0%9E%D0%BB%D0%B5%D0%B3%D0%BE%D0%B2%D0%BD%D0%B0,,,"Стерва (Россия, Украина) — Зинаида 2009 — Смерть Вазир-Мухтара — Елизавета Алексеевна, кузина Грибоедова, жена Паскевича 2009 — Предлагаемые обстоятельства —; 60"
wikipedia_identity,1070,analytics_output/wikipedia_authority_candidates.csv,447,PERS_23215083,Русанов Максим Альбертович,todo,weak_search_hit; weak_candidate,https://ru.wikipedia.org/wiki/%D0%93%D0%B5%D1%80%D0%BE%D0%B9_%D0%A0%D0%BE%D1%81%D1%81%D0%B8%D0%B9%D1%81%D0%BA%D0%BE%D0%B9_%D0%A4%D0%B5%D0%B4%D0%B5%D1%80%D0%B0%D1%86%D0%B8%D0%B8,,,"Шикин, Максим Игоревич (31.03.2022) Концов, Максим Андреевич (04.04.2022, № 1161) Фроленков, Андрей Анатольевич (04.04.2022) Песковой, Максим Владимирович; 30"
wikipedia_identity,1070,analytics_output/wikipedia_authority_candidates.csv,448,PERS_287fe378,Рыбакова Анна Геннадьевна,todo,weak_search_hit; weak_candidate,https://ru.wikipedia.org/wiki/%D0%A1%D1%82%D0%B0%D1%80%D1%88%D0%B5%D0%BD%D0%B1%D0%B0%D1%83%D0%BC%2C_%D0%90%D0%BD%D0%BD%D0%B0_%D0%93%D0%B5%D0%BD%D0%BD%D0%B0%D0%B4%D1%8C%D0%B5%D0%B2%D0%BD%D0%B0,,,"А́нна Генна́дьевна Старшенба́ум (род. 26 апреля 1989, Москва, РСФСР, СССР) — российская актриса театра и кино. Родилась 26 апреля 1989 года в Москве. Отец —; 30"
wikipedia_identity,1070,analytics_output/wikipedia_authority_candidates.csv,208,PERS_5e2a5a5c,Столярова Екатерина Владимировна,todo,mention_or_search_snippet; candidate,https://ru.wikipedia.org/wiki/%D0%A1%D0%BF%D0%B8%D1%81%D0%BE%D0%BA_%D0%B4%D0%B5%D0%BB%D0%B5%D0%B3%D0%B0%D1%82%D0%BE%D0%B2_XXIV_%D1%81%D1%8A%D0%B5%D0%B7%D0%B4%D0%B0_%D0%9A%D0%9F%D0%A1%D0%A1,,,"Столетов, Всеволод Николаевич Столяренко, Павел Сергеевич Столяров , Пётр Филиппович Столярова , Нина Михайловна Стопников, Игорь Дмитриевич Стороженко,; 60"
wikipedia_identity,1070,analytics_output/wikipedia_authority_candidates.csv,72,PERS_3074a8e5,Терентьев Андрей Анатольевич,todo,page_title_surname; candidate,https://ru.wikipedia.org/wiki/%D0%A2%D0%B5%D1%80%D0%B5%D0%BD%D1%82%D1%8C%D0%B5%D0%B2,,,"Тере́нтьев ( Тере́нтьева ) — русская фамилия, образованная от имени Терентий . Терентьев , Александр: Терентьев , Александр Александрович (род. 1942) — советский; 80"
wikipedia_identity,1070,analytics_output/wikipedia_authority_candidates.csv,73,PERS_0665f215,Шохин Владимир Кириллович,todo,page_title_surname; candidate,https://ru.wikipedia.org/wiki/%D0%A8%D0%BE%D1%85%D0%B8%D0%BD,,,"1961) — бывший глава города Владимира , член Совета Федерации с сентября 2022 года. Шохин , Владимир : Шохин , Владимир Кириллович (род. 1951) — российский философ; 80"
openalex_identity,1080,analytics_output/openalex_author_candidates.csv,62,PERS_a0264ac5,Бурмистров Сергей Леонидович,todo,,https://openalex.org/A5039038733,,,cyrillic_fullname; Бурмистров Сергей Леонидович; 43; 0.3
openalex_identity,1080,analytics_output/openalex_author_candidates.csv,41,PERS_3e105f43,Игнатьев Андрей Александрович,todo,,https://openalex.org/A5121029754,,,cyrillic_fullname; Игнатьев Андрей Александрович; 1; 0.0
openalex_identity,1080,analytics_output/openalex_author_candidates.csv,103,PERS_efc88709,Н. А. Канаева,todo,,https://openalex.org/A5014373447,,,latin_name; Natalia Kanaeva; 4; 0.6
openalex_identity,1080,analytics_output/openalex_author_candidates.csv,57,PERS_c48611e0,Островская Елена Петровна,todo,,https://openalex.org/A5070385550,,,cyrillic_fullname; Островская Елена Петровна; 5; 0.2
openalex_identity,1080,analytics_output/openalex_author_candidates.csv,58,PERS_c48611e0,Островская Елена Петровна,todo,,https://openalex.org/A5057893055,,,cyrillic_fullname; Островская Елена Петровна; 3; 0.2
wikipedia_identity,1080,analytics_output/wikipedia_authority_candidates.csv,74,PERS_f8e06692,В. Коробов,todo,page_title_surname; candidate,https://ru.wikipedia.org/wiki/%D0%9A%D0%BE%D1%80%D0%BE%D0%B1%D0%BE%D0%B2%2C_%D0%90%D0%BB%D0%B5%D0%BA%D1%81%D0%B0%D0%BD%D0%B4%D1%80,,,"Алекса́ндр Ко́робов : Коробов , Александр Васильевич (1910—1981) — Герой Советского Союза. Коробов , Александр Григорьевич (1931—2004) — советский хозяйственный; 80"
wikipedia_identity,1080,analytics_output/wikipedia_authority_candidates.csv,75,PERS_f8e06692,В. Коробов,todo,page_title_surname; candidate,https://ru.wikipedia.org/wiki/%D0%9A%D0%BE%D1%80%D0%BE%D0%B1%D0%BE%D0%B2%2C_%D0%9C%D0%B0%D0%BA%D1%81%D0%B8%D0%BC_%D0%A1%D0%B5%D1%80%D0%B3%D0%B5%D0%B5%D0%B2%D0%B8%D1%87,,,"Макси́м Серге́евич Ко́робов (укр. Максим Сергійович Коробов ; 6 марта 2006, Киев) — украинский футболист, защитник киевского «Динамо». Родился в городе Киев.; 80"
wikipedia_identity,1080,analytics_output/wikipedia_authority_candidates.csv,76,PERS_f8e06692,В. Коробов,todo,page_title_surname; candidate,https://ru.wikipedia.org/wiki/%D0%9A%D0%BE%D1%80%D0%BE%D0%B1%D0%BE%D0%B2%2C_%D0%9C%D0%B0%D1%82%D0%B2%D0%B5%D0%B9_%D0%93%D0%B5%D0%BE%D1%80%D0%B3%D0%B8%D0%B5%D0%B2%D0%B8%D1%87,,,сентября 2008 Матвей Коробов переходит в профессионалы Архивная копия от 29 декабря 2010 на Wayback Machine — 17 сентября 2008 Матвей Коробов : «После Олимпиады; 80
wikipedia_identity,1080,analytics_output/wikipedia_authority_candidates.csv,77,PERS_b6d1bf05,В. С. Дылыкова,todo,page_title_surname; candidate,https://ru.wikipedia.org/wiki/%D0%94%D1%8B%D0%BB%D1%8B%D0%BA%D0%BE%D0%B2%D0%B0%2C_%D0%92%D0%B8%D0%BB%D0%B5%D0%BD%D0%B0_%D0%A1%D0%B0%D0%BD%D0%B4%D0%B6%D0%B5%D0%B5%D0%B2%D0%BD%D0%B0,,,"Виле́на Сандже́евна Дылы́кова ( Дылы́кова -Парфионо́вич; род. 2 февраля 1938, Ленинград) — советский и российский востоковед, специалист по агиографической; 80"
wikipedia_identity,1080,analytics_output/wikipedia_authority_candidates.csv,78,PERS_40375fef,Васильев Алексей Константинович,todo,page_title_surname; candidate,https://ru.wikipedia.org/wiki/%D0%92%D0%B0%D1%81%D0%B8%D0%BB%D1%8C%D0%B5%D0%B2%2C_%D0%90%D0%BD%D0%B0%D1%82%D0%BE%D0%BB%D0%B8%D0%B9_%D0%90%D0%BB%D0%B5%D0%BA%D1%81%D0%B0%D0%BD%D0%B4%D1%80%D0%BE%D0%B2%D0%B8%D1%87_%28%D0%B0%D0%BA%D1%82%D1%91%D1%80%29,,,Российской Федерации (1994). Анатолий Васильев родился 6 ноября 1946 года в Нижнем Тагиле. В 1969 году Анатолий Васильев окончил Школу-студию МХАТ (курс В; 80
wikipedia_identity,1080,analytics_output/wikipedia_authority_candidates.csv,449,PERS_5d34c947,Волошина Оксана Анатольевна,todo,weak_search_hit; weak_candidate,https://ru.wikipedia.org/wiki/%D0%A1%D0%BF%D0%B8%D1%81%D0%BE%D0%BA_%D1%87%D1%80%D0%B5%D0%B7%D0%B2%D1%8B%D1%87%D0%B0%D0%B9%D0%BD%D1%8B%D1%85_%D0%B8_%D0%BF%D0%BE%D0%BB%D0%BD%D0%BE%D0%BC%D0%BE%D1%87%D0%BD%D1%8B%D1%85_%D0%BF%D0%BE%D1%81%D0%BB%D0%B0%D0%BD%D0%BD%D0%B8%D0%BA%D0%BE%D0%B2_2_%D0%BA%D0%BB%D0%B0%D1%81%D1%81%D0%B0_%D0%A0%D0%BE%D1%81%D1%81%D0%B8%D0%B8,,,"России в Албании ЧПП-1, 2023 9 июня 2023 422 Новосельцева, Вероника Анатольевна советник-посланник Посольства России в Индонезии 9 июня 2023 422 Косенкова; 30"
wikipedia_identity,1080,analytics_output/wikipedia_authority_candidates.csv,79,PERS_f56c5a7e,Жукова Любовь Евгеньевна,todo,page_title_surname; candidate,https://ru.wikipedia.org/wiki/%D0%96%D1%83%D0%BA%D0%BE%D0%B2%D0%B0%2C_%D0%93%D0%B0%D0%BB%D0%B8%D0%BD%D0%B0_%D0%90%D0%BB%D0%B5%D0%BA%D1%81%D0%B0%D0%BD%D0%B4%D1%80%D0%BE%D0%B2%D0%BD%D0%B0,,,Галины Александровны Жуковой сыграла актриса Анна Банщикова. КАК УБИВАЛИ МАРШАЛА ЖУКОВА (недоступная ссылка) Родословная Г. К. Жукова Архивная копия от 26; 80
wikipedia_identity,1080,analytics_output/wikipedia_authority_candidates.csv,80,PERS_587b08ec,Леонов Михаил Васильевич,todo,page_title_surname; candidate,https://ru.wikipedia.org/wiki/%D0%9B%D0%B5%D0%BE%D0%BD%D0%BE%D0%B2,,,"Лео́нов ( Лео́нова ) — русская фамилия и топоним. Леонов , Александр: Леонов , Александр Александрович (1888—1989) — русский офицер, герой Первой мировой; 80"
wikipedia_identity,1080,analytics_output/wikipedia_authority_candidates.csv,81,PERS_587b08ec,Леонов Михаил Васильевич,todo,page_title_surname; candidate,https://ru.wikipedia.org/wiki/%D0%9B%D0%B5%D0%BE%D0%BD%D0%BE%D0%B2%2C_%D0%95%D0%B2%D0%B3%D0%B5%D0%BD%D0%B8%D0%B9_%D0%9F%D0%B0%D0%B2%D0%BB%D0%BE%D0%B2%D0%B8%D1%87,,,"Москве в семье Павла Васильевича и Анны Ильиничны Леоновых , выходцев из Клинского уезда. Был вторым ребёнком, старший брат — Николай Леонов (1924—2017). Брат; 80"
wikipedia_identity,1080,analytics_output/wikipedia_authority_candidates.csv,82,PERS_587b08ec,Леонов Михаил Васильевич,todo,page_title_surname; candidate,https://ru.wikipedia.org/wiki/%D0%9B%D0%B5%D0%BE%D0%BD%D0%BE%D0%B2-%D0%93%D0%BB%D0%B0%D0%B4%D1%8B%D1%88%D0%B5%D0%B2%2C_%D0%95%D0%B2%D0%B3%D0%B5%D0%BD%D0%B8%D0%B9_%D0%91%D0%BE%D1%80%D0%B8%D1%81%D0%BE%D0%B2%D0%B8%D1%87,,,"Изначально снимался под фамилией Леонов , но с картины «Взрослый сын» (1979) добавил девичью фамилию матери, став Леоновым -Гладышевым, чтобы в титрах не было; 80"
wikipedia_identity,1080,analytics_output/wikipedia_authority_candidates.csv,450,PERS_ebb6d156,Ложкина Анастасия Витальевна,todo,weak_search_hit; weak_candidate,https://ru.wikipedia.org/wiki/%D0%A1%D0%BF%D0%B8%D1%81%D0%BE%D0%BA_%D0%B7%D0%B0%D1%81%D0%BB%D1%83%D0%B6%D0%B5%D0%BD%D0%BD%D1%8B%D1%85_%D0%BC%D0%B0%D1%81%D1%82%D0%B5%D1%80%D0%BE%D0%B2_%D1%81%D0%BF%D0%BE%D1%80%D1%82%D0%B0_%D0%A0%D0%BE%D1%81%D1%81%D0%B8%D0%B8_%D0%BF%D0%BE_%D1%81%D0%B0%D0%BC%D0%B1%D0%BE,,,"Баир Доржиевич; Захарцова, Ольга Викторовна; Шинкаренко, Анастасия Александровна: Валова, Анастасия Владимировна; Уин, Виталий Юрьевич; Иванов, Алексей Романович;; 30"
wikipedia_identity,1080,analytics_output/wikipedia_authority_candidates.csv,451,PERS_ebb6d156,Ложкина Анастасия Витальевна,todo,weak_search_hit; weak_candidate,https://ru.wikipedia.org/wiki/%D0%A1%D0%BF%D0%B8%D1%81%D0%BE%D0%BA_%D0%BD%D0%B0%D1%80%D0%BE%D0%B4%D0%BD%D1%8B%D1%85_%D0%B0%D1%80%D1%82%D0%B8%D1%81%D1%82%D0%BE%D0%B2_%D0%A0%D0%A1%D0%A4%D0%A1%D0%A0,,,"актёр театра Щуко, Марина Владимировна (1915—1979), актриса Юдина, Лилия Витальевна (1929—2025) — актриса театра и кино Баева, Альбина Владимировна (1941—1993); 30"
wikipedia_identity,1080,analytics_output/wikipedia_authority_candidates.csv,452,PERS_ea44fd14,Люлина Анастасия Геннадьевна,todo,weak_search_hit; weak_candidate,https://ru.wikipedia.org/wiki/%D0%92%D1%8B%D0%B1%D0%BE%D1%80%D1%8B_%D0%B2_%D0%97%D0%B0%D0%BA%D0%BE%D0%BD%D0%BE%D0%B4%D0%B0%D1%82%D0%B5%D0%BB%D1%8C%D0%BD%D0%BE%D0%B5_%D1%81%D0%BE%D0%B1%D1%80%D0%B0%D0%BD%D0%B8%D0%B5_%D0%9D%D0%B8%D0%B6%D0%B5%D0%B3%D0%BE%D1%80%D0%BE%D0%B4%D1%81%D0%BA%D0%BE%D0%B9_%D0%BE%D0%B1%D0%BB%D0%B0%D1%81%D1%82%D0%B8_%282021%29,,,Александрович Справедливая Россия 4715 зарегистрирован Богданова Анжела Геннадьевна Коммунисты России 3628 зарегистрирован Цыбушкин Сергей Сергеевич Партия; 30
wikipedia_identity,1080,analytics_output/wikipedia_authority_candidates.csv,453,PERS_ea44fd14,Люлина Анастасия Геннадьевна,todo,weak_search_hit; weak_candidate,https://ru.wikipedia.org/wiki/%D0%A1%D0%BF%D0%B8%D1%81%D0%BE%D0%BA_%D0%B4%D0%B5%D0%BB%D0%B5%D0%B3%D0%B0%D1%82%D0%BE%D0%B2_XIX_%D0%BA%D0%BE%D0%BD%D1%84%D0%B5%D1%80%D0%B5%D0%BD%D1%86%D0%B8%D0%B8_%D0%9A%D0%9F%D0%A1%D0%A1,,,"Прудникова, Вера Фёдоровна Прытков, Владимир Николаевич Прыткова, Надежда Геннадьевна Прядко, Юрий Матвеевич Птицын, Владимир Николаевич Пугин, Николай Андреевич; 30"
wikipedia_identity,1080,analytics_output/wikipedia_authority_candidates.csv,454,PERS_ea44fd14,Люлина Анастасия Геннадьевна,todo,weak_search_hit; weak_candidate,https://ru.wikipedia.org/wiki/%D0%A1%D0%BF%D0%B8%D1%81%D0%BE%D0%BA_%D0%BF%D1%80%D0%BE%D1%84%D0%B5%D1%81%D1%81%D0%BE%D1%80%D0%BE%D0%B2_%D0%A0%D0%90%D0%9D,,,"Колесников, Игорь Владимирович Колесников, Павел Сергеевич Колик, Лариса Геннадьевна Колобова, Ксения Анатольевна Колсанов, Александр Владимирович Колубаев; 30"
wikipedia_identity,1080,analytics_output/wikipedia_authority_candidates.csv,455,PERS_50d73711,Смирнитская Анна Александровна,todo,weak_search_hit; weak_candidate,https://ru.wikipedia.org/wiki/%D0%91%D0%B5%D0%BB%D1%8F%D0%B2%D1%81%D0%BA%D0%B8%D0%B9%2C_%D0%90%D0%BB%D0%B5%D0%BA%D1%81%D0%B0%D0%BD%D0%B4%D1%80_%D0%91%D0%BE%D1%80%D0%B8%D1%81%D0%BE%D0%B2%D0%B8%D1%87,,,Надежда Александровна Белявская. Во втором браке с Людмилой Тихоновной (1950—2020) 28 августа 2003 года родилась дочь Александра Александровна Белявская; 30
wikipedia_identity,1080,analytics_output/wikipedia_authority_candidates.csv,456,PERS_50d73711,Смирнитская Анна Александровна,todo,weak_search_hit; weak_candidate,https://ru.wikipedia.org/wiki/%D0%9C%D0%B0%D1%81%D1%82%D0%B5%D1%80_%D0%B8_%D0%9C%D0%B0%D1%80%D0%B3%D0%B0%D1%80%D0%B8%D1%82%D0%B0_%28%D1%82%D0%B5%D0%BB%D0%B5%D1%81%D0%B5%D1%80%D0%B8%D0%B0%D0%BB%2C_2005%29,,,"января 2024 года. ""Мастер и Маргарита"": Дмитрий Нагиев ""слишком красив"", Анна Ковальчук ""чертовски хороша"" (рус.). Росбалт. Дата обращения: 6 января 2021; 30"
wikipedia_identity,1080,analytics_output/wikipedia_authority_candidates.csv,457,PERS_50d73711,Смирнитская Анна Александровна,todo,weak_search_hit; weak_candidate,https://ru.wikipedia.org/wiki/%D0%9F%D0%BE%D0%BB%D1%8C%D1%81%D0%BA%D0%B8%D1%85%2C_%D0%93%D0%B0%D0%BB%D0%B8%D0%BD%D0%B0_%D0%90%D0%BB%D0%B5%D0%BA%D1%81%D0%B0%D0%BD%D0%B4%D1%80%D0%BE%D0%B2%D0%BD%D0%B0,,,"Гали́на Алекса́ндровна По́льских (род. 27 ноября 1939, Москва, СССР) — советская и российская актриса театра, кино и дубляжа; народная артистка РСФСР (1979); 30"
wikipedia_identity,1080,analytics_output/wikipedia_authority_candidates.csv,209,PERS_7f908d49,Стрельцова Лилия Александровна,todo,mention_or_search_snippet; candidate,https://ru.wikipedia.org/wiki/%D0%9A%D0%B0%D0%BC%D0%B5%D0%BD%D0%BA%D0%BE%D0%B2%D0%B0%2C_%D0%90%D0%BD%D0%BD%D0%B0_%D0%A1%D0%B5%D0%BC%D1%91%D0%BD%D0%BE%D0%B2%D0%BD%D0%B0,,,"1974 — Такая короткая долгая жизнь — Женя 1979 — Молодая жена — Мария Стрельцова , молодая жена Алексея Терехова (премия Всесоюзного кинофестиваля, 1979); 60"
wikipedia_identity,1080,analytics_output/wikipedia_authority_candidates.csv,210,PERS_7f908d49,Стрельцова Лилия Александровна,todo,mention_or_search_snippet; candidate,https://ru.wikipedia.org/wiki/%D0%A8%D0%B5%D0%B2%D1%87%D1%83%D0%BA%2C_%D0%98%D1%80%D0%B8%D0%BD%D0%B0_%D0%91%D0%BE%D1%80%D0%B8%D1%81%D0%BE%D0%B2%D0%BD%D0%B0,,,"1974 — Второе дыхание — Женя Жовнир 1976 — Преступление — Маша, жена Стрельцова 1975 — Там вдали, за рекой — Нина Поречная, библиотекарь клуба коммунаров; 60"
wikipedia_identity,1085,analytics_output/wikipedia_authority_candidates.csv,31,PERS_96b8b195,Боголюбов Михаил Николаевич,todo,page_title_full_name; candidate,https://ru.wikipedia.org/wiki/%D0%91%D0%BE%D0%B3%D0%BE%D0%BB%D1%8E%D0%B1%D0%BE%D0%B2%2C_%D0%9C%D0%B8%D1%85%D0%B0%D0%B8%D0%BB_%D0%9D%D0%B8%D0%BA%D0%BE%D0%BB%D0%B0%D0%B5%D0%B2%D0%B8%D1%87,,,"Михаи́л Никола́евич Боголю́бов (24 января 1918, Киев — 25 ноября 2010, Санкт-Петербург, похоронен на Новодевичьем кладбище Санкт-Петербурга) — советский; 95"
wikipedia_identity,1085,analytics_output/wikipedia_authority_candidates.csv,32,PERS_35c57654,Егорова Мария Александровна,todo,page_title_full_name; candidate,https://ru.wikipedia.org/wiki/%D0%95%D0%B3%D0%BE%D1%80%D0%BE%D0%B2%D0%B0%2C_%D0%9C%D0%B0%D1%80%D0%B8%D1%8F,,,"Мари́я Его́рова : Егорова , Мария Александровна (род. 2000) — российская волейболистка-пляжница. Егорова , Мария Андреевна (1920—2006) — звеньевая льноводческого; 95"
wikipedia_identity,1085,analytics_output/wikipedia_authority_candidates.csv,33,PERS_35c57654,Егорова Мария Александровна,todo,page_title_full_name; candidate,https://ru.wikipedia.org/wiki/%D0%95%D0%B3%D0%BE%D1%80%D0%BE%D0%B2%D0%B0%2C_%D0%9C%D0%B0%D1%80%D0%B8%D1%8F_%D0%90%D0%BB%D0%B5%D0%BA%D1%81%D0%B0%D0%BD%D0%B4%D1%80%D0%BE%D0%B2%D0%BD%D0%B0,,,"Мари́я Алекса́ндровна Егорова (Воронина) (род. 18 февраля 2000) — российская волейболистка-пляжница, мастер спорта, член молодёжной сборной России. В; 95"
openalex_identity,1090,analytics_output/openalex_author_candidates.csv,94,PERS_50d73711,А. А. Смирнитская,todo,,https://openalex.org/A5096971021,,,latin_name; Anna Smirnitskaya; 2; 0.4
openalex_identity,1090,analytics_output/openalex_author_candidates.csv,95,PERS_50d73711,А. А. Смирнитская,todo,,https://openalex.org/A5068351222,,,latin_name; Anna Smirnitskaya; 4; 0.4
openalex_identity,1090,analytics_output/openalex_author_candidates.csv,96,PERS_50d73711,А. А. Смирнитская,todo,,https://openalex.org/A5108814018,,,latin_name; Anna Smirnitskaya; 2; 0.4
openalex_identity,1090,analytics_output/openalex_author_candidates.csv,76,PERS_72506535,А. С. Крылова,todo,,https://openalex.org/A5017686746,,,latin_name; Anastasia Krylova; 522; 0.4
openalex_identity,1090,analytics_output/openalex_author_candidates.csv,63,PERS_a0264ac5,Бурмистров Сергей Леонидович,todo,,https://openalex.org/A5113872590,,,cyrillic_fullname; Бурмистров Сергей Леонидович; 15; 0.2
openalex_identity,1090,analytics_output/openalex_author_candidates.csv,44,PERS_56508328,Десницкая Евгения Алексеевна,todo,,https://openalex.org/A5054502202,,,cyrillic_fullname; Десницкая Евгения Алексеевна; 1; 0.0
openalex_identity,1090,analytics_output/openalex_author_candidates.csv,45,PERS_56508328,Десницкая Евгения Алексеевна,todo,,https://openalex.org/A5019004653,,,cyrillic_fullname; Десницкая Евгения Алексеевна; 1; 0.0
openalex_identity,1090,analytics_output/openalex_author_candidates.csv,81,PERS_1c6fcce5,Е. О. Кузина,todo,,https://openalex.org/A5048410793,,,latin_name; Elizaveta Kuzina; 8; 0.4
openalex_identity,1090,analytics_output/openalex_author_candidates.csv,116,PERS_93e2effb,Комиссаров Дмитрий Андреевич,todo,,https://openalex.org/A5026063360,,,latin_name; Dmitry Komissarov; 18; 0.6
openalex_identity,1090,analytics_output/openalex_author_candidates.csv,86,PERS_9f398436,Л. И. Куликов,todo,,https://openalex.org/A5082356023,,,latin_name; Leonid Kulikov; 264; 0.4
openalex_identity,1090,analytics_output/openalex_author_candidates.csv,87,PERS_9f398436,Л. И. Куликов,todo,,https://openalex.org/A5058947251,,,latin_name; Leonid Kulikov; 146; 0.4
openalex_identity,1090,analytics_output/openalex_author_candidates.csv,88,PERS_9f398436,Л. И. Куликов,todo,,https://openalex.org/A5086666164,,,latin_name; Leonid Kulikov; 48; 0.4
openalex_identity,1090,analytics_output/openalex_author_candidates.csv,90,PERS_9f398436,Л. И. Куликов,todo,,https://openalex.org/A5076368093,,,latin_name; Leonid Kulikov; 52; 0.4
openalex_identity,1090,analytics_output/openalex_author_candidates.csv,97,PERS_0e0a154e,Л. И. Титлин,todo,,https://openalex.org/A5021957563,,,latin_name; Lev Titlin; 27; 0.4
openalex_identity,1090,analytics_output/openalex_author_candidates.csv,59,PERS_ea44fd14,Люлина Анастасия Геннадьевна,todo,,https://openalex.org/A5011713225,,,cyrillic_fullname; Люлина Анастасия Геннадьевна; 10; 0.2
openalex_identity,1090,analytics_output/openalex_author_candidates.csv,69,PERS_5d34c947,О. А. Волошина,todo,,https://openalex.org/A5006890112,,,display_name; О. А. Волошина; 10; 0.3
openalex_identity,1090,analytics_output/openalex_author_candidates.csv,68,PERS_3357f25b,Скороходова Татьяна Григорьевна,todo,,https://openalex.org/A5068760308,,,cyrillic_fullname; Скороходова Татьяна Григорьевна; 17; 0.2
openalex_identity,1090,analytics_output/openalex_author_candidates.csv,374,PERS_a84aedaa,Шомахмадов Сафарали Хайбуллоевич,todo,,https://openalex.org/A5091274285,,,cyrillic_fullname; Шомахмадов Сафарали Хайбуллоевич; 6; 0.2
openalex_identity,1090,analytics_output/openalex_author_candidates.csv,133,PERS_0665f215,Шохин Владимир Кириллович,todo,,https://openalex.org/A5110754780,,,cyrillic_fullname; Шохин Владимир Кириллович; 63; 0.6
openalex_identity,1090,analytics_output/openalex_author_candidates.csv,135,PERS_0665f215,Шохин Владимир Кириллович,todo,,https://openalex.org/A5110754780,,,latin_name; Vladimir Shokhin; 63; 0.6
wikipedia_identity,1090,analytics_output/wikipedia_authority_candidates.csv,211,PERS_c6bbcef3,Битинайте Елена Алексеевна,todo,mention_or_search_snippet; candidate,https://ru.wikipedia.org/wiki/%D0%9B%D0%B0%D1%83%D1%80%D0%B5%D0%B0%D1%82%D1%8B_%D0%BF%D1%80%D0%B5%D0%BC%D0%B8%D0%B8_%D0%9B%D0%B5%D0%BD%D0%B8%D0%BD%D1%81%D0%BA%D0%BE%D0%B3%D0%BE_%D0%BA%D0%BE%D0%BC%D1%81%D0%BE%D0%BC%D0%BE%D0%BB%D0%B0_%D0%B2_%D0%BE%D0%B1%D0%BB%D0%B0%D1%81%D1%82%D0%B8_%D0%BD%D0%B0%D1%83%D0%BA%D0%B8_%D0%B8_%D1%82%D0%B5%D1%85%D0%BD%D0%B8%D0%BA%D0%B8,,,"процессы в магнитоупорядоченных кристаллах и устройства на их основе» Битинайте , Юрате Брониславовна, Стакенас, Пятрас Стасевич, мл. н. с., Буткус, Викторас; 60"
wikipedia_identity,1090,analytics_output/wikipedia_authority_candidates.csv,652,PERS_dd7de77e,Бросалина Елена Кирилловна,todo,no_hit,,,,0
wikipedia_identity,1090,analytics_output/wikipedia_authority_candidates.csv,83,PERS_f7c7adc7,В. В. Донских,todo,page_title_surname; candidate,https://ru.wikipedia.org/wiki/%D0%94%D0%BE%D0%BD%D1%81%D0%BA%D0%B8%D1%85,,,"Донски́х — русская фамилия. Известные носители: Донских , Александр: Донских , Александр Иванович (1918—1983) — Герой Советского Союза. Донских , Александр; 80"
wikipedia_identity,1090,analytics_output/wikipedia_authority_candidates.csv,84,PERS_f7c7adc7,В. В. Донских,todo,page_title_surname; candidate,https://ru.wikipedia.org/wiki/%D0%A1%D0%BE%D1%8E%D0%B7_%D0%94%D0%BE%D0%BD%D1%81%D0%BA%D0%B8%D1%85_%D0%BA%D0%B0%D0%B7%D0%B0%D0%BA%D0%BE%D0%B2_%D0%B7%D0%B0_%D1%80%D1%83%D0%B1%D0%B5%D0%B6%D0%BE%D0%BC,,,"Союз Донских казаков за рубежом (ранее Всевеликое Войско Донское за Рубежом) — эмигрантская воинская организация донских казаков, созданная в 1935 году; 80"
wikipedia_identity,1090,analytics_output/wikipedia_authority_candidates.csv,212,PERS_2c40b9b1,Гуров Никита Владимирович,todo,mention_or_search_snippet; candidate,https://ru.wikipedia.org/wiki/%D0%93%D0%B5%D1%80%D0%BE%D0%B9_%D0%A0%D0%BE%D1%81%D1%81%D0%B8%D0%B9%D1%81%D0%BA%D0%BE%D0%B9_%D0%A4%D0%B5%D0%B4%D0%B5%D1%80%D0%B0%D1%86%D0%B8%D0%B8,,,"(18.11.1996, 360) Бузин, Александр Сергеевич (18.11.1996, 361) Гуров , Игорь Владимирович (18.11.1996, 362) Клупов, Рустем Максович (12.09.1996, 363) Морозов; 60"
wikipedia_identity,1090,analytics_output/wikipedia_authority_candidates.csv,458,PERS_8df3730a,Донченко Сергей Сергеевич,todo,weak_search_hit; weak_candidate,https://ru.wikipedia.org/wiki/%D0%93%D0%B5%D1%80%D0%BE%D0%B9_%D0%94%D0%BE%D0%BD%D0%B5%D1%86%D0%BA%D0%BE%D0%B9_%D0%9D%D0%B0%D1%80%D0%BE%D0%B4%D0%BD%D0%BE%D0%B9_%D0%A0%D0%B5%D1%81%D0%BF%D1%83%D0%B1%D0%BB%D0%B8%D0%BA%D0%B8,,,"июня 2015 (посмертно), командир взвода 2-го отб НМ ДНР; Артеменко, Сергей Сергеевич — Указ Главы ДНР № 439 от 27 июня 2016 г., позывной «Кот»; Байцаев; 30"
wikipedia_identity,1090,analytics_output/wikipedia_authority_candidates.csv,459,PERS_8df3730a,Донченко Сергей Сергеевич,todo,weak_search_hit; weak_candidate,https://ru.wikipedia.org/wiki/%D0%9C%D0%B5%D0%BD%D1%82%D0%BE%D0%B2%D1%81%D0%BA%D0%B8%D0%B5_%D0%B2%D0%BE%D0%B9%D0%BD%D1%8B,,,"Смирнова-Кацагаджиева, Андрей Родимов, Сергей Кудрявцев, Ольга Павловец, Александр Саюталин, Дмитрий Мухамадеев, Сергей Хомченков, Дмитрий Лебедев, Алексей; 30"
wikipedia_identity,1090,analytics_output/wikipedia_authority_candidates.csv,85,PERS_bcaec2d8,Дружинин Владимир Юрьевич,todo,page_title_surname; candidate,https://ru.wikipedia.org/wiki/%D0%94%D1%80%D1%83%D0%B6%D0%B8%D0%BD%D0%B8%D0%BD,,,"психолог, организатор науки. Дружинин , Владимир Прокопьевич (род. 1957) — советский и российский физик. Дружинин , Владислав Юрьевич (род. 1948) — советский; 80"
wikipedia_identity,1090,analytics_output/wikipedia_authority_candidates.csv,213,PERS_8108c314,Ерченков Олег Николаевич,todo,mention_or_search_snippet; candidate,https://ru.wikipedia.org/wiki/%D0%90%D0%B1%D1%85%D0%B8%D0%BD%D0%B0%D0%B2%D0%B0%D0%B3%D1%83%D0%BF%D1%82%D0%B0,,,"Abhinavagupta: Traduits et comments, Lilian Silburn Перевод с санскрита: Ерченков , Олег Николаевич Абхинавагупта : [арх. 4 января 2023] / Исаева H. В. // А — Анкетирование; 60"
wikipedia_identity,1090,analytics_output/wikipedia_authority_candidates.csv,214,PERS_8108c314,Ерченков Олег Николаевич,todo,mention_or_search_snippet; candidate,https://ru.wikipedia.org/wiki/%D0%A1%D0%BA%D0%B0%D0%BD%D0%B4%D0%B0-%D0%BF%D1%83%D1%80%D0%B0%D0%BD%D0%B0,,,«Сканда-пурану» переводит принявший недавно православие российский индолог Олег Николаевич Ерченков . Частично переведены и доступны в сети первые главы Кедара-кханды; 60
wikipedia_identity,1090,analytics_output/wikipedia_authority_candidates.csv,215,PERS_10547db9,Загуменнов Борис Иванович,todo,mention_or_search_snippet; candidate,https://ru.wikipedia.org/wiki/%D0%9C%D0%B5%D0%B9%D0%BB%D0%B0%D1%85%2C_%D0%9C%D0%B8%D1%85%D0%B0%D0%B8%D0%BB_%D0%91%D0%BE%D1%80%D0%B8%D1%81%D0%BE%D0%B2%D0%B8%D1%87,,,"художественным — у Ленина были крайне консервативные вкусы» (интервью 25.03.2017) Загуменнов Д. Михаил Мейлах: «У нас средневековое отношение к тому, кто что думает; 60"
wikipedia_identity,1090,analytics_output/wikipedia_authority_candidates.csv,460,PERS_7eb0dc30,Зимина Татьяна Александровна,todo,weak_search_hit; weak_candidate,https://ru.wikipedia.org/wiki/%D0%9C%D0%B0%D1%80%D0%B8%D1%8F_%D0%90%D0%BB%D0%B5%D0%BA%D1%81%D0%B0%D0%BD%D0%B4%D1%80%D0%BE%D0%B2%D0%BD%D0%B0_%28%D0%B8%D0%BC%D0%BF%D0%B5%D1%80%D0%B0%D1%82%D1%80%D0%B8%D1%86%D0%B0%29,,,Мария Александровна (Конец 1850-х - начало 1860-х.) Мария Александровна (186?) Мария Александровна Мария Александровна (186?) Мария Александровна c детьми; 30
wikipedia_identity,1090,analytics_output/wikipedia_authority_candidates.csv,461,PERS_7eb0dc30,Зимина Татьяна Александровна,todo,weak_search_hit; weak_candidate,https://ru.wikipedia.org/wiki/%D0%A2%D0%B0%D1%88%D0%BA%D0%BE%D0%B2%D0%B0%2C_%D0%A2%D0%B0%D1%82%D1%8C%D1%8F%D0%BD%D0%B0_%D0%90%D0%BB%D0%B5%D0%BA%D1%81%D0%B0%D0%BD%D0%B4%D1%80%D0%BE%D0%B2%D0%BD%D0%B0,,,"Татья́на Алекса́ндровна Ташко́ва (урождённая Васи́льева; род. 24 августа 1956, Сталинград, Сталинградская область, РСФСР, СССР) — советская и российская; 30"
wikipedia_identity,1090,analytics_output/wikipedia_authority_candidates.csv,216,PERS_d218805b,Крюкова Виктория Юрьевна,todo,mention_or_search_snippet; candidate,https://ru.wikipedia.org/wiki/%D0%A4%D0%B0%D1%83%D1%81%D1%82_%28%D1%84%D0%B8%D0%BB%D1%8C%D0%BC%2C_2011%29,,,"работу (Брюно Дельбоннель), лучшую работу художника по костюмам (Лидия Крюкова ), лучшую работу художника (Елена Жукова), лучшую музыку к фильму (Андрей; 60"
wikipedia_identity,1090,analytics_output/wikipedia_authority_candidates.csv,217,PERS_b62a9567,Курочкин Александр Юрьевич,todo,mention_or_search_snippet; candidate,https://ru.wikipedia.org/wiki/%D0%9C%D0%B5%D0%BD%D1%8C%D1%88%D0%B8%D0%BA%D0%BE%D0%B2%2C_%D0%9E%D0%BB%D0%B5%D0%B3_%D0%95%D0%B2%D0%B3%D0%B5%D0%BD%D1%8C%D0%B5%D0%B2%D0%B8%D1%87,,,"Полях, Париж) 1998 — «Горе от ума» Александра Грибоедова / «Театральное товарищество 814» 2000 — «Кухня» Максима Курочкина / «Театральное товарищество 814»; 60"
wikipedia_identity,1090,analytics_output/wikipedia_authority_candidates.csv,218,PERS_b62a9567,Курочкин Александр Юрьевич,todo,mention_or_search_snippet; candidate,https://ru.wikipedia.org/wiki/%D0%A1%D0%B8%D1%80%D0%B8%D0%BD%2C_%D0%90%D0%BB%D0%B5%D0%BA%D1%81%D0%B0%D0%BD%D0%B4%D1%80_%D0%92%D1%8F%D1%87%D0%B5%D1%81%D0%BB%D0%B0%D0%B2%D0%BE%D0%B2%D0%B8%D1%87,,,"прокуратуры 1999 — Д. Д. Д. Досье детектива Дубровского — Олег Геннадьевич Курочкин , помощник генерального прокурора 2002 — Неудача Пуаро — Хеммонд, поверенный; 60"
wikipedia_identity,1090,analytics_output/wikipedia_authority_candidates.csv,219,PERS_b62a9567,Курочкин Александр Юрьевич,todo,mention_or_search_snippet; candidate,https://ru.wikipedia.org/wiki/%D0%A7%D0%B5%D0%BC%D0%BF%D0%B8%D0%BE%D0%BD%D0%B0%D1%82_%D0%9C%D0%A5%D0%9B_1995/1996_%28%D1%81%D0%BE%D1%81%D1%82%D0%B0%D0%B2%D1%8B%29,,,"Алексей Геннадьевич нап Жуков, Алексей Юрьевич нап Зайцев, Сергей Геннадьевич нап Зоркин, Владимир Николаевич нап Курочкин , Константин Вячеславович нап Латышев; 60"
wikipedia_identity,1090,analytics_output/wikipedia_authority_candidates.csv,462,PERS_6441d568,Соболева Елена Станиславовна,todo,weak_search_hit; weak_candidate,https://ru.wikipedia.org/wiki/%D0%90%D0%BB%D0%B5%D0%BA%D1%81%D0%B0%D0%BD%D0%B4%D1%80%D0%B8%D0%BD%D1%81%D0%BA%D0%B8%D0%B9_%D1%82%D0%B5%D0%B0%D1%82%D1%80,,,Семак Пётр Михайлович Смирнова Светлана Станиславовна Заслуженные артисты России: Волгин Аркадий Наумович Зимина Елена Константиновна Капитонов Евгений Павлович; 30
wikipedia_identity,1090,analytics_output/wikipedia_authority_candidates.csv,463,PERS_6441d568,Соболева Елена Станиславовна,todo,weak_search_hit; weak_candidate,https://ru.wikipedia.org/wiki/%D0%93%D1%83%D0%B1%D0%B0%D0%BD%D0%BE%D0%B2%D0%B0%2C_%D0%98%D1%80%D0%B8%D0%BD%D0%B0_%D0%98%D0%B3%D0%BE%D1%80%D0%B5%D0%B2%D0%BD%D0%B0,,,"размышление — Татьяна Александровна 1980 — Сицилианская защита — Янина Станиславовна Гронская, эксперт музея 1981 — Восьмое чудо света — Полина Чернова,; 30"
wikipedia_identity,1090,analytics_output/wikipedia_authority_candidates.csv,220,PERS_3074a8e5,Терентьев Андрей Анатольевич,todo,mention_or_search_snippet; candidate,https://ru.wikipedia.org/wiki/%D0%A1%D0%BF%D0%B8%D1%81%D0%BE%D0%BA_%D0%B4%D0%B5%D0%BF%D1%83%D1%82%D0%B0%D1%82%D0%BE%D0%B2_%D0%93%D0%BE%D1%81%D1%83%D0%B4%D0%B0%D1%80%D1%81%D1%82%D0%B2%D0%B5%D0%BD%D0%BD%D0%BE%D0%B9_%D0%B4%D1%83%D0%BC%D1%8B_%D0%A0%D0%BE%D1%81%D1%81%D0%B8%D0%B9%D1%81%D0%BA%D0%BE%D0%B9_%D0%A4%D0%B5%D0%B4%D0%B5%D1%80%D0%B0%D1%86%D0%B8%D0%B8_VIII_%D1%81%D0%BE%D0%B7%D1%8B%D0%B2%D0%B0,,,"Валентинович Картаполов, Андрей Валериевич Метелев, Артём Павлович Выборный, Анатолий Борисович Дрожжина, Юлия Николаевна Терентьев , Михаил Борисович Агаев; 60"
wikipedia_identity,1090,analytics_output/wikipedia_authority_candidates.csv,86,PERS_b881461b,Яковлева Мария Николаевна,todo,page_title_surname; candidate,https://ru.wikipedia.org/wiki/%D0%AF%D0%BA%D0%BE%D0%B2%D0%BB%D0%B5%D0%B2%D0%B0%2C_%D0%9C%D0%B0%D1%80%D0%B8%D0%BD%D0%B0_%D0%90%D0%BB%D0%B5%D0%BA%D1%81%D0%B0%D0%BD%D0%B4%D1%80%D0%BE%D0%B2%D0%BD%D0%B0,,,— 25 октября (№ 128). — С. 5. Марина Яковлева (англ.) на сайте Internet Movie Database Марина Яковлева в ruskino.ru Марина Яковлева на «КТО ЕСТЬ КТО?»; 80
wikipedia_identity,1095,analytics_output/wikipedia_authority_candidates.csv,34,PERS_61de659d,Белов Владимир Николаевич,todo,page_title_full_name; candidate,https://ru.wikipedia.org/wiki/%D0%91%D0%B5%D0%BB%D0%BE%D0%B2%2C_%D0%92%D0%BB%D0%B0%D0%B4%D0%B8%D0%BC%D0%B8%D1%80,,,"Влади́мир Бело́в : Белов , Владимир Александрович: Белов , Владимир Александрович (род. 1955) — военный врач, Герой Российской Федерации. Белов , Владимир; 95"
wikipedia_identity,1095,analytics_output/wikipedia_authority_candidates.csv,35,PERS_61de659d,Белов Владимир Николаевич,todo,page_title_full_name; candidate,https://ru.wikipedia.org/wiki/%D0%91%D0%B5%D0%BB%D0%BE%D0%B2%2C_%D0%92%D0%BB%D0%B0%D0%B4%D0%B8%D0%BC%D0%B8%D1%80_%D0%9D%D0%B8%D0%BA%D0%BE%D0%BB%D0%B0%D0%B5%D0%B2%D0%B8%D1%87,,,"Владимир Николаевич Белов : Белов , Владимир Николаевич (1900—1963) — советский химик. Белов , Владимир Николаевич (1947 — до 2017) — советский футболист; 95"
wikipedia_identity,1095,analytics_output/wikipedia_authority_candidates.csv,36,PERS_2c9b38ec,Ватман Семён Викторович,todo,page_title_full_name; candidate,https://ru.wikipedia.org/wiki/%D0%92%D0%B0%D1%82%D0%BC%D0%B0%D0%BD%2C_%D0%A1%D0%B5%D0%BC%D1%91%D0%BD_%D0%92%D0%B8%D0%BA%D1%82%D0%BE%D1%80%D0%BE%D0%B2%D0%B8%D1%87,,,Семён Ви́кторович Ва́тман (религиозное имя Сутапа Дас; род. 1959) — российский религиовед и переводчик. Кандидат философских наук (2002). В 1990-е годы —; 95
wikipedia_identity,1095,analytics_output/wikipedia_authority_candidates.csv,37,PERS_2f26a47a,Елизаренкова Татьяна Яковлевна,todo,page_title_full_name; candidate,https://ru.wikipedia.org/wiki/%D0%95%D0%BB%D0%B8%D0%B7%D0%B0%D1%80%D0%B5%D0%BD%D0%BA%D0%BE%D0%B2%D0%B0%2C_%D0%A2%D0%B0%D1%82%D1%8C%D1%8F%D0%BD%D0%B0_%D0%AF%D0%BA%D0%BE%D0%B2%D0%BB%D0%B5%D0%B2%D0%BD%D0%B0,,,"Татья́на Я́ковлевна Елиза́ренкова (17 сентября 1929, Ленинград, СССР — 5 сентября 2007, Москва, Россия) — советский и российский лингвист и переводчик; 95"
wikipedia_identity,1095,analytics_output/wikipedia_authority_candidates.csv,38,PERS_c582889e,Иткин Илья Борисович,todo,page_title_full_name; candidate,https://ru.wikipedia.org/wiki/%D0%98%D1%82%D0%BA%D0%B8%D0%BD%2C_%D0%98%D0%BB%D1%8C%D1%8F_%D0%91%D0%BE%D1%80%D0%B8%D1%81%D0%BE%D0%B2%D0%B8%D1%87,,,"Илья Борисович Иткин (род. 19 января 1973 г.) — российский лингвист. Доктор филологических наук, переводчик, старший научный сотрудник Института востоковедения; 95"
wikipedia_identity,1095,analytics_output/wikipedia_authority_candidates.csv,39,PERS_e96139bd,Коробов Владимир Борисович,todo,page_title_full_name; candidate,https://ru.wikipedia.org/wiki/%D0%9A%D0%BE%D1%80%D0%BE%D0%B1%D0%BE%D0%B2%2C_%D0%92%D0%BB%D0%B0%D0%B4%D0%B8%D0%BC%D0%B8%D1%80,,,"Влади́мир Ко́робов : Коробов , Владимир Борисович : Коробов , Владимир Борисович — российский океанолог, доктор географических наук Коробов , Владимир Борисович; 95"
wikipedia_identity,1095,analytics_output/wikipedia_authority_candidates.csv,40,PERS_e96139bd,Коробов Владимир Борисович,todo,page_title_full_name; candidate,https://ru.wikipedia.org/wiki/%D0%9A%D0%BE%D1%80%D0%BE%D0%B1%D0%BE%D0%B2%2C_%D0%92%D0%BB%D0%B0%D0%B4%D0%B8%D0%BC%D0%B8%D1%80_%D0%91%D0%BE%D1%80%D0%B8%D1%81%D0%BE%D0%B2%D0%B8%D1%87,,,"Влади́мир Бори́сович Ко́робов : Коробов , Владимир Борисович — российский океанолог, доктор географических наук Коробов , Владимир Борисович (1953—2011); 95"
wikipedia_identity,1095,analytics_output/wikipedia_authority_candidates.csv,41,PERS_e96139bd,Коробов Владимир Борисович,todo,page_title_full_name; candidate,https://ru.wikipedia.org/wiki/%D0%9A%D0%BE%D1%80%D0%BE%D0%B1%D0%BE%D0%B2%2C_%D0%92%D0%BB%D0%B0%D0%B4%D0%B8%D0%BC%D0%B8%D1%80_%D0%91%D0%BE%D1%80%D0%B8%D1%81%D0%BE%D0%B2%D0%B8%D1%87_%28%D0%BF%D0%BE%D1%8D%D1%82%29,,,"Владимир Борисович Коробов (24 апреля 1953, Тобольск, Тюменская область — 26 ноября 2011, Ялта) — русский поэт, эссеист и переводчик, критик, драматург; 95"
wikipedia_identity,1095,analytics_output/wikipedia_authority_candidates.csv,42,PERS_47ad46f1,Родионов Михаил Анатольевич,todo,page_title_full_name; candidate,https://ru.wikipedia.org/wiki/%D0%A0%D0%BE%D0%B4%D0%B8%D0%BE%D0%BD%D0%BE%D0%B2%2C_%D0%9C%D0%B8%D1%85%D0%B0%D0%B8%D0%BB,,,"Михаи́л Родио́нов : Родионов , Михаил Александрович (1918—1942) — Герой Советского Союза. Родионов , Михаил Анатольевич (1946—2022) — российский востоковед; 95"
wikipedia_identity,1095,analytics_output/wikipedia_authority_candidates.csv,43,PERS_47ad46f1,Родионов Михаил Анатольевич,todo,page_title_full_name; candidate,https://ru.wikipedia.org/wiki/%D0%A0%D0%BE%D0%B4%D0%B8%D0%BE%D0%BD%D0%BE%D0%B2%2C_%D0%9C%D0%B8%D1%85%D0%B0%D0%B8%D0%BB_%D0%90%D0%BD%D0%B0%D1%82%D0%BE%D0%BB%D1%8C%D0%B5%D0%B2%D0%B8%D1%87,,,"Михаил Анатольевич Родионов (9 октября 1946, Ленинград — 31 октября 2022) — советский и российский востоковед, специалист в области истории и этнографии; 95"
wikipedia_identity,1095,analytics_output/wikipedia_authority_candidates.csv,44,PERS_1130c736,Серебряный Сергей Дмитриевич,todo,page_title_full_name; candidate,https://ru.wikipedia.org/wiki/%D0%A1%D0%B5%D1%80%D0%B5%D0%B1%D1%80%D1%8F%D0%BD%D1%8B%D0%B9%2C_%D0%A1%D0%B5%D1%80%D0%B3%D0%B5%D0%B9_%D0%94%D0%BC%D0%B8%D1%82%D1%80%D0%B8%D0%B5%D0%B2%D0%B8%D1%87,,,"Серге́й Дми́триевич Сере́бряный (род. 22 января 1946, Москва, СССР) — советский и российский индолог, специалист по истории индийской литературы и культуры; 95"
wikipedia_identity,1095,analytics_output/wikipedia_authority_candidates.csv,45,PERS_f619aeed,Цендина Анна Дамдиновна,todo,page_title_full_name; candidate,https://ru.wikipedia.org/wiki/%D0%A6%D0%B5%D0%BD%D0%B4%D0%B8%D0%BD%D0%B0%2C_%D0%90%D0%BD%D0%BD%D0%B0_%D0%94%D0%B0%D0%BC%D0%B4%D0%B8%D0%BD%D0%BE%D0%B2%D0%BD%D0%B0,,,"ссылки на авторитетные источники в виде сносок. (10 июля 2025) А́нна Дамди́новна Це́ндина (род. 11 августа 1954, Улан-Батор, МНР) — советский и российский; 95"
openalex_identity,1100,analytics_output/openalex_author_candidates.csv,372,PERS_3b196639,Гордийчук Николай Валентинович,todo,,https://openalex.org/A5112973012,,,cyrillic_fullname; Гордийчук Николай Валентинович; 1; 0.0
openalex_identity,1100,analytics_output/openalex_author_candidates.csv,373,PERS_3b196639,Гордийчук Николай Валентинович,todo,,https://openalex.org/A5061953495,,,cyrillic_fullname; Гордийчук Николай Валентинович; 2; 0.0
openalex_identity,1100,analytics_output/openalex_author_candidates.csv,82,PERS_1c6fcce5,Е. О. Кузина,todo,,https://openalex.org/A5000767755,,,latin_name; Elizaveta Kuzina; 2; 0.3
openalex_identity,1100,analytics_output/openalex_author_candidates.csv,83,PERS_1c6fcce5,Е. О. Кузина,todo,,https://openalex.org/A5068540307,,,latin_name; Elizaveta Kuzina; 15; 0.3
openalex_identity,1100,analytics_output/openalex_author_candidates.csv,84,PERS_1c6fcce5,Е. О. Кузина,todo,,https://openalex.org/A5049224248,,,latin_name; Elizaveta Kuzina; 1; 0.3
openalex_identity,1100,analytics_output/openalex_author_candidates.csv,85,PERS_1c6fcce5,Е. О. Кузина,todo,,https://openalex.org/A5118967685,,,latin_name; Elizaveta Kuzina; 1; 0.3
openalex_identity,1100,analytics_output/openalex_author_candidates.csv,75,PERS_fb25c80f,Ермакова Татьяна Викторовна,todo,,https://openalex.org/A5027854164,,,cyrillic_fullname; Ермакова Татьяна Викторовна; 5; 0.2
openalex_identity,1100,analytics_output/openalex_author_candidates.csv,89,PERS_9f398436,Л. И. Куликов,todo,,https://openalex.org/A5104373901,,,latin_name; Leonid Kulikov; 1; 0.3
openalex_identity,1100,analytics_output/openalex_author_candidates.csv,98,PERS_0e0a154e,Л. И. Титлин,todo,,https://openalex.org/A5125451835,,,latin_name; Lev Titlin; 1; 0.3
openalex_identity,1100,analytics_output/openalex_author_candidates.csv,99,PERS_0e0a154e,Л. И. Титлин,todo,,https://openalex.org/A5104645350,,,latin_name; Lev Titlin; 1; 0.3
openalex_identity,1100,analytics_output/openalex_author_candidates.csv,375,PERS_d2559ba1,Лепехова Елена Сергеевна,todo,,https://openalex.org/A5018174821,,,cyrillic_fullname; Лепехова Елена Сергеевна; 8; 0.2
openalex_identity,1100,analytics_output/openalex_author_candidates.csv,46,PERS_9a855a7b,М. Ф. Альбедиль,todo,,https://openalex.org/A5012836945,,,display_name; М. Ф. Альбедиль; 1; 0.0
openalex_identity,1100,analytics_output/openalex_author_candidates.csv,64,PERS_260a598a,С. В. Пахомов,todo,,https://openalex.org/A5085491552,,,display_name; С. В. Пахомов; 1; 0.1
openalex_identity,1100,analytics_output/openalex_author_candidates.csv,376,PERS_0ca995ac,Яковлев Виктор Михайлович,todo,,https://openalex.org/A5034017258,,,cyrillic_fullname; Яковлев Виктор Михайлович; 3; 0.2
wikipedia_identity,1100,analytics_output/wikipedia_authority_candidates.csv,87,PERS_800ac07e,А. А. Нейвирт,todo,page_title_surname; candidate,https://ru.wikipedia.org/wiki/%D0%A3%D0%B7%D0%B5%D0%BB_%D0%9D%D0%B5%D0%B9%D0%B2%D0%B8%D1%80%D1%82%D0%B0,,,"Узел Нейвирта , или расслоённый узел, — узел, группа которого обладает конечно порождённым коммутантом. Понятие введено Ли Нейвиртом . Дополнение узла Нейвирта; 80"
wikipedia_identity,1100,analytics_output/wikipedia_authority_candidates.csv,221,PERS_c0d95426,А. Бейнорюс,todo,mention_or_search_snippet; candidate,https://ru.wikipedia.org/wiki/%D0%90%D0%BB%D0%B0%D1%8F-%D0%B2%D0%B8%D0%B4%D0%B6%D0%BD%D1%8F%D0%BD%D0%B0,,,978-5-91994-007-4. Бейнорюс А .[англ.]. Понятие «сознание-хранилище» у Васубандху // Историко-философский ежегодник 2004 / Отв. ред. М. А . Солопова. — М.:; 60
wikipedia_identity,1100,analytics_output/wikipedia_authority_candidates.csv,222,PERS_c0d95426,А. Бейнорюс,todo,mention_or_search_snippet; candidate,https://ru.wikipedia.org/wiki/%D0%91%D1%85%D0%B0%D1%80%D0%B0%D0%BD%D0%B8,,,"исследования. — Москва: Наука, 1975. — Т. 12. — С. 237—238. Аудрюс Бейнорюс . Лунные созвездия (накшатры) и традиция наречения имени в Древней Индии //; 60"
wikipedia_identity,1100,analytics_output/wikipedia_authority_candidates.csv,223,PERS_c0d95426,А. Бейнорюс,todo,mention_or_search_snippet; candidate,https://ru.wikipedia.org/wiki/%D0%94%D0%B6%D1%8C%D0%BE%D1%82%D0%B8%D1%88%D0%B0,,,Архивная копия от 22 декабря 2023 на Wayback Machine. Madhivanan Аудрюс Бейнорюс . Лунные созвездия (накшатры) и традиция наречения имени в Древней Индии; 60
wikipedia_identity,1100,analytics_output/wikipedia_authority_candidates.csv,88,PERS_7bbed51a,А. Л. Сладков,todo,page_title_surname; candidate,https://ru.wikipedia.org/wiki/%D0%A1%D0%BB%D0%B0%D0%B4%D0%BA%D0%BE%D0%B2%2C_%D0%9D%D0%B8%D0%BA%D0%BE%D0%BB%D0%B0%D0%B9_%D0%98%D0%B2%D0%B0%D0%BD%D0%BE%D0%B2%D0%B8%D1%87,,,"Так писал Сладков в своих заметках. — Даниил Гранин, Памяти Николая Сладкова (2000) Природа и, особенно, лесной мир для Николая Сладкова — постоянный; 80"
wikipedia_identity,1100,analytics_output/wikipedia_authority_candidates.csv,89,PERS_7bbed51a,А. Л. Сладков,todo,page_title_surname; candidate,https://ru.wikipedia.org/wiki/%D0%A1%D0%BB%D0%B0%D0%B4%D0%BA%D0%BE%D0%B2%2C_%D0%A2%D0%B8%D0%BC%D0%BE%D1%84%D0%B5%D0%B9_%D0%98%D0%BF%D0%BF%D0%BE%D0%BB%D0%B8%D1%82%D0%BE%D0%B2%D0%B8%D1%87,,,1914 года Сладков получил назначение в Главное управление Генерального штаба. После начала Первой мировой войны находившийся в чине есаула Сладков написал; 80
wikipedia_identity,1100,analytics_output/wikipedia_authority_candidates.csv,90,PERS_3ccc9bd7,А. Солька,todo,page_title_surname; candidate,https://ru.wikipedia.org/wiki/%D0%A1%D0%BE%D0%BB%D1%8C%D0%BA%D0%B0,,,Со́лька — посёлок в Трубчевском районе Брянской области России. Входит в состав Усохского сельского поселения. Посёлок находится в южной части Брянской; 80
wikipedia_identity,1100,analytics_output/wikipedia_authority_candidates.csv,91,PERS_96b8b195,Боголюбов Михаил Николаевич,todo,page_title_surname; candidate,https://ru.wikipedia.org/wiki/%D0%91%D0%BE%D0%B3%D0%BE%D0%BB%D1%8E%D0%B1%D0%BE%D0%B2,,,"Боголю́бов ( Боголю́бова ) — русская фамилия. Боголюбовы — дворянский род. Боголюбов , Александр: Боголюбов , Александр Акимович (при рождении Каганович; 1934—2020) —; 80"
wikipedia_identity,1100,analytics_output/wikipedia_authority_candidates.csv,92,PERS_96b8b195,Боголюбов Михаил Николаевич,todo,page_title_surname; candidate,https://ru.wikipedia.org/wiki/%D0%91%D0%BE%D0%B3%D0%BE%D0%BB%D1%8E%D0%B1%D0%BE%D0%B2%2C_%D0%9D%D0%B8%D0%BA%D0%BE%D0%BB%D0%B0%D0%B9_%D0%9D%D0%B8%D0%BA%D0%BE%D0%BB%D0%B0%D0%B5%D0%B2%D0%B8%D1%87,,,"Национальной Академии наук Украины, Михаил Николаевич Боголюбов (1918—2010) — языковед, академик РАН. Отец начал учить Н. Н. Боголюбова чтению и письму с четырёхлетнего; 80"
wikipedia_identity,1100,analytics_output/wikipedia_authority_candidates.csv,224,PERS_b6d1bf05,В. С. Дылыкова,todo,mention_or_search_snippet; candidate,https://ru.wikipedia.org/wiki/%D0%90%D1%84%D0%BE%D1%80%D0%B8%D0%B7%D0%BC,,,"Пословица Большая российская энциклопедия, 2005. Дылыкова В . С . Тибетская литература. М., Наука, 1985. — с . 120 ...кроме Иисуса и Шекспира, никого не цитировали; 60"
wikipedia_identity,1100,analytics_output/wikipedia_authority_candidates.csv,225,PERS_b6d1bf05,В. С. Дылыкова,todo,mention_or_search_snippet; candidate,https://ru.wikipedia.org/wiki/%D0%94%D0%B7%D1%8D%D0%BD,,,"152 с . Гарри И. Р. Дзогчен и Чань в буддийской традиции Тибета / отв. ред. В . И. Корнев, В . С . Дылыкова . — Улан-Удэ: Изд-во БНЦ СО РАН, 2003. — 207 с . —; 60"
wikipedia_identity,1100,analytics_output/wikipedia_authority_candidates.csv,93,PERS_35c57654,Егорова Мария Александровна,todo,page_title_surname; candidate,https://ru.wikipedia.org/wiki/%D0%95%D0%B3%D0%BE%D1%80%D0%BE%D0%B2%D0%B0,,,"российский политик. Егорова , Анастасия Сергеевна (род. 1994) — российская биатлонистка. Егорова , Анна: Егорова , Анна Александровна (1916—2009) — советский; 80"
wikipedia_identity,1100,analytics_output/wikipedia_authority_candidates.csv,226,PERS_f56c5a7e,Жукова Любовь Евгеньевна,todo,mention_or_search_snippet; candidate,https://ru.wikipedia.org/wiki/%D0%96%D1%83%D0%BA%D0%BE%D0%B2%2C_%D0%93%D0%B5%D0%BE%D1%80%D0%B3%D0%B8%D0%B9_%D0%9A%D0%BE%D0%BD%D1%81%D1%82%D0%B0%D0%BD%D1%82%D0%B8%D0%BD%D0%BE%D0%B2%D0%B8%D1%87,,,Жукову . 8 мая 2007 года в столице Беларуси Минске около проспекта Жукова в честь маршала торжественно открыт сквер его памяти с бюстом Г. К. Жукова .; 60
wikipedia_identity,1100,analytics_output/wikipedia_authority_candidates.csv,227,PERS_3009a9e0,Коган Антон Ильич,todo,mention_or_search_snippet; candidate,https://ru.wikipedia.org/wiki/%D0%91%D0%BE%D0%BD%D1%87-%D0%91%D1%80%D1%83%D0%B5%D0%B2%D0%B8%D1%87%2C_%D0%92%D0%BB%D0%B0%D0%B4%D0%B8%D0%BC%D0%B8%D1%80_%D0%94%D0%BC%D0%B8%D1%82%D1%80%D0%B8%D0%B5%D0%B2%D0%B8%D1%87,,,"Дмитриевич Бонч-Бруевич: Некролог // Правда. — 16.07.1955. Клибанов А. И., Коган Ю. Я., Сурикова К. Б., Шейнман М. М. Краткий очерк общественно-политической; 60"
wikipedia_identity,1100,analytics_output/wikipedia_authority_candidates.csv,228,PERS_3009a9e0,Коган Антон Ильич,todo,mention_or_search_snippet; candidate,https://ru.wikipedia.org/wiki/%D0%93%D0%BE%D1%81%D1%83%D0%B4%D0%B0%D1%80%D1%81%D1%82%D0%B2%D0%B5%D0%BD%D0%BD%D0%B0%D1%8F_%D0%B4%D1%83%D0%BC%D0%B0_%D0%A0%D0%BE%D1%81%D1%81%D0%B8%D0%B9%D1%81%D0%BA%D0%BE%D0%B9_%D0%A4%D0%B5%D0%B4%D0%B5%D1%80%D0%B0%D1%86%D0%B8%D0%B8_IV_%D1%81%D0%BE%D0%B7%D1%8B%D0%B2%D0%B0,,,"Евгений Викторович Иванов, Сергей Владимирович Каноков, Арсен Баширович Коган , Юрий Владимирович Курдюмов, Александр Борисович Лебедев, Игорь Владимирович; 60"
wikipedia_identity,1100,analytics_output/wikipedia_authority_candidates.csv,229,PERS_45a76880,Кораблин Денис Александрович,todo,mention_or_search_snippet; candidate,https://ru.wikipedia.org/wiki/%D0%9A%D0%B8%D0%BC%D1%80%D1%8B,,,Дата обращения: 5 января 2016. Архивировано 7 января 2016 года. Зоя Кораблина . О газете . Сайт газеты «Кимрский вестник». Дата обращения: 5 января 2016; 60
wikipedia_identity,1100,analytics_output/wikipedia_authority_candidates.csv,230,PERS_45a76880,Кораблин Денис Александрович,todo,mention_or_search_snippet; candidate,https://ru.wikipedia.org/wiki/%D0%9A%D0%BE%D1%80%D0%B0%D0%B1%D0%BB%D1%91%D0%B2,,,Кораблёв — персонаж романа Вениамина Каверина «Два капитана» и его экранизаций. Кораблин Примечания Список статей об однофамильцах. Если вы попали сюда из другой; 60
wikipedia_identity,1100,analytics_output/wikipedia_authority_candidates.csv,231,PERS_45a76880,Кораблин Денис Александрович,todo,mention_or_search_snippet; candidate,https://ru.wikipedia.org/wiki/%D0%9E%D0%BC%D1%81%D0%BA%D0%B8%D0%B9_%D0%BA%D0%B0%D0%B4%D0%B5%D1%82%D1%81%D0%BA%D0%B8%D0%B9_%D0%BA%D0%BE%D1%80%D0%BF%D1%83%D1%81,,,html Архивная копия от 23 марта 2017 на Wayback Machine Кораблин В.В. Терминосистема - важнейший элемент научно-методического аппарата военно-научных; 60
wikipedia_identity,1100,analytics_output/wikipedia_authority_candidates.csv,464,PERS_22d87263,Костина Екатерина Александровна,todo,weak_search_hit; weak_candidate,https://ru.wikipedia.org/wiki/%D0%9E%D1%80%D0%B4%D0%B5%D0%BD_%C2%AB%D0%97%D0%B0_%D0%B7%D0%B0%D1%81%D0%BB%D1%83%D0%B3%D0%B8_%D0%BF%D0%B5%D1%80%D0%B5%D0%B4_%D0%9E%D1%82%D0%B5%D1%87%D0%B5%D1%81%D1%82%D0%B2%D0%BE%D0%BC%C2%BB,,,"лица, которые награждены орденами Святого Георгия, Святой великомученицы Екатерины , Суворова, Ушакова или которым присвоено почётное звание Российской Федерации; 30"
wikipedia_identity,1100,analytics_output/wikipedia_authority_candidates.csv,465,PERS_22d87263,Костина Екатерина Александровна,todo,weak_search_hit; weak_candidate,https://ru.wikipedia.org/wiki/%D0%A1%D0%BF%D0%B8%D1%81%D0%BE%D0%BA_%D0%B7%D0%B0%D1%81%D0%BB%D1%83%D0%B6%D0%B5%D0%BD%D0%BD%D1%8B%D1%85_%D1%80%D0%B0%D0%B1%D0%BE%D1%82%D0%BD%D0%B8%D0%BA%D0%BE%D0%B2_%D0%BA%D1%83%D0%BB%D1%8C%D1%82%D1%83%D1%80%D1%8B_%D0%A0%D0%A1%D0%A4%D0%A1%D0%A0,,,"Асташева, Ольга Григорьевна Багина, Ноанна Александровна Бадаева, Ольга Евгеньевна Балакирева, Мария Александровна Барадулина, Валентина Васильевна Барашенков; 30"
wikipedia_identity,1100,analytics_output/wikipedia_authority_candidates.csv,466,PERS_3c202afd,Крапивина Раиса Николаевна,todo,weak_search_hit; weak_candidate,https://ru.wikipedia.org/wiki/%D0%9B%D1%8E%D1%82%D0%B0%D0%B5%D0%B2%D0%B0%2C_%D0%A2%D0%B0%D1%82%D1%8C%D1%8F%D0%BD%D0%B0_%D0%91%D0%BE%D1%80%D0%B8%D1%81%D0%BE%D0%B2%D0%BD%D0%B0,,,"Нади 2009 — Человек, который знал всё — Раиса Алексеевна, секретарь 2009 — Если нам судьба… — Ольга Николаевна , жена Александра Власова 2009 — Грязная; 30"
wikipedia_identity,1100,analytics_output/wikipedia_authority_candidates.csv,467,PERS_1c6fcce5,Кузина Елизавета Олеговна,todo,weak_search_hit; weak_candidate,https://ru.wikipedia.org/wiki/%D0%9A%D0%B0%D0%BF%D0%BD%D0%B8%D1%81%D1%82%2C_%D0%9C%D0%B0%D1%80%D0%B8%D1%8F_%D0%A0%D0%BE%D1%81%D1%82%D0%B8%D1%81%D0%BB%D0%B0%D0%B2%D0%BE%D0%B2%D0%BD%D0%B0,,,"Капнистов», в 2022 году издала книгу о Марии Ростиславовне. Радислава Олеговна Капнист умерла в Харькове в 2023 году. Внуки Марии Капнист — Ростислав; 30"
wikipedia_identity,1100,analytics_output/wikipedia_authority_candidates.csv,468,PERS_1c6fcce5,Кузина Елизавета Олеговна,todo,weak_search_hit; weak_candidate,https://ru.wikipedia.org/wiki/%D0%A1%D0%B0%D1%88%D0%B0%D0%A2%D0%B0%D0%BD%D1%8F,,,"Филимонов — Николай Евгеньевич Архипов, папа Тани Ольга Сташкевич — Наталья Олеговна Комарова (Наташа), жена Вячеслава Комарова Мария Пестунова — Кристина,; 30"
wikipedia_identity,1100,analytics_output/wikipedia_authority_candidates.csv,232,PERS_69750b7c,Мазурина Валентина Николаевна,todo,mention_or_search_snippet; candidate,https://ru.wikipedia.org/wiki/%D0%91%D0%B0%D1%82%D0%BE%D1%80%D0%B8%2C_%D0%95%D0%BB%D0%B8%D0%B7%D0%B0%D0%B2%D0%B5%D1%82%D0%B0,,,Protectorate Гейл Кэрриджер Женщины-маньяки. От древности до наших времён Олега Мазурина (2012; «Глава 3. Ужас и страх Трансильвании») Проклятие Батори Линды Лафферти; 60
wikipedia_identity,1100,analytics_output/wikipedia_authority_candidates.csv,94,PERS_68e9019d,Малютин Иван Иванович,todo,page_title_surname; candidate,https://ru.wikipedia.org/wiki/%D0%9C%D0%B0%D0%BB%D1%8E%D1%82%D0%B8%D0%BD,,,"Малю́тин — русская фамилия. Женская форма — Малютина . Малютин , Александр: Малютин , Александр Михайлович (род. 1939) — советский легкоатлет, прыгун с шестом; 80"
wikipedia_identity,1100,analytics_output/wikipedia_authority_candidates.csv,469,PERS_f8ab5755,Оранская Татьяна Иосифовна,todo,weak_search_hit; weak_candidate,https://ru.wikipedia.org/wiki/%D0%92%D0%B5%D1%80%D0%B0_%D0%9A%D0%BE%D0%BD%D1%81%D1%82%D0%B0%D0%BD%D1%82%D0%B8%D0%BD%D0%BE%D0%B2%D0%BD%D0%B0_%28%D0%B3%D0%B5%D1%80%D1%86%D0%BE%D0%B3%D0%B8%D0%BD%D1%8F_%D0%92%D1%8E%D1%80%D1%82%D0%B5%D0%BC%D0%B1%D0%B5%D1%80%D0%B3%D1%81%D0%BA%D0%B0%D1%8F%29,,,"Вюртемберг) — младшая дочь великого князя Константина Николаевича и Александры Иосифовны , внучка императора Николая I. Воспитывалась при дворе королевы Вюртемберга; 30"
wikipedia_identity,1100,analytics_output/wikipedia_authority_candidates.csv,470,PERS_f8ab5755,Оранская Татьяна Иосифовна,todo,weak_search_hit; weak_candidate,https://ru.wikipedia.org/wiki/%D0%9A%D0%BE%D0%BD%D1%81%D1%82%D0%B0%D0%BD%D1%82%D0%B8%D0%BD_%D0%9A%D0%BE%D0%BD%D1%81%D1%82%D0%B0%D0%BD%D1%82%D0%B8%D0%BD%D0%BE%D0%B2%D0%B8%D1%87,,,"сын великого князя Константина Николаевича и великой княгини Александры Иосифовны , внук Николая I. Родился 10 [22] августа 1858 года в Стрельне, где в Большом; 30"
wikipedia_identity,1100,analytics_output/wikipedia_authority_candidates.csv,471,PERS_f8ab5755,Оранская Татьяна Иосифовна,todo,weak_search_hit; weak_candidate,https://ru.wikipedia.org/wiki/%D0%9E%D0%BB%D1%8C%D0%B3%D0%B0_%D0%9A%D0%BE%D0%BD%D1%81%D1%82%D0%B0%D0%BD%D1%82%D0%B8%D0%BD%D0%BE%D0%B2%D0%BD%D0%B0,,,"князя Константина Николаевича и его жены, великой княгини Александры Иосифовны , бывшей принцессы Саксен-Альтенбургской, внучкой императора Николая I; 30"
wikipedia_identity,1100,analytics_output/wikipedia_authority_candidates.csv,95,PERS_5f6fa17b,Пахомова Александра Михайловна,todo,page_title_surname; candidate,https://ru.wikipedia.org/wiki/%D0%9F%D0%B0%D1%85%D0%BE%D0%BC%D0%BE%D0%B2%D0%B0%2C_%D0%9F%D0%BE%D0%BB%D0%B8%D0%BD%D0%B0_%D0%AE%D1%80%D1%8C%D0%B5%D0%B2%D0%BD%D0%B0,,,"Полина Юрьевна Пахомова (род. 13 мая 1990, Львов, УССР, СССР) — российская и израильская актриса театра, кино и дубляжа. Полина Пахомова родилась 13 мая; 80"
wikipedia_identity,1100,analytics_output/wikipedia_authority_candidates.csv,472,PERS_db046be0,Сабирова Римма Наилевна,todo,weak_search_hit; weak_candidate,https://ru.wikipedia.org/wiki/%D0%91%D0%B0%D0%BB%D0%B5%D1%82%D0%BD%D0%B0%D1%8F_%D1%82%D1%80%D1%83%D0%BF%D0%BF%D0%B0_%D0%91%D0%B0%D1%88%D0%BA%D0%B8%D1%80%D1%81%D0%BA%D0%BE%D0%B3%D0%BE_%D0%B3%D0%BE%D1%81%D1%83%D0%B4%D0%B0%D1%80%D1%81%D1%82%D0%B2%D0%B5%D0%BD%D0%BD%D0%BE%D0%B3%D0%BE_%D1%82%D0%B5%D0%B0%D1%82%D1%80%D0%B0_%D0%BE%D0%BF%D0%B5%D1%80%D1%8B_%D0%B8_%D0%B1%D0%B0%D0%BB%D0%B5%D1%82%D0%B0,,,"Уфа) — народная артистка РСФСР (1955), БАССР (1952). Сулейманова, Гузель Наилевна — прима-балерина, заслуженная артистка России, народная артистка Башкортостана; 30"
wikipedia_identity,1100,analytics_output/wikipedia_authority_candidates.csv,473,PERS_db046be0,Сабирова Римма Наилевна,todo,weak_search_hit; weak_candidate,https://ru.wikipedia.org/wiki/%D0%91%D0%B0%D1%88%D0%BA%D0%B8%D1%80%D1%81%D0%BA%D0%B8%D0%B9_%D1%85%D0%BE%D1%80%D0%B5%D0%BE%D0%B3%D1%80%D0%B0%D1%84%D0%B8%D1%87%D0%B5%D1%81%D0%BA%D0%B8%D0%B9_%D0%BA%D0%BE%D0%BB%D0%BB%D0%B5%D0%B4%D0%B6,,,"Башкортостан (1993) Сологуб, Наталья Александровна Сулейманова, Гузель Наилевна — заслуженная артистка РФ (2007), народная артистка Республики Башкортостан; 30"
wikipedia_identity,1100,analytics_output/wikipedia_authority_candidates.csv,474,PERS_5e2a5a5c,Столярова Екатерина Владимировна,todo,weak_search_hit; weak_candidate,https://ru.wikipedia.org/wiki/%D0%A1%D1%82%D0%BE%D0%BB%D1%8F%D1%80%D0%BE%D0%B2,,,"Столяро́в ( Столяро́ва ) — русская фамилия, образованная из названия ремесла и означающая буквально потомка столяра, а также топоним. Столяров , Александр:; 30"
wikipedia_identity,1100,analytics_output/wikipedia_authority_candidates.csv,475,PERS_0e0a154e,Титлин Лев Игоревич,todo,weak_search_hit; weak_candidate,https://ru.wikipedia.org/wiki/%D0%9F%D0%BE%D1%87%D1%91%D1%82%D0%BD%D1%8B%D0%B9_%D1%87%D0%BB%D0%B5%D0%BD_%D0%A0%D0%90%D0%A5,,,"Доброхотова, Валерия Борисовна Додин, Лев Абрамович Додонов, Фёдор Александрович Додонова, Галина Васильевна Докучаев, Илья Игоревич Докучаева, Ольга Владимировна; 30"
wikipedia_identity,1100,analytics_output/wikipedia_authority_candidates.csv,233,PERS_554c138a,Хмуркин Георгий Георгиевич,todo,mention_or_search_snippet; candidate,https://ru.wikipedia.org/wiki/%D0%9F%D0%B8%D1%81%D1%8C%D0%BC%D0%BE_%D0%92._%D0%9C._%D0%9C%D0%BE%D0%BB%D0%BE%D1%82%D0%BE%D0%B2%D1%83_%D0%B4%D0%BB%D1%8F_%D1%87%D0%BB%D0%B5%D0%BD%D0%BE%D0%B2_%D0%9F%D0%BE%D0%BB%D0%B8%D1%82%D0%B1%D1%8E%D1%80%D0%BE_%D0%BE%D1%82_19_%D0%BC%D0%B0%D1%80%D1%82%D0%B0_1922_%D0%B3%D0%BE%D0%B4%D0%B0,,,"человек, эти цифры косвенно относятся к изъятию церковных ценностей. Г. Г. Хмуркин на основании архивных данных оценивает общее число погибших по стране во; 60"
wikipedia_identity,1100,analytics_output/wikipedia_authority_candidates.csv,234,PERS_554c138a,Хмуркин Георгий Георгиевич,todo,mention_or_search_snippet; candidate,https://ru.wikipedia.org/wiki/%D0%A1%D0%BF%D0%B8%D1%81%D0%BE%D0%BA_%D0%BD%D0%B0%D0%B3%D1%80%D0%B0%D0%B6%D0%B4%D1%91%D0%BD%D0%BD%D1%8B%D1%85_%D0%BE%D1%80%D0%B4%D0%B5%D0%BD%D0%BE%D0%BC_%D0%9B%D0%B5%D0%BD%D0%B8%D0%BD%D0%B0_%D0%B2_1934_%D0%B3%D0%BE%D0%B4%D1%83,,,"Кузнецов, Леонид Петрович — Тункинская МТС (Восточно-Сибирский край); Хмуркин , Иван Петрович — Денисовская МТС (Восточно-Сибирский край); Сапаров, Мухамед-Гани; 60"
wikipedia_identity,1100,analytics_output/wikipedia_authority_candidates.csv,476,PERS_92f293f8,Хрущева Полина Викторовна,todo,weak_search_hit; weak_candidate,https://ru.wikipedia.org/wiki/%D0%A1_%D1%87%D0%B5%D0%B3%D0%BE_%D0%BD%D0%B0%D1%87%D0%B8%D0%BD%D0%B0%D0%B5%D1%82%D1%81%D1%8F_%D0%A0%D0%BE%D0%B4%D0%B8%D0%BD%D0%B0_%28%D1%82%D0%B5%D0%BB%D0%B5%D1%81%D0%B5%D1%80%D0%B8%D0%B0%D0%BB%29,,,"военной разведки в отставке, отец Натальи Елена Сафонова Нина Викторовна Дмитриева Нина Викторовна Дмитриева мама Натальи Александр Робак Юрий Иванович Карпенко; 30"
wikipedia_identity,1100,analytics_output/wikipedia_authority_candidates.csv,477,PERS_92f293f8,Хрущева Полина Викторовна,todo,weak_search_hit; weak_candidate,https://ru.wikipedia.org/wiki/%D0%A1%D0%BA%D0%BE%D0%B1%D1%86%D0%B5%D0%B2%D0%B0%2C_%D0%98%D1%80%D0%B8%D0%BD%D0%B0_%D0%9A%D0%BE%D0%BD%D1%81%D1%82%D0%B0%D0%BD%D1%82%D0%B8%D0%BD%D0%BE%D0%B2%D0%BD%D0%B0,,,"Аджубей подал на развод, увлёкшись своей однокурсницей Радой Хрущёвой (дочерью Никиты Хрущёва ). Второй муж — Сергей Бондарчук (1920—1994), актёр, кинорежиссёр; 30"
wikipedia_identity,1100,analytics_output/wikipedia_authority_candidates.csv,478,PERS_92f293f8,Хрущева Полина Викторовна,todo,weak_search_hit; weak_candidate,https://ru.wikipedia.org/wiki/%D0%A1%D0%BF%D0%B8%D1%81%D0%BE%D0%BA_%C2%AB%D0%B8%D0%BD%D0%BE%D1%81%D1%82%D1%80%D0%B0%D0%BD%D0%BD%D1%8B%D1%85_%D0%B0%D0%B3%D0%B5%D0%BD%D1%82%D0%BE%D0%B2%C2%BB_%28%D0%A0%D0%BE%D1%81%D1%81%D0%B8%D1%8F%29,,,"03.2026 1163 Хрущёва Нина Львовна российская и американская писательница, профессор, правнучка Первого секретаря ЦК КПСС Никиты Хрущёва 13.03.2026 1164; 30"
wikipedia_identity,1100,analytics_output/wikipedia_authority_candidates.csv,653,PERS_91b473b1,Челнокова Анна Витальевна,todo,no_hit,,,,0
wikipedia_identity,1100,analytics_output/wikipedia_authority_candidates.csv,96,PERS_929cab5a,Ю. В. Предтеченская,todo,page_title_surname; candidate,https://ru.wikipedia.org/wiki/%D0%98%D0%BE%D0%B0%D0%BD%D0%BD%D0%BE-%D0%9F%D1%80%D0%B5%D0%B4%D1%82%D0%B5%D1%87%D0%B5%D0%BD%D1%81%D0%BA%D0%B0%D1%8F_%D1%86%D0%B5%D1%80%D0%BA%D0%BE%D0%B2%D1%8C_%28%D0%9A%D0%BE%D0%BB%D0%BE%D0%BC%D0%BD%D0%B0%29,,,Иоанно- Предтеченская церковь (Церковь Зачатия Иоанна Предтечи в Городище) — православный храм в Коломне в районе Городище. Храм построен в XIV веке и; 80
wikipedia_identity,1100,analytics_output/wikipedia_authority_candidates.csv,97,PERS_929cab5a,Ю. В. Предтеченская,todo,page_title_surname; candidate,https://ru.wikipedia.org/wiki/%D0%9F%D1%80%D0%B5%D0%B4%D1%82%D0%B5%D1%87%D0%B5%D0%BD%D1%81%D0%BA%D0%B0%D1%8F%2C_%D0%9B%D0%B8%D1%8F_%D0%9C%D0%B8%D1%85%D0%B0%D0%B9%D0%BB%D0%BE%D0%B2%D0%BD%D0%B0,,,"художественной культуры. / Пешикова Л. В ., Предтеченская Л. М.. — М., 2000. Солодовников Ю.А ., Предтеченская Л.М. Мировая художественная культура. Сборник; 80"
openalex_identity,1110,analytics_output/openalex_author_candidates.csv,61,PERS_5ed752d9,Б. У. Китинов,todo,,https://openalex.org/A5031309041,,,display_name; Б. У. Китинов; 1; 0.0
openalex_identity,1110,analytics_output/openalex_author_candidates.csv,114,PERS_f5b8b340,Вигасин Алексей Алексеевич,todo,,https://openalex.org/A5072830143,,,latin_name; Alexey Vigasin; 6; 0.4
openalex_identity,1110,analytics_output/openalex_author_candidates.csv,129,PERS_58b39545,Е. А. Ренковская,todo,,https://openalex.org/A5000095035,,,latin_name; Evgenia Renkovskaya; 14; 0.4
openalex_identity,1110,analytics_output/openalex_author_candidates.csv,117,PERS_93e2effb,Комиссаров Дмитрий Андреевич,todo,,https://openalex.org/A5109619738,,,latin_name; Dmitry Komissarov; 2; 0.4
openalex_identity,1110,analytics_output/openalex_author_candidates.csv,118,PERS_93e2effb,Комиссаров Дмитрий Андреевич,todo,,https://openalex.org/A5022778234,,,latin_name; Dmitry Komissarov; 1; 0.4
openalex_identity,1110,analytics_output/openalex_author_candidates.csv,100,PERS_ebb6d156,Ложкина Анастасия Витальевна,todo,,https://openalex.org/A5078669590,,,latin_name; Anastasia Lozhkina; 2; 0.3
openalex_identity,1110,analytics_output/openalex_author_candidates.csv,101,PERS_ebb6d156,Ложкина Анастасия Витальевна,todo,,https://openalex.org/A5038608807,,,latin_name; Anastasia Lozhkina; 1; 0.3
openalex_identity,1110,analytics_output/openalex_author_candidates.csv,60,PERS_ea44fd14,Люлина Анастасия Геннадьевна,todo,,https://openalex.org/A5126375018,,,cyrillic_fullname; Люлина Анастасия Геннадьевна; 1; 0.0
openalex_identity,1110,analytics_output/openalex_author_candidates.csv,106,PERS_23215083,М. А. Русанов,todo,,https://openalex.org/A5010789613,,,display_name; М. А. Русанов; 23; 0.3
openalex_identity,1110,analytics_output/openalex_author_candidates.csv,102,PERS_8516d1e4,М. Ю. Гасунс,todo,,https://openalex.org/A5053909732,,,latin_name; Marcis Gasuns; 2; 0.3
openalex_identity,1110,analytics_output/openalex_author_candidates.csv,65,PERS_260a598a,С. В. Пахомов,todo,,https://openalex.org/A5023387533,,,display_name; С. В. Пахомов; 1; 0.0
openalex_identity,1110,analytics_output/openalex_author_candidates.csv,66,PERS_260a598a,С. В. Пахомов,todo,,https://openalex.org/A5121197532,,,display_name; С. В. Пахомов; 1; 0.0
openalex_identity,1110,analytics_output/openalex_author_candidates.csv,67,PERS_3357f25b,Скороходова Татьяна Григорьевна,todo,,https://openalex.org/A5024118316,,,cyrillic_fullname; Скороходова Татьяна Григорьевна; 2; 0.0
openalex_identity,1110,analytics_output/openalex_author_candidates.csv,136,PERS_0665f215,Шохин Владимир Кириллович,todo,,https://openalex.org/A5077099255,,,latin_name; Vladimir Shokhin; 3; 0.4
openalex_identity,1110,analytics_output/openalex_author_candidates.csv,138,PERS_0665f215,Шохин Владимир Кириллович,todo,,https://openalex.org/A5110644720,,,latin_name; Vladimir Shokhin; 7; 0.4
wikipedia_identity,1110,analytics_output/wikipedia_authority_candidates.csv,98,PERS_675f37f0,А. Бабин,todo,page_title_surname; candidate,https://ru.wikipedia.org/wiki/%D0%91%D0%B0%D0%B1%D0%B8%D0%BD,,,"Бабин ( Бабина ) — русская фамилия и топоним. Бабин , Алексей Васильевич (1866—1930) — историк-американист, библиограф, переводчик и преподаватель. Бабин; 80"
wikipedia_identity,1110,analytics_output/wikipedia_authority_candidates.csv,99,PERS_675f37f0,А. Бабин,todo,page_title_surname; candidate,https://ru.wikipedia.org/wiki/%D0%91%D0%B0%D0%B1%D0%B8%D0%BD-%D0%B2%D0%B8%D1%86%D1%83%D0%B2%D0%B8%D1%82%D0%B5%D0%BD,,,"Бабин -вицувитен (Babine, Babine-Witsuwit’en, Babine Carrier, Northern Carrier, Witsuwit’en) — атабаскский язык, на котором говорят народы бабин , проживающий; 80"
wikipedia_identity,1110,analytics_output/wikipedia_authority_candidates.csv,100,PERS_b9a0e40c,А. В. Осокин,todo,page_title_surname; candidate,https://ru.wikipedia.org/wiki/%D0%9E%D1%81%D0%BE%D0%BA%D0%B8%D0%BD,,,"Осо́кин ( Осо́кина ) — русская фамилия. Осокин , Александр Геннадьевич (род. 1959) — советский, казахстанский игрок в хоккей с мячом, тренер и функционер; 80"
wikipedia_identity,1110,analytics_output/wikipedia_authority_candidates.csv,101,PERS_b9a0e40c,А. В. Осокин,todo,page_title_surname; candidate,https://ru.wikipedia.org/wiki/%D0%9E%D1%81%D0%BE%D0%BA%D0%B8%D0%BD%2C_%D0%90%D0%BB%D0%B5%D0%BA%D1%81%D0%B5%D0%B9,,,"Алексей Осокин : Осокин , Алексей Гавриилович (1818—1875) — предводитель дворянства Казанской губернии; владелец большой библиотеки. Осокин , Алексей Михайлович; 80"
wikipedia_identity,1110,analytics_output/wikipedia_authority_candidates.csv,102,PERS_b9a0e40c,А. В. Осокин,todo,page_title_surname; candidate,https://ru.wikipedia.org/wiki/%D0%9E%D1%81%D0%BE%D0%BA%D0%B8%D0%BD%2C_%D0%9C%D0%B8%D1%85%D0%B0%D0%B8%D0%BB_%D0%93%D0%BB%D0%B5%D0%B1%D0%BE%D0%B2%D0%B8%D1%87,,,"Гле́бович Осо́кин (род. 14 января 1952, Калинин) — российский журналист и телеведущий, колумнист. Кандидат исторических наук. Родился 14 января 1952 года в Калинине; 80"
wikipedia_identity,1110,analytics_output/wikipedia_authority_candidates.csv,103,PERS_9f159bcf,А. Ковалевская,todo,page_title_surname; candidate,https://ru.wikipedia.org/wiki/%D0%9A%D0%BE%D0%B2%D0%B0%D0%BB%D0%B5%D0%B2%D1%81%D0%BA%D0%B0%D1%8F%2C_%D0%98%D0%BD%D0%B5%D1%81%D1%81%D0%B0_%D0%90%D0%BB%D0%B5%D0%BA%D1%81%D0%B5%D0%B5%D0%B2%D0%BD%D0%B0,,,"Российской Федерации (2023). Инесса Ковалевская родилась 1 марта 1933 года в Москве. Отец — генерал-майор Алексей Ковалевский (1901—1950), участник Гражданской; 80"
wikipedia_identity,1110,analytics_output/wikipedia_authority_candidates.csv,104,PERS_9f159bcf,А. Ковалевская,todo,page_title_surname; candidate,https://ru.wikipedia.org/wiki/%D0%9A%D0%BE%D0%B2%D0%B0%D0%BB%D0%B5%D0%B2%D1%81%D0%BA%D0%B0%D1%8F%2C_%D0%9E%D0%BA%D1%81%D0%B0%D0%BD%D0%B0_%D0%9E%D0%BB%D0%B5%D0%B3%D0%BE%D0%B2%D0%BD%D0%B0,,,Оксана Ковалевская — На высоте (2014) Прощай (2015) В платье белом (2015) Тимура Timbigfamily & Оксана Ковалевская — Бесконечность (2015) Ангел- А (2015); 80
wikipedia_identity,1110,analytics_output/wikipedia_authority_candidates.csv,105,PERS_9f159bcf,А. Ковалевская,todo,page_title_surname; candidate,https://ru.wikipedia.org/wiki/%D0%9A%D0%BE%D0%B2%D0%B0%D0%BB%D0%B5%D0%B2%D1%81%D0%BA%D0%B0%D1%8F%2C_%D0%A1%D0%BE%D1%84%D1%8C%D1%8F_%D0%92%D0%B0%D1%81%D0%B8%D0%BB%D1%8C%D0%B5%D0%B2%D0%BD%D0%B0,,,"2017 года. Ковалевская , 1974, Примечания / П. Я. Кочина, А . Р. Шкирич (сост.), с. 511. Ковалевская , 1974, «Воспоминания детства», с. 35. Ковалевская , 1974; 80"
wikipedia_identity,1110,analytics_output/wikipedia_authority_candidates.csv,235,PERS_3e952361,А. Н. Хохлов,todo,mention_or_search_snippet; candidate,https://ru.wikipedia.org/wiki/%D0%9E%D1%81%D0%BD%D0%BE%D0%B2%D0%B0%D0%BD%D0%B8%D0%B5_%D0%9C%D0%BE%D1%81%D0%BA%D0%B2%D1%8B,,,"Материалы научного семинара. — Вып. 14 / Отв. редактор и автор пред. А . Н . Хохлов . — Тверь, 2022. — С. 19—27. Латышева Г. П. Москва и Московский край в; 60"
wikipedia_identity,1110,analytics_output/wikipedia_authority_candidates.csv,236,PERS_3e952361,А. Н. Хохлов,todo,mention_or_search_snippet; candidate,https://ru.wikipedia.org/wiki/%D0%A5%D0%BE%D1%85%D0%BE%D0%BB_%28%D0%BF%D1%80%D0%BE%D0%B7%D0%B2%D0%B8%D1%89%D0%B5%29,,,"уничижительное, затем шутливое, фамильярное». От прозвища «хохол» происходят фамилия Хохлов , топоним Хохловка и другие. Термин «хохлач» впервые встречается для обозначения; 60"
wikipedia_identity,1110,analytics_output/wikipedia_authority_candidates.csv,237,PERS_3e952361,А. Н. Хохлов,todo,mention_or_search_snippet; candidate,https://ru.wikipedia.org/wiki/%D0%A8%D1%83%D0%B1%D0%B5%D1%80%D1%82%2C_%D0%A4%D1%80%D0%B0%D0%BD%D1%86,,,"Сост., перевод, предисл. и примеч. Ю. Н . Хохлова . — М., 1964. Жизнь Франца Шуберта в документах. Сост. Ю. Н . Хохлов . — М., 1963. Конен В. Шуберт. Изд. 2-е; 60"
wikipedia_identity,1110,analytics_output/wikipedia_authority_candidates.csv,106,PERS_37c15317,А. Э. Калина,todo,page_title_surname; candidate,https://ru.wikipedia.org/wiki/%D0%A7%D0%B5%D1%80%D0%B2%D0%BE%D0%BD%D0%B0_%D0%BA%D0%B0%D0%BB%D0%B8%D0%BD%D0%B0_%28%D0%BF%D0%B5%D1%81%D0%BD%D1%8F%29,,,"Черво́на кали́на (с укр. — «Красная калина »), по первой строчке — Ой у лу́зі черво́на кали́на … (с укр. — «Ой, на лугу красная калина ...») — украинская; 80"
wikipedia_identity,1110,analytics_output/wikipedia_authority_candidates.csv,107,PERS_c1cc76b9,А. Я. Таран,todo,page_title_surname; candidate,https://ru.wikipedia.org/wiki/%D0%92%D0%BE%D0%B7%D0%B4%D1%83%D1%88%D0%BD%D1%8B%D0%B9_%D1%82%D0%B0%D1%80%D0%B0%D0%BD,,,летательным аппаратом атакующего. Возможен также таран наземного объекта или корабля. Первым воздушный таран применил Пётр Нестеров 8 сентября 1914 года против; 80
wikipedia_identity,1110,analytics_output/wikipedia_authority_candidates.csv,108,PERS_c1cc76b9,А. Я. Таран,todo,page_title_surname; candidate,https://ru.wikipedia.org/wiki/%D0%A2%D0%B0%D1%80%D0%B0%D0%BD,,,"Тара́н (лат. Arĭes, буквально «баран»), в древности — стенобитное орудие (бревно), снабжённое на конце железным или бронзовым наконечником. Тара́н , стенобитное; 80"
wikipedia_identity,1110,analytics_output/wikipedia_authority_candidates.csv,109,PERS_c1cc76b9,А. Я. Таран,todo,page_title_surname; candidate,https://ru.wikipedia.org/wiki/%D0%A2%D0%B0%D1%80%D0%B0%D0%BD%2C_%D0%9B%D0%B8%D0%B4%D0%B8%D1%8F_%D0%90%D0%BD%D0%B0%D1%82%D0%BE%D0%BB%D1%8C%D0%B5%D0%B2%D0%BD%D0%B0,,,"Лидия Анатольевна Таран (укр. Лідія Анатоліївна Таран ; род. 19 сентября 1977, Киев) — украинская телеведущая. Обладательница премий «Телезвезда» и «Телетриумф»; 80"
wikipedia_identity,1110,analytics_output/wikipedia_authority_candidates.csv,110,PERS_839d97c7,Б. И. Загумённов,todo,page_title_surname; candidate,https://ru.wikipedia.org/wiki/%D0%97%D0%B0%D0%B3%D1%83%D0%BC%D1%91%D0%BD%D0%BD%D0%BE%D0%B2%2C_%D0%9E%D0%BB%D0%B5%D0%B3_%D0%9D%D0%B8%D0%BA%D0%BE%D0%BB%D0%B0%D0%B5%D0%B2%D0%B8%D1%87,,,"Олег Николаевич Загумённов (род. 5 февраля 1974, Вольск) — российский актёр театра и кино, режиссёр, театральный педагог. Лауреат V и VI Областного театрального; 80"
wikipedia_identity,1110,analytics_output/wikipedia_authority_candidates.csv,111,PERS_61de659d,Белов Владимир Николаевич,todo,page_title_surname; candidate,https://ru.wikipedia.org/wiki/%D0%91%D0%B5%D0%BB%D0%BE%D0%B2,,,"художник, живописец. Белов , Владимир Николаевич : Белов , Владимир Николаевич (1900—1963) — советский химик. Белов , Владимир Николаевич (1947 — до 2017) —; 80"
wikipedia_identity,1110,analytics_output/wikipedia_authority_candidates.csv,112,PERS_2011b78d,Бондарев Алексей Владимирович,todo,page_title_surname; candidate,https://ru.wikipedia.org/wiki/%D0%91%D0%BE%D0%BD%D0%B4%D0%B0%D1%80%D0%B5%D0%B2,,,"Бо́ндарев ( Бо́ндарева ) — русская фамилия, образованная от названия профессии — бондарь , также топоним. Бондарев , Александр: Бондарев , Александр Витальевич; 80"
wikipedia_identity,1110,analytics_output/wikipedia_authority_candidates.csv,113,PERS_dfaf6803,Борисов Яков Александрович,todo,page_title_surname; candidate,https://ru.wikipedia.org/wiki/%D0%91%D0%BE%D1%80%D0%B8%D1%81%D0%BE%D0%B2,,,"занимает 46-е место. Борисовы — русские дворянские роды. Борисов , Александр: Борисов , Александр Александрович : Борисов , Александр Александрович (род. 1974) —; 80"
wikipedia_identity,1110,analytics_output/wikipedia_authority_candidates.csv,238,PERS_30b54681,Бушуев Евгений Сергеевич,todo,mention_or_search_snippet; candidate,https://ru.wikipedia.org/wiki/%D0%9B%D0%B8%D1%82%D0%B2%D0%B8%D0%BD%D0%BE%D0%B2%2C_%D0%92%D0%BB%D0%B0%D0%B4%D0%B8%D0%BC%D0%B8%D1%80_%D0%A3%D1%81%D1%82%D0%B8%D0%BD%D0%BE%D0%B2%D0%B8%D1%87,,,"Аркадьевны (матери Илоны и мачехи Влада) 2014 — Принц Сибири — Константин Сергеевич Бушуев , предприниматель, мультимиллионер, владелец лесозаготовительного предприятия; 60"
wikipedia_identity,1110,analytics_output/wikipedia_authority_candidates.csv,239,PERS_30b54681,Бушуев Евгений Сергеевич,todo,mention_or_search_snippet; candidate,https://ru.wikipedia.org/wiki/%D0%9F%D0%BE%D0%B1%D0%B5%D0%B3_%28%D1%82%D0%B5%D0%BB%D0%B5%D1%81%D0%B5%D1%80%D0%B8%D0%B0%D0%BB%2C_2010%29,,,"«Логопеда» 1 сезон) (прототип — Сэт Хоффнер «Вишня») Анатолий Филиппов — Валерий Бушуев («Буш»), кореш «Логопеда», жил в городе Протвино, присматривал за Ларисой; 60"
wikipedia_identity,1110,analytics_output/wikipedia_authority_candidates.csv,240,PERS_f7c7adc7,В. В. Донских,todo,mention_or_search_snippet; candidate,https://ru.wikipedia.org/wiki/%D0%94%D0%BE%D0%BD%D1%81%D0%BA%D0%B8%D0%B5_%D0%BA%D0%B0%D0%B7%D0%B0%D0%BA%D0%B8,,,"империи. Историческое название донских казаков связано с рекой Дон (бассейн Азовского моря). Древними предшественниками донских казаков были бродники, севрюки; 60"
wikipedia_identity,1110,analytics_output/wikipedia_authority_candidates.csv,114,PERS_325e94f3,В. В. Котин,todo,page_title_surname; candidate,https://ru.wikipedia.org/wiki/%D0%9A%D0%BE%D1%82%D0%B8%D0%BD,,,"Котин — русская и еврейская фамилия. Известные носители: Котин , Владимир Георгиевич (род. 1962) — советский фигурист. Котин , Жозеф Яковлевич (1908—1979); 80"
wikipedia_identity,1110,analytics_output/wikipedia_authority_candidates.csv,115,PERS_325e94f3,В. В. Котин,todo,page_title_surname; candidate,https://ru.wikipedia.org/wiki/%D0%9A%D0%BE%D1%82%D0%B8%D0%BD%2C_%D0%96%D0%BE%D0%B7%D0%B5%D1%84_%D0%AF%D0%BA%D0%BE%D0%B2%D0%BB%D0%B5%D0%B2%D0%B8%D1%87,,,"Жозе́ф Я́ковлевич Ко́тин (26 февраля [10 марта] 1908, Павлоград, Екатеринославская губерния, Российская империя — 21 октября 1979, Ленинград, РСФСР, СССР) —; 80"
wikipedia_identity,1110,analytics_output/wikipedia_authority_candidates.csv,116,PERS_85a048b8,В. Л. Денисенко,todo,page_title_surname; candidate,https://ru.wikipedia.org/wiki/%D0%94%D0%B5%D0%BD%D0%B8%D1%81%D0%B5%D0%BD%D0%BA%D0%BE%2C_%D0%A2%D0%B0%D1%80%D0%B0%D1%81_%D0%92%D0%BB%D0%B0%D0%B4%D0%B8%D0%BC%D0%B8%D1%80%D0%BE%D0%B2%D0%B8%D1%87,,,"Тарас Владимирович Денисенко (укр. Тарас Денисенко ; 23 марта 1965, Киев — 7 ноября 2017, Киев) — советский и украинский актёр театра и кино, заслуженный; 80"
wikipedia_identity,1110,analytics_output/wikipedia_authority_candidates.csv,241,PERS_3b190078,В. Яскунас,todo,mention_or_search_snippet; candidate,https://ru.wikipedia.org/wiki/%C5%BDalvarinis,,,ударные Инета Медунецките-Тамошюнене — вокал Лаурита Пеленюте — вокал Паулюс Яскунас — бас-гитара Симонас Гуделис — ударные Ауримас Лемежис — бас-гитара Мариус; 60
wikipedia_identity,1110,analytics_output/wikipedia_authority_candidates.csv,117,PERS_2c9b38ec,Ватман Семён Викторович,todo,page_title_surname; candidate,https://ru.wikipedia.org/wiki/%D0%92%D0%B0%D1%82%D0%BC%D0%B0%D0%BD_%28%D0%B7%D0%BD%D0%B0%D1%87%D0%B5%D0%BD%D0%B8%D1%8F%29,,,Ватман — многозначное понятие: Ватман — сорт бумаги. Ватман ( Ватман -город) — первоначальное название крепости и города Ряжска в XVI веке. Ватман — в конце; 80
wikipedia_identity,1110,analytics_output/wikipedia_authority_candidates.csv,118,PERS_5d52a475,Г. С. Шарыгин,todo,page_title_surname; candidate,https://ru.wikipedia.org/wiki/%D0%A8%D0%B0%D1%80%D1%8B%D0%B3%D0%B8%D0%BD%2C_%D0%98%D0%B3%D0%BE%D1%80%D1%8C_%D0%A4%D1%91%D0%B4%D0%BE%D1%80%D0%BE%D0%B2%D0%B8%D1%87,,,"И́горь Фёдорович Шары́гин (13 февраля 1937 — 12 марта 2004, Москва) — советский и российский математик и педагог, специалист по элементарной геометрии; 80"
wikipedia_identity,1110,analytics_output/wikipedia_authority_candidates.csv,119,PERS_5d52a475,Г. С. Шарыгин,todo,page_title_surname; candidate,https://ru.wikipedia.org/wiki/%D0%A8%D0%B0%D1%80%D1%8B%D0%B3%D0%B8%D0%BD%2C_%D0%9C%D0%B8%D1%85%D0%B0%D0%B8%D0%BB_%D0%94%D0%BC%D0%B8%D1%82%D1%80%D0%B8%D0%B5%D0%B2%D0%B8%D1%87,,,"Михаи́л Дми́триевич Шары́гин (8 ноября 1938 — 15 апреля 2020) — советский и российский географ, экономико-географ, заслуженный профессор Пермского государственного; 80"
wikipedia_identity,1110,analytics_output/wikipedia_authority_candidates.csv,120,PERS_5af1c05a,Г. Стукалин,todo,page_title_surname; candidate,https://ru.wikipedia.org/wiki/%D0%A1%D1%82%D1%83%D0%BA%D0%B0%D0%BB%D0%B8%D0%BD%2C_%D0%92%D0%B8%D0%BA%D1%82%D0%BE%D1%80_%D0%A4%D1%91%D0%B4%D0%BE%D1%80%D0%BE%D0%B2%D0%B8%D1%87,,,"Ви́ктор Фёдорович Стука́лин (21 июля 1927, село Куликово, Теньгушевский район, Мордовская АССР — 26 декабря 2016, Москва) — советский дипломат. Чрезвычайный; 80"
wikipedia_identity,1110,analytics_output/wikipedia_authority_candidates.csv,121,PERS_79ed852e,Д. А. Евграфов,todo,page_title_surname; candidate,https://ru.wikipedia.org/wiki/%D0%95%D0%B2%D0%B3%D1%80%D0%B0%D1%84%D0%BE%D0%B2%2C_%D0%92%D0%B0%D0%B4%D0%B8%D0%BC_%D0%9D%D0%B8%D0%BA%D0%BE%D0%BB%D0%B0%D0%B5%D0%B2%D0%B8%D1%87,,,— Герои Советского Союза. Евграфов Вадим Николаевич. // Морской сборник. — 2016. — № 4. — С.76. Вадим Николаевич Евграфов (рус.). Сайт «Герои страны»; 80
wikipedia_identity,1110,analytics_output/wikipedia_authority_candidates.csv,122,PERS_5f6689e8,Дмитриева Виктория Алексеевна,todo,page_title_surname; candidate,https://ru.wikipedia.org/wiki/%D0%94%D0%BC%D0%B8%D1%82%D1%80%D0%B8%D0%B5%D0%B2%D0%B0,,,"Дми́триева — женская форма русской фамилии Дмитриев . Дмитриева , Александра Матвеевна (1909—?) — советский хозяйственный деятель, Герой Социалистического; 80"
wikipedia_identity,1110,analytics_output/wikipedia_authority_candidates.csv,123,PERS_5f6689e8,Дмитриева Виктория Алексеевна,todo,page_title_surname; candidate,https://ru.wikipedia.org/wiki/%D0%94%D0%BC%D0%B8%D1%82%D1%80%D0%B8%D0%B5%D0%B2%D0%B0%2C_%D0%90%D0%BD%D1%82%D0%BE%D0%BD%D0%B8%D0%BD%D0%B0_%D0%98%D0%B2%D0%B0%D0%BD%D0%BE%D0%B2%D0%BD%D0%B0,,,"Антонина Ивановна Дмитриева (18 ноября 1929, Ивантеевка, Московская область — 16 августа 1999, Москва) — советская и российская актриса театра и кино; 80"
wikipedia_identity,1110,analytics_output/wikipedia_authority_candidates.csv,124,PERS_5f6689e8,Дмитриева Виктория Алексеевна,todo,page_title_surname; candidate,https://ru.wikipedia.org/wiki/%D0%94%D0%BC%D0%B8%D1%82%D1%80%D0%B8%D0%B5%D0%B2%D0%B0%2C_%D0%95%D0%B2%D0%B3%D0%B5%D0%BD%D0%B8%D1%8F_%D0%9E%D0%BB%D0%B5%D0%B3%D0%BE%D0%B2%D0%BD%D0%B0,,,"Евге́ния Оле́говна Дми́триева (род. 19 декабря 1972, Москва) — российская актриса театра и кино, театральный режиссёр, педагог. Евгения Дмитриева родилась 19; 80"
wikipedia_identity,1110,analytics_output/wikipedia_authority_candidates.csv,242,PERS_bcaec2d8,Дружинин Владимир Юрьевич,todo,mention_or_search_snippet; candidate,https://ru.wikipedia.org/wiki/%D0%94%D0%BE%D0%B1%D1%80%D0%BE%D0%BD%D1%80%D0%B0%D0%B2%D0%BE%D0%B2%2C_%D0%92%D0%B8%D0%BA%D1%82%D0%BE%D1%80_%D0%A4%D1%91%D0%B4%D0%BE%D1%80%D0%BE%D0%B2%D0%B8%D1%87,,,"Монте-Кристо» (реж. Егор Дружинин ) — Эдмон Дантес, молодой Данглар, Эжени Данглар 2012—2013 — «Мата Хари: любовь и шпионаж» (реж. Егор Дружинин ) — неизвестный 2017 —; 60"
wikipedia_identity,1110,analytics_output/wikipedia_authority_candidates.csv,125,PERS_c9e43db7,Е. А. Бушуев,todo,page_title_surname; candidate,https://ru.wikipedia.org/wiki/%D0%91%D1%83%D1%88%D1%83%D0%B5%D0%B2,,,"Бушу́ев — фамилия. Происходит от древнерусского нецерковного имени Бушуй. Так могли назвать того, кто бушует, буянит, озорничает. Бушуев , Александр: Бушуев; 80"
wikipedia_identity,1110,analytics_output/wikipedia_authority_candidates.csv,126,PERS_14dec06b,Е. Б. Кудрявцева,todo,page_title_surname; candidate,https://ru.wikipedia.org/wiki/%D0%9A%D1%83%D0%B4%D1%80%D1%8F%D0%B2%D1%86%D0%B5%D0%B2%D0%B0%2C_%D0%93%D0%B0%D0%BB%D0%B8%D0%BD%D0%B0_%D0%9F%D0%B5%D1%82%D1%80%D0%BE%D0%B2%D0%BD%D0%B0,,,"Жиляева В. А., Кудрявцева Г. П. Ферримагнетизм минералов. — М.: Изд-во МГУ, 1983. — 96 с. Кудрявцева Г. П., Посухова Т. В., Вержак В. В., Веричев Е . М., Гаранин; 80"
wikipedia_identity,1110,analytics_output/wikipedia_authority_candidates.csv,127,PERS_e8f935aa,Е. К. Кудрявцева,todo,page_title_surname; candidate,https://ru.wikipedia.org/wiki/%D0%9A%D1%83%D0%B4%D1%80%D1%8F%D0%B2%D1%86%D0%B5%D0%B2%D0%B0%2C_%D0%95%D0%BB%D0%B8%D0%B7%D0%B0%D0%B2%D0%B5%D1%82%D0%B0_%D0%9F%D0%B5%D1%82%D1%80%D0%BE%D0%B2%D0%BD%D0%B0,,,"Кирилловича Кудрявцева и Елизаветы Андреевны Паук. В 1923 году, когда был открыт первый приём девочек в школу-интернат при Певческой капелле, П. К . Кудрявцев определил; 80"
wikipedia_identity,1110,analytics_output/wikipedia_authority_candidates.csv,128,PERS_a4c4c35e,И. В. Калинина,todo,page_title_surname; candidate,https://ru.wikipedia.org/wiki/%D0%9A%D0%B0%D0%BB%D0%B8%D0%BD%D0%B8%D0%BD%D0%B0%2C_%D0%A2%D0%B0%D0%B8%D1%81%D1%8C%D1%8F,,,"актёров — Любовь Толкалину и Таисью Калинину , и вслед за этим утверждает: « И если Толкалина уже давно всем и всё доказала, то Калинина … продолжает заявлять; 80"
wikipedia_identity,1110,analytics_output/wikipedia_authority_candidates.csv,129,PERS_a4c4c35e,И. В. Калинина,todo,page_title_surname; candidate,https://ru.wikipedia.org/wiki/%D0%A3%D0%BB%D0%B8%D1%86%D0%B0_%D0%9A%D0%B0%D0%BB%D0%B8%D0%BD%D0%B8%D0%BD%D0%B0,,,У́лица Кали́нина — название улиц в честь советского революционера Михаила Калинина . Улица Калинина — улица в Бресте. Улица Калинина — улица в Витебске; 80
wikipedia_identity,1110,analytics_output/wikipedia_authority_candidates.csv,130,PERS_c582889e,Иткин Илья Борисович,todo,page_title_surname; candidate,https://ru.wikipedia.org/wiki/%D0%98%D1%82%D0%BA%D0%B8%D0%BD,,,"Иткин , Анатолий Зиновьевич (род. 1931) — советский и российский художник. Иткин , Давид Борисович (1892—1971) — советский актёр. Иткин , Илья Борисович; 80"
wikipedia_identity,1110,analytics_output/wikipedia_authority_candidates.csv,479,PERS_efc88709,Канаева Наталия Алексеевна,todo,weak_search_hit; weak_candidate,https://ru.wikipedia.org/wiki/%D0%94%D0%B8%D0%BD%D0%B0%D0%BC%D0%BE-%D0%9D%D0%B5%D0%B2%D0%B0,,,"Емельянов; Сервисмен: Алексей Сергеевич Раков; Врач: Наталья Алексеевна Аркадьева; Пресс-атташе: Ксения Алексеевна Арахамиа; Продан, Владислав Андреевич (05.04; 30"
wikipedia_identity,1110,analytics_output/wikipedia_authority_candidates.csv,480,PERS_efc88709,Канаева Наталия Алексеевна,todo,weak_search_hit; weak_candidate,https://ru.wikipedia.org/wiki/%D0%A0%D0%BE%D0%BC%D0%B0%D0%BD%D0%BE%D0%B2%D0%B0%2C_%D0%AD%D0%BB%D0%B5%D0%BE%D0%BD%D0%BE%D1%80%D0%B0_%D0%90%D0%BB%D0%B5%D0%BA%D1%81%D0%B5%D0%B5%D0%B2%D0%BD%D0%B0,,,"Элеоно́ра Алексе́евна Рома́нова (р. 17 августа 1998) — российская, ранее украинская, гимнастка. Многократный призёр международных соревнований по художественной; 30"
wikipedia_identity,1110,analytics_output/wikipedia_authority_candidates.csv,481,PERS_efc88709,Канаева Наталия Алексеевна,todo,weak_search_hit; weak_candidate,https://ru.wikipedia.org/wiki/%D0%AE%D0%B4%D0%B8%D0%BD%D0%B0%2C_%D0%9B%D0%B8%D0%BB%D0%B8%D1%8F_%D0%92%D0%B8%D1%82%D0%B0%D0%BB%D1%8C%D0%B5%D0%B2%D0%BD%D0%B0,,,1929 года в Москве. Отец — Юдин Виталий Иванович. Мать — Юдина Людмила Алексеевна . В 1951 году окончила Высшее театральное училище имени Щукина. С 1953 года —; 30
wikipedia_identity,1110,analytics_output/wikipedia_authority_candidates.csv,131,PERS_467d4dbb,Клебанов Андрей Александрович,todo,page_title_surname; candidate,https://ru.wikipedia.org/wiki/%D0%9A%D0%BB%D0%B5%D0%B1%D0%B0%D0%BD%D0%BE%D0%B2%2C_%D0%98%D0%BB%D1%8C%D1%8F_%D0%98%D0%BE%D1%81%D0%B8%D1%84%D0%BE%D0%B2%D0%B8%D1%87,,,новый состав правительства и среди прочих включил туда Илью Клебанова . 31 мая 1999 года Клебанов был назначен — заместителем Председателя Правительства Российской; 80
wikipedia_identity,1110,analytics_output/wikipedia_authority_candidates.csv,132,PERS_29607432,Лапшин Иван Евгеньевич,todo,page_title_surname; candidate,https://ru.wikipedia.org/wiki/%D0%9B%D0%B0%D0%BF%D1%88%D0%B8%D0%BD,,,"Лапши́н ( Лапшина́ ) — русская фамилия и топоним: Лапшин , Александр: Лапшин , Александр Алексеевич (род. 1939) — советский и российский сценарист. Лапшин; 80"
wikipedia_identity,1110,analytics_output/wikipedia_authority_candidates.csv,133,PERS_57082cac,М. А. Овчинникова,todo,page_title_surname; candidate,https://ru.wikipedia.org/wiki/%D0%9E%D0%B2%D1%87%D0%B8%D0%BD%D0%BD%D0%B8%D0%BA%D0%BE%D0%B2%D0%B0%2C_%D0%9B%D1%8E%D1%81%D1%8C%D0%B5%D0%BD%D0%B0_%D0%98%D0%B2%D0%B0%D0%BD%D0%BE%D0%B2%D0%BD%D0%B0,,,"«Люсьена Овчинникова . „Пёстрая лента“» («Первый канал», 2003) «Люсьена Овчинникова . „Абсолютно счастливая женщина“» («ТВ Центр», 2007) «Люсьена Овчинникова . „Жизнь; 80"
wikipedia_identity,1110,analytics_output/wikipedia_authority_candidates.csv,134,PERS_ba7b23ae,М. Демченко,todo,page_title_surname; candidate,https://ru.wikipedia.org/wiki/%D0%94%D0%B5%D0%BC%D1%87%D0%B5%D0%BD%D0%BA%D0%BE%2C_%D0%90%D0%BB%D1%8C%D0%B1%D0%B5%D1%80%D1%82_%D0%9C%D0%B8%D1%85%D0%B0%D0%B9%D0%BB%D0%BE%D0%B2%D0%B8%D1%87,,,"семи Играх, что и Демченко . В 2018 году Касай стал единоличным рекордсменом, выступив на зимних Играх в Пхёнчхане. В 1992 году Демченко выступал на двухместных; 80"
wikipedia_identity,1110,analytics_output/wikipedia_authority_candidates.csv,135,PERS_ba537782,М. И. Петрова,todo,page_title_surname; candidate,https://ru.wikipedia.org/wiki/%D0%9F%D0%B5%D1%82%D1%80%D0%BE%D0%B2%D0%B0%2C_%D0%90%D0%BD%D0%BD%D0%B0_%D0%9D%D0%B8%D0%BA%D0%BE%D0%BB%D0%B0%D0%B5%D0%B2%D0%BD%D0%B0_%28%D0%BF%D0%B5%D0%B4%D0%B0%D0%B3%D0%BE%D0%B3%29,,,"Никола́евна Петро́ва (девичья фамилия Зу́бова, род. 22 сентября 1929) — советский и российский педагог по сценической речи, автор книг и пособий, доктор; 80"
wikipedia_identity,1110,analytics_output/wikipedia_authority_candidates.csv,136,PERS_ba537782,М. И. Петрова,todo,page_title_surname; candidate,https://ru.wikipedia.org/wiki/%D0%9F%D0%B5%D1%82%D1%80%D0%BE%D0%B2%D0%B0%2C_%D0%9C%D0%B0%D1%80%D0%B8%D1%8F_%D0%98%D0%B3%D0%BE%D1%80%D0%B5%D0%B2%D0%BD%D0%B0,,,"года. Мария Петрова : фото, биография, фильмография, новости - Вокруг ТВ. (англ.). Вокруг ТВ. Дата обращения: 10 февраля 2025. Сычев и Петрова на «Ледниковом; 80"
wikipedia_identity,1110,analytics_output/wikipedia_authority_candidates.csv,137,PERS_ba537782,М. И. Петрова,todo,page_title_surname; candidate,https://ru.wikipedia.org/wiki/%D0%9F%D0%B5%D1%82%D1%80%D0%BE%D0%B2%D0%B0%2C_%D0%9D%D0%B0%D1%82%D0%B0%D0%BB%D1%8C%D1%8F_%D0%92%D0%BB%D0%B0%D0%B4%D0%B8%D0%BC%D0%B8%D1%80%D0%BE%D0%B2%D0%BD%D0%B0,,,"Влади́мировна Петро́ва (род. 23 августа 1970, Харьков, СССР) — советская и российская актриса театра и кино, кинорежиссёр и сценаристка. Наталья Петрова окончила; 80"
wikipedia_identity,1110,analytics_output/wikipedia_authority_candidates.csv,138,PERS_56e6d363,М. Павлова,todo,page_title_surname; candidate,https://ru.wikipedia.org/wiki/%D0%94%D0%BE%D0%BC_%D0%9F%D0%B0%D0%B2%D0%BB%D0%BE%D0%B2%D0%B0,,,"Дом Па́влова (Дом Солдатской Славы, Дом Афанасьева — Павлова ) — 4-этажный жилой дом, расположенный на площади Ленина в Волгограде, в котором во время Сталинградской; 80"
wikipedia_identity,1110,analytics_output/wikipedia_authority_candidates.csv,139,PERS_56e6d363,М. Павлова,todo,page_title_surname; candidate,https://ru.wikipedia.org/wiki/%D0%9F%D0%B0%D0%B2%D0%BB%D0%BE%D0%B2%D0%B0%2C_%D0%90%D0%BD%D0%BD%D0%B0_%D0%9F%D0%B0%D0%B2%D0%BB%D0%BE%D0%B2%D0%BD%D0%B0,,,"П. Павлова , М . М . Фокин, В. Ф. Нижинский и С. Л. Григорьев были удостоены степени командора Ордена Академических пальм. По разным причинам Павлова ушла; 80"
wikipedia_identity,1110,analytics_output/wikipedia_authority_candidates.csv,243,PERS_4fff9d16,Минаева Мария Дмитриевна,todo,mention_or_search_snippet; candidate,https://ru.wikipedia.org/wiki/%D0%93%D0%BE%D1%80%D0%B5_%D0%BE%D1%82_%D1%83%D0%BC%D0%B0,,,"Ростопчиной (1856); «Москвичи на лекции по философии», шутка-водевиль Д. Минаева (1863); «Господа Молчалины» М. Салтыкова-Щедрина (1875—1878); «Горе от; 60"
wikipedia_identity,1110,analytics_output/wikipedia_authority_candidates.csv,244,PERS_4fff9d16,Минаева Мария Дмитриевна,todo,mention_or_search_snippet; candidate,https://ru.wikipedia.org/wiki/%D0%93%D1%80%D0%B5%D1%88%D0%BD%D0%BE%D0%B2%D0%B0%2C_%D0%9B%D1%8E%D0%B1%D0%B0%D0%B2%D0%B0_%D0%A1%D1%82%D0%B0%D0%BD%D0%B8%D1%81%D0%BB%D0%B0%D0%B2%D0%BE%D0%B2%D0%BD%D0%B0,,,любовница Антона Рожкова 2012 — Страшная красавица (Украина) — Алиса Минаева 2012 — Личная жизнь следователя Савельева (Кордон следователя Савельева) —; 60
wikipedia_identity,1110,analytics_output/wikipedia_authority_candidates.csv,140,PERS_fa58484d,Н. А. Александрова,todo,page_title_surname; candidate,https://ru.wikipedia.org/wiki/%D0%90%D0%BB%D0%B5%D0%BA%D1%81%D0%B0%D0%BD%D0%B4%D1%80%D0%BE%D0%B2%D0%B0%2C_%D0%9C%D0%B0%D1%80%D0%B8%D0%BD%D0%B0_%D0%90%D0%BD%D0%B4%D1%80%D0%B5%D0%B5%D0%B2%D0%BD%D0%B0,,,"Архивировано 1 февраля 2013 года. Марина Александрова превратилась в мумию . 7 дней (20 ноября 2012). Марина Александрова , Ирина Пегова и Денис Шведов озвучили; 80"
wikipedia_identity,1110,analytics_output/wikipedia_authority_candidates.csv,141,PERS_fa58484d,Н. А. Александрова,todo,page_title_surname; candidate,https://ru.wikipedia.org/wiki/%D0%90%D0%BB%D0%B5%D0%BA%D1%81%D0%B0%D0%BD%D0%B4%D1%80%D0%BE%D0%B2%D0%B0%2C_%D0%AE%D0%BB%D0%B8%D1%8F_%D0%98%D0%B3%D0%BE%D1%80%D0%B5%D0%B2%D0%BD%D0%B0,,,"Ю́лия И́горевна Алекса́ндрова (род. 14 апреля 1982, Воронеж, СССР) — российская актриса театра, кино и телевидения. Родилась 14 апреля 1982 года в Воронеже; 80"
wikipedia_identity,1110,analytics_output/wikipedia_authority_candidates.csv,142,PERS_fa58484d,Н. А. Александрова,todo,page_title_surname; candidate,https://ru.wikipedia.org/wiki/%D0%90%D0%BD%D1%81%D0%B0%D0%BC%D0%B1%D0%BB%D1%8C_%D0%BF%D0%B5%D1%81%D0%BD%D0%B8_%D0%B8_%D0%BF%D0%BB%D1%8F%D1%81%D0%BA%D0%B8_%D0%A0%D0%BE%D1%81%D1%81%D0%B8%D0%B9%D1%81%D0%BA%D0%BE%D0%B9_%D0%B0%D1%80%D0%BC%D0%B8%D0%B8_%D0%B8%D0%BC%D0%B5%D0%BD%D0%B8_%D0%90._%D0%92._%D0%90%D0%BB%D0%B5%D0%BA%D1%81%D0%B0%D0%BD%D0%B4%D1%80%D0%BE%D0%B2%D0%B0,,,Звезды ансамбль песни и пляски Российской армии имени А . В. Александрова или Ансамбль Александрова — крупнейший художественный коллектив России и ранее; 80
wikipedia_identity,1110,analytics_output/wikipedia_authority_candidates.csv,143,PERS_9ddf9210,Нестеркин Сергей Петрович,todo,page_title_surname; candidate,https://ru.wikipedia.org/wiki/%D0%9D%D0%B5%D1%81%D1%82%D0%B5%D1%80%D0%BA%D0%B8%D0%BD,,,"« Центральный объединенный регистратор». Нестеркин, Сергей Петрович — российский учёный. Нестеркин — хутор в Обливском районе Ростовской области. Примечания; 80"
wikipedia_identity,1110,analytics_output/wikipedia_authority_candidates.csv,144,PERS_dd17649f,Р. В. Светлов,todo,page_title_surname; candidate,https://ru.wikipedia.org/wiki/%D0%A1%D0%B2%D0%B5%D1%82%D0%BB%D0%BE%D0%B2,,,"Светлов ( Светлова ) — русская фамилия. Светлов , Александр Михайлович (1939—2018) — советский режиссёр, сценарист. Светлов , Андрей Валентинович (род. 1967) —; 80"
wikipedia_identity,1110,analytics_output/wikipedia_authority_candidates.csv,145,PERS_c9d44ed0,С. А. Пахомов,todo,page_title_surname; candidate,https://ru.wikipedia.org/wiki/%D0%9F%D0%B0%D1%85%D0%BE%D0%BC%D0%BE%D0%B2,,,"Пахо́мов ( Пахо́мова ) — русская фамилия, образованная от имени Пахом . Известные носители: Пахомов , Александр: Пахомов , Александр Афанасьевич (1919—после; 80"
wikipedia_identity,1110,analytics_output/wikipedia_authority_candidates.csv,146,PERS_c9d44ed0,С. А. Пахомов,todo,page_title_surname; candidate,https://ru.wikipedia.org/wiki/%D0%9F%D0%B0%D1%85%D0%BE%D0%BC%D0%BE%D0%B2%2C_%D0%92%D0%BB%D0%B0%D0%B4%D0%B8%D0%BC%D0%B8%D1%80,,,"Влади́мир Пахо́мов : Пахомов , Владимир Александрович (1951—2016) — советский и российский государственный деятель. Пахомов , Владимир Борисович (1948—1999) —; 80"
wikipedia_identity,1110,analytics_output/wikipedia_authority_candidates.csv,147,PERS_c9d44ed0,С. А. Пахомов,todo,page_title_surname; candidate,https://ru.wikipedia.org/wiki/%D0%9F%D0%B0%D1%85%D0%BE%D0%BC%D0%BE%D0%B2%2C_%D0%A1%D0%B5%D1%80%D0%B3%D0%B5%D0%B9_%D0%98%D0%B3%D0%BE%D1%80%D0%B5%D0%B2%D0%B8%D1%87,,,"Серге́й И́горевич Пахо́мов (род. 4 ноября 1966, Москва), более известный как Пахо́м — советский и российский андеграундный актёр, сценарист, музыкант; 80"
wikipedia_identity,1110,analytics_output/wikipedia_authority_candidates.csv,148,PERS_72d46eb6,С. С. Чистяков,todo,page_title_surname; candidate,https://ru.wikipedia.org/wiki/%D0%A7%D0%B8%D1%81%D1%82%D1%8F%D0%BA%D0%BE%D0%B2,,,"Чистяко́в ( Чистяко́ва ) — русская фамилия. Чистяков , Александр: Чистяков , Александр Александрович (р. 1970) — поэт, писатель, культуртрегер. Чистяков , Александр; 80"
wikipedia_identity,1110,analytics_output/wikipedia_authority_candidates.csv,149,PERS_72d46eb6,С. С. Чистяков,todo,page_title_surname; candidate,https://ru.wikipedia.org/wiki/%D0%A7%D0%B8%D1%81%D1%82%D1%8F%D0%BA%D0%BE%D0%B2%2C_%D0%93%D0%B5%D0%BE%D1%80%D0%B3%D0%B8%D0%B9_%D0%9F%D0%B5%D1%82%D1%80%D0%BE%D0%B2%D0%B8%D1%87,,,"Гео́ргий Петро́вич Чистяко́в (4 августа 1953, Москва — 22 июня 2007, Москва) — священник Русской православной церкви, филолог, историк, правозащитник; 80"
wikipedia_identity,1110,analytics_output/wikipedia_authority_candidates.csv,150,PERS_72d46eb6,С. С. Чистяков,todo,page_title_surname; candidate,https://ru.wikipedia.org/wiki/%D0%A7%D0%B8%D1%81%D1%82%D1%8F%D0%BA%D0%BE%D0%B2%2C_%D0%A4%D1%91%D0%B4%D0%BE%D1%80_%D0%92%D0%B0%D0%BB%D0%B5%D0%BD%D1%82%D0%B8%D0%BD%D0%BE%D0%B2%D0%B8%D1%87,,,"горе-злосчастии Федьки Чистякова » («Огонёк», 1996) 8 октября 1992 года Чистяков в Комарове вышел на прогулку с Ириной Левшаковой и напал на неё с ножом, нанеся; 80"
wikipedia_identity,1110,analytics_output/wikipedia_authority_candidates.csv,151,PERS_a0f3d86d,Сергеева Варвара Алексеевна,todo,page_title_surname; candidate,https://ru.wikipedia.org/wiki/%D0%A1%D0%B5%D1%80%D0%B3%D0%B5%D0%B5%D0%B2%D0%B0,,,"Серге́ева — женская форма русской фамилии Сергеев . Сергеева , Аграфена Тимофеевна (1920—2009) — советская доярка, Герой Социалистического Труда (1976); 80"
wikipedia_identity,1110,analytics_output/wikipedia_authority_candidates.csv,152,PERS_6b867946,Смирнова Екатерина Викторовна,todo,page_title_surname; candidate,https://ru.wikipedia.org/wiki/%D0%A1%D0%BC%D0%B8%D1%80%D0%BD%D0%BE%D0%B2%D0%B0,,,"Смирно́ва — женская форма русской фамилии Смирнов . Смирнова , Авдотья Андреевна (Дуня Смирнова ; род. 1969) — советский и российский журналист, литературный; 80"
wikipedia_identity,1110,analytics_output/wikipedia_authority_candidates.csv,153,PERS_58e18506,Соколова Ирина Александровна,todo,page_title_surname; candidate,https://ru.wikipedia.org/wiki/%D0%A1%D0%BE%D0%BA%D0%BE%D0%BB%D0%BE%D0%B2%D0%B0,,,"Соколо́ва — женская форма русской фамилии Со́коло́в и топоним. Соколова , Александра Ивановна (псевдоним Синее Домино; 1836—1914) — русская романистка; 80"
wikipedia_identity,1110,analytics_output/wikipedia_authority_candidates.csv,154,PERS_3d22e8d4,Стрелков Андрей Михайлович,todo,page_title_surname; candidate,https://ru.wikipedia.org/wiki/%D0%A1%D1%82%D1%80%D0%B5%D0%BB%D0%BA%D0%BE%D0%B2%2C_%D0%95%D0%B2%D0%B3%D0%B5%D0%BD%D0%B8%D0%B9_%D0%9C%D0%B8%D1%85%D0%B0%D0%B9%D0%BB%D0%BE%D0%B2%D0%B8%D1%87,,,"2025. Фоменко Андрей . Труды и дни Евгения Стрелкова // Стрелков Евгений. Формула Волги. — М.: НЛО, 2026. Змеева Екатерина. Евгений Стрелков — художник,; 80"
wikipedia_identity,1110,analytics_output/wikipedia_authority_candidates.csv,482,PERS_7f908d49,Стрельцова Лилия Александровна,todo,weak_search_hit; weak_candidate,https://ru.wikipedia.org/wiki/%D0%A2%D0%B0%D1%88%D0%BA%D0%BE%D0%B2%D0%B0%2C_%D0%A2%D0%B0%D1%82%D1%8C%D1%8F%D0%BD%D0%B0_%D0%90%D0%BB%D0%B5%D0%BA%D1%81%D0%B0%D0%BD%D0%B4%D1%80%D0%BE%D0%B2%D0%BD%D0%B0,,,"Татья́на Алекса́ндровна Ташко́ва (урождённая Васи́льева; род. 24 августа 1956, Сталинград, Сталинградская область, РСФСР, СССР) — советская и российская; 30"
wikipedia_identity,1110,analytics_output/wikipedia_authority_candidates.csv,245,PERS_0a2e5f24,Тишин Владимир Владимирович,todo,mention_or_search_snippet; candidate,https://ru.wikipedia.org/wiki/%D0%9B%D0%B8%D1%82%D0%B2%D0%B8%D0%BD%D0%BE%D0%B2%2C_%D0%92%D0%BB%D0%B0%D0%B4%D0%B8%D0%BC%D0%B8%D1%80_%D0%A3%D1%81%D1%82%D0%B8%D0%BD%D0%BE%D0%B2%D0%B8%D1%87,,,"Николай Павлович Силантьев 2012 — Топтуны (фильм № 8 «Вербовщик») — Виталий Тишин (Робин), вербовщик, бывший боец спецназа ГРУ 2013 — Всё сначала — Владислав; 60"
wikipedia_identity,1110,analytics_output/wikipedia_authority_candidates.csv,246,PERS_b2c121e9,Успенская Елена Николаевна,todo,mention_or_search_snippet; candidate,https://ru.wikipedia.org/wiki/%D0%A3%D1%81%D0%BF%D0%B5%D0%BD%D1%81%D0%BA%D0%B8%D0%B9,,,"Успенская , Галина Николаевна (1943—2006) — архитектор и педагог. Успенская , Дарья Дмитриевна (род. 1977) — российский художник-скульптор. Успенская ,; 60"
wikipedia_identity,1110,analytics_output/wikipedia_authority_candidates.csv,247,PERS_b2c121e9,Успенская Елена Николаевна,todo,mention_or_search_snippet; candidate,https://ru.wikipedia.org/wiki/%D0%A3%D1%81%D0%BF%D0%B5%D0%BD%D1%81%D0%BA%D0%B8%D0%B9%2C_%D0%AD%D0%B4%D1%83%D0%B0%D1%80%D0%B4_%D0%9D%D0%B8%D0%BA%D0%BE%D0%BB%D0%B0%D0%B5%D0%B2%D0%B8%D1%87,,,"Внучка — Екатерина Внук — Эдуард Успенский . Вторая (1980—2003) и четвёртая жена (после 2011 года) — Елена Борисовна Успенская (род. 1960), окончила строительный; 60"
wikipedia_identity,1110,analytics_output/wikipedia_authority_candidates.csv,483,PERS_3c7d41ac,Фомин Максим Сергеевич,todo,weak_search_hit; weak_candidate,https://ru.wikipedia.org/wiki/%D0%94%D0%B5%D0%BD%D1%8C_%D0%B2%D1%8B%D0%B1%D0%BE%D1%80%D0%BE%D0%B2_%28%D1%84%D0%B8%D0%BB%D1%8C%D0%BC%29,,,"Демидов — Александр Сергеевич , администратор, «начальник предвыборного штаба» Камиль Ларин — Камиль Ренатович, техник Максим Виторган — Максим , ведущий Нонна; 30"
wikipedia_identity,1110,analytics_output/wikipedia_authority_candidates.csv,484,PERS_3c7d41ac,Фомин Максим Сергеевич,todo,weak_search_hit; weak_candidate,https://ru.wikipedia.org/wiki/%D0%9A%D0%BE%D0%BB%D0%B5%D1%81%D0%BD%D0%B8%D0%BA%D0%BE%D0%B2%2C_%D0%98%D0%B2%D0%B0%D0%BD_%D0%A1%D0%B5%D1%80%D0%B3%D0%B5%D0%B5%D0%B2%D0%B8%D1%87_%28%D0%B0%D0%BA%D1%82%D1%91%D1%80%29,,,2005 — Студенты — Макс (Тихон Максимов ) 2005 — Белая гвардия — Галаньба 2006 — Меченосец — Сергей 2006 — Студенты 2 — Макс (Тихон Максимов ) 2006 — Телохранитель —; 30
wikipedia_identity,1110,analytics_output/wikipedia_authority_candidates.csv,485,PERS_3c7d41ac,Фомин Максим Сергеевич,todo,weak_search_hit; weak_candidate,https://ru.wikipedia.org/wiki/%D0%9A%D0%BE%D0%BD%D0%BE%D0%B2%D0%B0%D0%BB%D0%BE%D0%B2%2C_%D0%9C%D0%B0%D0%BA%D1%81%D0%B8%D0%BC_%D0%92%D0%B5%D0%BD%D0%B8%D0%B5%D0%B2%D0%B8%D1%87,,,"Русаковой 2016 — Спарта — Максим Мосин 2016 — Не того поля ягода — Пётр Романов, аферист 2016 — Большие деньги (Фальшивомонетчики) — Максим Петрович Мухин («Муха»); 30"
wikipedia_identity,1110,analytics_output/wikipedia_authority_candidates.csv,248,PERS_b881461b,Яковлева Мария Николаевна,todo,mention_or_search_snippet; candidate,https://ru.wikipedia.org/wiki/%D0%9C%D0%B0%D1%80%D0%B8%D1%8F_%D0%90%D0%BB%D0%B5%D0%BA%D1%81%D0%B0%D0%BD%D0%B4%D1%80%D0%BE%D0%B2%D0%BD%D0%B0_%28%D0%B8%D0%BC%D0%BF%D0%B5%D1%80%D0%B0%D1%82%D1%80%D0%B8%D1%86%D0%B0%29,,,1896—1918. Яковлева А. И. Воспоминания бывшей камер-юнгферы Марии Александровны. Сон юности. Воспоминания великой княжны Ольги Николаевны . — С. 117. Тютчева; 60
openalex_identity,1120,analytics_output/openalex_author_candidates.csv,74,PERS_fb25c80f,Ермакова Татьяна Викторовна,todo,,https://openalex.org/A5120905207,,,cyrillic_fullname; Ермакова Татьяна Викторовна; 1; 0.0
openalex_identity,1120,analytics_output/openalex_author_candidates.csv,104,PERS_f19cd8a1,Котин Игорь Юрьевич,todo,,https://openalex.org/A5059106001,,,cyrillic_fullname; Котин Игорь Юрьевич; 7; 0.2
openalex_identity,1120,analytics_output/openalex_author_candidates.csv,105,PERS_f19cd8a1,Котин Игорь Юрьевич,todo,,https://openalex.org/A5089655031,,,cyrillic_fullname; Котин Игорь Юрьевич; 4; 0.2
openalex_identity,1120,analytics_output/openalex_author_candidates.csv,201,PERS_cdbd7a15,Кулланда Сергей Всеволодович,todo,,https://openalex.org/A5091694401,,,latin_name; Sergey Kullanda; 6; 0.6
openalex_identity,1120,analytics_output/openalex_author_candidates.csv,73,PERS_7542d270,М. Б. Демченко,todo,,https://openalex.org/A5120884636,,,display_name; М. Б. Демченко; 1; 0.0
openalex_identity,1120,analytics_output/openalex_author_candidates.csv,70,PERS_5d34c947,О. А. Волошина,todo,,https://openalex.org/A5084846163,,,display_name; О. А. Волошина; 1; 0.0
openalex_identity,1120,analytics_output/openalex_author_candidates.csv,71,PERS_5d34c947,О. А. Волошина,todo,,https://openalex.org/A5043000172,,,display_name; О. А. Волошина; 1; 0.0
openalex_identity,1120,analytics_output/openalex_author_candidates.csv,72,PERS_5d34c947,О. А. Волошина,todo,,https://openalex.org/A5006469212,,,display_name; О. А. Волошина; 1; 0.0
openalex_identity,1120,analytics_output/openalex_author_candidates.csv,380,PERS_7f908d49,Стрельцова Лилия Александровна,todo,,https://openalex.org/A5067940358,,,cyrillic_fullname; Стрельцова Лилия Александровна; 3; 0.2
openalex_identity,1120,analytics_output/openalex_author_candidates.csv,137,PERS_0665f215,Шохин Владимир Кириллович,todo,,https://openalex.org/A5135220415,,,latin_name; Vladimir Shokhin; 1; 0.3
openalex_identity,1120,analytics_output/openalex_author_candidates.csv,139,PERS_0665f215,Шохин Владимир Кириллович,todo,,https://openalex.org/A5019102628,,,latin_name; Vladimir Shokhin; 1; 0.3
wikipedia_identity,1120,analytics_output/wikipedia_authority_candidates.csv,249,PERS_800ac07e,А. А. Нейвирт,todo,mention_or_search_snippet; candidate,https://ru.wikipedia.org/wiki/%D0%9D%D0%BE%D0%B9%D0%B2%D0%B8%D1%80%D1%82,,,"Кончита Вурст. Нойвирт, Михал (род. 1988) — чешский хоккеист, вратарь. Узел Нейвирта Примечания Список статей об однофамильцах. Если вы попали сюда из другой; 60"
wikipedia_identity,1120,analytics_output/wikipedia_authority_candidates.csv,250,PERS_3ccc9bd7,А. Солька,todo,mention_or_search_snippet; candidate,https://ru.wikipedia.org/wiki/%D0%92%D0%B5%D0%BB%D0%B8%D0%BA%D0%B8%D0%B9_%D0%9D%D0%BE%D0%B2%D0%B3%D0%BE%D1%80%D0%BE%D0%B4,,,"им. В. Г. Бабанова, камерные ансамбли: «Трубадур» и «Менестрель», «До-ми- солька ». Новгородский музей-заповедник Экспозиции и выставки на территории детинца; 60"
wikipedia_identity,1120,analytics_output/wikipedia_authority_candidates.csv,251,PERS_3ccc9bd7,А. Солька,todo,mention_or_search_snippet; candidate,https://ru.wikipedia.org/wiki/%D0%A1%D1%83%D1%80%D0%BA%D0%BE%D0%B2%D0%B0%2C_%D0%9A%D1%81%D0%B5%D0%BD%D0%B8%D1%8F_%D0%98%D0%B3%D0%BE%D1%80%D0%B5%D0%B2%D0%BD%D0%B0,,,"ДоМи Солька . В 2010 году окончила ВГИК, актёрский факультет, мастерская И. Н. Ясуловича. Сотрудничает с Театром «Центр драматургии и режиссуры» А . Казанцева; 60"
wikipedia_identity,1120,analytics_output/wikipedia_authority_candidates.csv,252,PERS_37d557c2,Анисимова Дарья Дмитриевна,todo,mention_or_search_snippet; candidate,https://ru.wikipedia.org/wiki/%D0%93%D0%B0%D1%84%D1%82%2C_%D0%92%D0%B0%D0%BB%D0%B5%D0%BD%D1%82%D0%B8%D0%BD_%D0%98%D0%BE%D1%81%D0%B8%D1%84%D0%BE%D0%B2%D0%B8%D1%87,,,"Сартра (оригинальное название — «Добродетельная шлюха»), режиссёр Ирина Анисимова -Вульф 1958 — Сын — «Корнелия» М. Чорчолини, режиссёры Юрий Завадский и; 60"
wikipedia_identity,1120,analytics_output/wikipedia_authority_candidates.csv,253,PERS_37d557c2,Анисимова Дарья Дмитриевна,todo,mention_or_search_snippet; candidate,https://ru.wikipedia.org/wiki/%D0%A3%D1%88%D0%B0%D0%BA%D0%BE%D0%B2%2C_%D0%90%D0%BD%D0%B4%D1%80%D0%B5%D0%B9_%D0%98%D0%B2%D0%B0%D0%BD%D0%BE%D0%B2%D0%B8%D1%87,,,очаровательным обхождением и владел особенным даром выведывать образ мыслей собеседников». А вот мнение Е. Анисимова : Генерал Ушаков руководил тайной канцелярией; 60
wikipedia_identity,1120,analytics_output/wikipedia_authority_candidates.csv,254,PERS_c31236d2,Березкин Юрий Евгеньевич,todo,mention_or_search_snippet; candidate,https://ru.wikipedia.org/wiki/%D0%9F%D0%BE%D0%BB%D0%B8%D0%B3%D0%BE%D0%BD%D0%B0%D0%BB%D1%8C%D0%BD%D0%B0%D1%8F_%D0%BA%D0%BB%D0%B0%D0%B4%D0%BA%D0%B0,,,"пришельцев из космоса. Однако, как пишет российский историк и этнограф Юрий Евгеньевич Березкин : «особого распространения эти сюжеты не получили. Слишком хорошо; 60"
wikipedia_identity,1120,analytics_output/wikipedia_authority_candidates.csv,654,PERS_8516d1e4,Гасунс Марцис Юрьевич,todo,no_hit,,,,0
wikipedia_identity,1120,analytics_output/wikipedia_authority_candidates.csv,486,PERS_28317057,Дубянская Татьяна Александровна,todo,weak_search_hit; weak_candidate,https://ru.wikipedia.org/wiki/%D0%95%D0%BB%D0%B8%D0%B7%D0%B0%D0%B2%D0%B5%D1%82%D0%B0_%D0%9F%D0%B5%D1%82%D1%80%D0%BE%D0%B2%D0%BD%D0%B0,,,"Гурамишвили» (1946, СССР; режиссёр — Николай Санишвили), в роли Елизаветы — Татьяна Окуневская. «Михайло Ломоносов» (1955, СССР; режиссёр — Александр Иванов); 30"
wikipedia_identity,1120,analytics_output/wikipedia_authority_candidates.csv,487,PERS_28317057,Дубянская Татьяна Александровна,todo,weak_search_hit; weak_candidate,https://ru.wikipedia.org/wiki/%D0%A1%D0%BF%D0%B8%D1%81%D0%BE%D0%BA_%D0%B2%D0%BE%D1%81%D0%BF%D0%B8%D1%82%D0%B0%D0%BD%D0%BD%D0%B8%D1%86_%D0%A1%D0%BC%D0%BE%D0%BB%D1%8C%D0%BD%D0%BE%D0%B3%D0%BE_%D0%B8%D0%BD%D1%81%D1%82%D0%B8%D1%82%D1%83%D1%82%D0%B0_%D0%B1%D0%BB%D0%B0%D0%B3%D0%BE%D1%80%D0%BE%D0%B4%D0%BD%D1%8B%D1%85_%D0%B4%D0%B5%D0%B2%D0%B8%D1%86,,,"Александра Ефимовича. 64. Копьева, Елена Александровна , дочь колл.асс. Александра Петровича. 65. Караулова, Анна Александровна , дочь отст. секунд-майора Александра; 30"
wikipedia_identity,1120,analytics_output/wikipedia_authority_candidates.csv,488,PERS_28317057,Дубянская Татьяна Александровна,todo,weak_search_hit; weak_candidate,https://ru.wikipedia.org/wiki/%D0%A1%D0%BF%D0%B8%D1%81%D0%BE%D0%BA_%D1%84%D1%80%D0%B5%D0%B9%D0%BB%D0%B8%D0%BD_%D1%80%D0%BE%D1%81%D1%81%D0%B8%D0%B9%D1%81%D0%BA%D0%BE%D0%B3%D0%BE_%D0%B8%D0%BC%D0%BF%D0%B5%D1%80%D0%B0%D1%82%D0%BE%D1%80%D1%81%D0%BA%D0%BE%D0%B3%D0%BE_%D0%B4%D0%B2%D0%BE%D1%80%D0%B0,,,"Вдова с 1913 года. Фрейлины великой княжны Марии Александровны Великая княжна Мария Александровна , родилась в 1853 году, в браке с герцогом Альфредом; 30"
wikipedia_identity,1120,analytics_output/wikipedia_authority_candidates.csv,489,PERS_8108c314,Ерченков Олег Николаевич,todo,weak_search_hit; weak_candidate,https://ru.wikipedia.org/wiki/%D0%A1%D0%BB%D1%83%D0%B3%D0%B0_%D0%BD%D0%B0%D1%80%D0%BE%D0%B4%D0%B0_%28%D1%82%D0%B5%D0%BB%D0%B5%D1%81%D0%B5%D1%80%D0%B8%D0%B0%D0%BB%29,,,"до импичмента» получил больше 70 % голосов. Украинский журналист Вадим Ерченко написал статью, где проанализировал сериал «Слуга народа». В статье журналист; 30"
wikipedia_identity,1120,analytics_output/wikipedia_authority_candidates.csv,490,PERS_10547db9,Загуменнов Борис Иванович,todo,weak_search_hit; weak_candidate,https://ru.wikipedia.org/wiki/%D0%94%D0%BE%D1%81%D1%82%D0%B8%D0%B6%D0%B5%D0%BD%D0%B8%D1%8F_%D0%B8_%D1%81%D1%82%D0%B0%D1%82%D0%B8%D1%81%D1%82%D0%B8%D0%BA%D0%B0_%D0%B8%D0%B3%D1%80%D0%BE%D0%BA%D0%BE%D0%B2_%D0%A4%D0%9A_%C2%AB%D0%97%D0%B5%D0%BD%D0%B8%D1%82%C2%BB_%28%D0%A1%D0%B0%D0%BD%D0%BA%D1%82-%D0%9F%D0%B5%D1%82%D0%B5%D1%80%D0%B1%D1%83%D1%80%D0%B3%29,,,Дриусси Александр Ерохин Юрий Желудков Юрий Жирков Станислав Завидонов Юрий Загуменных Игорь Зазулин Александр Захариков Анатолий Зинченко Константин Зырянов; 30
wikipedia_identity,1120,analytics_output/wikipedia_authority_candidates.csv,491,PERS_10547db9,Загуменнов Борис Иванович,todo,weak_search_hit; weak_candidate,https://ru.wikipedia.org/wiki/%D0%97%D0%B5%D0%BD%D0%B8%D1%82_%28%D1%84%D1%83%D1%82%D0%B1%D0%BE%D0%BB%D1%8C%D0%BD%D1%8B%D0%B9_%D0%BA%D0%BB%D1%83%D0%B1%2C_%D0%A1%D0%B0%D0%BD%D0%BA%D1%82-%D0%9F%D0%B5%D1%82%D0%B5%D1%80%D0%B1%D1%83%D1%80%D0%B3%29,,,(КСИ). В том же году с соседнего завода «Красный выборжец» в ЛМЗ перешёл Борис Ивин. Вокруг этого высококлассного игрока началось строительство новой команды; 30
wikipedia_identity,1120,analytics_output/wikipedia_authority_candidates.csv,255,PERS_fc976255,Комаров Эрик Наумович,todo,mention_or_search_snippet; candidate,https://ru.wikipedia.org/wiki/%D0%A7%D0%B5%D1%88%D0%BA%D0%BE%D0%B2%D0%B0%2C_%D0%AD%D0%BD%D0%B3%D0%B5%D0%BB%D1%8C%D1%81%D0%B8%D0%BD%D0%B0_%D0%A1%D0%B5%D1%80%D0%B3%D0%B5%D0%B5%D0%B2%D0%BD%D0%B0,,,"компьютер, № 1, 1 января 2002 Алаев Л. Б., Васильев Д. Д., Шаумян Т. Л. Эрик Наумович Комаров (некролог) Архивная копия от 14 марта 2023 на Wayback Machine //; 60"
wikipedia_identity,1120,analytics_output/wikipedia_authority_candidates.csv,492,PERS_2a2e5602,Коровина Евгения Владимировна,todo,weak_search_hit; weak_candidate,https://ru.wikipedia.org/wiki/%D0%95%D0%B2%D0%B3%D0%B5%D0%BD%D0%B8%D0%B9_%D0%9E%D0%BD%D0%B5%D0%B3%D0%B8%D0%BD,,,Онегина — Питер Маттеи[англ.]; « Евгений Онегин» (2007). В роли Евгения Онегина — Питер Маттеи. «Онегин» (2024). В роли Евгения Онегина — Виктор Добронравов; 30
wikipedia_identity,1120,analytics_output/wikipedia_authority_candidates.csv,493,PERS_2a2e5602,Коровина Евгения Владимировна,todo,weak_search_hit; weak_candidate,https://ru.wikipedia.org/wiki/%D0%A2%D0%B5%D0%B0%D1%82%D1%80_%D0%B8%D0%BC%D0%B5%D0%BD%D0%B8_%D0%95._%D0%91._%D0%92%D0%B0%D1%85%D1%82%D0%B0%D0%BD%D0%B3%D0%BE%D0%B2%D0%B0,,,"и́мени Евгения Вахта́нгова — драматический театр в Москве. Был образован в 1913 году как Студенческая драматическая студия, руководил которой Евгений Вахтангов; 30"
wikipedia_identity,1120,analytics_output/wikipedia_authority_candidates.csv,494,PERS_2a2e5602,Коровина Евгения Владимировна,todo,weak_search_hit; weak_candidate,https://ru.wikipedia.org/wiki/%D0%A5%D0%B0%D1%8E%D1%82%D0%B8%D0%BD%D0%B0%2C_%D0%95%D0%B2%D0%B3%D0%B5%D0%BD%D0%B8%D1%8F_%D0%A1%D0%BE%D0%BB%D0%BE%D0%BC%D0%BE%D0%BD%D0%BE%D0%B2%D0%BD%D0%B0,,,"на стройке». Сама Евгения , как позже рассказывала сестра Ежова — Евдокия, получила анонимное письмо с обвинениями в шпионаже. Евгения написала второе письмо; 30"
wikipedia_identity,1120,analytics_output/wikipedia_authority_candidates.csv,495,PERS_d218805b,Крюкова Виктория Юрьевна,todo,weak_search_hit; weak_candidate,https://ru.wikipedia.org/wiki/%D0%9A%D1%83%D0%BB%D0%B8%D0%BA%D0%BE%D0%B2%D0%B0%2C_%D0%95%D0%BB%D0%B5%D0%BD%D0%B0_%D0%AE%D1%80%D1%8C%D0%B5%D0%B2%D0%BD%D0%B0,,,"Еле́на Ю́рьевна Кулико́ва (род. 17 сентября 1970, Новосибирск) — российский литературовед, доктор филологических наук, ведущий научный сотрудник Института; 30"
wikipedia_identity,1120,analytics_output/wikipedia_authority_candidates.csv,496,PERS_d218805b,Крюкова Виктория Юрьевна,todo,weak_search_hit; weak_candidate,https://ru.wikipedia.org/wiki/%D0%9F%D0%B5%D1%80%D0%B2%D1%8B%D0%B9_%D0%BE%D1%82%D0%B4%D0%B5%D0%BB_%28%D1%82%D0%B5%D0%BB%D0%B5%D1%81%D0%B5%D1%80%D0%B8%D0%B0%D0%BB%29,,,ППС (5 сезон). (1—5 сезоны) Ксения Погожева (Сиротина) Ксения Юрьевна Брагина Ксения Юрьевна Брагина дочь Веры и Юрия; школьница. (1—5 сезоны) Александр; 30
wikipedia_identity,1120,analytics_output/wikipedia_authority_candidates.csv,256,PERS_2e00cb36,Меренкова Ольга Николаевна,todo,mention_or_search_snippet; candidate,https://ru.wikipedia.org/wiki/%D0%9F%D0%BE%D0%B4%D1%8A%D1%8F%D0%BF%D0%BE%D0%BB%D1%8C%D1%81%D0%BA%D0%B0%D1%8F%2C_%D0%9D%D0%B0%D0%B4%D0%B5%D0%B6%D0%B4%D0%B0_%D0%98%D0%B2%D0%B0%D0%BD%D0%BE%D0%B2%D0%BD%D0%B0,,,"Ольга . Умерла актриса из сериалов «Кухня» и «Интерны» (рус.). Пятый канал (30 декабря 2024). Дата обращения: 25 января 2025. Андреевна, Меренкова Алиса; 60"
wikipedia_identity,1120,analytics_output/wikipedia_authority_candidates.csv,257,PERS_b76851a7,Митруев Бембя Леонидович,todo,mention_or_search_snippet; candidate,https://ru.wikipedia.org/wiki/%D0%A8%D0%B0%D0%BD%D0%B3%D1%88%D1%83%D0%BD%D0%B3%D1%81%D0%BA%D0%B8%D0%B9_%D1%8F%D0%B7%D1%8B%D0%BA,,,"Nagano, Yasuhiko (ред.). — Senri Ethnological Studies, 2009. Митруев , Бембя Леонидович . «Глубочайшая Сокровищница» как лексикографический источник для; 60"
wikipedia_identity,1120,analytics_output/wikipedia_authority_candidates.csv,258,PERS_cca8f93d,Немчинов Виктор Михайлович,todo,mention_or_search_snippet; candidate,https://ru.wikipedia.org/wiki/%D0%A1%D0%BF%D0%B8%D1%81%D0%BE%D0%BA_%D0%93%D0%B5%D1%80%D0%BE%D0%B5%D0%B2_%D0%A1%D0%BE%D0%B2%D0%B5%D1%82%D1%81%D0%BA%D0%BE%D0%B3%D0%BE_%D0%A1%D0%BE%D1%8E%D0%B7%D0%B0_%28%D0%A7%D0%B5%D0%BB%D1%8F%D0%B1%D0%B8%D0%BD%D1%81%D0%BA%D0%B0%D1%8F_%D0%BE%D0%B1%D0%BB%D0%B0%D1%81%D1%82%D1%8C%29,,,"Ахметович Невзгодов, Андрей Иванович Нелюбин, Иван Яковлевич Немчинов , Иван Николаевич Немчинов , Михаил Антонович Обухов, Александр Васильевич Огнёв, Павел; 60"
wikipedia_identity,1120,analytics_output/wikipedia_authority_candidates.csv,259,PERS_cca8f93d,Немчинов Виктор Михайлович,todo,mention_or_search_snippet; candidate,https://ru.wikipedia.org/wiki/%D0%A6%D0%A1%D0%9A%D0%90_%28%D1%85%D0%BE%D0%BA%D0%BA%D0%B5%D0%B9%D0%BD%D1%8B%D0%B9_%D0%BA%D0%BB%D1%83%D0%B1%2C_%D0%9C%D0%BE%D1%81%D0%BA%D0%B2%D0%B0%29,,,2002)[источник не указан 911 дней] Виктор Тихонов (01.08.2002 — 28.04.2004) Вячеслав Быков (28.04.2004 — 06.04.2009) Сергей Немчинов (26.05.2009 — 31.03.2011); 60
wikipedia_identity,1120,analytics_output/wikipedia_authority_candidates.csv,260,PERS_34c0d384,Павлова Мария Борисовна,todo,mention_or_search_snippet; candidate,https://ru.wikipedia.org/wiki/%D0%94%D0%BE%D0%B3%D0%B8%D0%BB%D0%B5%D0%B2%D0%B0%2C_%D0%A2%D0%B0%D1%82%D1%8C%D1%8F%D0%BD%D0%B0_%D0%90%D0%BD%D0%B0%D1%82%D0%BE%D0%BB%D1%8C%D0%B5%D0%B2%D0%BD%D0%B0,,,русской разведки») — Изольда Павлова 1989 — Микко — сын Павловой — Изольда Павлова 1989 — Надводная часть айсберга — Изольда Павлова 1989 — Секретная океанская; 60
wikipedia_identity,1120,analytics_output/wikipedia_authority_candidates.csv,261,PERS_7700f517,Парамонов Денис Олегович,todo,mention_or_search_snippet; candidate,https://ru.wikipedia.org/wiki/%D0%9F%D0%BE%D1%87%D1%91%D1%82%D0%BD%D1%8B%D0%B9_%D0%B0%D0%BA%D0%B0%D0%B4%D0%B5%D0%BC%D0%B8%D0%BA_%D0%92%D0%A0%D0%90%D0%9B,,,"Харкевича РАН, лауреат премии «Просветитель» за книгу «Сумма биотехнологии» Парамонов Алексей Дмитриевич — кандидат медицинских наук, гастроэнтеролог, терапевт; 60"
wikipedia_identity,1120,analytics_output/wikipedia_authority_candidates.csv,262,PERS_7700f517,Парамонов Денис Олегович,todo,mention_or_search_snippet; candidate,https://ru.wikipedia.org/wiki/%D0%9F%D1%80%D0%B5%D0%B7%D0%B8%D0%B4%D0%B5%D0%BD%D1%82%D1%81%D0%BA%D0%B0%D1%8F_%D0%BA%D0%B0%D0%BC%D0%BF%D0%B0%D0%BD%D0%B8%D1%8F_%D0%92%D0%BB%D0%B0%D0%B4%D0%B8%D0%BC%D0%B8%D1%80%D0%B0_%D0%9F%D1%83%D1%82%D0%B8%D0%BD%D0%B0_%282024%29,,,"Игоревич Парамонов , Дмитрий Андреевич Пекуровский, Дмитрий Александрович Перминова, Елена Владимировна Першин, Сергей Васильевич Пестунов, Денис Юрьевич; 60"
wikipedia_identity,1120,analytics_output/wikipedia_authority_candidates.csv,263,PERS_5f6fa17b,Пахомова Александра Михайловна,todo,mention_or_search_snippet; candidate,https://ru.wikipedia.org/wiki/%D0%91%D0%B8%D1%82%D0%B2%D0%B0_%D0%B7%D0%B0_%D0%A1%D0%B5%D0%B2%D0%B0%D1%81%D1%82%D0%BE%D0%BF%D0%BE%D0%BB%D1%8C_%28%D1%84%D0%B8%D0%BB%D1%8C%D0%BC%2C_2015%29,,,"Элеонора Рузвельт, супруга президента США Франклина Делано Рузвельта Полина Пахомова — Маша, медсестра, подруга Людмилы. Владимир Лилицкий — Гриша, лётчик,; 60"
wikipedia_identity,1120,analytics_output/wikipedia_authority_candidates.csv,264,PERS_5f6fa17b,Пахомова Александра Михайловна,todo,mention_or_search_snippet; candidate,https://ru.wikipedia.org/wiki/%D0%91%D0%BB%D0%BE%D0%BA%D0%B0%D0%B4%D0%B0_%D0%9B%D0%B5%D0%BD%D0%B8%D0%BD%D0%B3%D1%80%D0%B0%D0%B4%D0%B0,,,"341 с. — 50 000 экз. Симоненко В. Б., Магаева С. В., Симоненко М. Г., Пахомова Ю. В. Ленинградская блокада : Медицинские проблемы - ретроспектива и современность; 60"
wikipedia_identity,1120,analytics_output/wikipedia_authority_candidates.csv,265,PERS_37bb2d43,Покатилов Сергей Андреевич,todo,mention_or_search_snippet; candidate,https://ru.wikipedia.org/wiki/%D0%9D%D0%B0%D0%BA%D0%B0%D0%B7%D0%BD%D1%8B%D0%B5_%D0%B8_%D0%B2%D0%BE%D0%B9%D1%81%D0%BA%D0%BE%D0%B2%D1%8B%D0%B5_%D0%B0%D1%82%D0%B0%D0%BC%D0%B0%D0%BD%D1%8B_%D0%9E%D1%80%D0%B5%D0%BD%D0%B1%D1%83%D1%80%D0%B3%D1%81%D0%BA%D0%BE%D0%B3%D0%BE_%D0%BA%D0%B0%D0%B7%D0%B0%D1%87%D1%8C%D0%B5%D0%B3%D0%BE_%D0%B2%D0%BE%D0%B9%D1%81%D0%BA%D0%B0,,,"Генерал-майор Молоствов, Владимир Порфирьевич — 1839—1841 Генерал-майор Покатилов (Покотилов) Василий Осипович-1833 −1838 Генерал-майор Молоствов, Владимир; 60"
wikipedia_identity,1120,analytics_output/wikipedia_authority_candidates.csv,266,PERS_37bb2d43,Покатилов Сергей Андреевич,todo,mention_or_search_snippet; candidate,https://ru.wikipedia.org/wiki/%D0%9F%D1%80%D0%B8%D0%B2%D0%B0%D0%BB_%D1%81%D1%82%D1%80%D0%B0%D0%BD%D0%BD%D0%B8%D0%BA%D0%BE%D0%B2,,,Владимир Борисов — Сырцов Павел Белозёров — капитан Покатилов Валерия Устинова — Галочка Сергей Балабанов — участковый Трындин Игорь Воробьев — официант; 60
wikipedia_identity,1120,analytics_output/wikipedia_authority_candidates.csv,267,PERS_37bb2d43,Покатилов Сергей Андреевич,todo,mention_or_search_snippet; candidate,https://ru.wikipedia.org/wiki/%D0%A1%D0%BB%D0%B5%D0%B4_%28%D1%82%D0%B5%D0%BB%D0%B5%D1%81%D0%B5%D1%80%D0%B8%D0%B0%D0%BB%29,,,"Режиссёры монтажа: Роман Ермолаев, Михаил Игонин, Александр Паханин, Сергей Покатилов . Шеф-редактор: Михаил Шульман (2007), Раф Гуревич, Анастасия Демидова; 60"
wikipedia_identity,1120,analytics_output/wikipedia_authority_candidates.csv,268,PERS_37f98454,Рудой Валерий Исаакович,todo,mention_or_search_snippet; candidate,https://ru.wikipedia.org/wiki/%D0%A1%D0%BF%D0%B8%D1%81%D0%BE%D0%BA_%C2%AB%D0%B8%D0%BD%D0%BE%D1%81%D1%82%D1%80%D0%B0%D0%BD%D0%BD%D1%8B%D1%85_%D0%B0%D0%B3%D0%B5%D0%BD%D1%82%D0%BE%D0%B2%C2%BB_%28%D0%A0%D0%BE%D1%81%D1%81%D0%B8%D1%8F%29,,,"Рудакова Диана Борисовна экс-глава тамбовского штаба Навального 13.10.2023 690 Рудой Андрей Владимирович[вд] политический деятель, левый блогер 13.10.2023 691; 60"
wikipedia_identity,1120,analytics_output/wikipedia_authority_candidates.csv,497,PERS_01aafd44,Сафина Наталья Алексеевна,todo,weak_search_hit; weak_candidate,https://ru.wikipedia.org/wiki/%D0%A1%D0%BF%D0%B8%D1%81%D0%BE%D0%BA_%D0%B4%D0%B5%D0%BB%D0%B5%D0%B3%D0%B0%D1%82%D0%BE%D0%B2_XXVI_%D1%81%D1%8A%D0%B5%D0%B7%D0%B4%D0%B0_%D0%9A%D0%9F%D0%A1%D0%A1,,,"Иванович Любомирова, Наталия Алексеевна Любченко, Любовь Андреевна Люлька, Архип Михайлович Лютиков, Рудольф Гаврилович Люшина, Нина Алексеевна Лякишев, Николай; 30"
wikipedia_identity,1120,analytics_output/wikipedia_authority_candidates.csv,498,PERS_01aafd44,Сафина Наталья Алексеевна,todo,weak_search_hit; weak_candidate,https://ru.wikipedia.org/wiki/%D0%A1%D0%BF%D0%B8%D1%81%D0%BE%D0%BA_%D0%B4%D0%B5%D0%BF%D1%83%D1%82%D0%B0%D1%82%D0%BE%D0%B2_%D0%92%D0%B5%D1%80%D1%85%D0%BE%D0%B2%D0%BD%D0%BE%D0%B3%D0%BE_%D0%A1%D0%BE%D0%B2%D0%B5%D1%82%D0%B0_%D0%A0%D0%A1%D0%A4%D0%A1%D0%A0_X_%D1%81%D0%BE%D0%B7%D1%8B%D0%B2%D0%B0,,,"Николай Иванович, Читинская область Дмитриева, Наталья Васильевна, Рязанская область Дмитриева, Нина Алексеевна , Новосибирская область Дмитриева, Нина Павловна; 30"
wikipedia_identity,1120,analytics_output/wikipedia_authority_candidates.csv,499,PERS_01aafd44,Сафина Наталья Алексеевна,todo,weak_search_hit; weak_candidate,https://ru.wikipedia.org/wiki/%D0%A1%D0%BF%D0%B8%D1%81%D0%BE%D0%BA_%D0%B4%D0%B5%D0%BF%D1%83%D1%82%D0%B0%D1%82%D0%BE%D0%B2_%D0%92%D0%B5%D1%80%D1%85%D0%BE%D0%B2%D0%BD%D0%BE%D0%B3%D0%BE_%D0%A1%D0%BE%D0%B2%D0%B5%D1%82%D0%B0_%D0%A1%D0%A1%D0%A1%D0%A0_9-%D0%B3%D0%BE_%D1%81%D0%BE%D0%B7%D1%8B%D0%B2%D0%B0,,,"Людмила Афанасьевна Школьников Алексей Михайлович Шкурей, Наталья Ильевна Шкуропад, Лидия Алексеевна Шматков, Юрий Сергеевич Шнайдер, Фридрих Фридрихович Шовхиев; 30"
wikipedia_identity,1120,analytics_output/wikipedia_authority_candidates.csv,269,PERS_42da4866,Стукалин Глеб Дмитриевич,todo,mention_or_search_snippet; candidate,https://ru.wikipedia.org/wiki/%D0%A1%D0%BF%D0%B8%D1%81%D0%BE%D0%BA_%D0%B4%D0%B5%D0%BB%D0%B5%D0%B3%D0%B0%D1%82%D0%BE%D0%B2_XXV_%D1%81%D1%8A%D0%B5%D0%B7%D0%B4%D0%B0_%D0%9A%D0%9F%D0%A1%D0%A1,,,"Григорьевна Стручков, Алексей Дмитриевич Стрыгин, Виктор Николаевич Студентов, Александр Алексеевич Стукалин , Борис Иванович Стукалин , Виктор Фёдорович Субботина; 60"
wikipedia_identity,1120,analytics_output/wikipedia_authority_candidates.csv,270,PERS_a901d460,Фаградян Марина Александровна,todo,mention_or_search_snippet; candidate,https://ru.wikipedia.org/wiki/%D0%A1%D0%BF%D0%B8%D1%81%D0%BE%D0%BA_%D0%B4%D0%B5%D0%BF%D1%83%D1%82%D0%B0%D1%82%D0%BE%D0%B2_%D0%92%D0%B5%D1%80%D1%85%D0%BE%D0%B2%D0%BD%D0%BE%D0%B3%D0%BE_%D0%A1%D0%BE%D0%B2%D0%B5%D1%82%D0%B0_%D0%A1%D0%A1%D0%A1%D0%A0_11-%D0%B3%D0%BE_%D1%81%D0%BE%D0%B7%D1%8B%D0%B2%D0%B0,,,"Иван Григорьевич Усубалиев Турдакун Усубалиевич Уткин Владимир Фёдорович Фаградян , Степа Саргисович Фадеев, Александр Николаевич Фадеев, Виктор Сергеевич; 60"
wikipedia_identity,1120,analytics_output/wikipedia_authority_candidates.csv,271,PERS_de59a2bc,Шарыгин Глеб Витальевич,todo,mention_or_search_snippet; candidate,https://ru.wikipedia.org/wiki/%D0%A1%D0%BF%D0%B8%D1%81%D0%BE%D0%BA_%D0%B4%D0%B5%D0%BB%D0%B5%D0%B3%D0%B0%D1%82%D0%BE%D0%B2_XIX_%D0%BA%D0%BE%D0%BD%D1%84%D0%B5%D1%80%D0%B5%D0%BD%D1%86%D0%B8%D0%B8_%D0%9A%D0%9F%D0%A1%D0%A1,,,"Шарипова, Фазолат Шаров, Леонтий Демьянович Шарова, Зинаида Алексеевна Шарыгин , Владимир Александрович Шастин, Сергей Петрович Шаталин, Юрий Васильевич; 60"
wikipedia_identity,1120,analytics_output/wikipedia_authority_candidates.csv,272,PERS_de59a2bc,Шарыгин Глеб Витальевич,todo,mention_or_search_snippet; candidate,https://ru.wikipedia.org/wiki/%D0%A1%D0%BF%D0%B8%D1%81%D0%BE%D0%BA_%D0%B4%D0%B5%D0%BB%D0%B5%D0%B3%D0%B0%D1%82%D0%BE%D0%B2_XXII_%D1%81%D1%8A%D0%B5%D0%B7%D0%B4%D0%B0_%D0%9A%D0%9F%D0%A1%D0%A1,,,"Яковлевич Шакулова, Максат Шамарин, Иван Емельянович Шамонина, Нина Ивановна Шарыгин , Юрий Евгеньевич Шаталин, Григорий Фёдорович Шацкая, Надежда Гавриловна; 60"
wikipedia_identity,1120,analytics_output/wikipedia_authority_candidates.csv,655,PERS_a84aedaa,Шомахмадов Сафарали Хайбуллоевич,todo,no_hit,,,,0
openalex_identity,1130,analytics_output/openalex_author_candidates.csv,113,PERS_f5b8b340,Вигасин Алексей Алексеевич,todo,,https://openalex.org/A5086729729,,,cyrillic_fullname; Вигасин Алексей Алексеевич; 4; 0.2
openalex_identity,1130,analytics_output/openalex_author_candidates.csv,157,PERS_5e2a5a5c,Е. В. Столярова,todo,,https://openalex.org/A5027509224,,,display_name; Е. В. Столярова; 7; 0.3
openalex_identity,1130,analytics_output/openalex_author_candidates.csv,141,PERS_db0a826b,И. Н. Комарова,todo,,https://openalex.org/A5038315745,,,display_name; И. Н. Комарова; 92; 0.3
openalex_identity,1130,analytics_output/openalex_author_candidates.csv,142,PERS_db0a826b,И. Н. Комарова,todo,,https://openalex.org/A5070414082,,,display_name; И. Н. Комарова; 23; 0.3
openalex_identity,1130,analytics_output/openalex_author_candidates.csv,91,PERS_db046be0,Р. Н. Сабирова,todo,,https://openalex.org/A5086397450,,,display_name; Р. Н. Сабирова; 1; 0.0
openalex_identity,1130,analytics_output/openalex_author_candidates.csv,92,PERS_db046be0,Р. Н. Сабирова,todo,,https://openalex.org/A5020151779,,,display_name; Р. Н. Сабирова; 1; 0.0
openalex_identity,1130,analytics_output/openalex_author_candidates.csv,93,PERS_db046be0,Р. Н. Сабирова,todo,,https://openalex.org/A5010598307,,,display_name; Р. Н. Сабирова; 1; 0.0
openalex_identity,1130,analytics_output/openalex_author_candidates.csv,130,PERS_91b473b1,Челнокова Анна Витальевна,todo,,https://openalex.org/A5089071543,,,cyrillic_fullname; Челнокова Анна Витальевна; 3; 0.2
openalex_identity,1130,analytics_output/openalex_author_candidates.csv,131,PERS_91b473b1,Челнокова Анна Витальевна,todo,,https://openalex.org/A5034171902,,,cyrillic_fullname; Челнокова Анна Витальевна; 3; 0.2
openalex_identity,1130,analytics_output/openalex_author_candidates.csv,132,PERS_0665f215,Шохин Владимир Кириллович,todo,,https://openalex.org/A5008259872,,,cyrillic_fullname; Шохин Владимир Кириллович; 20; 0.2
wikipedia_identity,1130,analytics_output/wikipedia_authority_candidates.csv,273,PERS_675f37f0,А. Бабин,todo,mention_or_search_snippet; candidate,https://ru.wikipedia.org/wiki/%D0%91%D0%B0%D0%B1%D0%B8%D0%B9_%D0%AF%D1%80,,,"Ба́бий Яр (укр. Бабин Яр) — урочище в северо-западной части Киева, между районами Лукьяновка и Сырец. Оно находится между улицами Елены Телиги с севера; 60"
wikipedia_identity,1130,analytics_output/wikipedia_authority_candidates.csv,274,PERS_d17a6a92,А. В. Киняева,todo,mention_or_search_snippet; candidate,https://ru.wikipedia.org/wiki/%D0%9A%D0%B8%D0%BD%D1%8F%D0%B5%D0%B2,,,"Киняев — фамилия; имеет женскую форму Киняева . Киняев , Владимир Фёдорович (1929—2006) — советский оперный певец (драматический баритон). Народный артист; 60"
wikipedia_identity,1130,analytics_output/wikipedia_authority_candidates.csv,275,PERS_37c15317,А. Э. Калина,todo,mention_or_search_snippet; candidate,https://ru.wikipedia.org/wiki/%D0%A1%D1%83%D1%85%D0%B0%D0%BD%D0%BE%D0%B2%D0%B0%2C_%D0%9B%D0%B0%D1%80%D0%B8%D1%81%D0%B0_%D0%A4%D1%91%D0%B4%D0%BE%D1%80%D0%BE%D0%B2%D0%BD%D0%B0,,,Криворожского музыкального колледжа Л. А . Красильникова; преподаватели дирижёрского отделения колледжа С. Пикуль и Э . Калина . У Ларисы Сухановой учился Виктор; 60
wikipedia_identity,1130,analytics_output/wikipedia_authority_candidates.csv,276,PERS_37c15317,А. Э. Калина,todo,mention_or_search_snippet; candidate,https://ru.wikipedia.org/wiki/%D0%A8%D1%83%D0%BA%D1%88%D0%B8%D0%BD%2C_%D0%92%D0%B0%D1%81%D0%B8%D0%BB%D0%B8%D0%B9_%D0%9C%D0%B0%D0%BA%D0%B0%D1%80%D0%BE%D0%B2%D0%B8%D1%87,,,"(1965, 1987) Я пришёл дать вам волю (1971) « А поутру они проснулись» (1973—1974) «Точка зрения» « Калина красная» (1973) «Энергичные люди» «Бум бум» (1966); 60"
wikipedia_identity,1130,analytics_output/wikipedia_authority_candidates.csv,277,PERS_f1a308b7,Абинякин Владимир Александрович,todo,mention_or_search_snippet; candidate,https://ru.wikipedia.org/wiki/%D0%94%D0%BE%D0%B1%D1%80%D0%BE%D0%B2%D0%BE%D0%BB%D1%8C%D1%87%D0%B5%D1%81%D0%BA%D0%B0%D1%8F_%D0%B0%D1%80%D0%BC%D0%B8%D1%8F,,,"Хромова С. С.. — М.: Советская энциклопедия, 1987. — С. 193. — 720 с. Абинякин Р. М. Офицерский корпус Добровольческой армии: социальный состав, мировоззрение; 60"
wikipedia_identity,1130,analytics_output/wikipedia_authority_candidates.csv,278,PERS_f1a308b7,Абинякин Владимир Александрович,todo,mention_or_search_snippet; candidate,https://ru.wikipedia.org/wiki/%D0%9A%D0%BE%D1%80%D0%BD%D0%B8%D0%BB%D0%BE%D0%B2%2C_%D0%9B%D0%B0%D0%B2%D1%80_%D0%93%D0%B5%D0%BE%D1%80%D0%B3%D0%B8%D0%B5%D0%B2%D0%B8%D1%87,,,августа 2016 года. Абдиров М. Ж. Генерал Лавр Корнилов. К 85-летию гибели. Абинякин Р. М. [militera.lib.ru/research/0/pdf/abinyakin_rm01.pdf Офицерский корпус; 60
wikipedia_identity,1130,analytics_output/wikipedia_authority_candidates.csv,279,PERS_f1a308b7,Абинякин Владимир Александрович,todo,mention_or_search_snippet; candidate,https://ru.wikipedia.org/wiki/%D0%9B%D0%B0%D1%80%D0%B8%D0%BE%D0%BD%D0%BE%D0%B2%2C_%D0%92%D0%B8%D0%BA%D1%82%D0%BE%D1%80_%D0%90%D0%BB%D0%B5%D0%BA%D1%81%D0%B0%D0%BD%D0%B4%D1%80%D0%BE%D0%B2%D0%B8%D1%87,,,"книгах]. — М.: Айрис-пресс, 2006. — (Белая Россия). — ISBN 5-8112-1890-7. Абинякин Р. М. [militera.lib.ru/research/abinyakin_rm01/index.html Офицерский корпус; 60"
wikipedia_identity,1130,analytics_output/wikipedia_authority_candidates.csv,280,PERS_839d97c7,Б. И. Загумённов,todo,mention_or_search_snippet; candidate,https://ru.wikipedia.org/wiki/%D0%90%D0%BD%D0%B4%D1%80%D0%BE%D1%81%D0%BE%D0%B2%2C_%D0%92%D0%B0%D0%BB%D0%B5%D1%80%D0%B8%D0%B9_%D0%9F%D0%B0%D0%B2%D0%BB%D0%BE%D0%B2%D0%B8%D1%87,,,фонда «Карма Еше Палдрон» Б . И . Загумённов в журнале «Буддизм России» рассмотрел книгу Андросова «Учение Нагарджуны о срединности» и указал на спорные моменты; 60
wikipedia_identity,1130,analytics_output/wikipedia_authority_candidates.csv,281,PERS_2011b78d,Бондарев Алексей Владимирович,todo,mention_or_search_snippet; candidate,https://ru.wikipedia.org/wiki/%D0%9F%D1%80%D0%B5%D1%81%D0%BD%D1%8F%D0%BA%D0%BE%D0%B2%2C_%D0%9D%D0%B8%D0%BA%D0%B8%D1%82%D0%B0_%D0%92%D0%BB%D0%B0%D0%B4%D0%B8%D0%BC%D0%B8%D1%80%D0%BE%D0%B2%D0%B8%D1%87,,,"Никита Владимирович — предки 2008 — Индиго — первый парень, друг Захара. 2010 — Ёлки — таксист Паша Бондарев . 2011 — Ёлки 2 — Паша Бондарев , рядовой; 60"
wikipedia_identity,1130,analytics_output/wikipedia_authority_candidates.csv,282,PERS_7efcddc6,Брылёва Наталья Анатольевна,todo,mention_or_search_snippet; candidate,https://ru.wikipedia.org/wiki/%D0%A1%D0%BF%D0%B8%D1%81%D0%BE%D0%BA_%D0%B7%D0%B0%D1%81%D0%BB%D1%83%D0%B6%D0%B5%D0%BD%D0%BD%D1%8B%D1%85_%D0%B0%D1%80%D1%82%D0%B8%D1%81%D1%82%D0%BE%D0%B2_%D0%A0%D0%BE%D1%81%D1%81%D0%B8%D0%B9%D1%81%D0%BA%D0%BE%D0%B9_%D0%A4%D0%B5%D0%B4%D0%B5%D1%80%D0%B0%D1%86%D0%B8%D0%B8_1997_%D0%B3%D0%BE%D0%B4%D0%B0,,,(1979) Богелава Наталья Владимировна — Старший преподаватель Московской государственной консерватории имени П. И. Чайковского Брылёва Елена Петровна —; 60
wikipedia_identity,1130,analytics_output/wikipedia_authority_candidates.csv,283,PERS_7efcddc6,Брылёва Наталья Анатольевна,todo,mention_or_search_snippet; candidate,https://ru.wikipedia.org/wiki/%D0%A1%D0%BF%D0%B8%D1%81%D0%BE%D0%BA_%D0%B8%D0%B3%D1%80%D0%BE%D0%BA%D0%BE%D0%B2_%D0%96%D0%A4%D0%9A_%D0%A6%D0%A1%D0%9A_%D0%92%D0%92%D0%A1,,,"30 июля 1967 (1967-07-30), защитница, в 1994-1999 гг. провела в ЧР 72 матча Брылёва , Мария Николаевна 25 ноября 1975 (1975-11-25), нападающая, в 2000-2004; 60"
wikipedia_identity,1130,analytics_output/wikipedia_authority_candidates.csv,284,PERS_325e94f3,В. В. Котин,todo,mention_or_search_snippet; candidate,https://ru.wikipedia.org/wiki/%D0%9A-700,,,"мелиоративных, землеройных и других работ. Главный конструктор — Жозеф Котин . В 1961 году для технического переоснащения сельского хозяйства государства; 60"
wikipedia_identity,1130,analytics_output/wikipedia_authority_candidates.csv,285,PERS_85a048b8,В. Л. Денисенко,todo,mention_or_search_snippet; candidate,https://ru.wikipedia.org/wiki/%D0%9D%D0%B0%D0%BA%D0%BB%D1%91%D0%BF,,,"Нагартовка — как заставить металл быть прочнее? // 10 апреля 2020 Шведков Е. Л ., Денисенко Э. Т., Ковенский И. И. Словарь-справочник по порошковой металлургии; 60"
wikipedia_identity,1130,analytics_output/wikipedia_authority_candidates.csv,500,PERS_40375fef,Васильев Алексей Константинович,todo,weak_search_hit; weak_candidate,https://ru.wikipedia.org/wiki/%D0%9C%D0%B0%D0%BA%D0%BB%D0%B0%D0%BA%D0%BE%D0%B2%2C_%D0%90%D0%BB%D0%B5%D0%BA%D1%81%D0%B5%D0%B9_%D0%9A%D0%BE%D0%BD%D1%81%D1%82%D0%B0%D0%BD%D1%82%D0%B8%D0%BD%D0%BE%D0%B2%D0%B8%D1%87,,,"Алексе́й Константи́нович Маклако́в (род. 6 января 1961, Москва, СССР) — советский и российский актёр театра, кино и телевидения, певец; заслуженный артист; 30"
wikipedia_identity,1130,analytics_output/wikipedia_authority_candidates.csv,501,PERS_40375fef,Васильев Алексей Константинович,todo,weak_search_hit; weak_candidate,https://ru.wikipedia.org/wiki/%D0%A2%D0%BE%D0%BB%D1%81%D1%82%D0%BE%D0%B9%2C_%D0%90%D0%BB%D0%B5%D0%BA%D1%81%D0%B5%D0%B9_%D0%9A%D0%BE%D0%BD%D1%81%D1%82%D0%B0%D0%BD%D1%82%D0%B8%D0%BD%D0%BE%D0%B2%D0%B8%D1%87,,,"Граф Алексе́й Константи́нович Толсто́й (24 августа [5 сентября] 1817, Санкт-Петербург — 28 сентября [10 октября] 1875, село Красный Рог, Мглинский уезд; 30"
wikipedia_identity,1130,analytics_output/wikipedia_authority_candidates.csv,286,PERS_e8396809,Вишну Шукла,todo,mention_or_search_snippet; candidate,https://ru.wikipedia.org/wiki/%D0%A2%D1%83%D0%BB%D0%B0%D1%81%D0%B8,,,"туласи и собирать её листья для поклонения Вишну и Кришне. Первое подношение, которое предлагается мурти Вишну в индусских храмах во время утренней пуджи —; 60"
wikipedia_identity,1130,analytics_output/wikipedia_authority_candidates.csv,287,PERS_e4aab278,Возчиков Дмитрий Викторович,todo,mention_or_search_snippet; candidate,https://ru.wikipedia.org/wiki/%D0%9E%D0%BD%D0%B5%D0%B6%D1%81%D0%BA%D0%B8%D0%B9_%D1%82%D1%80%D0%B0%D0%BA%D1%82%D0%BE%D1%80%D0%BD%D1%8B%D0%B9_%D0%B7%D0%B0%D0%B2%D0%BE%D0%B4,,,"На это строительство было привлечено 250 плотников, 1000 землекопов и возчиков из крестьян деревень Лососинное и Машезеро. К концу 1705 года на правом; 60"
wikipedia_identity,1130,analytics_output/wikipedia_authority_candidates.csv,288,PERS_5d52a475,Г. С. Шарыгин,todo,mention_or_search_snippet; candidate,https://ru.wikipedia.org/wiki/%D0%94%D0%B5%D0%BD%D1%8C_%D1%80%D0%B0%D0%B4%D0%B8%D0%BE,,,группой студентов при поддержке декана РТФ ТУСУР Г . С . Шарыгина и ректора ТИАСУР И. Н. Пустынского. С 2001 года праздник получил статус городского мероприятия; 60
wikipedia_identity,1130,analytics_output/wikipedia_authority_candidates.csv,289,PERS_5af1c05a,Г. Стукалин,todo,mention_or_search_snippet; candidate,https://ru.wikipedia.org/wiki/%D0%93%D0%B0%D0%BD%D1%84%D0%B0%D0%B9%D1%82%D0%B5%D1%80,,,"September 22, 2014 Стукалин , Юрий. Первая энциклопедия Дикого Запада - от A до Z. — Эксмо, 2014. — 944 с. — ISBN 978-5-699-67098-7. Стукалин , Юрий. Стрелки; 60"
wikipedia_identity,1130,analytics_output/wikipedia_authority_candidates.csv,290,PERS_5af1c05a,Г. Стукалин,todo,mention_or_search_snippet; candidate,https://ru.wikipedia.org/wiki/%D0%9A%D0%B0%D1%81%D1%82%D0%B5%D1%80%2C_%D0%94%D0%B6%D0%BE%D1%80%D0%B4%D0%B6_%D0%90%D1%80%D0%BC%D1%81%D1%82%D1%80%D0%BE%D0%BD%D0%B3,,,"5-88573-005-9. Стукалин Ю. На просторах прерий. Трубка мира и топор войны. — Москва: «ЭНАС», 2009. — 304 с. — ISBN 978-5-93196-937-4. Стукалин Ю. Энциклопедия; 60"
wikipedia_identity,1130,analytics_output/wikipedia_authority_candidates.csv,291,PERS_e30ad8b7,Гавриков Денис Сергеевич,todo,mention_or_search_snippet; candidate,https://ru.wikipedia.org/wiki/%D0%9D%D0%B5%D0%BA%D1%80%D0%BE%D0%BF%D0%BE%D0%BB%D1%8C_%D1%83_%D0%9A%D1%80%D0%B5%D0%BC%D0%BB%D1%91%D0%B2%D1%81%D0%BA%D0%BE%D0%B9_%D1%81%D1%82%D0%B5%D0%BD%D1%8B,,,"Тимофеев А. Т., Запорожец А. П., Назаров И. А., Усольцев М. Т., Трунов Н. Р., Гавриков Я. В., Владимиров С. В., Инюшев А. А., Неделкин Т. Ф., Тимофеев Г. «Кремлёвцы»:; 60"
wikipedia_identity,1130,analytics_output/wikipedia_authority_candidates.csv,292,PERS_e30ad8b7,Гавриков Денис Сергеевич,todo,mention_or_search_snippet; candidate,https://ru.wikipedia.org/wiki/%D0%9F%D0%BE%D0%B4_%D1%82%D0%BE%D0%BD%D0%BA%D0%BE%D0%B9_%D0%BA%D0%BE%D0%B6%D0%B5%D0%B9,,,"Архивировано 12 марта 2025 года. Гавриков , 2009, p. 72. Кулыгина, 2009, p. 80-81. Круглова, 2009, p. 84. Гавриков , 2009, p. 67. Рок-н-роллер, 1997, p; 60"
wikipedia_identity,1130,analytics_output/wikipedia_authority_candidates.csv,293,PERS_51524b11,Гладкова Анна Геннадьевна,todo,mention_or_search_snippet; candidate,https://ru.wikipedia.org/wiki/%D0%A0%D1%83%D1%81%D0%BB%D0%B0%D0%BD%D0%BE%D0%B2%D0%B0%2C_%D0%9D%D0%B8%D0%BD%D0%B0_%D0%98%D0%B2%D0%B0%D0%BD%D0%BE%D0%B2%D0%BD%D0%B0,,,Шекспира. Постановка Е. Симонова — Хармиана 1972 — «Молодость театра» А. К. Гладкова . Постановка Е. Симонова — Нина Прохорова 1973 — «Женщина за железной двери» —; 60
wikipedia_identity,1130,analytics_output/wikipedia_authority_candidates.csv,294,PERS_51524b11,Гладкова Анна Геннадьевна,todo,mention_or_search_snippet; candidate,https://ru.wikipedia.org/wiki/%D0%A1%D0%B0%D1%80%D0%B0%D1%82%D0%BE%D0%B2%D1%81%D0%BA%D0%B8%D0%B9_%D1%82%D0%B5%D0%B0%D1%82%D1%80_%D0%BE%D0%BF%D0%B5%D1%80%D1%8B_%D0%B8_%D0%B1%D0%B0%D0%BB%D0%B5%D1%82%D0%B0,,,"театр помещика Григория Васильевича Гладкова . Это был театр, в котором играли крепостные актёры. Репертуар театра Гладкова был обширным. В 1806 году в театре; 60"
wikipedia_identity,1130,analytics_output/wikipedia_authority_candidates.csv,295,PERS_44440578,Грановская Хелена,todo,mention_or_search_snippet; candidate,https://ru.wikipedia.org/wiki/%D0%92%D0%B8%D1%88%D0%BD%D1%91%D0%B2%D1%8B%D0%B9_%D1%81%D0%B0%D0%B4,,,"Ленинградский театр «Комедия» (1926; реж. К. П. Хохлов; Раневская — Грановская , Яша — Харламов, Фирс — Надеждин) Нижегородский театр драмы (1929; реж; 60"
wikipedia_identity,1130,analytics_output/wikipedia_authority_candidates.csv,296,PERS_79ed852e,Д. А. Евграфов,todo,mention_or_search_snippet; candidate,https://ru.wikipedia.org/wiki/%D0%92%D0%B0%D1%88%D0%B5_%D0%B1%D0%BB%D0%B0%D0%B3%D0%BE%D1%80%D0%BE%D0%B4%D0%B8%D0%B5%2C_%D0%B3%D0%BE%D1%81%D0%BF%D0%BE%D0%B6%D0%B0_%D1%83%D0%B4%D0%B0%D1%87%D0%B0,,,года. А . Рогова. «Белое солнце пустыни» и «Дерсу Узала»: лучшие песни Исаака Шварца Архивная копия от 12 октября 2019 на Wayback Machine Г. Евграфов . Ваше; 60
wikipedia_identity,1130,analytics_output/wikipedia_authority_candidates.csv,297,PERS_940c556e,Д. А. Шереметьев,todo,mention_or_search_snippet; candidate,https://ru.wikipedia.org/wiki/%D0%A8%D0%B5%D1%80%D0%B5%D0%BC%D0%B5%D1%82%D0%B5%D0%B2%2C_%D0%94%D0%BC%D0%B8%D1%82%D1%80%D0%B8%D0%B9_%D0%A1%D0%B5%D1%80%D0%B3%D0%B5%D0%B5%D0%B2%D0%B8%D1%87,,,"флигель-адъютантов самым близким, как я уже говорил, лицом к Государю был гр. Д . С. Шереметьев , сверстник Государя по детским играм, и однокашник по службе в лейб-гвардии; 60"
wikipedia_identity,1130,analytics_output/wikipedia_authority_candidates.csv,298,PERS_d018b6eb,Д. Валанчюнас,todo,mention_or_search_snippet; candidate,https://ru.wikipedia.org/wiki/%D0%9B%D0%B5%D1%82%D0%BD%D1%8F%D1%8F_%D0%BB%D0%B8%D0%B3%D0%B0_%D0%9D%D0%91%D0%90,,,Йонас Валанчюнас Ц Торонто Рэпторс 2013 США Джереми Лэмб АЗ Оклахома-Сити Тандер 2012 США Дамиан Лиллард РЗ Портленд Трэйл Блэйзерс 2011 н/ д 2010 США; 60
wikipedia_identity,1130,analytics_output/wikipedia_authority_candidates.csv,299,PERS_d018b6eb,Д. Валанчюнас,todo,mention_or_search_snippet; candidate,https://ru.wikipedia.org/wiki/%D0%9F%D0%B0%D1%80%D0%BA%D0%B5%D1%80%2C_%D0%A2%D0%BE%D0%BD%D0%B8,,,Родригес 2005 Лабович 2006 Батюм 2007 Куфос 2008 Мотеюнас 2009 Кантер 2010 Валанчюнас 2011 Абринес 2012 Шарич 2013 Сипахи 2014 Гювен 2015 Харалабопулос 2016; 60
wikipedia_identity,1130,analytics_output/wikipedia_authority_candidates.csv,300,PERS_c2ffc606,Драчук Андрей Олегович,todo,mention_or_search_snippet; candidate,https://ru.wikipedia.org/wiki/%D0%A1%D0%BF%D0%B8%D1%81%D0%BE%D0%BA_%D0%B7%D0%B0%D1%81%D0%BB%D1%83%D0%B6%D0%B5%D0%BD%D0%BD%D1%8B%D1%85_%D0%B0%D1%80%D1%82%D0%B8%D1%81%D1%82%D0%BE%D0%B2_%D0%A0%D0%BE%D1%81%D1%81%D0%B8%D0%B9%D1%81%D0%BA%D0%BE%D0%B9_%D0%A4%D0%B5%D0%B4%D0%B5%D1%80%D0%B0%D1%86%D0%B8%D0%B8_1993_%D0%B3%D0%BE%D0%B4%D0%B0,,,"ансамбля народного танца под руководством Игоря Моисеева, город Москва Драчук Тамара Тимофеевна - Солистка Ивановского музыкального театра Иванов Геннадий; 60"
wikipedia_identity,1130,analytics_output/wikipedia_authority_candidates.csv,301,PERS_c9e43db7,Е. А. Бушуев,todo,mention_or_search_snippet; candidate,https://ru.wikipedia.org/wiki/%D0%92%D0%BE%D1%80%D0%BE%D1%88%D0%B8%D0%BB%D0%BE%D0%B2%2C_%D0%9A%D0%BB%D0%B8%D0%BC%D0%B5%D0%BD%D1%82_%D0%95%D1%84%D1%80%D0%B5%D0%BC%D0%BE%D0%B2%D0%B8%D1%87,,,"Иванов А . М., Червяков В. А . Герои Гражданской войны // Военно-исторический журнал. — 1966. — Апрель (№ 04). — С. 63—72. — ISSN 0321-0626. Бушуев А . С. «Товарищ; 60"
wikipedia_identity,1130,analytics_output/wikipedia_authority_candidates.csv,302,PERS_c9e43db7,Е. А. Бушуев,todo,mention_or_search_snippet; candidate,https://ru.wikipedia.org/wiki/%D0%93%D0%B0%D0%B3%D0%B0%D1%80%D0%B8%D0%BD%2C_%D0%AE%D1%80%D0%B8%D0%B9_%D0%90%D0%BB%D0%B5%D0%BA%D1%81%D0%B5%D0%B5%D0%B2%D0%B8%D1%87,,,"Редколлегия: В. П. Бармин, К. Д. Бушуев , В.С. Верещетин и др. — М.: Советская энциклопедия, 1985. — 528 с. Васильева И. Е . Ю. А . Гагарин у моряков-североморцев (рус; 60"
wikipedia_identity,1130,analytics_output/wikipedia_authority_candidates.csv,303,PERS_4831e64b,Е. Анохина,todo,mention_or_search_snippet; candidate,https://ru.wikipedia.org/wiki/%D0%90%D0%B9%2C_%D0%90%D0%B9%D0%B7%D0%B0-%D0%9B%D0%B8%D0%BB%D1%83%D0%BD%D0%B0_%D0%A5%D0%B0%D0%BC%D0%B7%D0%B0%D1%82%D0%BE%D0%B2%D0%BD%D0%B0,,,"Хамзатовна Ай (при рождении Айза Хамзатовна Вагапова, впоследствии Долматова и Анохина ; род. 10 декабря 1984, Грозный) — российская телеведущая, рэп-исполнительница; 60"
wikipedia_identity,1130,analytics_output/wikipedia_authority_candidates.csv,304,PERS_4831e64b,Е. Анохина,todo,mention_or_search_snippet; candidate,https://ru.wikipedia.org/wiki/%D0%90%D0%BD%D0%BE%D1%85%D0%B8%D0%BD%2C_%D0%9F%D1%91%D1%82%D1%80_%D0%9A%D1%83%D0%B7%D1%8C%D0%BC%D0%B8%D1%87,,,"им. П. К. Анохина РАМН), на одном из его зданий (Москва, Моховая улица, дом 4, строение 11) установлена мемориальная доска. Именем Анохина в 1980 году; 60"
wikipedia_identity,1130,analytics_output/wikipedia_authority_candidates.csv,305,PERS_14dec06b,Е. Б. Кудрявцева,todo,mention_or_search_snippet; candidate,https://ru.wikipedia.org/wiki/%D0%98%D0%B4%D0%B8%D0%BE%D1%82_%28%D1%82%D0%B5%D0%BB%D0%B5%D1%81%D0%B5%D1%80%D0%B8%D0%B0%D0%BB%2C_2003%29,,,"от 3 марта 2025 на Wayback Machine // ЖЖ «kinanet» кинокритика Сергея Кудрявцева , 16 сентября 2012 «Идиот» (2003) (рус.). сайт «Энциклопедия отечественного; 60"
wikipedia_identity,1130,analytics_output/wikipedia_authority_candidates.csv,306,PERS_04a4bbbb,Е. И. Малоземова,todo,mention_or_search_snippet; candidate,https://ru.wikipedia.org/wiki/%D0%9C%D0%B0%D0%BB%D0%BE%D0%B7%D1%91%D0%BC%D0%BE%D0%B2%D0%B0%2C_%D0%A1%D0%BE%D1%84%D0%B8%D1%8F_%D0%90%D0%BB%D0%B5%D0%BA%D1%81%D0%B0%D0%BD%D0%B4%D1%80%D0%BE%D0%B2%D0%BD%D0%B0,,,"Селиверстова Н. Б. Малозёмова , Софья Александровна (1845–1908) : Кафедра специального фортепиано, Профессор (рус.). conservatory.ru (2012). Малоземова Софья Александровна; 60"
wikipedia_identity,1130,analytics_output/wikipedia_authority_candidates.csv,307,PERS_e8f935aa,Е. К. Кудрявцева,todo,mention_or_search_snippet; candidate,https://ru.wikipedia.org/wiki/%D0%9A%D1%83%D0%B4%D1%80%D1%8F%D0%B2%D1%86%D0%B5%D0%B2%D1%8B,,,"Семёна Кудрявцева , получившего 16 июля 1506 года грамоту на поместье в Тверском уезде (в гербовник не внесены). Потомки Степана Борисовича Кудрявцева , жившего; 60"
wikipedia_identity,1130,analytics_output/wikipedia_authority_candidates.csv,308,PERS_5d38cbae,Е. Н. Аникеева,todo,mention_or_search_snippet; candidate,https://ru.wikipedia.org/wiki/%D0%90%D0%BD%D0%B8%D0%BA%D0%B5%D0%B5%D0%B2%D0%BE,,,"Слобода Аникеева (1793), д. Аникеева , Апехтина тож (1892), д. Обехтина (1894), д. Аникеева (сельцо Новинское) или д. Апехтина (1897), д. Аникеева (Апехтина; 60"
wikipedia_identity,1130,analytics_output/wikipedia_authority_candidates.csv,309,PERS_5d38cbae,Е. Н. Аникеева,todo,mention_or_search_snippet; candidate,https://ru.wikipedia.org/wiki/%D0%92%D0%B0%D0%B4%D0%B6%D1%80%D0%B0%D1%8F%D0%BD%D0%B0,,,"редактор), В. Г. Лысенко (заместитель ответственного редактора), С. М. Аникеева , Л. Б. Карелова, А. И. Кобзев, А. В. Никитин, ст. A.A. Терентьева / 2011 г; 60"
wikipedia_identity,1130,analytics_output/wikipedia_authority_candidates.csv,310,PERS_5d38cbae,Е. Н. Аникеева,todo,mention_or_search_snippet; candidate,https://ru.wikipedia.org/wiki/%D0%92%D0%BE%D0%BB%D0%BE%D0%BD%D1%82%D1%91%D1%80%D1%81%D1%82%D0%B2%D0%BE,,,Виктория Аникеева — Как волонтёры становятся бывшими — Наследник . Дата обращения: 30 октября 2018. Архивировано 31 октября 2018 года. Шекова Е . Добровольческие; 60
wikipedia_identity,1130,analytics_output/wikipedia_authority_candidates.csv,311,PERS_3f406fe3,Е. Р. Кравцова,todo,mention_or_search_snippet; candidate,https://ru.wikipedia.org/wiki/%D0%9A%D1%80%D0%B0%D0%B2%D1%86%D0%BE%D0%B2%2C_%D0%A1%D0%B5%D1%80%D0%B3%D0%B5%D0%B9_%D0%A1%D0%B5%D1%80%D0%B3%D0%B5%D0%B5%D0%B2%D0%B8%D1%87,,,конкурсному отбору в 10- е классы в некоторых регионах. Вызывают вопросы и методы работы министерства. Несмотря на летние заверения Кравцова 2025 года о добровольности; 60
wikipedia_identity,1130,analytics_output/wikipedia_authority_candidates.csv,312,PERS_3f406fe3,Е. Р. Кравцова,todo,mention_or_search_snippet; candidate,https://ru.wikipedia.org/wiki/%D0%9C%D0%B5%D0%BA%D0%BB%D0%B8%D0%BD%2C_%D0%9D%D0%B0%D1%82%D0%B0%D0%BB%D1%8C%D1%8F_%D0%A4%D1%91%D0%B4%D0%BE%D1%80%D0%BE%D0%B2%D0%BD%D0%B0,,,"Наталья Фёдоровна Ме́клин (по мужу — Кравцова ; 8 сентября 1922, Лубны, Полтавская губерния — 5 июня 2005, Москва) — гвардии майор, писательница, Герой; 60"
wikipedia_identity,1130,analytics_output/wikipedia_authority_candidates.csv,313,PERS_3f406fe3,Е. Р. Кравцова,todo,mention_or_search_snippet; candidate,https://ru.wikipedia.org/wiki/%D0%9C%D0%BE%D0%BB%D1%87%D0%B0%D0%BD%D0%BE%D0%B2%2C_%D0%9A%D0%B8%D1%80%D0%B8%D0%BB%D0%BB_%D0%92%D0%BB%D0%B0%D0%B4%D0%B8%D0%BC%D0%B8%D1%80%D0%BE%D0%B2%D0%B8%D1%87,,,"Сикора, Тамара Кравцова (свыше 30), в том числе: Мария Стюарт Ф. Шиллера (МХАТ, 1956) Три толстяка Ю. К. Олеши (МХАТ, 1961) Кола Брюньон Р . Роллана (МХАТ; 60"
wikipedia_identity,1130,analytics_output/wikipedia_authority_candidates.csv,314,PERS_2f26a47a,Елизаренкова Татьяна Яковлевна,todo,mention_or_search_snippet; candidate,https://ru.wikipedia.org/wiki/%D0%91%D0%B8%D1%82%D0%B2%D0%B0_%D0%B4%D0%B5%D1%81%D1%8F%D1%82%D0%B8_%D1%86%D0%B0%D1%80%D0%B5%D0%B9,,,"родственное скифам племя саков из северо-западного Афганистана. Татьяна Яковлевна Елизаренкова , Григорий Максимович Бонгард-Левин. Ригведа: избранные гимны; 60"
wikipedia_identity,1130,analytics_output/wikipedia_authority_candidates.csv,502,PERS_38c5f03f,Железнова Наталья Анатольевна,todo,weak_search_hit; weak_candidate,https://ru.wikipedia.org/wiki/%D0%9F%D0%B0%D1%82%D1%80%D0%B0%D0%BA%D0%BE%D0%B2%D0%B0%2C_%D0%98%D1%80%D0%B8%D0%BD%D0%B0_%D0%90%D0%BD%D0%B0%D1%82%D0%BE%D0%BB%D1%8C%D0%B5%D0%B2%D0%BD%D0%B0,,,"Ирина Анатольевна Патракова (род. 3 июня 1978 (1978-06-03), Курган, РСФСР, СССР) — российская актриса театра и кино, чтец аудиокниг. С 2004 года — актриса; 30"
wikipedia_identity,1130,analytics_output/wikipedia_authority_candidates.csv,503,PERS_38c5f03f,Железнова Наталья Анатольевна,todo,weak_search_hit; weak_candidate,https://ru.wikipedia.org/wiki/%D0%A1%D0%BF%D0%B8%D1%81%D0%BE%D0%BA_%C2%AB%D0%B8%D0%BD%D0%BE%D1%81%D1%82%D1%80%D0%B0%D0%BD%D0%BD%D1%8B%D1%85_%D0%B0%D0%B3%D0%B5%D0%BD%D1%82%D0%BE%D0%B2%C2%BB_%28%D0%A0%D0%BE%D1%81%D1%81%D0%B8%D1%8F%29,,,Дмитрий Анатольевич журналист 17.04.2026 1185 Гоголева Наталья Юрьевна активистка под псевдонимом « Наталья Касимова» 24.04.2026 1186 Мамин Юрий Борисович режиссёр; 30
wikipedia_identity,1130,analytics_output/wikipedia_authority_candidates.csv,504,PERS_38c5f03f,Железнова Наталья Анатольевна,todo,weak_search_hit; weak_candidate,https://ru.wikipedia.org/wiki/%D0%A4%D0%B8%D0%BB%D0%B8%D0%BF%D0%BF%D0%BE%D0%B2%D0%B0%2C_%D0%9E%D0%BB%D1%8C%D0%B3%D0%B0_%D0%90%D0%BB%D0%B5%D0%BA%D1%81%D0%B0%D0%BD%D0%B4%D1%80%D0%BE%D0%B2%D0%BD%D0%B0,,,"Простая жизнь — Наталья 2013 — Бывших не бывает — Нина 2014 — Отец Матвей — Ева Юрьева, адвокат 2015 — Анна (Анна. Жена егеря) — Елена Анатольевна Стрельникова; 30"
wikipedia_identity,1130,analytics_output/wikipedia_authority_candidates.csv,505,PERS_f56c5a7e,Жукова Любовь Евгеньевна,todo,weak_search_hit; weak_candidate,https://ru.wikipedia.org/wiki/%D0%A2%D0%BE%D0%BB%D0%BA%D0%B0%D0%BB%D0%B8%D0%BD%D0%B0%2C_%D0%9B%D1%8E%D0%B1%D0%BE%D0%B2%D1%8C_%D0%9D%D0%B8%D0%BA%D0%BE%D0%BB%D0%B0%D0%B5%D0%B2%D0%BD%D0%B0,,,"Слаповский («Современный театр антрепризы», реж. П. Урсул) — Ольга Евгеньевна 2012 — « Любовь в двух действиях» (Театр «Модернъ», реж. А. Максимов) — Она 2012 —; 30"
wikipedia_identity,1130,analytics_output/wikipedia_authority_candidates.csv,315,PERS_36c30cf9,Загорулько Андрей Владиславович,todo,mention_or_search_snippet; candidate,https://ru.wikipedia.org/wiki/%D0%A1%D0%BF%D0%B8%D1%81%D0%BE%D0%BA_%D0%BA%D0%B0%D0%B2%D0%B0%D0%BB%D0%B5%D1%80%D0%BE%D0%B2_%D0%BE%D1%80%D0%B4%D0%B5%D0%BD%D0%B0_%D0%90%D0%BB%D0%B5%D0%BA%D1%81%D0%B0%D0%BD%D0%B4%D1%80%D0%B0_%D0%9D%D0%B5%D0%B2%D1%81%D0%BA%D0%BE%D0%B3%D0%BE_%28%D0%A0%D0%BE%D1%81%D1%81%D0%B8%D0%B9%D1%81%D0%BA%D0%B0%D1%8F_%D0%A4%D0%B5%D0%B4%D0%B5%D1%80%D0%B0%D1%86%D0%B8%D1%8F%29,,,"совета директоров открытого акционерного общества «РТИ», город Москва. Загорулько , Максим Матвеевич (25 октября 2014 года, № 680) — советник ректора федерального; 60"
wikipedia_identity,1130,analytics_output/wikipedia_authority_candidates.csv,316,PERS_36c30cf9,Загорулько Андрей Владиславович,todo,mention_or_search_snippet; candidate,https://ru.wikipedia.org/wiki/%D0%A3%D0%BC%D0%B5%D1%80%D1%88%D0%B8%D0%B5_%D0%B2_%D1%84%D0%B5%D0%B2%D1%80%D0%B0%D0%BB%D0%B5_2021_%D0%B3%D0%BE%D0%B4%D0%B0,,,"Ренье (79) — американский антивоенный активист, член «чикагской семёрки». Загорулько , Максим Матвеевич (96) — советский и российский деятель науки, участник; 60"
wikipedia_identity,1130,analytics_output/wikipedia_authority_candidates.csv,317,PERS_36c30cf9,Загорулько Андрей Владиславович,todo,mention_or_search_snippet; candidate,https://ru.wikipedia.org/wiki/%D0%A6%D0%B8%D1%82%D0%B0%D0%B4%D0%B5%D0%BB%D1%8C_%28%D0%9C%D0%B0%D0%BD%D0%B3%D1%83%D0%BF%29,,,"диссертации кандидата исторических наук). Керамика, 2001, стр. 128. Загорулько Андрей Владиславович . Местонахождение как объект археологического наследия // Журнал; 60"
wikipedia_identity,1130,analytics_output/wikipedia_authority_candidates.csv,318,PERS_94f33410,Застрожнова Евгения Григорьевна,todo,mention_or_search_snippet; candidate,https://ru.wikipedia.org/wiki/%D0%92%D0%B5%D1%80%D0%B5%D0%B1%D1%80%D1%8E%D1%81%D0%BE%D0%B2%2C_%D0%A1%D1%82%D0%B5%D0%BF%D0%B0%D0%BD_%D0%98%D0%B2%D0%B0%D0%BD%D0%BE%D0%B2%D0%B8%D1%87,,,: диссертация … кандидата исторических наук : 07.00.06 / Застрожнова Евгения Григорьевна ; [Место защиты: Ин-т истории матер. культуры РАН]. — Санкт-Петербург; 60
wikipedia_identity,1130,analytics_output/wikipedia_authority_candidates.csv,319,PERS_94f33410,Застрожнова Евгения Григорьевна,todo,mention_or_search_snippet; candidate,https://ru.wikipedia.org/wiki/%D0%9C%D0%B8%D0%BB%D1%8E%D0%BA%D0%BE%D0%B2%2C_%D0%90%D0%BB%D0%B5%D0%BA%D1%81%D0%B0%D0%BD%D0%B4%D1%80_%D0%9F%D0%B5%D1%82%D1%80%D0%BE%D0%B2%D0%B8%D1%87,,,"1972—1990, Том XXV, с. 368. Достоевский, 1972—1990, Том XXV, с. 367. Застрожнова Е. М. «Маленький человек» в свете христианской традиции (от Гоголя к; 60"
wikipedia_identity,1130,analytics_output/wikipedia_authority_candidates.csv,320,PERS_c5aeda15,И. А. Урнова,todo,mention_or_search_snippet; candidate,https://ru.wikipedia.org/wiki/%D0%91%D0%B5%D0%BB%D0%BA%D0%BE%D0%B2%D1%81%D0%BA%D0%B8%D0%B9%2C_%D0%A1%D1%82%D0%B0%D0%BD%D0%B8%D1%81%D0%BB%D0%B0%D0%B2_%D0%90%D0%BB%D0%B5%D0%BA%D1%81%D0%B0%D0%BD%D0%B4%D1%80%D0%BE%D0%B2%D0%B8%D1%87,,,"«ЮКОС» и арестом Платона Лебедева. Несмотря на то, что в обсуждении доклада участвовало 20 экспертов СНС, включая политологов М. Ю. Урнова и С. А . Маркова; 60"
wikipedia_identity,1130,analytics_output/wikipedia_authority_candidates.csv,321,PERS_c5aeda15,И. А. Урнова,todo,mention_or_search_snippet; candidate,https://ru.wikipedia.org/wiki/%D0%A2%D0%B5%D0%BA%D0%BA%D0%B5%D1%80%D0%B5%D0%B9%2C_%D0%A3%D0%B8%D0%BB%D1%8C%D1%8F%D0%BC_%D0%9C%D0%B5%D0%B9%D0%BA%D0%BF%D0%B8%D1%81,,,"А . Аникста, М. Лорие и М. Урнова . — 544 с. IV том. — Ярмарка тщеславия: Роман. — Пер. с англ. По общей редакцией А . Аникста, М. Лорие и М. Урнова .;; 60"
wikipedia_identity,1130,analytics_output/wikipedia_authority_candidates.csv,322,PERS_c5aeda15,И. А. Урнова,todo,mention_or_search_snippet; candidate,https://ru.wikipedia.org/wiki/%D0%A3%D1%80%D0%BD%D0%BE%D0%B2%2C_%D0%9C%D0%B0%D1%80%D0%BA_%D0%AE%D1%80%D1%8C%D0%B5%D0%B2%D0%B8%D1%87,,,"Ю. Урнова Из интервью «Эхо Москвы» 16 июня 2009 Помощь по воспроизведению файла Марк Ю́рьевич Урно́в (род. 12 мая 1947, Москва, СССР) — советский и российский; 60"
wikipedia_identity,1130,analytics_output/wikipedia_authority_candidates.csv,323,PERS_a4c4c35e,И. В. Калинина,todo,mention_or_search_snippet; candidate,https://ru.wikipedia.org/wiki/%D0%9A%D0%B0%D0%BB%D0%B8%D0%BD%D0%B8%D0%BD%2C_%D0%9C%D0%B8%D1%85%D0%B0%D0%B8%D0%BB_%D0%98%D0%B2%D0%B0%D0%BD%D0%BE%D0%B2%D0%B8%D1%87,,,"рабочим посёлком имени М. И . Калинина . На момент смерти Калинина на карте страны уже были посёлок Калининец под Москвой, Калининаул и другие населённые пункты; 60"
wikipedia_identity,1130,analytics_output/wikipedia_authority_candidates.csv,324,PERS_ac7e1d48,И. Рыжакова,todo,mention_or_search_snippet; candidate,https://ru.wikipedia.org/wiki/%D0%95%D1%84%D1%80%D0%B5%D0%BC%D0%BE%D0%B2%2C_%D0%9D%D0%B8%D0%BA%D0%B8%D1%82%D0%B0_%D0%9C%D0%B8%D1%85%D0%B0%D0%B9%D0%BB%D0%BE%D0%B2%D0%B8%D1%87,,,спектакле «Горе от ума» (по пьесе А. С. Грибоедова) режиссёра Виктора Рыжакова . Все роли в спектакле исполняли выпускники актёрского курса Константина; 60
wikipedia_identity,1130,analytics_output/wikipedia_authority_candidates.csv,325,PERS_ac7e1d48,И. Рыжакова,todo,mention_or_search_snippet; candidate,https://ru.wikipedia.org/wiki/%D0%9A%D0%BE%D0%BD%D1%81%D1%82%D0%B0%D0%BD%D1%82%D0%B8%D0%BD%D0%BE%D0%B2%D0%B0%2C_%D0%9B%D1%8E%D0%B1%D0%BE%D0%B2%D1%8C_%D0%90%D0%BD%D0%B4%D1%80%D0%B5%D0%B5%D0%B2%D0%BD%D0%B0,,,"обучение в школу-студию МХАТ, на курс Виктора Рыжакова , однако через год вернулась в Северную столицу и была зачислена в Российский государственный институт; 60"
wikipedia_identity,1130,analytics_output/wikipedia_authority_candidates.csv,326,PERS_ac7e1d48,И. Рыжакова,todo,mention_or_search_snippet; candidate,https://ru.wikipedia.org/wiki/%D0%A1%D0%BE%D0%B2%D1%80%D0%B5%D0%BC%D0%B5%D0%BD%D0%BD%D0%B8%D0%BA_%28%D1%82%D0%B5%D0%B0%D1%82%D1%80%29,,,"Рыжакова // РИА «Новости», 9 января 2020 г. Архивная копия от 10 января 2020 на Wayback Machine Власти Москвы сменили руководство «Гоголь-центра» и «Современника»; 60"
wikipedia_identity,1130,analytics_output/wikipedia_authority_candidates.csv,327,PERS_7853fddb,И. Урнова,todo,mention_or_search_snippet; candidate,https://ru.wikipedia.org/wiki/%D0%9A%D0%B0%D1%82%D1%80%D0%B8%D0%BE%D0%BD%D0%B0_%28%D1%80%D0%BE%D0%BC%D0%B0%D0%BD%29,,,"сравнению с первой частью дилогии и пишет о компромиссах автора «со вкусом широкой публики». По мнению Дмитрия Урнова , по последним главам «Катрионы» заметно; 60"
wikipedia_identity,1130,analytics_output/wikipedia_authority_candidates.csv,328,PERS_7853fddb,И. Урнова,todo,mention_or_search_snippet; candidate,https://ru.wikipedia.org/wiki/%D0%A2%D0%B5%D0%BA%D0%BA%D0%B5%D1%80%D0%B5%D0%B9%2C_%D0%A3%D0%B8%D0%BB%D1%8C%D1%8F%D0%BC_%D0%9C%D0%B5%D0%B9%D0%BA%D0%BF%D0%B8%D1%81,,,"Аникста, М. Лорие и М. Урнова . — 544 с. IV том. — Ярмарка тщеславия: Роман. — Пер. с англ. По общей редакцией А. Аникста, М. Лорие и М. Урнова .; Послесл. А; 60"
wikipedia_identity,1130,analytics_output/wikipedia_authority_candidates.csv,329,PERS_7853fddb,И. Урнова,todo,mention_or_search_snippet; candidate,https://ru.wikipedia.org/wiki/%D0%A3%D1%80%D0%BD%D0%BE%D0%B2%2C_%D0%9C%D0%B0%D1%80%D0%BA_%D0%AE%D1%80%D1%8C%D0%B5%D0%B2%D0%B8%D1%87,,,"Ю. Урнова Из интервью «Эхо Москвы» 16 июня 2009 Помощь по воспроизведению файла Марк Ю́рьевич Урно́в (род. 12 мая 1947, Москва, СССР) — советский и российский; 60"
wikipedia_identity,1130,analytics_output/wikipedia_authority_candidates.csv,330,PERS_f1f2471d,Игнатова Мария Михайловна,todo,mention_or_search_snippet; candidate,https://ru.wikipedia.org/wiki/%D0%91%D1%83%D0%BB%D0%B3%D0%B0%D0%BA%D0%BE%D0%B2%2C_%D0%9C%D0%B8%D1%85%D0%B0%D0%B8%D0%BB_%D0%90%D1%84%D0%B0%D0%BD%D0%B0%D1%81%D1%8C%D0%B5%D0%B2%D0%B8%D1%87,,,"сочинений. В 5 т. Т. 4. — М.: Художественная литература, 1990. — С. 665—667. Игнатова М. В. Орловские корни Михаила Булгакова (к 130-летию со дня рождения писателя) //; 60"
wikipedia_identity,1130,analytics_output/wikipedia_authority_candidates.csv,331,PERS_c582889e,Иткин Илья Борисович,todo,mention_or_search_snippet; candidate,https://ru.wikipedia.org/wiki/%D0%9B%D0%B5%D1%82%D0%BD%D1%8F%D1%8F_%D1%8D%D0%BA%D0%BE%D0%BB%D0%BE%D0%B3%D0%B8%D1%87%D0%B5%D1%81%D0%BA%D0%B0%D1%8F_%D1%88%D0%BA%D0%BE%D0%BB%D0%B0,,,"последние годы проходят на базе общежития МГУ в наукограде Пущино. Иткин , Илья Борисович Летняя школа (проект) Красноярская летняя школа Кировская Летняя; 60"
wikipedia_identity,1130,analytics_output/wikipedia_authority_candidates.csv,332,PERS_045c435e,К. Джункова,todo,mention_or_search_snippet; candidate,https://ru.wikipedia.org/wiki/%D0%91%D0%B5%D0%BB%D0%BE%D0%BA%D1%80%D1%8B%D0%BB%D0%BE%D0%B2%2C_%D0%98%D0%B2%D0%B0%D0%BD_%D0%90%D0%BB%D0%B5%D0%BA%D1%81%D0%B0%D0%BD%D0%B4%D1%80%D0%BE%D0%B2%D0%B8%D1%87,,,"памяти; Серые дни; Хозяин; Ода поэту Ристо Василевскому; Гроза) Катарина Джункова , род. в 1987 (Окоём) Хорватская поэзия Звонимир Голоб (Горлицы в лесу;; 60"
wikipedia_identity,1130,analytics_output/wikipedia_authority_candidates.csv,333,PERS_300654cc,К. Маретина,todo,mention_or_search_snippet; candidate,https://ru.wikipedia.org/wiki/%D0%A2%D0%B0%D0%B3%D0%B0%D0%BB%D1%8B,,,"Народы Филиппин // Народы Юго-Восточной Азии / Под ред. А. А. Губера, Ю. В. Маретина , Д. Д. Тумаркина, Н. Н. Чебоксарова. — М.: Наука, 1966. — С. 641—692. —; 60"
wikipedia_identity,1130,analytics_output/wikipedia_authority_candidates.csv,334,PERS_fe03c926,Карышева Ирина Александровна,todo,mention_or_search_snippet; candidate,https://ru.wikipedia.org/wiki/%D0%93%D0%B0%D1%80%D0%B8%D0%BD-%D0%9C%D0%B8%D1%85%D0%B0%D0%B9%D0%BB%D0%BE%D0%B2%D1%81%D0%BA%D0%B8%D0%B9%2C_%D0%9D%D0%B8%D0%BA%D0%BE%D0%BB%D0%B0%D0%B9_%D0%93%D0%B5%D0%BE%D1%80%D0%B3%D0%B8%D0%B5%D0%B2%D0%B8%D1%87,,,"появления в «Русском богатстве» очередной нелепой статьи экономиста-статистика Карышева , выступавшего за сохранение общины, Михайловский написал одному из ведущих; 60"
wikipedia_identity,1130,analytics_output/wikipedia_authority_candidates.csv,335,PERS_467d4dbb,Клебанов Андрей Александрович,todo,mention_or_search_snippet; candidate,https://ru.wikipedia.org/wiki/%D0%A3%D0%B1%D0%BE%D0%B9%D0%BD%D0%B0%D1%8F_%D1%81%D0%B8%D0%BB%D0%B0,,,"Андрей Макаров, Виктор Новожилов, Валерий Мартынов, Андрей Воробьёв, Илья Дёмин, Игорь Клебанов Композиторы: Игорь Матвиенко, Владислав Панченко, Станислав; 60"
wikipedia_identity,1130,analytics_output/wikipedia_authority_candidates.csv,506,PERS_3009a9e0,Коган Антон Ильич,todo,weak_search_hit; weak_candidate,https://ru.wikipedia.org/wiki/%D0%A1%D0%BF%D0%B8%D1%81%D0%BE%D0%BA_%D0%B4%D0%B5%D0%BB%D0%B5%D0%B3%D0%B0%D1%82%D0%BE%D0%B2_XVII_%D1%81%D1%8A%D0%B5%D0%B7%D0%B4%D0%B0_%D0%92%D0%9A%D0%9F%28%D0%B1%29,,,"Бычков, Евграф Яковлевич Вайнер, Леонид Яковлевич Вайнов, Антон Романович Вайнштейн, Зимель Ильич Вайшля, Иосиф Станиславович Валкин, Ефим Маркович Вальден; 30"
wikipedia_identity,1130,analytics_output/wikipedia_authority_candidates.csv,336,PERS_af811d47,Корнеева Татьяна Георгиевна,todo,mention_or_search_snippet; candidate,https://ru.wikipedia.org/wiki/%D0%90%D1%80%D0%BE%D0%BD%D0%BE%D0%B2%D0%B0%2C_%D0%9C%D0%B0%D1%80%D0%B8%D1%8F_%D0%92%D0%B0%D0%BB%D0%B5%D1%80%D1%8C%D0%B5%D0%B2%D0%BD%D0%B0,,,"Московские окна — Евгения Корнеева 2001 — Мамука 2001 — Остановка по требованию 2 2002 — Бригада — Екатерина Николаевна, сестра Татьяны Николаевны, тётя Саши; 60"
wikipedia_identity,1130,analytics_output/wikipedia_authority_candidates.csv,337,PERS_6f89f9c1,Крючкова Евгения Родионовна,todo,mention_or_search_snippet; candidate,https://ru.wikipedia.org/wiki/%D0%A2%D0%B0%D0%BD%D0%B8%D1%87%2C_%D0%9C%D0%B8%D1%85%D0%B0%D0%B8%D0%BB_%D0%98%D1%81%D0%B0%D0%B5%D0%B2%D0%B8%D1%87,,,белое» из т/ф «Большая перемена» (муз. Э. Колмановского) — исп. Светлана Крючкова «Чёрные пальчики» (муз. С. Коржукова) — исп. группа «Лесоповал» «Чёрный; 60
wikipedia_identity,1130,analytics_output/wikipedia_authority_candidates.csv,338,PERS_29607432,Лапшин Иван Евгеньевич,todo,mention_or_search_snippet; candidate,https://ru.wikipedia.org/wiki/%D0%90%D0%BD%D1%82%D0%B8-%D0%9B%D0%93%D0%91%D0%A2-%D1%80%D0%B8%D1%82%D0%BE%D1%80%D0%B8%D0%BA%D0%B0,,,"Академический проект, 2004 — С. 223. Кортунов Вадим Вадимович, Лапшин Иван Евгеньевич , Зорина Наталья Михайловна, Краснова Ольга Николаевна, Киреенкова; 60"
wikipedia_identity,1130,analytics_output/wikipedia_authority_candidates.csv,339,PERS_29607432,Лапшин Иван Евгеньевич,todo,mention_or_search_snippet; candidate,https://ru.wikipedia.org/wiki/%D0%9A%D1%83%D0%B7%D0%BD%D0%B5%D1%86%D0%BE%D0%B2%2C_%D0%AE%D1%80%D0%B8%D0%B9_%D0%90%D0%BB%D0%B5%D0%BA%D1%81%D0%B0%D0%BD%D0%B4%D1%80%D0%BE%D0%B2%D0%B8%D1%87_%28%D0%B0%D0%BA%D1%82%D1%91%D1%80%29,,,"(1985) Семёна Арановича, а также в фильмах Алексея Германа «Мой друг Иван Лапшин » (1984) и Александра Прошкина «Холодное лето пятьдесят третьего» (1987); 60"
wikipedia_identity,1130,analytics_output/wikipedia_authority_candidates.csv,340,PERS_07adc1e6,Лейтан Эдгар Зигфридович,todo,mention_or_search_snippet; candidate,https://ru.wikipedia.org/wiki/%D0%93%D0%BE%D0%BF%D0%B8%D0%BD%D0%B0%D1%82%D1%85_%D0%9A%D0%B0%D0%B2%D0%B8%D1%80%D0%B0%D0%B4%D0%B6,,,"LIBRIS — Национальная библиотека Швеции, 2012. Санскритолог Лейтан , Эдгар Зигфридович . Сведения о традиционных индийских пандитах (2) (рус.). Личный; 60"
wikipedia_identity,1130,analytics_output/wikipedia_authority_candidates.csv,341,PERS_07adc1e6,Лейтан Эдгар Зигфридович,todo,mention_or_search_snippet; candidate,https://ru.wikipedia.org/wiki/%D0%A8%D1%80%D0%B8_%D0%90%D0%BD%D0%B0%D0%BD%D0%B4%D0%B0%D0%BC%D0%B0%D0%B9%D0%B8_%D0%9C%D0%B0,,,"Oxford University Press, 1999. — ISBN 0-19-511647-X. Санскритолог Лейтан , Эдгар Зигфридович . Сведения о традиционных индийских пандитах (2) (рус.). Личный; 60"
wikipedia_identity,1130,analytics_output/wikipedia_authority_candidates.csv,342,PERS_ddb70dc9,М. А. Азаркина,todo,mention_or_search_snippet; candidate,https://ru.wikipedia.org/wiki/125-%D0%B9_%D0%B3%D0%B2%D0%B0%D1%80%D0%B4%D0%B5%D0%B9%D1%81%D0%BA%D0%B8%D0%B9_%D0%B1%D0%BE%D0%BC%D0%B1%D0%B0%D1%80%D0%B4%D0%B8%D1%80%D0%BE%D0%B2%D0%BE%D1%87%D0%BD%D1%8B%D0%B9_%D0%B0%D0%B2%D0%B8%D0%B0%D1%86%D0%B8%D0%BE%D0%BD%D0%BD%D1%8B%D0%B9_%D0%BF%D0%BE%D0%BB%D0%BA,,,"подвиг гвардии мл. лейтенант Т. М . Маслова была награждена орденом Красной Звезды, а гвардии мл. лейтенант Е. В. Азаркина — орденом Славы III степени. 17; 60"
wikipedia_identity,1130,analytics_output/wikipedia_authority_candidates.csv,343,PERS_57082cac,М. А. Овчинникова,todo,mention_or_search_snippet; candidate,https://ru.wikipedia.org/wiki/%D0%9E%D0%B2%D1%87%D0%B8%D0%BD%D0%BD%D0%B8%D0%BA%D0%BE%D0%B2%2C_%D0%92%D0%BB%D0%B0%D0%B4%D0%B8%D0%BC%D0%B8%D1%80_%D0%90%D0%BB%D0%B5%D0%BA%D1%81%D0%B0%D0%BD%D0%B4%D1%80%D0%BE%D0%B2%D0%B8%D1%87_%28%D1%85%D1%83%D0%B4%D0%BE%D0%B6%D0%BD%D0%B8%D0%BA%29,,,Параллельный Боровск. Овчинников . Дата обращения: 4 декабря 2016. Архивировано 20 декабря 2016 года. Выставка Владимира Овчинникова в Москве 2018. Боровск —; 60
wikipedia_identity,1130,analytics_output/wikipedia_authority_candidates.csv,344,PERS_57082cac,М. А. Овчинникова,todo,mention_or_search_snippet; candidate,https://ru.wikipedia.org/wiki/%D0%9F%D0%B0%D1%80%D1%81%D1%83%D0%BD%D0%B0,,,"составленного И. М . Снегирёвым, есть очерк, который является первым опытом обобщения материалов по истории русского портрета. Как считает Е. С. Овчинникова , именно; 60"
wikipedia_identity,1130,analytics_output/wikipedia_authority_candidates.csv,345,PERS_d851ac20,М. В. Вершинина,todo,mention_or_search_snippet; candidate,https://ru.wikipedia.org/wiki/%D0%92%D0%B5%D1%80%D1%88%D0%B8%D0%BD%D0%B8%D0%BD%2C_%D0%9A%D0%BE%D0%BD%D1%81%D1%82%D0%B0%D0%BD%D1%82%D0%B8%D0%BD_%D0%90%D0%BD%D0%B4%D1%80%D0%B5%D0%B5%D0%B2%D0%B8%D1%87,,,России: Маршала Вершинина — улица в Москве. Маршала Вершинина — улица в Иркутске.[источник не указан 2188 дней] Вершинина — улица в Крымске.[источник; 60
wikipedia_identity,1130,analytics_output/wikipedia_authority_candidates.csv,346,PERS_d851ac20,М. В. Вершинина,todo,mention_or_search_snippet; candidate,https://ru.wikipedia.org/wiki/%D0%92%D0%B5%D1%80%D1%88%D0%B8%D0%BD%D0%B8%D0%BD%2C_%D0%9B%D0%B5%D0%B2_%D0%A0%D1%8D%D0%BC%D0%BE%D0%B2%D0%B8%D1%87,,,"баллады. СПб, Лань. В честь Л. Р. Вершинина назван крупный жук-усач псалидогнатус Вершинина (Psalidognathus vershinini), обитающий в Эквадоре. 1994 — EuroCon; 60"
wikipedia_identity,1130,analytics_output/wikipedia_authority_candidates.csv,347,PERS_d851ac20,М. В. Вершинина,todo,mention_or_search_snippet; candidate,https://ru.wikipedia.org/wiki/%D0%9B%D1%8E%D0%B1%D1%88%D0%B8%D0%BD%2C_%D0%A1%D1%82%D0%B0%D0%BD%D0%B8%D1%81%D0%BB%D0%B0%D0%B2_%D0%90%D0%BD%D0%B4%D1%80%D0%B5%D0%B5%D0%B2%D0%B8%D1%87,,,"состоит в труппе МХТ имени Чехова, исполнив ряд разнообразных ролей, включая Гаева в «Вишневом саду», Вершинина в «Трёх сестрах» и графа де Гиша в «Сирано; 60"
wikipedia_identity,1130,analytics_output/wikipedia_authority_candidates.csv,348,PERS_ba7b23ae,М. Демченко,todo,mention_or_search_snippet; candidate,https://ru.wikipedia.org/wiki/%D0%9B%D1%8E%D0%B1%D1%88%D0%B8%D0%BD%2C_%D0%AE%D1%80%D0%B8%D0%B9_%D0%A1%D1%82%D0%B0%D0%BD%D0%B8%D1%81%D0%BB%D0%B0%D0%B2%D0%BE%D0%B2%D0%B8%D1%87,,,"сокровища мира», реж. А. Ефремов 2013 — «Однажды преступив черту», реж. М . Демченко 2013 — «Она не могла иначе», реж. А. Ефремов 2013 — «Самое главное»,; 60"
wikipedia_identity,1130,analytics_output/wikipedia_authority_candidates.csv,349,PERS_ba7b23ae,М. Демченко,todo,mention_or_search_snippet; candidate,https://ru.wikipedia.org/wiki/%D0%A1%D0%B8%D0%BB%D1%8B_%D1%81%D0%B0%D0%BC%D0%BE%D0%BE%D0%B1%D0%BE%D1%80%D0%BE%D0%BD%D1%8B_%D0%AF%D0%BF%D0%BE%D0%BD%D0%B8%D0%B8,,,"Д. В. Петров. — М .: «Мысль», 1973. — С. 337. М . Демченко . «Непотопляемый авианосец» Пентагона (рус.) // «Пограничник» : журнал. — М .: Политуправление; 60"
wikipedia_identity,1130,analytics_output/wikipedia_authority_candidates.csv,350,PERS_0900c3c4,М. М. Фиалко,todo,mention_or_search_snippet; candidate,https://ru.wikipedia.org/wiki/%D0%A4%D0%B8%D0%B0%D0%BB%D0%BA%D0%B0,,,"Фиа́лка (лат. Víola) — род растений семейства Фиалковые (Violaceae). Известно около пятисот (по некоторым данным — более семисот) видов, растущих преимущественно; 60"
wikipedia_identity,1130,analytics_output/wikipedia_authority_candidates.csv,351,PERS_0900c3c4,М. М. Фиалко,todo,mention_or_search_snippet; candidate,https://ru.wikipedia.org/wiki/%D0%A4%D0%B8%D0%B0%D0%BB%D0%BA%D0%B0%2C_%D0%A0%D0%B5%D0%B2%D0%B5%D0%BA%D0%BA%D0%B0_%D0%9C%D0%BE%D0%B8%D1%81%D0%B5%D0%B5%D0%B2%D0%BD%D0%B0,,,записи семьи Фиалко доступны на сайте еврейской генеалогии JewishGen.org. В исходных документах фамилия попеременно записана как « Фиалко » и « Фиалка » (в большинстве; 60
wikipedia_identity,1130,analytics_output/wikipedia_authority_candidates.csv,352,PERS_fc2af3f1,М. Н. Кожевникова,todo,mention_or_search_snippet; candidate,https://ru.wikipedia.org/wiki/%D0%92%D0%B8%D1%86%D0%B8%D0%BD%2C_%D0%93%D0%B5%D0%BE%D1%80%D0%B3%D0%B8%D0%B9_%D0%9C%D0%B8%D1%85%D0%B0%D0%B9%D0%BB%D0%BE%D0%B2%D0%B8%D1%87,,,указан) 1986 — Я — вожатый форпоста — отец Коли Гудкова (роль Алексея Кожевникова ) 1945—1946 — «Клуб знаменитых капитанов» — Барон Мюнхгаузен 1947 — «Старые; 60
wikipedia_identity,1130,analytics_output/wikipedia_authority_candidates.csv,353,PERS_fc2af3f1,М. Н. Кожевникова,todo,mention_or_search_snippet; candidate,https://ru.wikipedia.org/wiki/%D0%92%D0%BE%D0%B7%D0%B4%D1%83%D1%88%D0%BD%D0%B0%D1%8F_%D0%BE%D0%BF%D0%B5%D1%80%D0%B0%D1%86%D0%B8%D1%8F_%D0%92%D0%92%D0%A1_%D0%A0%D0%9A%D0%9A%D0%90_%D0%BF%D1%80%D0%BE%D1%82%D0%B8%D0%B2_%D0%A4%D0%B8%D0%BD%D0%BB%D1%8F%D0%BD%D0%B4%D0%B8%D0%B8_%D0%B2_%D0%B8%D1%8E%D0%BD%D0%B5_1941_%D0%B3%D0%BE%D0%B4%D0%B0,,,потерь сильно колеблется. В книге генерал-майора авиации профессора М . Н . Кожевникова «Командование и штаб ВВС Советской Армии в Великой Отечественной войне»; 60
wikipedia_identity,1130,analytics_output/wikipedia_authority_candidates.csv,354,PERS_56e6d363,М. Павлова,todo,mention_or_search_snippet; candidate,https://ru.wikipedia.org/wiki/%D0%9F%D0%B0%D0%B2%D0%BB%D0%BE%D0%B2%2C_%D0%98%D0%B2%D0%B0%D0%BD_%D0%9F%D0%B5%D1%82%D1%80%D0%BE%D0%B2%D0%B8%D1%87,,,вопросам религии. Симптом Павлова Нобелевские лауреаты из России Памятник собаке Павлова (Санкт-Петербург) Примечания Сам Павлов за исключительные заслуги; 60
wikipedia_identity,1130,analytics_output/wikipedia_authority_candidates.csv,355,PERS_cea040bb,М. Рамдхари,todo,mention_or_search_snippet; candidate,https://ru.wikipedia.org/wiki/%D0%94%D0%B8%D0%BD%D0%BA%D0%B0%D1%80,,,"Рамдхари Синх Динкар (англ. Ramdhari Singh Dinkar; 23 сентября 1908, Симария[вд], Британская Индия — 24 апреля 1974, Мадрас, Индия) — индийский поэт, эссеист; 60"
wikipedia_identity,1130,analytics_output/wikipedia_authority_candidates.csv,356,PERS_cea040bb,М. Рамдхари,todo,mention_or_search_snippet; candidate,https://ru.wikipedia.org/wiki/%D0%9B%D0%B8%D1%82%D0%B5%D1%80%D0%B0%D1%82%D1%83%D1%80%D0%B0_%D0%BD%D0%B0_%D1%8F%D0%B7%D1%8B%D0%BA%D0%B5_%D1%85%D0%B8%D0%BD%D0%B4%D0%B8,,,Бхаратенду Харишчандра.Одним из крупнейших хиндиязычных поэтов в XX веке был Рамдхари Синх Динкар. Целая эпоха в развитии поэзии хинди в первой половине XX века; 60
wikipedia_identity,1130,analytics_output/wikipedia_authority_candidates.csv,507,PERS_69750b7c,Мазурина Валентина Николаевна,todo,weak_search_hit; weak_candidate,https://ru.wikipedia.org/wiki/%D0%94%D0%B5%D1%82%D1%81%D0%BA%D0%B0%D1%8F_%D0%BB%D0%B8%D1%82%D0%B5%D1%80%D0%B0%D1%82%D1%83%D1%80%D0%B0_%28%D0%B8%D0%B7%D0%B4%D0%B0%D1%82%D0%B5%D0%BB%D1%8C%D1%81%D1%82%D0%B2%D0%BE%29,,,"Александр Гулин и др.; ведущие художники-графики: Борис Диодоров, Герман Мазурин , Юрий Иванов, Игорь Ильинский, Анастасия Архипова, Ника Гольц, Степан Яровой; 30"
wikipedia_identity,1130,analytics_output/wikipedia_authority_candidates.csv,508,PERS_69750b7c,Мазурина Валентина Николаевна,todo,weak_search_hit; weak_candidate,https://ru.wikipedia.org/wiki/%D0%A1%D0%BF%D0%B8%D1%81%D0%BE%D0%BA_%D0%BF%D0%BE%D1%85%D0%BE%D1%80%D0%BE%D0%BD%D0%B5%D0%BD%D0%BD%D1%8B%D1%85_%D0%B2_%D0%BD%D0%B5%D0%BA%D1%80%D0%BE%D0%BF%D0%BE%D0%BB%D0%B5_%D0%94%D0%BE%D0%BD%D1%81%D0%BA%D0%BE%D0%B3%D0%BE_%D0%BC%D0%BE%D0%BD%D0%B0%D1%81%D1%82%D1%8B%D1%80%D1%8F,,,Н. А. Теплова Теплова Мария Николаевна (ум. 1875) — девица Теплова Софья Николаевна (1849—1852) Теплова Федосья Николаевна (1800—1837) — 1-я жена Н. А; 30
wikipedia_identity,1130,analytics_output/wikipedia_authority_candidates.csv,509,PERS_ced3d7b4,Молина Анна Валерьевна,todo,weak_search_hit; weak_candidate,https://ru.wikipedia.org/wiki/%D0%91%D0%B0%D1%82%D1%83%D1%80%D0%B8%D0%BD%D0%BE_%28%D0%9A%D1%83%D1%80%D0%B3%D0%B0%D0%BD%D1%81%D0%BA%D0%B0%D1%8F_%D0%BE%D0%B1%D0%BB%D0%B0%D1%81%D1%82%D1%8C%29,,,"Подкорытова Светлана Валерьевна , Суханова Анастасия Николаевна. ИСТОРИЯ СЕЛА БАТУРИНО СО ВТОРОЙ ПОЛОВИНЫ XVII ДО КОНЦА XIX ВЕКА. Зырянов А.Н . КРЕСТЬЯНСКОЕ ДВИЖЕНИЕ; 30"
wikipedia_identity,1130,analytics_output/wikipedia_authority_candidates.csv,357,PERS_0a42bfb2,Н. В. Хомутинникова,todo,mention_or_search_snippet; candidate,https://ru.wikipedia.org/wiki/%D0%A1%D0%BA%D1%83%D0%BB%D1%8F%D0%B1%D0%B8%D0%BD%2C_%D0%9D%D0%B8%D0%BA%D0%BE%D0%BB%D0%B0%D0%B9_%D0%98%D0%B2%D0%B0%D0%BD%D0%BE%D0%B2%D0%B8%D1%87,,,"Александра Хомутинникова из именитого семейства, её отцу принадлежал большой особняк в Вологде. У них родилось трое сыновей — двое умерли в младенчестве; 60"
wikipedia_identity,1130,analytics_output/wikipedia_authority_candidates.csv,358,PERS_0a42bfb2,Н. В. Хомутинникова,todo,mention_or_search_snippet; candidate,https://ru.wikipedia.org/wiki/%D0%A4%D0%B5%D0%B4%D0%BE%D1%81%D0%BA%D0%B8%D0%BD%D1%81%D0%BA%D0%B0%D1%8F_%D0%BC%D0%B8%D0%BD%D0%B8%D0%B0%D1%82%D1%8E%D1%80%D0%B0,,,"Д. Антонов (умер в 2018), С. С. Чистов, Е. Ю. Хомутинникова , О. Д. Сенько, В . А. Сердотецков (умер в 2012). Среди молодых художников видное место занимают:; 60"
wikipedia_identity,1130,analytics_output/wikipedia_authority_candidates.csv,359,PERS_f55cf2d5,Н. Краснодембская,todo,mention_or_search_snippet; candidate,https://ru.wikipedia.org/wiki/%D0%92%D0%B5%D0%B4%D0%B4%D1%8B,,,"Азии / под ред. Н . Р. Гусевой. — М., 1963. Народы и религии мира / под ред. В. А. Тишкова. — М., 1998. Зимина Т. А., Краснодембская Н . Г. Ведды (судьба; 60"
wikipedia_identity,1130,analytics_output/wikipedia_authority_candidates.csv,360,PERS_f55cf2d5,Н. Краснодембская,todo,mention_or_search_snippet; candidate,https://ru.wikipedia.org/wiki/%D0%94%D1%83%D1%80%D0%B3%D0%B0,,,"199. — 672 с. — ISBN 5-85270-032-0. Краснодембская Н . Г. Дурга // Энциклопедия религий / Под ред. А. П. Забияко, А. Н . Красникова, Е. С. Элбакян. — М.:; 60"
wikipedia_identity,1130,analytics_output/wikipedia_authority_candidates.csv,361,PERS_f55cf2d5,Н. Краснодембская,todo,mention_or_search_snippet; candidate,https://ru.wikipedia.org/wiki/%D0%9D%D0%B0%D0%B2%D0%B0%D1%80%D0%B0%D1%82%D1%80%D0%B8,,,"фигурами богинь и богов индуистского пантеона. Краснодембская , 1996b, с. 297. Краснодембская , 1996b, с. 298. Гусева Н . Р. Индия: тысячелетия и современность. —; 60"
wikipedia_identity,1130,analytics_output/wikipedia_authority_candidates.csv,362,PERS_2e2b9553,Наймушина Дарья Дмитриевна,todo,mention_or_search_snippet; candidate,https://ru.wikipedia.org/wiki/%D0%A1%D0%BF%D0%B8%D1%81%D0%BE%D0%BA_%D0%B4%D0%B5%D0%BB%D0%B5%D0%B3%D0%B0%D1%82%D0%BE%D0%B2_XXII_%D1%81%D1%8A%D0%B5%D0%B7%D0%B4%D0%B0_%D0%9A%D0%9F%D0%A1%D0%A1,,,"Камиль Шагитович Найдек, Леонтий Иванович Наймушин , Георгий Фёдорович Наймушин , Иван Иванович Наймушина , Анастасия Савельевна Наливайко, Георгий Антонович; 60"
wikipedia_identity,1130,analytics_output/wikipedia_authority_candidates.csv,363,PERS_9ddf9210,Нестеркин Сергей Петрович,todo,mention_or_search_snippet; candidate,https://ru.wikipedia.org/wiki/%D0%91%D1%83%D0%B4%D0%B4%D0%B8%D0%B7%D0%BC_%D0%B2_%D0%A0%D0%BE%D1%81%D1%81%D0%B8%D0%B8,,,"Изд-во Калмыцкого ун-та, 2002. — ISBN 5230201622, ISBN 9785230201625. Нестеркин С. П. Основные тенденции развития буддизма в социокультурном пространстве; 60"
wikipedia_identity,1130,analytics_output/wikipedia_authority_candidates.csv,364,PERS_147ab928,Никольская Ксения Дмитриевна,todo,mention_or_search_snippet; candidate,https://ru.wikipedia.org/wiki/%D0%9C%D0%B8%D1%85%D0%B0%D0%BB%D0%BA%D0%BE%D0%B2%D0%B0%2C_%D0%90%D0%BD%D0%BD%D0%B0_%D0%9D%D0%B8%D0%BA%D0%B8%D1%82%D0%B8%D1%87%D0%BD%D0%B0,,,"официальной адаптации американского сериала «Доктор Хаус». Елизавета Никольская , главный врач и главная сдерживающая сила доктора Рихтера, получилась; 60"
wikipedia_identity,1130,analytics_output/wikipedia_authority_candidates.csv,365,PERS_ecdfe667,Новосёлова Евгения Олеговна,todo,mention_or_search_snippet; candidate,https://ru.wikipedia.org/wiki/%D0%92%D0%BE%D0%BB%D0%BA%D0%BE%D0%B2%2C_%D0%94%D0%BC%D0%B8%D1%82%D1%80%D0%B8%D0%B9_%D0%9D%D0%B8%D0%BA%D0%BE%D0%BB%D0%B0%D0%B5%D0%B2%D0%B8%D1%87,,,"театровед по образованию, педагог МХК в московской школе; жена — Новосёлова Екатерина Олеговна . 2006 — Национальное достояние — Александр Смирнов. 2008 — Одна; 60"
wikipedia_identity,1130,analytics_output/wikipedia_authority_candidates.csv,366,PERS_0da9b0dd,О. В. Вечерина,todo,mention_or_search_snippet; candidate,https://ru.wikipedia.org/wiki/Lelek,,,"2025 состав соответствовал нынешнему, однако незадолго до конкурса Инка Вечерина Перушич покинула группу по семейным и деловым обстоятельствам. Её заменила; 60"
wikipedia_identity,1130,analytics_output/wikipedia_authority_candidates.csv,367,PERS_0da9b0dd,О. В. Вечерина,todo,mention_or_search_snippet; candidate,https://ru.wikipedia.org/wiki/%D0%94%D0%B5%D0%B2%D0%B8%D1%87%D0%BD%D0%B8%D0%BA,,,"Девичник ( вечерина ) — предсвадебный обряд, день перед свадьбой, либо дни от рукобитья до свадьбы. Девичник в славянских языках звучит по-разному: рус.; 60"
wikipedia_identity,1130,analytics_output/wikipedia_authority_candidates.csv,368,PERS_0da9b0dd,О. В. Вечерина,todo,mention_or_search_snippet; candidate,https://ru.wikipedia.org/wiki/%D0%9C%D0%B0%D0%BB%D1%8C%D1%87%D0%B8%D1%88%D0%BD%D0%B8%D0%BA_%28%D0%BE%D0%B1%D1%80%D1%8F%D0%B4%29,,,"стран и регионов. (10 августа 2011) Мальчишник (парнишник, молодечник, вечерина жениха) — свадебный обряд, день перед свадьбой, либо дни от рукобитья до; 60"
wikipedia_identity,1130,analytics_output/wikipedia_authority_candidates.csv,369,PERS_ebc1c3c2,О. В. Лундышева,todo,mention_or_search_snippet; candidate,https://ru.wikipedia.org/wiki/%D0%9A%D1%80%D0%B0%D1%81%D0%B0%D0%B2%D0%B5%D1%86_%D0%BC%D1%83%D0%B6%D1%87%D0%B8%D0%BD%D0%B0,,,"совершенно приличны. Василий, человек в вокзале. Акимыч, старый слуга Лотохина. Паша, горничная. Сусанна Сергеевна Лундышева , молодая вдова, племянница Лотохина; 60"
wikipedia_identity,1130,analytics_output/wikipedia_authority_candidates.csv,370,PERS_ebc1c3c2,О. В. Лундышева,todo,mention_or_search_snippet; candidate,https://ru.wikipedia.org/wiki/%D0%9B%D1%83%D0%BD%D0%B4%D1%8B%D1%88%D0%B5%D0%B2%D1%8B,,,"Намёт на щите слева чёрный с золотом, справа красный с серебром. Герб Лундышева внесён в Часть 11 Общего гербовника дворянских родов Всероссийской империи; 60"
wikipedia_identity,1130,analytics_output/wikipedia_authority_candidates.csv,371,PERS_dd17649f,Р. В. Светлов,todo,mention_or_search_snippet; candidate,https://ru.wikipedia.org/wiki/%D0%91%D0%B8%D1%80%D0%BA%D0%B5%D0%BD%D0%BD%D0%B0,,,"Пирра с Ланассой, которая упрекала супруга в том, что тот «больше привязан к жёнам-варваркам». Р . В . Светлов считал, что поводом для военных кампаний Пирра; 60"
wikipedia_identity,1130,analytics_output/wikipedia_authority_candidates.csv,372,PERS_dd17649f,Р. В. Светлов,todo,mention_or_search_snippet; candidate,https://ru.wikipedia.org/wiki/%D0%9D%D0%B5%D0%BE%D0%BF%D1%82%D0%BE%D0%BB%D0%B5%D0%BC_II,,,"Комментарии Р . В . Светлов называет данного царя III-м, отводя первый номер мифологическому прародителю царской династии Эпира Неоптолему Источники Светлов , 2006; 60"
wikipedia_identity,1130,analytics_output/wikipedia_authority_candidates.csv,373,PERS_3195408b,Ратушный Данила Николаевич,todo,mention_or_search_snippet; candidate,https://ru.wikipedia.org/wiki/%D0%A1%D0%BF%D0%B8%D1%81%D0%BE%D0%BA_%D0%BF%D0%BE%D1%85%D0%BE%D1%80%D0%BE%D0%BD%D0%B5%D0%BD%D0%BD%D1%8B%D1%85_%D0%BD%D0%B0_%D0%91%D0%B0%D0%B9%D0%BA%D0%BE%D0%B2%D0%BE%D0%BC_%D0%BA%D0%BB%D0%B0%D0%B4%D0%B1%D0%B8%D1%89%D0%B5,,,"Николаевич — генерал-майор, Герой Советского Союза Разин, Виктор Ефимович — Герой Советского Союза Ратушный , Роман Тарасович — сын Тараса Ратушного .; 60"
wikipedia_identity,1130,analytics_output/wikipedia_authority_candidates.csv,374,PERS_3e38ff72,Рожнова Дарья Антоновна,todo,mention_or_search_snippet; candidate,https://ru.wikipedia.org/wiki/%D0%A1%D0%BF%D0%B8%D1%81%D0%BE%D0%BA_%D0%BD%D0%B0%D0%B3%D1%80%D0%B0%D0%B6%D0%B4%D1%91%D0%BD%D0%BD%D1%8B%D1%85_%D0%BC%D0%B0%D0%BB%D1%8B%D0%BC_%D0%BA%D1%80%D0%B5%D1%81%D1%82%D0%BE%D0%BC_%D0%BE%D1%80%D0%B4%D0%B5%D0%BD%D0%B0_%D0%A1%D0%B2%D1%8F%D1%82%D0%BE%D0%B9_%D0%95%D0%BA%D0%B0%D1%82%D0%B5%D1%80%D0%B8%D0%BD%D1%8B,,,"Кутайсова 61 5 декабря 1836 Рожнова , Анна Васильевна ум. 1842 Жена адмирала и Кронштадтского военного губернатора П. М. Рожнова 62 14 января 1837 Мария Исаковна; 60"
wikipedia_identity,1130,analytics_output/wikipedia_authority_candidates.csv,375,PERS_3e38ff72,Рожнова Дарья Антоновна,todo,mention_or_search_snippet; candidate,https://ru.wikipedia.org/wiki/%D0%A1%D0%BF%D0%B8%D1%81%D0%BE%D0%BA_%D0%BF%D0%BE%D1%85%D0%BE%D1%80%D0%BE%D0%BD%D0%B5%D0%BD%D0%BD%D1%8B%D1%85_%D0%B2_%D0%BD%D0%B5%D0%BA%D1%80%D0%BE%D0%BF%D0%BE%D0%BB%D0%B5_%D0%94%D0%BE%D0%BD%D1%81%D0%BA%D0%BE%D0%B3%D0%BE_%D0%BC%D0%BE%D0%BD%D0%B0%D1%81%D1%82%D1%8B%D1%80%D1%8F,,,"Архангельское — Бекташка) помещик Ратькова- Рожнова Вера Яковлевна (1841—1919) — вдова В. А. Ратькова- Рожнова , городского петербургского головы Ратушинская; 60"
wikipedia_identity,1130,analytics_output/wikipedia_authority_candidates.csv,376,PERS_ed83f502,Селиванова Тамара Петровна,todo,mention_or_search_snippet; candidate,https://ru.wikipedia.org/wiki/%D0%94%D0%BC%D0%B8%D1%82%D1%80%D0%B8%D0%B5%D0%B2%D0%B0%2C_%D0%95%D0%B2%D0%B3%D0%B5%D0%BD%D0%B8%D1%8F_%D0%9E%D0%BB%D0%B5%D0%B3%D0%BE%D0%B2%D0%BD%D0%B0,,,Татьяна Ивановна Горшенёва 2023 — Библиотекарь — Маргарита Тихоновна Селиванова 2023 — Плейлист волонтёра — мама Штапича 2024 — Каждый мечтает о собаке; 60
wikipedia_identity,1130,analytics_output/wikipedia_authority_candidates.csv,377,PERS_ed83f502,Селиванова Тамара Петровна,todo,mention_or_search_snippet; candidate,https://ru.wikipedia.org/wiki/%D0%A3%D0%B3%D1%80%D1%8E%D0%BC-%D1%80%D0%B5%D0%BA%D0%B0_%28%D1%84%D0%B8%D0%BB%D1%8C%D0%BC%29,,,"указан) Никита Третьяков — эпизод (в титрах не указан) Сценарий Валентина Селиванова , Ярополка Лапшина Режиссёр-постановщик — Ярополк Лапшин Оператор — Василий; 60"
wikipedia_identity,1130,analytics_output/wikipedia_authority_candidates.csv,378,PERS_a0f3d86d,Сергеева Варвара Алексеевна,todo,mention_or_search_snippet; candidate,https://ru.wikipedia.org/wiki/%D0%9A%D0%BE%D0%BD%D0%B4%D1%80%D0%B0%D1%82%D1%8C%D0%B5%D0%B2%D0%B0%2C_%D0%98%D0%BD%D0%BD%D0%B0_%D0%9C%D0%B8%D1%85%D0%B0%D0%B9%D0%BB%D0%BE%D0%B2%D0%BD%D0%B0,,,Перевалова 1972 — Ижорский батальон — Анна Алексеевна 1972 — Игрок (Hráč) — служанка 1973 — Дела сердечные — Сергеева 1977 — Открытая книга — Агния Петровна; 60
wikipedia_identity,1130,analytics_output/wikipedia_authority_candidates.csv,379,PERS_bdaaf440,Слинько Елена Викторовна,todo,mention_or_search_snippet; candidate,https://ru.wikipedia.org/wiki/%D0%A1%D0%BF%D0%B8%D1%81%D0%BE%D0%BA_%D0%B4%D0%B5%D0%BB%D0%B5%D0%B3%D0%B0%D1%82%D0%BE%D0%B2_XXVI_%D1%81%D1%8A%D0%B5%D0%B7%D0%B4%D0%B0_%D0%9A%D0%9F%D0%A1%D0%A1,,,"Сладкова, Елена Степановна Слатвинский, Михаил Степанович Следе, Бригита Николаевна Слепенков, Владимир Александрович Слепцова, Евдокия Денисовна Слинько , Николай; 60"
wikipedia_identity,1130,analytics_output/wikipedia_authority_candidates.csv,380,PERS_bdaaf440,Слинько Елена Викторовна,todo,mention_or_search_snippet; candidate,https://ru.wikipedia.org/wiki/%D0%A1%D0%BF%D0%B8%D1%81%D0%BE%D0%BA_%D1%87%D0%BB%D0%B5%D0%BD%D0%BE%D0%B2_%D0%A1%D0%BE%D0%B2%D0%B5%D1%82%D0%B0_%D0%A0%D0%B5%D1%81%D0%BF%D1%83%D0%B1%D0%BB%D0%B8%D0%BA%D0%B8_%D0%91%D0%B5%D0%BB%D0%B0%D1%80%D1%83%D1%81%D1%8C_VII_%D1%81%D0%BE%D0%B7%D1%8B%D0%B2%D0%B0,,,"Семенович Слинько , Олег Михайлович Серафинович, Екатерина Адамовна Хроленко, Владимир Фёдорович Пантюхова, Елена Валерьяновна Смоляк, Алла Викторовна Снежицкий; 60"
wikipedia_identity,1130,analytics_output/wikipedia_authority_candidates.csv,381,PERS_6b867946,Смирнова Екатерина Викторовна,todo,mention_or_search_snippet; candidate,https://ru.wikipedia.org/wiki/%D0%A1%D0%BC%D0%B8%D1%80%D0%BD%D0%BE%D0%B2%2C_%D0%92%D0%B8%D0%BA%D1%82%D0%BE%D1%80_%D0%92%D0%B0%D1%81%D0%B8%D0%BB%D1%8C%D0%B5%D0%B2%D0%B8%D1%87,,,"дочери от последнего брака — Смирнова Екатерина Викторовна , Тилло Елизавета Викторовна , Смирнова Вера Викторовна [источник не указан 1412 дней]. В разделе не; 60"
wikipedia_identity,1130,analytics_output/wikipedia_authority_candidates.csv,382,PERS_3d22e8d4,Стрелков Андрей Михайлович,todo,mention_or_search_snippet; candidate,https://ru.wikipedia.org/wiki/%D0%90%D0%BB%D0%B5%D0%BA%D1%81_%D0%9B%D1%8E%D1%82%D1%8B%D0%B9_%28%D1%82%D0%B5%D0%BB%D0%B5%D1%81%D0%B5%D1%80%D0%B8%D0%B0%D0%BB%29,,,"Аниканова — Нина Ивановна Игнатова, узница концлагеря Пески — 2 Станислав Стрелков — Антон Иванович Мезенцев, полковник, начальник отдела по особо важным; 60"
wikipedia_identity,1130,analytics_output/wikipedia_authority_candidates.csv,383,PERS_168a3a8b,Усенко Иван Сергеевич,todo,mention_or_search_snippet; candidate,https://ru.wikipedia.org/wiki/%D0%A1%D0%BF%D0%B8%D1%81%D0%BE%D0%BA_%D0%B4%D0%B5%D0%BB%D0%B5%D0%B3%D0%B0%D1%82%D0%BE%D0%B2_XXVI_%D1%81%D1%8A%D0%B5%D0%B7%D0%B4%D0%B0_%D0%9A%D0%9F%D0%A1%D0%A1,,,"Ивановна Усачёва, Фаина Павловна Усенко, Валентина Иосифовна Усенко , Николай Витальевич Усенко , Николай Дмитриевич Усманов, Гумер Исмагилович Усманходжаев; 60"
wikipedia_identity,1130,analytics_output/wikipedia_authority_candidates.csv,384,PERS_936e1165,Файбушевич Светлана Ивановна,todo,mention_or_search_snippet; candidate,https://ru.wikipedia.org/wiki/%D0%97%D0%B8%D0%BC%D0%B8%D0%BD%D0%B0%2C_%D0%A2%D0%B0%D0%BC%D0%B0%D1%80%D0%B0_%D0%92%D0%B0%D1%81%D0%B8%D0%BB%D1%8C%D0%B5%D0%B2%D0%BD%D0%B0,,,"репертуар сезона 1970—1971 гг. (рус.) / Отв. за вып. Э. С. Аракелов, Е. Я. Файбушевич ; фот. Б. Е. Лосева. — Свердловск: б. и., 1970. — 95 с. — 15 000 экз. Романова; 60"
wikipedia_identity,1130,analytics_output/wikipedia_authority_candidates.csv,385,PERS_936e1165,Файбушевич Светлана Ивановна,todo,mention_or_search_snippet; candidate,https://ru.wikipedia.org/wiki/%D0%A0%D0%BE%D1%82%D0%B0%D1%80%D1%83%2C_%D0%A1%D0%BE%D1%84%D0%B8%D1%8F_%D0%9C%D0%B8%D1%85%D0%B0%D0%B9%D0%BB%D0%BE%D0%B2%D0%BD%D0%B0,,,«Нет мне места в твоём сердце» Владимира Матецкого на стихи Михаила Файбушевича . Также была исполнена «Лебединая верность» (песня Евгения Мартынова на; 60
wikipedia_identity,1130,analytics_output/wikipedia_authority_candidates.csv,386,PERS_6a165aa7,Хазизова Ксения Владимировна,todo,mention_or_search_snippet; candidate,https://ru.wikipedia.org/wiki/%D0%9C%D1%91_%D0%A7%D1%85%D0%BE%D0%BD,,,Мё Чхона и Ю Гама и отрезав им головы. Корё Буддизм Пхеньян Хазизова Ксения Владимировна . ОТНОШЕНИЯ МЕЖДУ ГОСУДАРСТВАМИ КОРЁ И СУН В ПЕРИОД ПРАВЛЕНИЯ; 60
wikipedia_identity,1130,analytics_output/wikipedia_authority_candidates.csv,387,PERS_f619aeed,Цендина Анна Дамдиновна,todo,mention_or_search_snippet; candidate,https://ru.wikipedia.org/wiki/%D0%9C%D0%BE%D0%BD%D0%B3%D0%BE%D0%BB%D0%BE%D0%B2%D0%B5%D0%B4%D0%B5%D0%BD%D0%B8%D0%B5,,,"Гомбожаб Цэбекович (1873—1930) Шмидт, Яков Иванович (1779—1847) Цендина Анна Дамдиновна Сабиров Рустам Тагирович США Латтимор, Оуэн (1900—1989) Финляндия; 60"
wikipedia_identity,1130,analytics_output/wikipedia_authority_candidates.csv,388,PERS_f619aeed,Цендина Анна Дамдиновна,todo,mention_or_search_snippet; candidate,https://ru.wikipedia.org/wiki/%D0%A6%D1%8D%D0%BD%D0%B4%D0%B8%D0%B9%D0%BD_%D0%94%D0%B0%D0%BC%D0%B4%D0%B8%D0%BD%D1%81%D1%83%D1%80%D1%8D%D0%BD,,,"Сын — Михаил Дамдинович Цендин (род. 1946), экономист, главный специалист отделения «Ленэнерго»; Дочь — Анна Дамдиновна Цендина (род. 11 августа 1954); 60"
wikipedia_identity,1130,analytics_output/wikipedia_authority_candidates.csv,389,PERS_48b3bec3,Ч. Санчай,todo,mention_or_search_snippet; candidate,https://ru.wikipedia.org/wiki/%D0%A2%D0%B5%D0%BD%D0%BD%D0%B8%D1%81_%D0%BD%D0%B0_%D0%BB%D0%B5%D1%82%D0%BD%D0%B8%D1%85_%D0%90%D0%B7%D0%B8%D0%B0%D1%82%D1%81%D0%BA%D0%B8%D1%85_%D0%B8%D0%B3%D1%80%D0%B0%D1%85_2010_%E2%80%94_%D0%BC%D1%83%D0%B6%D1%81%D0%BA%D0%BE%D0%B9_%D0%BF%D0%B0%D1%80%D0%BD%D1%8B%D0%B9_%D1%82%D1%83%D1%80%D0%BD%D0%B8%D1%80,,,Ративатана / Санчай Ративатана проиграла уже в стартовом матче. Из призёров соревнований-2006 в турнире принимали участие пара Сончат Ративатана / Санчай Ративатана; 60
wikipedia_identity,1130,analytics_output/wikipedia_authority_candidates.csv,390,PERS_94aa5d0a,Чернавин Георгий Игоревич,todo,mention_or_search_snippet; candidate,https://ru.wikipedia.org/wiki/%D0%93%D0%B5%D1%80%D0%BE%D0%B9_%D0%A0%D0%BE%D1%81%D1%81%D0%B8%D0%B9%D1%81%D0%BA%D0%BE%D0%B9_%D0%A4%D0%B5%D0%B4%D0%B5%D1%80%D0%B0%D1%86%D0%B8%D0%B8,,,"2023) Рожков, Богдан Игоревич (26.07.2023) Хименко, Алексей Олегович (26.07.2023) Горбоконенко, Павел Александрович (31.07.2023) Чернавин , Денис Юрьевич (31; 60"
wikipedia_identity,1130,analytics_output/wikipedia_authority_candidates.csv,391,PERS_94aa5d0a,Чернавин Георгий Игоревич,todo,mention_or_search_snippet; candidate,https://ru.wikipedia.org/wiki/%D0%93%D0%BE%D1%81%D1%83%D0%B4%D0%B0%D1%80%D1%81%D1%82%D0%B2%D0%B5%D0%BD%D0%BD%D1%8B%D0%B9_%D0%BA%D0%BE%D0%BC%D0%B8%D1%82%D0%B5%D1%82_%D0%BF%D0%BE_%D1%87%D1%80%D0%B5%D0%B7%D0%B2%D1%8B%D1%87%D0%B0%D0%B9%D0%BD%D0%BE%D0%BC%D1%83_%D0%BF%D0%BE%D0%BB%D0%BE%D0%B6%D0%B5%D0%BD%D0%B8%D1%8E,,,"открыто выступили командующие ВВС Шапошников, ВДВ Грачёв, РВСН Максимов, ВМФ Чернавин . В результате утром 21 августа министр обороны СССР Язов на военной коллегии; 60"
wikipedia_identity,1130,analytics_output/wikipedia_authority_candidates.csv,392,PERS_94aa5d0a,Чернавин Георгий Игоревич,todo,mention_or_search_snippet; candidate,https://ru.wikipedia.org/wiki/%D0%A1%D0%BF%D0%B8%D1%81%D0%BE%D0%BA_%D0%B0%D0%B4%D0%BC%D0%B8%D1%80%D0%B0%D0%BB%D0%BE%D0%B2%2C_%D0%B2%D0%B8%D1%86%D0%B5-%D0%B0%D0%B4%D0%BC%D0%B8%D1%80%D0%B0%D0%BB%D0%BE%D0%B2%2C_%D0%BA%D0%BE%D0%BD%D1%82%D1%80-%D0%B0%D0%B4%D0%BC%D0%B8%D1%80%D0%B0%D0%BB%D0%BE%D0%B2_%D0%92%D0%9C%D0%A4_%D0%A1%D0%A1%D0%A1%D0%A0_%281961%E2%80%941991%29,,,"Загидуллович 1947—1994 16.08.1989 — — — Чернавин , Владимир Николаевич 1928—2023 06.11.1970 25.04.1975 14.02.1978 04.11.1983 Чернавин , Лев Давыдович 1928—2016 25.04; 60"
wikipedia_identity,1130,analytics_output/wikipedia_authority_candidates.csv,393,PERS_2095dc59,Шалахов Евгений Геннадьевич,todo,mention_or_search_snippet; candidate,https://ru.wikipedia.org/wiki/%D0%A3%D1%81%D1%82%D1%8C-%D0%92%D0%B5%D1%82%D0%BB%D1%83%D0%B6%D1%81%D0%BA%D0%B8%D0%B9_%D0%BC%D0%BE%D0%B3%D0%B8%D0%BB%D1%8C%D0%BD%D0%B8%D0%BA,,,"Ветлуги, рядом с марийским поселением Юрино. Открыт краеведом Шалаховым Евгением Геннадьевичем в ходе археологических разведок и сборов, предпринятых осенью; 60"
wikipedia_identity,1130,analytics_output/wikipedia_authority_candidates.csv,394,PERS_526da44f,Шапошникова Дарья Сергеевна,todo,mention_or_search_snippet; candidate,https://ru.wikipedia.org/wiki/%D0%A1%D0%BF%D0%B8%D1%81%D0%BE%D0%BA_%D0%BF%D0%BE%D1%85%D0%BE%D1%80%D0%BE%D0%BD%D0%B5%D0%BD%D0%BD%D1%8B%D1%85_%D0%B2_%D0%BD%D0%B5%D0%BA%D1%80%D0%BE%D0%BF%D0%BE%D0%BB%D0%B5_%D0%94%D0%BE%D0%BD%D1%81%D0%BA%D0%BE%D0%B3%D0%BE_%D0%BC%D0%BE%D0%BD%D0%B0%D1%81%D1%82%D1%8B%D1%80%D1%8F,,,В. Шапошникова ) Шапошников Василий Николаевич (1841—1857) Шапошников Иван Васильевич (1821—1878) Шапошникова Анна Антоновна (ум. 1901) Шапошникова Мария; 60
wikipedia_identity,1130,analytics_output/wikipedia_authority_candidates.csv,395,PERS_874cbfb7,Шарапова Александра Владимировна,todo,mention_or_search_snippet; candidate,https://ru.wikipedia.org/wiki/%D0%98%D0%B2%D0%B0%D0%BD%D0%BE%D0%B2%D0%B0%2C_%D0%A1%D0%B2%D0%B5%D1%82%D0%BB%D0%B0%D0%BD%D0%B0_%D0%90%D0%BD%D0%B4%D1%80%D0%B5%D0%B5%D0%B2%D0%BD%D0%B0,,,"Следователь Тихонов Елена Владимировна Лаврова, оперуполномоченный-стажёр МУРа, лейтенант милиции, дочь генерала Шарапова 2016 ф Жили-были мы мама 2016; 60"
wikipedia_identity,1130,analytics_output/wikipedia_authority_candidates.csv,396,PERS_874cbfb7,Шарапова Александра Владимировна,todo,mention_or_search_snippet; candidate,https://ru.wikipedia.org/wiki/%D0%9A%D0%BE%D1%80%D0%BD%D0%B8%D0%B5%D0%BD%D0%BA%D0%BE%2C_%D0%9D%D0%B8%D0%BD%D0%B0_%D0%93%D1%80%D0%B8%D0%B3%D0%BE%D1%80%D1%8C%D0%B5%D0%B2%D0%BD%D0%B0,,,"1979 — Место встречи изменить нельзя — Шура, соседка Шарапова 1980 — Назначение — Любовь Владимировна Никулина 1982 — Ревизор — Пошлёпкина 1992 — Московские; 60"
wikipedia_identity,1130,analytics_output/wikipedia_authority_candidates.csv,397,PERS_874cbfb7,Шарапова Александра Владимировна,todo,mention_or_search_snippet; candidate,https://ru.wikipedia.org/wiki/%D0%A1%D0%BB%D0%B5%D0%B4%D0%BE%D0%B2%D0%B0%D1%82%D0%B5%D0%BB%D1%8C_%D0%A2%D0%B8%D1%85%D0%BE%D0%BD%D0%BE%D0%B2,,,"Владимировна Лаврова, оперуполномоченный-стажёр МУРа, лейтенант милиции, дочь генерал-полковника Шарапова Сергей Шакуров — Владимир Иванович Шарапов ,; 60"
wikipedia_identity,1130,analytics_output/wikipedia_authority_candidates.csv,398,PERS_00c3b0cc,Щербак Мария Борисовна,todo,mention_or_search_snippet; candidate,https://ru.wikipedia.org/wiki/%D0%98%D0%B2%D0%B0%D0%BD%D0%BE%D0%B2%D0%B0%2C_%D0%A2%D0%B0%D1%82%D1%8C%D1%8F%D0%BD%D0%B0_%D0%91%D0%BE%D1%80%D0%B8%D1%81%D0%BE%D0%B2%D0%BD%D0%B0,,,"Татьяна Борисовна Иванова (в девичестве — Опаркина; 5 сентября 1947, Щербаков , Ярославская область — 7 марта 2021, Ярославль) — советская и российская; 60"
openalex_identity,1140,analytics_output/openalex_author_candidates.csv,162,PERS_aebd34a2,А. И. Коган,todo,,https://openalex.org/A5010019706,,,display_name; А. И. Коган; 20; 0.3
openalex_identity,1140,analytics_output/openalex_author_candidates.csv,167,PERS_40375fef,А. К. Васильев,todo,,https://openalex.org/A5110819858,,,display_name; А. К. Васильев; 3; 0.3
openalex_identity,1140,analytics_output/openalex_author_candidates.csv,168,PERS_40375fef,А. К. Васильев,todo,,https://openalex.org/A5032471550,,,display_name; А. К. Васильев; 3; 0.3
openalex_identity,1140,analytics_output/openalex_author_candidates.csv,377,PERS_088c4df7,Атманова Юлия Георгиевна,todo,,https://openalex.org/A5077843731,,,cyrillic_fullname; Атманова Юлия Георгиевна; 2; 0.0
openalex_identity,1140,analytics_output/openalex_author_candidates.csv,378,PERS_088c4df7,Атманова Юлия Георгиевна,todo,,https://openalex.org/A5024856505,,,cyrillic_fullname; Атманова Юлия Георгиевна; 1; 0.0
openalex_identity,1140,analytics_output/openalex_author_candidates.csv,387,PERS_f7c7adc7,В. В. Донских,todo,,https://openalex.org/A5046111751,,,display_name; В. В. Донских; 28; 0.3
openalex_identity,1140,analytics_output/openalex_author_candidates.csv,173,PERS_69750b7c,В. Н. Мазурина,todo,,https://openalex.org/A5054632025,,,display_name; В. Н. Мазурина; 104; 0.3
openalex_identity,1140,analytics_output/openalex_author_candidates.csv,156,PERS_5e2a5a5c,Е. В. Столярова,todo,,https://openalex.org/A5007174778,,,display_name; Е. В. Столярова; 11; 0.2
openalex_identity,1140,analytics_output/openalex_author_candidates.csv,379,PERS_8108c314,Ерченков Олег Николаевич,todo,,https://openalex.org/A5091242566,,,cyrillic_fullname; Ерченков Олег Николаевич; 1; 0.0
openalex_identity,1140,analytics_output/openalex_author_candidates.csv,382,PERS_f56c5a7e,Жукова Любовь Евгеньевна,todo,,https://openalex.org/A5121518727,,,cyrillic_fullname; Жукова Любовь Евгеньевна; 4; 0.2
openalex_identity,1140,analytics_output/openalex_author_candidates.csv,145,PERS_6e211759,Иванов Владимир Павлович,todo,,https://openalex.org/A5000955374,,,cyrillic_fullname; Иванов Владимир Павлович; 5; 0.2
openalex_identity,1140,analytics_output/openalex_author_candidates.csv,383,PERS_3009a9e0,Коган Антон Ильич,todo,,https://openalex.org/A5050278883,,,cyrillic_fullname; Коган Антон Ильич; 5; 0.2
openalex_identity,1140,analytics_output/openalex_author_candidates.csv,107,PERS_23215083,М. А. Русанов,todo,,https://openalex.org/A5030526905,,,display_name; М. А. Русанов; 1; 0.0
openalex_identity,1140,analytics_output/openalex_author_candidates.csv,108,PERS_23215083,М. А. Русанов,todo,,https://openalex.org/A5037809403,,,display_name; М. А. Русанов; 1; 0.0
openalex_identity,1140,analytics_output/openalex_author_candidates.csv,109,PERS_23215083,М. А. Русанов,todo,,https://openalex.org/A5069391088,,,display_name; М. А. Русанов; 1; 0.0
openalex_identity,1140,analytics_output/openalex_author_candidates.csv,110,PERS_23215083,М. А. Русанов,todo,,https://openalex.org/A5011387204,,,display_name; М. А. Русанов; 1; 0.0
openalex_identity,1140,analytics_output/openalex_author_candidates.csv,187,PERS_01aafd44,Н. А. Сафина,todo,,https://openalex.org/A5110999788,,,display_name; Н. А. Сафина; 34; 0.3
openalex_identity,1140,analytics_output/openalex_author_candidates.csv,179,PERS_8df3730a,С. С. Донченко,todo,,https://openalex.org/A5069340734,,,display_name; С. С. Донченко; 31; 0.3
openalex_identity,1140,analytics_output/openalex_author_candidates.csv,180,PERS_8df3730a,С. С. Донченко,todo,,https://openalex.org/A5101411315,,,display_name; С. С. Донченко; 39; 0.3
openalex_identity,1140,analytics_output/openalex_author_candidates.csv,181,PERS_8df3730a,С. С. Донченко,todo,,https://openalex.org/A5101411314,,,display_name; С. С. Донченко; 16; 0.3
openalex_identity,1140,analytics_output/openalex_author_candidates.csv,183,PERS_8df3730a,С. С. Донченко,todo,,https://openalex.org/A5079321610,,,display_name; С. С. Донченко; 7; 0.3
openalex_identity,1140,analytics_output/openalex_author_candidates.csv,381,PERS_7f908d49,Стрельцова Лилия Александровна,todo,,https://openalex.org/A5040327332,,,cyrillic_fullname; Стрельцова Лилия Александровна; 1; 0.0
openalex_identity,1140,analytics_output/openalex_author_candidates.csv,394,PERS_42da4866,Стукалин Глеб Дмитриевич,todo,,https://openalex.org/A5054908445,,,cyrillic_fullname; Стукалин Глеб Дмитриевич; 4; 0.3
openalex_identity,1140,analytics_output/openalex_author_candidates.csv,115,PERS_7eb0dc30,Т. А. Зимина,todo,,https://openalex.org/A5024865055,,,display_name; Т. А. Зимина; 2; 0.1
openalex_identity,1140,analytics_output/openalex_author_candidates.csv,111,PERS_f8ab5755,Т. И. Оранская,todo,,https://openalex.org/A5123333194,,,display_name; Т. И. Оранская; 1; 0.0
openalex_identity,1140,analytics_output/openalex_author_candidates.csv,161,PERS_06ee047f,Ю. И. Елихина,todo,,https://openalex.org/A5028328615,,,display_name; Ю. И. Елихина; 6; 0.2
wikipedia_identity,1140,analytics_output/wikipedia_authority_candidates.csv,656,PERS_088c4df7,Атманова Юлия Георгиевна,todo,no_hit,,,,0
wikipedia_identity,1140,analytics_output/wikipedia_authority_candidates.csv,510,PERS_30b54681,Бушуев Евгений Сергеевич,todo,weak_search_hit; weak_candidate,https://ru.wikipedia.org/wiki/%D0%A1%D0%BF%D0%B8%D1%81%D0%BE%D0%BA_%D0%BD%D0%B0%D1%80%D0%BE%D0%B4%D0%BD%D1%8B%D1%85_%D0%B4%D0%B5%D0%BF%D1%83%D1%82%D0%B0%D1%82%D0%BE%D0%B2_%D0%A1%D0%A1%D0%A1%D0%A0,,,"Алексеев, Сергей Сергеевич Алексеева, Лидия Михайловна Алексеенко, Михаил Григорьевич Алескерова, Рухи Мурсал кызы Алёшин, Евгений Павлович Алиева, Гюллю; 30"
wikipedia_identity,1140,analytics_output/wikipedia_authority_candidates.csv,657,PERS_0fd718a7,Воздиган Ксения Михайловна,todo,no_hit,,,,0
wikipedia_identity,1140,analytics_output/wikipedia_authority_candidates.csv,511,PERS_bcaec2d8,Дружинин Владимир Юрьевич,todo,weak_search_hit; weak_candidate,https://ru.wikipedia.org/wiki/%D0%A8%D0%B0%D0%BA%D1%83%D0%BD%D0%BE%D0%B2%2C_%D0%98%D0%BB%D1%8C%D1%8F_%D0%AE%D1%80%D1%8C%D0%B5%D0%B2%D0%B8%D1%87,,,"Илья́ Ю́рьевич Шакуно́в (род. 13 августа 1970, Ленинград) — российский актёр театра, кино и телевидения. В разделе не хватает ссылок на источники (см.; 30"
wikipedia_identity,1140,analytics_output/wikipedia_authority_candidates.csv,512,PERS_4fff9d16,Минаева Мария Дмитриевна,todo,weak_search_hit; weak_candidate,https://ru.wikipedia.org/wiki/%D0%A0%D0%B5%D1%88%D0%B5%D1%82%D0%BD%D0%B8%D0%BA%D0%BE%D0%B2%D0%B0%2C_%D0%95%D0%BA%D0%B0%D1%82%D0%B5%D1%80%D0%B8%D0%BD%D0%B0_%D0%94%D0%BC%D0%B8%D1%82%D1%80%D0%B8%D0%B5%D0%B2%D0%BD%D0%B0,,,"Екатерина Дмитриевна Решетникова (род. 23 июля 1976 года, Ленинград, СССР) — российская актриса театра и кино. Екатерина Решетникова родилась 23 июля 1976; 30"
wikipedia_identity,1140,analytics_output/wikipedia_authority_candidates.csv,513,PERS_3d3b302d,Соболева Диана Владимировна,todo,weak_search_hit; weak_candidate,https://ru.wikipedia.org/wiki/%D0%9C%D0%B0%D0%BA%D0%B0%D1%80%D0%BE%D0%B2%D0%B0%2C_%D0%95%D0%BA%D0%B0%D1%82%D0%B5%D1%80%D0%B8%D0%BD%D0%B0_%D0%92%D0%BB%D0%B0%D0%B4%D0%B8%D0%BC%D0%B8%D1%80%D0%BE%D0%B2%D0%BD%D0%B0,,,дискуссию можно найти на странице обсуждения. (26 февраля 2025) Екатерина Владимировна Макарова (род. 15 февраля 1996) — российская профессиональная теннисистка; 30
wikipedia_identity,1140,analytics_output/wikipedia_authority_candidates.csv,514,PERS_3d3b302d,Соболева Диана Владимировна,todo,weak_search_hit; weak_candidate,https://ru.wikipedia.org/wiki/%D0%9F%D0%BE%D0%BA%D1%80%D0%BE%D0%B2%D1%81%D0%BA%D0%B8%D0%B9_%D1%81%D0%BE%D0%B1%D0%BE%D1%80_%28%D0%9C%D0%B0%D1%80%D1%84%D0%BE-%D0%9C%D0%B0%D1%80%D0%B8%D0%B8%D0%BD%D1%81%D0%BA%D0%B0%D1%8F_%D0%BE%D0%B1%D0%B8%D1%82%D0%B5%D0%BB%D1%8C%29,,,стен. Член-корреспондент Российской академии художеств Диана Кейпен-Вардиц (Кейпен-Вардиц Диана Валерьевна.) писала в книге «Храмовое зодчество А. В. Щусева»; 30
wikipedia_identity,1140,analytics_output/wikipedia_authority_candidates.csv,515,PERS_3d3b302d,Соболева Диана Владимировна,todo,weak_search_hit; weak_candidate,https://ru.wikipedia.org/wiki/%D0%A1%D0%BF%D0%B8%D1%81%D0%BE%D0%BA_%D0%BF%D1%80%D0%BE%D1%84%D0%B5%D1%81%D1%81%D0%BE%D1%80%D0%BE%D0%B2_%D0%A0%D0%90%D0%9D,,,"Андрей Вадимович Тюрин, Николай Андреевич Тютюма, Наталья Владимировна Удут, Елена Владимировна Упадышев, Михаил Тарьевич Усачёв, Андрей Сергеевич [кс]; 30"
wikipedia_identity,1140,analytics_output/wikipedia_authority_candidates.csv,516,PERS_0a2e5f24,Тишин Владимир Владимирович,todo,weak_search_hit; weak_candidate,https://ru.wikipedia.org/wiki/%D0%92%D1%8B%D1%81%D0%BE%D1%86%D0%BA%D0%B8%D0%B9%2C_%D0%90%D1%80%D0%BA%D0%B0%D0%B4%D0%B8%D0%B9_%D0%92%D0%BB%D0%B0%D0%B4%D0%B8%D0%BC%D0%B8%D1%80%D0%BE%D0%B2%D0%B8%D1%87,,,"Арка́дий Влади́мирович Высо́цкий (род. 29 ноября 1962 (1962-11-29), Москва, СССР) — советский и российский актёр, сценарист, преподаватель. Сын заслуженного; 30"
wikipedia_identity,1140,analytics_output/wikipedia_authority_candidates.csv,517,PERS_0a2e5f24,Тишин Владимир Владимирович,todo,weak_search_hit; weak_candidate,https://ru.wikipedia.org/wiki/%D0%9F%D1%80%D0%B5%D1%81%D0%BD%D1%8F%D0%BA%D0%BE%D0%B2%2C_%D0%92%D0%BB%D0%B0%D0%B4%D0%B8%D0%BC%D0%B8%D1%80_%D0%92%D0%BB%D0%B0%D0%B4%D0%B8%D0%BC%D0%B8%D1%80%D0%BE%D0%B2%D0%B8%D1%87,,,"Влади́мир Влади́мирович Пресняко́в (также известен как Владимир Пресняков-младший; род. 29 марта 1968, Свердловск) — советский и российский эстрадный; 30"
wikipedia_identity,1140,analytics_output/wikipedia_authority_candidates.csv,518,PERS_b2c121e9,Успенская Елена Николаевна,todo,weak_search_hit; weak_candidate,https://ru.wikipedia.org/wiki/%D0%91%D0%B0%D1%82%D1%83%D1%80%D0%B8%D0%BD%D0%B0%2C_%D0%95%D0%BB%D0%B5%D0%BD%D0%B0_%D0%9D%D0%B8%D0%BA%D0%BE%D0%BB%D0%B0%D0%B5%D0%B2%D0%BD%D0%B0,,,"Еле́на Никола́евна Бату́рина (род. 8 марта 1963, Москва) — российская и международная предпринимательница и филантроп, основатель крупной инвестиционно-строительной; 30"
wikipedia_identity,1140,analytics_output/wikipedia_authority_candidates.csv,519,PERS_b881461b,Яковлева Мария Николаевна,todo,weak_search_hit; weak_candidate,https://ru.wikipedia.org/wiki/%D0%9C%D0%B0%D1%80%D0%B8%D1%8F_%D0%9D%D0%B8%D0%BA%D0%BE%D0%BB%D0%B0%D0%B5%D0%B2%D0%BD%D0%B0_%28%D0%B2%D0%B5%D0%BB%D0%B8%D0%BA%D0%B0%D1%8F_%D0%BA%D0%BD%D1%8F%D0%B6%D0%BD%D0%B0%29,,,"Мари́я Никола́евна (26 июня 1899, Петергоф, Санкт-Петербургская губерния — 17 июля 1918, Дом Ипатьева, Пермская губерния) — русская великая княжна из династии; 30"
openalex_identity,1150,analytics_output/openalex_author_candidates.csv,224,PERS_3074a8e5,А. А. Терентьев,todo,,https://openalex.org/A5011872408,,,display_name; А. А. Терентьев; 411; 0.3
openalex_identity,1150,analytics_output/openalex_author_candidates.csv,225,PERS_3074a8e5,А. А. Терентьев,todo,,https://openalex.org/A5113823259,,,display_name; А. А. Терентьев; 91; 0.3
openalex_identity,1150,analytics_output/openalex_author_candidates.csv,226,PERS_3074a8e5,А. А. Терентьев,todo,,https://openalex.org/A5017655745,,,display_name; А. А. Терентьев; 72; 0.3
openalex_identity,1150,analytics_output/openalex_author_candidates.csv,227,PERS_3074a8e5,А. А. Терентьев,todo,,https://openalex.org/A5087605850,,,display_name; А. А. Терентьев; 62; 0.3
openalex_identity,1150,analytics_output/openalex_author_candidates.csv,228,PERS_3074a8e5,А. А. Терентьев,todo,,https://openalex.org/A5113892003,,,display_name; А. А. Терентьев; 53; 0.3
openalex_identity,1150,analytics_output/openalex_author_candidates.csv,169,PERS_40375fef,А. К. Васильев,todo,,https://openalex.org/A5019420990,,,display_name; А. К. Васильев; 6; 0.2
openalex_identity,1150,analytics_output/openalex_author_candidates.csv,386,PERS_30b54681,Бушуев Евгений Сергеевич,todo,,https://openalex.org/A5021875093,,,cyrillic_fullname; Бушуев Евгений Сергеевич; 5; 0.2
openalex_identity,1150,analytics_output/openalex_author_candidates.csv,391,PERS_f7c7adc7,В. В. Донских,todo,,https://openalex.org/A5121294499,,,display_name; В. В. Донских; 9; 0.2
openalex_identity,1150,analytics_output/openalex_author_candidates.csv,174,PERS_69750b7c,В. Н. Мазурина,todo,,https://openalex.org/A5108079693,,,display_name; В. Н. Мазурина; 5; 0.2
openalex_identity,1150,analytics_output/openalex_author_candidates.csv,202,PERS_37d557c2,Д. Д. Анисимова,todo,,https://openalex.org/A5093829441,,,display_name; Д. Д. Анисимова; 3; 0.3
openalex_identity,1150,analytics_output/openalex_author_candidates.csv,112,PERS_c6bbcef3,Е. А. Битинайте,todo,,https://openalex.org/A5041383292,,,display_name; Е. А. Битинайте; 1; 0.0
openalex_identity,1150,analytics_output/openalex_author_candidates.csv,119,PERS_22d87263,Е. А. Костина,todo,,https://openalex.org/A5041275522,,,display_name; Е. А. Костина; 2; 0.0
openalex_identity,1150,analytics_output/openalex_author_candidates.csv,120,PERS_22d87263,Е. А. Костина,todo,,https://openalex.org/A5060410372,,,display_name; Е. А. Костина; 1; 0.0
openalex_identity,1150,analytics_output/openalex_author_candidates.csv,121,PERS_22d87263,Е. А. Костина,todo,,https://openalex.org/A5125226199,,,display_name; Е. А. Костина; 1; 0.0
openalex_identity,1150,analytics_output/openalex_author_candidates.csv,122,PERS_22d87263,Е. А. Костина,todo,,https://openalex.org/A5040764784,,,display_name; Е. А. Костина; 1; 0.0
openalex_identity,1150,analytics_output/openalex_author_candidates.csv,123,PERS_22d87263,Е. А. Костина,todo,,https://openalex.org/A5011302618,,,display_name; Е. А. Костина; 1; 0.0
openalex_identity,1150,analytics_output/openalex_author_candidates.csv,151,PERS_2a2e5602,Е. В. Коровина,todo,,https://openalex.org/A5078391421,,,display_name; Е. В. Коровина; 1; 0.1
openalex_identity,1150,analytics_output/openalex_author_candidates.csv,200,PERS_cdbd7a15,Кулланда Сергей Всеволодович,todo,,https://openalex.org/A5027066457,,,latin_name; Sergey Kullanda; 1; 0.3
openalex_identity,1150,analytics_output/openalex_author_candidates.csv,124,PERS_0c451d76,Лобанов Сергей Владимирович,todo,,https://openalex.org/A5051159463,,,cyrillic_fullname; Лобанов Сергей Владимирович; 1; 0.0
openalex_identity,1150,analytics_output/openalex_author_candidates.csv,211,PERS_35c57654,М. А. Егорова,todo,,https://openalex.org/A5114039283,,,display_name; М. А. Егорова; 23; 0.3
openalex_identity,1150,analytics_output/openalex_author_candidates.csv,212,PERS_35c57654,М. А. Егорова,todo,,https://openalex.org/A5101495931,,,display_name; М. А. Егорова; 35; 0.3
openalex_identity,1150,analytics_output/openalex_author_candidates.csv,213,PERS_35c57654,М. А. Егорова,todo,,https://openalex.org/A5014381676,,,display_name; М. А. Егорова; 95; 0.3
openalex_identity,1150,analytics_output/openalex_author_candidates.csv,125,PERS_92f293f8,П. В. Хрущева,todo,,https://openalex.org/A5121864296,,,display_name; П. В. Хрущева; 1; 0.0
openalex_identity,1150,analytics_output/openalex_author_candidates.csv,126,PERS_92f293f8,П. В. Хрущева,todo,,https://openalex.org/A5019924020,,,display_name; П. В. Хрущева; 1; 0.0
openalex_identity,1150,analytics_output/openalex_author_candidates.csv,127,PERS_92f293f8,П. В. Хрущева,todo,,https://openalex.org/A5080674053,,,display_name; П. В. Хрущева; 2; 0.0
openalex_identity,1150,analytics_output/openalex_author_candidates.csv,128,PERS_92f293f8,П. В. Хрущева,todo,,https://openalex.org/A5074748202,,,display_name; П. В. Хрущева; 2; 0.0
openalex_identity,1150,analytics_output/openalex_author_candidates.csv,207,PERS_0a2e5f24,Тишин Владимир Владимирович,todo,,https://openalex.org/A5045438997,,,cyrillic_fullname; Тишин Владимир Владимирович; 86; 0.3
openalex_identity,1150,analytics_output/openalex_author_candidates.csv,208,PERS_0a2e5f24,Тишин Владимир Владимирович,todo,,https://openalex.org/A5109430602,,,cyrillic_fullname; Тишин Владимир Владимирович; 26; 0.3
openalex_identity,1150,analytics_output/openalex_author_candidates.csv,395,PERS_b2c121e9,Успенская Елена Николаевна,todo,,https://openalex.org/A5085684393,,,cyrillic_fullname; Успенская Елена Николаевна; 4; 0.2
openalex_identity,1150,analytics_output/openalex_author_candidates.csv,230,PERS_6ae5c779,Фивейская Анастасия Васильевна,todo,,https://openalex.org/A5062023677,,,latin_name; Anastasia Fiveyskaya; 1; 0.3
openalex_identity,1150,analytics_output/openalex_author_candidates.csv,397,PERS_3e952361,Хохлов Александр Николаевич,todo,,https://openalex.org/A5030317670,,,cyrillic_fullname; Хохлов Александр Николаевич; 27; 0.2
openalex_identity,1150,analytics_output/openalex_author_candidates.csv,398,PERS_3e952361,Хохлов Александр Николаевич,todo,,https://openalex.org/A5010125601,,,cyrillic_fullname; Хохлов Александр Николаевич; 10; 0.2
openalex_identity,1150,analytics_output/openalex_author_candidates.csv,134,PERS_0665f215,Шохин Владимир Кириллович,todo,,https://openalex.org/A5121443443,,,cyrillic_fullname; Шохин Владимир Кириллович; 1; 0.0
openalex_identity,1150,analytics_output/openalex_author_candidates.csv,197,PERS_b881461b,Яковлева Мария Николаевна,todo,,https://openalex.org/A5001945001,,,cyrillic_fullname; Яковлева Мария Николаевна; 4; 0.2
wikipedia_identity,1150,analytics_output/wikipedia_authority_candidates.csv,520,PERS_7bbed51a,А. Л. Сладков,todo,weak_search_hit; weak_candidate,https://ru.wikipedia.org/wiki/%D0%A1%D0%BB%D0%B0%D0%B4%D0%BA%D0%B0%D1%8F_%D0%B6%D0%B5%D0%BD%D1%89%D0%B8%D0%BD%D0%B0_%28%D1%84%D0%B8%D0%BB%D1%8C%D0%BC%29,,,"Горькая сладость? // Комсомольская правда, 13 августа 1977 Соколова Л . Сладкая женщина (1976) // Великие советские фильмы. 100 фильмов, ставших легендами; 30"
wikipedia_identity,1150,analytics_output/wikipedia_authority_candidates.csv,521,PERS_37d557c2,Анисимова Дарья Дмитриевна,todo,weak_search_hit; weak_candidate,https://ru.wikipedia.org/wiki/%D0%A1%D0%B0%D0%BC%D1%81%D0%BE%D0%BD%D0%BE%D0%B2%D0%B0%2C_%D0%9B%D1%8E%D0%B4%D0%BC%D0%B8%D0%BB%D0%B0_%D0%94%D0%BC%D0%B8%D1%82%D1%80%D0%B8%D0%B5%D0%B2%D0%BD%D0%B0,,,"Людми́ла Дми́триевна Самсо́нова (род. 11 ноября 1998, Оленегорск, Мурманская область) — российская теннисистка, по ходу игровой карьеры также представлявшая; 30"
wikipedia_identity,1150,analytics_output/wikipedia_authority_candidates.csv,522,PERS_c31236d2,Березкин Юрий Евгеньевич,todo,weak_search_hit; weak_candidate,https://ru.wikipedia.org/wiki/%D0%91%D0%B5%D1%80%D1%91%D0%B7%D0%BA%D0%B8%D0%BD,,,"Смоленской епархии. Берёзкин , Фёдор Фёдорович (1894—1976) — советский хирург, профессор, генерал-майор медицинской службы. Берёзкин , Юрий Евгеньевич (род. 1946) —; 30"
wikipedia_identity,1150,analytics_output/wikipedia_authority_candidates.csv,523,PERS_c31236d2,Березкин Юрий Евгеньевич,todo,weak_search_hit; weak_candidate,https://ru.wikipedia.org/wiki/%D0%91%D0%B5%D1%80%D1%91%D0%B7%D0%BA%D0%B8%D0%BD%2C_%D0%AE%D1%80%D0%B8%D0%B9_%D0%95%D0%B2%D0%B3%D0%B5%D0%BD%D1%8C%D0%B5%D0%B2%D0%B8%D1%87,,,"Ю́рий Евге́ньевич Берёзкин (род. 27 декабря 1946, Ленинград) — российский историк, археолог, этнограф, специалист по сравнительной мифологии, истории и; 30"
wikipedia_identity,1150,analytics_output/wikipedia_authority_candidates.csv,524,PERS_7da0afff,Демичев Кирилл Андреевич,todo,weak_search_hit; weak_candidate,https://ru.wikipedia.org/wiki/%D0%94%D0%B5%D0%BC%D0%B8%D1%87%2C_%D0%AE%D1%80%D0%B8%D0%B9_%D0%90%D0%BB%D0%B5%D0%BA%D1%81%D0%B0%D0%BD%D0%B4%D1%80%D0%BE%D0%B2%D0%B8%D1%87,,,"Ю́рий Алекса́ндрович Де́мич (18 августа 1948, Магадан — 24 декабря 1990, Москва) — советский актёр театра и кино. Заслуженный артист РСФСР (1982). Лауреат; 30"
wikipedia_identity,1150,analytics_output/wikipedia_authority_candidates.csv,525,PERS_7da0afff,Демичев Кирилл Андреевич,todo,weak_search_hit; weak_candidate,https://ru.wikipedia.org/wiki/%D0%9B%D0%B0%D0%B2%D1%80%D0%BE%D0%B2%2C_%D0%9A%D0%B8%D1%80%D0%B8%D0%BB%D0%BB_%D0%AE%D1%80%D1%8C%D0%B5%D0%B2%D0%B8%D1%87,,,"Кири́лл Ю́рьевич Лавро́в (15 сентября 1925, Ленинград, РСФСР, СССР — 27 апреля 2007, Санкт-Петербург, Россия) — советский и российский актёр и режиссёр; 30"
wikipedia_identity,1150,analytics_output/wikipedia_authority_candidates.csv,526,PERS_7da0afff,Демичев Кирилл Андреевич,todo,weak_search_hit; weak_candidate,https://ru.wikipedia.org/wiki/%D0%A3%D1%80%D1%83%D1%81%D0%BE%D0%B2%D0%B0%2C_%D0%95%D0%B2%D0%B4%D0%BE%D0%BA%D0%B8%D1%8F_%D0%AE%D1%80%D1%8C%D0%B5%D0%B2%D0%BD%D0%B0,,,"Урусов Никита Юрьевич (1906—1985), инженер-геодезист. Брат — Урусов (Волков) Кирилл Юрьевич (1910—1976), геолог. Был арестован в 1933 году; в 1936 году, женившись; 30"
wikipedia_identity,1150,analytics_output/wikipedia_authority_candidates.csv,527,PERS_fc976255,Комаров Эрик Наумович,todo,weak_search_hit; weak_candidate,https://ru.wikipedia.org/wiki/%D0%9F%D1%81%D0%B5%D0%B2%D0%B4%D0%BE%D0%BD%D0%B8%D0%BC,,,Пьер Пейро Франсис Карсак — Франсуа Борд Шолом-Алейхем — Соломон (Шолом) Наумович (Нохумович) Рабинович Эдуард Багрицкий — Эдуард Георгиевич Дзюбин Эдуард; 30
wikipedia_identity,1150,analytics_output/wikipedia_authority_candidates.csv,528,PERS_fc976255,Комаров Эрик Наумович,todo,weak_search_hit; weak_candidate,https://ru.wikipedia.org/wiki/%D0%A3%D0%BC%D0%B5%D1%80%D1%88%D0%B8%D0%B5_%D0%B2_%D1%84%D0%B5%D0%B2%D1%80%D0%B0%D0%BB%D0%B5_2026_%D0%B3%D0%BE%D0%B4%D0%B0,,,"американский конструктор автомобилей и предприниматель [308]. Камельзон, Владимир Наумович (87) — советский и российский тренер по теннису, заслуженный тренер России; 30"
wikipedia_identity,1150,analytics_output/wikipedia_authority_candidates.csv,658,PERS_db0a826b,Комарова Ирина Нигматовна,todo,no_hit,,,,0
wikipedia_identity,1150,analytics_output/wikipedia_authority_candidates.csv,529,PERS_d4c2cc5e,Лучина Татьяна Владимировна,todo,weak_search_hit; weak_candidate,https://ru.wikipedia.org/wiki/%D0%92%D0%B0%D1%81%D0%BD%D0%B5%D1%86%D0%BE%D0%B2%2C_%D0%92%D0%B8%D0%BA%D1%82%D0%BE%D1%80_%D0%9C%D0%B8%D1%85%D0%B0%D0%B9%D0%BB%D0%BE%D0%B2%D0%B8%D1%87,,,"заведующим, Татьяна Викторовна принимала посетителей в мастерской, Зинаида Константиновна продавала билеты, а вдова художника Александра Владимировна поила; 30"
wikipedia_identity,1150,analytics_output/wikipedia_authority_candidates.csv,530,PERS_d4c2cc5e,Лучина Татьяна Владимировна,todo,weak_search_hit; weak_candidate,https://ru.wikipedia.org/wiki/%D0%92%D1%8B%D0%B1%D0%BE%D1%80%D1%8B_%D0%B2_%D0%9C%D0%BE%D1%81%D0%BA%D0%BE%D0%B2%D1%81%D0%BA%D1%83%D1%8E_%D0%B3%D0%BE%D1%80%D0%BE%D0%B4%D1%81%D0%BA%D1%83%D1%8E_%D0%B4%D1%83%D0%BC%D1%83_%282019%29,,,"31,85 % Андреева Александра Сергеевна КПРФ 5855 17,90 % Гордиенко Татьяна Владимировна Коммунисты России 1466 4,48 % Косова Вера Александровна ЛДПР 1395; 30"
wikipedia_identity,1150,analytics_output/wikipedia_authority_candidates.csv,531,PERS_d4c2cc5e,Лучина Татьяна Владимировна,todo,weak_search_hit; weak_candidate,https://ru.wikipedia.org/wiki/%D0%A1%D0%BF%D0%B8%D1%81%D0%BE%D0%BA_%D0%B4%D0%B5%D0%BB%D0%B5%D0%B3%D0%B0%D1%82%D0%BE%D0%B2_XIX_%D0%BA%D0%BE%D0%BD%D1%84%D0%B5%D1%80%D0%B5%D0%BD%D1%86%D0%B8%D0%B8_%D0%9A%D0%9F%D0%A1%D0%A1,,,"Бекназаров, Халкназар Белая, Татьяна Ивановна Белецкий, Всеволод Владимирович Белик, Валентин Васильевич Белик, Татьяна Владимировна Белицкий, Николай Григорьевич; 30"
wikipedia_identity,1150,analytics_output/wikipedia_authority_candidates.csv,532,PERS_68e9019d,Малютин Иван Иванович,todo,weak_search_hit; weak_candidate,https://ru.wikipedia.org/wiki/%D0%92%D0%B0%D1%81%D0%B8%D0%BB%D0%B8%D0%B9_IV_%D0%A8%D1%83%D0%B9%D1%81%D0%BA%D0%B8%D0%B9,,,"Васи́лий IV Ива́нович Шу́йский (ок. 1552, Нижний Новгород, Русское царство — 12 сентября 1612, Гостынин, Речь Посполитая) — русский царь с 1606 по 1610 год; 30"
wikipedia_identity,1150,analytics_output/wikipedia_authority_candidates.csv,533,PERS_68e9019d,Малютин Иван Иванович,todo,weak_search_hit; weak_candidate,https://ru.wikipedia.org/wiki/%D0%A8%D0%B8%D1%88%D0%BA%D0%B8%D0%BD%2C_%D0%98%D0%B2%D0%B0%D0%BD_%D0%98%D0%B2%D0%B0%D0%BD%D0%BE%D0%B2%D0%B8%D1%87,,,"Ива́н Ива́нович Ши́шкин (13 (25) января 1832, Елабуга, Вятская губерния — 8 (20) марта 1898, Санкт-Петербург) — русский живописец и график, один из самых; 30"
wikipedia_identity,1150,analytics_output/wikipedia_authority_candidates.csv,534,PERS_2e00cb36,Меренкова Ольга Николаевна,todo,weak_search_hit; weak_candidate,https://ru.wikipedia.org/wiki/%D0%9F%D0%B0%D0%BB%D0%BA%D0%B8%D0%BD%D0%B0%2C_%D0%9A%D1%81%D0%B5%D0%BD%D0%B8%D1%8F_%D0%9D%D0%B8%D0%BA%D0%BE%D0%BB%D0%B0%D0%B5%D0%B2%D0%BD%D0%B0,,,"обсуждение — на странице Википедия:К улучшению/25 февраля 2025. Ксения Николаевна Палкина (в период замужества — Улукан; род. 13 декабря 1989, Комсомольск-на-Амуре; 30"
wikipedia_identity,1150,analytics_output/wikipedia_authority_candidates.csv,535,PERS_cca8f93d,Немчинов Виктор Михайлович,todo,weak_search_hit; weak_candidate,https://ru.wikipedia.org/wiki/%D0%90%D0%BB%D0%B5%D0%BA%D1%81%D0%B5%D0%B9_%D0%9C%D0%B8%D1%85%D0%B0%D0%B9%D0%BB%D0%BE%D0%B2%D0%B8%D1%87,,,"21 (31) октября 1674 г. Алексей Михайлович устроил для себя и ближних людей пир, который сопровождался очень необычной потехой: «Играл в арганы немчин , и в сурну, и в; 30"
wikipedia_identity,1150,analytics_output/wikipedia_authority_candidates.csv,536,PERS_34c0d384,Павлова Мария Борисовна,todo,weak_search_hit; weak_candidate,https://ru.wikipedia.org/wiki/%D0%9A%D0%B0%D0%BC%D0%B5%D0%BD%D0%BA%D0%BE%D0%B2%D0%B0%2C_%D0%90%D0%BD%D0%BD%D0%B0_%D0%A1%D0%B5%D0%BC%D1%91%D0%BD%D0%BE%D0%B2%D0%BD%D0%B0,,,"А́нна Семёновна Каменко́ва (Каменко́ва- Па́влова ; род. 27 апреля 1953, Москва) — советская и российская актриса театра, кино и дубляжа; заслуженная артистка; 30"
wikipedia_identity,1150,analytics_output/wikipedia_authority_candidates.csv,537,PERS_34c0d384,Павлова Мария Борисовна,todo,weak_search_hit; weak_candidate,https://ru.wikipedia.org/wiki/%D0%9D%D0%B0%D1%80%D1%83%D1%81%D0%BE%D0%B2%D0%B0%2C_%D0%9B%D1%8E%D0%B4%D0%BC%D0%B8%D0%BB%D0%B0_%D0%91%D0%BE%D1%80%D0%B8%D1%81%D0%BE%D0%B2%D0%BD%D0%B0,,,Нарусовой Людмилы Борисовны Нарусова Людмила Борисовна . Совет Федерации Нарусова Людмила Борисовна . НПП Гарант-Сервис Нарусова Людмила Борисовна . RIN.ru Нарусова; 30
wikipedia_identity,1150,analytics_output/wikipedia_authority_candidates.csv,538,PERS_7700f517,Парамонов Денис Олегович,todo,weak_search_hit; weak_candidate,https://ru.wikipedia.org/wiki/%D0%90%D0%BA%D1%80%D0%BE%D0%BD_%28%D1%84%D1%83%D1%82%D0%B1%D0%BE%D0%BB%D1%8C%D0%BD%D1%8B%D0%B9_%D0%BA%D0%BB%D1%83%D0%B1%29,,,"изменения: Дмитрий Годунок занял место и. о. главного тренера, тренер вратарей Денис Соловьёв сохранил место, а тренер Николай Котовец покинул штаб вместе с; 30"
wikipedia_identity,1150,analytics_output/wikipedia_authority_candidates.csv,539,PERS_40f75cf9,Роман Лилия Геннадьевна,todo,weak_search_hit; weak_candidate,https://ru.wikipedia.org/wiki/%D0%9A%D0%BE%D0%BC%D0%B1%D0%B8%D0%BD%D0%B0%D1%86%D0%B8%D1%8F_%28%D0%B3%D1%80%D1%83%D0%BF%D0%BF%D0%B0%29,,,"(1995—2000, 2002—2013, c 2015) Алёна Антонова — клавишные, бэк-вокал (с 2008) Лилия Терещенко — ударные (с 2018) По специальным поводам (выступления на фестивале; 30"
wikipedia_identity,1150,analytics_output/wikipedia_authority_candidates.csv,540,PERS_40f75cf9,Роман Лилия Геннадьевна,todo,weak_search_hit; weak_candidate,https://ru.wikipedia.org/wiki/%D0%9C%D0%B0%D0%BB%D0%B8%D0%BA%D0%BE%D0%B2%D0%B0%2C_%D0%95%D0%BA%D0%B0%D1%82%D0%B5%D1%80%D0%B8%D0%BD%D0%B0_%D0%93%D0%B5%D0%BD%D0%BD%D0%B0%D0%B4%D1%8C%D0%B5%D0%B2%D0%BD%D0%B0,,,"Екатери́на Генна́дьевна Ма́ликова (род. 5 марта 1982, Коломна, Московская область, РСФСР, СССР) — российская актриса театра и кино, модель. Родилась в; 30"
wikipedia_identity,1150,analytics_output/wikipedia_authority_candidates.csv,541,PERS_40f75cf9,Роман Лилия Геннадьевна,todo,weak_search_hit; weak_candidate,https://ru.wikipedia.org/wiki/%D0%9F%D0%B5%D1%82%D1%80%D0%BE%D0%B2%D0%B0%2C_%D0%93%D0%B0%D0%BB%D0%B8%D0%BD%D0%B0_%D0%9B%D0%B5%D0%BE%D0%BD%D0%B8%D0%B4%D0%BE%D0%B2%D0%BD%D0%B0,,,"работают Даша и Лена 2012 — Светофор (5-й, 6-й и 9-й сезоны) — Дина Геннадьевна Калачёва, мать Паши 2012 — Новогодний переполох — Зинаида Павловна, мать; 30"
wikipedia_identity,1150,analytics_output/wikipedia_authority_candidates.csv,542,PERS_37f98454,Рудой Валерий Исаакович,todo,weak_search_hit; weak_candidate,https://ru.wikipedia.org/wiki/%D0%9A%D0%B0%D0%BB%D1%8F%D0%B3%D0%B8%D0%BD%2C_%D0%90%D0%BB%D0%B5%D0%BA%D1%81%D0%B0%D0%BD%D0%B4%D1%80_%D0%90%D0%BB%D0%B5%D0%BA%D1%81%D0%B0%D0%BD%D0%B4%D1%80%D0%BE%D0%B2%D0%B8%D1%87,,,"грамматических ошибок о своём желании стать актёром и нежелании учиться. Аркадий Исаакович ответил на письмо: «Саша, я верю в труд. Что такое труд? Труд — это основа; 30"
wikipedia_identity,1150,analytics_output/wikipedia_authority_candidates.csv,543,PERS_37f98454,Рудой Валерий Исаакович,todo,weak_search_hit; weak_candidate,https://ru.wikipedia.org/wiki/%D0%9A%D0%B8%D1%80%D1%81%D0%B0%D0%BD%D0%BE%D0%B2%2C_%D0%A1%D0%B5%D0%BC%D1%91%D0%BD_%D0%98%D1%81%D0%B0%D0%B0%D0%BA%D0%BE%D0%B2%D0%B8%D1%87,,,"Семён Исаа́кович Кирса́нов (фамилия при рождении — Ко́ртчик; 5 [18] сентября 1906, Одесса, Херсонская губерния, Российская империя — 10 декабря 1972, Москва; 30"
wikipedia_identity,1150,analytics_output/wikipedia_authority_candidates.csv,659,PERS_f940c5b3,Стрелкова Гюзэль Владимировна,todo,no_hit,,,,0
wikipedia_identity,1150,analytics_output/wikipedia_authority_candidates.csv,544,PERS_42da4866,Стукалин Глеб Дмитриевич,todo,weak_search_hit; weak_candidate,https://ru.wikipedia.org/wiki/%D0%A1%D0%BF%D0%B8%D1%81%D0%BE%D0%BA_%D0%B4%D0%B5%D0%BB%D0%B5%D0%B3%D0%B0%D1%82%D0%BE%D0%B2_XXIV_%D1%81%D1%8A%D0%B5%D0%B7%D0%B4%D0%B0_%D0%9A%D0%9F%D0%A1%D0%A1,,,"Иванович Лиханов, Глеб Николаевич Лихуша, Лидия Фёдоровна Лицкевич, Татьяна Тихоновна Лобазова, Мария Андреевна Лобанов, Вячеслав Дмитриевич Лобанов, Иван; 30"
wikipedia_identity,1150,analytics_output/wikipedia_authority_candidates.csv,545,PERS_42da4866,Стукалин Глеб Дмитриевич,todo,weak_search_hit; weak_candidate,https://ru.wikipedia.org/wiki/%D0%A1%D0%BF%D0%B8%D1%81%D0%BE%D0%BA_%D0%B4%D0%B5%D0%BB%D0%B5%D0%B3%D0%B0%D1%82%D0%BE%D0%B2_XXVI_%D1%81%D1%8A%D0%B5%D0%B7%D0%B4%D0%B0_%D0%9A%D0%9F%D0%A1%D0%A1,,,"Фарман Гусейн оглы Байцур, Глеб Григорьевич Баканов, Виктор Георгиевич Бакин, Борис Владимирович Бакулин, Рудольф Дмитриевич Бакушева, Нина Павловна Бакчеева; 30"
wikipedia_identity,1150,analytics_output/wikipedia_authority_candidates.csv,546,PERS_de59a2bc,Шарыгин Глеб Витальевич,todo,weak_search_hit; weak_candidate,https://ru.wikipedia.org/wiki/%D0%92%D1%8B%D0%B1%D0%BE%D1%80%D1%8B_%D0%B2_%D0%97%D0%B0%D0%BA%D0%BE%D0%BD%D0%BE%D0%B4%D0%B0%D1%82%D0%B5%D0%BB%D1%8C%D0%BD%D0%BE%D0%B5_%D1%81%D0%BE%D0%B1%D1%80%D0%B0%D0%BD%D0%B8%D0%B5_%D0%9D%D0%B8%D0%B6%D0%B5%D0%B3%D0%BE%D1%80%D0%BE%D0%B4%D1%81%D0%BA%D0%BE%D0%B9_%D0%BE%D0%B1%D0%BB%D0%B0%D1%81%D1%82%D0%B8_%282021%29,,,Дата 19 сентября 2021 года Явка 47.62% Кандидаты Фото­графия Глава партии Глеб Никитин Владислав Егоров Евгений Прилепин Партия Единая Россия КПРФ Справедливая; 30
wikipedia_identity,1150,analytics_output/wikipedia_authority_candidates.csv,547,PERS_929cab5a,Ю. В. Предтеченская,todo,weak_search_hit; weak_candidate,https://ru.wikipedia.org/wiki/%D0%93%D0%B0%D0%B3%D0%B0%D1%80%D0%B8%D0%BD%2C_%D0%AE%D1%80%D0%B8%D0%B9_%D0%90%D0%BB%D0%B5%D0%BA%D1%81%D0%B5%D0%B5%D0%B2%D0%B8%D1%87,,,"Похоронена на главной аллее Предтеченского кладбища города Гагарин. Её дочь, Тамара Дмитриевна Филатова — заведующая отделом Музея Ю . А. Гагарина (г. Гагарин); 30"
openalex_identity,1160,analytics_output/openalex_author_candidates.csv,233,PERS_856eb5c6,V. Shukla,todo,,https://openalex.org/A5006331157,,,display_name; V. Shukla; 369; 0.3
openalex_identity,1160,analytics_output/openalex_author_candidates.csv,234,PERS_856eb5c6,V. Shukla,todo,,https://openalex.org/A5012355980,,,display_name; V. Shukla; 829; 0.3
openalex_identity,1160,analytics_output/openalex_author_candidates.csv,235,PERS_856eb5c6,V. Shukla,todo,,https://openalex.org/A5043025936,,,display_name; V. Shukla; 945; 0.3
openalex_identity,1160,analytics_output/openalex_author_candidates.csv,236,PERS_856eb5c6,V. Shukla,todo,,https://openalex.org/A5080458870,,,display_name; V. Shukla; 96; 0.3
openalex_identity,1160,analytics_output/openalex_author_candidates.csv,237,PERS_856eb5c6,V. Shukla,todo,,https://openalex.org/A5062789556,,,display_name; V. Shukla; 67; 0.3
openalex_identity,1160,analytics_output/openalex_author_candidates.csv,246,PERS_2011b78d,А. В. Бондарев,todo,,https://openalex.org/A5053431810,,,display_name; А. В. Бондарев; 28; 0.3
openalex_identity,1160,analytics_output/openalex_author_candidates.csv,247,PERS_2011b78d,А. В. Бондарев,todo,,https://openalex.org/A5082631361,,,display_name; А. В. Бондарев; 27; 0.3
openalex_identity,1160,analytics_output/openalex_author_candidates.csv,248,PERS_2011b78d,А. В. Бондарев,todo,,https://openalex.org/A5071277830,,,display_name; А. В. Бондарев; 17; 0.3
openalex_identity,1160,analytics_output/openalex_author_candidates.csv,249,PERS_2011b78d,А. В. Бондарев,todo,,https://openalex.org/A5109390323,,,display_name; А. В. Бондарев; 18; 0.3
openalex_identity,1160,analytics_output/openalex_author_candidates.csv,250,PERS_2011b78d,А. В. Бондарев,todo,,https://openalex.org/A5110594732,,,display_name; А. В. Бондарев; 46; 0.3
openalex_identity,1160,analytics_output/openalex_author_candidates.csv,274,PERS_c2ffc606,А. О. Драчук,todo,,https://openalex.org/A5038394510,,,display_name; А. О. Драчук; 30; 0.3
openalex_identity,1160,analytics_output/openalex_author_candidates.csv,331,PERS_26ce5ec1,Б. Нина,todo,,https://openalex.org/A5016619380,,,display_name; Б. Нина; 95; 0.3
openalex_identity,1160,analytics_output/openalex_author_candidates.csv,332,PERS_26ce5ec1,Б. Нина,todo,,https://openalex.org/A5009581070,,,display_name; Б. Нина; 30; 0.3
openalex_identity,1160,analytics_output/openalex_author_candidates.csv,231,PERS_c31236d2,Березкин Юрий Евгеньевич,todo,,https://openalex.org/A5078194106,,,cyrillic_fullname; Березкин Юрий Евгеньевич; 14; 0.2
openalex_identity,1160,analytics_output/openalex_author_candidates.csv,232,PERS_c31236d2,Березкин Юрий Евгеньевич,todo,,https://openalex.org/A5014561160,,,cyrillic_fullname; Березкин Юрий Евгеньевич; 7; 0.2
openalex_identity,1160,analytics_output/openalex_author_candidates.csv,269,PERS_5f6689e8,В. А. Дмитриева,todo,,https://openalex.org/A5091242991,,,display_name; В. А. Дмитриева; 16; 0.3
openalex_identity,1160,analytics_output/openalex_author_candidates.csv,270,PERS_5f6689e8,В. А. Дмитриева,todo,,https://openalex.org/A5035012118,,,display_name; В. А. Дмитриева; 10; 0.3
openalex_identity,1160,analytics_output/openalex_author_candidates.csv,339,PERS_a0f3d86d,В. А. Сергеева,todo,,https://openalex.org/A5004097597,,,display_name; В. А. Сергеева; 27; 0.3
openalex_identity,1160,analytics_output/openalex_author_candidates.csv,340,PERS_a0f3d86d,В. А. Сергеева,todo,,https://openalex.org/A5021713020,,,display_name; В. А. Сергеева; 63; 0.3
openalex_identity,1160,analytics_output/openalex_author_candidates.csv,341,PERS_a0f3d86d,В. А. Сергеева,todo,,https://openalex.org/A5088062204,,,display_name; В. А. Сергеева; 73; 0.3
openalex_identity,1160,analytics_output/openalex_author_candidates.csv,342,PERS_a0f3d86d,В. А. Сергеева,todo,,https://openalex.org/A5042436225,,,display_name; В. А. Сергеева; 40; 0.3
openalex_identity,1160,analytics_output/openalex_author_candidates.csv,343,PERS_a0f3d86d,В. А. Сергеева,todo,,https://openalex.org/A5090904947,,,display_name; В. А. Сергеева; 10; 0.3
openalex_identity,1160,analytics_output/openalex_author_candidates.csv,294,PERS_e96139bd,В. Б. Коробов,todo,,https://openalex.org/A5052641700,,,display_name; В. Б. Коробов; 156; 0.3
openalex_identity,1160,analytics_output/openalex_author_candidates.csv,295,PERS_e96139bd,В. Б. Коробов,todo,,https://openalex.org/A5041427200,,,display_name; В. Б. Коробов; 8; 0.3
openalex_identity,1160,analytics_output/openalex_author_candidates.csv,251,PERS_61de659d,В. Н. Белов,todo,,https://openalex.org/A5042798414,,,display_name; В. Н. Белов; 17; 0.3
openalex_identity,1160,analytics_output/openalex_author_candidates.csv,252,PERS_61de659d,В. Н. Белов,todo,,https://openalex.org/A5020859823,,,display_name; В. Н. Белов; 64; 0.3
openalex_identity,1160,analytics_output/openalex_author_candidates.csv,140,PERS_45a76880,Д. А. Кораблин,todo,,https://openalex.org/A5042450535,,,display_name; Д. А. Кораблин; 1; 0.0
openalex_identity,1160,analytics_output/openalex_author_candidates.csv,418,PERS_940c556e,Д. А. Шереметьев,todo,,https://openalex.org/A5014898773,,,display_name; Д. А. Шереметьев; 5; 0.3
openalex_identity,1160,analytics_output/openalex_author_candidates.csv,419,PERS_940c556e,Д. А. Шереметьев,todo,,https://openalex.org/A5015894668,,,display_name; Д. А. Шереметьев; 16; 0.3
openalex_identity,1160,analytics_output/openalex_author_candidates.csv,268,PERS_526da44f,Д. С. Шапошникова,todo,,https://openalex.org/A5112914845,,,display_name; Д. С. Шапошникова; 44; 0.3
openalex_identity,1160,analytics_output/openalex_author_candidates.csv,216,PERS_7da0afff,Демичев Кирилл Андреевич,todo,,https://openalex.org/A5066200563,,,cyrillic_fullname; Демичев Кирилл Андреевич; 8; 0.2
openalex_identity,1160,analytics_output/openalex_author_candidates.csv,422,PERS_4831e64b,Е. Анохина,todo,,https://openalex.org/A5001979983,,,display_name; Е. Анохина; 47; 0.3
openalex_identity,1160,analytics_output/openalex_author_candidates.csv,423,PERS_4831e64b,Е. Анохина,todo,,https://openalex.org/A5080304510,,,display_name; Е. Анохина; 4; 0.3
openalex_identity,1160,analytics_output/openalex_author_candidates.csv,424,PERS_4831e64b,Е. Анохина,todo,,https://openalex.org/A5008726100,,,display_name; Е. Анохина; 29; 0.3
openalex_identity,1160,analytics_output/openalex_author_candidates.csv,147,PERS_2a2e5602,Е. В. Коровина,todo,,https://openalex.org/A5083401611,,,display_name; Е. В. Коровина; 2; 0.0
openalex_identity,1160,analytics_output/openalex_author_candidates.csv,148,PERS_2a2e5602,Е. В. Коровина,todo,,https://openalex.org/A5006773869,,,display_name; Е. В. Коровина; 1; 0.0
openalex_identity,1160,analytics_output/openalex_author_candidates.csv,149,PERS_2a2e5602,Е. В. Коровина,todo,,https://openalex.org/A5074614759,,,display_name; Е. В. Коровина; 1; 0.0
openalex_identity,1160,analytics_output/openalex_author_candidates.csv,150,PERS_2a2e5602,Е. В. Коровина,todo,,https://openalex.org/A5043987711,,,display_name; Е. В. Коровина; 1; 0.0
openalex_identity,1160,analytics_output/openalex_author_candidates.csv,281,PERS_6b867946,Е. В. Смирнова,todo,,https://openalex.org/A5100678925,,,display_name; Е. В. Смирнова; 95; 0.3
openalex_identity,1160,analytics_output/openalex_author_candidates.csv,282,PERS_6b867946,Е. В. Смирнова,todo,,https://openalex.org/A5100678922,,,display_name; Е. В. Смирнова; 45; 0.3
openalex_identity,1160,analytics_output/openalex_author_candidates.csv,283,PERS_6b867946,Е. В. Смирнова,todo,,https://openalex.org/A5103264824,,,display_name; Е. В. Смирнова; 39; 0.3
openalex_identity,1160,analytics_output/openalex_author_candidates.csv,284,PERS_6b867946,Е. В. Смирнова,todo,,https://openalex.org/A5042005083,,,display_name; Е. В. Смирнова; 44; 0.3
openalex_identity,1160,analytics_output/openalex_author_candidates.csv,285,PERS_6b867946,Е. В. Смирнова,todo,,https://openalex.org/A5100802411,,,display_name; Е. В. Смирнова; 25; 0.3
openalex_identity,1160,analytics_output/openalex_author_candidates.csv,158,PERS_5e2a5a5c,Е. В. Столярова,todo,,https://openalex.org/A5098561932,,,display_name; Е. В. Столярова; 1; 0.0
openalex_identity,1160,analytics_output/openalex_author_candidates.csv,159,PERS_5e2a5a5c,Е. В. Столярова,todo,,https://openalex.org/A5073271120,,,display_name; Е. В. Столярова; 1; 0.0
openalex_identity,1160,analytics_output/openalex_author_candidates.csv,160,PERS_5e2a5a5c,Е. В. Столярова,todo,,https://openalex.org/A5051569369,,,display_name; Е. В. Столярова; 1; 0.0
openalex_identity,1160,analytics_output/openalex_author_candidates.csv,325,PERS_38c5f03f,Железнова Наталья Анатольевна,todo,,https://openalex.org/A5006191853,,,cyrillic_fullname; Железнова Наталья Анатольевна; 10; 0.3
openalex_identity,1160,analytics_output/openalex_author_candidates.csv,346,PERS_58e18506,И. А. Соколова,todo,,https://openalex.org/A5113504362,,,display_name; И. А. Соколова; 154; 0.3
openalex_identity,1160,analytics_output/openalex_author_candidates.csv,347,PERS_58e18506,И. А. Соколова,todo,,https://openalex.org/A5039390623,,,display_name; И. А. Соколова; 24; 0.3
openalex_identity,1160,analytics_output/openalex_author_candidates.csv,348,PERS_58e18506,И. А. Соколова,todo,,https://openalex.org/A5068680935,,,display_name; И. А. Соколова; 11; 0.3
openalex_identity,1160,analytics_output/openalex_author_candidates.csv,349,PERS_58e18506,И. А. Соколова,todo,,https://openalex.org/A5090969605,,,display_name; И. А. Соколова; 5; 0.3
openalex_identity,1160,analytics_output/openalex_author_candidates.csv,433,PERS_a4c4c35e,И. В. Калинина,todo,,https://openalex.org/A5003731782,,,display_name; И. В. Калинина; 121; 0.3
openalex_identity,1160,analytics_output/openalex_author_candidates.csv,434,PERS_a4c4c35e,И. В. Калинина,todo,,https://openalex.org/A5009913376,,,display_name; И. В. Калинина; 19; 0.3
openalex_identity,1160,analytics_output/openalex_author_candidates.csv,143,PERS_db0a826b,И. Н. Комарова,todo,,https://openalex.org/A5027802951,,,display_name; И. Н. Комарова; 1; 0.0
openalex_identity,1160,analytics_output/openalex_author_candidates.csv,144,PERS_db0a826b,И. Н. Комарова,todo,,https://openalex.org/A5012269669,,,display_name; И. Н. Комарова; 1; 0.0
openalex_identity,1160,analytics_output/openalex_author_candidates.csv,146,PERS_6e211759,Иванов Владимир Павлович,todo,,https://openalex.org/A5050269451,,,cyrillic_fullname; Иванов Владимир Павлович; 2; 0.0
openalex_identity,1160,analytics_output/openalex_author_candidates.csv,384,PERS_3009a9e0,Коган Антон Ильич,todo,,https://openalex.org/A5120833124,,,cyrillic_fullname; Коган Антон Ильич; 1; 0.0
openalex_identity,1160,analytics_output/openalex_author_candidates.csv,441,PERS_d6ade703,Кожевникова Маргарита Николаевна,todo,,https://openalex.org/A5000735699,,,cyrillic_fullname; Кожевникова Маргарита Николаевна; 26; 0.3
openalex_identity,1160,analytics_output/openalex_author_candidates.csv,442,PERS_d6ade703,Кожевникова Маргарита Николаевна,todo,,https://openalex.org/A5113456099,,,cyrillic_fullname; Кожевникова Маргарита Николаевна; 10; 0.3
openalex_identity,1160,analytics_output/openalex_author_candidates.csv,299,PERS_9366fe2c,Л. Э. Крыштоп,todo,,https://openalex.org/A5062543300,,,display_name; Л. Э. Крыштоп; 43; 0.3
openalex_identity,1160,analytics_output/openalex_author_candidates.csv,214,PERS_35c57654,М. А. Егорова,todo,,https://openalex.org/A5045919925,,,display_name; М. А. Егорова; 4; 0.2
openalex_identity,1160,analytics_output/openalex_author_candidates.csv,446,PERS_57082cac,М. А. Овчинникова,todo,,https://openalex.org/A5080418609,,,display_name; М. А. Овчинникова; 9; 0.3
openalex_identity,1160,analytics_output/openalex_author_candidates.csv,447,PERS_57082cac,М. А. Овчинникова,todo,,https://openalex.org/A5077512744,,,display_name; М. А. Овчинникова; 3; 0.3
openalex_identity,1160,analytics_output/openalex_author_candidates.csv,308,PERS_47ad46f1,М. А. Родионов,todo,,https://openalex.org/A5066202536,,,display_name; М. А. Родионов; 63; 0.3
openalex_identity,1160,analytics_output/openalex_author_candidates.csv,309,PERS_47ad46f1,М. А. Родионов,todo,,https://openalex.org/A5080528578,,,display_name; М. А. Родионов; 91; 0.3
openalex_identity,1160,analytics_output/openalex_author_candidates.csv,310,PERS_47ad46f1,М. А. Родионов,todo,,https://openalex.org/A5050290156,,,display_name; М. А. Родионов; 3; 0.3
openalex_identity,1160,analytics_output/openalex_author_candidates.csv,451,PERS_d851ac20,М. В. Вершинина,todo,,https://openalex.org/A5087606946,,,display_name; М. В. Вершинина; 37; 0.3
openalex_identity,1160,analytics_output/openalex_author_candidates.csv,452,PERS_d851ac20,М. В. Вершинина,todo,,https://openalex.org/A5102370289,,,display_name; М. В. Вершинина; 14; 0.3
openalex_identity,1160,analytics_output/openalex_author_candidates.csv,315,PERS_f1f2471d,М. М. Игнатова,todo,,https://openalex.org/A5007947107,,,display_name; М. М. Игнатова; 117; 0.3
openalex_identity,1160,analytics_output/openalex_author_candidates.csv,316,PERS_f1f2471d,М. М. Игнатова,todo,,https://openalex.org/A5080546739,,,display_name; М. М. Игнатова; 52; 0.3
openalex_identity,1160,analytics_output/openalex_author_candidates.csv,317,PERS_f1f2471d,М. М. Игнатова,todo,,https://openalex.org/A5024170356,,,display_name; М. М. Игнатова; 18; 0.3
openalex_identity,1160,analytics_output/openalex_author_candidates.csv,318,PERS_f1f2471d,М. М. Игнатова,todo,,https://openalex.org/A5073515433,,,display_name; М. М. Игнатова; 11; 0.3
openalex_identity,1160,analytics_output/openalex_author_candidates.csv,319,PERS_f1f2471d,М. М. Игнатова,todo,,https://openalex.org/A5006629859,,,display_name; М. М. Игнатова; 4; 0.3
openalex_identity,1160,analytics_output/openalex_author_candidates.csv,152,PERS_3c7d41ac,М. С. Фомин,todo,,https://openalex.org/A5072788584,,,display_name; М. С. Фомин; 1; 0.0
openalex_identity,1160,analytics_output/openalex_author_candidates.csv,153,PERS_3c7d41ac,М. С. Фомин,todo,,https://openalex.org/A5008768363,,,display_name; М. С. Фомин; 2; 0.0
openalex_identity,1160,analytics_output/openalex_author_candidates.csv,154,PERS_3c7d41ac,М. С. Фомин,todo,,https://openalex.org/A5075160971,,,display_name; М. С. Фомин; 1; 0.0
openalex_identity,1160,analytics_output/openalex_author_candidates.csv,155,PERS_3c7d41ac,М. С. Фомин,todo,,https://openalex.org/A5121190914,,,display_name; М. С. Фомин; 2; 0.0
openalex_identity,1160,analytics_output/openalex_author_candidates.csv,401,PERS_2e00cb36,Меренкова Ольга Николаевна,todo,,https://openalex.org/A5045736166,,,cyrillic_fullname; Меренкова Ольга Николаевна; 4; 0.2
openalex_identity,1160,analytics_output/openalex_author_candidates.csv,465,PERS_fa58484d,Н. А. Александрова,todo,,https://openalex.org/A5112399936,,,display_name; Н. А. Александрова; 10; 0.3
openalex_identity,1160,analytics_output/openalex_author_candidates.csv,467,PERS_fa58484d,Н. А. Александрова,todo,,https://openalex.org/A5112227406,,,display_name; Н. А. Александрова; 7; 0.3
openalex_identity,1160,analytics_output/openalex_author_candidates.csv,362,PERS_a638a4b3,Н. Л. Федорова,todo,,https://openalex.org/A5071294005,,,display_name; Н. Л. Федорова; 4; 0.3
openalex_identity,1160,analytics_output/openalex_author_candidates.csv,223,PERS_e5a5ac24,Невелева Светлана Леонидовна,todo,,https://openalex.org/A5019366243,,,cyrillic_fullname; Невелева Светлана Леонидовна; 3; 0.2
openalex_identity,1160,analytics_output/openalex_author_candidates.csv,182,PERS_8df3730a,С. С. Донченко,todo,,https://openalex.org/A5029684074,,,display_name; С. С. Донченко; 2; 0.1
openalex_identity,1160,analytics_output/openalex_author_candidates.csv,474,PERS_72d46eb6,С. С. Чистяков,todo,,https://openalex.org/A5078845683,,,display_name; С. С. Чистяков; 9; 0.3
openalex_identity,1160,analytics_output/openalex_author_candidates.csv,479,PERS_dd17649f,Светлов Роман Викторович,todo,,https://openalex.org/A5017758369,,,cyrillic_fullname; Светлов Роман Викторович; 27; 0.3
openalex_identity,1160,analytics_output/openalex_author_candidates.csv,480,PERS_dd17649f,Светлов Роман Викторович,todo,,https://openalex.org/A5075857841,,,cyrillic_fullname; Светлов Роман Викторович; 60; 0.3
openalex_identity,1160,analytics_output/openalex_author_candidates.csv,485,PERS_bbd15f4f,Степин А. А.,todo,,https://openalex.org/A5034641410,,,cyrillic_fullname; Степин А. А.; 123; 0.3
openalex_identity,1160,analytics_output/openalex_author_candidates.csv,293,PERS_af811d47,Т. Г. Корнеева,todo,,https://openalex.org/A5032232887,,,display_name; Т. Г. Корнеева; 15; 0.3
openalex_identity,1160,analytics_output/openalex_author_candidates.csv,351,PERS_5bbfea37,Т. Т. Скороходова,todo,,https://openalex.org/A5059374225,,,display_name; Т. Т. Скороходова; 32; 0.3
openalex_identity,1160,analytics_output/openalex_author_candidates.csv,352,PERS_5bbfea37,Т. Т. Скороходова,todo,,https://openalex.org/A5110607392,,,display_name; Т. Т. Скороходова; 4; 0.3
openalex_identity,1160,analytics_output/openalex_author_candidates.csv,354,PERS_5bbfea37,Т. Т. Скороходова,todo,,https://openalex.org/A5036974327,,,display_name; Т. Т. Скороходова; 43; 0.3
openalex_identity,1160,analytics_output/openalex_author_candidates.csv,385,PERS_554c138a,Хмуркин Георгий Георгиевич,todo,,https://openalex.org/A5027497609,,,cyrillic_fullname; Хмуркин Георгий Георгиевич; 1; 0.0
openalex_identity,1160,analytics_output/openalex_author_candidates.csv,493,PERS_94aa5d0a,Чернавин Георгий Игоревич,todo,,https://openalex.org/A5023233303,,,cyrillic_fullname; Чернавин Георгий Игоревич; 21; 0.3
wikipedia_identity,1160,analytics_output/wikipedia_authority_candidates.csv,548,PERS_f2a6e31a,A. Х. Шoмaxмадов,todo,weak_search_hit; weak_candidate,https://ru.wikipedia.org/wiki/%D0%9D%D0%B8%D1%82%D0%B8%D1%80%D1%8D%D0%BD,,,"Association, 2002. — ISBN 978-0824825515. Медиафайлы на Викискладе Шомахмадов С. Х . Буддийская концепция власти согласно теократической доктрине Нитирэна; 30"
wikipedia_identity,1160,analytics_output/wikipedia_authority_candidates.csv,549,PERS_f2a6e31a,A. Х. Шoмaxмадов,todo,weak_search_hit; weak_candidate,https://ru.wikipedia.org/wiki/%D0%9D%D0%B8%D1%82%D0%B8%D1%80%D1%8D%D0%BD_%28%D0%B1%D1%83%D0%B4%D0%B4%D0%B8%D0%B7%D0%BC%29,,,Ноилмара. — С. 252-254. — 39 000 экз. — ISBN 978-5-89572-058-5. С. Х . Шомахмадов . Подвижник «Лотосовой сутры» Нитирэн и его теократическая доктрина Архивная; 30
wikipedia_identity,1160,analytics_output/wikipedia_authority_candidates.csv,550,PERS_bbd15f4f,А. А. Степин,todo,weak_search_hit; weak_candidate,https://ru.wikipedia.org/wiki/%D0%A1%D1%82%D1%91%D0%BF%D0%B8%D0%BD%2C_%D0%90%D0%BB%D0%B5%D0%BA%D1%81%D0%B5%D0%B9_%D0%90%D0%BD%D0%B0%D1%82%D0%BE%D0%BB%D1%8C%D0%B5%D0%B2%D0%B8%D1%87,,,"Алексей Анатольевич Стёпин (5 сентября 1968, Казань — 1 октября 2025, Москва) — российский певец, композитор, поэт, продюсер. Родился и вырос в Казани; 30"
wikipedia_identity,1160,analytics_output/wikipedia_authority_candidates.csv,551,PERS_bbd15f4f,А. А. Степин,todo,weak_search_hit; weak_candidate,https://ru.wikipedia.org/wiki/%D0%A1%D1%82%D1%91%D0%BF%D0%B8%D0%BD%2C_%D0%94%D0%B0%D0%BD%D0%B8%D1%8D%D0%BB%D1%8C,,,"Даниэль Стёпин (род. 8 апреля 1986, УССР, СССР) — израильский актёр, переводчик, композитор, выпускник Высшей школы исполнительских искусств «Бейт Цви»; 30"
wikipedia_identity,1160,analytics_output/wikipedia_authority_candidates.csv,552,PERS_bbd15f4f,А. А. Степин,todo,weak_search_hit; weak_candidate,https://ru.wikipedia.org/wiki/%D0%A1%D1%82%D1%91%D0%BF%D0%B8%D0%BD%2C_%D0%98%D0%B3%D0%BE%D1%80%D1%8C_%D0%92%D0%B8%D0%BA%D1%82%D0%BE%D1%80%D0%BE%D0%B2%D0%B8%D1%87,,,"И́горь Ви́кторович Стёпин (21 января 1967, Одесса — 16 мая 2018, Вильнюс) — советский и российский художник, муж и соавтор Светланы Мартынчик, с которой; 30"
wikipedia_identity,1160,analytics_output/wikipedia_authority_candidates.csv,553,PERS_d17a6a92,А. В. Киняева,todo,weak_search_hit; weak_candidate,https://ru.wikipedia.org/wiki/%D0%9A%D0%B8%D0%BD%D1%8F%D0%B5%D0%B2%D0%BE,,,"Киняево — деревня в Орехово-Зуевском районе Московской области. Входит в состав Горского сельского поселения, до муниципальной реформы — в составе Горского; 30"
wikipedia_identity,1160,analytics_output/wikipedia_authority_candidates.csv,554,PERS_d17a6a92,А. В. Киняева,todo,weak_search_hit; weak_candidate,https://ru.wikipedia.org/wiki/%D0%A7%D0%B5%D1%80%D0%BD%D0%BE%D0%B1%D1%8B%D0%BB%D1%8C._%D0%97%D0%BE%D0%BD%D0%B0_%D0%BE%D1%82%D1%87%D1%83%D0%B6%D0%B4%D0%B5%D0%BD%D0%B8%D1%8F,,,"грабителем в Припять и случайным образом сначала попадают в множество невероятных ситуаций, а затем оказываются в прошлом. Город Припять является в сериале в двух; 30"
wikipedia_identity,1160,analytics_output/wikipedia_authority_candidates.csv,555,PERS_3d4df70f,Акимушкина Екатерина Олеговна,todo,weak_search_hit; weak_candidate,https://ru.wikipedia.org/wiki/%D0%9A%D1%83%D1%80%D1%81%D0%BA%D0%B8%D0%B9_%D0%B3%D0%BE%D1%81%D1%83%D0%B4%D0%B0%D1%80%D1%81%D1%82%D0%B2%D0%B5%D0%BD%D0%BD%D1%8B%D0%B9_%D0%B4%D1%80%D0%B0%D0%BC%D0%B0%D1%82%D0%B8%D1%87%D0%B5%D1%81%D0%BA%D0%B8%D0%B9_%D1%82%D0%B5%D0%B0%D1%82%D1%80_%D0%B8%D0%BC%D0%B5%D0%BD%D0%B8_%D0%90._%D0%A1._%D0%9F%D1%83%D1%88%D0%BA%D0%B8%D0%BD%D0%B0,,,Александр Игоревич Заслуженная артистка Курской области Лёгонькая Ольга Олеговна Заслуженная артистка России Манякина Людмила Владимировна Малихов Сергей; 30
wikipedia_identity,1160,analytics_output/wikipedia_authority_candidates.csv,556,PERS_51e0a171,Алешина Ирина Евгеньевна,todo,weak_search_hit; weak_candidate,https://ru.wikipedia.org/wiki/%D0%92%D0%B0%D1%81%D0%B8%D0%BB%D1%8C%D0%B5%D0%B2%D0%B0%2C_%D0%A2%D0%B0%D1%82%D1%8C%D1%8F%D0%BD%D0%B0_%D0%93%D1%80%D0%B8%D0%B3%D0%BE%D1%80%D1%8C%D0%B5%D0%B2%D0%BD%D0%B0,,,Увидеть Париж и умереть — Елена Орехова 1993 — Заложники «Дьявола» — Ирина Евгеньевна Гринберг 1993 — Кодекс бесчестия — Мария 1993 — Скандал в нашем Клошгороде; 30
wikipedia_identity,1160,analytics_output/wikipedia_authority_candidates.csv,557,PERS_51e0a171,Алешина Ирина Евгеньевна,todo,weak_search_hit; weak_candidate,https://ru.wikipedia.org/wiki/%D0%9B%D0%B0%D0%B2%D1%80%D0%BE%D0%B2%D0%B0%2C_%D0%A2%D0%B0%D1%82%D1%8C%D1%8F%D0%BD%D0%B0_%D0%95%D0%B2%D0%B3%D0%B5%D0%BD%D1%8C%D0%B5%D0%B2%D0%BD%D0%B0,,,"Татья́на Евге́ньевна Лавро́ва (псевдоним; настоящая фамилия — Андрика́нис; 7 июня 1938, Москва — 16 мая 2007, Москва) — советская и российская актриса; 30"
wikipedia_identity,1160,analytics_output/wikipedia_authority_candidates.csv,558,PERS_51e0a171,Алешина Ирина Евгеньевна,todo,weak_search_hit; weak_candidate,https://ru.wikipedia.org/wiki/%D0%9B%D0%B8%D0%BA%D1%81%D0%BE%2C_%D0%98%D1%80%D0%B8%D0%BD%D0%B0_%D0%90%D0%BD%D0%B0%D1%82%D0%BE%D0%BB%D1%8C%D0%B5%D0%B2%D0%BD%D0%B0,,,театра Ирина Ликсо. «Известия» Новодевичье кладбище . Дата обращения: 24 мая 2020. Архивировано 29 сентября 2020 года. КРАСНИКОВА Елена Евгеньевна . Дата; 30
wikipedia_identity,1160,analytics_output/wikipedia_authority_candidates.csv,559,PERS_180c5e5c,Арапов Александр Владиленович,todo,weak_search_hit; weak_candidate,https://ru.wikipedia.org/wiki/%D0%93%D0%BB%D1%83%D0%B7%D1%81%D0%BA%D0%B8%D0%B9%2C_%D0%9C%D0%B8%D1%85%D0%B0%D0%B8%D0%BB_%D0%90%D0%BD%D0%B4%D1%80%D0%B5%D0%B5%D0%B2%D0%B8%D1%87,,,"Сергеевич, учитель музыки 2001 — Выпуск № 143 (сюжет «Крик осла») — Михаил Владиленович , дедушка мальчика 1979 — Месяц длинных дней — Иван Фёдорович Званцев; 30"
wikipedia_identity,1160,analytics_output/wikipedia_authority_candidates.csv,560,PERS_180c5e5c,Арапов Александр Владиленович,todo,weak_search_hit; weak_candidate,https://ru.wikipedia.org/wiki/%D0%A4%D0%9A_%C2%AB%D0%A1%D0%BF%D0%B0%D1%80%D1%82%D0%B0%D0%BA-2%C2%BB_%D0%9C%D0%BE%D1%81%D0%BA%D0%B2%D0%B0_%D0%B2_%D1%81%D0%B5%D0%B7%D0%BE%D0%BD%D0%B5_2017/2018,,,общественностью Евгений Мележиков — директор по безопасности Александр Атаманенко — коммерческий директор Александр Цомая — директор по правовым вопросам Михаил Вартапетов —; 30
wikipedia_identity,1160,analytics_output/wikipedia_authority_candidates.csv,561,PERS_180c5e5c,Арапов Александр Владиленович,todo,weak_search_hit; weak_candidate,https://ru.wikipedia.org/wiki/%D0%A4%D0%9A_%C2%AB%D0%A1%D0%BF%D0%B0%D1%80%D1%82%D0%B0%D0%BA%C2%BB_%D0%9C%D0%BE%D1%81%D0%BA%D0%B2%D0%B0_%D0%B2_%D1%81%D0%B5%D0%B7%D0%BE%D0%BD%D0%B5_2014/2015,,,"Мельниченко, Алик Захитов, Александр Умётов, Михаил Филлипов, Владислав Терёшкин, Николай Фадеев, Антон Ходырев, Илья Кутепов, Александр Пуцко, Айдар Лисинков; 30"
wikipedia_identity,1160,analytics_output/wikipedia_authority_candidates.csv,562,PERS_839d97c7,Б. И. Загумённов,todo,weak_search_hit; weak_candidate,https://ru.wikipedia.org/wiki/%D0%97%D0%B0%D0%B3%D1%83%D0%BC%D0%B5%D0%BD%D1%8C%D0%B5,,,Загуменье — деревня в Красноборском районе Архангельской области России. Входит в состав Телеговского сельского поселения. Деревня находится в юго-восточной; 30
wikipedia_identity,1160,analytics_output/wikipedia_authority_candidates.csv,563,PERS_2011b78d,Бондарев Алексей Владимирович,todo,weak_search_hit; weak_candidate,https://ru.wikipedia.org/wiki/%D0%93%D0%B5%D1%80%D0%BE%D0%B9_%D0%A0%D0%BE%D1%81%D1%81%D0%B8%D0%B9%D1%81%D0%BA%D0%BE%D0%B9_%D0%A4%D0%B5%D0%B4%D0%B5%D1%80%D0%B0%D1%86%D0%B8%D0%B8,,,"Игорь Владимирович (27.10.1999, 512) Крюков, Олег Васильевич (27.10.1999, 513) Козин, Алексей Владимирович (12.11.1999, 514) Сарычев, Игорь Владимирович (12; 30"
wikipedia_identity,1160,analytics_output/wikipedia_authority_candidates.csv,564,PERS_dfaf6803,Борисов Яков Александрович,todo,weak_search_hit; weak_candidate,https://ru.wikipedia.org/wiki/%D0%91%D0%B0%D1%80%D0%B8%D0%BD%D0%BE%D0%B2%2C_%D0%92%D0%B0%D0%BB%D0%B5%D1%80%D0%B8%D0%B9_%D0%90%D0%BB%D0%B5%D0%BA%D1%81%D0%B0%D0%BD%D0%B4%D1%80%D0%BE%D0%B2%D0%B8%D1%87,,,"Вале́рий Алекса́ндрович Ба́ринов (род. 27 ноября 1945, дер. Жилина, Орловский район, Орловская область, СССР) — советский и российский актёр театра и кино;; 30"
wikipedia_identity,1160,analytics_output/wikipedia_authority_candidates.csv,565,PERS_dfaf6803,Борисов Яков Александрович,todo,weak_search_hit; weak_candidate,https://ru.wikipedia.org/wiki/%D0%94%D0%B0%D0%BD%D0%B8%D0%B8%D0%BB_%D0%90%D0%BB%D0%B5%D0%BA%D1%81%D0%B0%D0%BD%D0%B4%D1%80%D0%BE%D0%B2%D0%B8%D1%87,,,"Дании́л Алекса́ндрович (ноябрь/декабрь 1261 (1261) — 5 марта 1303, Москва) — младший сын Александра Невского, первый удельный князь Московский (с 1263; 30"
wikipedia_identity,1160,analytics_output/wikipedia_authority_candidates.csv,566,PERS_7efcddc6,Брылёва Наталья Анатольевна,todo,weak_search_hit; weak_candidate,https://ru.wikipedia.org/wiki/%D0%9E%D0%BF%D0%B5%D1%80%D0%BD%D0%B0%D1%8F_%D1%82%D1%80%D1%83%D0%BF%D0%BF%D0%B0_%D0%91%D0%BE%D0%BB%D1%8C%D1%88%D0%BE%D0%B3%D0%BE_%D1%82%D0%B5%D0%B0%D1%82%D1%80%D0%B0,,,"Карина (1999 — н. в.) Брылева , Елена Петровна (1988 — н. в.) Мещерякова, Марина Ивановна (1991 — н. в.) Евсеева, Елена Анатольевна (1994 — н. в.) Зеленская; 30"
wikipedia_identity,1160,analytics_output/wikipedia_authority_candidates.csv,567,PERS_85a048b8,В. Л. Денисенко,todo,weak_search_hit; weak_candidate,https://ru.wikipedia.org/wiki/%D0%95%D0%B2%D1%80%D0%BE%D0%B2%D0%B8%D0%B4%D0%B5%D0%BD%D0%B8%D0%B5-2025,,,"к участию в конкурсе, как это было в 2023 и 2024 годах, в которых Северная Македония в конечном счёте не участвовала. В конечном итоге, в окончательном; 30"
wikipedia_identity,1160,analytics_output/wikipedia_authority_candidates.csv,568,PERS_2c9b38ec,Ватман Семён Викторович,todo,weak_search_hit; weak_candidate,https://ru.wikipedia.org/wiki/%D0%9B%D0%B0%D1%83%D1%80%D0%B5%D0%B0%D1%82%D1%8B_%D0%93%D0%BE%D1%81%D1%83%D0%B4%D0%B0%D1%80%D1%81%D1%82%D0%B2%D0%B5%D0%BD%D0%BD%D0%BE%D0%B9_%D0%BF%D1%80%D0%B5%D0%BC%D0%B8%D0%B8_%D0%A1%D0%A1%D0%A1%D0%A0_%D0%B2_%D0%BE%D0%B1%D0%BB%D0%B0%D1%81%D1%82%D0%B8_%D0%BD%D0%B0%D1%83%D0%BA%D0%B8_%D0%B8_%D1%82%D0%B5%D1%85%D0%BD%D0%B8%D0%BA%D0%B8_%281976%E2%80%941980%29,,,"н. с. ВНИИКЭХ; Глухов, Семён Аркадьевич, ст. н. с. ВНИМП; Шулика, Валерий Петрович, гл. инженер, Лопатин, Владимир Викторович , нач. отдела, Ермолаев,; 30"
wikipedia_identity,1160,analytics_output/wikipedia_authority_candidates.csv,569,PERS_e8396809,Вишну Шукла,todo,weak_search_hit; weak_candidate,https://ru.wikipedia.org/wiki/%D0%98%D0%BD%D0%B4%D1%83%D0%B8%D0%B7%D0%BC,,,"Metaphysics» Page 21 Архивная копия от 13 апреля 2008 на Wayback Machine « Шукла Яджурведа» 26.2 Elenanor Zelliot, ""Caste in Contemporary India, "" in Rinehart; 30"
wikipedia_identity,1160,analytics_output/wikipedia_authority_candidates.csv,570,PERS_e8396809,Вишну Шукла,todo,weak_search_hit; weak_candidate,https://ru.wikipedia.org/wiki/%D0%A3%D0%BF%D0%B0%D0%BD%D0%B8%D1%88%D0%B0%D0%B4%D1%8B,,,к «Ригведе» 16 Упанишад относятся к «Самаведе» 19 Упанишад относятся к « Шукла Яджурведе» 32 Упанишады относятся к «Кришна Яджурведе» 31 Упанишада относятся; 30
wikipedia_identity,1160,analytics_output/wikipedia_authority_candidates.csv,571,PERS_e4aab278,Возчиков Дмитрий Викторович,todo,weak_search_hit; weak_candidate,https://ru.wikipedia.org/wiki/%D0%9B%D0%B5%D0%BD%D0%B8%D0%BD%D0%B3%D1%80%D0%B0%D0%B4%D1%81%D0%BA%D0%B8%D0%B9_%D0%BF%D0%B0%D1%80%D1%82%D0%B8%D0%B7%D0%B0%D0%BD%D1%81%D0%BA%D0%B8%D0%B9_%D0%BA%D1%80%D0%B0%D0%B9,,,Ленинградского штаба партизанского движения. В апреле 1944 года Александру Викторовичу Герману было посмертно присвоено звание Героя Советского Союза. За период; 30
wikipedia_identity,1160,analytics_output/wikipedia_authority_candidates.csv,572,PERS_e4aab278,Возчиков Дмитрий Викторович,todo,weak_search_hit; weak_candidate,https://ru.wikipedia.org/wiki/%D0%A2%D1%80%D0%B8_%D0%BC%D1%83%D1%88%D0%BA%D0%B5%D1%82%D1%91%D1%80%D0%B0_%28%D1%84%D0%B8%D0%BB%D1%8C%D0%BC%2C_2013%29,,,"известных, но не набивших оскомину у зрителей, — рассказывает Сергей Викторович . — Люди ведь очень устают от актёров, которые всё время мелькают в сериалах; 30"
wikipedia_identity,1160,analytics_output/wikipedia_authority_candidates.csv,573,PERS_e30ad8b7,Гавриков Денис Сергеевич,todo,weak_search_hit; weak_candidate,https://ru.wikipedia.org/wiki/%D0%9F%D0%BE_%D1%81%D0%B5%D0%BA%D1%80%D0%B5%D1%82%D1%83_%D0%B2%D1%81%D0%B5%D0%BC%D1%83_%D1%81%D0%B2%D0%B5%D1%82%D1%83_%28%D1%84%D0%B8%D0%BB%D1%8C%D0%BC%29,,,"Борис Сергеевич , учитель пения Мария Зинкевич — 1-я общественница Маргарита Громова — 2-я общественница Андрей Вертель — Алексеев, одноклассник Дениса Кораблёва; 30"
wikipedia_identity,1160,analytics_output/wikipedia_authority_candidates.csv,574,PERS_51524b11,Гладкова Анна Геннадьевна,todo,weak_search_hit; weak_candidate,https://ru.wikipedia.org/wiki/%D0%A1%D0%BF%D0%B8%D1%81%D0%BE%D0%BA_%D0%B4%D0%B5%D0%BB%D0%B5%D0%B3%D0%B0%D1%82%D0%BE%D0%B2_XXVII_%D1%81%D1%8A%D0%B5%D0%B7%D0%B4%D0%B0_%D0%9A%D0%9F%D0%A1%D0%A1,,,"Бедуля, Владимир Леонтьевич Безносова, Лилия Геннадьевна Безпальчук, Николай Антонович Безсмертная, Анна Ивановна Бейшекеева, Зайна Бекежанов, Жолдыбай; 30"
wikipedia_identity,1160,analytics_output/wikipedia_authority_candidates.csv,575,PERS_44440578,Грановская Хелена,todo,weak_search_hit; weak_candidate,https://ru.wikipedia.org/wiki/%D0%9C%D0%B0%D0%BA%D0%B1%D0%B5%D1%82_%28%D0%BF%D1%8C%D0%B5%D1%81%D0%B0%29,,,"Постановки в РСФСР: 23 августа 1918 — Петроград, цирк Чинизелли (реж. А. Грановский ; Макбет — Ю. Юрьев, леди Макбет — М. Андреева). Постановки в СССР: 1940 —; 30"
wikipedia_identity,1160,analytics_output/wikipedia_authority_candidates.csv,576,PERS_44440578,Грановская Хелена,todo,weak_search_hit; weak_candidate,https://ru.wikipedia.org/wiki/%D0%A0%D0%B5%D0%B9%D0%BD%D1%85%D0%B0%D1%80%D0%B4%D1%82%2C_%D0%9C%D0%B0%D0%BA%D1%81,,,"Макс Рейнхардт: Медиафайлы на Викискладе Мартель, Карл Герман — актёр. Грановский , Алексей Михайлович — режиссёр. Дитрих, Марлен — актриса, обучалась в; 30"
wikipedia_identity,1160,analytics_output/wikipedia_authority_candidates.csv,577,PERS_79ed852e,Д. А. Евграфов,todo,weak_search_hit; weak_candidate,https://ru.wikipedia.org/wiki/%D0%A0%D0%B5%D0%B9%D1%82%D0%B5%D1%80%D0%BD%2C_%D0%95%D0%B2%D0%B3%D1%80%D0%B0%D1%84_%D0%A0%D0%BE%D0%BC%D0%B0%D0%BD%D0%BE%D0%B2%D0%B8%D1%87,,,"Рейтерн, Евграф (Гергард) Романович // Русский биографический словарь : в 25 томах. — СПб., 1913. — Т. 16: Рейтерн — Рольцберг. — С. 1–4. Северюхин Д . Я. Евграф; 30"
wikipedia_identity,1160,analytics_output/wikipedia_authority_candidates.csv,578,PERS_940c556e,Д. А. Шереметьев,todo,weak_search_hit; weak_candidate,https://ru.wikipedia.org/wiki/%D0%A8%D0%B5%D1%80%D0%B5%D0%BC%D0%B5%D1%82%D0%B5%D0%B2%2C_%D0%91%D0%BE%D1%80%D0%B8%D1%81_%D0%9F%D0%B5%D1%82%D1%80%D0%BE%D0%B2%D0%B8%D1%87,,,"генерал-фельдмаршал Б. П. Шереметев возглавил пехоту, а генерал от кавалерии князь А . Д . Меншиков — кавалерию. В кампании 1708 года не оказал помощи А . И. Репнину в; 30"
wikipedia_identity,1160,analytics_output/wikipedia_authority_candidates.csv,579,PERS_940c556e,Д. А. Шереметьев,todo,weak_search_hit; weak_candidate,https://ru.wikipedia.org/wiki/%D0%A8%D0%B5%D1%80%D0%B5%D0%BC%D0%B5%D1%82%D0%B5%D0%B2%2C_%D0%94%D0%BC%D0%B8%D1%82%D1%80%D0%B8%D0%B9_%D0%9D%D0%B8%D0%BA%D0%BE%D0%BB%D0%B0%D0%B5%D0%B2%D0%B8%D1%87,,,"Александро-Невской лавре. Неустанно занимаясь делами благотворительности, граф Д . Н. Шереметев заслужил уважение и в обществе, и в императорской семье. Признанием; 30"
wikipedia_identity,1160,analytics_output/wikipedia_authority_candidates.csv,580,PERS_d018b6eb,Д. Валанчюнас,todo,weak_search_hit; weak_candidate,https://ru.wikipedia.org/wiki/%D0%A7%D0%B5%D0%BC%D0%BF%D0%B8%D0%BE%D0%BD%D0%B0%D1%82_%D0%95%D0%B2%D1%80%D0%BE%D0%BF%D1%8B_%D0%BF%D0%BE_%D0%B1%D0%B0%D1%81%D0%BA%D0%B5%D1%82%D0%B1%D0%BE%D0%BB%D1%83_2025,,,"континентальные чемпионаты стали проходить каждые четыре года (2017, 2021, 2025 и т. д .) и будут иметь систему квалификации, схожую с чемпионатом мира. Сенсацией; 30"
wikipedia_identity,1160,analytics_output/wikipedia_authority_candidates.csv,581,PERS_c2ffc606,Драчук Андрей Олегович,todo,weak_search_hit; weak_candidate,https://ru.wikipedia.org/wiki/%D0%92%D1%8B%D0%B1%D0%BE%D1%80%D1%8B_%D0%B2_%D0%A1%D0%BE%D0%B2%D0%B5%D1%82_%D0%B4%D0%B5%D0%BF%D1%83%D1%82%D0%B0%D1%82%D0%BE%D0%B2_%D0%B3%D0%BE%D1%80%D0%BE%D0%B4%D0%B0_%D0%9D%D0%BE%D0%B2%D0%BE%D1%81%D0%B8%D0%B1%D0%B8%D1%80%D1%81%D0%BA%D0%B0_%282020%29,,,"Игнатов. Главой предвыборного штаба стал действующий спикер заксобрания Андрей Шимкив. В партии заявили, что её члены не будут идти на выборы самовыдвиженцами; 30"
wikipedia_identity,1160,analytics_output/wikipedia_authority_candidates.csv,582,PERS_4831e64b,Е. Анохина,todo,weak_search_hit; weak_candidate,https://ru.wikipedia.org/wiki/%D0%93%D0%BB%D1%83%D1%88%D0%B5%D0%BD%D0%BA%D0%BE%2C_%D0%95%D0%B2%D0%B3%D0%B5%D0%BD%D0%B8%D1%8F_%D0%9A%D0%BE%D0%BD%D1%81%D1%82%D0%B0%D0%BD%D1%82%D0%B8%D0%BD%D0%BE%D0%B2%D0%BD%D0%B0,,,Л. Е . Хейфец — Берта 1978 — «Головокружение» Г.Саркисяна. Режиссёр: В. М. Бейлис — Зепюр 1979 — «Мамуре» Ж. Сармана. Режиссёр: Б. А. Львов- Анохин — Мари-Жозеф; 30
wikipedia_identity,1160,analytics_output/wikipedia_authority_candidates.csv,583,PERS_14dec06b,Е. Б. Кудрявцева,todo,weak_search_hit; weak_candidate,https://ru.wikipedia.org/wiki/%D0%9A%D1%83%D0%B4%D1%80%D1%8F%D0%B2%D1%86%D0%B5%D0%B2,,,"Кудря́вцев ( Кудря́вцева ) — русская фамилия. Кудрявцевы — русские дворянские роды. Кудрявцев , Александр: Кудрявцев , Александр Абакарович (род. 1941) —; 30"
wikipedia_identity,1160,analytics_output/wikipedia_authority_candidates.csv,584,PERS_04a4bbbb,Е. И. Малоземова,todo,weak_search_hit; weak_candidate,https://ru.wikipedia.org/wiki/%D0%9C%D0%B0%D0%BB%D0%BE%D0%B7%D1%91%D0%BC%D0%BE%D0%B2%2C_%D0%98%D0%B2%D0%B0%D0%BD_%D0%9F%D1%80%D0%BE%D0%BA%D0%BE%D0%BF%D1%8C%D0%B5%D0%B2%D0%B8%D1%87,,,танк Малозёмова вырвался вперёд и был подбит. «Бронебойным!» — прокричал Малозёмов . Это была его последняя команда. 31 января 1943 года лейтенант И . П. Малозёмов; 30
wikipedia_identity,1160,analytics_output/wikipedia_authority_candidates.csv,585,PERS_04a4bbbb,Е. И. Малоземова,todo,weak_search_hit; weak_candidate,https://ru.wikipedia.org/wiki/%D0%A8%D0%BE%D1%81%D1%82%D0%B0%D0%BA%D0%BE%D0%B2%D0%B8%D1%87%2C_%D0%94%D0%BC%D0%B8%D1%82%D1%80%D0%B8%D0%B9_%D0%94%D0%BC%D0%B8%D1%82%D1%80%D0%B8%D0%B5%D0%B2%D0%B8%D1%87,,,"принята в Санкт-Петербургскую консерваторию, где училась сначала у С. А. Малозёмовой , а затем у А. А. Розановой. Яков Кокоулин учился на естественном отделении; 30"
wikipedia_identity,1160,analytics_output/wikipedia_authority_candidates.csv,586,PERS_e8f935aa,Е. К. Кудрявцева,todo,weak_search_hit; weak_candidate,https://ru.wikipedia.org/wiki/%D0%9A%D1%83%D0%B4%D1%80%D1%8F%D0%B2%D1%86%D0%B5%D0%B2,,,"Кудря́вцев ( Кудря́вцева ) — русская фамилия. Кудрявцевы — русские дворянские роды. Кудрявцев , Александр: Кудрявцев , Александр Абакарович (род. 1941) —; 30"
wikipedia_identity,1160,analytics_output/wikipedia_authority_candidates.csv,587,PERS_2f26a47a,Елизаренкова Татьяна Яковлевна,todo,weak_search_hit; weak_candidate,https://ru.wikipedia.org/wiki/%D0%90%D1%82%D1%85%D0%B0%D1%80%D0%B2%D0%B0%D0%B2%D0%B5%D0%B4%D0%B0,,,"индологом Т. Я. Елизаренковой в 1976 году (2-е изд. — 1995). По мнению советского и российского лингвиста Елизаренковой , Татьяны Яковлевны , точно неизвестно; 30"
wikipedia_identity,1160,analytics_output/wikipedia_authority_candidates.csv,588,PERS_f1f2471d,Игнатова Мария Михайловна,todo,weak_search_hit; weak_candidate,https://ru.wikipedia.org/wiki/%D0%9C%D0%B8%D1%80%D0%BE%D0%BD%D0%BE%D0%B2%D0%B0%2C_%D0%9C%D0%B0%D1%80%D0%B8%D1%8F_%D0%92%D0%BB%D0%B0%D0%B4%D0%B8%D0%BC%D0%B8%D1%80%D0%BE%D0%B2%D0%BD%D0%B0,,,"рампы. Мария Миронова — вчера, сегодня, завтра“» («Культура») 2003 — Мария Миронова (из цикла телепрограмм канала «ОРТ» «Чтобы помнили») 2005 — Мария Миронова; 30"
wikipedia_identity,1160,analytics_output/wikipedia_authority_candidates.csv,589,PERS_f1f2471d,Игнатова Мария Михайловна,todo,weak_search_hit; weak_candidate,https://ru.wikipedia.org/wiki/%D0%A8%D1%83%D0%B1%D0%B8%D0%BD%D0%B0%2C_%D0%9C%D0%B0%D1%80%D0%B3%D0%B0%D1%80%D0%B8%D1%82%D0%B0_%D0%92%D0%B0%D0%BB%D0%B5%D1%80%D1%8C%D0%B5%D0%B2%D0%BD%D0%B0,,,"Юлия Михайловна , губернаторша 2006 — Кромъ — Марья Мефодьевна 2006 — Нежный барс — Тоня, подруга Люды 2007 — Гражданин начальник — Майя Михайловна Каюрова; 30"
wikipedia_identity,1160,analytics_output/wikipedia_authority_candidates.csv,590,PERS_1955e9e8,К. Гаралите,todo,weak_search_hit; weak_candidate,https://ru.wikipedia.org/wiki/%D0%93%D0%B0%D1%80%D0%B0%D0%BB%D0%BE%D0%B2,,,"Гаралов (азерб. Qaralov) — азербайджанская фамилия. Кямра́н Махму́дович Гара́лов (род. 1986) — азербайджанский диджей, музыкальный продюсер. Гаралов , Захид; 30"
wikipedia_identity,1160,analytics_output/wikipedia_authority_candidates.csv,591,PERS_1955e9e8,К. Гаралите,todo,weak_search_hit; weak_candidate,https://ru.wikipedia.org/wiki/%D0%93%D0%B0%D1%80%D0%B0%D0%BB%D0%BE%D0%B2%2C_%D0%97%D0%B0%D0%BA%D0%B8%D1%80_%D0%91%D0%B5%D0%BA%D0%B8%D1%80_%D0%BE%D0%B3%D0%BB%D1%8B,,,"Гаралов , Закир Бекир оглы (азерб. Zakir Bəkir oğlu Qaralov: род. 13 января 1956, Ормашени, Дманисский район) — политический деятель, бывший генеральный; 30"
wikipedia_identity,1160,analytics_output/wikipedia_authority_candidates.csv,592,PERS_1955e9e8,К. Гаралите,todo,weak_search_hit; weak_candidate,https://ru.wikipedia.org/wiki/%D0%9A%D0%B0%D1%82%D0%B0%D1%81%D1%82%D1%80%D0%BE%D1%84%D0%B0_%D0%90%D0%BD-140_%D0%BF%D0%BE%D0%B4_%D0%91%D0%B0%D0%BA%D1%83,,,Эльмар Мамедъяров; Генеральный прокурор Азербайджанской Республики Закир Гаралов ; Министр внутренних дел Азербайджанской Республики Рамиль Усубов; Министр; 30
wikipedia_identity,1160,analytics_output/wikipedia_authority_candidates.csv,593,PERS_300654cc,К. Маретина,todo,weak_search_hit; weak_candidate,https://ru.wikipedia.org/wiki/%D0%98%D0%BD%D0%B4%D0%BE%D0%BD%D0%B5%D0%B7%D0%B8%D1%8F,,,2011. Архивировано из оригинала 21 августа 2011 года. Индонезийцы / Ю. В. Маретин // Советская историческая энциклопедия : в 16 т. / под ред. Е. М. Жукова; 30
wikipedia_identity,1160,analytics_output/wikipedia_authority_candidates.csv,594,PERS_300654cc,К. Маретина,todo,weak_search_hit; weak_candidate,https://ru.wikipedia.org/wiki/%D0%98%D0%BD%D0%B4%D1%83%D0%B8%D0%B7%D0%BC,,,"локальное в календарной обрядности: сб. ст / Под ред. И. Ю. Котина, С. А. Маретиной . — СПб.: Петербургское Востоковедение, 2005. — 296 с. — ISBN 5-85803-307-3; 30"
wikipedia_identity,1160,analytics_output/wikipedia_authority_candidates.csv,595,PERS_92f41884,Касым Софья Васильевна,todo,weak_search_hit; weak_candidate,https://ru.wikipedia.org/wiki/%D0%94%D0%BE%D0%B1%D1%80%D0%B6%D0%B0%D0%BD%D1%81%D0%BA%D0%B0%D1%8F%2C_%D0%9B%D1%8E%D0%B1%D0%BE%D0%B2%D1%8C_%D0%98%D0%B2%D0%B0%D0%BD%D0%BE%D0%B2%D0%BD%D0%B0,,,"Ваня (фильм-спектакль) — Войницкая 1972 — Игрок — Антонида Васильевна , бабушка 1974 — Коляска на балконе — Варвара Васильевна 1974 — Осенние грозы — Замфира 1975 — Из записок; 30"
wikipedia_identity,1160,analytics_output/wikipedia_authority_candidates.csv,596,PERS_92f41884,Касым Софья Васильевна,todo,weak_search_hit; weak_candidate,https://ru.wikipedia.org/wiki/%D0%9B%D0%B8%D1%82%D0%B0%D0%B2%D0%B5%D1%86,,,Ксении; Колос Пётр Алексадрович; Колос Софья Васильевна ; ребёнок Колос Софьи ; ребёнок Колос Софьи ; ребёнок Колос Софьи ; Колос Евфросинья Фёдоровна; Колос; 30
wikipedia_identity,1160,analytics_output/wikipedia_authority_candidates.csv,597,PERS_92f41884,Касым Софья Васильевна,todo,weak_search_hit; weak_candidate,https://ru.wikipedia.org/wiki/%D0%A3%D1%80%D1%83%D1%81%D0%BE%D0%B2%D1%8B,,,"Вера Петровна, жена князя Я. Л. Грузинского Анна Васильевна , жена Ф. В. Зиновьева Анастасия Васильевна , жена С. И. Татищева Московские Урусовы Князь Александр; 30"
wikipedia_identity,1160,analytics_output/wikipedia_authority_candidates.csv,598,PERS_467d4dbb,Клебанов Андрей Александрович,todo,weak_search_hit; weak_candidate,https://ru.wikipedia.org/wiki/%D0%A4%D1%83%D1%80%D1%81%D0%B5%D0%BD%D0%BA%D0%BE%2C_%D0%90%D0%BD%D0%B4%D1%80%D0%B5%D0%B9_%D0%90%D0%BB%D0%B5%D0%BA%D1%81%D0%B0%D0%BD%D0%B4%D1%80%D0%BE%D0%B2%D0%B8%D1%87,,,"Фурсенко Записано в феврале 2013 Помощь по воспроизведению файла Андре́й Алекса́ндрович Фу́рсенко (род. 17 июля 1949, Ленинград) — российский государственный; 30"
wikipedia_identity,1160,analytics_output/wikipedia_authority_candidates.csv,599,PERS_af811d47,Корнеева Татьяна Георгиевна,todo,weak_search_hit; weak_candidate,https://ru.wikipedia.org/wiki/%D0%93%D0%B5%D1%80%D0%BE%D0%B8_%D0%A1%D0%BE%D1%86%D0%B8%D0%B0%D0%BB%D0%B8%D1%81%D1%82%D0%B8%D1%87%D0%B5%D1%81%D0%BA%D0%BE%D0%B3%D0%BE_%D0%A2%D1%80%D1%83%D0%B4%D0%B0_%D0%90%D0%BB%D0%BC%D0%B0%D1%82%D0%B8%D0%BD%D1%81%D0%BA%D0%BE%D0%B9_%D0%BE%D0%B1%D0%BB%D0%B0%D1%81%D1%82%D0%B8,,,Амиркулов Дадеш . Амрахов Али Ага . Амрахов Сатар . Андрияди Деспина Георгиевна . Дата обращения: 9 июля 2020. Архивировано 11 июля 2020 года. Асанов; 30
wikipedia_identity,1160,analytics_output/wikipedia_authority_candidates.csv,600,PERS_af811d47,Корнеева Татьяна Георгиевна,todo,weak_search_hit; weak_candidate,https://ru.wikipedia.org/wiki/%D0%9A%D0%BE%D1%80%D0%BE%D0%BB%D1%91%D0%B2%D0%B0%2C_%D0%95%D0%BB%D0%B5%D0%BD%D0%B0_%D0%93%D0%B5%D0%BE%D1%80%D0%B3%D0%B8%D0%B5%D0%B2%D0%BD%D0%B0,,,"Елена Георгиевна Королёва (3 июня 1937, Москва — 23 апреля 2008, там же) — советская и российская актриса театра и кино, народная артистка РСФСР. Родилась; 30"
wikipedia_identity,1160,analytics_output/wikipedia_authority_candidates.csv,601,PERS_6f89f9c1,Крючкова Евгения Родионовна,todo,weak_search_hit; weak_candidate,https://ru.wikipedia.org/wiki/%D0%A1%D0%BF%D0%B8%D1%81%D0%BE%D0%BA_%D0%B4%D0%B5%D0%BF%D1%83%D1%82%D0%B0%D1%82%D0%BE%D0%B2_%D0%92%D0%B5%D1%80%D1%85%D0%BE%D0%B2%D0%BD%D0%BE%D0%B3%D0%BE_%D0%A1%D0%BE%D0%B2%D0%B5%D1%82%D0%B0_%D0%A0%D0%A1%D0%A4%D0%A1%D0%A0_XI_%D1%81%D0%BE%D0%B7%D1%8B%D0%B2%D0%B0,,,"Москва Воложнина, Елена Геннадьевна, Читинская область Волченкова, Анна Родионовна , Пензенская область Вонсовский, Сергей Васильевич, Свердловская область; 30"
wikipedia_identity,1160,analytics_output/wikipedia_authority_candidates.csv,660,PERS_9e9c9566,Лекарева Ева Павловна,todo,no_hit,,,,0
wikipedia_identity,1160,analytics_output/wikipedia_authority_candidates.csv,661,PERS_cb52ebc2,Лемешкина Ксения Вячеславовна,todo,no_hit,,,,0
wikipedia_identity,1160,analytics_output/wikipedia_authority_candidates.csv,602,PERS_ddb70dc9,М. А. Азаркина,todo,weak_search_hit; weak_candidate,https://ru.wikipedia.org/wiki/%D0%90%D0%B7%D0%B0%D1%80%D0%BA%D0%B8%D0%BD%D0%BE,,,"покров держится в среднем 150 дней. Среднегодовая скорость ветра — 4,7 м /с. Азаркино , как и вся Ярославская область, находится в часовой зоне МСК (московское; 30"
wikipedia_identity,1160,analytics_output/wikipedia_authority_candidates.csv,603,PERS_ddb70dc9,М. А. Азаркина,todo,weak_search_hit; weak_candidate,https://ru.wikipedia.org/wiki/%D0%A2%D0%B5%D0%BB%D0%BE_%D0%B1%D1%83%D0%B4%D0%B5%D1%82_%D0%BF%D1%80%D0%B5%D0%B4%D0%B0%D0%BD%D0%BE_%D0%B7%D0%B5%D0%BC%D0%BB%D0%B5%2C_%D0%B0_%D1%81%D1%82%D0%B0%D1%80%D1%88%D0%B8%D0%B9_%D0%BC%D0%B8%D1%87%D0%BC%D0%B0%D0%BD_%D0%B1%D1%83%D0%B4%D0%B5%D1%82_%D0%BF%D0%B5%D1%82%D1%8C,,,"«Тело будет предано земле, а старший мичман будет петь» — российский художественный фильм 1998 года. Первая кинопостановка театрального режиссёра Ильи; 30"
wikipedia_identity,1160,analytics_output/wikipedia_authority_candidates.csv,604,PERS_0900c3c4,М. М. Фиалко,todo,weak_search_hit; weak_candidate,https://ru.wikipedia.org/wiki/%D0%9C-125_%C2%AB%D0%A4%D0%B8%D0%B0%D0%BB%D0%BA%D0%B0%C2%BB,,,"М -125 « Фиалка » — советская электромеханическая роторная[нем.] шифровальная машина, использовавшаяся в странах Варшавского договора и некоторых других; 30"
wikipedia_identity,1160,analytics_output/wikipedia_authority_candidates.csv,605,PERS_fc2af3f1,М. Н. Кожевникова,todo,weak_search_hit; weak_candidate,https://ru.wikipedia.org/wiki/%D0%9D%D0%B8%D1%80%D0%B2%D0%B0%D0%BD%D0%B0,,,"Терентьева, М . Н . Кожевниковой . — СПб.: Нартанг, 2002. — № 35. — С. 83. Махатеро Анандамайтрея. Нирвана (лекция) // Путь к Нирване (рус.) / ред. Н . В. Юрьева;; 30"
wikipedia_identity,1160,analytics_output/wikipedia_authority_candidates.csv,662,PERS_50c46233,Маретина Ксения Александровна,todo,no_hit,,,,0
wikipedia_identity,1160,analytics_output/wikipedia_authority_candidates.csv,606,PERS_0a42bfb2,Н. В. Хомутинникова,todo,weak_search_hit; weak_candidate,https://ru.wikipedia.org/wiki/%D0%A2%D0%B8%D0%BC%D0%BE%D1%88%D0%B5%D0%BD%D0%BA%D0%BE%2C_%D0%9C%D0%B8%D1%85%D0%B0%D0%B8%D0%BB_%D0%94%D0%B0%D0%BD%D0%B8%D0%BB%D0%BE%D0%B2%D0%B8%D1%87,,,"секретарем, а в 1912 году был избран районным благовестником. В 1913 году он женился на сестре по вере Клавдии Родионовне Хомутинниковой и был рукоположен; 30"
wikipedia_identity,1160,analytics_output/wikipedia_authority_candidates.csv,607,PERS_2e2b9553,Наймушина Дарья Дмитриевна,todo,weak_search_hit; weak_candidate,https://ru.wikipedia.org/wiki/%D0%A1%D0%BF%D0%B8%D1%81%D0%BE%D0%BA_%D0%B4%D0%B5%D0%BB%D0%B5%D0%B3%D0%B0%D1%82%D0%BE%D0%B2_XXIII_%D1%81%D1%8A%D0%B5%D0%B7%D0%B4%D0%B0_%D0%9A%D0%9F%D0%A1%D0%A1,,,"Баяндина, Вероника Дмитриевна Бебешко, Яков Игнатьевич Беднягин, Анатолий Иванович Бедуля, Владимир Леонтьевич Безбородова, Полина Дмитриевна Безносов, Павел; 30"
wikipedia_identity,1160,analytics_output/wikipedia_authority_candidates.csv,608,PERS_2e2b9553,Наймушина Дарья Дмитриевна,todo,weak_search_hit; weak_candidate,https://ru.wikipedia.org/wiki/%D0%A1%D0%BF%D0%B8%D1%81%D0%BE%D0%BA_%D0%B4%D0%B5%D0%BB%D0%B5%D0%B3%D0%B0%D1%82%D0%BE%D0%B2_XXVII_%D1%81%D1%8A%D0%B5%D0%B7%D0%B4%D0%B0_%D0%9A%D0%9F%D0%A1%D0%A1,,,"Григорьевич Назаров, Немат Назарова, Нина Дмитриевна Найдёнов, Иван Андреевич Найманов, Николай Юсупович Наймушин , Олег Николаевич Наниев, Павел Александрович; 30"
wikipedia_identity,1160,analytics_output/wikipedia_authority_candidates.csv,609,PERS_9ddf9210,Нестеркин Сергей Петрович,todo,weak_search_hit; weak_candidate,https://ru.wikipedia.org/wiki/%D0%A1%D0%BF%D0%B8%D1%81%D0%BE%D0%BA_%D0%BE%D0%BF%D1%80%D0%B8%D1%87%D0%BD%D0%B8%D0%BA%D0%BE%D0%B2,,,"Прокофьевич Непоставовы Десятый, Пан, Угрим Нероновы Денис Родионович Нестёркины Ждан, Дмитрий Нестеровы Данила, Мамай Неупокоевы Дружина Нефёдовы Ефрем; 30"
wikipedia_identity,1160,analytics_output/wikipedia_authority_candidates.csv,610,PERS_147ab928,Никольская Ксения Дмитриевна,todo,weak_search_hit; weak_candidate,https://ru.wikipedia.org/wiki/%D0%9F%D1%80%D0%BE%D1%85%D0%BE%D1%80%D0%BE%D0%B2%D0%B0%2C_%D0%98%D1%80%D0%B8%D0%BD%D0%B0_%D0%94%D0%BC%D0%B8%D1%82%D1%80%D0%B8%D0%B5%D0%B2%D0%BD%D0%B0,,,"Прохоровой Записано 8 апреля 2013 года Помощь по воспроизведению файла Ири́на Дми́триевна Про́хорова (род. 3 марта 1956, Москва) — российский литературовед, издатель; 30"
wikipedia_identity,1160,analytics_output/wikipedia_authority_candidates.csv,611,PERS_147ab928,Никольская Ксения Дмитриевна,todo,weak_search_hit; weak_candidate,https://ru.wikipedia.org/wiki/%D0%A1%D0%BF%D0%B8%D1%81%D0%BE%D0%BA_%D0%BF%D0%B5%D1%80%D1%81%D0%BE%D0%BD%D0%B0%D0%B6%D0%B5%D0%B9_%D1%82%D0%B5%D0%BB%D0%B5%D1%81%D0%B5%D1%80%D0%B8%D0%B0%D0%BB%D0%BE%D0%B2_%C2%AB%D0%9F%D0%B0%D0%BF%D0%B8%D0%BD%D1%8B_%D0%B4%D0%BE%D1%87%D0%BA%D0%B8%C2%BB_%D0%B8_%C2%AB%D0%9F%D0%B0%D0%BF%D0%B8%D0%BD%D1%8B_%D0%B4%D0%BE%D1%87%D0%BA%D0%B8._%D0%9D%D0%BE%D0%B2%D1%8B%D0%B5%C2%BB,,,"сыгрыли — Евгений Колпаков (14 сезон) и Алексей Лопаткин (19-20 сезоны) Ксения Теплова отсутствует в фильме ""Папины Дочки. Мама Вернулась"", но в титрах; 30"
wikipedia_identity,1160,analytics_output/wikipedia_authority_candidates.csv,612,PERS_ecdfe667,Новосёлова Евгения Олеговна,todo,weak_search_hit; weak_candidate,https://ru.wikipedia.org/wiki/%D0%A1%D0%BF%D0%B8%D1%81%D0%BE%D0%BA_%D0%B4%D0%B5%D0%BF%D1%83%D1%82%D0%B0%D1%82%D0%BE%D0%B2_%D0%92%D0%B5%D1%80%D1%85%D0%BE%D0%B2%D0%BD%D0%BE%D0%B3%D0%BE_%D0%A1%D0%BE%D0%B2%D0%B5%D1%82%D0%B0_%D0%A0%D0%A1%D0%A4%D0%A1%D0%A0_X_%D1%81%D0%BE%D0%B7%D1%8B%D0%B2%D0%B0,,,"Михайловна, Волгоградская область Новожилова, Зоя Григорьевна, Омская область Новоселова , Римма Ефимовна, Свердловская область Ногин, Сергей Васильевич, Саратовская; 30"
wikipedia_identity,1160,analytics_output/wikipedia_authority_candidates.csv,613,PERS_ecdfe667,Новосёлова Евгения Олеговна,todo,weak_search_hit; weak_candidate,https://ru.wikipedia.org/wiki/%D0%A1%D0%BF%D0%B8%D1%81%D0%BE%D0%BA_%D0%BF%D1%80%D0%BE%D1%84%D0%B5%D1%81%D1%81%D0%BE%D1%80%D0%BE%D0%B2_%D0%A0%D0%90%D0%9D,,,"Александрович Афонцев, Сергей Александрович Ачасов, Михаил Николаевич Бабич, Ольга Олеговна Бажин, Павел Михайлович Базыкин, Георгий Александрович Баимова, Юлия Айдаровна; 30"
wikipedia_identity,1160,analytics_output/wikipedia_authority_candidates.csv,614,PERS_ebc1c3c2,О. В. Лундышева,todo,weak_search_hit; weak_candidate,https://ru.wikipedia.org/wiki/%D0%A1%D0%BF%D0%B8%D1%81%D0%BE%D0%BA_%D0%B4%D0%B2%D0%BE%D1%80%D1%8F%D0%BD%D1%81%D0%BA%D0%B8%D1%85_%D1%80%D0%BE%D0%B4%D0%BE%D0%B2%2C_%D0%B2%D0%BD%D0%B5%D1%81%D1%91%D0%BD%D0%BD%D1%8B%D1%85_%D0%B2_%D0%9E%D0%B1%D1%89%D0%B8%D0%B9_%D0%B3%D0%B5%D1%80%D0%B1%D0%BE%D0%B2%D0%BD%D0%B8%D0%BA_%D0%A0%D0%BE%D1%81%D1%81%D0%B8%D0%B9%D1%81%D0%BA%D0%BE%D0%B9_%D0%B8%D0%BC%D0%BF%D0%B5%D1%80%D0%B8%D0%B8,,,"XVI, 61; XVI, 123) Лукомские (IX, 38) Лукьяновы (XVI, 105; XVII, 131) Лундышевы (XI, 143) Лунины (IV, 49 (потомство Лукьяна Луни); VI, 71) Лунц (XVI,; 30"
wikipedia_identity,1160,analytics_output/wikipedia_authority_candidates.csv,615,PERS_5e6bef63,П. Лужинская,todo,weak_search_hit; weak_candidate,https://ru.wikipedia.org/wiki/%D0%92%D0%B0%D1%81%D0%B8%D0%BB%D0%B8%D0%B9_%28%D0%9B%D1%83%D0%B6%D0%B8%D0%BD%D1%81%D0%BA%D0%B8%D0%B9%29,,,Архиепи́скоп Васи́лий (в миру Бенеди́кт Стефа́нович Лужи́нский ; 1791 — 26 января 1879) — епископ Православной Российской Церкви; c 6 марта 1839 года епископ; 30
wikipedia_identity,1160,analytics_output/wikipedia_authority_candidates.csv,616,PERS_5e6bef63,П. Лужинская,todo,weak_search_hit; weak_candidate,https://ru.wikipedia.org/wiki/%D0%95%D0%B2%D1%84%D1%80%D0%BE%D1%81%D0%B8%D0%BD%D0%B8%D1%8F_%D0%9F%D0%BE%D0%BB%D0%BE%D1%86%D0%BA%D0%B0%D1%8F,,,Через семь лет ходатайство безрезультатно повторил епископ Василий ( Лужинский ). На второе обращение епископа Василия в 1852 году власти также не дали; 30
wikipedia_identity,1160,analytics_output/wikipedia_authority_candidates.csv,617,PERS_5e6bef63,П. Лужинская,todo,weak_search_hit; weak_candidate,https://ru.wikipedia.org/wiki/%D0%9C%D0%BE%D0%BB%D0%BE%D0%B4%D0%B5%D1%87%D0%BD%D0%BE,,,"поручик пехоты Антони Дервинский (уроженец Молодечно), поручик Вацлав Лужинский (выпускник местной гимназии). Также были убиты солдаты и полицейские,; 30"
wikipedia_identity,1160,analytics_output/wikipedia_authority_candidates.csv,618,PERS_3195408b,Ратушный Данила Николаевич,todo,weak_search_hit; weak_candidate,https://ru.wikipedia.org/wiki/%D0%A1%D0%BE%D1%81%D0%BD%D0%BE%D0%B2%D1%8B%D0%B9_%D0%91%D0%BE%D1%80_%28%D0%B3%D0%BE%D1%80%D0%BE%D0%B4%29,,,"западноевропейскую архитектуру. Построен по проекту архитектора Юрия Савченко. Ратушная башня комплекса вынесена на герб города, который также создал Юрий Савченко; 30"
wikipedia_identity,1160,analytics_output/wikipedia_authority_candidates.csv,619,PERS_3195408b,Ратушный Данила Николаевич,todo,weak_search_hit; weak_candidate,https://ru.wikipedia.org/wiki/%D0%A7%D0%B5%D1%80%D0%BD%D0%BE%D0%B2%D0%BE%D0%BB%2C_%D0%92%D1%8F%D1%87%D0%B5%D1%81%D0%BB%D0%B0%D0%B2_%D0%9C%D0%B0%D0%BA%D1%81%D0%B8%D0%BC%D0%BE%D0%B2%D0%B8%D1%87,,,"инфекционных болезней Львовского национального медицинского университета имени Даниила Галицкого, депутат Львовского областного совета в 2002—2006, кратковременный; 30"
wikipedia_identity,1160,analytics_output/wikipedia_authority_candidates.csv,620,PERS_47ad46f1,Родионов Михаил Анатольевич,todo,weak_search_hit; weak_candidate,https://ru.wikipedia.org/wiki/%D0%A7%D1%83%D1%80%D1%81%D0%B8%D0%BD%2C_%D0%AE%D1%80%D0%B8%D0%B9_%D0%90%D0%BD%D0%B0%D1%82%D0%BE%D0%BB%D1%8C%D0%B5%D0%B2%D0%B8%D1%87,,,"Ю́рий Анато́льевич Чурси́н (род. 11 марта 1980, Приозёрск, Джезказганская область, Казахская ССР, СССР) — российский актёр театра и кино. Родился 11 марта; 30"
wikipedia_identity,1160,analytics_output/wikipedia_authority_candidates.csv,621,PERS_3e38ff72,Рожнова Дарья Антоновна,todo,weak_search_hit; weak_candidate,https://ru.wikipedia.org/wiki/%D0%A1%D0%BF%D0%B8%D1%81%D0%BE%D0%BA_%D0%B2%D0%BE%D1%81%D0%BF%D0%B8%D1%82%D0%B0%D0%BD%D0%BD%D0%B8%D1%86_%D0%A1%D0%BC%D0%BE%D0%BB%D1%8C%D0%BD%D0%BE%D0%B3%D0%BE_%D0%B8%D0%BD%D1%81%D1%82%D0%B8%D1%82%D1%83%D1%82%D0%B0_%D0%B1%D0%BB%D0%B0%D0%B3%D0%BE%D1%80%D0%BE%D0%B4%D0%BD%D1%8B%D1%85_%D0%B4%D0%B5%D0%B2%D0%B8%D1%86,,,"Феодосия Ивановна, дочь колл.асс. Ивана Алексеевича и Дарья Ивановны. 14. Графиня де Бальмен, София Антоновна , дочь директора Кадетского корпуса, затем генерал-губернатора; 30"
wikipedia_identity,1160,analytics_output/wikipedia_authority_candidates.csv,622,PERS_ed83f502,Селиванова Тамара Петровна,todo,weak_search_hit; weak_candidate,https://ru.wikipedia.org/wiki/%D0%92%D0%B0%D1%81%D0%B8%D0%BB%D1%8C%D0%B5%D0%B2%D0%B0%2C_%D0%A2%D0%B0%D1%82%D1%8C%D1%8F%D0%BD%D0%B0_%D0%93%D1%80%D0%B8%D0%B3%D0%BE%D1%80%D1%8C%D0%B5%D0%B2%D0%BD%D0%B0,,,"1986 — Путешествие мсье Перришона — Каролина Перришон 1988 — Мудромер — Тамара Тимофеевна Папсуева 1989 — Биндюжник и Король — Двойра, дочь Менделя Крика; 30"
wikipedia_identity,1160,analytics_output/wikipedia_authority_candidates.csv,623,PERS_f82b6a8e,Сенина Наталья Викторовна,todo,weak_search_hit; weak_candidate,https://ru.wikipedia.org/wiki/%D0%92%D0%B0%D0%BB%D1%8E%D1%88%D0%BA%D0%B8%D0%BD%D0%B0%2C_%D0%95%D0%BB%D0%B5%D0%BD%D0%B0_%D0%92%D0%B8%D0%BA%D1%82%D0%BE%D1%80%D0%BE%D0%B2%D0%BD%D0%B0,,,"Еле́на Ви́кторовна Валю́шкина (род. 8 декабря 1962 года, Потсдам, Германская Демократическая Республика (ГДР)) — советская и российская актриса театра; 30"
wikipedia_identity,1160,analytics_output/wikipedia_authority_candidates.csv,624,PERS_f82b6a8e,Сенина Наталья Викторовна,todo,weak_search_hit; weak_candidate,https://ru.wikipedia.org/wiki/%D0%92%D0%B0%D1%81%D0%B8%D0%BB%D1%8C%D0%B5%D0%B2%D0%B0%2C_%D0%95%D0%BA%D0%B0%D1%82%D0%B5%D1%80%D0%B8%D0%BD%D0%B0_%D0%A1%D0%B5%D1%80%D0%B3%D0%B5%D0%B5%D0%B2%D0%BD%D0%B0,,,"Из тени в свет перелетая (документальный биографический фильм режиссёра Наталии Кузнецовой, Первый канал) — фильм-биография, рассказывающий о жизни и творчестве; 30"
wikipedia_identity,1160,analytics_output/wikipedia_authority_candidates.csv,625,PERS_f82b6a8e,Сенина Наталья Викторовна,todo,weak_search_hit; weak_candidate,https://ru.wikipedia.org/wiki/%D0%A1%D0%BF%D0%B8%D1%81%D0%BE%D0%BA_%D0%B4%D0%B5%D0%BF%D1%83%D1%82%D0%B0%D1%82%D0%BE%D0%B2_%D0%93%D0%BE%D1%81%D1%83%D0%B4%D0%B0%D1%80%D1%81%D1%82%D0%B2%D0%B5%D0%BD%D0%BD%D0%BE%D0%B9_%D0%B4%D1%83%D0%BC%D1%8B_%D0%A0%D0%BE%D1%81%D1%81%D0%B8%D0%B9%D1%81%D0%BA%D0%BE%D0%B9_%D0%A4%D0%B5%D0%B4%D0%B5%D1%80%D0%B0%D1%86%D0%B8%D0%B8_VIII_%D1%81%D0%BE%D0%B7%D1%8B%D0%B2%D0%B0,,,"Иннокентьевна Будуев, Николай Робертович Василькова, Мария Викторовна Каптелинина, Наталья Олеговна Кара-оол, Шолбан Валерьевич (вице-спикер) Власова; 30"
wikipedia_identity,1160,analytics_output/wikipedia_authority_candidates.csv,626,PERS_a0f3d86d,Сергеева Варвара Алексеевна,todo,weak_search_hit; weak_candidate,https://ru.wikipedia.org/wiki/%D0%A1%D0%B5%D1%80%D0%B3%D0%B5%D0%B5%D0%B2,,,"Серге́ев ( Серге́ева ) — русская фамилия, образованная от имени Сергей. В Списке общерусских фамилий занимает 43-е место. Известные носители: Сергеевы —; 30"
wikipedia_identity,1160,analytics_output/wikipedia_authority_candidates.csv,627,PERS_1130c736,Серебряный Сергей Дмитриевич,todo,weak_search_hit; weak_candidate,https://ru.wikipedia.org/wiki/%D0%91%D0%B0%D1%80%D0%B1%D0%B0%D1%88%D1%91%D0%B2%2C_%D0%A1%D0%B5%D1%80%D0%B3%D0%B5%D0%B9_%D0%94%D0%BC%D0%B8%D1%82%D1%80%D0%B8%D0%B5%D0%B2%D0%B8%D1%87,,,"обновив её и убрав после этого данный шаблон. (13 октября 2021) Сергей Дмитриевич Барбашёв (26 июля 1992, Москва) — российский хоккеист, правый нападающий; 30"
wikipedia_identity,1160,analytics_output/wikipedia_authority_candidates.csv,628,PERS_1130c736,Серебряный Сергей Дмитриевич,todo,weak_search_hit; weak_candidate,https://ru.wikipedia.org/wiki/%D0%A1%D1%82%D0%BE%D0%BB%D1%8F%D1%80%D0%BE%D0%B2%2C_%D0%A1%D0%B5%D1%80%D0%B3%D0%B5%D0%B9_%D0%94%D0%BC%D0%B8%D1%82%D1%80%D0%B8%D0%B5%D0%B2%D0%B8%D1%87,,,"Серге́й Дми́триевич Столяро́в (4 [17] июля 1911 (официальная дата рождения 1 ноября 1911 года), село Беззубово, Тульская губерния — 9 декабря 1969, Москва) —; 30"
wikipedia_identity,1160,analytics_output/wikipedia_authority_candidates.csv,629,PERS_6b867946,Смирнова Екатерина Викторовна,todo,weak_search_hit; weak_candidate,https://ru.wikipedia.org/wiki/%D0%9F%D0%B0%D0%BD%D0%BE%D0%B2%D0%B0%2C_%D0%95%D0%BB%D0%B5%D0%BD%D0%B0_%D0%92%D0%B8%D0%BA%D1%82%D0%BE%D1%80%D0%BE%D0%B2%D0%BD%D0%B0,,,"Еле́на Ви́кторовна Пано́ва (род. 9 июня 1977, Архангельск) — российская актриса театра и кино. Заслуженная артистка Российской Федерации (2015). Родилась; 30"
wikipedia_identity,1160,analytics_output/wikipedia_authority_candidates.csv,630,PERS_58e18506,Соколова Ирина Александровна,todo,weak_search_hit; weak_candidate,https://ru.wikipedia.org/wiki/%D0%91%D0%BE%D0%B3%D1%83%D1%88%D0%B5%D0%B2%D1%81%D0%BA%D0%B0%D1%8F%2C_%D0%98%D1%80%D0%B8%D0%BD%D0%B0_%D0%90%D0%BB%D0%B5%D0%BA%D1%81%D0%B0%D0%BD%D0%B4%D1%80%D0%BE%D0%B2%D0%BD%D0%B0,,,"Ири́на Алекса́ндровна Богуше́вская (2 ноября 1965, Москва) — советская и российская певица, поэтесса, композитор. Пишет музыку в стиле театрализованный; 30"
wikipedia_identity,1160,analytics_output/wikipedia_authority_candidates.csv,631,PERS_58e18506,Соколова Ирина Александровна,todo,weak_search_hit; weak_candidate,https://ru.wikipedia.org/wiki/%D0%AE%D1%80%D0%B5%D0%B2%D0%B8%D1%87%2C_%D0%98%D1%80%D0%B8%D0%BD%D0%B0_%D0%90%D0%BB%D0%B5%D0%BA%D1%81%D0%B0%D0%BD%D0%B4%D1%80%D0%BE%D0%B2%D0%BD%D0%B0,,,"Ири́на Алекса́ндровна Юре́вич (род. 25 января 1955, Ленинград) — советская и российская актриса театра и кино. Ирина Юревич родилась 25 января 1955 года; 30"
wikipedia_identity,1160,analytics_output/wikipedia_authority_candidates.csv,632,PERS_3d22e8d4,Стрелков Андрей Михайлович,todo,weak_search_hit; weak_candidate,https://ru.wikipedia.org/wiki/%D0%A1%D0%B2%D0%B5%D1%80%D0%B4%D0%BB%D0%BE%D0%B2%2C_%D0%AF%D0%BA%D0%BE%D0%B2_%D0%9C%D0%B8%D1%85%D0%B0%D0%B9%D0%BB%D0%BE%D0%B2%D0%B8%D1%87,,,"Я́ков Миха́йлович Свердло́в (упоминается также с отчеством Моисе́евич, партийные псевдонимы: Андрей , Андрей Уральский, товарищ Андрей , Макс, Махровый; 30"
wikipedia_identity,1160,analytics_output/wikipedia_authority_candidates.csv,663,PERS_bf91d4b8,Уймина Юлия Александровна,todo,no_hit,,,,0
wikipedia_identity,1160,analytics_output/wikipedia_authority_candidates.csv,633,PERS_168a3a8b,Усенко Иван Сергеевич,todo,weak_search_hit; weak_candidate,https://ru.wikipedia.org/wiki/%D0%9F%D0%B5%D1%82%D1%80%D0%BE%D0%B2%2C_%D0%90%D0%BD%D0%B0%D1%82%D0%BE%D0%BB%D0%B8%D0%B9_%D0%92%D0%BB%D0%B0%D0%B4%D0%B8%D0%BC%D0%B8%D1%80%D0%BE%D0%B2%D0%B8%D1%87,,,"генерал ФСБ 2019 — Знахарь — Вадим Сергеевич Губарев (Губа), криминальный бизнесмен 2022 — Капкан на судью — Антон Сергеевич Павлов, прокурор города, старший; 30"
wikipedia_identity,1160,analytics_output/wikipedia_authority_candidates.csv,634,PERS_168a3a8b,Усенко Иван Сергеевич,todo,weak_search_hit; weak_candidate,https://ru.wikipedia.org/wiki/%D0%A1%D0%BF%D0%B8%D1%81%D0%BE%D0%BA_%D0%B2%D0%BE%D0%B8%D0%BD%D0%BE%D0%B2%2C_%D1%83%D0%B4%D0%BE%D1%81%D1%82%D0%BE%D0%B5%D0%BD%D0%BD%D1%8B%D1%85_%D0%B7%D0%B2%D0%B0%D0%BD%D0%B8%D1%8F_%D0%93%D0%B5%D1%80%D0%BE%D1%8F_%D0%A1%D0%BE%D0%B2%D0%B5%D1%82%D1%81%D0%BA%D0%BE%D0%B3%D0%BE_%D0%A1%D0%BE%D1%8E%D0%B7%D0%B0_%D0%B7%D0%B0_%D0%BF%D0%BE%D0%B4%D0%B2%D0%B8%D0%B3%D0%B8_%D0%B2_%D0%B1%D0%B8%D1%82%D0%B2%D0%B5_%D0%B7%D0%B0_%D0%94%D0%BD%D0%B5%D0%BF%D1%80,,,"Иван Сергеевич Стахорский, Алексей Петрович Стеблинский, Сергей Васильевич Степанников, Фёдор Иванович Степанов, Алексей Сергеевич Степанов, Иван Васильевич; 30"
wikipedia_identity,1160,analytics_output/wikipedia_authority_candidates.csv,635,PERS_a638a4b3,Федорова Наталья Леонидовна,todo,weak_search_hit; weak_candidate,https://ru.wikipedia.org/wiki/%D0%9E%D1%85%D0%BE%D1%82%D0%BD%D0%B8%D0%BA%D0%B8_%D0%B7%D0%B0_%D0%B1%D1%80%D0%B8%D0%BB%D0%BB%D0%B8%D0%B0%D0%BD%D1%82%D0%B0%D0%BC%D0%B8,,,"певец, цыганский барон, любовник Галины Брежневой Мария Аронова — Галина Леонидовна Брежнева Владимир Симонов — Юрий Михайлович Чурбанов Алексей Крыченков —; 30"
wikipedia_identity,1160,analytics_output/wikipedia_authority_candidates.csv,636,PERS_a638a4b3,Федорова Наталья Леонидовна,todo,weak_search_hit; weak_candidate,https://ru.wikipedia.org/wiki/%D0%9F%D1%80%D0%BE%D1%81%D1%82%D1%8B%D0%B5_%D0%B8%D1%81%D1%82%D0%B8%D0%BD%D1%8B,,,декан Университета Натальи Нестеровой Юрий Назаров — Василий Петрович Борис Романов — преподаватель танцев в Университете Натальи Нестеровой Светлана; 30
wikipedia_identity,1160,analytics_output/wikipedia_authority_candidates.csv,637,PERS_a638a4b3,Федорова Наталья Леонидовна,todo,weak_search_hit; weak_candidate,https://ru.wikipedia.org/wiki/%D0%A4%D1%91%D0%B4%D0%BE%D1%80%D0%BE%D0%B2%D0%B0,,,"Фёдорова — женская форма фамилии Фёдоров . Фёдорова , Агния Ивановна (в браке Хаблова; 1919 — 2009) — советская медицинская сестра времён Великой Отечественной; 30"
wikipedia_identity,1160,analytics_output/wikipedia_authority_candidates.csv,638,PERS_48b3bec3,Ч. Санчай,todo,weak_search_hit; weak_candidate,https://ru.wikipedia.org/wiki/%D0%93%D1%80%D0%BE%D1%82%2C_%D0%A1%D1%8D%D0%BC%D1%8E%D1%8D%D0%BB%D1%8C,,,"подачи со скоростью 253,5, 255,7 и 263 км/ ч ., которые опережали прежнее рекордное достижение Иво Карловича — 251 км/ ч . В 2013 году австралиец дебютировал в; 30"
wikipedia_identity,1160,analytics_output/wikipedia_authority_candidates.csv,639,PERS_48b3bec3,Ч. Санчай,todo,weak_search_hit; weak_candidate,https://ru.wikipedia.org/wiki/%D0%A2%D0%B0%D1%82%D0%B0%D1%80%D0%B8%D0%BD%D1%86%D0%B5%D0%B2%2C_%D0%91%D0%BE%D1%80%D0%B8%D1%81_%D0%98%D1%81%D0%B0%D0%BA%D0%BE%D0%B2%D0%B8%D1%87,,,"1980) «Тувинско-монгольско-русский разговорник» Е. Б. Салзынмы, Г. Б. Санчаа , Ю. Л. Аранчына (Кызыл, 1972) «Тувинский язык и литература в послеоктябрьский; 30"
wikipedia_identity,1160,analytics_output/wikipedia_authority_candidates.csv,640,PERS_526da44f,Шапошникова Дарья Сергеевна,todo,weak_search_hit; weak_candidate,https://ru.wikipedia.org/wiki/%D0%9F%D1%80%D0%B5%D0%BC%D0%B8%D1%8F_%C2%AB%D0%97%D0%BE%D0%BB%D0%BE%D1%82%D0%BE%D0%B9_%D0%BE%D1%80%D1%91%D0%BB%C2%BB_%D0%B7%D0%B0_%D0%BB%D1%83%D1%87%D1%88%D1%83%D1%8E_%D0%B6%D0%B5%D0%BD%D1%81%D0%BA%D1%83%D1%8E_%D1%80%D0%BE%D0%BB%D1%8C_%D0%BD%D0%B0_%D1%82%D0%B5%D0%BB%D0%B5%D0%B2%D0%B8%D0%B4%D0%B5%D0%BD%D0%B8%D0%B8,,,"Светлана Иванова (2011 — Вербное воскресенье, 2017 — Следователь Тихонов) Дарья Мороз (2012 — Достоевский, 2018 — Преступление) Анна Чиповская (2015 — Оттепель; 30"
wikipedia_identity,1160,analytics_output/wikipedia_authority_candidates.csv,641,PERS_526da44f,Шапошникова Дарья Сергеевна,todo,weak_search_hit; weak_candidate,https://ru.wikipedia.org/wiki/%D0%A1%D0%BF%D0%B8%D1%81%D0%BE%D0%BA_%D0%BD%D0%B0%D1%80%D0%BE%D0%B4%D0%BD%D1%8B%D1%85_%D0%B0%D1%80%D1%82%D0%B8%D1%81%D1%82%D0%BE%D0%B2_%D0%A0%D0%A1%D0%A4%D0%A1%D0%A0,,,"(1900—1987), режиссёр-мультипликатор Исакова, Нина Сергеевна (р. 1928), певица Киселёва, Валерия Сергеевна (1916—2000), актриса театра кукол Кисс, Александр; 30"
wikipedia_identity,1160,analytics_output/wikipedia_authority_candidates.csv,642,PERS_00c3b0cc,Щербак Мария Борисовна,todo,weak_search_hit; weak_candidate,https://ru.wikipedia.org/wiki/%D0%9B%D1%8E%D0%B1%D0%B8%D0%BC%D0%BE%D0%B2%D0%B0%2C_%D0%9E%D0%BB%D1%8C%D0%B3%D0%B0_%D0%91%D0%BE%D1%80%D0%B8%D1%81%D0%BE%D0%B2%D0%BD%D0%B0,,,"О́льга Бори́совна Люби́мова (род. 31 декабря 1980, Москва, СССР) — российский государственный деятель, журналист и театровед. Министр культуры Российской; 30"
wikipedia_identity,1160,analytics_output/wikipedia_authority_candidates.csv,643,PERS_00c3b0cc,Щербак Мария Борисовна,todo,weak_search_hit; weak_candidate,https://ru.wikipedia.org/wiki/%D0%9F%D1%83%D1%82%D0%B8%D0%BD%2C_%D0%92%D0%BB%D0%B0%D0%B4%D0%B8%D0%BC%D0%B8%D1%80_%D0%92%D0%BB%D0%B0%D0%B4%D0%B8%D0%BC%D0%B8%D1%80%D0%BE%D0%B2%D0%B8%D1%87,,,дочери: Мария (28 апреля 1985 года в Ленинграде) и Катерина (31 августа 1986 года в Дрездене) — учились в СПбГУ (поступили в 2003 году) — Мария на биолого-почвенном; 30
wikipedia_identity,1160,analytics_output/wikipedia_authority_candidates.csv,644,PERS_23abae7d,Ю. Г. Пушкарева,todo,weak_search_hit; weak_candidate,https://ru.wikipedia.org/wiki/%D0%93%D0%B0%D0%B3%D0%B0%D1%80%D0%B8%D0%BD%2C_%D0%AE%D1%80%D0%B8%D0%B9_%D0%90%D0%BB%D0%B5%D0%BA%D1%81%D0%B5%D0%B5%D0%B2%D0%B8%D1%87,,,"Дата обращения: 23 декабря 2017. Архивировано 24 декабря 2017 года. Пушкарёва , Ольга. Истинные причины гибели Гагарина скрывали долгие годы: член Госкомиссии; 30"
wikipedia_identity,1160,analytics_output/wikipedia_authority_candidates.csv,645,PERS_23abae7d,Ю. Г. Пушкарева,todo,weak_search_hit; weak_candidate,https://ru.wikipedia.org/wiki/%D0%A1%D0%BF%D0%B8%D1%81%D0%BE%D0%BA_%D0%B3%D0%BB%D0%B0%D0%B2_%D0%BF%D1%80%D0%B0%D0%B2%D0%B8%D1%82%D0%B5%D0%BB%D1%8C%D1%81%D1%82%D0%B2%D0%B0_%D0%A0%D0%BE%D1%81%D1%81%D0%B8%D0%B8,,,"энциклопедия : [в 35 т.] / гл. ред. Ю . С. Осипов. — М. : Большая российская энциклопедия, 2004—2017. Пушкарёва , Ирина; Пушкарёва , Наталья. Коковцев (Коковцов); 30"
wikipedia_identity,1160,analytics_output/wikipedia_authority_candidates.csv,646,PERS_23abae7d,Ю. Г. Пушкарева,todo,weak_search_hit; weak_candidate,https://ru.wikipedia.org/wiki/%D0%A3%D0%B2%D0%B0%D1%80%D0%BE%D0%B2%D0%B0%2C_%D0%9D%D0%B5%D0%BB%D0%BB%D0%B8_%D0%92%D0%BB%D0%B0%D0%B4%D0%B8%D0%BC%D0%B8%D1%80%D0%BE%D0%B2%D0%BD%D0%B0,,,"актриса театра, кино, телевидения и дубляжа. Наиболее известна по роли Кати Пушкарёвой в телесериале «Не родись красивой». Родилась 14 марта 1980 года в литовском; 30"
openalex_identity,1170,analytics_output/openalex_author_candidates.csv,163,PERS_aebd34a2,А. И. Коган,todo,,https://openalex.org/A5003042336,,,display_name; А. И. Коган; 2; 0.0
openalex_identity,1170,analytics_output/openalex_author_candidates.csv,164,PERS_aebd34a2,А. И. Коган,todo,,https://openalex.org/A5012762962,,,display_name; А. И. Коган; 1; 0.0
openalex_identity,1170,analytics_output/openalex_author_candidates.csv,165,PERS_aebd34a2,А. И. Коган,todo,,https://openalex.org/A5041786402,,,display_name; А. И. Коган; 2; 0.0
openalex_identity,1170,analytics_output/openalex_author_candidates.csv,166,PERS_aebd34a2,А. И. Коган,todo,,https://openalex.org/A5066999648,,,display_name; А. И. Коган; 2; 0.0
openalex_identity,1170,analytics_output/openalex_author_candidates.csv,170,PERS_40375fef,А. К. Васильев,todo,,https://openalex.org/A5007597361,,,display_name; А. К. Васильев; 1; 0.0
openalex_identity,1170,analytics_output/openalex_author_candidates.csv,171,PERS_40375fef,А. К. Васильев,todo,,https://openalex.org/A5027629957,,,display_name; А. К. Васильев; 1; 0.0
openalex_identity,1170,analytics_output/openalex_author_candidates.csv,410,PERS_3d4df70f,Акимушкина Екатерина Олеговна,todo,,https://openalex.org/A5058544221,,,cyrillic_fullname; Акимушкина Екатерина Олеговна; 5; 0.2
openalex_identity,1170,analytics_output/openalex_author_candidates.csv,388,PERS_f7c7adc7,В. В. Донских,todo,,https://openalex.org/A5121205836,,,display_name; В. В. Донских; 2; 0.0
openalex_identity,1170,analytics_output/openalex_author_candidates.csv,389,PERS_f7c7adc7,В. В. Донских,todo,,https://openalex.org/A5074433917,,,display_name; В. В. Донских; 1; 0.0
openalex_identity,1170,analytics_output/openalex_author_candidates.csv,390,PERS_f7c7adc7,В. В. Донских,todo,,https://openalex.org/A5079914988,,,display_name; В. В. Донских; 1; 0.0
openalex_identity,1170,analytics_output/openalex_author_candidates.csv,175,PERS_69750b7c,В. Н. Мазурина,todo,,https://openalex.org/A5031701031,,,display_name; В. Н. Мазурина; 1; 0.0
openalex_identity,1170,analytics_output/openalex_author_candidates.csv,176,PERS_69750b7c,В. Н. Мазурина,todo,,https://openalex.org/A5053645374,,,display_name; В. Н. Мазурина; 2; 0.0
openalex_identity,1170,analytics_output/openalex_author_candidates.csv,177,PERS_69750b7c,В. Н. Мазурина,todo,,https://openalex.org/A5074656507,,,display_name; В. Н. Мазурина; 1; 0.0
openalex_identity,1170,analytics_output/openalex_author_candidates.csv,184,PERS_bcaec2d8,В. Ю. Дружинин,todo,,https://openalex.org/A5091249273,,,display_name; В. Ю. Дружинин; 2; 0.0
openalex_identity,1170,analytics_output/openalex_author_candidates.csv,172,PERS_d218805b,В. Ю. Крюкова,todo,,https://openalex.org/A5121187703,,,display_name; В. Ю. Крюкова; 1; 0.0
openalex_identity,1170,analytics_output/openalex_author_candidates.csv,417,PERS_2c9b38ec,Ватман Семён Викторович,todo,,https://openalex.org/A5088316629,,,cyrillic_fullname; Ватман Семён Викторович; 4; 0.2
openalex_identity,1170,analytics_output/openalex_author_candidates.csv,178,PERS_f940c5b3,Г. В. Стрелкова,todo,,https://openalex.org/A5033578514,,,display_name; Г. В. Стрелкова; 1; 0.0
openalex_identity,1170,analytics_output/openalex_author_candidates.csv,279,PERS_6f89f9c1,Е. Р. Крючкова,todo,,https://openalex.org/A5063606352,,,display_name; Е. Р. Крючкова; 5; 0.2
openalex_identity,1170,analytics_output/openalex_author_candidates.csv,192,PERS_6441d568,Е. С. Соболева,todo,,https://openalex.org/A5036741164,,,display_name; Е. С. Соболева; 1; 0.0
openalex_identity,1170,analytics_output/openalex_author_candidates.csv,193,PERS_6441d568,Е. С. Соболева,todo,,https://openalex.org/A5039656753,,,display_name; Е. С. Соболева; 2; 0.0
openalex_identity,1170,analytics_output/openalex_author_candidates.csv,194,PERS_6441d568,Е. С. Соболева,todo,,https://openalex.org/A5009178388,,,display_name; Е. С. Соболева; 1; 0.0
openalex_identity,1170,analytics_output/openalex_author_candidates.csv,195,PERS_6441d568,Е. С. Соболева,todo,,https://openalex.org/A5065156544,,,display_name; Е. С. Соболева; 1; 0.0
openalex_identity,1170,analytics_output/openalex_author_candidates.csv,196,PERS_6441d568,Е. С. Соболева,todo,,https://openalex.org/A5029993392,,,display_name; Е. С. Соболева; 2; 0.0
openalex_identity,1170,analytics_output/openalex_author_candidates.csv,326,PERS_38c5f03f,Железнова Наталья Анатольевна,todo,,https://openalex.org/A5041468402,,,cyrillic_fullname; Железнова Наталья Анатольевна; 4; 0.2
openalex_identity,1170,analytics_output/openalex_author_candidates.csv,431,PERS_36c30cf9,Загорулько Андрей Владиславович,todo,,https://openalex.org/A5049669375,,,cyrillic_fullname; Загорулько Андрей Владиславович; 10; 0.2
openalex_identity,1170,analytics_output/openalex_author_candidates.csv,436,PERS_a4c4c35e,И. В. Калинина,todo,,https://openalex.org/A5102432829,,,display_name; И. В. Калинина; 4; 0.2
openalex_identity,1170,analytics_output/openalex_author_candidates.csv,359,PERS_168a3a8b,И. С. Усенко,todo,,https://openalex.org/A5134916983,,,display_name; И. С. Усенко; 21; 0.2
openalex_identity,1170,analytics_output/openalex_author_candidates.csv,438,PERS_c582889e,Иткин Илья Борисович,todo,,https://openalex.org/A5030391072,,,cyrillic_fullname; Иткин Илья Борисович; 22; 0.2
openalex_identity,1170,analytics_output/openalex_author_candidates.csv,443,PERS_d6ade703,Кожевникова Маргарита Николаевна,todo,,https://openalex.org/A5070157223,,,cyrillic_fullname; Кожевникова Маргарита Николаевна; 13; 0.2
openalex_identity,1170,analytics_output/openalex_author_candidates.csv,392,PERS_3fd690ee,Комиссарук Екатерина Львовна,todo,,https://openalex.org/A5011774866,,,cyrillic_fullname; Комиссарук Екатерина Львовна; 2; 0.0
openalex_identity,1170,analytics_output/openalex_author_candidates.csv,185,PERS_cb52ebc2,Лемешкина Ксения Вячеславовна,todo,,https://openalex.org/A5122639692,,,cyrillic_fullname; Лемешкина Ксения Вячеславовна; 1; 0.0
openalex_identity,1170,analytics_output/openalex_author_candidates.csv,186,PERS_cb52ebc2,Лемешкина Ксения Вячеславовна,todo,,https://openalex.org/A5121939102,,,cyrillic_fullname; Лемешкина Ксения Вячеславовна; 1; 0.0
openalex_identity,1170,analytics_output/openalex_author_candidates.csv,449,PERS_57082cac,М. А. Овчинникова,todo,,https://openalex.org/A5114554501,,,display_name; М. А. Овчинникова; 3; 0.2
openalex_identity,1170,analytics_output/openalex_author_candidates.csv,450,PERS_57082cac,М. А. Овчинникова,todo,,https://openalex.org/A5121146512,,,display_name; М. А. Овчинникова; 9; 0.2
openalex_identity,1170,analytics_output/openalex_author_candidates.csv,314,PERS_34c0d384,М. Б. Павлова,todo,,https://openalex.org/A5134373992,,,display_name; М. Б. Павлова; 1982; 0.2
openalex_identity,1170,analytics_output/openalex_author_candidates.csv,455,PERS_ba537782,М. И. Петрова,todo,,https://openalex.org/A5072658616,,,display_name; М. И. Петрова; 6; 0.2
openalex_identity,1170,analytics_output/openalex_author_candidates.csv,458,PERS_ba537782,М. И. Петрова,todo,,https://openalex.org/A5130169467,,,display_name; М. И. Петрова; 6; 0.2
openalex_identity,1170,analytics_output/openalex_author_candidates.csv,459,PERS_ba537782,М. И. Петрова,todo,,https://openalex.org/A5133496313,,,display_name; М. И. Петрова; 4; 0.2
openalex_identity,1170,analytics_output/openalex_author_candidates.csv,188,PERS_01aafd44,Н. А. Сафина,todo,,https://openalex.org/A5043705083,,,display_name; Н. А. Сафина; 1; 0.0
openalex_identity,1170,analytics_output/openalex_author_candidates.csv,189,PERS_01aafd44,Н. А. Сафина,todo,,https://openalex.org/A5014482026,,,display_name; Н. А. Сафина; 2; 0.0
openalex_identity,1170,analytics_output/openalex_author_candidates.csv,190,PERS_01aafd44,Н. А. Сафина,todo,,https://openalex.org/A5085566108,,,display_name; Н. А. Сафина; 1; 0.0
openalex_identity,1170,analytics_output/openalex_author_candidates.csv,191,PERS_01aafd44,Н. А. Сафина,todo,,https://openalex.org/A5121713624,,,display_name; Н. А. Сафина; 1; 0.0
openalex_identity,1170,analytics_output/openalex_author_candidates.csv,470,PERS_9ddf9210,Нестеркин Сергей Петрович,todo,,https://openalex.org/A5017027316,,,cyrillic_fullname; Нестеркин Сергей Петрович; 3; 0.2
openalex_identity,1170,analytics_output/openalex_author_candidates.csv,476,PERS_72d46eb6,С. С. Чистяков,todo,,https://openalex.org/A5074824281,,,display_name; С. С. Чистяков; 8; 0.2
openalex_identity,1170,analytics_output/openalex_author_candidates.csv,477,PERS_72d46eb6,С. С. Чистяков,todo,,https://openalex.org/A5024030747,,,display_name; С. С. Чистяков; 3; 0.2
openalex_identity,1170,analytics_output/openalex_author_candidates.csv,344,PERS_1130c736,Серебряный Сергей Дмитриевич,todo,,https://openalex.org/A5002979439,,,cyrillic_fullname; Серебряный Сергей Дмитриевич; 3; 0.2
openalex_identity,1170,analytics_output/openalex_author_candidates.csv,484,PERS_bdaaf440,Слинько Елена Викторовна,todo,,https://openalex.org/A5012753738,,,cyrillic_fullname; Слинько Елена Викторовна; 4; 0.2
openalex_identity,1170,analytics_output/openalex_author_candidates.csv,393,PERS_42da4866,Стукалин Глеб Дмитриевич,todo,,https://openalex.org/A5069270969,,,cyrillic_fullname; Стукалин Глеб Дмитриевич; 1; 0.0
openalex_identity,1170,analytics_output/openalex_author_candidates.csv,396,PERS_b2c121e9,Успенская Елена Николаевна,todo,,https://openalex.org/A5079115072,,,cyrillic_fullname; Успенская Елена Николаевна; 1; 0.0
openalex_identity,1170,analytics_output/openalex_author_candidates.csv,495,PERS_00c3b0cc,Щербак Мария Борисовна,todo,,https://openalex.org/A5005555838,,,cyrillic_fullname; Щербак Мария Борисовна; 3; 0.2
wikipedia_identity,1170,analytics_output/wikipedia_authority_candidates.csv,664,PERS_3fd690ee,Комиссарук Екатерина Львовна,todo,no_hit,,,,0
wikipedia_identity,1170,analytics_output/wikipedia_authority_candidates.csv,665,PERS_35a30342,Негреев Иван Олегович,todo,no_hit,,,,0
wikipedia_identity,1170,analytics_output/wikipedia_authority_candidates.csv,666,PERS_310b2911,Толчельников Иван Евгеньевич,todo,no_hit,,,,0
wikipedia_identity,1170,analytics_output/wikipedia_authority_candidates.csv,667,PERS_6ae5c779,Фивейская Анастасия Васильевна,todo,no_hit,,,,0
openalex_identity,1180,analytics_output/openalex_author_candidates.csv,334,PERS_26ce5ec1,Б. Нина,todo,,https://openalex.org/A5135895540,,,display_name; Б. Нина; 1; 0.1
openalex_identity,1180,analytics_output/openalex_author_candidates.csv,335,PERS_26ce5ec1,Б. Нина,todo,,https://openalex.org/A5070400851,,,display_name; Б. Нина; 2; 0.1
openalex_identity,1180,analytics_output/openalex_author_candidates.csv,399,PERS_96b8b195,Боголюбов Михаил Николаевич,todo,,https://openalex.org/A5087246343,,,cyrillic_fullname; Боголюбов Михаил Николаевич; 1; 0.0
openalex_identity,1180,analytics_output/openalex_author_candidates.csv,203,PERS_37d557c2,Д. Д. Анисимова,todo,,https://openalex.org/A5130903657,,,display_name; Д. Д. Анисимова; 1; 0.0
openalex_identity,1180,analytics_output/openalex_author_candidates.csv,204,PERS_37d557c2,Д. Д. Анисимова,todo,,https://openalex.org/A5080776497,,,display_name; Д. Д. Анисимова; 1; 0.0
openalex_identity,1180,analytics_output/openalex_author_candidates.csv,205,PERS_37d557c2,Д. Д. Анисимова,todo,,https://openalex.org/A5090944528,,,display_name; Д. Д. Анисимова; 1; 0.0
openalex_identity,1180,analytics_output/openalex_author_candidates.csv,206,PERS_37d557c2,Д. Д. Анисимова,todo,,https://openalex.org/A5001721698,,,display_name; Д. Д. Анисимова; 1; 0.0
openalex_identity,1180,analytics_output/openalex_author_candidates.csv,421,PERS_85a048b8,Денисенко Валерия Леонтьевна,todo,,https://openalex.org/A5122923581,,,cyrillic_fullname; Денисенко Валерия Леонтьевна; 2; 0.1
openalex_identity,1180,analytics_output/openalex_author_candidates.csv,429,PERS_5d38cbae,Е. Н. Аникеева,todo,,https://openalex.org/A5022028440,,,display_name; Е. Н. Аникеева; 2; 0.1
openalex_identity,1180,analytics_output/openalex_author_candidates.csv,198,PERS_cdbd7a15,Кулланда Сергей Всеволодович,todo,,https://openalex.org/A5010739527,,,cyrillic_fullname; Кулланда Сергей Всеволодович; 2; 0.0
openalex_identity,1180,analytics_output/openalex_author_candidates.csv,199,PERS_cdbd7a15,Кулланда Сергей Всеволодович,todo,,https://openalex.org/A5071101656,,,cyrillic_fullname; Кулланда Сергей Всеволодович; 1; 0.0
openalex_identity,1180,analytics_output/openalex_author_candidates.csv,217,PERS_587b08ec,Леонов Михаил Васильевич,todo,,https://openalex.org/A5016571769,,,cyrillic_fullname; Леонов Михаил Васильевич; 2; 0.0
openalex_identity,1180,analytics_output/openalex_author_candidates.csv,218,PERS_587b08ec,Леонов Михаил Васильевич,todo,,https://openalex.org/A5122428373,,,cyrillic_fullname; Леонов Михаил Васильевич; 1; 0.0
openalex_identity,1180,analytics_output/openalex_author_candidates.csv,400,PERS_d4c2cc5e,Лучина Татьяна Владимировна,todo,,https://openalex.org/A5002700295,,,cyrillic_fullname; Лучина Татьяна Владимировна; 2; 0.0
openalex_identity,1180,analytics_output/openalex_author_candidates.csv,215,PERS_35c57654,М. А. Егорова,todo,,https://openalex.org/A5089651227,,,display_name; М. А. Егорова; 1; 0.0
openalex_identity,1180,analytics_output/openalex_author_candidates.csv,219,PERS_50c46233,Маретина Ксения Александровна,todo,,https://openalex.org/A5073720961,,,cyrillic_fullname; Маретина Ксения Александровна; 2; 0.0
openalex_identity,1180,analytics_output/openalex_author_candidates.csv,220,PERS_50c46233,Маретина Ксения Александровна,todo,,https://openalex.org/A5125057625,,,cyrillic_fullname; Маретина Ксения Александровна; 1; 0.0
openalex_identity,1180,analytics_output/openalex_author_candidates.csv,221,PERS_50c46233,Маретина Ксения Александровна,todo,,https://openalex.org/A5122814149,,,cyrillic_fullname; Маретина Ксения Александровна; 1; 0.0
openalex_identity,1180,analytics_output/openalex_author_candidates.csv,402,PERS_2e00cb36,Меренкова Ольга Николаевна,todo,,https://openalex.org/A5121424410,,,cyrillic_fullname; Меренкова Ольга Николаевна; 1; 0.0
openalex_identity,1180,analytics_output/openalex_author_candidates.csv,222,PERS_b76851a7,Митруев Бембя Леонидович,todo,,https://openalex.org/A5052631429,,,cyrillic_fullname; Митруев Бембя Леонидович; 1; 0.0
openalex_identity,1180,analytics_output/openalex_author_candidates.csv,210,PERS_cca8f93d,Немчинов Виктор Михайлович,todo,,https://openalex.org/A5002277682,,,cyrillic_fullname; Немчинов Виктор Михайлович; 1; 0.0
openalex_identity,1180,analytics_output/openalex_author_candidates.csv,403,PERS_7700f517,Парамонов Денис Олегович,todo,,https://openalex.org/A5011207114,,,cyrillic_fullname; Парамонов Денис Олегович; 1; 0.0
openalex_identity,1180,analytics_output/openalex_author_candidates.csv,404,PERS_7700f517,Парамонов Денис Олегович,todo,,https://openalex.org/A5081393244,,,cyrillic_fullname; Парамонов Денис Олегович; 1; 0.0
openalex_identity,1180,analytics_output/openalex_author_candidates.csv,336,PERS_4ebb20aa,С. В. Кардинская,todo,,https://openalex.org/A5028629640,,,display_name; С. В. Кардинская; 1; 0.1
openalex_identity,1180,analytics_output/openalex_author_candidates.csv,478,PERS_72d46eb6,С. С. Чистяков,todo,,https://openalex.org/A5018299953,,,display_name; С. С. Чистяков; 2; 0.1
openalex_identity,1180,analytics_output/openalex_author_candidates.csv,209,PERS_0a2e5f24,Тишин Владимир Владимирович,todo,,https://openalex.org/A5098573265,,,cyrillic_fullname; Тишин Владимир Владимирович; 1; 0.0
openalex_identity,1180,analytics_output/openalex_author_candidates.csv,229,PERS_6ae5c779,Фивейская Анастасия Васильевна,todo,,https://openalex.org/A5128129983,,,cyrillic_fullname; Фивейская Анастасия Васильевна; 1; 0.0
wikipedia_identity,1180,analytics_output/wikipedia_authority_candidates.csv,668,PERS_18fcab2a,Блиндерман Радха Тимуровна,todo,no_hit,,,,0
wikipedia_identity,1180,analytics_output/wikipedia_authority_candidates.csv,669,PERS_a1484b38,Кавалевская Анна Петровна,todo,no_hit,,,,0
wikipedia_identity,1180,analytics_output/wikipedia_authority_candidates.csv,670,PERS_8df81b6d,Лужинская Полина Александровна,todo,no_hit,,,,0
wikipedia_identity,1180,analytics_output/wikipedia_authority_candidates.csv,671,PERS_52d3f72c,Мейтарчиян Маргарита Борисовна,todo,no_hit,,,,0
wikipedia_identity,1180,analytics_output/wikipedia_authority_candidates.csv,672,PERS_2b7ca933,Танонова Елена Викторовна,todo,no_hit,,,,0
openalex_identity,1190,analytics_output/openalex_author_candidates.csv,243,PERS_180c5e5c,А. В. Арапов,todo,,https://openalex.org/A5081208633,,,display_name; А. В. Арапов; 1; 0.0
openalex_identity,1190,analytics_output/openalex_author_candidates.csv,244,PERS_180c5e5c,А. В. Арапов,todo,,https://openalex.org/A5053250808,,,display_name; А. В. Арапов; 1; 0.0
openalex_identity,1190,analytics_output/openalex_author_candidates.csv,245,PERS_180c5e5c,А. В. Арапов,todo,,https://openalex.org/A5028729900,,,display_name; А. В. Арапов; 1; 0.0
openalex_identity,1190,analytics_output/openalex_author_candidates.csv,405,PERS_b9a0e40c,А. В. Осокин,todo,,https://openalex.org/A5011864073,,,display_name; А. В. Осокин; 1; 0.0
openalex_identity,1190,analytics_output/openalex_author_candidates.csv,406,PERS_b9a0e40c,А. В. Осокин,todo,,https://openalex.org/A5128816273,,,display_name; А. В. Осокин; 1; 0.0
openalex_identity,1190,analytics_output/openalex_author_candidates.csv,407,PERS_b9a0e40c,А. В. Осокин,todo,,https://openalex.org/A5102340755,,,display_name; А. В. Осокин; 1; 0.0
openalex_identity,1190,analytics_output/openalex_author_candidates.csv,408,PERS_b9a0e40c,А. В. Осокин,todo,,https://openalex.org/A5122998703,,,display_name; А. В. Осокин; 1; 0.0
openalex_identity,1190,analytics_output/openalex_author_candidates.csv,409,PERS_b9a0e40c,А. В. Осокин,todo,,https://openalex.org/A5087016550,,,display_name; А. В. Осокин; 1; 0.0
openalex_identity,1190,analytics_output/openalex_author_candidates.csv,238,PERS_3d22e8d4,А. М. Стрелков,todo,,https://openalex.org/A5025054867,,,display_name; А. М. Стрелков; 1; 0.0
openalex_identity,1190,analytics_output/openalex_author_candidates.csv,239,PERS_3d22e8d4,А. М. Стрелков,todo,,https://openalex.org/A5055817342,,,display_name; А. М. Стрелков; 1; 0.0
openalex_identity,1190,analytics_output/openalex_author_candidates.csv,240,PERS_3d22e8d4,А. М. Стрелков,todo,,https://openalex.org/A5009159925,,,display_name; А. М. Стрелков; 1; 0.0
openalex_identity,1190,analytics_output/openalex_author_candidates.csv,241,PERS_3d22e8d4,А. М. Стрелков,todo,,https://openalex.org/A5055494235,,,display_name; А. М. Стрелков; 2; 0.0
openalex_identity,1190,analytics_output/openalex_author_candidates.csv,242,PERS_3d22e8d4,А. М. Стрелков,todo,,https://openalex.org/A5085646174,,,display_name; А. М. Стрелков; 2; 0.0
openalex_identity,1190,analytics_output/openalex_author_candidates.csv,275,PERS_c2ffc606,А. О. Драчук,todo,,https://openalex.org/A5098553763,,,display_name; А. О. Драчук; 1; 0.0
openalex_identity,1190,analytics_output/openalex_author_candidates.csv,276,PERS_c2ffc606,А. О. Драчук,todo,,https://openalex.org/A5009141697,,,display_name; А. О. Драчук; 2; 0.0
openalex_identity,1190,analytics_output/openalex_author_candidates.csv,277,PERS_c2ffc606,А. О. Драчук,todo,,https://openalex.org/A5068861466,,,display_name; А. О. Драчук; 1; 0.0
openalex_identity,1190,analytics_output/openalex_author_candidates.csv,278,PERS_c2ffc606,А. О. Драчук,todo,,https://openalex.org/A5042845583,,,display_name; А. О. Драчук; 2; 0.0
openalex_identity,1190,analytics_output/openalex_author_candidates.csv,291,PERS_5331196d,А. П. Ковалевская,todo,,https://openalex.org/A5132844952,,,display_name; А. П. Ковалевская; 1; 0.0
openalex_identity,1190,analytics_output/openalex_author_candidates.csv,292,PERS_5331196d,А. П. Ковалевская,todo,,https://openalex.org/A5077940750,,,display_name; А. П. Ковалевская; 1; 0.0
openalex_identity,1190,analytics_output/openalex_author_candidates.csv,411,PERS_3d4df70f,Акимушкина Екатерина Олеговна,todo,,https://openalex.org/A5028359416,,,cyrillic_fullname; Акимушкина Екатерина Олеговна; 1; 0.0
openalex_identity,1190,analytics_output/openalex_author_candidates.csv,333,PERS_26ce5ec1,Б. Нина,todo,,https://openalex.org/A5066464698,,,display_name; Б. Нина; 1; 0.0
openalex_identity,1190,analytics_output/openalex_author_candidates.csv,412,PERS_4a0de87e,Белимова Влада Сергеевна,todo,,https://openalex.org/A5038849855,,,cyrillic_fullname; Белимова Влада Сергеевна; 2; 0.0
openalex_identity,1190,analytics_output/openalex_author_candidates.csv,413,PERS_88e5311f,Босхомджиев Мерген Владимирович,todo,,https://openalex.org/A5026776516,,,cyrillic_fullname; Босхомджиев Мерген Владимирович; 1; 0.0
openalex_identity,1190,analytics_output/openalex_author_candidates.csv,414,PERS_88e5311f,Босхомджиев Мерген Владимирович,todo,,https://openalex.org/A5028828402,,,cyrillic_fullname; Босхомджиев Мерген Владимирович; 2; 0.0
openalex_identity,1190,analytics_output/openalex_author_candidates.csv,271,PERS_5f6689e8,В. А. Дмитриева,todo,,https://openalex.org/A5097619620,,,display_name; В. А. Дмитриева; 1; 0.0
openalex_identity,1190,analytics_output/openalex_author_candidates.csv,272,PERS_5f6689e8,В. А. Дмитриева,todo,,https://openalex.org/A5015631831,,,display_name; В. А. Дмитриева; 1; 0.0
openalex_identity,1190,analytics_output/openalex_author_candidates.csv,273,PERS_5f6689e8,В. А. Дмитриева,todo,,https://openalex.org/A5022298696,,,display_name; В. А. Дмитриева; 2; 0.0
openalex_identity,1190,analytics_output/openalex_author_candidates.csv,296,PERS_e96139bd,В. Б. Коробов,todo,,https://openalex.org/A5088571024,,,display_name; В. Б. Коробов; 1; 0.0
openalex_identity,1190,analytics_output/openalex_author_candidates.csv,297,PERS_e96139bd,В. Б. Коробов,todo,,https://openalex.org/A5063416511,,,display_name; В. Б. Коробов; 1; 0.0
openalex_identity,1190,analytics_output/openalex_author_candidates.csv,298,PERS_e96139bd,В. Б. Коробов,todo,,https://openalex.org/A5004993091,,,display_name; В. Б. Коробов; 1; 0.0
openalex_identity,1190,analytics_output/openalex_author_candidates.csv,257,PERS_ee3448c3,В. В. Деменова,todo,,https://openalex.org/A5129818456,,,display_name; В. В. Деменова; 1; 0.0
openalex_identity,1190,analytics_output/openalex_author_candidates.csv,258,PERS_ee3448c3,В. В. Деменова,todo,,https://openalex.org/A5128415860,,,display_name; В. В. Деменова; 2; 0.0
openalex_identity,1190,analytics_output/openalex_author_candidates.csv,259,PERS_ee3448c3,В. В. Деменова,todo,,https://openalex.org/A5031371090,,,display_name; В. В. Деменова; 2; 0.0
openalex_identity,1190,analytics_output/openalex_author_candidates.csv,415,PERS_325e94f3,В. В. Котин,todo,,https://openalex.org/A5025111779,,,display_name; В. В. Котин; 1; 0.0
openalex_identity,1190,analytics_output/openalex_author_candidates.csv,416,PERS_325e94f3,В. В. Котин,todo,,https://openalex.org/A5023428845,,,display_name; В. В. Котин; 1; 0.0
openalex_identity,1190,analytics_output/openalex_author_candidates.csv,256,PERS_9bf51055,В. М. Шелкович,todo,,https://openalex.org/A5011817684,,,display_name; В. М. Шелкович; 1; 0.0
openalex_identity,1190,analytics_output/openalex_author_candidates.csv,253,PERS_61de659d,В. Н. Белов,todo,,https://openalex.org/A5112148102,,,display_name; В. Н. Белов; 2; 0.0
openalex_identity,1190,analytics_output/openalex_author_candidates.csv,254,PERS_61de659d,В. Н. Белов,todo,,https://openalex.org/A5012597644,,,display_name; В. Н. Белов; 2; 0.0
openalex_identity,1190,analytics_output/openalex_author_candidates.csv,255,PERS_61de659d,В. Н. Белов,todo,,https://openalex.org/A5086850980,,,display_name; В. Н. Белов; 2; 0.0
openalex_identity,1190,analytics_output/openalex_author_candidates.csv,420,PERS_940c556e,Д. А. Шереметьев,todo,,https://openalex.org/A5031618382,,,display_name; Д. А. Шереметьев; 1; 0.0
openalex_identity,1190,analytics_output/openalex_author_candidates.csv,260,PERS_e4aab278,Д. В. Возчиков,todo,,https://openalex.org/A5129848639,,,display_name; Д. В. Возчиков; 1; 0.0
openalex_identity,1190,analytics_output/openalex_author_candidates.csv,261,PERS_e4aab278,Д. В. Возчиков,todo,,https://openalex.org/A5021693723,,,display_name; Д. В. Возчиков; 1; 0.0
openalex_identity,1190,analytics_output/openalex_author_candidates.csv,262,PERS_e4aab278,Д. В. Возчиков,todo,,https://openalex.org/A5004369969,,,display_name; Д. В. Возчиков; 2; 0.0
openalex_identity,1190,analytics_output/openalex_author_candidates.csv,263,PERS_142b5c2b,Д. Н. Парамонов,todo,,https://openalex.org/A5130050001,,,display_name; Д. Н. Парамонов; 2; 0.0
openalex_identity,1190,analytics_output/openalex_author_candidates.csv,264,PERS_142b5c2b,Д. Н. Парамонов,todo,,https://openalex.org/A5128535432,,,display_name; Д. Н. Парамонов; 1; 0.0
openalex_identity,1190,analytics_output/openalex_author_candidates.csv,265,PERS_142b5c2b,Д. Н. Парамонов,todo,,https://openalex.org/A5005675499,,,display_name; Д. Н. Парамонов; 2; 0.0
openalex_identity,1190,analytics_output/openalex_author_candidates.csv,266,PERS_e30ad8b7,Д. С. Гавриков,todo,,https://openalex.org/A5055066261,,,display_name; Д. С. Гавриков; 1; 0.0
openalex_identity,1190,analytics_output/openalex_author_candidates.csv,267,PERS_e30ad8b7,Д. С. Гавриков,todo,,https://openalex.org/A5023867499,,,display_name; Д. С. Гавриков; 1; 0.0
openalex_identity,1190,analytics_output/openalex_author_candidates.csv,425,PERS_4831e64b,Е. Анохина,todo,,https://openalex.org/A5036788107,,,display_name; Е. Анохина; 1; 0.0
openalex_identity,1190,analytics_output/openalex_author_candidates.csv,426,PERS_4831e64b,Е. Анохина,todo,,https://openalex.org/A5043313621,,,display_name; Е. Анохина; 1; 0.0
openalex_identity,1190,analytics_output/openalex_author_candidates.csv,289,PERS_94f33410,Е. Г. Застрожнова,todo,,https://openalex.org/A5133352100,,,display_name; Е. Г. Застрожнова; 1; 0.0
openalex_identity,1190,analytics_output/openalex_author_candidates.csv,286,PERS_2095dc59,Е. Г. Шалахов,todo,,https://openalex.org/A5064633346,,,display_name; Е. Г. Шалахов; 1; 0.0
openalex_identity,1190,analytics_output/openalex_author_candidates.csv,287,PERS_2095dc59,Е. Г. Шалахов,todo,,https://openalex.org/A5115992850,,,display_name; Е. Г. Шалахов; 1; 0.0
openalex_identity,1190,analytics_output/openalex_author_candidates.csv,427,PERS_04a4bbbb,Е. И. Малоземова,todo,,https://openalex.org/A5087502329,,,display_name; Е. И. Малоземова; 1; 0.0
openalex_identity,1190,analytics_output/openalex_author_candidates.csv,428,PERS_5d38cbae,Е. Н. Аникеева,todo,,https://openalex.org/A5056003160,,,display_name; Е. Н. Аникеева; 1; 0.0
openalex_identity,1190,analytics_output/openalex_author_candidates.csv,430,PERS_5d38cbae,Е. Н. Аникеева,todo,,https://openalex.org/A5079865469,,,display_name; Е. Н. Аникеева; 2; 0.0
openalex_identity,1190,analytics_output/openalex_author_candidates.csv,288,PERS_ecdfe667,Е. О. Новосёлова,todo,,https://openalex.org/A5080397316,,,display_name; Е. О. Новосёлова; 1; 0.0
openalex_identity,1190,analytics_output/openalex_author_candidates.csv,280,PERS_6f89f9c1,Е. Р. Крючкова,todo,,https://openalex.org/A5121415948,,,display_name; Е. Р. Крючкова; 1; 0.0
openalex_identity,1190,analytics_output/openalex_author_candidates.csv,327,PERS_38c5f03f,Железнова Наталья Анатольевна,todo,,https://openalex.org/A5126443446,,,cyrillic_fullname; Железнова Наталья Анатольевна; 1; 0.0
openalex_identity,1190,analytics_output/openalex_author_candidates.csv,432,PERS_36c30cf9,Загорулько Андрей Владиславович,todo,,https://openalex.org/A5063260569,,,cyrillic_fullname; Загорулько Андрей Владиславович; 1; 0.0
openalex_identity,1190,analytics_output/openalex_author_candidates.csv,350,PERS_58e18506,И. А. Соколова,todo,,https://openalex.org/A5121142273,,,display_name; И. А. Соколова; 1; 0.0
openalex_identity,1190,analytics_output/openalex_author_candidates.csv,435,PERS_a4c4c35e,И. В. Калинина,todo,,https://openalex.org/A5026321065,,,display_name; И. В. Калинина; 2; 0.0
openalex_identity,1190,analytics_output/openalex_author_candidates.csv,437,PERS_a4c4c35e,И. В. Калинина,todo,,https://openalex.org/A5037243840,,,display_name; И. В. Калинина; 1; 0.0
openalex_identity,1190,analytics_output/openalex_author_candidates.csv,307,PERS_29607432,И. Е. Лапшин,todo,,https://openalex.org/A5121203281,,,display_name; И. Е. Лапшин; 2; 0.0
openalex_identity,1190,analytics_output/openalex_author_candidates.csv,320,PERS_68e9019d,И. И. Малютин,todo,,https://openalex.org/A5128580551,,,display_name; И. И. Малютин; 1; 0.0
openalex_identity,1190,analytics_output/openalex_author_candidates.csv,321,PERS_68e9019d,И. И. Малютин,todo,,https://openalex.org/A5122302403,,,display_name; И. И. Малютин; 1; 0.0
openalex_identity,1190,analytics_output/openalex_author_candidates.csv,322,PERS_68e9019d,И. И. Малютин,todo,,https://openalex.org/A5023955309,,,display_name; И. И. Малютин; 1; 0.0
openalex_identity,1190,analytics_output/openalex_author_candidates.csv,323,PERS_68e9019d,И. И. Малютин,todo,,https://openalex.org/A5091168691,,,display_name; И. И. Малютин; 1; 0.0
openalex_identity,1190,analytics_output/openalex_author_candidates.csv,324,PERS_68e9019d,И. И. Малютин,todo,,https://openalex.org/A5009926492,,,display_name; И. И. Малютин; 1; 0.0
openalex_identity,1190,analytics_output/openalex_author_candidates.csv,357,PERS_168a3a8b,И. С. Усенко,todo,,https://openalex.org/A5135389882,,,display_name; И. С. Усенко; 1; 0.0
openalex_identity,1190,analytics_output/openalex_author_candidates.csv,358,PERS_168a3a8b,И. С. Усенко,todo,,https://openalex.org/A5133802989,,,display_name; И. С. Усенко; 1; 0.0
openalex_identity,1190,analytics_output/openalex_author_candidates.csv,360,PERS_168a3a8b,И. С. Усенко,todo,,https://openalex.org/A5037951919,,,display_name; И. С. Усенко; 1; 0.0
openalex_identity,1190,analytics_output/openalex_author_candidates.csv,361,PERS_168a3a8b,И. С. Усенко,todo,,https://openalex.org/A5024339704,,,display_name; И. С. Усенко; 1; 0.0
openalex_identity,1190,analytics_output/openalex_author_candidates.csv,439,PERS_045c435e,К. Джункова,todo,,https://openalex.org/A5114490687,,,display_name; К. Джункова; 1; 0.0
openalex_identity,1190,analytics_output/openalex_author_candidates.csv,440,PERS_92f41884,Касым Софья Васильевна,todo,,https://openalex.org/A5040586117,,,cyrillic_fullname; Касым Софья Васильевна; 2; 0.0
openalex_identity,1190,analytics_output/openalex_author_candidates.csv,290,PERS_467d4dbb,Клебанов Андрей Александрович,todo,,https://openalex.org/A5036055236,,,cyrillic_fullname; Клебанов Андрей Александрович; 2; 0.0
openalex_identity,1190,analytics_output/openalex_author_candidates.csv,444,PERS_bd77e495,Корнеев Геннадий Батыревич,todo,,https://openalex.org/A5070822540,,,cyrillic_fullname; Корнеев Геннадий Батыревич; 2; 0.0
openalex_identity,1190,analytics_output/openalex_author_candidates.csv,304,PERS_40f75cf9,Л. Г. Роман,todo,,https://openalex.org/A5086808019,,,display_name; Л. Г. Роман; 1; 0.0
openalex_identity,1190,analytics_output/openalex_author_candidates.csv,305,PERS_40f75cf9,Л. Г. Роман,todo,,https://openalex.org/A5052665997,,,display_name; Л. Г. Роман; 1; 0.0
openalex_identity,1190,analytics_output/openalex_author_candidates.csv,306,PERS_40f75cf9,Л. Г. Роман,todo,,https://openalex.org/A5101026034,,,display_name; Л. Г. Роман; 1; 0.0
openalex_identity,1190,analytics_output/openalex_author_candidates.csv,300,PERS_9366fe2c,Л. Э. Крыштоп,todo,,https://openalex.org/A5113792615,,,display_name; Л. Э. Крыштоп; 1; 0.0
openalex_identity,1190,analytics_output/openalex_author_candidates.csv,301,PERS_9366fe2c,Л. Э. Крыштоп,todo,,https://openalex.org/A5098152065,,,display_name; Л. Э. Крыштоп; 1; 0.0
openalex_identity,1190,analytics_output/openalex_author_candidates.csv,302,PERS_9366fe2c,Л. Э. Крыштоп,todo,,https://openalex.org/A5098605811,,,display_name; Л. Э. Крыштоп; 1; 0.0
openalex_identity,1190,analytics_output/openalex_author_candidates.csv,303,PERS_9366fe2c,Л. Э. Крыштоп,todo,,https://openalex.org/A5043725212,,,display_name; Л. Э. Крыштоп; 1; 0.0
openalex_identity,1190,analytics_output/openalex_author_candidates.csv,445,PERS_ebc1c3c2,Лундышева Ольга Владимировна,todo,,https://openalex.org/A5037190762,,,cyrillic_fullname; Лундышева Ольга Владимировна; 1; 0.0
openalex_identity,1190,analytics_output/openalex_author_candidates.csv,448,PERS_57082cac,М. А. Овчинникова,todo,,https://openalex.org/A5121876518,,,display_name; М. А. Овчинникова; 1; 0.0
openalex_identity,1190,analytics_output/openalex_author_candidates.csv,311,PERS_47ad46f1,М. А. Родионов,todo,,https://openalex.org/A5121601111,,,display_name; М. А. Родионов; 1; 0.0
openalex_identity,1190,analytics_output/openalex_author_candidates.csv,312,PERS_47ad46f1,М. А. Родионов,todo,,https://openalex.org/A5069078170,,,display_name; М. А. Родионов; 1; 0.0
openalex_identity,1190,analytics_output/openalex_author_candidates.csv,313,PERS_34c0d384,М. Б. Павлова,todo,,https://openalex.org/A5042998418,,,display_name; М. Б. Павлова; 2; 0.0
openalex_identity,1190,analytics_output/openalex_author_candidates.csv,453,PERS_d851ac20,М. В. Вершинина,todo,,https://openalex.org/A5015567244,,,display_name; М. В. Вершинина; 2; 0.0
openalex_identity,1190,analytics_output/openalex_author_candidates.csv,454,PERS_d851ac20,М. В. Вершинина,todo,,https://openalex.org/A5018528440,,,display_name; М. В. Вершинина; 1; 0.0
openalex_identity,1190,analytics_output/openalex_author_candidates.csv,456,PERS_ba537782,М. И. Петрова,todo,,https://openalex.org/A5102358298,,,display_name; М. И. Петрова; 1; 0.0
openalex_identity,1190,analytics_output/openalex_author_candidates.csv,457,PERS_ba537782,М. И. Петрова,todo,,https://openalex.org/A5066219333,,,display_name; М. И. Петрова; 1; 0.0
openalex_identity,1190,analytics_output/openalex_author_candidates.csv,460,PERS_0900c3c4,М. М. Фиалко,todo,,https://openalex.org/A5061978065,,,display_name; М. М. Фиалко; 1; 0.0
openalex_identity,1190,analytics_output/openalex_author_candidates.csv,461,PERS_0900c3c4,М. М. Фиалко,todo,,https://openalex.org/A5027780264,,,display_name; М. М. Фиалко; 1; 0.0
openalex_identity,1190,analytics_output/openalex_author_candidates.csv,462,PERS_0900c3c4,М. М. Фиалко,todo,,https://openalex.org/A5066753457,,,display_name; М. М. Фиалко; 1; 0.0
openalex_identity,1190,analytics_output/openalex_author_candidates.csv,463,PERS_0900c3c4,М. М. Фиалко,todo,,https://openalex.org/A5026252692,,,display_name; М. М. Фиалко; 1; 0.0
openalex_identity,1190,analytics_output/openalex_author_candidates.csv,464,PERS_e1d622e5,Мажитов Саттар Фазылович,todo,,https://openalex.org/A5078894194,,,cyrillic_fullname; Мажитов Саттар Фазылович; 1; 0.0
openalex_identity,1190,analytics_output/openalex_author_candidates.csv,466,PERS_fa58484d,Н. А. Александрова,todo,,https://openalex.org/A5084349485,,,display_name; Н. А. Александрова; 2; 0.0
openalex_identity,1190,analytics_output/openalex_author_candidates.csv,468,PERS_fa58484d,Н. А. Александрова,todo,,https://openalex.org/A5128563755,,,display_name; Н. А. Александрова; 1; 0.0
openalex_identity,1190,analytics_output/openalex_author_candidates.csv,469,PERS_fa58484d,Н. А. Александрова,todo,,https://openalex.org/A5108649682,,,display_name; Н. А. Александрова; 1; 0.0
openalex_identity,1190,analytics_output/openalex_author_candidates.csv,337,PERS_f82b6a8e,Н. В. Сенина,todo,,https://openalex.org/A5020137882,,,display_name; Н. В. Сенина; 1; 0.0
openalex_identity,1190,analytics_output/openalex_author_candidates.csv,338,PERS_f82b6a8e,Н. В. Сенина,todo,,https://openalex.org/A5019318204,,,display_name; Н. В. Сенина; 2; 0.0
openalex_identity,1190,analytics_output/openalex_author_candidates.csv,328,PERS_a8983673,Н. Л. Вигель,todo,,https://openalex.org/A5121941463,,,display_name; Н. Л. Вигель; 1; 0.0
openalex_identity,1190,analytics_output/openalex_author_candidates.csv,329,PERS_a8983673,Н. Л. Вигель,todo,,https://openalex.org/A5077554031,,,display_name; Н. Л. Вигель; 1; 0.0
openalex_identity,1190,analytics_output/openalex_author_candidates.csv,330,PERS_a8983673,Н. Л. Вигель,todo,,https://openalex.org/A5065191126,,,display_name; Н. Л. Вигель; 1; 0.0
openalex_identity,1190,analytics_output/openalex_author_candidates.csv,363,PERS_a638a4b3,Н. Л. Федорова,todo,,https://openalex.org/A5031838118,,,display_name; Н. Л. Федорова; 1; 0.0
openalex_identity,1190,analytics_output/openalex_author_candidates.csv,364,PERS_a638a4b3,Н. Л. Федорова,todo,,https://openalex.org/A5121609971,,,display_name; Н. Л. Федорова; 1; 0.0
openalex_identity,1190,analytics_output/openalex_author_candidates.csv,365,PERS_a638a4b3,Н. Л. Федорова,todo,,https://openalex.org/A5122309249,,,display_name; Н. Л. Федорова; 1; 0.0
openalex_identity,1190,analytics_output/openalex_author_candidates.csv,366,PERS_a638a4b3,Н. Л. Федорова,todo,,https://openalex.org/A5068784631,,,display_name; Н. Л. Федорова; 1; 0.0
openalex_identity,1190,analytics_output/openalex_author_candidates.csv,471,PERS_9ddf9210,Нестеркин Сергей Петрович,todo,,https://openalex.org/A5112039343,,,cyrillic_fullname; Нестеркин Сергей Петрович; 2; 0.0
openalex_identity,1190,analytics_output/openalex_author_candidates.csv,472,PERS_9ddf9210,Нестеркин Сергей Петрович,todo,,https://openalex.org/A5114673228,,,cyrillic_fullname; Нестеркин Сергей Петрович; 1; 0.0
openalex_identity,1190,analytics_output/openalex_author_candidates.csv,473,PERS_147ab928,Никольская Ксения Дмитриевна,todo,,https://openalex.org/A5048044092,,,cyrillic_fullname; Никольская Ксения Дмитриевна; 1; 0.0
openalex_identity,1190,analytics_output/openalex_author_candidates.csv,475,PERS_72d46eb6,С. С. Чистяков,todo,,https://openalex.org/A5062553293,,,display_name; С. С. Чистяков; 1; 0.0
openalex_identity,1190,analytics_output/openalex_author_candidates.csv,481,PERS_dd17649f,Светлов Роман Викторович,todo,,https://openalex.org/A5114456962,,,cyrillic_fullname; Светлов Роман Викторович; 1; 0.0
openalex_identity,1190,analytics_output/openalex_author_candidates.csv,482,PERS_dd17649f,Светлов Роман Викторович,todo,,https://openalex.org/A5115003364,,,cyrillic_fullname; Светлов Роман Викторович; 1; 0.0
openalex_identity,1190,analytics_output/openalex_author_candidates.csv,483,PERS_dd17649f,Светлов Роман Викторович,todo,,https://openalex.org/A5107164814,,,cyrillic_fullname; Светлов Роман Викторович; 1; 0.0
openalex_identity,1190,analytics_output/openalex_author_candidates.csv,345,PERS_1130c736,Серебряный Сергей Дмитриевич,todo,,https://openalex.org/A5053527503,,,cyrillic_fullname; Серебряный Сергей Дмитриевич; 1; 0.0
openalex_identity,1190,analytics_output/openalex_author_candidates.csv,486,PERS_bbd15f4f,Степин А. А.,todo,,https://openalex.org/A5021987426,,,cyrillic_fullname; Степин А. А.; 1; 0.0
openalex_identity,1190,analytics_output/openalex_author_candidates.csv,487,PERS_bbd15f4f,Степин А. А.,todo,,https://openalex.org/A5051103187,,,cyrillic_fullname; Степин А. А.; 2; 0.0
openalex_identity,1190,analytics_output/openalex_author_candidates.csv,488,PERS_bbd15f4f,Степин А. А.,todo,,https://openalex.org/A5029765083,,,cyrillic_fullname; Степин А. А.; 1; 0.0
openalex_identity,1190,analytics_output/openalex_author_candidates.csv,489,PERS_bbd15f4f,Степин А. А.,todo,,https://openalex.org/A5022521592,,,cyrillic_fullname; Степин А. А.; 1; 0.0
openalex_identity,1190,analytics_output/openalex_author_candidates.csv,356,PERS_ed83f502,Т. П. Селиванова,todo,,https://openalex.org/A5121214987,,,display_name; Т. П. Селиванова; 1; 0.0
openalex_identity,1190,analytics_output/openalex_author_candidates.csv,353,PERS_5bbfea37,Т. Т. Скороходова,todo,,https://openalex.org/A5100225996,,,display_name; Т. Т. Скороходова; 1; 0.0
openalex_identity,1190,analytics_output/openalex_author_candidates.csv,355,PERS_5bbfea37,Т. Т. Скороходова,todo,,https://openalex.org/A5007203193,,,display_name; Т. Т. Скороходова; 2; 0.0
openalex_identity,1190,analytics_output/openalex_author_candidates.csv,490,PERS_6a165aa7,Хазизова Ксения Владимировна,todo,,https://openalex.org/A5086937556,,,cyrillic_fullname; Хазизова Ксения Владимировна; 1; 0.0
openalex_identity,1190,analytics_output/openalex_author_candidates.csv,491,PERS_f619aeed,Цендина Анна Дамдиновна,todo,,https://openalex.org/A5048281333,,,cyrillic_fullname; Цендина Анна Дамдиновна; 1; 0.0
openalex_identity,1190,analytics_output/openalex_author_candidates.csv,492,PERS_f619aeed,Цендина Анна Дамдиновна,todo,,https://openalex.org/A5126667450,,,cyrillic_fullname; Цендина Анна Дамдиновна; 1; 0.0
openalex_identity,1190,analytics_output/openalex_author_candidates.csv,494,PERS_94aa5d0a,Чернавин Георгий Игоревич,todo,,https://openalex.org/A5127163704,,,cyrillic_fullname; Чернавин Георгий Игоревич; 2; 0.0
openalex_identity,1190,analytics_output/openalex_author_candidates.csv,496,PERS_00c3b0cc,Щербак Мария Борисовна,todo,,https://openalex.org/A5122798614,,,cyrillic_fullname; Щербак Мария Борисовна; 1; 0.0
openalex_identity,1190,analytics_output/openalex_author_candidates.csv,367,PERS_68270eaf,Э. В. Галимова,todo,,https://openalex.org/A5004072479,,,display_name; Э. В. Галимова; 2; 0.0
openalex_identity,1190,analytics_output/openalex_author_candidates.csv,497,PERS_b4cdbfb8,Эрман Владимир Гансович,todo,,https://openalex.org/A5077796074,,,cyrillic_fullname; Эрман Владимир Гансович; 1; 0.0
openalex_identity,1190,analytics_output/openalex_author_candidates.csv,368,PERS_dfaf6803,Я. А. Борисов,todo,,https://openalex.org/A5098020127,,,display_name; Я. А. Борисов; 1; 0.0
wikipedia_identity,1190,analytics_output/wikipedia_authority_candidates.csv,673,PERS_410c5a08,А. Хомиченкене,todo,no_hit,,,,0
wikipedia_identity,1190,analytics_output/wikipedia_authority_candidates.csv,674,PERS_4a0de87e,Белимова Влада Сергеевна,todo,no_hit,,,,0
wikipedia_identity,1190,analytics_output/wikipedia_authority_candidates.csv,675,PERS_d01427ca,Бещук Юлия Владимировна,todo,no_hit,,,,0
wikipedia_identity,1190,analytics_output/wikipedia_authority_candidates.csv,676,PERS_88e5311f,Босхомджиев Мерген Владимирович,todo,no_hit,,,,0
wikipedia_identity,1190,analytics_output/wikipedia_authority_candidates.csv,677,PERS_23f54085,Введенская Эльвира Игоревна,todo,no_hit,,,,0
wikipedia_identity,1190,analytics_output/wikipedia_authority_candidates.csv,678,PERS_a8983673,Вигель Нарине Липаритовна,todo,no_hit,,,,0
wikipedia_identity,1190,analytics_output/wikipedia_authority_candidates.csv,679,PERS_68270eaf,Галимова Эльмира Валитовна,todo,no_hit,,,,0
wikipedia_identity,1190,analytics_output/wikipedia_authority_candidates.csv,680,PERS_cac87738,Гузеватая Наталья Владимировна,todo,no_hit,,,,0
wikipedia_identity,1190,analytics_output/wikipedia_authority_candidates.csv,681,PERS_ee3448c3,Деменова Виктория Владимировна,todo,no_hit,,,,0
wikipedia_identity,1190,analytics_output/wikipedia_authority_candidates.csv,682,PERS_900efc73,Зевацкий Тимофей Юрьевич,todo,no_hit,,,,0
wikipedia_identity,1190,analytics_output/wikipedia_authority_candidates.csv,683,PERS_4ebb20aa,Кардинская Светлана Владленовна,todo,no_hit,,,,0
wikipedia_identity,1190,analytics_output/wikipedia_authority_candidates.csv,684,PERS_fb73fb38,Кешарпу Екатерина Витальевна,todo,no_hit,,,,0
wikipedia_identity,1190,analytics_output/wikipedia_authority_candidates.csv,685,PERS_bd77e495,Корнеев Геннадий Батыревич,todo,no_hit,,,,0
wikipedia_identity,1190,analytics_output/wikipedia_authority_candidates.csv,686,PERS_f5a69b65,Кройцер Светлана Александровна,todo,no_hit,,,,0
wikipedia_identity,1190,analytics_output/wikipedia_authority_candidates.csv,687,PERS_9366fe2c,Крыштоп Людмила Эдуардовна,todo,no_hit,,,,0
wikipedia_identity,1190,analytics_output/wikipedia_authority_candidates.csv,688,PERS_e1d622e5,Мажитов Саттар Фазылович,todo,no_hit,,,,0
wikipedia_identity,1190,analytics_output/wikipedia_authority_candidates.csv,689,PERS_ce100d3f,Мария Шилинскене,todo,no_hit,,,,0
wikipedia_identity,1190,analytics_output/wikipedia_authority_candidates.csv,690,PERS_7d6f456c,Мотылёва Вера Леонидовна,todo,no_hit,,,,0
wikipedia_identity,1190,analytics_output/wikipedia_authority_candidates.csv,691,PERS_b5dd77b1,Мрачковская Арина Витальевна,todo,no_hit,,,,0
wikipedia_identity,1190,analytics_output/wikipedia_authority_candidates.csv,692,PERS_377db63e,Н. А. Седукова,todo,no_hit,,,,0
wikipedia_identity,1190,analytics_output/wikipedia_authority_candidates.csv,693,PERS_26ce5ec1,Нина Будзишевска,todo,no_hit,,,,0
wikipedia_identity,1190,analytics_output/wikipedia_authority_candidates.csv,694,PERS_f3cf67c6,Харджендер Сингх Чаудхари,todo,no_hit,,,,0
wikipedia_identity,1190,analytics_output/wikipedia_authority_candidates.csv,695,PERS_752884a2,Ш. Макмахуна,todo,no_hit,,,,0
wikipedia_identity,1190,analytics_output/wikipedia_authority_candidates.csv,696,PERS_8a8c5d8b,Шелкович Владимир Михайлович,todo,no_hit,,,,0
